{
"type": "FeatureCollection",
"name": "Jaldapara_Compartments",
"crs": { "type": "name", "properties": { "name": "urn:ogc:def:crs:OGC:1.3:CRS84" } },
"features": [
{ "type": "Feature", "properties": { "Compartment": "Nilpara", "Area_in_Ha": 0.0, "Shape_Area": 1.360135e-05, "Beat": null, "Range": null, "Division": null }, "geometry": { "type": "MultiPolygon", "coordinates": [ [ [ [ 89.342791898327505, 26.71176361150151, 0.0 ], [ 89.344573333892299, 26.715929802718279, 0.0 ], [ 89.346406242154387, 26.715588425465512, 0.0 ], [ 89.34776291802433, 26.715400426688404, 0.0 ], [ 89.348077657358033, 26.714933828733251, 0.0 ], [ 89.348561818173437, 26.714437349004527, 0.0 ], [ 89.349111388479855, 26.713902771295921, 0.0 ], [ 89.349887664384255, 26.713602323088764, 0.0 ], [ 89.350309934755728, 26.713545404097147, 0.0 ], [ 89.350359194221483, 26.713198950171488, 0.0 ], [ 89.348740231976194, 26.713332609212614, 0.0 ], [ 89.34744962390107, 26.713403956927095, 0.0 ], [ 89.346782572457812, 26.71329599871143, 0.0 ], [ 89.345987113114859, 26.713026497075248, 0.0 ], [ 89.342791898327505, 26.71176361150151, 0.0 ] ] ] ] } },
{ "type": "Feature", "properties": { "Compartment": "Nilpara", "Area_in_Ha": 0.0, "Shape_Area": 9.18669e-06, "Beat": null, "Range": null, "Division": null }, "geometry": { "type": "MultiPolygon", "coordinates": [ [ [ [ 89.342191632338029, 26.709254606415016, 0.0 ], [ 89.341828527464656, 26.704484514149044, 0.0 ], [ 89.341794019578401, 26.704151880105258, 0.0 ], [ 89.34148119849857, 26.701094389294667, 0.0 ], [ 89.341053768716506, 26.701207308170808, 0.0 ], [ 89.340202449783305, 26.701409406518962, 0.0 ], [ 89.340166105481444, 26.70289659560143, 0.0 ], [ 89.340334788619657, 26.7048379971759, 0.0 ], [ 89.340449735466962, 26.705776137558757, 0.0 ], [ 89.34095111290361, 26.705926602230932, 0.0 ], [ 89.340909208992855, 26.706431583251003, 0.0 ], [ 89.341061034339305, 26.707133013078135, 0.0 ], [ 89.341221226978121, 26.707535769060541, 0.0 ], [ 89.341330292259215, 26.707855634529949, 0.0 ], [ 89.341570306024835, 26.708176723976692, 0.0 ], [ 89.342007057279943, 26.708980091058379, 0.0 ], [ 89.342191632338029, 26.709254606415016, 0.0 ] ] ] ] } },
{ "type": "Feature", "properties": { "Compartment": "Gergenda RL", "Area_in_Ha": 0.0, "Shape_Area": 8.566487e-05, "Beat": "Bhagatjote Beat", "Range": "Lankapara", "Division": "Jaldapara" }, "geometry": { "type": "MultiPolygon", "coordinates": [ [ [ [ 89.25942412322479, 26.766837955107576, 0.0 ], [ 89.265213715740458, 26.767045017713428, 0.0 ], [ 89.265432355318978, 26.766278738672895, 0.0 ], [ 89.266023682946695, 26.76537292801828, 0.0 ], [ 89.267754711510804, 26.76402440630136, 0.0 ], [ 89.269259279092523, 26.761589976596213, 0.0 ], [ 89.269201449087689, 26.760072930021749, 0.0 ], [ 89.269302908802274, 26.758695933070896, 0.0 ], [ 89.26974445524246, 26.757532107820566, 0.0 ], [ 89.270891715880055, 26.756577055686648, 0.0 ], [ 89.2729391592149, 26.755370977588598, 0.0 ], [ 89.2747126888396, 26.754508643758925, 0.0 ], [ 89.278258140101116, 26.751635657859367, 0.0 ], [ 89.277240474468385, 26.751294229345262, 0.0 ], [ 89.27251869108477, 26.750914350317089, 0.0 ], [ 89.27219533534651, 26.751474754756202, 0.0 ], [ 89.271731253694441, 26.752505831978624, 0.0 ], [ 89.271309423990772, 26.75292290696666, 0.0 ], [ 89.270684972533502, 26.753783030262696, 0.0 ], [ 89.267568872905201, 26.755563073676967, 0.0 ], [ 89.266411913978686, 26.756318209218023, 0.0 ], [ 89.265058761652597, 26.757605956549696, 0.0 ], [ 89.264242800464956, 26.759254843736073, 0.0 ], [ 89.264162391181458, 26.760318046540647, 0.0 ], [ 89.264302065787774, 26.76143430934593, 0.0 ], [ 89.263885520500423, 26.76202543102886, 0.0 ], [ 89.262083349267186, 26.763435233449343, 0.0 ], [ 89.260778700077026, 26.763611358477476, 0.0 ], [ 89.259889286761222, 26.765242466966356, 0.0 ], [ 89.25942412322479, 26.766837955107576, 0.0 ] ] ] ] } },
{ "type": "Feature", "properties": { "Compartment": "Hantapara RL", "Area_in_Ha": 0.0, "Shape_Area": 0.00011502581, "Beat": "Titi Beat", "Range": "jaldapara North", "Division": "Jaldapara" }, "geometry": { "type": "MultiPolygon", "coordinates": [ [ [ [ 89.27251869108477, 26.750914350317089, 0.0 ], [ 89.277230625093353, 26.751289304657746, 0.0 ], [ 89.278258140101116, 26.751635657859367, 0.0 ], [ 89.279217231989719, 26.750099505188075, 0.0 ], [ 89.279049419442501, 26.749906477215792, 0.0 ], [ 89.278828163688843, 26.749652549325731, 0.0 ], [ 89.278951273682367, 26.74913604169501, 0.0 ], [ 89.281169271644615, 26.748458347674671, 0.0 ], [ 89.282300290526052, 26.747841241879883, 0.0 ], [ 89.2830786249786, 26.748058006371934, 0.0 ], [ 89.283419897909994, 26.747724611501667, 0.0 ], [ 89.283609559533602, 26.746892301538537, 0.0 ], [ 89.283661773272286, 26.745283745348615, 0.0 ], [ 89.282881570028508, 26.742246572021713, 0.0 ], [ 89.281952631508773, 26.741209959472087, 0.0 ], [ 89.273815267060968, 26.738475397221862, 0.0 ], [ 89.277979612868876, 26.733767435518757, 0.0 ], [ 89.277118108214154, 26.733531986711853, 0.0 ], [ 89.275973755084806, 26.733559810836653, 0.0 ], [ 89.273484723041577, 26.732747278763952, 0.0 ], [ 89.272599130945196, 26.732551561105709, 0.0 ], [ 89.27172998924766, 26.734228137518585, 0.0 ], [ 89.27153011042634, 26.734876919234466, 0.0 ], [ 89.271302277977782, 26.735779754032478, 0.0 ], [ 89.271207002900894, 26.736078718358215, 0.0 ], [ 89.271148609920488, 26.73650005793138, 0.0 ], [ 89.271301460494044, 26.736924854498511, 0.0 ], [ 89.271456278784285, 26.73763184303516, 0.0 ], [ 89.27155527975242, 26.738121214522494, 0.0 ], [ 89.271773286208258, 26.738399347851669, 0.0 ], [ 89.272363898874914, 26.738682931971766, 0.0 ], [ 89.273478524914026, 26.739015827718333, 0.0 ], [ 89.275187520088025, 26.739659199112793, 0.0 ], [ 89.276122501152543, 26.740299163875363, 0.0 ], [ 89.27651569014705, 26.741502482853377, 0.0 ], [ 89.276037272402277, 26.742602472426199, 0.0 ], [ 89.275150485106849, 26.7437080072188, 0.0 ], [ 89.274331291755743, 26.744302478876364, 0.0 ], [ 89.273328714049001, 26.744600326244097, 0.0 ], [ 89.272272602398743, 26.744627576601431, 0.0 ], [ 89.272600890918454, 26.748930728270523, 0.0 ], [ 89.275165122472458, 26.748877791476957, 0.0 ], [ 89.275835350321245, 26.748907602204156, 0.0 ], [ 89.272879857019859, 26.74998312212341, 0.0 ], [ 89.27251869108477, 26.750914350317089, 0.0 ] ] ] ] } },
{ "type": "Feature", "properties": { "Compartment": "Lankapara RL", "Area_in_Ha": 0.0, "Shape_Area": 0.00022906073, "Beat": "Lankapara Beat", "Range": "Lankapara", "Division": "Jaldapara" }, "geometry": { "type": "MultiPolygon", "coordinates": [ [ [ [ 89.235941232801736, 26.820738660061181, 0.0 ], [ 89.240901402178054, 26.820679043103382, 0.0 ], [ 89.243362257562183, 26.820349071952137, 0.0 ], [ 89.24660258594065, 26.82003294316587, 0.0 ], [ 89.251107432162314, 26.817793692425028, 0.0 ], [ 89.253082595185674, 26.815950004888862, 0.0 ], [ 89.252935567722318, 26.815227476067207, 0.0 ], [ 89.252900569277386, 26.815059929257863, 0.0 ], [ 89.252764083195927, 26.814464113528061, 0.0 ], [ 89.252034179933503, 26.813445425366126, 0.0 ], [ 89.251952924388036, 26.813178110881154, 0.0 ], [ 89.251749776531028, 26.812478644274051, 0.0 ], [ 89.251730253148708, 26.811638316854896, 0.0 ], [ 89.251793916156373, 26.811350346741165, 0.0 ], [ 89.252888377596605, 26.809678420722605, 0.0 ], [ 89.253183676285687, 26.808566684205175, 0.0 ], [ 89.253321575630252, 26.807930721425691, 0.0 ], [ 89.253830417439872, 26.807138095846483, 0.0 ], [ 89.254153146350689, 26.806323577171383, 0.0 ], [ 89.25431633103392, 26.805503680550487, 0.0 ], [ 89.254594188271255, 26.80461713876997, 0.0 ], [ 89.255278614616429, 26.803392245056102, 0.0 ], [ 89.255601038657062, 26.802126305384718, 0.0 ], [ 89.256420479161008, 26.800932604945267, 0.0 ], [ 89.255982070616142, 26.800780002295312, 0.0 ], [ 89.254903755603891, 26.80079234099378, 0.0 ], [ 89.254068300711594, 26.800921990857262, 0.0 ], [ 89.2533659805556, 26.800994320631446, 0.0 ], [ 89.252523421918454, 26.80104139204667, 0.0 ], [ 89.251870947586212, 26.801453377771224, 0.0 ], [ 89.251121729584213, 26.801472258138233, 0.0 ], [ 89.25050736492301, 26.801457198091271, 0.0 ], [ 89.249764811796695, 26.801501066121375, 0.0 ], [ 89.249300331744962, 26.801036863960178, 0.0 ], [ 89.248849193135811, 26.800696940911166, 0.0 ], [ 89.245931915625476, 26.802095982043966, 0.0 ], [ 89.24542942572748, 26.802256851872244, 0.0 ], [ 89.245689018633357, 26.803630890952888, 0.0 ], [ 89.245513438594401, 26.805015406236066, 0.0 ], [ 89.245851286907396, 26.805288675132317, 0.0 ], [ 89.246817895329684, 26.805604663624365, 0.0 ], [ 89.247949888176834, 26.805728278137565, 0.0 ], [ 89.248659148401032, 26.805301224272114, 0.0 ], [ 89.248807309010147, 26.805719400030341, 0.0 ], [ 89.249351255855856, 26.806273350035099, 0.0 ], [ 89.249882915264379, 26.806193644920825, 0.0 ], [ 89.25060409959957, 26.805911996141788, 0.0 ], [ 89.251394552416741, 26.806129254361679, 0.0 ], [ 89.251548959716786, 26.807156304419948, 0.0 ], [ 89.251051089636121, 26.808094562614031, 0.0 ], [ 89.249408985136597, 26.808704308357221, 0.0 ], [ 89.248223979053421, 26.809526313888341, 0.0 ], [ 89.247272054761595, 26.809370107944176, 0.0 ], [ 89.245778326708489, 26.810036311326769, 0.0 ], [ 89.243403735194306, 26.810953447143902, 0.0 ], [ 89.240719026861655, 26.811427466304565, 0.0 ], [ 89.238668828004052, 26.811551090710338, 0.0 ], [ 89.237542660065742, 26.811542585821712, 0.0 ], [ 89.236880320170712, 26.811573741035374, 0.0 ], [ 89.236117265199709, 26.811136850385367, 0.0 ], [ 89.235797199181434, 26.811433584392432, 0.0 ], [ 89.235223767163177, 26.811793366270877, 0.0 ], [ 89.234114237582048, 26.812788935561002, 0.0 ], [ 89.233603586336471, 26.813940440998579, 0.0 ], [ 89.233287285779681, 26.814329143275415, 0.0 ], [ 89.232362688287481, 26.814724558991259, 0.0 ], [ 89.231682772042348, 26.815621681295625, 0.0 ], [ 89.23185125373243, 26.816533045263895, 0.0 ], [ 89.232578788180604, 26.817370588382005, 0.0 ], [ 89.233615987987491, 26.818057216267562, 0.0 ], [ 89.234187676220358, 26.818920053717534, 0.0 ], [ 89.234891854375633, 26.819660453866902, 0.0 ], [ 89.235941232801736, 26.820738660061181, 0.0 ] ] ] ] } },
{ "type": "Feature", "properties": { "Compartment": "Titi-1A", "Area_in_Ha": 0.0, "Shape_Area": 2.527837e-05, "Beat": "Lankapara Beat", "Range": "Lankapara", "Division": "Jaldapara" }, "geometry": { "type": "MultiPolygon", "coordinates": [ [ [ [ 89.252935567722318, 26.815227476067207, 0.0 ], [ 89.253082595185674, 26.815950004888862, 0.0 ], [ 89.254921861654623, 26.815495840061033, 0.0 ], [ 89.254593697241376, 26.813800547857056, 0.0 ], [ 89.254936716656232, 26.812168834124464, 0.0 ], [ 89.254700672498075, 26.810146996286903, 0.0 ], [ 89.25471934961837, 26.806248484679884, 0.0 ], [ 89.255040303267435, 26.805093320800154, 0.0 ], [ 89.256208275291726, 26.80332863780643, 0.0 ], [ 89.256970060420031, 26.802327577255937, 0.0 ], [ 89.257194815388459, 26.801726307623028, 0.0 ], [ 89.257286842114127, 26.801323602902016, 0.0 ], [ 89.257519504821346, 26.800084649187284, 0.0 ], [ 89.257620350298964, 26.79940613678383, 0.0 ], [ 89.257177779530934, 26.799592154354514, 0.0 ], [ 89.256915588483707, 26.800219850565725, 0.0 ], [ 89.255585855402956, 26.80213014998651, 0.0 ], [ 89.255274607237368, 26.803404706062395, 0.0 ], [ 89.254594188271255, 26.80461713876997, 0.0 ], [ 89.254308200263267, 26.805519201949664, 0.0 ], [ 89.254153146350689, 26.806323577171383, 0.0 ], [ 89.253830417439872, 26.807138095846483, 0.0 ], [ 89.253321575630252, 26.807930721425691, 0.0 ], [ 89.252888377596605, 26.809678420722605, 0.0 ], [ 89.251793916156373, 26.811350346741165, 0.0 ], [ 89.251730253148708, 26.811638316854896, 0.0 ], [ 89.251749776531028, 26.812478644274051, 0.0 ], [ 89.252034179933503, 26.813445425366126, 0.0 ], [ 89.252764083195927, 26.814464113528061, 0.0 ], [ 89.252935567722318, 26.815227476067207, 0.0 ] ] ] ] } },
{ "type": "Feature", "properties": { "Compartment": "Titi-1B", "Area_in_Ha": 0.0, "Shape_Area": 0.001013252, "Beat": "Hollapara Beat", "Range": "Lankapara", "Division": "Jaldapara" }, "geometry": { "type": "MultiPolygon", "coordinates": [ [ [ [ 89.254593697241376, 26.813800547857056, 0.0 ], [ 89.254921861654623, 26.815495840061033, 0.0 ], [ 89.258397956300712, 26.814697785274632, 0.0 ], [ 89.261150177638626, 26.813893450522357, 0.0 ], [ 89.261800048433543, 26.814041720848763, 0.0 ], [ 89.263646251373473, 26.816316974149061, 0.0 ], [ 89.264499238549092, 26.817443326448426, 0.0 ], [ 89.265063898580138, 26.818882051065827, 0.0 ], [ 89.265999725007362, 26.819941151163221, 0.0 ], [ 89.267439424489908, 26.82066400464015, 0.0 ], [ 89.267763997010888, 26.821124131973136, 0.0 ], [ 89.267939454742077, 26.821390834019837, 0.0 ], [ 89.267895863703188, 26.821685445626883, 0.0 ], [ 89.269109343221658, 26.822780933193542, 0.0 ], [ 89.270317326983104, 26.824594752445932, 0.0 ], [ 89.271963154675916, 26.826285583113247, 0.0 ], [ 89.273697208559383, 26.827883155883001, 0.0 ], [ 89.27450487529984, 26.828492840472279, 0.0 ], [ 89.275971822441704, 26.828593874807552, 0.0 ], [ 89.276319180186078, 26.827924545381507, 0.0 ], [ 89.276799568345439, 26.827448500048263, 0.0 ], [ 89.277771917140342, 26.82688657935222, 0.0 ], [ 89.278545385361326, 26.826760258778961, 0.0 ], [ 89.279040007990034, 26.827146390793359, 0.0 ], [ 89.279897832618929, 26.828918611005122, 0.0 ], [ 89.28057455087486, 26.830564527730814, 0.0 ], [ 89.28275761737018, 26.831842525512172, 0.0 ], [ 89.286491630384489, 26.833553893097758, 0.0 ], [ 89.288944121174325, 26.834608626986608, 0.0 ], [ 89.291257996759214, 26.833866988470788, 0.0 ], [ 89.292196334093603, 26.833863903796157, 0.0 ], [ 89.292605027400157, 26.833084097153403, 0.0 ], [ 89.293582683094428, 26.832377732746238, 0.0 ], [ 89.294388440574153, 26.832112016356518, 0.0 ], [ 89.295148700452216, 26.832030152869322, 0.0 ], [ 89.296111053282516, 26.83166610190915, 0.0 ], [ 89.296961471994393, 26.831229738261868, 0.0 ], [ 89.297595571378565, 26.830917629445082, 0.0 ], [ 89.298172243654165, 26.830632597416468, 0.0 ], [ 89.298227221009483, 26.830236716751131, 0.0 ], [ 89.30074092865101, 26.828776474055076, 0.0 ], [ 89.300386042681794, 26.828070356062142, 0.0 ], [ 89.300899734535164, 26.827730406932801, 0.0 ], [ 89.301257785218695, 26.827513880761046, 0.0 ], [ 89.301658674208511, 26.827307625746357, 0.0 ], [ 89.302333805161027, 26.826936901816623, 0.0 ], [ 89.302923453754431, 26.826675807042932, 0.0 ], [ 89.303374864858199, 26.826437678256298, 0.0 ], [ 89.303826782280225, 26.826125715129706, 0.0 ], [ 89.303927580993104, 26.826049101884621, 0.0 ], [ 89.303725290190073, 26.820681983886516, 0.0 ], [ 89.302800672912781, 26.817278294557696, 0.0 ], [ 89.303231333059614, 26.814628793783868, 0.0 ], [ 89.302086103091256, 26.813689208190453, 0.0 ], [ 89.295248144786115, 26.810455324353768, 0.0 ], [ 89.292398170739034, 26.810800297995399, 0.0 ], [ 89.290512407521646, 26.809712451968153, 0.0 ], [ 89.28906876451191, 26.808054004089058, 0.0 ], [ 89.287649890630007, 26.807994975287954, 0.0 ], [ 89.285569205654383, 26.808245368129292, 0.0 ], [ 89.282651874184694, 26.808023312925627, 0.0 ], [ 89.280058865224532, 26.80719896016393, 0.0 ], [ 89.278282236536029, 26.805737649972627, 0.0 ], [ 89.276980868971975, 26.801920238328364, 0.0 ], [ 89.273627348323544, 26.800479816690256, 0.0 ], [ 89.271198355020147, 26.799779244816364, 0.0 ], [ 89.269301466289676, 26.799428809591916, 0.0 ], [ 89.267118286479786, 26.799792004397545, 0.0 ], [ 89.265141154840478, 26.799666699158877, 0.0 ], [ 89.261154021341042, 26.799891293148733, 0.0 ], [ 89.259121647945733, 26.799482821974721, 0.0 ], [ 89.258546403793559, 26.799403683433297, 0.0 ], [ 89.257611942537153, 26.799420222865024, 0.0 ], [ 89.257385854773418, 26.800808833660824, 0.0 ], [ 89.257194815388459, 26.801726307623028, 0.0 ], [ 89.256970060420031, 26.802327577255937, 0.0 ], [ 89.256124870366534, 26.803420564707324, 0.0 ], [ 89.255958160340867, 26.803634034982792, 0.0 ], [ 89.255040303267435, 26.805093320800154, 0.0 ], [ 89.25471934961837, 26.806248484679884, 0.0 ], [ 89.254707131429029, 26.810153284346654, 0.0 ], [ 89.254933489888685, 26.812162314938917, 0.0 ], [ 89.254593697241376, 26.813800547857056, 0.0 ] ] ] ] } },
{ "type": "Feature", "properties": { "Compartment": "Titi-2A", "Area_in_Ha": 0.0, "Shape_Area": 1.504038e-05, "Beat": "Lankapara Beat", "Range": "Lankapara", "Division": "Jaldapara" }, "geometry": { "type": "MultiPolygon", "coordinates": [ [ [ [ 89.257911680279904, 26.798254179886555, 0.0 ], [ 89.257617772842025, 26.799410430147304, 0.0 ], [ 89.258520571667134, 26.799374158690512, 0.0 ], [ 89.260221184260331, 26.796516042181679, 0.0 ], [ 89.260416005294474, 26.795236854597192, 0.0 ], [ 89.260779947436674, 26.794141929106786, 0.0 ], [ 89.260993898849392, 26.793590944166795, 0.0 ], [ 89.261649606244418, 26.79250875667384, 0.0 ], [ 89.259114877849413, 26.79244092710718, 0.0 ], [ 89.258100384125498, 26.793448778438403, 0.0 ], [ 89.257889333925675, 26.794622116717392, 0.0 ], [ 89.257912090370723, 26.796186515295517, 0.0 ], [ 89.257911680279904, 26.798254179886555, 0.0 ] ] ] ] } },
{ "type": "Feature", "properties": { "Compartment": "Titi-3A", "Area_in_Ha": 0.0, "Shape_Area": 0.00015151364, "Beat": "Bhagatjote Beat", "Range": "Lankapara", "Division": "Jaldapara" }, "geometry": { "type": "MultiPolygon", "coordinates": [ [ [ [ 89.262415212592032, 26.792531701077166, 0.0 ], [ 89.263849864179974, 26.788673558238145, 0.0 ], [ 89.265437211658025, 26.781466643171086, 0.0 ], [ 89.27156797548173, 26.761799696698688, 0.0 ], [ 89.275717011231166, 26.755895052115022, 0.0 ], [ 89.280818372370049, 26.751886960814659, 0.0 ], [ 89.280052265100039, 26.749950712355542, 0.0 ], [ 89.279200560357651, 26.750104107018956, 0.0 ], [ 89.27826164655778, 26.751626911952485, 0.0 ], [ 89.276750619145787, 26.752828438581616, 0.0 ], [ 89.274742931241349, 26.754466949390235, 0.0 ], [ 89.273041199891509, 26.755312186208471, 0.0 ], [ 89.270907276849414, 26.756570938498044, 0.0 ], [ 89.269752266753756, 26.757520544337694, 0.0 ], [ 89.269301109258834, 26.758647185319376, 0.0 ], [ 89.269165337710206, 26.760057183792071, 0.0 ], [ 89.269258005652489, 26.76156015597644, 0.0 ], [ 89.267714471345812, 26.764054056949192, 0.0 ], [ 89.266811096055278, 26.764724720969127, 0.0 ], [ 89.266026216336854, 26.765398778131157, 0.0 ], [ 89.265438200912286, 26.766280300795302, 0.0 ], [ 89.265247960125294, 26.766993417312392, 0.0 ], [ 89.265630787131158, 26.768738022941477, 0.0 ], [ 89.266250465886344, 26.769882141347807, 0.0 ], [ 89.266430160323694, 26.770973307672079, 0.0 ], [ 89.266532801747474, 26.771622552538815, 0.0 ], [ 89.264463453625524, 26.775363018188784, 0.0 ], [ 89.263326565768466, 26.778193585765393, 0.0 ], [ 89.262695968344303, 26.782497423617258, 0.0 ], [ 89.260600260193939, 26.785261886526882, 0.0 ], [ 89.259909310166563, 26.787450044983643, 0.0 ], [ 89.25717496735092, 26.789288964314323, 0.0 ], [ 89.255879466064584, 26.790841186971249, 0.0 ], [ 89.255735034044619, 26.792319916131248, 0.0 ], [ 89.259114877849413, 26.79244092710718, 0.0 ], [ 89.262415212592032, 26.792531701077166, 0.0 ] ] ] ] } },
{ "type": "Feature", "properties": { "Compartment": "Titi-3B", "Area_in_Ha": 0.0, "Shape_Area": 0.00089840275, "Beat": "Bhagatjote Beat", "Range": "Lankapara", "Division": "Jaldapara" }, "geometry": { "type": "MultiPolygon", "coordinates": [ [ [ [ 89.300202184383352, 26.794777319917443, 0.0 ], [ 89.298686628884866, 26.792737182674898, 0.0 ], [ 89.296296529461301, 26.783814094045283, 0.0 ], [ 89.293025128606871, 26.780726982264468, 0.0 ], [ 89.291855869652693, 26.778795105409813, 0.0 ], [ 89.291557161633762, 26.777132854297861, 0.0 ], [ 89.289472908148241, 26.772636768372195, 0.0 ], [ 89.28701514823058, 26.767782412328529, 0.0 ], [ 89.286188838544149, 26.764195659702011, 0.0 ], [ 89.284761586578043, 26.759392900462046, 0.0 ], [ 89.283689795247938, 26.757832376163265, 0.0 ], [ 89.280814485500173, 26.751883009193591, 0.0 ], [ 89.275686706776128, 26.755874075428267, 0.0 ], [ 89.271649374918752, 26.761717195592155, 0.0 ], [ 89.268698346751364, 26.770852076362303, 0.0 ], [ 89.268112850327839, 26.772952310800576, 0.0 ], [ 89.265419205432067, 26.781656293103481, 0.0 ], [ 89.26381316644455, 26.788819399495765, 0.0 ], [ 89.262411803262182, 26.79253315797888, 0.0 ], [ 89.269413591064449, 26.792940261284059, 0.0 ], [ 89.279567588973123, 26.794070081369227, 0.0 ], [ 89.288244382072605, 26.79499512942175, 0.0 ], [ 89.29613584399408, 26.794684258072095, 0.0 ], [ 89.300202184383352, 26.794777319917443, 0.0 ] ] ] ] } },
{ "type": "Feature", "properties": { "Compartment": "Titi-4", "Area_in_Ha": 0.0, "Shape_Area": 0.00108555277, "Beat": "Titi Beat", "Range": "jaldapara North", "Division": "Jaldapara" }, "geometry": { "type": "MultiPolygon", "coordinates": [ [ [ [ 89.273877162001497, 26.738451042681504, 0.0 ], [ 89.281948430775515, 26.741206585215764, 0.0 ], [ 89.282893896136443, 26.742308896838153, 0.0 ], [ 89.283661773272286, 26.745283745348615, 0.0 ], [ 89.283583096982397, 26.746882507022121, 0.0 ], [ 89.283445446750022, 26.747688509117438, 0.0 ], [ 89.283080331891881, 26.748042924741242, 0.0 ], [ 89.282291782939467, 26.747840309282878, 0.0 ], [ 89.28116553855881, 26.748456699217343, 0.0 ], [ 89.278951273682367, 26.74913604169501, 0.0 ], [ 89.278828163688843, 26.749652549325731, 0.0 ], [ 89.279217231989719, 26.750099505188075, 0.0 ], [ 89.280052265100039, 26.749950712355542, 0.0 ], [ 89.280825878111841, 26.751906033636601, 0.0 ], [ 89.283649081140254, 26.757726340698127, 0.0 ], [ 89.284736341708879, 26.759364204894212, 0.0 ], [ 89.285121104055747, 26.760301153675357, 0.0 ], [ 89.290815336958303, 26.75812245338858, 0.0 ], [ 89.29668667155272, 26.770708862923755, 0.0 ], [ 89.298128340550534, 26.778928413715391, 0.0 ], [ 89.30026553172894, 26.780817989158948, 0.0 ], [ 89.302312601845131, 26.781837883311709, 0.0 ], [ 89.305336461608476, 26.783687258160512, 0.0 ], [ 89.307323189913348, 26.784853490895955, 0.0 ], [ 89.31229122116298, 26.795660137605296, 0.0 ], [ 89.316309545848924, 26.80461280943365, 0.0 ], [ 89.322364809788212, 26.803416067197816, 0.0 ], [ 89.319677338738245, 26.79717923103675, 0.0 ], [ 89.31990200467385, 26.790375856160892, 0.0 ], [ 89.317881716368163, 26.788115241125524, 0.0 ], [ 89.315403305318341, 26.7859111709638, 0.0 ], [ 89.314425943702417, 26.784402008745758, 0.0 ], [ 89.314558777165871, 26.780859869687276, 0.0 ], [ 89.313890281411432, 26.778507816982199, 0.0 ], [ 89.310814868011789, 26.777679175353683, 0.0 ], [ 89.309833606036136, 26.775603888109003, 0.0 ], [ 89.307577844641855, 26.76957529266565, 0.0 ], [ 89.30866365730202, 26.761173248746502, 0.0 ], [ 89.310626824268581, 26.753347431039174, 0.0 ], [ 89.308836405375871, 26.750370041943938, 0.0 ], [ 89.308790259363036, 26.749812189780812, 0.0 ], [ 89.308649152136695, 26.747369268676835, 0.0 ], [ 89.308923236718044, 26.745801745853953, 0.0 ], [ 89.305169759676744, 26.746016434710725, 0.0 ], [ 89.302672175980206, 26.745354710851302, 0.0 ], [ 89.300824302099898, 26.743012458058558, 0.0 ], [ 89.300606551950864, 26.741401625684546, 0.0 ], [ 89.299699213348049, 26.738124853179499, 0.0 ], [ 89.299511403428596, 26.737519921507214, 0.0 ], [ 89.298455484233273, 26.736448326229322, 0.0 ], [ 89.295367421869059, 26.736139867760755, 0.0 ], [ 89.279163170144272, 26.733191304635056, 0.0 ], [ 89.277080894267897, 26.733516215301165, 0.0 ], [ 89.278012198004603, 26.733736952998015, 0.0 ], [ 89.273877162001497, 26.738451042681504, 0.0 ] ] ] ] } },
{ "type": "Feature", "properties": { "Compartment": "Titi-Ext", "Area_in_Ha": 0.0, "Shape_Area": 0.00027434002, "Beat": "Lankapara Beat", "Range": "Lankapara", "Division": "Jaldapara" }, "geometry": { "type": "MultiPolygon", "coordinates": [ [ [ [ 89.255911892919585, 26.790812330424785, 0.0 ], [ 89.257029455245231, 26.7894373929214, 0.0 ], [ 89.258429910112341, 26.788423514333772, 0.0 ], [ 89.25993493275098, 26.787483691319323, 0.0 ], [ 89.260600260193939, 26.785261886526882, 0.0 ], [ 89.262695968344303, 26.782497423617258, 0.0 ], [ 89.262953604325446, 26.780650262899371, 0.0 ], [ 89.263261066345194, 26.778250925639782, 0.0 ], [ 89.264435403770904, 26.775406222519223, 0.0 ], [ 89.265244826887283, 26.774203318128684, 0.0 ], [ 89.265990561815045, 26.772761297495947, 0.0 ], [ 89.266516156195735, 26.77154741058456, 0.0 ], [ 89.266244196712364, 26.769892078856401, 0.0 ], [ 89.265614788191954, 26.768704387397634, 0.0 ], [ 89.265233635723746, 26.767015547829317, 0.0 ], [ 89.258931783075411, 26.766866896190379, 0.0 ], [ 89.257689325601973, 26.766947347741961, 0.0 ], [ 89.256936638015475, 26.770321786621196, 0.0 ], [ 89.256192386069813, 26.771892217851644, 0.0 ], [ 89.254754916905938, 26.774949659199478, 0.0 ], [ 89.253330881814804, 26.777981848483591, 0.0 ], [ 89.251477011255133, 26.778809503555806, 0.0 ], [ 89.250193931404851, 26.780075549347202, 0.0 ], [ 89.249327555122647, 26.781498307401023, 0.0 ], [ 89.253322741151635, 26.781521500916597, 0.0 ], [ 89.253435423506062, 26.783305946512257, 0.0 ], [ 89.253759333226697, 26.786981425352565, 0.0 ], [ 89.253758075075154, 26.787908933050858, 0.0 ], [ 89.253466088589164, 26.790106903111166, 0.0 ], [ 89.253198122095739, 26.791470608981456, 0.0 ], [ 89.25308754325556, 26.792482460497183, 0.0 ], [ 89.251750132662551, 26.793139342406789, 0.0 ], [ 89.251329734679587, 26.796227358905526, 0.0 ], [ 89.250922855305589, 26.79690621125269, 0.0 ], [ 89.250032629902023, 26.798020697896959, 0.0 ], [ 89.24948685833192, 26.798084515587959, 0.0 ], [ 89.249315426865508, 26.800056071430618, 0.0 ], [ 89.249300331744962, 26.801036863960178, 0.0 ], [ 89.249764811796695, 26.801501066121375, 0.0 ], [ 89.25050736492301, 26.801457198091271, 0.0 ], [ 89.251121729584213, 26.801472258138233, 0.0 ], [ 89.251870947586212, 26.801453377771224, 0.0 ], [ 89.252515282154604, 26.801054420525134, 0.0 ], [ 89.254053550031358, 26.800925680775606, 0.0 ], [ 89.254903755603891, 26.80079234099378, 0.0 ], [ 89.255988411735871, 26.80078194752889, 0.0 ], [ 89.256420479161008, 26.800932604945267, 0.0 ], [ 89.256915588483707, 26.800219850565725, 0.0 ], [ 89.257177779530934, 26.799592154354514, 0.0 ], [ 89.257625638312618, 26.799398536613239, 0.0 ], [ 89.257894268505765, 26.798236862541216, 0.0 ], [ 89.25791651323658, 26.797053649706243, 0.0 ], [ 89.257889333925675, 26.794622116717392, 0.0 ], [ 89.258100384125498, 26.793448778438403, 0.0 ], [ 89.259114877849413, 26.79244092710718, 0.0 ], [ 89.255761752003309, 26.792330896853457, 0.0 ], [ 89.255911892919585, 26.790812330424785, 0.0 ] ] ] ] } },
{ "type": "Feature", "properties": { "Compartment": "CP-3B", "Area_in_Ha": 551.971, "Shape_Area": 0.00044542421, "Beat": "Sisamara", "Range": "Chilapata", "Division": "Jaldapara" }, "geometry": { "type": "MultiPolygon", "coordinates": [ [ [ [ 89.353492752388661, 26.584076245922063, 0.0 ], [ 89.353277349470147, 26.583503291443776, 0.0 ], [ 89.353056502955326, 26.582932583471973, 0.0 ], [ 89.352624476738242, 26.580627985293347, 0.0 ], [ 89.352706591136325, 26.579272910216673, 0.0 ], [ 89.353088463062193, 26.57827717365268, 0.0 ], [ 89.353303205878319, 26.57765235617137, 0.0 ], [ 89.353751498133192, 26.57645874807281, 0.0 ], [ 89.353991552368313, 26.575302443852763, 0.0 ], [ 89.354046634944325, 26.574852028298494, 0.0 ], [ 89.354184130493309, 26.57361080019831, 0.0 ], [ 89.354055844901382, 26.573137369194285, 0.0 ], [ 89.353648067104643, 26.572708481611187, 0.0 ], [ 89.353355081471875, 26.571736058172576, 0.0 ], [ 89.353293943760548, 26.571407441400368, 0.0 ], [ 89.353067697716142, 26.570259204998365, 0.0 ], [ 89.353372726170448, 26.568665132389981, 0.0 ], [ 89.353420672625987, 26.56823665309912, 0.0 ], [ 89.35346517287951, 26.567356525283458, 0.0 ], [ 89.353498896556914, 26.566750771630836, 0.0 ], [ 89.352830837872943, 26.565184731789998, 0.0 ], [ 89.352688182913369, 26.564651516554306, 0.0 ], [ 89.352224445701665, 26.562694356159682, 0.0 ], [ 89.352741967767656, 26.560319324877014, 0.0 ], [ 89.354336999952636, 26.558770973801472, 0.0 ], [ 89.352564807619842, 26.556742768763797, 0.0 ], [ 89.352218829435515, 26.555529595914152, 0.0 ], [ 89.35193993078326, 26.554553571590134, 0.0 ], [ 89.351213905397458, 26.55190001037721, 0.0 ], [ 89.348460880065602, 26.553084318586457, 0.0 ], [ 89.348079651155047, 26.553306949356283, 0.0 ], [ 89.346224156419737, 26.554212806775638, 0.0 ], [ 89.344649732199457, 26.554437713729556, 0.0 ], [ 89.343220640220409, 26.554643430949625, 0.0 ], [ 89.342239986186485, 26.554710261369507, 0.0 ], [ 89.341252810269054, 26.554671955646313, 0.0 ], [ 89.340558146041644, 26.554630113788789, 0.0 ], [ 89.338014696021446, 26.554444464040841, 0.0 ], [ 89.33793923750585, 26.555006693204405, 0.0 ], [ 89.337894381120861, 26.556015337737676, 0.0 ], [ 89.337967029255083, 26.557583280544009, 0.0 ], [ 89.33816752321269, 26.558587160469131, 0.0 ], [ 89.338387384969906, 26.559191319623778, 0.0 ], [ 89.337738824487246, 26.560046984081112, 0.0 ], [ 89.337185347525804, 26.561088750645354, 0.0 ], [ 89.336639594841472, 26.561975742086872, 0.0 ], [ 89.336863994577755, 26.562786689554116, 0.0 ], [ 89.337086005714639, 26.563649275193939, 0.0 ], [ 89.337165596615023, 26.564131146335399, 0.0 ], [ 89.337423452930068, 26.565163290153748, 0.0 ], [ 89.337311059258013, 26.565754979308906, 0.0 ], [ 89.336820582503947, 26.566410800018446, 0.0 ], [ 89.336587492618776, 26.567153469157347, 0.0 ], [ 89.337066528197795, 26.568128515018998, 0.0 ], [ 89.337722607012779, 26.569006175994275, 0.0 ], [ 89.338022373533761, 26.57010367174712, 0.0 ], [ 89.338607163989479, 26.572505261808431, 0.0 ], [ 89.339914592084824, 26.57963516882802, 0.0 ], [ 89.340760260577611, 26.584646006008427, 0.0 ], [ 89.342166357791257, 26.584498471327436, 0.0 ], [ 89.344341778250509, 26.584228692700037, 0.0 ], [ 89.346489550852141, 26.584122118540961, 0.0 ], [ 89.3470632032043, 26.584108209626208, 0.0 ], [ 89.349211417373056, 26.584104122207521, 0.0 ], [ 89.349557945043159, 26.58409995115187, 0.0 ], [ 89.351366738883939, 26.584072055980641, 0.0 ], [ 89.353492752388661, 26.584076245922063, 0.0 ] ] ] ] } },
{ "type": "Feature", "properties": { "Compartment": "BN-5", "Area_in_Ha": 450.825, "Shape_Area": 0.00036344452, "Beat": "Bania Beat", "Range": "Kodalbasti", "Division": "Jaldapara" }, "geometry": { "type": "MultiPolygon", "coordinates": [ [ [ [ 89.405838972890365, 26.553610378815961, 0.0 ], [ 89.405736176783194, 26.554737548599064, 0.0 ], [ 89.405558689282145, 26.555272682088685, 0.0 ], [ 89.405354843551265, 26.555786807415302, 0.0 ], [ 89.405141617891388, 26.556214837045161, 0.0 ], [ 89.404947027983042, 26.556543374677062, 0.0 ], [ 89.404797584041319, 26.556810637900696, 0.0 ], [ 89.404579044287516, 26.557076606999885, 0.0 ], [ 89.404383252884884, 26.557349345296075, 0.0 ], [ 89.403995780880621, 26.557465015198318, 0.0 ], [ 89.403617961299915, 26.557340761267142, 0.0 ], [ 89.403276629912625, 26.557167476298048, 0.0 ], [ 89.40290226282923, 26.557117322006832, 0.0 ], [ 89.402504682445169, 26.557118451555368, 0.0 ], [ 89.402021869713565, 26.557130031225995, 0.0 ], [ 89.401579521977396, 26.557206908871819, 0.0 ], [ 89.401199051195306, 26.557245407049948, 0.0 ], [ 89.400866052926062, 26.557255796018239, 0.0 ], [ 89.400481540590704, 26.55731818828383, 0.0 ], [ 89.40032373475259, 26.557635416940968, 0.0 ], [ 89.400383793277513, 26.558234145089784, 0.0 ], [ 89.400483288872749, 26.558742828618676, 0.0 ], [ 89.40045564641099, 26.559120112203459, 0.0 ], [ 89.400343134028446, 26.559415806594245, 0.0 ], [ 89.400164680655564, 26.55966354014032, 0.0 ], [ 89.399868185868115, 26.559962192401315, 0.0 ], [ 89.399456690274121, 26.560176480160465, 0.0 ], [ 89.398976047606595, 26.5603378940786, 0.0 ], [ 89.398626911003191, 26.560429019683568, 0.0 ], [ 89.398316319342712, 26.560576884415752, 0.0 ], [ 89.398011987863015, 26.560698598661475, 0.0 ], [ 89.397714412090522, 26.560796317196321, 0.0 ], [ 89.397273533846544, 26.560976927143543, 0.0 ], [ 89.396830858757198, 26.561112970287411, 0.0 ], [ 89.396534107663001, 26.561248487327873, 0.0 ], [ 89.396232591960597, 26.561387207753512, 0.0 ], [ 89.395924128096112, 26.561508339238515, 0.0 ], [ 89.395570566828269, 26.561701677290614, 0.0 ], [ 89.395170405389933, 26.561825444688566, 0.0 ], [ 89.394744846197739, 26.561892775131525, 0.0 ], [ 89.394275892018868, 26.561914961406387, 0.0 ], [ 89.393713971322768, 26.56194239702404, 0.0 ], [ 89.393394800129954, 26.562034150355828, 0.0 ], [ 89.393251086668386, 26.562388860957242, 0.0 ], [ 89.393317301951981, 26.562906937005607, 0.0 ], [ 89.3933215008866, 26.563420789837608, 0.0 ], [ 89.393159552771181, 26.56381072508492, 0.0 ], [ 89.392730713751519, 26.564179130562479, 0.0 ], [ 89.392353077632492, 26.564467544941294, 0.0 ], [ 89.392053309312814, 26.564667557761652, 0.0 ], [ 89.391736137312932, 26.564834723743559, 0.0 ], [ 89.391428008895559, 26.565011196809337, 0.0 ], [ 89.390988872638445, 26.565243887395525, 0.0 ], [ 89.390556566732243, 26.565515366640909, 0.0 ], [ 89.390313700317051, 26.565754969416332, 0.0 ], [ 89.39007984690744, 26.56597994471872, 0.0 ], [ 89.389874010976882, 26.56630618278416, 0.0 ], [ 89.389736949800465, 26.566721275666396, 0.0 ], [ 89.390028374210146, 26.567098370393524, 0.0 ], [ 89.390335916269578, 26.567349277647111, 0.0 ], [ 89.390477751946776, 26.567708986680429, 0.0 ], [ 89.390338449659794, 26.568175483911489, 0.0 ], [ 89.389859708159065, 26.568328675328132, 0.0 ], [ 89.389341536782581, 26.568372221400921, 0.0 ], [ 89.388788881801531, 26.568424279556893, 0.0 ], [ 89.388376051613534, 26.568555323369537, 0.0 ], [ 89.388050274000989, 26.568642813914778, 0.0 ], [ 89.387471142079619, 26.568636147240454, 0.0 ], [ 89.386999383814555, 26.568486580091644, 0.0 ], [ 89.386566850379893, 26.568447803123661, 0.0 ], [ 89.386144301218565, 26.568554181230525, 0.0 ], [ 89.385779243917057, 26.568687421187576, 0.0 ], [ 89.385455489779076, 26.568875386689797, 0.0 ], [ 89.385116713365676, 26.569065685033365, 0.0 ], [ 89.384724377827808, 26.569296282897199, 0.0 ], [ 89.384241342064342, 26.569524532631135, 0.0 ], [ 89.383961105220862, 26.569664925795735, 0.0 ], [ 89.383689940738236, 26.569878573237588, 0.0 ], [ 89.383460375296124, 26.5701045719685, 0.0 ], [ 89.383223002839372, 26.570340009084191, 0.0 ], [ 89.38298560789957, 26.570550249894154, 0.0 ], [ 89.393835974250862, 26.570778962778945, 0.0 ], [ 89.404082882019452, 26.570871924799519, 0.0 ], [ 89.410783038106786, 26.570971461763577, 0.0 ], [ 89.41100585773421, 26.570778955584387, 0.0 ], [ 89.411017790838457, 26.570048340958238, 0.0 ], [ 89.410841721568261, 26.568282560791602, 0.0 ], [ 89.410857028928774, 26.567867831235446, 0.0 ], [ 89.411060798217306, 26.567279332874989, 0.0 ], [ 89.411869712317412, 26.566613621421538, 0.0 ], [ 89.412340009184163, 26.565999267552229, 0.0 ], [ 89.411677887824339, 26.565132119651651, 0.0 ], [ 89.411128285142297, 26.56431023103238, 0.0 ], [ 89.410880117223712, 26.563161392084623, 0.0 ], [ 89.410746127232017, 26.562958916021216, 0.0 ], [ 89.410778441671823, 26.562803084195025, 0.0 ], [ 89.410792714811976, 26.562662447314153, 0.0 ], [ 89.410832334444763, 26.56245349523266, 0.0 ], [ 89.410883186609851, 26.562170330196636, 0.0 ], [ 89.411715348184828, 26.561974128703127, 0.0 ], [ 89.412093576057771, 26.562208817582928, 0.0 ], [ 89.412520621829287, 26.562436964794131, 0.0 ], [ 89.412903084609752, 26.562628295559421, 0.0 ], [ 89.414037005603404, 26.562796427413218, 0.0 ], [ 89.41468652386402, 26.562457340733715, 0.0 ], [ 89.415004462985621, 26.562015599140636, 0.0 ], [ 89.414691351424779, 26.561339717254214, 0.0 ], [ 89.414004511299197, 26.560492040575241, 0.0 ], [ 89.412836691260338, 26.558988393, 0.0 ], [ 89.412843896628601, 26.55847775074767, 0.0 ], [ 89.412835780247121, 26.558160612921995, 0.0 ], [ 89.413470785248592, 26.557602267930349, 0.0 ], [ 89.414481624127689, 26.556945376128283, 0.0 ], [ 89.415308217100574, 26.557191547551952, 0.0 ], [ 89.416043775300068, 26.557183995045364, 0.0 ], [ 89.417244961985489, 26.55719031008482, 0.0 ], [ 89.418275731639767, 26.556994586131282, 0.0 ], [ 89.419259400201213, 26.556574678278821, 0.0 ], [ 89.419736028295119, 26.55556671363297, 0.0 ], [ 89.419370450286124, 26.554946355889683, 0.0 ], [ 89.418276298212675, 26.554483349826796, 0.0 ], [ 89.417704377055429, 26.554329700655217, 0.0 ], [ 89.4172820122551, 26.553595302581186, 0.0 ], [ 89.417371275364133, 26.552688827327586, 0.0 ], [ 89.417869535750526, 26.55203038419495, 0.0 ], [ 89.418104313663207, 26.551708524928529, 0.0 ], [ 89.417755305662865, 26.551470256746995, 0.0 ], [ 89.416656783783594, 26.551262398241136, 0.0 ], [ 89.41587469735947, 26.550904782829491, 0.0 ], [ 89.41542380876183, 26.550183829620096, 0.0 ], [ 89.414434521236217, 26.548737290793383, 0.0 ], [ 89.414792660952571, 26.547449908586486, 0.0 ], [ 89.415629446841535, 26.546799353407494, 0.0 ], [ 89.416229282055781, 26.546639059145321, 0.0 ], [ 89.416138168142027, 26.546283904278823, 0.0 ], [ 89.415654207875434, 26.546079991998056, 0.0 ], [ 89.414499226558121, 26.546053584305525, 0.0 ], [ 89.41335324205852, 26.545847882373948, 0.0 ], [ 89.412268136265538, 26.545959221141175, 0.0 ], [ 89.411299381161598, 26.545997597910855, 0.0 ], [ 89.410953756410777, 26.546621052919306, 0.0 ], [ 89.410649579614471, 26.547348557689816, 0.0 ], [ 89.410293559600177, 26.547545885134525, 0.0 ], [ 89.409915100601495, 26.547777253717356, 0.0 ], [ 89.409480648013528, 26.548226781640722, 0.0 ], [ 89.40916698516827, 26.549009023647557, 0.0 ], [ 89.409125698192497, 26.549970827891457, 0.0 ], [ 89.409567375933705, 26.550495547231776, 0.0 ], [ 89.410261683130216, 26.550863679315398, 0.0 ], [ 89.410455013987757, 26.551535980101448, 0.0 ], [ 89.409028982401651, 26.551486121687219, 0.0 ], [ 89.407933507425469, 26.551274518404341, 0.0 ], [ 89.406825886205752, 26.551645005812418, 0.0 ], [ 89.406022618049462, 26.55232442473249, 0.0 ], [ 89.405838972890365, 26.553610378815961, 0.0 ] ] ] ] } },
{ "type": "Feature", "properties": { "Compartment": "BN-6", "Area_in_Ha": 433.011, "Shape_Area": 0.00034942692, "Beat": "Bania Beat", "Range": "Kodalbasti", "Division": "Jaldapara" }, "geometry": { "type": "MultiPolygon", "coordinates": [ [ [ [ 89.383689940738236, 26.569878573237588, 0.0 ], [ 89.383961105220862, 26.569664925795735, 0.0 ], [ 89.384241342064342, 26.569524532631135, 0.0 ], [ 89.384724378727128, 26.569296282897199, 0.0 ], [ 89.385116713365676, 26.569065685033365, 0.0 ], [ 89.385455489779076, 26.568875386689797, 0.0 ], [ 89.385779243917057, 26.568687420288256, 0.0 ], [ 89.386144301218565, 26.568554181230525, 0.0 ], [ 89.386566849480573, 26.568447803123661, 0.0 ], [ 89.386999383814555, 26.568486580091644, 0.0 ], [ 89.387471142079619, 26.568636147240454, 0.0 ], [ 89.388050274000989, 26.568642813914778, 0.0 ], [ 89.388376052512854, 26.568555323369537, 0.0 ], [ 89.388788881801531, 26.568424280456213, 0.0 ], [ 89.389341536782581, 26.568372220501601, 0.0 ], [ 89.389859708159065, 26.568328675328132, 0.0 ], [ 89.390338450559113, 26.568175484810808, 0.0 ], [ 89.390477751946776, 26.567708986680429, 0.0 ], [ 89.390335915370258, 26.56734927854643, 0.0 ], [ 89.390028374210146, 26.567098369494204, 0.0 ], [ 89.389736949800465, 26.566721275666396, 0.0 ], [ 89.389874010976882, 26.56630618278416, 0.0 ], [ 89.39007984690744, 26.565979945618039, 0.0 ], [ 89.390313700317051, 26.565754969416332, 0.0 ], [ 89.390556567631563, 26.565515367540229, 0.0 ], [ 89.390988872638445, 26.565243887395525, 0.0 ], [ 89.391428009794879, 26.565011196809337, 0.0 ], [ 89.391736136413613, 26.564834723743559, 0.0 ], [ 89.392053308413495, 26.564667557761652, 0.0 ], [ 89.392353077632492, 26.564467544941294, 0.0 ], [ 89.392730713751519, 26.564179130562479, 0.0 ], [ 89.393159552771181, 26.56381072508492, 0.0 ], [ 89.3933215008866, 26.563420789837608, 0.0 ], [ 89.393317301951981, 26.562906937005607, 0.0 ], [ 89.393251087567705, 26.562388860957242, 0.0 ], [ 89.393394800129954, 26.562034149456508, 0.0 ], [ 89.393713971322768, 26.56194239702404, 0.0 ], [ 89.394275891119548, 26.561914961406387, 0.0 ], [ 89.394744846197739, 26.561892775131525, 0.0 ], [ 89.395170404490614, 26.561825444688566, 0.0 ], [ 89.395570567727589, 26.561701677290614, 0.0 ], [ 89.395924128096112, 26.561508339238515, 0.0 ], [ 89.396232592859917, 26.561387208652832, 0.0 ], [ 89.396534108562321, 26.561248486428553, 0.0 ], [ 89.396830858757198, 26.561112970287411, 0.0 ], [ 89.397273533846544, 26.560976927143543, 0.0 ], [ 89.397714412090522, 26.560796316297001, 0.0 ], [ 89.398011988762335, 26.560698598661475, 0.0 ], [ 89.398316319342712, 26.560576883516433, 0.0 ], [ 89.398626911003191, 26.560429020582887, 0.0 ], [ 89.398976047606595, 26.56033789317928, 0.0 ], [ 89.399456690274121, 26.560176480160465, 0.0 ], [ 89.399868186767492, 26.559962192401315, 0.0 ], [ 89.400164680655564, 26.55966354014032, 0.0 ], [ 89.400343133129127, 26.559415806594245, 0.0 ], [ 89.40045564551167, 26.559120112203459, 0.0 ], [ 89.400483289772069, 26.558742828618676, 0.0 ], [ 89.400383792378193, 26.558234145089784, 0.0 ], [ 89.40032373475259, 26.557635416940968, 0.0 ], [ 89.400481540590704, 26.55731818828383, 0.0 ], [ 89.400866052926062, 26.557255796018239, 0.0 ], [ 89.401199050295986, 26.557245407049948, 0.0 ], [ 89.401579521977396, 26.557206908871819, 0.0 ], [ 89.402021869713565, 26.557130030326675, 0.0 ], [ 89.40250468154585, 26.557118451555368, 0.0 ], [ 89.402902263728549, 26.557117322006832, 0.0 ], [ 89.403276629912625, 26.557167476298048, 0.0 ], [ 89.403617960400595, 26.557340761267142, 0.0 ], [ 89.403995780880621, 26.557465015198318, 0.0 ], [ 89.404383253784204, 26.557349345296075, 0.0 ], [ 89.404579044287516, 26.557076606999885, 0.0 ], [ 89.404797584041319, 26.556810637900696, 0.0 ], [ 89.404947027983042, 26.556543374677062, 0.0 ], [ 89.405141618790708, 26.556214837045161, 0.0 ], [ 89.405354843551265, 26.555786806515982, 0.0 ], [ 89.405558689282145, 26.555272682088685, 0.0 ], [ 89.405736176783194, 26.554737548599064, 0.0 ], [ 89.405838972890365, 26.553610378815961, 0.0 ], [ 89.38457013150645, 26.545924617027481, 0.0 ], [ 89.381016618722015, 26.546240406769414, 0.0 ], [ 89.381618373089509, 26.568220995902266, 0.0 ], [ 89.381730472683216, 26.570535727641754, 0.0 ], [ 89.38298560789957, 26.570550249894154, 0.0 ], [ 89.383223003738692, 26.570340009084191, 0.0 ], [ 89.383460375296124, 26.5701045719685, 0.0 ], [ 89.383689940738236, 26.569878573237588, 0.0 ] ] ] ] } },
{ "type": "Feature", "properties": { "Compartment": "HM-1", "Area_in_Ha": 332.901, "Shape_Area": 0.00026864145, "Beat": "Hasimara Beat", "Range": "Nilpara", "Division": "Jaldapara" }, "geometry": { "type": "MultiPolygon", "coordinates": [ [ [ [ 89.308925683773339, 26.745799199873204, 0.0 ], [ 89.311476205162819, 26.74556891407417, 0.0 ], [ 89.312003068486888, 26.743328380900095, 0.0 ], [ 89.312100302287206, 26.742925941479086, 0.0 ], [ 89.312641165357547, 26.742157578709339, 0.0 ], [ 89.312888893507704, 26.741798945265145, 0.0 ], [ 89.314442264598881, 26.740401302578107, 0.0 ], [ 89.314671897490143, 26.740169153383761, 0.0 ], [ 89.314820888173529, 26.739707176145316, 0.0 ], [ 89.315204007459045, 26.737747802519095, 0.0 ], [ 89.31522622521021, 26.736514153905148, 0.0 ], [ 89.314799562549808, 26.734585961572918, 0.0 ], [ 89.313651858546507, 26.733228626499965, 0.0 ], [ 89.312271140201005, 26.731112604463192, 0.0 ], [ 89.312148245145465, 26.730776032288134, 0.0 ], [ 89.311597270097991, 26.728998282145028, 0.0 ], [ 89.311456345434067, 26.728640870879531, 0.0 ], [ 89.306380010629027, 26.728119788397578, 0.0 ], [ 89.303292847586931, 26.728207750187551, 0.0 ], [ 89.300341936331336, 26.728296996209451, 0.0 ], [ 89.299255309784769, 26.728310716266606, 0.0 ], [ 89.296760079614046, 26.728284161085242, 0.0 ], [ 89.294722482956274, 26.728724951195602, 0.0 ], [ 89.295307174486595, 26.7362359162546, 0.0 ], [ 89.297934042921781, 26.736398356299162, 0.0 ], [ 89.298455484233273, 26.736448326229322, 0.0 ], [ 89.298924426720987, 26.736912358418635, 0.0 ], [ 89.299511403428596, 26.737519921507214, 0.0 ], [ 89.299699213348049, 26.738124853179499, 0.0 ], [ 89.300423920327717, 26.740730419373392, 0.0 ], [ 89.300723622097564, 26.742240596926081, 0.0 ], [ 89.30084201694558, 26.743034665017831, 0.0 ], [ 89.302034534166467, 26.744556676749255, 0.0 ], [ 89.302758656586775, 26.745490341206335, 0.0 ], [ 89.305166861161752, 26.745986185114418, 0.0 ], [ 89.30717778482699, 26.745878683754313, 0.0 ], [ 89.307566606713578, 26.745860249451027, 0.0 ], [ 89.308151276660169, 26.745842842173488, 0.0 ], [ 89.308925683773339, 26.745799199873204, 0.0 ] ] ] ] } },
{ "type": "Feature", "properties": { "Compartment": "HM-4", "Area_in_Ha": 597.758, "Shape_Area": 0.00048237308, "Beat": "Hasimara Beat", "Range": "Nilpara", "Division": "Jaldapara" }, "geometry": { "type": "MultiPolygon", "coordinates": [ [ [ [ 89.294722482956274, 26.728724951195602, 0.0 ], [ 89.296760079614046, 26.728284161085242, 0.0 ], [ 89.299255309784769, 26.728310716266606, 0.0 ], [ 89.300341936331336, 26.728296996209451, 0.0 ], [ 89.303292847586931, 26.728207750187551, 0.0 ], [ 89.306380010629027, 26.728119788397578, 0.0 ], [ 89.311456345434067, 26.728640870879531, 0.0 ], [ 89.311103840869634, 26.726344756905064, 0.0 ], [ 89.308970620198011, 26.7216514046886, 0.0 ], [ 89.308232534903595, 26.720271552390273, 0.0 ], [ 89.306511862932211, 26.7173502099443, 0.0 ], [ 89.30381037594816, 26.713533504267843, 0.0 ], [ 89.301387873951285, 26.709557177921454, 0.0 ], [ 89.298717023272047, 26.703811448039971, 0.0 ], [ 89.298498400780602, 26.703444215278353, 0.0 ], [ 89.298452035333241, 26.702640923739693, 0.0 ], [ 89.298252584589193, 26.699253879063292, 0.0 ], [ 89.295427523561443, 26.698627687417911, 0.0 ], [ 89.28412050126019, 26.696095494211761, 0.0 ], [ 89.283772104798857, 26.697190218254036, 0.0 ], [ 89.284269244629968, 26.697530615245739, 0.0 ], [ 89.284815111528246, 26.698005016618254, 0.0 ], [ 89.285270340254044, 26.698665995839065, 0.0 ], [ 89.285439693387218, 26.698930749054853, 0.0 ], [ 89.285937244208526, 26.699825721979551, 0.0 ], [ 89.286488627548181, 26.700890924876319, 0.0 ], [ 89.286331659878272, 26.702145902711266, 0.0 ], [ 89.285462713333629, 26.703504369131394, 0.0 ], [ 89.285632491846059, 26.70486498852847, 0.0 ], [ 89.28632562542731, 26.7063904590525, 0.0 ], [ 89.286055155221277, 26.708270992712187, 0.0 ], [ 89.285936792748828, 26.71099644393081, 0.0 ], [ 89.286224729587673, 26.713374661511466, 0.0 ], [ 89.287198130589331, 26.715748427448034, 0.0 ], [ 89.288162007770495, 26.716403698671797, 0.0 ], [ 89.290215365946437, 26.719631958148398, 0.0 ], [ 89.291694873020049, 26.723177896842515, 0.0 ], [ 89.29459932799665, 26.726072775837963, 0.0 ], [ 89.294722482956274, 26.728724951195602, 0.0 ] ] ] ] } },
{ "type": "Feature", "properties": { "Compartment": "HM-2", "Area_in_Ha": 264.818, "Shape_Area": 0.00021169716, "Beat": "Hasimara Beat", "Range": "Nilpara", "Division": "Jaldapara" }, "geometry": { "type": "MultiPolygon", "coordinates": [ [ [ [ 89.319180001056282, 26.74353649661208, 0.0 ], [ 89.327870013290521, 26.739281649328689, 0.0 ], [ 89.328451298188895, 26.738397637341166, 0.0 ], [ 89.328740348388408, 26.737643066574321, 0.0 ], [ 89.328685843177198, 26.733547737438187, 0.0 ], [ 89.328240569047068, 26.732769174557802, 0.0 ], [ 89.32747046698853, 26.732626309156899, 0.0 ], [ 89.327530952691347, 26.732164009061819, 0.0 ], [ 89.327341325242003, 26.731654533230198, 0.0 ], [ 89.327030693112079, 26.730146164214148, 0.0 ], [ 89.327038022586748, 26.728936049059485, 0.0 ], [ 89.324089270603395, 26.727757224916047, 0.0 ], [ 89.31889449328628, 26.728020686705406, 0.0 ], [ 89.31849000520964, 26.728047436140344, 0.0 ], [ 89.315253164402066, 26.728323995655899, 0.0 ], [ 89.31260109156716, 26.728553490950901, 0.0 ], [ 89.311456345434067, 26.728640870879531, 0.0 ], [ 89.311597270997311, 26.728998282145028, 0.0 ], [ 89.312148245145465, 26.730776032288134, 0.0 ], [ 89.312271141100325, 26.731112603563872, 0.0 ], [ 89.313651857647187, 26.733228627399285, 0.0 ], [ 89.314799561650489, 26.734585961572918, 0.0 ], [ 89.31522622610953, 26.736514153905148, 0.0 ], [ 89.315204006559725, 26.737747801619776, 0.0 ], [ 89.314820888173529, 26.739707176145316, 0.0 ], [ 89.314671896590824, 26.740169153383761, 0.0 ], [ 89.314442263699561, 26.740401302578107, 0.0 ], [ 89.312888892608385, 26.741798945265145, 0.0 ], [ 89.312641166256867, 26.742157577810019, 0.0 ], [ 89.312100303186526, 26.742925940579767, 0.0 ], [ 89.312003067587568, 26.743328380000776, 0.0 ], [ 89.311476205162819, 26.74556891407417, 0.0 ], [ 89.315076211997621, 26.745270138606088, 0.0 ], [ 89.319180001056282, 26.74353649661208, 0.0 ] ] ] ] } },
{ "type": "Feature", "properties": { "Compartment": "BN-4", "Area_in_Ha": 443.567, "Shape_Area": 0.00035794527, "Beat": "Bania Beat", "Range": "Kodalbasti", "Division": "Jaldapara" }, "geometry": { "type": "MultiPolygon", "coordinates": [ [ [ [ 89.398776235335049, 26.595452687791351, 0.0 ], [ 89.410118465195069, 26.59516385882506, 0.0 ], [ 89.410788184926844, 26.595182503569731, 0.0 ], [ 89.413747034498101, 26.594859235065712, 0.0 ], [ 89.411995323325584, 26.594264311049187, 0.0 ], [ 89.412509638409119, 26.592624067246959, 0.0 ], [ 89.412746753659803, 26.592423584980509, 0.0 ], [ 89.41314642047098, 26.59195176376295, 0.0 ], [ 89.413387823689163, 26.591613862389863, 0.0 ], [ 89.413550187291378, 26.591342819315685, 0.0 ], [ 89.413866196467836, 26.591075624440577, 0.0 ], [ 89.414070169003139, 26.590702517307363, 0.0 ], [ 89.414350878889991, 26.590331449836583, 0.0 ], [ 89.414594165288577, 26.589925229665653, 0.0 ], [ 89.414914177347441, 26.589521032070024, 0.0 ], [ 89.415153057067982, 26.589252271475175, 0.0 ], [ 89.415131761121927, 26.588702393600613, 0.0 ], [ 89.414875934576798, 26.588284050568518, 0.0 ], [ 89.41465209242017, 26.588072611861605, 0.0 ], [ 89.414351559676788, 26.587859315155299, 0.0 ], [ 89.414051073698147, 26.587645984274786, 0.0 ], [ 89.413906252271772, 26.587367980447993, 0.0 ], [ 89.413840341858361, 26.587023427689076, 0.0 ], [ 89.413695569894685, 26.586745539874812, 0.0 ], [ 89.413552991377514, 26.586399192069109, 0.0 ], [ 89.413414787162765, 26.585915979139202, 0.0 ], [ 89.413276627014795, 26.585432905604137, 0.0 ], [ 89.413180109074858, 26.584848307603352, 0.0 ], [ 89.413160270929836, 26.584265845492439, 0.0 ], [ 89.413177671012761, 26.583718747422324, 0.0 ], [ 89.413197229468608, 26.583103451962813, 0.0 ], [ 89.413097527928642, 26.582622178870508, 0.0 ], [ 89.412919090743515, 26.582207476294059, 0.0 ], [ 89.412698054471718, 26.581928561453992, 0.0 ], [ 89.412477060468007, 26.581649694278042, 0.0 ], [ 89.412256110531132, 26.581370888255947, 0.0 ], [ 89.412111743262415, 26.581093960018279, 0.0 ], [ 89.411890815808533, 26.580815078453156, 0.0 ], [ 89.411746491707277, 26.580538204174843, 0.0 ], [ 89.411452382821267, 26.580155115466255, 0.0 ], [ 89.410965989888552, 26.579801712479082, 0.0 ], [ 89.410631576985736, 26.57948611519214, 0.0 ], [ 89.410329858036562, 26.579341895412199, 0.0 ], [ 89.410028156174519, 26.579197681927553, 0.0 ], [ 89.409726832027729, 26.579054247255783, 0.0 ], [ 89.409423485305638, 26.57897937240017, 0.0 ], [ 89.408932977974587, 26.57876242804366, 0.0 ], [ 89.408521345683596, 26.578479357436436, 0.0 ], [ 89.408222237466362, 26.578267329673565, 0.0 ], [ 89.407999674145685, 26.578057282217856, 0.0 ], [ 89.407858280035668, 26.577713089187739, 0.0 ], [ 89.407910247360064, 26.577269298939029, 0.0 ], [ 89.408115939399124, 26.57683083087818, 0.0 ], [ 89.408507613035965, 26.576568591267517, 0.0 ], [ 89.408900735480643, 26.576236674882693, 0.0 ], [ 89.409292113240497, 26.575974189757119, 0.0 ], [ 89.409458552570186, 26.575569840176058, 0.0 ], [ 89.409546229275122, 26.575231600657901, 0.0 ], [ 89.409557434827832, 26.574891431194658, 0.0 ], [ 89.409568754594432, 26.574551661030398, 0.0 ], [ 89.409543190465911, 26.574177650078525, 0.0 ], [ 89.409300962569432, 26.573739648765809, 0.0 ], [ 89.409107966259683, 26.574089339351588, 0.0 ], [ 89.408778362931173, 26.574362347444435, 0.0 ], [ 89.408399442580276, 26.574655959904703, 0.0 ], [ 89.408053000345774, 26.574870656855353, 0.0 ], [ 89.407727034774894, 26.575068295465542, 0.0 ], [ 89.407311816886875, 26.575306791175535, 0.0 ], [ 89.406944620997535, 26.575513153209499, 0.0 ], [ 89.406646122520613, 26.575687070402012, 0.0 ], [ 89.406230533212579, 26.575924622723221, 0.0 ], [ 89.405994649133788, 26.576204470160235, 0.0 ], [ 89.405722380283692, 26.576555725566323, 0.0 ], [ 89.405422184786062, 26.576958896136205, 0.0 ], [ 89.405302791690531, 26.577491326263726, 0.0 ], [ 89.405198413675919, 26.578432096264294, 0.0 ], [ 89.402130381012341, 26.578212707550449, 0.0 ], [ 89.401410418855789, 26.578573863592965, 0.0 ], [ 89.387677176760349, 26.591592709436043, 0.0 ], [ 89.384074546603074, 26.595084152811467, 0.0 ], [ 89.383057445744612, 26.595833136989711, 0.0 ], [ 89.398776235335049, 26.595452687791351, 0.0 ] ] ] ] } },
{ "type": "Feature", "properties": { "Compartment": "MB-4", "Area_in_Ha": 284.992, "Shape_Area": 0.00022998013, "Beat": "Mendabari Beat", "Range": "Chilapata", "Division": "Jaldapara" }, "geometry": { "type": "MultiPolygon", "coordinates": [ [ [ [ 89.391290135631323, 26.61216462120035, 0.0 ], [ 89.396562758264736, 26.61172696342868, 0.0 ], [ 89.3967348462362, 26.600520148086389, 0.0 ], [ 89.398776235335049, 26.595452687791351, 0.0 ], [ 89.383057445744612, 26.595833136989711, 0.0 ], [ 89.383092887127077, 26.612578799472089, 0.0 ], [ 89.391290135631323, 26.61216462120035, 0.0 ] ] ] ] } },
{ "type": "Feature", "properties": { "Compartment": "MB-3", "Area_in_Ha": 214.248, "Shape_Area": 0.00017289141, "Beat": "Mendabari Beat", "Range": "Chilapata", "Division": "Jaldapara" }, "geometry": { "type": "MultiPolygon", "coordinates": [ [ [ [ 89.410788184926844, 26.595182503569731, 0.0 ], [ 89.410118465195069, 26.59516385882506, 0.0 ], [ 89.398776235335049, 26.595452687791351, 0.0 ], [ 89.3967348462362, 26.600520148086389, 0.0 ], [ 89.396562758264736, 26.61172696342868, 0.0 ], [ 89.398077575419848, 26.611854834433132, 0.0 ], [ 89.400447733276337, 26.612060123575873, 0.0 ], [ 89.400929482109973, 26.610078833471448, 0.0 ], [ 89.40103429809443, 26.609666764109932, 0.0 ], [ 89.401360110780558, 26.609399183425637, 0.0 ], [ 89.40168558172428, 26.609131880631821, 0.0 ], [ 89.402089381819565, 26.608866153450265, 0.0 ], [ 89.402409392079846, 26.608735268817668, 0.0 ], [ 89.402807128046561, 26.60853897289536, 0.0 ], [ 89.403240194779244, 26.608344784983899, 0.0 ], [ 89.403749915226456, 26.608152605258567, 0.0 ], [ 89.404141900028719, 26.608025444718578, 0.0 ], [ 89.40445765109979, 26.607896141094102, 0.0 ], [ 89.404973566976594, 26.607634827785148, 0.0 ], [ 89.405412277854396, 26.607371842636496, 0.0 ], [ 89.405727216837647, 26.60724290413674, 0.0 ], [ 89.406046098448769, 26.607045740368676, 0.0 ], [ 89.406288140185552, 26.606846800439541, 0.0 ], [ 89.40668672151503, 26.60658385935767, 0.0 ], [ 89.406928125632533, 26.606385357398381, 0.0 ], [ 89.407249816725709, 26.606120906354818, 0.0 ], [ 89.407490656968321, 26.605922818982947, 0.0 ], [ 89.407731193240011, 26.605724924965386, 0.0 ], [ 89.408053415832512, 26.605427448118292, 0.0 ], [ 89.40837888947425, 26.605062620143883, 0.0 ], [ 89.408545925054455, 26.604795910902624, 0.0 ], [ 89.408785736472623, 26.604598891925377, 0.0 ], [ 89.40895675604952, 26.604265115742521, 0.0 ], [ 89.409243405059158, 26.603901080070841, 0.0 ], [ 89.40945572240372, 26.603468584407722, 0.0 ], [ 89.409551311343989, 26.603067561418868, 0.0 ], [ 89.409796512399168, 26.602737932909349, 0.0 ], [ 89.409889589533009, 26.602404967015673, 0.0 ], [ 89.410027244261983, 26.601939834955488, 0.0 ], [ 89.410164648979446, 26.601475550056648, 0.0 ], [ 89.410181495079996, 26.601142478042959, 0.0 ], [ 89.410205012351526, 26.60067699614649, 0.0 ], [ 89.410230160993194, 26.600179229487878, 0.0 ], [ 89.410251912895546, 26.599748674561738, 0.0 ], [ 89.410268617802501, 26.599418028019613, 0.0 ], [ 89.410285297528503, 26.599087859017516, 0.0 ], [ 89.410383896499695, 26.598628249694002, 0.0 ], [ 89.410413482396336, 26.598036132461573, 0.0 ], [ 89.41043656349666, 26.597576685016065, 0.0 ], [ 89.410497136433776, 26.59711911085833, 0.0 ], [ 89.410632498790847, 26.596664159123691, 0.0 ], [ 89.410730146279263, 26.596209228073462, 0.0 ], [ 89.410756067438626, 26.595688265201318, 0.0 ], [ 89.410788184926844, 26.595182503569731, 0.0 ] ] ] ] } },
{ "type": "Feature", "properties": { "Compartment": "MB-2", "Area_in_Ha": 416.311, "Shape_Area": 0.00033595086, "Beat": "Mendabari Beat", "Range": "Chilapata", "Division": "Jaldapara" }, "geometry": { "type": "MultiPolygon", "coordinates": [ [ [ [ 89.400447733276337, 26.612060123575873, 0.0 ], [ 89.398077575419848, 26.611854834433132, 0.0 ], [ 89.396562758264736, 26.61172696342868, 0.0 ], [ 89.391290135631323, 26.61216462120035, 0.0 ], [ 89.391186665032649, 26.647383944013882, 0.0 ], [ 89.397724305532336, 26.640503755344071, 0.0 ], [ 89.398032622807364, 26.640034160847904, 0.0 ], [ 89.398289739879658, 26.639746683562635, 0.0 ], [ 89.398553426499518, 26.639349806448479, 0.0 ], [ 89.398816829832867, 26.638953384391243, 0.0 ], [ 89.398993719284761, 26.638665118400525, 0.0 ], [ 89.399407619665965, 26.638383649485888, 0.0 ], [ 89.399734080763267, 26.638244750994488, 0.0 ], [ 89.400148397530586, 26.637962076988288, 0.0 ], [ 89.400473464678726, 26.63782458503664, 0.0 ], [ 89.400779433823857, 26.63732408713696, 0.0 ], [ 89.400847719346814, 26.636818970319268, 0.0 ], [ 89.401022495391885, 26.636533395100173, 0.0 ], [ 89.401325614585517, 26.636070773947097, 0.0 ], [ 89.401549488218393, 26.635606944105234, 0.0 ], [ 89.401723319975304, 26.63532292471325, 0.0 ], [ 89.401901026910934, 26.634967357057917, 0.0 ], [ 89.401933643522909, 26.63439304820065, 0.0 ], [ 89.402042546926054, 26.63385793449612, 0.0 ], [ 89.402147180348152, 26.6333953628058, 0.0 ], [ 89.402175370496991, 26.632896059205791, 0.0 ], [ 89.402203391573323, 26.63239792832178, 0.0 ], [ 89.402223197342721, 26.632042947024445, 0.0 ], [ 89.402242976132527, 26.631688481038623, 0.0 ], [ 89.402266670570441, 26.631263840054203, 0.0 ], [ 89.402384292001557, 26.630559310264005, 0.0 ], [ 89.402496728841015, 26.629928050938872, 0.0 ], [ 89.402669932871163, 26.629582283195873, 0.0 ], [ 89.4029272675794, 26.629132845204708, 0.0 ], [ 89.403255146008235, 26.628825261776456, 0.0 ], [ 89.403654581693672, 26.628624987253431, 0.0 ], [ 89.403824629103383, 26.628349141799504, 0.0 ], [ 89.403843129057236, 26.627999926955113, 0.0 ], [ 89.403866954796172, 26.627546877286591, 0.0 ], [ 89.403816482144975, 26.62702364542497, 0.0 ], [ 89.403882522960146, 26.626504032435207, 0.0 ], [ 89.404023177827469, 26.626055724891842, 0.0 ], [ 89.404195646212145, 26.625713743294682, 0.0 ], [ 89.404367870880606, 26.625372242834771, 0.0 ], [ 89.404473525932531, 26.624822630260212, 0.0 ], [ 89.404390263100197, 26.624200684314189, 0.0 ], [ 89.404376845215268, 26.623719295209355, 0.0 ], [ 89.404089466855453, 26.623334820645482, 0.0 ], [ 89.403733141071655, 26.622812337919129, 0.0 ], [ 89.40344862255597, 26.622395152314482, 0.0 ], [ 89.403160867380166, 26.622046764846345, 0.0 ], [ 89.402837184288671, 26.621663939639177, 0.0 ], [ 89.4024049898984, 26.621177040388147, 0.0 ], [ 89.402082313148298, 26.620795544378893, 0.0 ], [ 89.401868814993861, 26.620518995655175, 0.0 ], [ 89.401661527557508, 26.620141408998904, 0.0 ], [ 89.401839651778573, 26.619706465381114, 0.0 ], [ 89.402156193353676, 26.61951187547271, 0.0 ], [ 89.40247245793762, 26.61931745643551, 0.0 ], [ 89.402712352992751, 26.619121297210143, 0.0 ], [ 89.402883600997427, 26.618789015700543, 0.0 ], [ 89.40310085202276, 26.618324086887128, 0.0 ], [ 89.403169467596911, 26.617789427340256, 0.0 ], [ 89.403127850569888, 26.617186490364304, 0.0 ], [ 89.403002849302084, 26.616716272637916, 0.0 ], [ 89.402835477375447, 26.616312413187359, 0.0 ], [ 89.402668354560944, 26.615909120309709, 0.0 ], [ 89.402577511343111, 26.615508536190021, 0.0 ], [ 89.402344345015592, 26.614972767779079, 0.0 ], [ 89.401986595604967, 26.614633113627349, 0.0 ], [ 89.401696995020359, 26.61442771296862, 0.0 ], [ 89.401487316286648, 26.614158655597521, 0.0 ], [ 89.401285029080896, 26.613758187490419, 0.0 ], [ 89.400974542641109, 26.613289994137972, 0.0 ], [ 89.400447733276337, 26.612060123575873, 0.0 ] ] ] ] } },
{ "type": "Feature", "properties": { "Compartment": "MB-1", "Area_in_Ha": 424.568, "Shape_Area": 0.00034261408, "Beat": "Manthuram Beat", "Range": "Kodalbasti", "Division": "Jaldapara" }, "geometry": { "type": "MultiPolygon", "coordinates": [ [ [ [ 89.391186665032649, 26.647383944013882, 0.0 ], [ 89.391290135631323, 26.61216462120035, 0.0 ], [ 89.383092887127077, 26.612578799472089, 0.0 ], [ 89.386019657880979, 26.622992469426947, 0.0 ], [ 89.381744750320024, 26.631231018396818, 0.0 ], [ 89.378926424315068, 26.636486203175764, 0.0 ], [ 89.380602558261501, 26.644693230008613, 0.0 ], [ 89.380809798933115, 26.645395889208999, 0.0 ], [ 89.383773695499713, 26.653282280752705, 0.0 ], [ 89.384003854494324, 26.653843043121981, 0.0 ], [ 89.388229784976659, 26.650248321602817, 0.0 ], [ 89.391186665032649, 26.647383944013882, 0.0 ] ] ] ] } },
{ "type": "Feature", "properties": { "Compartment": "BN-7", "Area_in_Ha": 331.487, "Shape_Area": 0.00026749997, "Beat": "Chilapata Beat", "Range": "Jaldapara East", "Division": "Jaldapara" }, "geometry": { "type": "MultiPolygon", "coordinates": [ [ [ [ 89.375856307023014, 26.569470551724635, 0.0 ], [ 89.376293194075686, 26.568400722715239, 0.0 ], [ 89.3777728720205, 26.568273394002006, 0.0 ], [ 89.378588174005074, 26.568238672077086, 0.0 ], [ 89.381618373089509, 26.568220995902266, 0.0 ], [ 89.381016618722015, 26.546240406769414, 0.0 ], [ 89.36962160944978, 26.546575149723424, 0.0 ], [ 89.369306973538073, 26.569596600702596, 0.0 ], [ 89.375856307023014, 26.569470551724635, 0.0 ] ] ] ] } },
{ "type": "Feature", "properties": { "Compartment": "BN-3", "Area_in_Ha": 456.545, "Shape_Area": 0.00036841817, "Beat": "Bania Beat", "Range": "Kodalbasti", "Division": "Jaldapara" }, "geometry": { "type": "MultiPolygon", "coordinates": [ [ [ [ 89.401410418855789, 26.578573863592965, 0.0 ], [ 89.402130381012341, 26.578212707550449, 0.0 ], [ 89.405198413675919, 26.578432096264294, 0.0 ], [ 89.405302791690531, 26.577491326263726, 0.0 ], [ 89.405422184786062, 26.576958896136205, 0.0 ], [ 89.405722380283692, 26.576555725566323, 0.0 ], [ 89.405994649133788, 26.576204470160235, 0.0 ], [ 89.406230533212579, 26.575924622723221, 0.0 ], [ 89.406646122520613, 26.575687070402012, 0.0 ], [ 89.406944620997535, 26.575513153209499, 0.0 ], [ 89.407311816886875, 26.575306791175535, 0.0 ], [ 89.407727034774894, 26.575068295465542, 0.0 ], [ 89.408053000345774, 26.574870656855353, 0.0 ], [ 89.408399442580276, 26.574655959904703, 0.0 ], [ 89.408778362931173, 26.574362347444435, 0.0 ], [ 89.409107966259683, 26.574089339351588, 0.0 ], [ 89.409300962569432, 26.573739648765809, 0.0 ], [ 89.409114838878793, 26.572432398736282, 0.0 ], [ 89.41009264565912, 26.571806900468118, 0.0 ], [ 89.410531791808808, 26.571442800944567, 0.0 ], [ 89.410783038106786, 26.570971461763577, 0.0 ], [ 89.404082882019452, 26.570871924799519, 0.0 ], [ 89.393835973351543, 26.570778962778945, 0.0 ], [ 89.38298560789957, 26.570550249894154, 0.0 ], [ 89.381730472683216, 26.570535727641754, 0.0 ], [ 89.383057445744612, 26.595833136989711, 0.0 ], [ 89.384074546603074, 26.595084152811467, 0.0 ], [ 89.387677176760349, 26.591592709436043, 0.0 ], [ 89.401410418855789, 26.578573863592965, 0.0 ] ] ] ] } },
{ "type": "Feature", "properties": { "Compartment": "BN-2", "Area_in_Ha": 438.61, "Shape_Area": 0.00035394549, "Beat": "Bania Beat", "Range": "Kodalbasti", "Division": "Jaldapara" }, "geometry": { "type": "MultiPolygon", "coordinates": [ [ [ [ 89.381730472683216, 26.570535727641754, 0.0 ], [ 89.381618373089509, 26.568220995902266, 0.0 ], [ 89.378588174005074, 26.568238672077086, 0.0 ], [ 89.3777728720205, 26.568273394002006, 0.0 ], [ 89.376293194075686, 26.568400722715239, 0.0 ], [ 89.375856307023014, 26.569470551724635, 0.0 ], [ 89.369306973538073, 26.569596600702596, 0.0 ], [ 89.368924864191172, 26.588793950880188, 0.0 ], [ 89.36889963371118, 26.595282089996488, 0.0 ], [ 89.371768048356785, 26.595511651841321, 0.0 ], [ 89.383057445744612, 26.595833136989711, 0.0 ], [ 89.381730472683216, 26.570535727641754, 0.0 ] ] ] ] } },
{ "type": "Feature", "properties": { "Compartment": "MB-5A", "Area_in_Ha": 184.929, "Shape_Area": 0.00014923259, "Beat": "Mendabari Beat", "Range": "Chilapata", "Division": "Jaldapara" }, "geometry": { "type": "MultiPolygon", "coordinates": [ [ [ [ 89.383092887127077, 26.612578799472089, 0.0 ], [ 89.383057445744612, 26.595833136989711, 0.0 ], [ 89.371768048356785, 26.595511651841321, 0.0 ], [ 89.371925035811785, 26.595956507786639, 0.0 ], [ 89.372080651800673, 26.596239022612849, 0.0 ], [ 89.372271027485965, 26.596680035755071, 0.0 ], [ 89.372343228657144, 26.597140583071507, 0.0 ], [ 89.372395721185626, 26.597586880630104, 0.0 ], [ 89.372546091429058, 26.598077179318409, 0.0 ], [ 89.372640036408598, 26.598644000420336, 0.0 ], [ 89.37276163644043, 26.599159764311707, 0.0 ], [ 89.372887919242146, 26.599510647398517, 0.0 ], [ 89.373027758424371, 26.599872626320689, 0.0 ], [ 89.373270051072041, 26.600356578493347, 0.0 ], [ 89.373480761328153, 26.600807896067579, 0.0 ], [ 89.373698210204282, 26.601131902015709, 0.0 ], [ 89.373905308783037, 26.601367529787694, 0.0 ], [ 89.374160505802763, 26.601634621240805, 0.0 ], [ 89.374422376691371, 26.601905544705176, 0.0 ], [ 89.374657412709496, 26.602163036794764, 0.0 ], [ 89.374917114433345, 26.602501004717624, 0.0 ], [ 89.375096827756465, 26.602843753436503, 0.0 ], [ 89.375339997243145, 26.603305306194954, 0.0 ], [ 89.375497555767652, 26.603759485411956, 0.0 ], [ 89.375484617221389, 26.604068741579226, 0.0 ], [ 89.375429405142995, 26.604428002750183, 0.0 ], [ 89.375301505360255, 26.604870462901602, 0.0 ], [ 89.375265202427215, 26.605465559587969, 0.0 ], [ 89.375234919555965, 26.605850183439259, 0.0 ], [ 89.375204897488061, 26.606212787390291, 0.0 ], [ 89.375178880101316, 26.606677872685736, 0.0 ], [ 89.375153949994854, 26.607224358317524, 0.0 ], [ 89.37513893851127, 26.607649459754839, 0.0 ], [ 89.375224291367999, 26.608136555058024, 0.0 ], [ 89.375327788047059, 26.608431243107418, 0.0 ], [ 89.375294515829296, 26.608881749493207, 0.0 ], [ 89.375176351207699, 26.609262383951886, 0.0 ], [ 89.375028938834532, 26.609610692279659, 0.0 ], [ 89.374974214188683, 26.610014432120408, 0.0 ], [ 89.374918432839479, 26.610425929513099, 0.0 ], [ 89.374915017214335, 26.610919150098766, 0.0 ], [ 89.374953721337249, 26.611263981647483, 0.0 ], [ 89.374993415613687, 26.611600073584555, 0.0 ], [ 89.375122650889693, 26.612802678500884, 0.0 ], [ 89.37855958905385, 26.612671670661143, 0.0 ], [ 89.379279129428312, 26.61267571581169, 0.0 ], [ 89.381392815925778, 26.612604370795111, 0.0 ], [ 89.383092887127077, 26.612578799472089, 0.0 ] ] ] ] } },
{ "type": "Feature", "properties": { "Compartment": "BD-8", "Area_in_Ha": 378.919, "Shape_Area": 0.00030577675, "Beat": "Manthuram Beat", "Range": "Kodalbasti", "Division": "Jaldapara" }, "geometry": { "type": "MultiPolygon", "coordinates": [ [ [ [ 89.381744750320024, 26.631231018396818, 0.0 ], [ 89.386019657880979, 26.622992469426947, 0.0 ], [ 89.383092887127077, 26.612578799472089, 0.0 ], [ 89.381392815925778, 26.612604370795111, 0.0 ], [ 89.379279129428312, 26.61267571581169, 0.0 ], [ 89.37855958905385, 26.612671670661143, 0.0 ], [ 89.375122650889693, 26.612802678500884, 0.0 ], [ 89.369432506305202, 26.613063014246734, 0.0 ], [ 89.365952397085493, 26.631296537605181, 0.0 ], [ 89.381744750320024, 26.631231018396818, 0.0 ] ] ] ] } },
{ "type": "Feature", "properties": { "Compartment": "BD-5", "Area_in_Ha": 257.319, "Shape_Area": 0.00020764843, "Beat": "Manthuram Beat", "Range": "Kodalbasti", "Division": "Jaldapara" }, "geometry": { "type": "MultiPolygon", "coordinates": [ [ [ [ 89.380602558261501, 26.644693230008613, 0.0 ], [ 89.378926424315068, 26.636486203175764, 0.0 ], [ 89.381744750320024, 26.631231018396818, 0.0 ], [ 89.365952397085493, 26.631296537605181, 0.0 ], [ 89.363721307692231, 26.645277335180936, 0.0 ], [ 89.380602558261501, 26.644693230008613, 0.0 ] ] ] ] } },
{ "type": "Feature", "properties": { "Compartment": "BD-4", "Area_in_Ha": 529.632, "Shape_Area": 0.00042739704, "Beat": "Manthuram Beat", "Range": "Kodalbasti", "Division": "Jaldapara" }, "geometry": { "type": "MultiPolygon", "coordinates": [ [ [ [ 89.384003854494324, 26.653843043121981, 0.0 ], [ 89.383773695499713, 26.653282280752705, 0.0 ], [ 89.380809798933115, 26.645395889208999, 0.0 ], [ 89.380602558261501, 26.644693230008613, 0.0 ], [ 89.363721307692231, 26.645277335180936, 0.0 ], [ 89.355620614899522, 26.653457202487971, 0.0 ], [ 89.359307069965382, 26.659478640227121, 0.0 ], [ 89.359397735117454, 26.660463099292656, 0.0 ], [ 89.35986408485968, 26.663952128887672, 0.0 ], [ 89.35963050124667, 26.66697823785546, 0.0 ], [ 89.360550183943872, 26.668442460051551, 0.0 ], [ 89.363632754148341, 26.669625359922463, 0.0 ], [ 89.364346975032902, 26.669690555374871, 0.0 ], [ 89.364956061573025, 26.669844986057285, 0.0 ], [ 89.365704987295373, 26.670049488293273, 0.0 ], [ 89.366391994694879, 26.670393143528827, 0.0 ], [ 89.366854115824822, 26.670591504294521, 0.0 ], [ 89.367210860692751, 26.670881536553736, 0.0 ], [ 89.367664857347336, 26.671174425959066, 0.0 ], [ 89.367998117319303, 26.671229459971642, 0.0 ], [ 89.367913974050737, 26.670616609768786, 0.0 ], [ 89.367662547888358, 26.670236101215153, 0.0 ], [ 89.367709427747968, 26.669770429561709, 0.0 ], [ 89.367468453506376, 26.669299481585881, 0.0 ], [ 89.36742918640789, 26.668742314706094, 0.0 ], [ 89.36727565234952, 26.668369072674636, 0.0 ], [ 89.367322864958282, 26.66790958655821, 0.0 ], [ 89.367370566798286, 26.667450509633341, 0.0 ], [ 89.367598738291179, 26.667089132357603, 0.0 ], [ 89.367816923712098, 26.666819963470573, 0.0 ], [ 89.368233551737092, 26.666465173728852, 0.0 ], [ 89.368459712345896, 26.666106459345656, 0.0 ], [ 89.368770798633534, 26.665841709727147, 0.0 ], [ 89.368910204342512, 26.665391918302419, 0.0 ], [ 89.369134542924883, 26.665036084447763, 0.0 ], [ 89.369452444274941, 26.664683626648127, 0.0 ], [ 89.36967545455866, 26.66432969036299, 0.0 ], [ 89.369897866793167, 26.663976699265334, 0.0 ], [ 89.370025224284745, 26.663623425780543, 0.0 ], [ 89.369964642354432, 26.663266709690959, 0.0 ], [ 89.369709477710273, 26.662993126931326, 0.0 ], [ 89.369667859783988, 26.662459228210878, 0.0 ], [ 89.369515795217808, 26.662101389767372, 0.0 ], [ 89.369558975266557, 26.661661542146476, 0.0 ], [ 89.369777797407494, 26.661318054184903, 0.0 ], [ 89.370169203945636, 26.661148239699571, 0.0 ], [ 89.379301080980156, 26.658001687228136, 0.0 ], [ 89.384003854494324, 26.653843043121981, 0.0 ] ] ] ] } },
{ "type": "Feature", "properties": { "Compartment": "BD-1A", "Area_in_Ha": 201.32, "Shape_Area": 0.00016245939, "Beat": "Kodalbasti Beat", "Range": "Kodalbasti", "Division": "Jaldapara" }, "geometry": { "type": "MultiPolygon", "coordinates": [ [ [ [ 89.360550183943872, 26.668442460051551, 0.0 ], [ 89.35963050124667, 26.66697823785546, 0.0 ], [ 89.35986408485968, 26.663952128887672, 0.0 ], [ 89.355318689106298, 26.664029560515871, 0.0 ], [ 89.348545480189841, 26.664183557725039, 0.0 ], [ 89.348236983050413, 26.664204825792126, 0.0 ], [ 89.343212974399307, 26.664792943739428, 0.0 ], [ 89.342297823385877, 26.681322072855437, 0.0 ], [ 89.351924330243719, 26.672166548147743, 0.0 ], [ 89.360550183943872, 26.668442460051551, 0.0 ] ] ] ] } },
{ "type": "Feature", "properties": { "Compartment": "SK-4", "Area_in_Ha": 169.623, "Shape_Area": 0.00013688047, "Beat": "Salkumar Beat", "Range": "Jaldapar South", "Division": "Jaldapara" }, "geometry": { "type": "MultiPolygon", "coordinates": [ [ [ [ 89.311094557168133, 26.534588846997735, 0.0 ], [ 89.309803310574409, 26.534181232877643, 0.0 ], [ 89.307907367031419, 26.534344432849366, 0.0 ], [ 89.305854529562964, 26.535488371391295, 0.0 ], [ 89.303854180126393, 26.546877357004462, 0.0 ], [ 89.320339904363152, 26.547162030203594, 0.0 ], [ 89.313142615639265, 26.536713837073989, 0.0 ], [ 89.311094557168133, 26.534588846997735, 0.0 ] ] ] ] } },
{ "type": "Feature", "properties": { "Compartment": "SK-3", "Area_in_Ha": 149.817, "Shape_Area": 0.00012089805, "Beat": "Salkumar Beat", "Range": "Jaldapar South", "Division": "Jaldapara" }, "geometry": { "type": "MultiPolygon", "coordinates": [ [ [ [ 89.320339904363152, 26.547162030203594, 0.0 ], [ 89.303854180126393, 26.546877357004462, 0.0 ], [ 89.303556621440976, 26.548305460628569, 0.0 ], [ 89.308671805159747, 26.551374715470786, 0.0 ], [ 89.309623416487511, 26.552433327236315, 0.0 ], [ 89.310606248679505, 26.553546639365948, 0.0 ], [ 89.311917787575908, 26.554979708147073, 0.0 ], [ 89.316643956053781, 26.554891921724845, 0.0 ], [ 89.323347311928956, 26.555386851022433, 0.0 ], [ 89.324350403148628, 26.553089872799433, 0.0 ], [ 89.320339904363152, 26.547162030203594, 0.0 ] ] ] ] } },
{ "type": "Feature", "properties": { "Compartment": "SK-2", "Area_in_Ha": 122.974, "Shape_Area": 9.923666e-05, "Beat": "Salkumar Beat", "Range": "Jaldapar South", "Division": "Jaldapara" }, "geometry": { "type": "MultiPolygon", "coordinates": [ [ [ [ 89.323347311928956, 26.555386851022433, 0.0 ], [ 89.316643956053781, 26.554891921724845, 0.0 ], [ 89.311917787575908, 26.554979708147073, 0.0 ], [ 89.310606248679505, 26.553546639365948, 0.0 ], [ 89.309623416487511, 26.552433327236315, 0.0 ], [ 89.309548972407185, 26.561932081800194, 0.0 ], [ 89.310448323231583, 26.562566421303359, 0.0 ], [ 89.31361514642191, 26.562809025116451, 0.0 ], [ 89.320077419237577, 26.563293834343028, 0.0 ], [ 89.323347311928956, 26.555386851022433, 0.0 ] ] ] ] } },
{ "type": "Feature", "properties": { "Compartment": "SK-1", "Area_in_Ha": 131.712, "Shape_Area": 0.00010916396, "Beat": "Salkumar Beat", "Range": "Jaldapar South", "Division": "Jaldapara" }, "geometry": { "type": "MultiPolygon", "coordinates": [ [ [ [ 89.309548973306505, 26.561932081800194, 0.0 ], [ 89.309623415588192, 26.552433327236315, 0.0 ], [ 89.308671805159747, 26.551374714571466, 0.0 ], [ 89.303556622340295, 26.548305460628569, 0.0 ], [ 89.303344944413709, 26.549328414274953, 0.0 ], [ 89.302103771172142, 26.548760300847277, 0.0 ], [ 89.299868634829693, 26.548534442410642, 0.0 ], [ 89.298810677770632, 26.549482985251643, 0.0 ], [ 89.298054259796288, 26.550693960158185, 0.0 ], [ 89.298194593605672, 26.551175560603667, 0.0 ], [ 89.298234088232618, 26.551363788707931, 0.0 ], [ 89.29847114232939, 26.551743518448689, 0.0 ], [ 89.298612519352332, 26.551975038117575, 0.0 ], [ 89.298822356366713, 26.552310919613319, 0.0 ], [ 89.299124149060276, 26.552798888158236, 0.0 ], [ 89.299665521146949, 26.552998466606027, 0.0 ], [ 89.300099735414506, 26.553156685232864, 0.0 ], [ 89.300386361941094, 26.553249063593455, 0.0 ], [ 89.300866589121824, 26.553416161226892, 0.0 ], [ 89.301219617991023, 26.553505132056273, 0.0 ], [ 89.301628980393161, 26.553601057342973, 0.0 ], [ 89.302361952142462, 26.553760633946126, 0.0 ], [ 89.302512108347173, 26.554033929822083, 0.0 ], [ 89.302787129122748, 26.554512988783472, 0.0 ], [ 89.302983970933553, 26.554861545324115, 0.0 ], [ 89.303194986959113, 26.55526013564679, 0.0 ], [ 89.303342778846229, 26.555663050809187, 0.0 ], [ 89.303611554729514, 26.556095175052349, 0.0 ], [ 89.303425227792104, 26.556449513334428, 0.0 ], [ 89.303310789061698, 26.556807146732467, 0.0 ], [ 89.302483456846119, 26.557330538673455, 0.0 ], [ 89.302005897953904, 26.557920466056714, 0.0 ], [ 89.301308093293926, 26.558804073349336, 0.0 ], [ 89.301018783190329, 26.559559252957229, 0.0 ], [ 89.301189441239785, 26.559965325639325, 0.0 ], [ 89.301320155001235, 26.56035239204931, 0.0 ], [ 89.301459735178696, 26.560635867351436, 0.0 ], [ 89.301686687190909, 26.561240806218279, 0.0 ], [ 89.302083305300357, 26.562278791133338, 0.0 ], [ 89.302817706072346, 26.56276735682809, 0.0 ], [ 89.3035132714204, 26.562940996130123, 0.0 ], [ 89.303849870575107, 26.562978970902861, 0.0 ], [ 89.304167662207931, 26.562493254260346, 0.0 ], [ 89.304580908781986, 26.562137668618561, 0.0 ], [ 89.30482346133374, 26.562224701408866, 0.0 ], [ 89.305222968065607, 26.562408721585257, 0.0 ], [ 89.305684551400986, 26.562537473925317, 0.0 ], [ 89.306247083636038, 26.562818212590514, 0.0 ], [ 89.306456908959262, 26.563028645855354, 0.0 ], [ 89.306651485377813, 26.563135035653431, 0.0 ], [ 89.306879873607329, 26.563000043816999, 0.0 ], [ 89.307208789853803, 26.562778602850301, 0.0 ], [ 89.307527565344913, 26.562600975055034, 0.0 ], [ 89.30781714524511, 26.56242708484217, 0.0 ], [ 89.30809429291736, 26.5622671008461, 0.0 ], [ 89.308439725213191, 26.562093010084425, 0.0 ], [ 89.309267959448846, 26.561990144729464, 0.0 ], [ 89.309548973306505, 26.561932081800194, 0.0 ] ] ] ] } },
{ "type": "Feature", "properties": { "Compartment": "TR-3", "Area_in_Ha": 899.123, "Shape_Area": 0.00072556537, "Beat": "Bangdaki", "Range": "Jaldapara West", "Division": "Jaldapara" }, "geometry": { "type": "MultiPolygon", "coordinates": [ [ [ [ 89.284098825800243, 26.55846147301861, 0.0 ], [ 89.283015200291345, 26.555771634953032, 0.0 ], [ 89.282430521351557, 26.552154817091207, 0.0 ], [ 89.280722683605006, 26.547819774562981, 0.0 ], [ 89.280187384640158, 26.546302802632283, 0.0 ], [ 89.279457198091279, 26.545460273672745, 0.0 ], [ 89.278471742576926, 26.545241913783343, 0.0 ], [ 89.277380539380431, 26.545183861645967, 0.0 ], [ 89.276871007790817, 26.545306544461482, 0.0 ], [ 89.276727373469555, 26.545828675552968, 0.0 ], [ 89.276051771272307, 26.546014044712422, 0.0 ], [ 89.2759502252228, 26.545193032932161, 0.0 ], [ 89.27412672656726, 26.54159548754177, 0.0 ], [ 89.27535281278216, 26.540930137615817, 0.0 ], [ 89.27490212563265, 26.539972944196052, 0.0 ], [ 89.273772333426507, 26.540276081376078, 0.0 ], [ 89.27315459810626, 26.539403310014791, 0.0 ], [ 89.273132052102596, 26.538967855582143, 0.0 ], [ 89.273120154971252, 26.538173077925251, 0.0 ], [ 89.273382409870351, 26.53770033849986, 0.0 ], [ 89.27374057836505, 26.537428450962295, 0.0 ], [ 89.274134546172434, 26.537284198806788, 0.0 ], [ 89.274407843846973, 26.537016921193981, 0.0 ], [ 89.274743365613915, 26.536849478220915, 0.0 ], [ 89.275021832591563, 26.536684636986479, 0.0 ], [ 89.275498239452247, 26.536461196826849, 0.0 ], [ 89.275914571600254, 26.536188487308891, 0.0 ], [ 89.276303321541093, 26.535941940867929, 0.0 ], [ 89.276749315128825, 26.535693211772355, 0.0 ], [ 89.277287790499201, 26.535569910223217, 0.0 ], [ 89.277774001768819, 26.53555055501414, 0.0 ], [ 89.278288750325601, 26.535529866110494, 0.0 ], [ 89.27856693851345, 26.535364668744535, 0.0 ], [ 89.278665781200914, 26.535052698423328, 0.0 ], [ 89.278650240016646, 26.534745347919511, 0.0 ], [ 89.278628279471604, 26.53431064532009, 0.0 ], [ 89.278634933555395, 26.533875049693847, 0.0 ], [ 89.278844371270793, 26.533483269936994, 0.0 ], [ 89.279136903645224, 26.533035365289948, 0.0 ], [ 89.279316364258875, 26.532617513287676, 0.0 ], [ 89.279378871637675, 26.532153178026817, 0.0 ], [ 89.279299700720685, 26.531720451237902, 0.0 ], [ 89.278753841916341, 26.531691839306973, 0.0 ], [ 89.278208002897088, 26.53166297736459, 0.0 ], [ 89.278044328083354, 26.53125917097401, 0.0 ], [ 89.277993725929775, 26.530825096101353, 0.0 ], [ 89.277975600093953, 26.530466655112093, 0.0 ], [ 89.278010778874432, 26.530029062091614, 0.0 ], [ 89.278103150040408, 26.529589128135797, 0.0 ], [ 89.278109736675049, 26.529152652972584, 0.0 ], [ 89.278061720072401, 26.528769694665755, 0.0 ], [ 89.277593816301646, 26.528583395607257, 0.0 ], [ 89.277248067444418, 26.528546106117972, 0.0 ], [ 89.276790526561626, 26.528564676218878, 0.0 ], [ 89.276390180762291, 26.528580923370953, 0.0 ], [ 89.275875118342071, 26.528600290271243, 0.0 ], [ 89.275158025922224, 26.528600555571245, 0.0 ], [ 89.274584414039509, 26.52859732250846, 0.0 ], [ 89.274098257628566, 26.528617425953485, 0.0 ], [ 89.273638216630445, 26.528585375015098, 0.0 ], [ 89.27306426480402, 26.528559136395074, 0.0 ], [ 89.272664503564044, 26.528576873723807, 0.0 ], [ 89.272321912226516, 26.528592073165669, 0.0 ], [ 89.271920560985166, 26.528583267903514, 0.0 ], [ 89.271519073946138, 26.528574128992886, 0.0 ], [ 89.271061716525082, 26.528592903239939, 0.0 ], [ 89.270575793038461, 26.528612852001572, 0.0 ], [ 89.270089886639028, 26.528632796266606, 0.0 ], [ 89.269691025620375, 26.528674788310866, 0.0 ], [ 89.269451754694785, 26.529043315196873, 0.0 ], [ 89.269621803903192, 26.52957473268782, 0.0 ], [ 89.26969716529203, 26.529930732017704, 0.0 ], [ 89.269829676798224, 26.530284365231296, 0.0 ], [ 89.269845284532323, 26.530591515186302, 0.0 ], [ 89.269918041484459, 26.530896302622295, 0.0 ], [ 89.269994699695701, 26.531277868778659, 0.0 ], [ 89.270020943711643, 26.531790077649987, 0.0 ], [ 89.269936937140017, 26.532407788688545, 0.0 ], [ 89.269703475834774, 26.532879422847145, 0.0 ], [ 89.269470046005893, 26.533350989556595, 0.0 ], [ 89.269263350323399, 26.533795136836147, 0.0 ], [ 89.268969395221461, 26.53421695305002, 0.0 ], [ 89.268646843477086, 26.534639934785218, 0.0 ], [ 89.268268318827893, 26.535090749638414, 0.0 ], [ 89.267910621577983, 26.535386949448196, 0.0 ], [ 89.267632313780325, 26.535551859031102, 0.0 ], [ 89.267325398548337, 26.535717920645595, 0.0 ], [ 89.266818233974391, 26.535891997917417, 0.0 ], [ 89.266337981612594, 26.536039100923801, 0.0 ], [ 89.265855210249811, 26.536135117941399, 0.0 ], [ 89.265140035184515, 26.536163784730945, 0.0 ], [ 89.264796764858886, 26.536177562344676, 0.0 ], [ 89.264339062997408, 26.536195930098131, 0.0 ], [ 89.263941142669637, 26.536263163414333, 0.0 ], [ 89.263453514967807, 26.53625708669523, 0.0 ], [ 89.262872314605715, 26.536100947300952, 0.0 ], [ 89.262285920658769, 26.535842447970651, 0.0 ], [ 89.261868556988361, 26.535525865926047, 0.0 ], [ 89.261643721980249, 26.53504773416563, 0.0 ], [ 89.260799915084078, 26.534235407138397, 0.0 ], [ 89.260496978452863, 26.533914206175723, 0.0 ], [ 89.260000192055259, 26.53372895033084, 0.0 ], [ 89.259455205593326, 26.533725102131825, 0.0 ], [ 89.259122260384061, 26.533943607711365, 0.0 ], [ 89.258789375429387, 26.534162141169929, 0.0 ], [ 89.258570879742365, 26.534376063804359, 0.0 ], [ 89.258235715905641, 26.534543566132697, 0.0 ], [ 89.257843693331836, 26.534713521811625, 0.0 ], [ 89.257508794795115, 26.534881122166098, 0.0 ], [ 89.257027805888583, 26.535003067537559, 0.0 ], [ 89.256554908182522, 26.535278676469773, 0.0 ], [ 89.256163554704358, 26.535498979794113, 0.0 ], [ 89.2556901560759, 26.535774397170769, 0.0 ], [ 89.255191195117618, 26.536026936693816, 0.0 ], [ 89.254867208954579, 26.536374152345331, 0.0 ], [ 89.254568758141716, 26.536693977345237, 0.0 ], [ 89.254353345330685, 26.536959119068115, 0.0 ], [ 89.254226086764561, 26.537271895181846, 0.0 ], [ 89.254075350497089, 26.537688117612561, 0.0 ], [ 89.253985411997235, 26.538178700486696, 0.0 ], [ 89.253811157558914, 26.53869835754324, 0.0 ], [ 89.253693942621396, 26.539240981486159, 0.0 ], [ 89.253681134476835, 26.539599796593393, 0.0 ], [ 89.253641433005782, 26.539985490637946, 0.0 ], [ 89.25366700702682, 26.540446389589249, 0.0 ], [ 89.253664247906784, 26.540908394706719, 0.0 ], [ 89.253538213317938, 26.541195891777022, 0.0 ], [ 89.253374897333686, 26.541457973107015, 0.0 ], [ 89.253179570880548, 26.5417463659021, 0.0 ], [ 89.252761323176571, 26.542070249542405, 0.0 ], [ 89.252286783308477, 26.542294715828518, 0.0 ], [ 89.251812671517655, 26.542544678793945, 0.0 ], [ 89.251477403359559, 26.542712068707033, 0.0 ], [ 89.25119925833917, 26.542877148261823, 0.0 ], [ 89.250813815205447, 26.543098262774663, 0.0 ], [ 89.250225213422937, 26.543276176554343, 0.0 ], [ 89.249803352242964, 26.543370336471924, 0.0 ], [ 89.249186695209858, 26.543549317746852, 0.0 ], [ 89.248685299786814, 26.543761959746689, 0.0 ], [ 89.24836053211294, 26.544121024865433, 0.0 ], [ 89.248151095296862, 26.544513816359597, 0.0 ], [ 89.248028351327434, 26.544928733874031, 0.0 ], [ 89.248050509723328, 26.545389072547721, 0.0 ], [ 89.248241617456756, 26.545817012245379, 0.0 ], [ 89.248456721800324, 26.546167162384677, 0.0 ], [ 89.248700224036156, 26.546516245028727, 0.0 ], [ 89.248853464915555, 26.546984254020174, 0.0 ], [ 89.248980308894204, 26.547453202803126, 0.0 ], [ 89.249004161612845, 26.547887819966945, 0.0 ], [ 89.249081266787073, 26.548294815353472, 0.0 ], [ 89.249097218062218, 26.548601670330868, 0.0 ], [ 89.249115619090617, 26.548959683242856, 0.0 ], [ 89.249136547213936, 26.549394618766712, 0.0 ], [ 89.249189791575702, 26.549956789474322, 0.0 ], [ 89.249299926150741, 26.550439371080188, 0.0 ], [ 89.249323166431054, 26.550899793390784, 0.0 ], [ 89.249398312881908, 26.551255619151561, 0.0 ], [ 89.249474750759191, 26.551637027926574, 0.0 ], [ 89.249501864419585, 26.55217418309212, 0.0 ], [ 89.249519938994069, 26.552532283238349, 0.0 ], [ 89.249482234017933, 26.552918229992372, 0.0 ], [ 89.249482103616231, 26.553482084230836, 0.0 ], [ 89.249299540341553, 26.553822403880872, 0.0 ], [ 89.249259319961709, 26.554157153130177, 0.0 ], [ 89.249283098036585, 26.554591355706577, 0.0 ], [ 89.249307296994232, 26.555025369425323, 0.0 ], [ 89.249331956404717, 26.555511214670844, 0.0 ], [ 89.249354700259289, 26.555945655567598, 0.0 ], [ 89.249467392506233, 26.556453214044666, 0.0 ], [ 89.249518777069966, 26.556886426467486, 0.0 ], [ 89.249514207614652, 26.557347507981149, 0.0 ], [ 89.249962560124118, 26.557687579418314, 0.0 ], [ 89.250322283546609, 26.557980046142291, 0.0 ], [ 89.250481508514838, 26.558280715582612, 0.0 ], [ 89.250528847028704, 26.558637159177579, 0.0 ], [ 89.250602150768714, 26.558941323383408, 0.0 ], [ 89.251064044370196, 26.559532502622972, 0.0 ], [ 89.251381088666392, 26.559479162933087, 0.0 ], [ 89.251984718120298, 26.559378321952067, 0.0 ], [ 89.252409504794855, 26.559295229990937, 0.0 ], [ 89.252752249017135, 26.559220615938727, 0.0 ], [ 89.253093992293941, 26.559209582156541, 0.0 ], [ 89.253608588865347, 26.559192902430539, 0.0 ], [ 89.254037414395214, 26.559179000710344, 0.0 ], [ 89.254552010966563, 26.559162318286383, 0.0 ], [ 89.255066602142051, 26.559145636761798, 0.0 ], [ 89.255495179459047, 26.559125652027262, 0.0 ], [ 89.266799752906309, 26.558864192128794, 0.0 ], [ 89.284098825800243, 26.55846147301861, 0.0 ] ] ] ] } },
{ "type": "Feature", "properties": { "Compartment": "TR-2", "Area_in_Ha": 1375.773, "Shape_Area": 0.0011102077, "Beat": "Moiradanga Beat", "Range": "Jaldapara West", "Division": "Jaldapara" }, "geometry": { "type": "MultiPolygon", "coordinates": [ [ [ [ 89.284312445363128, 26.59934046419113, 0.0 ], [ 89.285069607076764, 26.598147780595639, 0.0 ], [ 89.286360124320368, 26.598026513313016, 0.0 ], [ 89.285968798721115, 26.596723727518054, 0.0 ], [ 89.285046827249346, 26.595413534007434, 0.0 ], [ 89.282610704120771, 26.587815363488289, 0.0 ], [ 89.285222668991025, 26.586895343545336, 0.0 ], [ 89.282206151292883, 26.581341360815202, 0.0 ], [ 89.281909995549938, 26.579870354133561, 0.0 ], [ 89.281682797123437, 26.57836957719428, 0.0 ], [ 89.283064809593327, 26.578193837975277, 0.0 ], [ 89.285047766141531, 26.577849791534675, 0.0 ], [ 89.284999838571764, 26.577282142157173, 0.0 ], [ 89.286379985847702, 26.577124139367584, 0.0 ], [ 89.285925237359891, 26.576241534819019, 0.0 ], [ 89.285361524314965, 26.575581775978208, 0.0 ], [ 89.284159137933955, 26.575643408316694, 0.0 ], [ 89.283496511155136, 26.575984746898598, 0.0 ], [ 89.281165981924573, 26.575529560440884, 0.0 ], [ 89.281350243119277, 26.575043531733627, 0.0 ], [ 89.282182354332235, 26.574498775498114, 0.0 ], [ 89.281407591986863, 26.572008104890187, 0.0 ], [ 89.282897132796506, 26.571374593662597, 0.0 ], [ 89.283087976129252, 26.570413011551295, 0.0 ], [ 89.286170838613373, 26.568469358074481, 0.0 ], [ 89.286206812394539, 26.567864322980199, 0.0 ], [ 89.285315533884841, 26.56776299006998, 0.0 ], [ 89.285527951953497, 26.566614897559532, 0.0 ], [ 89.285323387664278, 26.565843846716177, 0.0 ], [ 89.284142781064531, 26.565889910890746, 0.0 ], [ 89.284087836084836, 26.564094418922366, 0.0 ], [ 89.286012262056317, 26.563811135175797, 0.0 ], [ 89.285789860613647, 26.562242408160671, 0.0 ], [ 89.286772057884207, 26.561464294041969, 0.0 ], [ 89.287146262190333, 26.560710880702629, 0.0 ], [ 89.289634430884348, 26.560108710848397, 0.0 ], [ 89.290144074889213, 26.560207718111769, 0.0 ], [ 89.289679280974099, 26.562657546009007, 0.0 ], [ 89.291151929817772, 26.562626773906516, 0.0 ], [ 89.291985582468726, 26.56280446825167, 0.0 ], [ 89.292690984601336, 26.562724514924469, 0.0 ], [ 89.293290773950105, 26.561347578228208, 0.0 ], [ 89.293371410762063, 26.560140834631852, 0.0 ], [ 89.292566203667434, 26.558807249754807, 0.0 ], [ 89.290236825569082, 26.557677654500196, 0.0 ], [ 89.286562072481729, 26.558183856799587, 0.0 ], [ 89.284098825800243, 26.55846147301861, 0.0 ], [ 89.266799752906309, 26.558864192128794, 0.0 ], [ 89.255495179459047, 26.559125652027262, 0.0 ], [ 89.255066602142051, 26.559145636761798, 0.0 ], [ 89.254552010966563, 26.559162318286383, 0.0 ], [ 89.254037414395214, 26.559179000710344, 0.0 ], [ 89.253608588865347, 26.559192902430539, 0.0 ], [ 89.253093992293941, 26.559209582156541, 0.0 ], [ 89.252752249017135, 26.559220615938727, 0.0 ], [ 89.252409504794855, 26.559295229990937, 0.0 ], [ 89.251984718120298, 26.559378321952067, 0.0 ], [ 89.251381088666392, 26.559479162933087, 0.0 ], [ 89.251064044370196, 26.559532502622972, 0.0 ], [ 89.25122207773677, 26.559893081300686, 0.0 ], [ 89.251230456720236, 26.560273662699444, 0.0 ], [ 89.251240520133933, 26.560730780900883, 0.0 ], [ 89.251250595238844, 26.561188360454537, 0.0 ], [ 89.251257316771785, 26.56149367309456, 0.0 ], [ 89.251265681366135, 26.561875597181142, 0.0 ], [ 89.251276807778538, 26.562410817904947, 0.0 ], [ 89.251283172280637, 26.562716957921339, 0.0 ], [ 89.251206443022966, 26.563180035030655, 0.0 ], [ 89.251214375043446, 26.563563419616173, 0.0 ], [ 89.250872177608983, 26.563730760066562, 0.0 ], [ 89.250440655012255, 26.563748121478682, 0.0 ], [ 89.249836808821726, 26.563772416663767, 0.0 ], [ 89.249409174893572, 26.563981699695717, 0.0 ], [ 89.249332511286411, 26.5644845304368, 0.0 ], [ 89.249341375903839, 26.564945989665716, 0.0 ], [ 89.249432948471849, 26.565250470432943, 0.0 ], [ 89.24943813306345, 26.565558659104909, 0.0 ], [ 89.249448245040526, 26.566098433096272, 0.0 ], [ 89.249456942384029, 26.566561622620839, 0.0 ], [ 89.249462744809875, 26.566870691729093, 0.0 ], [ 89.249470003238116, 26.567257329162487, 0.0 ], [ 89.249477268860915, 26.567644309237551, 0.0 ], [ 89.249484542577648, 26.568031631054964, 0.0 ], [ 89.249595654715733, 26.568582836328858, 0.0 ], [ 89.249663264847868, 26.569195411339194, 0.0 ], [ 89.2501467349839, 26.569225512547405, 0.0 ], [ 89.25005252830158, 26.571277544223335, 0.0 ], [ 89.250230201063005, 26.572176310488373, 0.0 ], [ 89.250694053387917, 26.572418119300835, 0.0 ], [ 89.251161559658328, 26.572651455600237, 0.0 ], [ 89.251024184618473, 26.573260701320351, 0.0 ], [ 89.250619656072331, 26.573593418101837, 0.0 ], [ 89.250588640253625, 26.574191971782113, 0.0 ], [ 89.250587538584114, 26.574905403061962, 0.0 ], [ 89.250503458268042, 26.575380621918214, 0.0 ], [ 89.25207308100795, 26.577245960632638, 0.0 ], [ 89.252301428767964, 26.577497538780449, 0.0 ], [ 89.25264479172381, 26.577916931321397, 0.0 ], [ 89.252997720768235, 26.578311244468409, 0.0 ], [ 89.253206925559198, 26.57859267471224, 0.0 ], [ 89.253581318722922, 26.579017904752561, 0.0 ], [ 89.254286939390795, 26.57886310894537, 0.0 ], [ 89.255480372121554, 26.579091458504081, 0.0 ], [ 89.255918091946455, 26.579779671894414, 0.0 ], [ 89.257004831807592, 26.581476701588542, 0.0 ], [ 89.257179785019105, 26.581835345824629, 0.0 ], [ 89.257444983399296, 26.582211124843582, 0.0 ], [ 89.257710419200521, 26.582587236611744, 0.0 ], [ 89.257975984504128, 26.582963694618854, 0.0 ], [ 89.258350765275679, 26.583708547311687, 0.0 ], [ 89.258073205713913, 26.58408200158317, 0.0 ], [ 89.25772137654036, 26.584638272738175, 0.0 ], [ 89.257412969333132, 26.585718869330378, 0.0 ], [ 89.257930570539429, 26.586692671429716, 0.0 ], [ 89.260129275345832, 26.588451510628772, 0.0 ], [ 89.26201596216697, 26.588312809988224, 0.0 ], [ 89.262350761778293, 26.588631545009832, 0.0 ], [ 89.262618829895132, 26.588934635425119, 0.0 ], [ 89.262799697947742, 26.589241549757787, 0.0 ], [ 89.262986935898425, 26.589863269074669, 0.0 ], [ 89.263169905666643, 26.590249491021268, 0.0 ], [ 89.263436988126557, 26.590475009514137, 0.0 ], [ 89.264008068417695, 26.590450295244977, 0.0 ], [ 89.264664051005184, 26.590423186980559, 0.0 ], [ 89.265017926136466, 26.590645723321529, 0.0 ], [ 89.265374897633478, 26.591026519658215, 0.0 ], [ 89.26555571172679, 26.59133576863087, 0.0 ], [ 89.265824966948742, 26.591641244947539, 0.0 ], [ 89.266007570692864, 26.591950125198196, 0.0 ], [ 89.266017292364211, 26.592345356553039, 0.0 ], [ 89.26611204763293, 26.592658627293872, 0.0 ], [ 89.266296102882905, 26.59304801035745, 0.0 ], [ 89.266564300502125, 26.593275451600846, 0.0 ], [ 89.266914696156334, 26.593261297171182, 0.0 ], [ 89.267265393083505, 26.593246927803534, 0.0 ], [ 89.267611626675262, 26.593074271460523, 0.0 ], [ 89.268048038885922, 26.592976904560544, 0.0 ], [ 89.26839893006661, 26.592962298671182, 0.0 ], [ 89.268746976691659, 26.592868968827872, 0.0 ], [ 89.269272039573025, 26.59284795706759, 0.0 ], [ 89.269707653185719, 26.59275101554698, 0.0 ], [ 89.270183400843337, 26.592533653005717, 0.0 ], [ 89.270926185994767, 26.592464044580026, 0.0 ], [ 89.271366194594236, 26.59252552673172, 0.0 ], [ 89.271808732087379, 26.592666192390936, 0.0 ], [ 89.271906100785998, 26.592979508997189, 0.0 ], [ 89.272091148887455, 26.59328951250103, 0.0 ], [ 89.272212720140999, 26.593744654891964, 0.0 ], [ 89.2722298585212, 26.594422539568598, 0.0 ], [ 89.272399911326886, 26.594868961233601, 0.0 ], [ 89.272504182322223, 26.595253046391008, 0.0 ], [ 89.272514465170502, 26.595660883543019, 0.0 ], [ 89.272524495309256, 26.596055390044285, 0.0 ], [ 89.27268275620429, 26.596529360641512, 0.0 ], [ 89.272974770569249, 26.596973557383819, 0.0 ], [ 89.273281984376126, 26.597322238930246, 0.0 ], [ 89.273556047373745, 26.59754837885464, 0.0 ], [ 89.273902692855074, 26.597771232656328, 0.0 ], [ 89.274260376615132, 26.59800148068382, 0.0 ], [ 89.274713507222657, 26.598303446047225, 0.0 ], [ 89.275163008166373, 26.598525830402821, 0.0 ], [ 89.275585220981213, 26.598734771692421, 0.0 ], [ 89.275976165267878, 26.598883265050688, 0.0 ], [ 89.27639805072954, 26.599025014392964, 0.0 ], [ 89.276966881816179, 26.59912144599798, 0.0 ], [ 89.277624036220345, 26.599262586499208, 0.0 ], [ 89.278383098201459, 26.59942714624583, 0.0 ], [ 89.278748443286077, 26.599499357309526, 0.0 ], [ 89.279097098752175, 26.599480401399433, 0.0 ], [ 89.279716946579867, 26.599616368100953, 0.0 ], [ 89.280045146066698, 26.599682938616752, 0.0 ], [ 89.28051921379074, 26.599737594914131, 0.0 ], [ 89.281145699514468, 26.599794370014195, 0.0 ], [ 89.281629048242053, 26.59986459717345, 0.0 ], [ 89.282114720817788, 26.599842849767754, 0.0 ], [ 89.282638857397387, 26.599819625675252, 0.0 ], [ 89.283333655623778, 26.599690278883315, 0.0 ], [ 89.283867446425575, 26.599515747453836, 0.0 ], [ 89.284312445363128, 26.59934046419113, 0.0 ] ] ] ] } },
{ "type": "Feature", "properties": { "Compartment": "TR-1", "Area_in_Ha": 895.276, "Shape_Area": 0.00072203995, "Beat": "TEC", "Range": "Jaldapara West", "Division": "Jaldapara" }, "geometry": { "type": "MultiPolygon", "coordinates": [ [ [ [ 89.301456090226452, 26.634138906085695, 0.0 ], [ 89.302654730031804, 26.633711333311453, 0.0 ], [ 89.300352345984038, 26.623996783724635, 0.0 ], [ 89.297190024799875, 26.624543770278819, 0.0 ], [ 89.296132966163498, 26.62242632191726, 0.0 ], [ 89.294036084397817, 26.622471547923624, 0.0 ], [ 89.289440537051178, 26.615519617636323, 0.0 ], [ 89.287208685932171, 26.611893258866871, 0.0 ], [ 89.287814366739667, 26.611238665731889, 0.0 ], [ 89.286633762837937, 26.609900378299869, 0.0 ], [ 89.285478232034848, 26.610043446048223, 0.0 ], [ 89.286733265627788, 26.607697594168712, 0.0 ], [ 89.286553260924336, 26.607395873420899, 0.0 ], [ 89.286775805359184, 26.606226778143366, 0.0 ], [ 89.287362750590546, 26.605145310108014, 0.0 ], [ 89.286928085762611, 26.603344182987712, 0.0 ], [ 89.287256876103982, 26.601569760336247, 0.0 ], [ 89.286599851202254, 26.601322975574931, 0.0 ], [ 89.285701259405641, 26.601072141166412, 0.0 ], [ 89.284476411557193, 26.600077291334003, 0.0 ], [ 89.284579429796906, 26.599244806003071, 0.0 ], [ 89.284312446262447, 26.59934046419113, 0.0 ], [ 89.283867446425575, 26.599515748353156, 0.0 ], [ 89.283333655623778, 26.599690278883315, 0.0 ], [ 89.282638858296707, 26.599819624775932, 0.0 ], [ 89.282114720817788, 26.599842849767754, 0.0 ], [ 89.281629048242053, 26.59986459717345, 0.0 ], [ 89.281145700413788, 26.599794370014195, 0.0 ], [ 89.28051921379074, 26.599737594914131, 0.0 ], [ 89.280045146066698, 26.599682938616752, 0.0 ], [ 89.279716946579867, 26.599616368100953, 0.0 ], [ 89.279097098752175, 26.599480402298752, 0.0 ], [ 89.278748443286077, 26.599499357309526, 0.0 ], [ 89.278383098201459, 26.59942714624583, 0.0 ], [ 89.277624036220345, 26.599262585599888, 0.0 ], [ 89.276966881816179, 26.59912144599798, 0.0 ], [ 89.27639805072954, 26.599025015292284, 0.0 ], [ 89.275976165267878, 26.598883265050688, 0.0 ], [ 89.275585220981213, 26.598734771692421, 0.0 ], [ 89.275163008166373, 26.598525830402821, 0.0 ], [ 89.274713507222657, 26.598303446047225, 0.0 ], [ 89.274260376615132, 26.59800148068382, 0.0 ], [ 89.273902692855074, 26.597771232656328, 0.0 ], [ 89.273556047373745, 26.59754837885464, 0.0 ], [ 89.273281985275446, 26.597322238930246, 0.0 ], [ 89.272974770569249, 26.596973558283139, 0.0 ], [ 89.27268275620429, 26.596529360641512, 0.0 ], [ 89.272524495309256, 26.596055390044285, 0.0 ], [ 89.272514465170502, 26.595660882643642, 0.0 ], [ 89.272504182322223, 26.595253046391008, 0.0 ], [ 89.272399911326886, 26.594868961233601, 0.0 ], [ 89.27222985762188, 26.594422538669278, 0.0 ], [ 89.271834950022992, 26.597159997635856, 0.0 ], [ 89.272559684881628, 26.598400716719766, 0.0 ], [ 89.271387548996245, 26.599568117674551, 0.0 ], [ 89.272152562690678, 26.6025194138399, 0.0 ], [ 89.272154614044268, 26.606699700131117, 0.0 ], [ 89.272728939988667, 26.610015400690259, 0.0 ], [ 89.274159049100888, 26.611873096066574, 0.0 ], [ 89.27415074386181, 26.613876635398469, 0.0 ], [ 89.275485631856498, 26.617844482936562, 0.0 ], [ 89.276034195821524, 26.617883071946267, 0.0 ], [ 89.276680451341804, 26.619119844805027, 0.0 ], [ 89.276117925401991, 26.619446569403692, 0.0 ], [ 89.276793086032171, 26.621484059042132, 0.0 ], [ 89.275747670918349, 26.621804897577988, 0.0 ], [ 89.275200694256682, 26.623138962693019, 0.0 ], [ 89.276048029193248, 26.624096995180253, 0.0 ], [ 89.27612392477937, 26.625576161410777, 0.0 ], [ 89.275237291268013, 26.626730963763009, 0.0 ], [ 89.27411877116441, 26.627945742801842, 0.0 ], [ 89.274565141568075, 26.628974942239836, 0.0 ], [ 89.274451755943858, 26.630671058222788, 0.0 ], [ 89.274881658861545, 26.63137767264152, 0.0 ], [ 89.27497396977293, 26.633273741190237, 0.0 ], [ 89.27503590788092, 26.634152129717052, 0.0 ], [ 89.276476038138696, 26.635549257092578, 0.0 ], [ 89.276950264143409, 26.636394598232187, 0.0 ], [ 89.277108293013384, 26.637387393113727, 0.0 ], [ 89.279672217898622, 26.637818012791115, 0.0 ], [ 89.283392965013377, 26.638402955232266, 0.0 ], [ 89.289507323404337, 26.637801955395958, 0.0 ], [ 89.292385939059898, 26.637397577036609, 0.0 ], [ 89.293850357308202, 26.637269998311808, 0.0 ], [ 89.296219619439967, 26.636262443756834, 0.0 ], [ 89.29652184380808, 26.636131414333363, 0.0 ], [ 89.299522382352109, 26.634834270884937, 0.0 ], [ 89.300776351147761, 26.63438285618389, 0.0 ], [ 89.301456090226452, 26.634138906085695, 0.0 ] ] ] ] } },
{ "type": "Feature", "properties": { "Compartment": "KB-3", "Area_in_Ha": 524.337, "Shape_Area": 0.00042742762, "Beat": null, "Range": null, "Division": null }, "geometry": { "type": "MultiPolygon", "coordinates": [ [ [ [ 89.189495198044995, 26.598050784216355, 0.0 ], [ 89.189524236254556, 26.598563014671413, 0.0 ], [ 89.189961040569642, 26.599447415166139, 0.0 ], [ 89.190444419874154, 26.600483435062529, 0.0 ], [ 89.190820471387724, 26.602744090567398, 0.0 ], [ 89.191192062263895, 26.603102483892542, 0.0 ], [ 89.192228366346114, 26.603226173049507, 0.0 ], [ 89.194537176049892, 26.603552222257292, 0.0 ], [ 89.19663934133257, 26.603743728390384, 0.0 ], [ 89.19706829366686, 26.604583086340426, 0.0 ], [ 89.19658249068948, 26.604840164741859, 0.0 ], [ 89.194231263562017, 26.60624886729147, 0.0 ], [ 89.194124480760252, 26.607835273179376, 0.0 ], [ 89.194922298125618, 26.611186820715261, 0.0 ], [ 89.196189974387892, 26.613268928418336, 0.0 ], [ 89.196795467237109, 26.614180695282926, 0.0 ], [ 89.198125807360157, 26.613670507188203, 0.0 ], [ 89.198695032349917, 26.613084752659233, 0.0 ], [ 89.200760504393827, 26.613881605951406, 0.0 ], [ 89.201856438923585, 26.614041592645435, 0.0 ], [ 89.204280699994342, 26.613235661596548, 0.0 ], [ 89.204804499328247, 26.61345537676425, 0.0 ], [ 89.205417861245337, 26.614508553027349, 0.0 ], [ 89.205233423783511, 26.615590482414859, 0.0 ], [ 89.204384459275445, 26.616568626440994, 0.0 ], [ 89.205484424566578, 26.619112231144584, 0.0 ], [ 89.205689854003595, 26.619806076988937, 0.0 ], [ 89.205594200312134, 26.619955528125161, 0.0 ], [ 89.206220060107739, 26.620119645405339, 0.0 ], [ 89.206856599352648, 26.62030136241799, 0.0 ], [ 89.207302039857325, 26.620303367006841, 0.0 ], [ 89.207789765585289, 26.620304553212634, 0.0 ], [ 89.208392588347351, 26.620301198741402, 0.0 ], [ 89.208720080067678, 26.620144956824333, 0.0 ], [ 89.209396199375135, 26.619798832050492, 0.0 ], [ 89.209705957364122, 26.61964185089073, 0.0 ], [ 89.210898681429057, 26.619188903744941, 0.0 ], [ 89.211677708359616, 26.619432081325556, 0.0 ], [ 89.211915418961496, 26.619645888846719, 0.0 ], [ 89.212253712438951, 26.619959039078424, 0.0 ], [ 89.212661901225829, 26.62032805699431, 0.0 ], [ 89.213484077628152, 26.620039779312435, 0.0 ], [ 89.214744747272334, 26.619913284270694, 0.0 ], [ 89.215474160404256, 26.62003027977363, 0.0 ], [ 89.216057312295163, 26.620028965864151, 0.0 ], [ 89.217266966996988, 26.620435680662183, 0.0 ], [ 89.218167586764764, 26.620777617293243, 0.0 ], [ 89.218089103829129, 26.620187421012702, 0.0 ], [ 89.217917248782044, 26.620118382757198, 0.0 ], [ 89.217187955259988, 26.619541190673488, 0.0 ], [ 89.21696653767566, 26.619076053217327, 0.0 ], [ 89.216791070051897, 26.61868853894498, 0.0 ], [ 89.216641183643787, 26.618363096779547, 0.0 ], [ 89.216496579853356, 26.618064034427675, 0.0 ], [ 89.216369027208884, 26.617794007587406, 0.0 ], [ 89.216137139717262, 26.617332760598458, 0.0 ], [ 89.215958367984342, 26.616976940233656, 0.0 ], [ 89.215699570978472, 26.61638506132158, 0.0 ], [ 89.215587428217304, 26.615863041746024, 0.0 ], [ 89.215434698152876, 26.615316530933228, 0.0 ], [ 89.215322686692673, 26.614910794597563, 0.0 ], [ 89.215274716854765, 26.614618158801022, 0.0 ], [ 89.215197537036772, 26.614326112060496, 0.0 ], [ 89.21510716956027, 26.614026511014742, 0.0 ], [ 89.215040051357335, 26.613796110102442, 0.0 ], [ 89.214901592634476, 26.61338443374467, 0.0 ], [ 89.214793593949253, 26.613077890832074, 0.0 ], [ 89.214651796043597, 26.612699036131687, 0.0 ], [ 89.214610647563404, 26.612562135933899, 0.0 ], [ 89.214037238927517, 26.612305973042282, 0.0 ], [ 89.213505692833508, 26.612050728358497, 0.0 ], [ 89.212988505315309, 26.611824171148612, 0.0 ], [ 89.212348454217874, 26.611536093116229, 0.0 ], [ 89.212140646074033, 26.611391495621092, 0.0 ], [ 89.211611241265814, 26.610980672719904, 0.0 ], [ 89.211253659129113, 26.610691821270564, 0.0 ], [ 89.211628199781671, 26.610107077579642, 0.0 ], [ 89.211859081831221, 26.609754482183632, 0.0 ], [ 89.212030762409825, 26.609505280944006, 0.0 ], [ 89.212280631845715, 26.609135984238321, 0.0 ], [ 89.212582714121027, 26.608714821831597, 0.0 ], [ 89.212800348257531, 26.608376685735493, 0.0 ], [ 89.212881657762352, 26.60802801498096, 0.0 ], [ 89.212986536699361, 26.607592233195078, 0.0 ], [ 89.21310911609288, 26.607053506913871, 0.0 ], [ 89.212956681905382, 26.606347643429046, 0.0 ], [ 89.212429048761635, 26.606000961075551, 0.0 ], [ 89.212157421128154, 26.605813571139436, 0.0 ], [ 89.211785383288884, 26.605547149681286, 0.0 ], [ 89.21127391186161, 26.605171296018568, 0.0 ], [ 89.211131319854587, 26.604687660407251, 0.0 ], [ 89.21108186433662, 26.604508537938727, 0.0 ], [ 89.211020741014465, 26.604300409636267, 0.0 ], [ 89.210928931924741, 26.603953544720355, 0.0 ], [ 89.210838004170625, 26.603668232103303, 0.0 ], [ 89.21078784808077, 26.603443555375804, 0.0 ], [ 89.210627120345407, 26.602926030611854, 0.0 ], [ 89.210384702691954, 26.602219946793184, 0.0 ], [ 89.210169572268001, 26.601699339153242, 0.0 ], [ 89.210022094244323, 26.601195270945027, 0.0 ], [ 89.209880565235949, 26.60080164757801, 0.0 ], [ 89.20970716155631, 26.600433932779822, 0.0 ], [ 89.209641896856112, 26.600226432204124, 0.0 ], [ 89.209376620234877, 26.599943004566057, 0.0 ], [ 89.209032259031574, 26.599576546120772, 0.0 ], [ 89.208701927252207, 26.599207500325917, 0.0 ], [ 89.208389134950664, 26.598861785642953, 0.0 ], [ 89.208184335938427, 26.598494854154239, 0.0 ], [ 89.208007827799065, 26.598206527009665, 0.0 ], [ 89.207822693362687, 26.597854916371318, 0.0 ], [ 89.207549235608781, 26.597383701296849, 0.0 ], [ 89.207268838685991, 26.596888564255892, 0.0 ], [ 89.206981008866535, 26.596201394079117, 0.0 ], [ 89.20645901087471, 26.596223080330958, 0.0 ], [ 89.206017049847048, 26.596213447692492, 0.0 ], [ 89.205621567581318, 26.596557466254126, 0.0 ], [ 89.205423119581383, 26.597294151304084, 0.0 ], [ 89.205250164663425, 26.597308007158858, 0.0 ], [ 89.204929110290266, 26.597323185916366, 0.0 ], [ 89.204186614720527, 26.597187960256235, 0.0 ], [ 89.203814494143671, 26.597037543248064, 0.0 ], [ 89.203463434789739, 26.596894694034972, 0.0 ], [ 89.203159502609026, 26.596754004993386, 0.0 ], [ 89.202919439380707, 26.596653729685954, 0.0 ], [ 89.202592304691166, 26.596514762846084, 0.0 ], [ 89.202166277851518, 26.596259103574823, 0.0 ], [ 89.201937228620238, 26.59617745862289, 0.0 ], [ 89.201506745639847, 26.596008782679235, 0.0 ], [ 89.201352673786914, 26.595948168373297, 0.0 ], [ 89.201263514999255, 26.595627775001844, 0.0 ], [ 89.20115898589853, 26.595087725817962, 0.0 ], [ 89.200767511911181, 26.593482867640262, 0.0 ], [ 89.199953644345271, 26.593031943069775, 0.0 ], [ 89.199343975943805, 26.592650567569706, 0.0 ], [ 89.19913777398915, 26.591710099741363, 0.0 ], [ 89.199062489042717, 26.590949927996803, 0.0 ], [ 89.199027776111052, 26.590563357113297, 0.0 ], [ 89.199182501771077, 26.590111583582768, 0.0 ], [ 89.199270898832992, 26.589845841112719, 0.0 ], [ 89.199392176907509, 26.589580853173914, 0.0 ], [ 89.199526326978457, 26.589205809800319, 0.0 ], [ 89.199655623408376, 26.588971706379198, 0.0 ], [ 89.199582771128064, 26.587740772818449, 0.0 ], [ 89.1993166122719, 26.587116776418156, 0.0 ], [ 89.198880529213113, 26.586286148187241, 0.0 ], [ 89.19826231185624, 26.586416482434743, 0.0 ], [ 89.197876107896093, 26.58644009593371, 0.0 ], [ 89.197564559356977, 26.586459046447885, 0.0 ], [ 89.197404968364651, 26.586562438805572, 0.0 ], [ 89.197091436820415, 26.586653683121028, 0.0 ], [ 89.196723975631016, 26.586694793829736, 0.0 ], [ 89.196346124574063, 26.586743740331428, 0.0 ], [ 89.195918470860818, 26.586847077830441, 0.0 ], [ 89.194744287219123, 26.587018182842939, 0.0 ], [ 89.194449397721598, 26.586947643618885, 0.0 ], [ 89.194222830619196, 26.586865790024262, 0.0 ], [ 89.193886353772257, 26.586775529567092, 0.0 ], [ 89.193270210252081, 26.586412630638449, 0.0 ], [ 89.192818902570366, 26.587166920816799, 0.0 ], [ 89.192517739402206, 26.587694777891727, 0.0 ], [ 89.192589051143841, 26.588206198057662, 0.0 ], [ 89.192624129200283, 26.588566292000849, 0.0 ], [ 89.192681105748477, 26.588879068114579, 0.0 ], [ 89.192755060597619, 26.589115070004539, 0.0 ], [ 89.193023483946661, 26.589571035275128, 0.0 ], [ 89.193167308924217, 26.589848200933773, 0.0 ], [ 89.193439709075392, 26.59027731874329, 0.0 ], [ 89.193892170587276, 26.590518694981824, 0.0 ], [ 89.194243107633383, 26.59073907294993, 0.0 ], [ 89.194577742668741, 26.590885633665096, 0.0 ], [ 89.194976697216873, 26.591079569766407, 0.0 ], [ 89.195214191981449, 26.591147668230349, 0.0 ], [ 89.195453429632153, 26.591411880054295, 0.0 ], [ 89.195735422851556, 26.591619779928976, 0.0 ], [ 89.196156821779937, 26.591934300727473, 0.0 ], [ 89.196704624918539, 26.592499099254098, 0.0 ], [ 89.19666565099908, 26.593455547135818, 0.0 ], [ 89.196500449136465, 26.593595013998765, 0.0 ], [ 89.195479729406031, 26.594174842894745, 0.0 ], [ 89.195254876411468, 26.594649576117092, 0.0 ], [ 89.194830271399951, 26.595516761789156, 0.0 ], [ 89.194676347035852, 26.595636858154535, 0.0 ], [ 89.194503339957237, 26.595757653293106, 0.0 ], [ 89.194409626103436, 26.595831478639866, 0.0 ], [ 89.194231913771887, 26.595987843764021, 0.0 ], [ 89.194109930628827, 26.596077317314382, 0.0 ], [ 89.193859519801038, 26.596278386838151, 0.0 ], [ 89.193608253717969, 26.596423436692305, 0.0 ], [ 89.193163070419416, 26.596675822431337, 0.0 ], [ 89.192883604294934, 26.596781007137793, 0.0 ], [ 89.192566390026911, 26.596892478105417, 0.0 ], [ 89.192250638955898, 26.597126201113326, 0.0 ], [ 89.191932125167511, 26.597289267086069, 0.0 ], [ 89.191615190588607, 26.597451724217763, 0.0 ], [ 89.191146688768754, 26.597546766370215, 0.0 ], [ 89.190679389342392, 26.597694416164416, 0.0 ], [ 89.189495198044995, 26.598050784216355, 0.0 ] ] ] ] } },
{ "type": "Feature", "properties": { "Compartment": "KB-2B", "Area_in_Ha": 425.805, "Shape_Area": 0.00034491108, "Beat": null, "Range": null, "Division": null }, "geometry": { "type": "MultiPolygon", "coordinates": [ [ [ [ 89.2327283436382, 26.645349602901888, 0.0 ], [ 89.233108755065075, 26.645367333036063, 0.0 ], [ 89.233270366834006, 26.64475934996409, 0.0 ], [ 89.233447489210334, 26.643191709329983, 0.0 ], [ 89.233401504176129, 26.642201660977946, 0.0 ], [ 89.233094106008252, 26.640927310846791, 0.0 ], [ 89.230306657326423, 26.640652764013907, 0.0 ], [ 89.229512243894987, 26.639331173394964, 0.0 ], [ 89.229193693234436, 26.638031491160461, 0.0 ], [ 89.228825133073485, 26.636992048444313, 0.0 ], [ 89.228522299864323, 26.635468785755904, 0.0 ], [ 89.227596860606695, 26.635207073147967, 0.0 ], [ 89.227137523777742, 26.634837614564333, 0.0 ], [ 89.22724213201883, 26.632747784382786, 0.0 ], [ 89.227548153324676, 26.631820614829564, 0.0 ], [ 89.227208279738363, 26.629463049280332, 0.0 ], [ 89.226566136817837, 26.629024324912734, 0.0 ], [ 89.225659531162478, 26.627913520092932, 0.0 ], [ 89.22524313606192, 26.627874316846317, 0.0 ], [ 89.222922127953893, 26.628120878575714, 0.0 ], [ 89.221073922223809, 26.628324800748999, 0.0 ], [ 89.220415015040942, 26.627784039302014, 0.0 ], [ 89.220830050366601, 26.626536551920367, 0.0 ], [ 89.22144661656813, 26.625725510923644, 0.0 ], [ 89.222284575173092, 26.625020446936105, 0.0 ], [ 89.22162472640008, 26.623087654571634, 0.0 ], [ 89.221090039873502, 26.622778634026815, 0.0 ], [ 89.220104415286585, 26.622922125355842, 0.0 ], [ 89.218654164058478, 26.623062219046233, 0.0 ], [ 89.218447159908578, 26.622211239157423, 0.0 ], [ 89.218167586764764, 26.620777617293243, 0.0 ], [ 89.217266966996988, 26.620435680662183, 0.0 ], [ 89.216057312295163, 26.620028965864151, 0.0 ], [ 89.215474160404256, 26.62003027977363, 0.0 ], [ 89.214744747272334, 26.619913284270694, 0.0 ], [ 89.213484077628152, 26.620039779312435, 0.0 ], [ 89.212661901225829, 26.62032805699431, 0.0 ], [ 89.212253712438951, 26.619959039078424, 0.0 ], [ 89.211915418961496, 26.619645888846719, 0.0 ], [ 89.211677708359616, 26.619432081325556, 0.0 ], [ 89.210898681429057, 26.619188903744941, 0.0 ], [ 89.209705957364122, 26.61964185089073, 0.0 ], [ 89.209396199375135, 26.619798832050492, 0.0 ], [ 89.208720080067678, 26.620144956824333, 0.0 ], [ 89.208392588347351, 26.620301198741402, 0.0 ], [ 89.207789765585289, 26.620304553212634, 0.0 ], [ 89.207302039857325, 26.620303367006841, 0.0 ], [ 89.206856599352648, 26.62030136241799, 0.0 ], [ 89.206220060107739, 26.620119645405339, 0.0 ], [ 89.205594200312134, 26.619955528125161, 0.0 ], [ 89.204461795575469, 26.620213540022917, 0.0 ], [ 89.203209637115094, 26.621049324966407, 0.0 ], [ 89.203405622771356, 26.622429077440017, 0.0 ], [ 89.205078929249225, 26.624186844647227, 0.0 ], [ 89.205009916174731, 26.625295814850006, 0.0 ], [ 89.204250704906144, 26.626482777857973, 0.0 ], [ 89.204465631184007, 26.627612758022394, 0.0 ], [ 89.205404446058424, 26.628411096994569, 0.0 ], [ 89.205849028609862, 26.628681844191817, 0.0 ], [ 89.207023026091861, 26.629644845433347, 0.0 ], [ 89.208781328395673, 26.630649272146229, 0.0 ], [ 89.2081161169653, 26.631367965359345, 0.0 ], [ 89.207873645352493, 26.632282726966309, 0.0 ], [ 89.20726852302397, 26.633496823419705, 0.0 ], [ 89.207835445749254, 26.63479836725088, 0.0 ], [ 89.208758580044503, 26.635289526590441, 0.0 ], [ 89.210432768757357, 26.636567330118226, 0.0 ], [ 89.211596439324296, 26.637476979978715, 0.0 ], [ 89.211775174184993, 26.637768309959597, 0.0 ], [ 89.214550458636836, 26.636493295229457, 0.0 ], [ 89.218476314130669, 26.635837594129725, 0.0 ], [ 89.219499578942475, 26.63640370566651, 0.0 ], [ 89.220748941410591, 26.636957408357773, 0.0 ], [ 89.222116481090779, 26.637599669089525, 0.0 ], [ 89.223396699298291, 26.638352191200738, 0.0 ], [ 89.224715474139884, 26.639120988342995, 0.0 ], [ 89.225770023667735, 26.640157415632302, 0.0 ], [ 89.22657672723426, 26.641237153372003, 0.0 ], [ 89.226752628331212, 26.641655937971223, 0.0 ], [ 89.227334460017346, 26.642559671191918, 0.0 ], [ 89.227579858923434, 26.642830893231178, 0.0 ], [ 89.228337214890587, 26.643694626405932, 0.0 ], [ 89.22907063360293, 26.644579168094197, 0.0 ], [ 89.23002991974505, 26.645437690597021, 0.0 ], [ 89.231286642264763, 26.645579772688393, 0.0 ], [ 89.2327283436382, 26.645349602901888, 0.0 ] ] ] ] } },
{ "type": "Feature", "properties": { "Compartment": "KB-2A", "Area_in_Ha": 188.041, "Shape_Area": 0.00015126622, "Beat": null, "Range": null, "Division": null }, "geometry": { "type": "MultiPolygon", "coordinates": [ [ [ [ 89.2327283436382, 26.645349602901888, 0.0 ], [ 89.231286642264763, 26.645579772688393, 0.0 ], [ 89.23002991974505, 26.645437690597021, 0.0 ], [ 89.22907063360293, 26.644579168094197, 0.0 ], [ 89.228337214890587, 26.643694626405932, 0.0 ], [ 89.227579858923434, 26.642830893231178, 0.0 ], [ 89.227334460017346, 26.642559671191918, 0.0 ], [ 89.226752628331212, 26.641655937971223, 0.0 ], [ 89.22657672723426, 26.641237153372003, 0.0 ], [ 89.225770023667735, 26.640157415632302, 0.0 ], [ 89.224715474139884, 26.639120988342995, 0.0 ], [ 89.223396699298291, 26.638352191200738, 0.0 ], [ 89.222116481090779, 26.637599669089525, 0.0 ], [ 89.220748941410591, 26.636957408357773, 0.0 ], [ 89.219499578942475, 26.63640370566651, 0.0 ], [ 89.218476314130669, 26.635837594129725, 0.0 ], [ 89.214550458636836, 26.636493295229457, 0.0 ], [ 89.211775174184993, 26.637768309959597, 0.0 ], [ 89.212829563633534, 26.639193486290424, 0.0 ], [ 89.213376209344631, 26.640428900273605, 0.0 ], [ 89.213322268907632, 26.641045424206993, 0.0 ], [ 89.213997039232027, 26.641998970875875, 0.0 ], [ 89.214864392178015, 26.642134371903808, 0.0 ], [ 89.215883708966032, 26.64191246508824, 0.0 ], [ 89.215995517179408, 26.6426405247405, 0.0 ], [ 89.216308052274826, 26.64291930108493, 0.0 ], [ 89.217025294881523, 26.643495040763582, 0.0 ], [ 89.217274889124894, 26.644120968907657, 0.0 ], [ 89.216692088868854, 26.644755720300282, 0.0 ], [ 89.215509276232183, 26.644479658109788, 0.0 ], [ 89.215361863859016, 26.644881497683002, 0.0 ], [ 89.215479377371423, 26.645567609357727, 0.0 ], [ 89.217113014753863, 26.645668024959434, 0.0 ], [ 89.217647446772332, 26.645713347193293, 0.0 ], [ 89.218690031719632, 26.645772116989633, 0.0 ], [ 89.219284201204971, 26.645815244877724, 0.0 ], [ 89.219951767060479, 26.64702002885133, 0.0 ], [ 89.220378984602519, 26.64779756920251, 0.0 ], [ 89.220805622981175, 26.647695604068929, 0.0 ], [ 89.221326783704171, 26.647551658582245, 0.0 ], [ 89.221825351658708, 26.647358433844715, 0.0 ], [ 89.222128247820422, 26.647230546652452, 0.0 ], [ 89.223778489385836, 26.646560533741706, 0.0 ], [ 89.2250776212353, 26.646208307067752, 0.0 ], [ 89.226584152936368, 26.645784864879658, 0.0 ], [ 89.22724918630098, 26.645605398870089, 0.0 ], [ 89.227512022162159, 26.645777433781575, 0.0 ], [ 89.227884486280061, 26.646046295100462, 0.0 ], [ 89.228575801432157, 26.646550413670695, 0.0 ], [ 89.229260842913618, 26.647073255226587, 0.0 ], [ 89.229912549224821, 26.648508821425025, 0.0 ], [ 89.230178610954169, 26.64931762221056, 0.0 ], [ 89.230069826261513, 26.649778986111357, 0.0 ], [ 89.22976165287804, 26.651083712643299, 0.0 ], [ 89.22940646024, 26.652547494171586, 0.0 ], [ 89.230978788140646, 26.65245596387166, 0.0 ], [ 89.232807669238582, 26.653051103725488, 0.0 ], [ 89.233452227738155, 26.653322030787137, 0.0 ], [ 89.234896505669269, 26.653232044623223, 0.0 ], [ 89.235376389308954, 26.653150906888868, 0.0 ], [ 89.235339404689853, 26.652869859756265, 0.0 ], [ 89.235066743735274, 26.652730105110322, 0.0 ], [ 89.234758165656899, 26.652492587862696, 0.0 ], [ 89.234133653045717, 26.652446326736651, 0.0 ], [ 89.23386614880377, 26.651886898961266, 0.0 ], [ 89.233535319699286, 26.650827797964553, 0.0 ], [ 89.233742569364153, 26.649977051000178, 0.0 ], [ 89.234179681247326, 26.649517448871222, 0.0 ], [ 89.235039051810872, 26.649144998243116, 0.0 ], [ 89.235079147184933, 26.648897342938085, 0.0 ], [ 89.234535426968421, 26.647683216807081, 0.0 ], [ 89.233812245238994, 26.646090575020082, 0.0 ], [ 89.233520506066554, 26.645474015113734, 0.0 ], [ 89.233378118205621, 26.64538299293082, 0.0 ], [ 89.2327283436382, 26.645349602901888, 0.0 ] ] ] ] } },
{ "type": "Feature", "properties": { "Compartment": "KB-1", "Area_in_Ha": 799.045, "Shape_Area": 0.00066625983, "Beat": null, "Range": null, "Division": null }, "geometry": { "type": "MultiPolygon", "coordinates": [ [ [ [ 89.252457923394502, 26.693082786041771, 0.0 ], [ 89.25275298466255, 26.696039297375705, 0.0 ], [ 89.252959299032455, 26.69614143158185, 0.0 ], [ 89.253168549688894, 26.696237409029266, 0.0 ], [ 89.253380551371379, 26.696327145181669, 0.0 ], [ 89.25359511881976, 26.696410561798018, 0.0 ], [ 89.253812062276893, 26.69648758513398, 0.0 ], [ 89.254031192885293, 26.696558147740404, 0.0 ], [ 89.25425231818997, 26.696622187563946, 0.0 ], [ 89.254475243038087, 26.696679648846782, 0.0 ], [ 89.254699772276751, 26.69673048122678, 0.0 ], [ 89.254925708954374, 26.696774639737896, 0.0 ], [ 89.255152854320841, 26.696812085709212, 0.0 ], [ 89.255381009625978, 26.696842785865954, 0.0 ], [ 89.255609974320919, 26.696866713228303, 0.0 ], [ 89.255839546957588, 26.696883848011225, 0.0 ], [ 89.256069526987119, 26.696894174026966, 0.0 ], [ 89.256299711162796, 26.69689768228227, 0.0 ], [ 89.256529898935753, 26.696894370079178, 0.0 ], [ 89.256759887958538, 26.69688424101497, 0.0 ], [ 89.256989474984323, 26.696867302284204, 0.0 ], [ 89.257218459464411, 26.696843569175428, 0.0 ], [ 89.257446640849878, 26.696813064171636, 0.0 ], [ 89.257673818591911, 26.696775811554517, 0.0 ], [ 89.257899793041076, 26.696731846397654, 0.0 ], [ 89.258124365447145, 26.696681205573213, 0.0 ], [ 89.258347338858641, 26.696623934047352, 0.0 ], [ 89.258568518122672, 26.696560083081408, 0.0 ], [ 89.260696225950142, 26.6959115405852, 0.0 ], [ 89.26225761719536, 26.695423590926055, 0.0 ], [ 89.263892736660523, 26.690982886151346, 0.0 ], [ 89.263033180836658, 26.688863229954165, 0.0 ], [ 89.259492200105001, 26.685667165307507, 0.0 ], [ 89.257171158722031, 26.681697798814412, 0.0 ], [ 89.256282652822222, 26.679079053955206, 0.0 ], [ 89.253931976079912, 26.676693946668365, 0.0 ], [ 89.250897875736428, 26.674511244398445, 0.0 ], [ 89.248299690278543, 26.672802805904837, 0.0 ], [ 89.248276423917901, 26.671177920724517, 0.0 ], [ 89.248844978013381, 26.669893723016969, 0.0 ], [ 89.247856909968505, 26.669215552355922, 0.0 ], [ 89.245634524213983, 26.670046462074595, 0.0 ], [ 89.244775103288418, 26.669021341062091, 0.0 ], [ 89.243764079149003, 26.667388837724729, 0.0 ], [ 89.241861861935433, 26.665530755639907, 0.0 ], [ 89.24143625238122, 26.66510748072568, 0.0 ], [ 89.240527803115697, 26.662944247878784, 0.0 ], [ 89.239486988034116, 26.660495098070385, 0.0 ], [ 89.237255369839488, 26.659753008094924, 0.0 ], [ 89.235463281805096, 26.660115684890968, 0.0 ], [ 89.234490117325095, 26.659925443204713, 0.0 ], [ 89.233769890767917, 26.659590618412381, 0.0 ], [ 89.233148615716118, 26.658997165686685, 0.0 ], [ 89.232859233666773, 26.658340317052023, 0.0 ], [ 89.233224718146289, 26.657503694839704, 0.0 ], [ 89.233432512800277, 26.657049556092204, 0.0 ], [ 89.234003185698498, 26.656255794669221, 0.0 ], [ 89.234079516556505, 26.655503665561753, 0.0 ], [ 89.233701871444282, 26.654776143704112, 0.0 ], [ 89.232341332086889, 26.653763999009414, 0.0 ], [ 89.232279223107696, 26.653446952914578, 0.0 ], [ 89.2334337250864, 26.653317009872183, 0.0 ], [ 89.232807669238582, 26.653051103725488, 0.0 ], [ 89.230978788140646, 26.65245596387166, 0.0 ], [ 89.22940646024, 26.652547494171586, 0.0 ], [ 89.22976165287804, 26.651083712643299, 0.0 ], [ 89.230069826261513, 26.649778986111357, 0.0 ], [ 89.230178610954169, 26.64931762221056, 0.0 ], [ 89.229912549224821, 26.648508821425025, 0.0 ], [ 89.229260842913618, 26.647073255226587, 0.0 ], [ 89.228575801432157, 26.646550413670695, 0.0 ], [ 89.227884486280061, 26.646046295100462, 0.0 ], [ 89.227512022162159, 26.645777433781575, 0.0 ], [ 89.22724918630098, 26.645605398870089, 0.0 ], [ 89.226584152936368, 26.645784864879658, 0.0 ], [ 89.2250776212353, 26.646208307067752, 0.0 ], [ 89.223778489385836, 26.646560533741706, 0.0 ], [ 89.222128247820422, 26.647230546652452, 0.0 ], [ 89.221825351658708, 26.647358433844715, 0.0 ], [ 89.221326783704171, 26.647551658582245, 0.0 ], [ 89.220805622981175, 26.647695604068929, 0.0 ], [ 89.220378984602519, 26.64779756920251, 0.0 ], [ 89.219951767060479, 26.64702002885133, 0.0 ], [ 89.219284201204971, 26.645815244877724, 0.0 ], [ 89.218690031719632, 26.645772116989633, 0.0 ], [ 89.217647446772332, 26.645713347193293, 0.0 ], [ 89.215584635822324, 26.645566695646551, 0.0 ], [ 89.216811842592506, 26.646091030077002, 0.0 ], [ 89.216592580683084, 26.647517136306874, 0.0 ], [ 89.2171785888209, 26.648307726720248, 0.0 ], [ 89.217399973130341, 26.648678266288982, 0.0 ], [ 89.217568801958691, 26.649426039080481, 0.0 ], [ 89.218207600300559, 26.649708188781915, 0.0 ], [ 89.218792728002029, 26.650354875976802, 0.0 ], [ 89.219233179067999, 26.650706074725633, 0.0 ], [ 89.220256668710363, 26.650869018390551, 0.0 ], [ 89.22119548088682, 26.65131373763893, 0.0 ], [ 89.222041636812151, 26.652195866446107, 0.0 ], [ 89.223779987656371, 26.652667813568769, 0.0 ], [ 89.224732456038055, 26.653563653439903, 0.0 ], [ 89.224437035041205, 26.654634381771359, 0.0 ], [ 89.223583822135765, 26.655054302214353, 0.0 ], [ 89.223373664063388, 26.655755346232297, 0.0 ], [ 89.223594450323674, 26.656609210246927, 0.0 ], [ 89.223647168582033, 26.657310410746902, 0.0 ], [ 89.224581652321433, 26.657497345626041, 0.0 ], [ 89.225135015068929, 26.657333549403859, 0.0 ], [ 89.225258316618067, 26.657061374083185, 0.0 ], [ 89.225396137721646, 26.656764783068354, 0.0 ], [ 89.225944012805996, 26.657567680703949, 0.0 ], [ 89.227235593947569, 26.660371461074135, 0.0 ], [ 89.228160063736027, 26.661526315587025, 0.0 ], [ 89.228458850895322, 26.661871997894423, 0.0 ], [ 89.229449881307062, 26.662641645795361, 0.0 ], [ 89.230460308296642, 26.663733867024405, 0.0 ], [ 89.230978832207427, 26.665040463246839, 0.0 ], [ 89.231556434382014, 26.666037993058978, 0.0 ], [ 89.231706717391148, 26.666274643360168, 0.0 ], [ 89.231668375695051, 26.666496718348924, 0.0 ], [ 89.231192966182505, 26.666982941309755, 0.0 ], [ 89.231428486035838, 26.667937267690775, 0.0 ], [ 89.231986586411892, 26.668833613880224, 0.0 ], [ 89.232532741093166, 26.669362625684698, 0.0 ], [ 89.233859261795544, 26.669701331051613, 0.0 ], [ 89.234559497323005, 26.670082461936147, 0.0 ], [ 89.235095804427885, 26.670393132736933, 0.0 ], [ 89.236224968907266, 26.670779104672022, 0.0 ], [ 89.235058162404357, 26.671107438157776, 0.0 ], [ 89.234814186225776, 26.671200175347849, 0.0 ], [ 89.234290340127131, 26.671290648944364, 0.0 ], [ 89.234113992966456, 26.671365066944361, 0.0 ], [ 89.234012470299319, 26.671337669997513, 0.0 ], [ 89.233822536181151, 26.671357571994406, 0.0 ], [ 89.233726528156808, 26.671408084215784, 0.0 ], [ 89.23375184677036, 26.671512839945649, 0.0 ], [ 89.233913466633226, 26.671795029217265, 0.0 ], [ 89.233978877023617, 26.671999003551207, 0.0 ], [ 89.234071143868277, 26.672175006271573, 0.0 ], [ 89.234103709218857, 26.67227950299673, 0.0 ], [ 89.237005656885628, 26.678467025732687, 0.0 ], [ 89.237626940930625, 26.679717709304896, 0.0 ], [ 89.237771875671569, 26.679967386285909, 0.0 ], [ 89.238010162738874, 26.680074125920214, 0.0 ], [ 89.238088588117932, 26.680101191017229, 0.0 ], [ 89.238144927946109, 26.680121909598483, 0.0 ], [ 89.238167776122054, 26.680139501237022, 0.0 ], [ 89.238134801579861, 26.680447105349685, 0.0 ], [ 89.23936221159687, 26.683109426858607, 0.0 ], [ 89.239551561155679, 26.684271141400131, 0.0 ], [ 89.239096931378356, 26.685099035692019, 0.0 ], [ 89.238437736412436, 26.685076383568287, 0.0 ], [ 89.238429930297116, 26.685801271311675, 0.0 ], [ 89.239038676893472, 26.686195641116001, 0.0 ], [ 89.240654979843498, 26.687589299806405, 0.0 ], [ 89.241573593246812, 26.687840475057953, 0.0 ], [ 89.241881736053358, 26.687326599742846, 0.0 ], [ 89.242478957837704, 26.687256541656097, 0.0 ], [ 89.243479023738018, 26.687888081569781, 0.0 ], [ 89.243924930091509, 26.688003088671678, 0.0 ], [ 89.245621315871063, 26.688418152775569, 0.0 ], [ 89.246493299426277, 26.688649834322462, 0.0 ], [ 89.248342800180126, 26.689034002217454, 0.0 ], [ 89.249260688729862, 26.68984879518581, 0.0 ], [ 89.250686863308147, 26.691071544016609, 0.0 ], [ 89.251679291266328, 26.691378890923147, 0.0 ], [ 89.252293619055308, 26.691577802973256, 0.0 ], [ 89.252457923394502, 26.693082786041771, 0.0 ] ] ] ] } },
{ "type": "Feature", "properties": { "Compartment": "CP-4B", "Area_in_Ha": 502.979, "Shape_Area": 0.00040588877, "Beat": "Dhoidhoi Ghat", "Range": "Chilapata", "Division": "Jaldapara" }, "geometry": { "type": "MultiPolygon", "coordinates": [ [ [ [ 89.348460880065602, 26.553084318586457, 0.0 ], [ 89.347602172302459, 26.551389709867294, 0.0 ], [ 89.348243212654211, 26.549351030425782, 0.0 ], [ 89.345549103708208, 26.546590436399583, 0.0 ], [ 89.343206598205995, 26.544229425547599, 0.0 ], [ 89.342449474263901, 26.541623757730292, 0.0 ], [ 89.342747065324886, 26.540428328504618, 0.0 ], [ 89.340583896329804, 26.539223830515425, 0.0 ], [ 89.338532995101673, 26.538786575640017, 0.0 ], [ 89.337651505712472, 26.538337732100729, 0.0 ], [ 89.33785485771557, 26.537093071288268, 0.0 ], [ 89.335442786955127, 26.536791049267549, 0.0 ], [ 89.334182986056021, 26.535365272189608, 0.0 ], [ 89.332692713198242, 26.533026529450808, 0.0 ], [ 89.331865282057151, 26.530814016453746, 0.0 ], [ 89.331967331727014, 26.527218415397613, 0.0 ], [ 89.332527308988176, 26.525575083323474, 0.0 ], [ 89.332806784105856, 26.524591027154258, 0.0 ], [ 89.331543463260289, 26.52277429409844, 0.0 ], [ 89.329970029193532, 26.519715769966865, 0.0 ], [ 89.328645924969521, 26.518815946099096, 0.0 ], [ 89.327398974483117, 26.51817761900196, 0.0 ], [ 89.325363542493562, 26.518271443472372, 0.0 ], [ 89.324161816214882, 26.521420208276027, 0.0 ], [ 89.324341615872925, 26.524097743616039, 0.0 ], [ 89.324064184014958, 26.525341409778264, 0.0 ], [ 89.322603046493441, 26.525355280022211, 0.0 ], [ 89.321962497171569, 26.526895868149836, 0.0 ], [ 89.320102663207422, 26.531124586530495, 0.0 ], [ 89.321000885382603, 26.532978527237276, 0.0 ], [ 89.321462789775978, 26.534902538621338, 0.0 ], [ 89.32175682311896, 26.535095653641577, 0.0 ], [ 89.32338064889791, 26.53651779655911, 0.0 ], [ 89.323748613707608, 26.536710345006441, 0.0 ], [ 89.324044839597718, 26.537034319478323, 0.0 ], [ 89.325672189819784, 26.538750775428014, 0.0 ], [ 89.327007277463963, 26.540535736335187, 0.0 ], [ 89.327265390085756, 26.540729369364954, 0.0 ], [ 89.329039345989088, 26.542215747258979, 0.0 ], [ 89.330517731608097, 26.543508796094102, 0.0 ], [ 89.331436800967651, 26.544023005057682, 0.0 ], [ 89.33230963708013, 26.543753021384873, 0.0 ], [ 89.33275592294757, 26.544402630477066, 0.0 ], [ 89.332838768494412, 26.545186536229721, 0.0 ], [ 89.332847777902714, 26.545905748351629, 0.0 ], [ 89.332128808597702, 26.546828127216372, 0.0 ], [ 89.331766869245655, 26.547356113793683, 0.0 ], [ 89.331700542446129, 26.547945631985385, 0.0 ], [ 89.33303702493879, 26.549699126513531, 0.0 ], [ 89.335175737770157, 26.551116463454093, 0.0 ], [ 89.337018895605581, 26.552274668840937, 0.0 ], [ 89.338014696021446, 26.554444464040841, 0.0 ], [ 89.340558146041644, 26.554630113788789, 0.0 ], [ 89.341252810269054, 26.554671955646313, 0.0 ], [ 89.342239986186485, 26.554710261369507, 0.0 ], [ 89.343220640220409, 26.554643430949625, 0.0 ], [ 89.344649732199457, 26.554437713729556, 0.0 ], [ 89.346224156419737, 26.554212806775638, 0.0 ], [ 89.348079651155047, 26.553306949356283, 0.0 ], [ 89.348460880065602, 26.553084318586457, 0.0 ] ] ] ] } },
{ "type": "Feature", "properties": { "Compartment": "CP-4A", "Area_in_Ha": 135.815, "Shape_Area": 0.00010959856, "Beat": "Chilapata Beat", "Range": "Jaldapara East", "Division": "Jaldapara" }, "geometry": { "type": "MultiPolygon", "coordinates": [ [ [ [ 89.351213905397458, 26.55190001037721, 0.0 ], [ 89.351235810184562, 26.551329105453931, 0.0 ], [ 89.351562874726937, 26.550938711552362, 0.0 ], [ 89.351936678834704, 26.550509304161096, 0.0 ], [ 89.353497312850777, 26.54991235577063, 0.0 ], [ 89.355882557733935, 26.549129172173593, 0.0 ], [ 89.358564342370585, 26.548217861265357, 0.0 ], [ 89.361810083768432, 26.54714494937997, 0.0 ], [ 89.362771369103484, 26.546313625073765, 0.0 ], [ 89.356591575141124, 26.545819907163036, 0.0 ], [ 89.356496579753411, 26.544831270746613, 0.0 ], [ 89.358168110969586, 26.544168655659007, 0.0 ], [ 89.342747065324886, 26.540428328504618, 0.0 ], [ 89.342449474263901, 26.541623757730292, 0.0 ], [ 89.343206598205995, 26.544229425547599, 0.0 ], [ 89.345549103708208, 26.546590436399583, 0.0 ], [ 89.348243212654211, 26.549351030425782, 0.0 ], [ 89.347602172302459, 26.551389709867294, 0.0 ], [ 89.348460880065602, 26.553084318586457, 0.0 ], [ 89.351213905397458, 26.55190001037721, 0.0 ] ] ] ] } },
{ "type": "Feature", "properties": { "Compartment": "BD-7A", "Area_in_Ha": 391.195, "Shape_Area": 0.00031568303, "Beat": "Kodalbasti Beat", "Range": "Kodalbasti", "Division": "Jaldapara" }, "geometry": { "type": "MultiPolygon", "coordinates": [ [ [ [ 89.369432506305202, 26.613063014246734, 0.0 ], [ 89.359796416271649, 26.613460867125355, 0.0 ], [ 89.358471434309308, 26.613582245923965, 0.0 ], [ 89.355530389515934, 26.613732476772441, 0.0 ], [ 89.352817213143908, 26.613953611070372, 0.0 ], [ 89.351527409062726, 26.614101674552671, 0.0 ], [ 89.35095498698314, 26.615400532108936, 0.0 ], [ 89.350726025885422, 26.616029429814375, 0.0 ], [ 89.350008095297426, 26.619236527343901, 0.0 ], [ 89.349656010716387, 26.621488326325277, 0.0 ], [ 89.349382235501821, 26.624906692589832, 0.0 ], [ 89.348442230824332, 26.629403487181264, 0.0 ], [ 89.348962036269029, 26.630868703128215, 0.0 ], [ 89.365952397085493, 26.631296537605181, 0.0 ], [ 89.369432506305202, 26.613063014246734, 0.0 ] ] ] ] } },
{ "type": "Feature", "properties": { "Compartment": "BD-3", "Area_in_Ha": 364.431, "Shape_Area": 0.00029408503, "Beat": "Kodalbasti Beat", "Range": "Kodalbasti", "Division": "Jaldapara" }, "geometry": { "type": "MultiPolygon", "coordinates": [ [ [ [ 89.35986408485968, 26.663952128887672, 0.0 ], [ 89.359397735117454, 26.660463099292656, 0.0 ], [ 89.359307069965382, 26.659478640227121, 0.0 ], [ 89.355620614899522, 26.653457202487971, 0.0 ], [ 89.355204968034911, 26.652536152821256, 0.0 ], [ 89.354591914585228, 26.650976677132007, 0.0 ], [ 89.353810500853967, 26.649113078605751, 0.0 ], [ 89.353633428839714, 26.646831440118945, 0.0 ], [ 89.353600838308125, 26.646473275221524, 0.0 ], [ 89.353538526082161, 26.645724385472079, 0.0 ], [ 89.353155636123745, 26.643418867286925, 0.0 ], [ 89.353087236386898, 26.643091108467956, 0.0 ], [ 89.352433601929249, 26.641490481600499, 0.0 ], [ 89.352214812163936, 26.641220140896849, 0.0 ], [ 89.350661454562555, 26.640030581546171, 0.0 ], [ 89.348996990219007, 26.638885663642498, 0.0 ], [ 89.346367147725744, 26.638091722355171, 0.0 ], [ 89.343733484013114, 26.645745506050332, 0.0 ], [ 89.343595411998706, 26.653037872000255, 0.0 ], [ 89.343212974399307, 26.664792943739428, 0.0 ], [ 89.348236983050413, 26.664204825792126, 0.0 ], [ 89.348545480189841, 26.664183557725039, 0.0 ], [ 89.355318689106298, 26.664029560515871, 0.0 ], [ 89.35986408485968, 26.663952128887672, 0.0 ] ] ] ] } },
{ "type": "Feature", "properties": { "Compartment": "BD-6A", "Area_in_Ha": 318.557, "Shape_Area": 0.00025706618, "Beat": "Kodalbasti Beat", "Range": "Kodalbasti", "Division": "Jaldapara" }, "geometry": { "type": "MultiPolygon", "coordinates": [ [ [ [ 89.363721307692231, 26.645277335180936, 0.0 ], [ 89.365952397085493, 26.631296537605181, 0.0 ], [ 89.348962036269029, 26.630868703128215, 0.0 ], [ 89.348746509244052, 26.631512051140305, 0.0 ], [ 89.348738453117164, 26.633555626491045, 0.0 ], [ 89.348361957338511, 26.635152996913348, 0.0 ], [ 89.3474059033598, 26.636214374094152, 0.0 ], [ 89.346367147725744, 26.638091722355171, 0.0 ], [ 89.348996990219007, 26.638885663642498, 0.0 ], [ 89.350661454562555, 26.640030581546171, 0.0 ], [ 89.352214812163936, 26.641220140896849, 0.0 ], [ 89.352433601929249, 26.641490481600499, 0.0 ], [ 89.353087236386898, 26.643091108467956, 0.0 ], [ 89.353155636123745, 26.643418867286925, 0.0 ], [ 89.353538526082161, 26.645724385472079, 0.0 ], [ 89.353600838308125, 26.646473275221524, 0.0 ], [ 89.353633428839714, 26.646831440118945, 0.0 ], [ 89.353810500853967, 26.649113078605751, 0.0 ], [ 89.354591914585228, 26.650976677132007, 0.0 ], [ 89.355204968034911, 26.652536152821256, 0.0 ], [ 89.355620614899522, 26.653457202487971, 0.0 ], [ 89.363721307692231, 26.645277335180936, 0.0 ] ] ] ] } },
{ "type": "Feature", "properties": { "Compartment": "JG-1", "Area_in_Ha": 1194.775, "Shape_Area": 0.00096716588, "Beat": "Dalsingpara", "Range": "Nilpara", "Division": "Jaldapara" }, "geometry": { "type": "MultiPolygon", "coordinates": [ [ [ [ 89.357022586023561, 26.826589536877691, 0.0 ], [ 89.32112488570499, 26.825621104630329, 0.0 ], [ 89.324198965410005, 26.833410259675816, 0.0 ], [ 89.327775871359449, 26.841003561265381, 0.0 ], [ 89.327732865779183, 26.842162426754669, 0.0 ], [ 89.327839748405722, 26.843164658222463, 0.0 ], [ 89.328021647980734, 26.844359694444393, 0.0 ], [ 89.327776284148229, 26.845556002307717, 0.0 ], [ 89.346330925731706, 26.849980354709658, 0.0 ], [ 89.359690664092909, 26.855234903667906, 0.0 ], [ 89.364302458591624, 26.857112058574671, 0.0 ], [ 89.372857971818007, 26.86004495101372, 0.0 ], [ 89.372610564725846, 26.857302020571865, 0.0 ], [ 89.371946062860559, 26.854990413976452, 0.0 ], [ 89.37167449817963, 26.853774939761706, 0.0 ], [ 89.370683646732971, 26.851191355696585, 0.0 ], [ 89.371171957020238, 26.849774831743161, 0.0 ], [ 89.368963002640498, 26.846455835168683, 0.0 ], [ 89.366859111558824, 26.843933426586432, 0.0 ], [ 89.361391550080043, 26.837386971831336, 0.0 ], [ 89.358104521706366, 26.834402532051286, 0.0 ], [ 89.357022586023561, 26.826589536877691, 0.0 ] ] ] ] } },
{ "type": "Feature", "properties": { "Compartment": "JG-2", "Area_in_Ha": 943.224, "Shape_Area": 0.00075906538, "Beat": "Dalsingpara", "Range": "Nilpara", "Division": "Jaldapara" }, "geometry": { "type": "MultiPolygon", "coordinates": [ [ [ [ 89.34414636456313, 26.798221755729514, 0.0 ], [ 89.342973835674059, 26.797747577388861, 0.0 ], [ 89.337543965681505, 26.798570360833537, 0.0 ], [ 89.336875898004337, 26.798700738248499, 0.0 ], [ 89.334491057816138, 26.800705766857732, 0.0 ], [ 89.32940360199467, 26.80152899726545, 0.0 ], [ 89.324609853062327, 26.802998043425021, 0.0 ], [ 89.322343792631955, 26.803428690981377, 0.0 ], [ 89.316331849935011, 26.804518132405917, 0.0 ], [ 89.315719105852111, 26.804625194896857, 0.0 ], [ 89.31735639538141, 26.810521664643147, 0.0 ], [ 89.31845173905657, 26.814627310801825, 0.0 ], [ 89.318914342223195, 26.818281528769603, 0.0 ], [ 89.319292990079475, 26.821055467835606, 0.0 ], [ 89.319388214794344, 26.821036082049602, 0.0 ], [ 89.320036600808521, 26.821654627658972, 0.0 ], [ 89.320102226136896, 26.82238700585566, 0.0 ], [ 89.320138461620786, 26.822930621750857, 0.0 ], [ 89.321126094393776, 26.825621213448301, 0.0 ], [ 89.357022586023561, 26.826589536877691, 0.0 ], [ 89.355882808644765, 26.825627897209756, 0.0 ], [ 89.354482441911216, 26.824176442688724, 0.0 ], [ 89.35256855239686, 26.822713217840771, 0.0 ], [ 89.351109977043848, 26.820234990252629, 0.0 ], [ 89.350123936970192, 26.816391477584659, 0.0 ], [ 89.349012642919206, 26.813306349708341, 0.0 ], [ 89.345732025812424, 26.810811138423333, 0.0 ], [ 89.344654495908344, 26.807391174063468, 0.0 ], [ 89.344449063773311, 26.798340604735188, 0.0 ], [ 89.34414636456313, 26.798221755729514, 0.0 ] ] ] ] } },
{ "type": "Feature", "properties": { "Compartment": "DSP-2", "Area_in_Ha": 345.469, "Shape_Area": 0.00027878339, "Beat": "Dalsingpara", "Range": "Nilpara", "Division": "Jaldapara" }, "geometry": { "type": "MultiPolygon", "coordinates": [ [ [ [ 89.342973836573378, 26.797747576489542, 0.0 ], [ 89.34414636546245, 26.798221756628834, 0.0 ], [ 89.343816767529859, 26.794320377083807, 0.0 ], [ 89.3417368856488, 26.791693255939037, 0.0 ], [ 89.337135799377677, 26.777171204087836, 0.0 ], [ 89.333528732864806, 26.777302820768625, 0.0 ], [ 89.325750614299466, 26.778670354153576, 0.0 ], [ 89.32586966385395, 26.779259375020217, 0.0 ], [ 89.325942820105126, 26.780052639118026, 0.0 ], [ 89.326536003034164, 26.780626666487535, 0.0 ], [ 89.327172377703107, 26.781387566682895, 0.0 ], [ 89.327481759775424, 26.782916656078839, 0.0 ], [ 89.327572174016666, 26.783347332413484, 0.0 ], [ 89.32787664219336, 26.784827309832508, 0.0 ], [ 89.327991040454208, 26.785372693794841, 0.0 ], [ 89.328544698179314, 26.787110979887871, 0.0 ], [ 89.328936129898523, 26.788355776497951, 0.0 ], [ 89.329471472930209, 26.790006799574201, 0.0 ], [ 89.329988890674827, 26.791627268183959, 0.0 ], [ 89.328498768903103, 26.792524030759466, 0.0 ], [ 89.328391997792551, 26.79507768628622, 0.0 ], [ 89.328777440926217, 26.797318748261659, 0.0 ], [ 89.32940360199467, 26.80152899726545, 0.0 ], [ 89.334491057816138, 26.800705766857732, 0.0 ], [ 89.336875898004337, 26.798700738248499, 0.0 ], [ 89.337543966580824, 26.798570360833537, 0.0 ], [ 89.342973836573378, 26.797747576489542, 0.0 ] ] ] ] } },
{ "type": "Feature", "properties": { "Compartment": "DSP-1", "Area_in_Ha": 263.628, "Shape_Area": 0.00023417827, "Beat": "Dalsingpara", "Range": "Nilpara", "Division": "Jaldapara" }, "geometry": { "type": "MultiPolygon", "coordinates": [ [ [ [ 89.32940360199467, 26.80152899726545, 0.0 ], [ 89.328777440926217, 26.797318749160979, 0.0 ], [ 89.328391997792551, 26.79507768628622, 0.0 ], [ 89.328498768903103, 26.792524030759466, 0.0 ], [ 89.329988889775507, 26.791627268183959, 0.0 ], [ 89.329471472930209, 26.790006798674881, 0.0 ], [ 89.328936129898523, 26.788355777397271, 0.0 ], [ 89.328544698179314, 26.787110979887871, 0.0 ], [ 89.327991039554888, 26.785372692895521, 0.0 ], [ 89.32787664219336, 26.784827308933188, 0.0 ], [ 89.327572174016666, 26.783347333312861, 0.0 ], [ 89.327481759775424, 26.782916656978216, 0.0 ], [ 89.327172377703107, 26.781387566682895, 0.0 ], [ 89.326536003034164, 26.780626667386855, 0.0 ], [ 89.325942820105126, 26.780052639118026, 0.0 ], [ 89.325869662954631, 26.779259375020217, 0.0 ], [ 89.325750614299466, 26.778670354153576, 0.0 ], [ 89.314584702821833, 26.780779952332978, 0.0 ], [ 89.31439222991753, 26.784398853024697, 0.0 ], [ 89.315467629327713, 26.785936411336365, 0.0 ], [ 89.319991791188272, 26.790338507316335, 0.0 ], [ 89.319779729251138, 26.797107592841201, 0.0 ], [ 89.32036667538182, 26.79867987667501, 0.0 ], [ 89.321703814379589, 26.801984074905192, 0.0 ], [ 89.322343792631955, 26.803428690981377, 0.0 ], [ 89.324609853062327, 26.802998043425021, 0.0 ], [ 89.32940360199467, 26.80152899726545, 0.0 ] ] ] ] } },
{ "type": "Feature", "properties": { "Compartment": "DSP-4", "Area_in_Ha": 528.692, "Shape_Area": 0.00053291968, "Beat": "Nilpara", "Range": "jaldapara North", "Division": "Jaldapara" }, "geometry": { "type": "MultiPolygon", "coordinates": [ [ [ [ 89.325750614299466, 26.778670354153576, 0.0 ], [ 89.3264240761103, 26.775310040026397, 0.0 ], [ 89.326564305598311, 26.770328300410767, 0.0 ], [ 89.326196831818379, 26.768285305122788, 0.0 ], [ 89.326050119117781, 26.767547585852469, 0.0 ], [ 89.325964490169156, 26.767077342945072, 0.0 ], [ 89.325844009793286, 26.76642590643047, 0.0 ], [ 89.325747871367241, 26.765897239965682, 0.0 ], [ 89.325730616974454, 26.765148563355581, 0.0 ], [ 89.325713066704736, 26.764834691867577, 0.0 ], [ 89.325698279152334, 26.764448626403009, 0.0 ], [ 89.325664347731504, 26.763340510556191, 0.0 ], [ 89.325644910684161, 26.762891426897909, 0.0 ], [ 89.325640963559692, 26.76231806862404, 0.0 ], [ 89.32558157682837, 26.760990670183332, 0.0 ], [ 89.325571096129238, 26.760620818595953, 0.0 ], [ 89.32556103631282, 26.760275078731922, 0.0 ], [ 89.325550274125931, 26.75988915356163, 0.0 ], [ 89.325487648935905, 26.758348916169609, 0.0 ], [ 89.325299853405568, 26.757765276846101, 0.0 ], [ 89.325187267278636, 26.757451633785934, 0.0 ], [ 89.32468430613585, 26.756068358667846, 0.0 ], [ 89.324418624819714, 26.755301261244256, 0.0 ], [ 89.324232030783662, 26.754823178946594, 0.0 ], [ 89.322708723129153, 26.752583263606766, 0.0 ], [ 89.322279821156883, 26.751942665721515, 0.0 ], [ 89.322033501345061, 26.751595995958496, 0.0 ], [ 89.321017425713706, 26.74959320036595, 0.0 ], [ 89.320880154995223, 26.749209539688536, 0.0 ], [ 89.320754254405358, 26.748860661190633, 0.0 ], [ 89.320688956430274, 26.748464488245588, 0.0 ], [ 89.320562318396355, 26.748112463019822, 0.0 ], [ 89.320179825938283, 26.746462543411724, 0.0 ], [ 89.319759216614614, 26.74489774103796, 0.0 ], [ 89.319180001056282, 26.74353649661208, 0.0 ], [ 89.315076211997621, 26.745270138606088, 0.0 ], [ 89.311476205162819, 26.74556891407417, 0.0 ], [ 89.308925683773339, 26.745799199873204, 0.0 ], [ 89.3086525209971, 26.747385092248237, 0.0 ], [ 89.308831783759899, 26.750410051882454, 0.0 ], [ 89.310585931195817, 26.753225714994812, 0.0 ], [ 89.310082366608015, 26.755677675184586, 0.0 ], [ 89.308752736049996, 26.761077252413315, 0.0 ], [ 89.30759499471327, 26.769543215646934, 0.0 ], [ 89.309754353280823, 26.775440038826787, 0.0 ], [ 89.310814868011789, 26.777679175353683, 0.0 ], [ 89.313897870790186, 26.778511679570386, 0.0 ], [ 89.314565451934129, 26.780830174073344, 0.0 ], [ 89.317020456329033, 26.780251439652261, 0.0 ], [ 89.325750614299466, 26.778670354153576, 0.0 ] ] ] ] } },
{ "type": "Feature", "properties": { "Compartment": "DSP-3", "Area_in_Ha": 417.096, "Shape_Area": 0.00033658379, "Beat": "Nilpara", "Range": "jaldapara North", "Division": "Jaldapara" }, "geometry": { "type": "MultiPolygon", "coordinates": [ [ [ [ 89.337135799377677, 26.777171204087836, 0.0 ], [ 89.336043222017167, 26.773384406265393, 0.0 ], [ 89.336653121544373, 26.769614812473662, 0.0 ], [ 89.335685009455688, 26.767868786815086, 0.0 ], [ 89.335105171566454, 26.767100786472156, 0.0 ], [ 89.335477923467465, 26.766110258781453, 0.0 ], [ 89.335602993983059, 26.765814278406253, 0.0 ], [ 89.336015592145941, 26.764220541245038, 0.0 ], [ 89.336074882649768, 26.763194644117561, 0.0 ], [ 89.335161973646223, 26.762392838258904, 0.0 ], [ 89.333917281357515, 26.761633575728979, 0.0 ], [ 89.33337670247289, 26.760608653466647, 0.0 ], [ 89.332992155963268, 26.759120870831566, 0.0 ], [ 89.332979117592288, 26.758717925092242, 0.0 ], [ 89.33296209342592, 26.758192158041709, 0.0 ], [ 89.332775920272582, 26.75654106571767, 0.0 ], [ 89.332725393662031, 26.755994966794333, 0.0 ], [ 89.332082540277042, 26.753357445889492, 0.0 ], [ 89.33063229534423, 26.75066536491471, 0.0 ], [ 89.329346420401066, 26.748476259471829, 0.0 ], [ 89.329169613686759, 26.746234982558462, 0.0 ], [ 89.329115668753161, 26.743685780474436, 0.0 ], [ 89.328627809026216, 26.741576897256039, 0.0 ], [ 89.32808666536738, 26.739716911306459, 0.0 ], [ 89.327870012391202, 26.739281649328689, 0.0 ], [ 89.319180001056282, 26.7435364975114, 0.0 ], [ 89.319759217513933, 26.74489774103796, 0.0 ], [ 89.320179825938283, 26.746462542512404, 0.0 ], [ 89.320562318396355, 26.748112463019822, 0.0 ], [ 89.320688955530954, 26.748464488245588, 0.0 ], [ 89.320754253506038, 26.748860660291314, 0.0 ], [ 89.320880154995223, 26.749209539688536, 0.0 ], [ 89.321017426613025, 26.749593199466631, 0.0 ], [ 89.322033501345061, 26.751595995958496, 0.0 ], [ 89.322279821156883, 26.751942665721515, 0.0 ], [ 89.322708723129153, 26.752583264506086, 0.0 ], [ 89.324232030783662, 26.754823178946594, 0.0 ], [ 89.324418625719034, 26.755301261244256, 0.0 ], [ 89.32468430613585, 26.756068358667846, 0.0 ], [ 89.325187267278636, 26.757451634685253, 0.0 ], [ 89.325299853405568, 26.75776527774542, 0.0 ], [ 89.325487648935905, 26.758348916169609, 0.0 ], [ 89.325550274125931, 26.75988915446095, 0.0 ], [ 89.32556103631282, 26.760275079631299, 0.0 ], [ 89.325571096129238, 26.760620818595953, 0.0 ], [ 89.32558157682837, 26.760990670183332, 0.0 ], [ 89.325640963559692, 26.76231806952336, 0.0 ], [ 89.325644911583481, 26.762891426897909, 0.0 ], [ 89.325664347731504, 26.763340510556191, 0.0 ], [ 89.325698279152334, 26.76444862550369, 0.0 ], [ 89.325713066704736, 26.764834691867577, 0.0 ], [ 89.325730616974454, 26.765148563355581, 0.0 ], [ 89.325747871367241, 26.765897239965682, 0.0 ], [ 89.325844009793286, 26.76642590553115, 0.0 ], [ 89.325964490169156, 26.767077342945072, 0.0 ], [ 89.326050119117781, 26.767547585852469, 0.0 ], [ 89.326196832717699, 26.768285304223468, 0.0 ], [ 89.32656430649763, 26.770328300410767, 0.0 ], [ 89.3264240761103, 26.775310040026397, 0.0 ], [ 89.325750614299466, 26.778670354153576, 0.0 ], [ 89.333528732864806, 26.777302820768625, 0.0 ], [ 89.337135799377677, 26.777171204087836, 0.0 ] ] ] ] } },
{ "type": "Feature", "properties": { "Compartment": "JP-5", "Area_in_Ha": 889.481, "Shape_Area": 0.00071778448, "Beat": "Hollong Beat", "Range": "jaldapara North", "Division": "Jaldapara" }, "geometry": { "type": "MultiPolygon", "coordinates": [ [ [ [ 89.309412903182988, 26.661330554761321, 0.0 ], [ 89.30851084270131, 26.657800919876593, 0.0 ], [ 89.303414484490929, 26.643989680479422, 0.0 ], [ 89.301714631824836, 26.635446711896293, 0.0 ], [ 89.301456090226452, 26.634138905186376, 0.0 ], [ 89.300776350248441, 26.63438285618389, 0.0 ], [ 89.299522381452789, 26.634834270884937, 0.0 ], [ 89.29652184380808, 26.636131414333363, 0.0 ], [ 89.296219618540647, 26.636262444656154, 0.0 ], [ 89.293850356408882, 26.637269998311808, 0.0 ], [ 89.292385939059898, 26.637397577036609, 0.0 ], [ 89.289507323404337, 26.637801955395958, 0.0 ], [ 89.283392965013377, 26.638402955232266, 0.0 ], [ 89.279672217898622, 26.637818012791115, 0.0 ], [ 89.277108293013384, 26.637387392214407, 0.0 ], [ 89.277520187906418, 26.638587833361896, 0.0 ], [ 89.277463786024953, 26.640832322653637, 0.0 ], [ 89.277893863411123, 26.641740676590985, 0.0 ], [ 89.278124745460673, 26.642639900610959, 0.0 ], [ 89.277021172988782, 26.644008594121374, 0.0 ], [ 89.275529829937739, 26.645850132277815, 0.0 ], [ 89.274534534940869, 26.64771885244312, 0.0 ], [ 89.274145379405809, 26.648860581350789, 0.0 ], [ 89.274526810663815, 26.650398318627538, 0.0 ], [ 89.274657399419482, 26.651299218084489, 0.0 ], [ 89.274195522905131, 26.65208263820324, 0.0 ], [ 89.274235029223291, 26.652890504593188, 0.0 ], [ 89.27501426119926, 26.653196848755613, 0.0 ], [ 89.274952509250966, 26.654089182170082, 0.0 ], [ 89.274909274343599, 26.656059602168966, 0.0 ], [ 89.275496441707503, 26.658698660914524, 0.0 ], [ 89.27610329163366, 26.659988091777052, 0.0 ], [ 89.277831313764182, 26.662345709486942, 0.0 ], [ 89.28949865933572, 26.662083817014604, 0.0 ], [ 89.296195673191846, 26.660729356174897, 0.0 ], [ 89.297164161197145, 26.660561551674334, 0.0 ], [ 89.301901162908393, 26.659861621017058, 0.0 ], [ 89.304200669125635, 26.660368872825245, 0.0 ], [ 89.306265962204463, 26.660861011526492, 0.0 ], [ 89.308285481589735, 26.66141112142617, 0.0 ], [ 89.309412903182988, 26.661330554761321, 0.0 ] ] ] ] } },
{ "type": "Feature", "properties": { "Compartment": "JP-4", "Area_in_Ha": 617.766, "Shape_Area": 0.00049851911, "Beat": "50 Feet Beat", "Range": "Jaldapara West", "Division": "Jaldapara" }, "geometry": { "type": "MultiPolygon", "coordinates": [ [ [ [ 89.309884386255476, 26.673057593733006, 0.0 ], [ 89.309989237313516, 26.67203662848766, 0.0 ], [ 89.310139141708078, 26.670447928429212, 0.0 ], [ 89.310697162943768, 26.6695457204587, 0.0 ], [ 89.311313340638208, 26.668564868573867, 0.0 ], [ 89.311083431655106, 26.667699816993036, 0.0 ], [ 89.310122179594998, 26.66394834184257, 0.0 ], [ 89.309412903182988, 26.661330554761321, 0.0 ], [ 89.308285481589735, 26.66141112142617, 0.0 ], [ 89.306265962204463, 26.660861011526492, 0.0 ], [ 89.304200669125635, 26.660368872825245, 0.0 ], [ 89.301901162908393, 26.659861621017058, 0.0 ], [ 89.297164161197145, 26.660561551674334, 0.0 ], [ 89.296195673191846, 26.660729356174897, 0.0 ], [ 89.28949865933572, 26.662083817014604, 0.0 ], [ 89.277831313764182, 26.662345709486942, 0.0 ], [ 89.278919327065353, 26.663769605183177, 0.0 ], [ 89.279452569280693, 26.664616354661064, 0.0 ], [ 89.279852684853608, 26.665504738253105, 0.0 ], [ 89.280040260050043, 26.667399313027943, 0.0 ], [ 89.28061554017512, 26.669372394120728, 0.0 ], [ 89.280370290556505, 26.670290828558961, 0.0 ], [ 89.279331641941781, 26.6713145646155, 0.0 ], [ 89.278664991596145, 26.673299578812589, 0.0 ], [ 89.275245243972904, 26.674457204136729, 0.0 ], [ 89.274878455476426, 26.676432555118367, 0.0 ], [ 89.273593372835933, 26.678388455562811, 0.0 ], [ 89.273615230858297, 26.681418374058751, 0.0 ], [ 89.276941445391458, 26.681136482462762, 0.0 ], [ 89.280692675926332, 26.67925921154341, 0.0 ], [ 89.292976574209604, 26.676516433986308, 0.0 ], [ 89.294173518792888, 26.676540096947974, 0.0 ], [ 89.299891822949348, 26.675343366403297, 0.0 ], [ 89.304073718127654, 26.674412170585242, 0.0 ], [ 89.309884386255476, 26.673057593733006, 0.0 ] ] ] ] } },
{ "type": "Feature", "properties": { "Compartment": "JP-2", "Area_in_Ha": 398.65, "Shape_Area": 0.00032169843, "Beat": "Siltorsa Beat", "Range": "Jaldapara East", "Division": "Jaldapara" }, "geometry": { "type": "MultiPolygon", "coordinates": [ [ [ [ 89.329315007081959, 26.699511395434627, 0.0 ], [ 89.328886131190075, 26.69782875669182, 0.0 ], [ 89.328499560306511, 26.696736468912945, 0.0 ], [ 89.328016866285395, 26.69540768191905, 0.0 ], [ 89.327789135460307, 26.694820309509737, 0.0 ], [ 89.326870769370544, 26.69260880555197, 0.0 ], [ 89.326034714630453, 26.690611406791049, 0.0 ], [ 89.32605830564637, 26.687596019540706, 0.0 ], [ 89.326065775415259, 26.685267869016968, 0.0 ], [ 89.326075067210638, 26.684618219455331, 0.0 ], [ 89.326190881004436, 26.681129208746029, 0.0 ], [ 89.32617044301162, 26.680688840417702, 0.0 ], [ 89.326184309658231, 26.677287635016398, 0.0 ], [ 89.32714936764927, 26.675406050049219, 0.0 ], [ 89.327465905627093, 26.673222515906446, 0.0 ], [ 89.327331856280182, 26.672816203105356, 0.0 ], [ 89.326781458597509, 26.671009756495096, 0.0 ], [ 89.325804907270708, 26.67109631084611, 0.0 ], [ 89.323976273486267, 26.671808828414726, 0.0 ], [ 89.323025247617124, 26.672512183690401, 0.0 ], [ 89.321906942451506, 26.672668147716877, 0.0 ], [ 89.321534642909512, 26.672693001380935, 0.0 ], [ 89.320948907266313, 26.672693412371132, 0.0 ], [ 89.320659152897633, 26.672925785496659, 0.0 ], [ 89.320117158480116, 26.673419878424681, 0.0 ], [ 89.31904895004908, 26.674307981428228, 0.0 ], [ 89.318153410551531, 26.675803325563095, 0.0 ], [ 89.317804926855956, 26.67868558707022, 0.0 ], [ 89.317000575915927, 26.680823494109006, 0.0 ], [ 89.315791089387346, 26.690682377689654, 0.0 ], [ 89.313885407985254, 26.699462928271601, 0.0 ], [ 89.313339670589357, 26.701926381797136, 0.0 ], [ 89.318174038301265, 26.703074730614389, 0.0 ], [ 89.320161946516691, 26.702793069244819, 0.0 ], [ 89.324726665103583, 26.702184270487749, 0.0 ], [ 89.326000998147606, 26.700778139099896, 0.0 ], [ 89.329315007081959, 26.699511395434627, 0.0 ] ] ] ] } },
{ "type": "Feature", "properties": { "Compartment": "JP-1", "Area_in_Ha": 1092.948, "Shape_Area": 0.0008819769, "Beat": "NWC Beat", "Range": "jaldapara North", "Division": "Jaldapara" }, "geometry": { "type": "MultiPolygon", "coordinates": [ [ [ [ 89.313339670589357, 26.701926381797136, 0.0 ], [ 89.313885407985254, 26.699462928271601, 0.0 ], [ 89.315791089387346, 26.690682377689654, 0.0 ], [ 89.317000575915927, 26.680823494109006, 0.0 ], [ 89.317804926855956, 26.67868558707022, 0.0 ], [ 89.318153410551531, 26.675803325563095, 0.0 ], [ 89.31904895004908, 26.674307981428228, 0.0 ], [ 89.320117158480116, 26.673419878424681, 0.0 ], [ 89.320659152897633, 26.672925785496659, 0.0 ], [ 89.320948907266313, 26.672693412371132, 0.0 ], [ 89.31836163598075, 26.672700669900053, 0.0 ], [ 89.316956573886841, 26.672739356935836, 0.0 ], [ 89.313079187354674, 26.672901430956301, 0.0 ], [ 89.309884386255476, 26.673057593733006, 0.0 ], [ 89.304073718127654, 26.674412170585242, 0.0 ], [ 89.299891822949348, 26.675343366403297, 0.0 ], [ 89.294173518792888, 26.676540096947974, 0.0 ], [ 89.292976574209604, 26.676516433986308, 0.0 ], [ 89.280692675926332, 26.67925921154341, 0.0 ], [ 89.276941445391458, 26.681136482462762, 0.0 ], [ 89.273615230858297, 26.681418374058751, 0.0 ], [ 89.273855989262529, 26.683125357449342, 0.0 ], [ 89.274648883739076, 26.684781416729038, 0.0 ], [ 89.27808988773819, 26.687080138737485, 0.0 ], [ 89.279556191864799, 26.689721479063053, 0.0 ], [ 89.282168130654782, 26.692983754496709, 0.0 ], [ 89.282761407113298, 26.693025872446128, 0.0 ], [ 89.283559506865799, 26.694295563189712, 0.0 ], [ 89.28412050126019, 26.696095494211761, 0.0 ], [ 89.295427523561443, 26.698627687417911, 0.0 ], [ 89.298252584589193, 26.699253879063292, 0.0 ], [ 89.303370672218819, 26.700654827658241, 0.0 ], [ 89.306563403977975, 26.702188955056272, 0.0 ], [ 89.30847612167571, 26.703105963169719, 0.0 ], [ 89.309980950960153, 26.7029150604817, 0.0 ], [ 89.311161024261935, 26.702752200453745, 0.0 ], [ 89.312251559262108, 26.702606075909728, 0.0 ], [ 89.313339670589357, 26.701926381797136, 0.0 ] ] ] ] } },
{ "type": "Feature", "properties": { "Compartment": "DMC-2", "Area_in_Ha": 713.116, "Shape_Area": 0.00057546342, "Beat": null, "Range": null, "Division": null }, "geometry": { "type": "MultiPolygon", "coordinates": [ [ [ [ 89.226640864184617, 26.728232754038402, 0.0 ], [ 89.227696213209754, 26.726383318035744, 0.0 ], [ 89.231090697977379, 26.723308700536165, 0.0 ], [ 89.231511582493567, 26.721878014059143, 0.0 ], [ 89.231699297984278, 26.719995021653006, 0.0 ], [ 89.229912031215349, 26.720519476592642, 0.0 ], [ 89.228241319281494, 26.719544328208258, 0.0 ], [ 89.226842401355782, 26.715970232640188, 0.0 ], [ 89.226145783800916, 26.713113805058128, 0.0 ], [ 89.225321840230777, 26.711553890499715, 0.0 ], [ 89.223168481040602, 26.709998569678305, 0.0 ], [ 89.222860383200157, 26.709738916517836, 0.0 ], [ 89.221230613801822, 26.708537138078498, 0.0 ], [ 89.220928271622483, 26.70836810600332, 0.0 ], [ 89.219721229451238, 26.707693175599616, 0.0 ], [ 89.219413453568109, 26.707347428541027, 0.0 ], [ 89.21798862617419, 26.705887759612494, 0.0 ], [ 89.217784172501638, 26.705629812465929, 0.0 ], [ 89.217476505436423, 26.705199585792286, 0.0 ], [ 89.217074717124547, 26.704860715849406, 0.0 ], [ 89.216062614697989, 26.703667127535937, 0.0 ], [ 89.215660850667803, 26.70324367095867, 0.0 ], [ 89.214476217803281, 26.702584151337589, 0.0 ], [ 89.214081436109439, 26.702335897084026, 0.0 ], [ 89.21222029722901, 26.70152678063647, 0.0 ], [ 89.211729357324032, 26.701196521702173, 0.0 ], [ 89.211435828500726, 26.70103302315556, 0.0 ], [ 89.210653195288785, 26.700540412310204, 0.0 ], [ 89.210357631299701, 26.700205947246729, 0.0 ], [ 89.209967477517125, 26.699960457509178, 0.0 ], [ 89.20909220244323, 26.699473187737453, 0.0 ], [ 89.208654443947466, 26.699144490026242, 0.0 ], [ 89.207443334142624, 26.6983283984369, 0.0 ], [ 89.206479346344793, 26.697847316000889, 0.0 ], [ 89.204771271177265, 26.702003817921934, 0.0 ], [ 89.201387196961605, 26.706030530584542, 0.0 ], [ 89.204533556078786, 26.712166234384256, 0.0 ], [ 89.205221037420984, 26.717411788323432, 0.0 ], [ 89.203327592194682, 26.728548184950853, 0.0 ], [ 89.207387993461168, 26.728877310739335, 0.0 ], [ 89.220082863933101, 26.7281495082932, 0.0 ], [ 89.220494385607481, 26.728140417046689, 0.0 ], [ 89.225033015761142, 26.728212872725919, 0.0 ], [ 89.226640864184617, 26.728232754038402, 0.0 ] ] ] ] } },
{ "type": "Feature", "properties": { "Compartment": "DMC-1", "Area_in_Ha": 755.48, "Shape_Area": 0.00060965016, "Beat": null, "Range": null, "Division": null }, "geometry": { "type": "MultiPolygon", "coordinates": [ [ [ [ 89.226640864184617, 26.728232754038402, 0.0 ], [ 89.225033015761142, 26.728212872725919, 0.0 ], [ 89.220494385607481, 26.728140417046689, 0.0 ], [ 89.220082863933101, 26.7281495082932, 0.0 ], [ 89.207387993461168, 26.728877310739335, 0.0 ], [ 89.203327592194682, 26.728548184950853, 0.0 ], [ 89.205221037420984, 26.717411788323432, 0.0 ], [ 89.204533556078786, 26.712166234384256, 0.0 ], [ 89.201387196961605, 26.706030530584542, 0.0 ], [ 89.198864589629181, 26.708628151268215, 0.0 ], [ 89.195272059757826, 26.708471275329146, 0.0 ], [ 89.195026583510071, 26.711457187299402, 0.0 ], [ 89.19500480372875, 26.712695981834145, 0.0 ], [ 89.192494660999841, 26.715442638167247, 0.0 ], [ 89.193632101940011, 26.722515100091869, 0.0 ], [ 89.190287436016433, 26.731657270766505, 0.0 ], [ 89.191647137205678, 26.734423914532101, 0.0 ], [ 89.193023224941953, 26.737223782851345, 0.0 ], [ 89.192289992389306, 26.742702492326202, 0.0 ], [ 89.194579938813206, 26.742846725595939, 0.0 ], [ 89.19489679425169, 26.74263653874533, 0.0 ], [ 89.205131238316028, 26.740736380079909, 0.0 ], [ 89.211069096661561, 26.740348397260789, 0.0 ], [ 89.221136681412759, 26.739194707369904, 0.0 ], [ 89.221531316517087, 26.735908542345385, 0.0 ], [ 89.223251573001733, 26.732547617578518, 0.0 ], [ 89.22615812609672, 26.731018762905649, 0.0 ], [ 89.226640864184617, 26.728232754038402, 0.0 ] ] ] ] } },
{ "type": "Feature", "properties": { "Compartment": "HM-3A", "Area_in_Ha": 814.575, "Shape_Area": 0.00065733766, "Beat": "Hasimara Beat", "Range": "Nilpara", "Division": "Jaldapara" }, "geometry": { "type": "MultiPolygon", "coordinates": [ [ [ [ 89.327038023486068, 26.728936049059485, 0.0 ], [ 89.328229392272704, 26.726371233845441, 0.0 ], [ 89.329461544414812, 26.724224489168876, 0.0 ], [ 89.329892434788121, 26.722772564302431, 0.0 ], [ 89.331244792113523, 26.721186964207106, 0.0 ], [ 89.333160784242864, 26.718106140486043, 0.0 ], [ 89.333220724057242, 26.717154744995526, 0.0 ], [ 89.332529997061783, 26.709500651034261, 0.0 ], [ 89.330757883869296, 26.702642092858355, 0.0 ], [ 89.329315007081959, 26.699511395434627, 0.0 ], [ 89.326000998147606, 26.700778139099896, 0.0 ], [ 89.324726665103583, 26.702184270487749, 0.0 ], [ 89.320161946516691, 26.702793069244819, 0.0 ], [ 89.318174038301265, 26.703074730614389, 0.0 ], [ 89.31305362412553, 26.704410743660958, 0.0 ], [ 89.310246483888193, 26.705155301376124, 0.0 ], [ 89.307606556397502, 26.705426581871279, 0.0 ], [ 89.30380943076068, 26.703835145175844, 0.0 ], [ 89.301555386172197, 26.703486371898578, 0.0 ], [ 89.300394856937146, 26.702783262137871, 0.0 ], [ 89.298452035333241, 26.702640923739693, 0.0 ], [ 89.298498400780602, 26.703444215278353, 0.0 ], [ 89.298717023272047, 26.703811448039971, 0.0 ], [ 89.301387873951285, 26.709557177921454, 0.0 ], [ 89.30381037594816, 26.713533504267843, 0.0 ], [ 89.308232534903595, 26.720271552390273, 0.0 ], [ 89.308970620198011, 26.7216514046886, 0.0 ], [ 89.311103840869634, 26.726344756905064, 0.0 ], [ 89.311456345434067, 26.728640870879531, 0.0 ], [ 89.31260109156716, 26.728553490950901, 0.0 ], [ 89.315253163502746, 26.728323996555275, 0.0 ], [ 89.31849000520964, 26.728047435240967, 0.0 ], [ 89.31889449328628, 26.728020686705406, 0.0 ], [ 89.324089270603395, 26.727757224916047, 0.0 ], [ 89.327038023486068, 26.728936049059485, 0.0 ] ] ] ] } },
{ "type": "Feature", "properties": { "Compartment": "HM-3B", "Area_in_Ha": 57.957, "Shape_Area": 4.676994e-05, "Beat": "Hasimara Beat", "Range": "Nilpara", "Division": "Jaldapara" }, "geometry": { "type": "MultiPolygon", "coordinates": [ [ [ [ 89.310246483888193, 26.705155301376124, 0.0 ], [ 89.31305362412553, 26.704410743660958, 0.0 ], [ 89.318174038301265, 26.703074730614389, 0.0 ], [ 89.313339670589357, 26.701926381797136, 0.0 ], [ 89.312251559262108, 26.702606075909728, 0.0 ], [ 89.311161024261935, 26.702752200453745, 0.0 ], [ 89.309980950960153, 26.7029150604817, 0.0 ], [ 89.30847612167571, 26.703105963169719, 0.0 ], [ 89.306563403977975, 26.702188955056272, 0.0 ], [ 89.303370672218819, 26.700654827658241, 0.0 ], [ 89.298252584589193, 26.699253879063292, 0.0 ], [ 89.298452035333241, 26.702640923739693, 0.0 ], [ 89.300394856937146, 26.702783262137871, 0.0 ], [ 89.301555386172197, 26.703486371898578, 0.0 ], [ 89.30380943076068, 26.703835145175844, 0.0 ], [ 89.307606556397502, 26.705426581871279, 0.0 ], [ 89.310246483888193, 26.705155301376124, 0.0 ] ] ] ] } },
{ "type": "Feature", "properties": { "Compartment": "JP-3", "Area_in_Ha": 537.682, "Shape_Area": 0.0004338932, "Beat": "JP Beat", "Range": "jaldapara North", "Division": "Jaldapara" }, "geometry": { "type": "MultiPolygon", "coordinates": [ [ [ [ 89.320948907266313, 26.672693412371132, 0.0 ], [ 89.321534642909512, 26.672693001380935, 0.0 ], [ 89.321906942451506, 26.672668147716877, 0.0 ], [ 89.323025247617124, 26.672512183690401, 0.0 ], [ 89.323976273486267, 26.671808828414726, 0.0 ], [ 89.325804907270708, 26.67109631084611, 0.0 ], [ 89.326781458597509, 26.671009756495096, 0.0 ], [ 89.326348610400089, 26.669922454557707, 0.0 ], [ 89.325616028057311, 26.668345233445791, 0.0 ], [ 89.324819404092295, 26.66680826778736, 0.0 ], [ 89.322623897275093, 26.662696008913713, 0.0 ], [ 89.32026786506998, 26.657901938024054, 0.0 ], [ 89.316828270308463, 26.65077783792691, 0.0 ], [ 89.316543282346686, 26.650073978131616, 0.0 ], [ 89.314738386167619, 26.644689233421445, 0.0 ], [ 89.312403883732316, 26.643970944003911, 0.0 ], [ 89.311192597660295, 26.643604821005738, 0.0 ], [ 89.307672487495381, 26.632780203143909, 0.0 ], [ 89.302654730031804, 26.633711333311453, 0.0 ], [ 89.301456090226452, 26.634138905186376, 0.0 ], [ 89.301714631824836, 26.635446711896293, 0.0 ], [ 89.303414484490929, 26.643989680479422, 0.0 ], [ 89.30851084270131, 26.657800919876593, 0.0 ], [ 89.309412903182988, 26.661330554761321, 0.0 ], [ 89.310122179594998, 26.66394834184257, 0.0 ], [ 89.311083431655106, 26.667699816993036, 0.0 ], [ 89.311313340638208, 26.668564868573867, 0.0 ], [ 89.310697162943768, 26.6695457204587, 0.0 ], [ 89.310139141708078, 26.670447928429212, 0.0 ], [ 89.309989237313516, 26.67203662848766, 0.0 ], [ 89.309884386255476, 26.673057593733006, 0.0 ], [ 89.313079187354674, 26.672901430956301, 0.0 ], [ 89.316956573886841, 26.672739356935836, 0.0 ], [ 89.31836163598075, 26.672700669900053, 0.0 ], [ 89.320948907266313, 26.672693412371132, 0.0 ] ] ] ] } },
{ "type": "Feature", "properties": { "Compartment": "MLG-2", "Area_in_Ha": 444.27, "Shape_Area": 0.0003585124, "Beat": "JP Beat", "Range": "jaldapara North", "Division": "Jaldapara" }, "geometry": { "type": "MultiPolygon", "coordinates": [ [ [ [ 89.323805729650758, 26.644673235381561, 0.0 ], [ 89.3260084948962, 26.641651435965059, 0.0 ], [ 89.327301174109948, 26.633928858629986, 0.0 ], [ 89.328101077902488, 26.629108558113501, 0.0 ], [ 89.328535669885298, 26.62748351735047, 0.0 ], [ 89.329975666144151, 26.622842931955802, 0.0 ], [ 89.330399362840353, 26.618281275560491, 0.0 ], [ 89.330553416706891, 26.61677599571567, 0.0 ], [ 89.330578068023499, 26.615931922620177, 0.0 ], [ 89.32861873216882, 26.616517284145402, 0.0 ], [ 89.32682130216142, 26.617047129621369, 0.0 ], [ 89.323302385396801, 26.618776291192944, 0.0 ], [ 89.324233607295184, 26.621880316523459, 0.0 ], [ 89.324209510860271, 26.622655492556987, 0.0 ], [ 89.323683755500952, 26.623450754049088, 0.0 ], [ 89.322154782117536, 26.625237967758039, 0.0 ], [ 89.318532705020402, 26.62700833716508, 0.0 ], [ 89.315384265771286, 26.628355379497236, 0.0 ], [ 89.31200619542966, 26.629662712264405, 0.0 ], [ 89.310455549284256, 26.628968896997037, 0.0 ], [ 89.30874278235359, 26.629316115346512, 0.0 ], [ 89.308930425898495, 26.630120839505196, 0.0 ], [ 89.309404387502525, 26.632336050468382, 0.0 ], [ 89.307672487495381, 26.632780203143909, 0.0 ], [ 89.311192597660295, 26.643604821005738, 0.0 ], [ 89.312403883732316, 26.643970944003911, 0.0 ], [ 89.314738386167619, 26.644689233421445, 0.0 ], [ 89.323805729650758, 26.644673235381561, 0.0 ] ] ] ] } },
{ "type": "Feature", "properties": { "Compartment": "BD-1B", "Area_in_Ha": 340.827, "Shape_Area": 0.00027503757, "Beat": "NEC Beat", "Range": "Kodalbasti", "Division": "Jaldapara" }, "geometry": { "type": "MultiPolygon", "coordinates": [ [ [ [ 89.342297823385877, 26.681322072855437, 0.0 ], [ 89.343212974399307, 26.664792943739428, 0.0 ], [ 89.340401422987327, 26.664096744369317, 0.0 ], [ 89.335435494352623, 26.664361587517305, 0.0 ], [ 89.333099300292531, 26.664485402579317, 0.0 ], [ 89.332301575557324, 26.668259199802264, 0.0 ], [ 89.332874914046101, 26.670936987851746, 0.0 ], [ 89.335098158653182, 26.673408195332001, 0.0 ], [ 89.334211975702203, 26.676574754121646, 0.0 ], [ 89.333828895986812, 26.676903221606437, 0.0 ], [ 89.330944610105746, 26.677778913965767, 0.0 ], [ 89.328549650745856, 26.679639995289619, 0.0 ], [ 89.32617044301162, 26.680688840417702, 0.0 ], [ 89.326190881004436, 26.681129208746029, 0.0 ], [ 89.326075067210638, 26.684618219455331, 0.0 ], [ 89.326065775415259, 26.685267869016968, 0.0 ], [ 89.32605830564637, 26.687596019540706, 0.0 ], [ 89.326034714630453, 26.690611406791049, 0.0 ], [ 89.326870769370544, 26.69260880555197, 0.0 ], [ 89.327789135460307, 26.694820309509737, 0.0 ], [ 89.328016866285395, 26.69540768191905, 0.0 ], [ 89.328499560306511, 26.696736468912945, 0.0 ], [ 89.328886131190075, 26.69782875669182, 0.0 ], [ 89.329891219803983, 26.69690426891691, 0.0 ], [ 89.330495927545087, 26.694189612260857, 0.0 ], [ 89.332918220899217, 26.691659466811018, 0.0 ], [ 89.332580489498071, 26.689621739751544, 0.0 ], [ 89.33222424105594, 26.688133800634432, 0.0 ], [ 89.333074952946788, 26.686628545071358, 0.0 ], [ 89.333919094390751, 26.684903462824593, 0.0 ], [ 89.33518466534008, 26.683091750683786, 0.0 ], [ 89.337039691528616, 26.68206876016518, 0.0 ], [ 89.337705936279974, 26.680892329117739, 0.0 ], [ 89.338080288074877, 26.679755569863687, 0.0 ], [ 89.33986984361843, 26.681617493852286, 0.0 ], [ 89.340782255296915, 26.682497994886603, 0.0 ], [ 89.34214181709126, 26.681867467609607, 0.0 ], [ 89.342297823385877, 26.681322072855437, 0.0 ] ] ] ] } },
{ "type": "Feature", "properties": { "Compartment": "MLG-1", "Area_in_Ha": 520.498, "Shape_Area": 0.00042002616, "Beat": "JP Beat", "Range": "jaldapara North", "Division": "Jaldapara" }, "geometry": { "type": "MultiPolygon", "coordinates": [ [ [ [ 89.333099300292531, 26.664485402579317, 0.0 ], [ 89.333897909960626, 26.660657479658994, 0.0 ], [ 89.334170930644007, 26.658867407005289, 0.0 ], [ 89.334153944249181, 26.658324747089466, 0.0 ], [ 89.333874838752877, 26.656708504394032, 0.0 ], [ 89.333574760167096, 26.65505142888037, 0.0 ], [ 89.334128358536987, 26.653172288270525, 0.0 ], [ 89.335699334756555, 26.651205112126263, 0.0 ], [ 89.336592056678114, 26.650146851096338, 0.0 ], [ 89.336898537537536, 26.64754337582616, 0.0 ], [ 89.337147254042577, 26.645445709851685, 0.0 ], [ 89.337202919379308, 26.644990770707579, 0.0 ], [ 89.332146710502343, 26.644993313090993, 0.0 ], [ 89.327451652271975, 26.644790958436033, 0.0 ], [ 89.325603247791719, 26.64473851357161, 0.0 ], [ 89.323805729650758, 26.644673235381561, 0.0 ], [ 89.314738386167619, 26.644689233421445, 0.0 ], [ 89.316543282346686, 26.650073978131616, 0.0 ], [ 89.316828270308463, 26.65077783792691, 0.0 ], [ 89.32026786506998, 26.657901938024054, 0.0 ], [ 89.322623897275093, 26.662696008913713, 0.0 ], [ 89.324819404092295, 26.66680826778736, 0.0 ], [ 89.325616028057311, 26.668345233445791, 0.0 ], [ 89.326348610400089, 26.669922454557707, 0.0 ], [ 89.326781458597509, 26.671009756495096, 0.0 ], [ 89.327331856280182, 26.672816203105356, 0.0 ], [ 89.327465905627093, 26.673222515906446, 0.0 ], [ 89.32714936764927, 26.675406050049219, 0.0 ], [ 89.326184309658231, 26.677287635016398, 0.0 ], [ 89.32617044301162, 26.680688840417702, 0.0 ], [ 89.328549650745856, 26.679639995289619, 0.0 ], [ 89.330944610105746, 26.677778913965767, 0.0 ], [ 89.333828895986812, 26.676903221606437, 0.0 ], [ 89.334211975702203, 26.676574754121646, 0.0 ], [ 89.335098158653182, 26.673408195332001, 0.0 ], [ 89.332874914046101, 26.670936987851746, 0.0 ], [ 89.332301575557324, 26.668259199802264, 0.0 ], [ 89.333099300292531, 26.664485402579317, 0.0 ] ] ] ] } },
{ "type": "Feature", "properties": { "Compartment": "CP-2", "Area_in_Ha": 504.189, "Shape_Area": 0.00040686581, "Beat": "Sisamara", "Range": "Chilapata", "Division": "Jaldapara" }, "geometry": { "type": "MultiPolygon", "coordinates": [ [ [ [ 89.330578068023499, 26.615931922620177, 0.0 ], [ 89.332707272322807, 26.615371505590588, 0.0 ], [ 89.333627254494274, 26.614805079291045, 0.0 ], [ 89.336733438197655, 26.613468494275651, 0.0 ], [ 89.336658938359392, 26.611933536803349, 0.0 ], [ 89.336202432596224, 26.610137587979352, 0.0 ], [ 89.336681790132559, 26.60978911867295, 0.0 ], [ 89.336665204835413, 26.609039680337048, 0.0 ], [ 89.335934737698039, 26.608115920113676, 0.0 ], [ 89.33599291304256, 26.607462872913288, 0.0 ], [ 89.336125406562303, 26.607170421477804, 0.0 ], [ 89.336606460220025, 26.606527568992192, 0.0 ], [ 89.337337684586544, 26.606004892012209, 0.0 ], [ 89.337491796009658, 26.603994369444649, 0.0 ], [ 89.337774380083658, 26.603320327571112, 0.0 ], [ 89.338535354922726, 26.601988149233762, 0.0 ], [ 89.339403762773486, 26.601315087621231, 0.0 ], [ 89.339961480038312, 26.599989154176171, 0.0 ], [ 89.340851429350039, 26.598681722483548, 0.0 ], [ 89.341390466796668, 26.597933994658206, 0.0 ], [ 89.341723531615742, 26.596665905607097, 0.0 ], [ 89.342589925884454, 26.595598581209629, 0.0 ], [ 89.342851570143921, 26.594351995848001, 0.0 ], [ 89.343350252312348, 26.593604985681623, 0.0 ], [ 89.343270251321087, 26.593046307041504, 0.0 ], [ 89.343667385641368, 26.592602375599199, 0.0 ], [ 89.344410237342629, 26.59171110068678, 0.0 ], [ 89.345926175052966, 26.591767504366885, 0.0 ], [ 89.347159633910053, 26.591825583483967, 0.0 ], [ 89.349402191458012, 26.591415464751947, 0.0 ], [ 89.350732487514335, 26.59115537901755, 0.0 ], [ 89.352221757628058, 26.590867708378084, 0.0 ], [ 89.352774211160977, 26.590729911556252, 0.0 ], [ 89.35291565293511, 26.589568709628281, 0.0 ], [ 89.353136707193357, 26.58697721512641, 0.0 ], [ 89.353339906311703, 26.58579054709611, 0.0 ], [ 89.353443382306295, 26.585149621857624, 0.0 ], [ 89.353492752388661, 26.584076245922063, 0.0 ], [ 89.351366738883939, 26.584072055980641, 0.0 ], [ 89.349557945043159, 26.58409995115187, 0.0 ], [ 89.349211417373056, 26.584104122207521, 0.0 ], [ 89.3470632032043, 26.584108209626208, 0.0 ], [ 89.346489550852141, 26.584122118540961, 0.0 ], [ 89.344341778250509, 26.584228692700037, 0.0 ], [ 89.342166357791257, 26.584498471327436, 0.0 ], [ 89.340760260577611, 26.584646006008427, 0.0 ], [ 89.339868811196766, 26.587115741298476, 0.0 ], [ 89.339222302966959, 26.590795450549649, 0.0 ], [ 89.33786847794795, 26.591286652157294, 0.0 ], [ 89.336378448806443, 26.591994482459427, 0.0 ], [ 89.335305294104103, 26.592427189463251, 0.0 ], [ 89.335200173249461, 26.593938639556598, 0.0 ], [ 89.332354536632636, 26.595154657861201, 0.0 ], [ 89.330657614857103, 26.596036852318946, 0.0 ], [ 89.328919772129836, 26.596825870717396, 0.0 ], [ 89.327599953175365, 26.596965718892875, 0.0 ], [ 89.326595083096663, 26.597006531026636, 0.0 ], [ 89.325639307008487, 26.597506944390034, 0.0 ], [ 89.324878914030705, 26.598217825192535, 0.0 ], [ 89.324301032166943, 26.59921933540403, 0.0 ], [ 89.324281283054802, 26.60056866561149, 0.0 ], [ 89.324949026976071, 26.601540890299873, 0.0 ], [ 89.325651937087287, 26.602071601823013, 0.0 ], [ 89.326383099400573, 26.602686107677755, 0.0 ], [ 89.32679979307602, 26.603420259337554, 0.0 ], [ 89.326884989450775, 26.604085504042814, 0.0 ], [ 89.326506025932417, 26.604795704957894, 0.0 ], [ 89.325743158919693, 26.605365569365574, 0.0 ], [ 89.325297247170283, 26.60622510000843, 0.0 ], [ 89.3252442672092, 26.606601004932486, 0.0 ], [ 89.325070971448213, 26.607470088174068, 0.0 ], [ 89.325020664272301, 26.607826029048056, 0.0 ], [ 89.324812456829477, 26.608574122897494, 0.0 ], [ 89.324120142530603, 26.610161389436598, 0.0 ], [ 89.322665756219749, 26.610719593234705, 0.0 ], [ 89.321650932444641, 26.61135754621381, 0.0 ], [ 89.321173033608659, 26.612141921412615, 0.0 ], [ 89.32130464579285, 26.61295922348944, 0.0 ], [ 89.322032682962003, 26.613530296585964, 0.0 ], [ 89.322431909105376, 26.613979160809663, 0.0 ], [ 89.322594444478113, 26.614866019151521, 0.0 ], [ 89.3226783593189, 26.615965473627739, 0.0 ], [ 89.322924476783214, 26.616982844282916, 0.0 ], [ 89.322971465460796, 26.617929333072311, 0.0 ], [ 89.323302385396801, 26.618776291192944, 0.0 ], [ 89.32682130216142, 26.617047129621369, 0.0 ], [ 89.32861873216882, 26.616517284145402, 0.0 ], [ 89.330578068023499, 26.615931922620177, 0.0 ] ] ] ] } },
{ "type": "Feature", "properties": { "Compartment": "BN-8A", "Area_in_Ha": 337.948, "Shape_Area": 0.00027271426, "Beat": "Chilapata Beat", "Range": "Jaldapara East", "Division": "Jaldapara" }, "geometry": { "type": "MultiPolygon", "coordinates": [ [ [ [ 89.361012538897626, 26.56982000219142, 0.0 ], [ 89.364650946783797, 26.569756387747134, 0.0 ], [ 89.36817001373521, 26.569750453120946, 0.0 ], [ 89.369306973538073, 26.569596600702596, 0.0 ], [ 89.36962160944978, 26.546575149723424, 0.0 ], [ 89.366927621912282, 26.546324272147501, 0.0 ], [ 89.363896989354657, 26.54608225828963, 0.0 ], [ 89.362771369103484, 26.546313625073765, 0.0 ], [ 89.361972077749272, 26.548509620222831, 0.0 ], [ 89.360960693880997, 26.551044342322598, 0.0 ], [ 89.359541641933276, 26.552528069015239, 0.0 ], [ 89.357775046081542, 26.554401650016189, 0.0 ], [ 89.357610878439345, 26.554682135072539, 0.0 ], [ 89.357324846364634, 26.555273247762216, 0.0 ], [ 89.356623525355474, 26.55654142045023, 0.0 ], [ 89.356613307258385, 26.55704401377028, 0.0 ], [ 89.35654303243507, 26.558193788912263, 0.0 ], [ 89.356521935239186, 26.558854957890048, 0.0 ], [ 89.356509130691904, 26.559315017773883, 0.0 ], [ 89.356493182114718, 26.559865145660012, 0.0 ], [ 89.356404079085053, 26.561401510571329, 0.0 ], [ 89.35638036666063, 26.561800252879436, 0.0 ], [ 89.356131250856606, 26.563690818476516, 0.0 ], [ 89.356103322410434, 26.564043519093161, 0.0 ], [ 89.355939129587227, 26.566161233654043, 0.0 ], [ 89.355997075604591, 26.566557348143135, 0.0 ], [ 89.356029258743376, 26.567212088766951, 0.0 ], [ 89.356070191386266, 26.567944090147705, 0.0 ], [ 89.356138493097035, 26.568523712199635, 0.0 ], [ 89.356199504003939, 26.569137418557091, 0.0 ], [ 89.356237942826851, 26.569655191533911, 0.0 ], [ 89.356262359420384, 26.570001803740297, 0.0 ], [ 89.356336454563802, 26.570459166557328, 0.0 ], [ 89.357043736279479, 26.570577123435555, 0.0 ], [ 89.360512334176917, 26.569876405871469, 0.0 ], [ 89.361012538897626, 26.56982000219142, 0.0 ] ] ] ] } },
{ "type": "Feature", "properties": { "Compartment": "BN-1A", "Area_in_Ha": 372.63, "Shape_Area": 0.00030070116, "Beat": "Chilapata Beat", "Range": "Jaldapara East", "Division": "Jaldapara" }, "geometry": { "type": "MultiPolygon", "coordinates": [ [ [ [ 89.369306973538073, 26.569596600702596, 0.0 ], [ 89.36817001373521, 26.569750453120946, 0.0 ], [ 89.364650946783797, 26.569756387747134, 0.0 ], [ 89.361012538897626, 26.56982000219142, 0.0 ], [ 89.360512334176917, 26.569876405871469, 0.0 ], [ 89.357043736279479, 26.570577123435555, 0.0 ], [ 89.356460466577346, 26.574628060236819, 0.0 ], [ 89.356327484725682, 26.575609400453516, 0.0 ], [ 89.355841298637074, 26.579476203763818, 0.0 ], [ 89.357192164886555, 26.582966632703972, 0.0 ], [ 89.358252352264287, 26.587055161166802, 0.0 ], [ 89.35829295485604, 26.587443519003273, 0.0 ], [ 89.358166579424164, 26.590559206742057, 0.0 ], [ 89.35792312934899, 26.593243104785529, 0.0 ], [ 89.357755179158232, 26.595139250675913, 0.0 ], [ 89.36230355526493, 26.595244574777382, 0.0 ], [ 89.36889963371118, 26.595282089996488, 0.0 ], [ 89.368924864191172, 26.588793950880188, 0.0 ], [ 89.369306973538073, 26.569596600702596, 0.0 ] ] ] ] } },
{ "type": "Feature", "properties": { "Compartment": "CP-3A", "Area_in_Ha": 79.51, "Shape_Area": 6.416241e-05, "Beat": "Chilapata Beat", "Range": "Jaldapara East", "Division": "Jaldapara" }, "geometry": { "type": "MultiPolygon", "coordinates": [ [ [ [ 89.356623525355474, 26.55654142045023, 0.0 ], [ 89.357324846364634, 26.555273247762216, 0.0 ], [ 89.357610878439345, 26.554682135072539, 0.0 ], [ 89.357775046081542, 26.554401650016189, 0.0 ], [ 89.359541641933276, 26.552528069015239, 0.0 ], [ 89.360960693880997, 26.551044342322598, 0.0 ], [ 89.361972077749272, 26.548509620222831, 0.0 ], [ 89.362771369103484, 26.546313625073765, 0.0 ], [ 89.361810083768432, 26.54714494937997, 0.0 ], [ 89.358564342370585, 26.548217861265357, 0.0 ], [ 89.355882557733935, 26.549129172173593, 0.0 ], [ 89.353497312850777, 26.54991235577063, 0.0 ], [ 89.351936678834704, 26.550509304161096, 0.0 ], [ 89.351562874726937, 26.550938711552362, 0.0 ], [ 89.351235810184562, 26.551329105453931, 0.0 ], [ 89.351213905397458, 26.55190001037721, 0.0 ], [ 89.35193993078326, 26.554553571590134, 0.0 ], [ 89.352218829435515, 26.555529595914152, 0.0 ], [ 89.352564807619842, 26.556742768763797, 0.0 ], [ 89.354336999952636, 26.558770973801472, 0.0 ], [ 89.356623525355474, 26.55654142045023, 0.0 ] ] ] ] } },
{ "type": "Feature", "properties": { "Compartment": "MLG-3", "Area_in_Ha": 493.646, "Shape_Area": 0.00039835734, "Beat": "Malangi", "Range": "Jaldapara East", "Division": "Jaldapara" }, "geometry": { "type": "MultiPolygon", "coordinates": [ [ [ [ 89.337202919379308, 26.644990770707579, 0.0 ], [ 89.338117474142166, 26.641651446756896, 0.0 ], [ 89.338222505064607, 26.640368768004294, 0.0 ], [ 89.338757341777978, 26.638477643028864, 0.0 ], [ 89.338953812168768, 26.637692828960951, 0.0 ], [ 89.339453307324334, 26.636308242631344, 0.0 ], [ 89.33981478172683, 26.635018846842343, 0.0 ], [ 89.34124923546392, 26.633342560011158, 0.0 ], [ 89.341154388464304, 26.632084997524657, 0.0 ], [ 89.341128056314801, 26.631773518233331, 0.0 ], [ 89.340962749231551, 26.630775589122209, 0.0 ], [ 89.340514116133591, 26.629037423538307, 0.0 ], [ 89.340524273076824, 26.628455138593836, 0.0 ], [ 89.340532252761307, 26.62805436291859, 0.0 ], [ 89.340558323208086, 26.62714681387439, 0.0 ], [ 89.340672662113718, 26.626540285905548, 0.0 ], [ 89.340833562518981, 26.625632027296263, 0.0 ], [ 89.340989978005155, 26.624798262230058, 0.0 ], [ 89.341105372714821, 26.624168624382548, 0.0 ], [ 89.341388461308497, 26.622656224605123, 0.0 ], [ 89.341467667299071, 26.622198431912182, 0.0 ], [ 89.342505504725295, 26.620818974416181, 0.0 ], [ 89.342832755427366, 26.620409882709964, 0.0 ], [ 89.343063978320004, 26.620127699733587, 0.0 ], [ 89.344016792940693, 26.619688165076809, 0.0 ], [ 89.344893455668512, 26.61928198807334, 0.0 ], [ 89.345186890962282, 26.618829116470579, 0.0 ], [ 89.345633550048376, 26.61810179066515, 0.0 ], [ 89.345995170141066, 26.617032675717439, 0.0 ], [ 89.346403590053683, 26.615864394326366, 0.0 ], [ 89.346677637762809, 26.615073500841447, 0.0 ], [ 89.346852311285204, 26.614644910933919, 0.0 ], [ 89.345777942498103, 26.614559793699584, 0.0 ], [ 89.342562324791515, 26.613641281020364, 0.0 ], [ 89.339377406342294, 26.613540956250176, 0.0 ], [ 89.336733438197655, 26.613468494275651, 0.0 ], [ 89.333627254494274, 26.614805079291045, 0.0 ], [ 89.332707272322807, 26.615371505590588, 0.0 ], [ 89.330578068023499, 26.615931922620177, 0.0 ], [ 89.330553416706891, 26.61677599571567, 0.0 ], [ 89.330399362840353, 26.618281275560491, 0.0 ], [ 89.329975666144151, 26.622842931955802, 0.0 ], [ 89.328535669885298, 26.62748351735047, 0.0 ], [ 89.328101077902488, 26.629108558113501, 0.0 ], [ 89.3260084948962, 26.641651435965059, 0.0 ], [ 89.323805729650758, 26.644673235381561, 0.0 ], [ 89.325603247791719, 26.64473851357161, 0.0 ], [ 89.327451652271975, 26.644790958436033, 0.0 ], [ 89.332146710502343, 26.644993313090993, 0.0 ], [ 89.337202919379308, 26.644990770707579, 0.0 ] ] ] ] } },
{ "type": "Feature", "properties": { "Compartment": "BN-1B", "Area_in_Ha": 118.451, "Shape_Area": 9.558668e-05, "Beat": "Chilapata Beat", "Range": "Jaldapara East", "Division": "Jaldapara" }, "geometry": { "type": "MultiPolygon", "coordinates": [ [ [ [ 89.357043736279479, 26.570577123435555, 0.0 ], [ 89.356336454563802, 26.570459166557328, 0.0 ], [ 89.355981888753206, 26.570577860879609, 0.0 ], [ 89.355448436995857, 26.570578547961645, 0.0 ], [ 89.354605544710182, 26.571041470387627, 0.0 ], [ 89.354153380873868, 26.571304638098638, 0.0 ], [ 89.353293943760548, 26.571407441400368, 0.0 ], [ 89.353355081471875, 26.571736058172576, 0.0 ], [ 89.353648067104643, 26.572708481611187, 0.0 ], [ 89.354055844901382, 26.573137369194285, 0.0 ], [ 89.354184130493309, 26.57361080019831, 0.0 ], [ 89.354046634944325, 26.574852028298494, 0.0 ], [ 89.353991552368313, 26.575302443852763, 0.0 ], [ 89.353751498133192, 26.57645874807281, 0.0 ], [ 89.353303205878319, 26.57765235617137, 0.0 ], [ 89.353088463062193, 26.57827717365268, 0.0 ], [ 89.352706591136325, 26.579272910216673, 0.0 ], [ 89.352624476738242, 26.580627985293347, 0.0 ], [ 89.353056502955326, 26.582932583471973, 0.0 ], [ 89.353277349470147, 26.583503291443776, 0.0 ], [ 89.353492752388661, 26.584076245922063, 0.0 ], [ 89.353443382306295, 26.585149621857624, 0.0 ], [ 89.353339906311703, 26.58579054709611, 0.0 ], [ 89.353136707193357, 26.58697721512641, 0.0 ], [ 89.35291565293511, 26.589568709628281, 0.0 ], [ 89.352774211160977, 26.590729911556252, 0.0 ], [ 89.352870339694505, 26.591633978425421, 0.0 ], [ 89.353046680559942, 26.593042246602465, 0.0 ], [ 89.353030466682753, 26.594835506453535, 0.0 ], [ 89.355050367380613, 26.594884889126376, 0.0 ], [ 89.355904273663384, 26.594953752014078, 0.0 ], [ 89.357755179158232, 26.595139250675913, 0.0 ], [ 89.35792312934899, 26.593243104785529, 0.0 ], [ 89.358166579424164, 26.590559206742057, 0.0 ], [ 89.35829295485604, 26.587443519003273, 0.0 ], [ 89.358252352264287, 26.587055161166802, 0.0 ], [ 89.357192164886555, 26.582966632703972, 0.0 ], [ 89.355841298637074, 26.579476203763818, 0.0 ], [ 89.356327484725682, 26.575609400453516, 0.0 ], [ 89.356460466577346, 26.574628060236819, 0.0 ], [ 89.357043736279479, 26.570577123435555, 0.0 ] ] ] ] } },
{ "type": "Feature", "properties": { "Compartment": "MB-6A", "Area_in_Ha": 247.906, "Shape_Area": 0.00020005244, "Beat": "CC Line Beat", "Range": "Chilapata", "Division": "Jaldapara" }, "geometry": { "type": "MultiPolygon", "coordinates": [ [ [ [ 89.359796416271649, 26.613460867125355, 0.0 ], [ 89.359892348752965, 26.611298470647966, 0.0 ], [ 89.360777520865952, 26.61016431223328, 0.0 ], [ 89.363878768190659, 26.607490479402145, 0.0 ], [ 89.364699367182084, 26.605515466565578, 0.0 ], [ 89.364624532796029, 26.604849627408441, 0.0 ], [ 89.364543054218643, 26.603518869100583, 0.0 ], [ 89.364938825166689, 26.603182632372636, 0.0 ], [ 89.365666391091111, 26.602687412594094, 0.0 ], [ 89.365854490592312, 26.602357647387578, 0.0 ], [ 89.366352482980744, 26.601589909646691, 0.0 ], [ 89.366916158254185, 26.60109045496057, 0.0 ], [ 89.367447029856578, 26.600381246897086, 0.0 ], [ 89.36780036719324, 26.599830654960783, 0.0 ], [ 89.368211345677139, 26.599204853621131, 0.0 ], [ 89.368455333546876, 26.598664997791445, 0.0 ], [ 89.36867736896545, 26.598000012990269, 0.0 ], [ 89.368738467106652, 26.597139270061291, 0.0 ], [ 89.368863439596112, 26.596436955301272, 0.0 ], [ 89.368875289063396, 26.595622424935016, 0.0 ], [ 89.36889963371118, 26.595282089996488, 0.0 ], [ 89.36230355526493, 26.595244574777382, 0.0 ], [ 89.357755179158232, 26.595139250675913, 0.0 ], [ 89.355904273663384, 26.594953752014078, 0.0 ], [ 89.35506688432929, 26.597077228531305, 0.0 ], [ 89.354592427198838, 26.59906703071897, 0.0 ], [ 89.354171432065982, 26.600749989620397, 0.0 ], [ 89.354047929968033, 26.601329823012975, 0.0 ], [ 89.353670274063973, 26.603087526368313, 0.0 ], [ 89.3542606879804, 26.607040652903834, 0.0 ], [ 89.353812675414702, 26.608962698369908, 0.0 ], [ 89.353200566253179, 26.610183701616563, 0.0 ], [ 89.352738298533723, 26.611111414360323, 0.0 ], [ 89.351833514005534, 26.613155442969344, 0.0 ], [ 89.351527409062726, 26.614101674552671, 0.0 ], [ 89.352817213143908, 26.613953611070372, 0.0 ], [ 89.355530389515934, 26.613732476772441, 0.0 ], [ 89.358471434309308, 26.613582245923965, 0.0 ], [ 89.359796416271649, 26.613460867125355, 0.0 ] ] ] ] } },
{ "type": "Feature", "properties": { "Compartment": "BD-6B", "Area_in_Ha": 61.248, "Shape_Area": 4.942563e-05, "Beat": "NEC Beat", "Range": "Kodalbasti", "Division": "Jaldapara" }, "geometry": { "type": "MultiPolygon", "coordinates": [ [ [ [ 89.348962036269029, 26.630868703128215, 0.0 ], [ 89.340962749231551, 26.630775589122209, 0.0 ], [ 89.341128056314801, 26.631773518233331, 0.0 ], [ 89.341154388464304, 26.632084997524657, 0.0 ], [ 89.34124923546392, 26.633342560011158, 0.0 ], [ 89.33981478172683, 26.635018846842343, 0.0 ], [ 89.339453307324334, 26.636308242631344, 0.0 ], [ 89.340864679961044, 26.636862646793759, 0.0 ], [ 89.342978853891054, 26.636696619353529, 0.0 ], [ 89.344802285996764, 26.637486116191383, 0.0 ], [ 89.346367147725744, 26.638091722355171, 0.0 ], [ 89.3474059033598, 26.636214374094152, 0.0 ], [ 89.348361957338511, 26.635152996913348, 0.0 ], [ 89.348738453117164, 26.633555626491045, 0.0 ], [ 89.348746509244052, 26.631512051140305, 0.0 ], [ 89.348962036269029, 26.630868703128215, 0.0 ] ] ] ] } },
{ "type": "Feature", "properties": { "Compartment": "CP-1", "Area_in_Ha": 316.384, "Shape_Area": 0.00025531258, "Beat": "Sisamara", "Range": "Chilapata", "Division": "Jaldapara" }, "geometry": { "type": "MultiPolygon", "coordinates": [ [ [ [ 89.353030466682753, 26.594835506453535, 0.0 ], [ 89.353046680559942, 26.593042246602465, 0.0 ], [ 89.352870339694505, 26.591633978425421, 0.0 ], [ 89.352774211160977, 26.590729911556252, 0.0 ], [ 89.352221757628058, 26.590867708378084, 0.0 ], [ 89.350732487514335, 26.59115537901755, 0.0 ], [ 89.349402191458012, 26.591415464751947, 0.0 ], [ 89.347159633910053, 26.591825583483967, 0.0 ], [ 89.345926175052966, 26.591767504366885, 0.0 ], [ 89.344410237342629, 26.59171110068678, 0.0 ], [ 89.343667385641368, 26.592602375599199, 0.0 ], [ 89.343270251321087, 26.593046307041504, 0.0 ], [ 89.343350252312348, 26.593604985681623, 0.0 ], [ 89.342851570143921, 26.594351995848001, 0.0 ], [ 89.342589925884454, 26.595598581209629, 0.0 ], [ 89.341723531615742, 26.596665905607097, 0.0 ], [ 89.341390466796668, 26.597933994658206, 0.0 ], [ 89.340851429350039, 26.598681722483548, 0.0 ], [ 89.339961480038312, 26.599989154176171, 0.0 ], [ 89.339403762773486, 26.601315087621231, 0.0 ], [ 89.338535354922726, 26.601988149233762, 0.0 ], [ 89.337774380083658, 26.603320327571112, 0.0 ], [ 89.337491796009658, 26.603994369444649, 0.0 ], [ 89.337337684586544, 26.606004892012209, 0.0 ], [ 89.336606460220025, 26.606527568992192, 0.0 ], [ 89.336125406562303, 26.607170421477804, 0.0 ], [ 89.33599291304256, 26.607462872913288, 0.0 ], [ 89.335934737698039, 26.608115920113676, 0.0 ], [ 89.336665204835413, 26.609039680337048, 0.0 ], [ 89.336681790132559, 26.60978911867295, 0.0 ], [ 89.336202432596224, 26.610137587979352, 0.0 ], [ 89.336658938359392, 26.611933536803349, 0.0 ], [ 89.336733438197655, 26.613468494275651, 0.0 ], [ 89.339377406342294, 26.613540956250176, 0.0 ], [ 89.342562324791515, 26.613641281020364, 0.0 ], [ 89.345777942498103, 26.614559793699584, 0.0 ], [ 89.34611191833045, 26.612942472717009, 0.0 ], [ 89.346704472633348, 26.612063632730496, 0.0 ], [ 89.347588346125349, 26.610826330171051, 0.0 ], [ 89.348459989736796, 26.609492492584536, 0.0 ], [ 89.349034607960846, 26.608072286806646, 0.0 ], [ 89.349545103623711, 26.606471022319852, 0.0 ], [ 89.350596972272513, 26.603731289867198, 0.0 ], [ 89.350739477944614, 26.603455108966159, 0.0 ], [ 89.351762729266625, 26.601757462337048, 0.0 ], [ 89.352169636519591, 26.599625506112261, 0.0 ], [ 89.353004775749866, 26.595644536566169, 0.0 ], [ 89.353030466682753, 26.594835506453535, 0.0 ] ] ] ] } },
{ "type": "Feature", "properties": { "Compartment": "BD-2", "Area_in_Ha": 278.278, "Shape_Area": 0.00022456178, "Beat": "NEC Beat", "Range": "Kodalbasti", "Division": "Jaldapara" }, "geometry": { "type": "MultiPolygon", "coordinates": [ [ [ [ 89.346367147725744, 26.638091722355171, 0.0 ], [ 89.344802285996764, 26.637486116191383, 0.0 ], [ 89.342978853891054, 26.636696619353529, 0.0 ], [ 89.340864679961044, 26.636862646793759, 0.0 ], [ 89.339453307324334, 26.636308242631344, 0.0 ], [ 89.338953812168768, 26.637692828960951, 0.0 ], [ 89.338757341777978, 26.638477643028864, 0.0 ], [ 89.338222505064607, 26.640368768004294, 0.0 ], [ 89.338117474142166, 26.641651446756896, 0.0 ], [ 89.337202919379308, 26.644990770707579, 0.0 ], [ 89.337147254042577, 26.645445709851685, 0.0 ], [ 89.336898537537536, 26.64754337582616, 0.0 ], [ 89.336592056678114, 26.650146851096338, 0.0 ], [ 89.335699334756555, 26.651205112126263, 0.0 ], [ 89.334128358536987, 26.653172288270525, 0.0 ], [ 89.333574760167096, 26.65505142888037, 0.0 ], [ 89.333874838752877, 26.656708504394032, 0.0 ], [ 89.334153944249181, 26.658324747089466, 0.0 ], [ 89.334170930644007, 26.658867407005289, 0.0 ], [ 89.333897909960626, 26.660657479658994, 0.0 ], [ 89.333099300292531, 26.664485402579317, 0.0 ], [ 89.335435494352623, 26.664361587517305, 0.0 ], [ 89.340401422987327, 26.664096744369317, 0.0 ], [ 89.343212974399307, 26.664792943739428, 0.0 ], [ 89.343595411998706, 26.653037872000255, 0.0 ], [ 89.343733484013114, 26.645745506050332, 0.0 ], [ 89.346367147725744, 26.638091722355171, 0.0 ] ] ] ] } },
{ "type": "Feature", "properties": { "Compartment": "BN-8B", "Area_in_Ha": 51.652, "Shape_Area": 4.16813e-05, "Beat": "Chilapata Beat", "Range": "Jaldapara East", "Division": "Jaldapara" }, "geometry": { "type": "MultiPolygon", "coordinates": [ [ [ [ 89.356336454563802, 26.570459166557328, 0.0 ], [ 89.356262359420384, 26.570001803740297, 0.0 ], [ 89.356237942826851, 26.569655191533911, 0.0 ], [ 89.356199504003939, 26.569137418557091, 0.0 ], [ 89.356138493097035, 26.568523712199635, 0.0 ], [ 89.356070191386266, 26.567944090147705, 0.0 ], [ 89.356029258743376, 26.567212088766951, 0.0 ], [ 89.355997075604591, 26.566557348143135, 0.0 ], [ 89.355939129587227, 26.566161233654043, 0.0 ], [ 89.356103322410434, 26.564043519093161, 0.0 ], [ 89.356131250856606, 26.563690818476516, 0.0 ], [ 89.35638036666063, 26.561800252879436, 0.0 ], [ 89.356404079085053, 26.561401510571329, 0.0 ], [ 89.356493182114718, 26.559865145660012, 0.0 ], [ 89.356509130691904, 26.559315017773883, 0.0 ], [ 89.356521935239186, 26.558854957890048, 0.0 ], [ 89.35654303243507, 26.558193788912263, 0.0 ], [ 89.356613307258385, 26.55704401377028, 0.0 ], [ 89.356623525355474, 26.55654142045023, 0.0 ], [ 89.354336999952636, 26.558770973801472, 0.0 ], [ 89.352741967767656, 26.560319324877014, 0.0 ], [ 89.352224445701665, 26.562694356159682, 0.0 ], [ 89.352688182913369, 26.564651516554306, 0.0 ], [ 89.352830837872943, 26.565184731789998, 0.0 ], [ 89.353498896556914, 26.566750771630836, 0.0 ], [ 89.35346517287951, 26.567356525283458, 0.0 ], [ 89.353420672625987, 26.56823665309912, 0.0 ], [ 89.353372726170448, 26.568665132389981, 0.0 ], [ 89.353067697716142, 26.570259204998365, 0.0 ], [ 89.353293943760548, 26.571407441400368, 0.0 ], [ 89.354153380873868, 26.571304638098638, 0.0 ], [ 89.354605544710182, 26.571041470387627, 0.0 ], [ 89.355448436995857, 26.570578547961645, 0.0 ], [ 89.355981888753206, 26.570577860879609, 0.0 ], [ 89.356336454563802, 26.570459166557328, 0.0 ] ] ] ] } },
{ "type": "Feature", "properties": { "Compartment": "MB-6B", "Area_in_Ha": 92.128, "Shape_Area": 7.434471e-05, "Beat": "CC Line Beat", "Range": "Chilapata", "Division": "Jaldapara" }, "geometry": { "type": "MultiPolygon", "coordinates": [ [ [ [ 89.351527409062726, 26.614101674552671, 0.0 ], [ 89.351833514005534, 26.613155442969344, 0.0 ], [ 89.352738298533723, 26.611111414360323, 0.0 ], [ 89.353200566253179, 26.610183701616563, 0.0 ], [ 89.353812675414702, 26.608962698369908, 0.0 ], [ 89.3542606879804, 26.607040652903834, 0.0 ], [ 89.353670274063973, 26.603087526368313, 0.0 ], [ 89.354047929968033, 26.601329823012975, 0.0 ], [ 89.354171432065982, 26.600749989620397, 0.0 ], [ 89.354592427198838, 26.59906703071897, 0.0 ], [ 89.35506688432929, 26.597077228531305, 0.0 ], [ 89.355904273663384, 26.594953752014078, 0.0 ], [ 89.355050367380613, 26.594884889126376, 0.0 ], [ 89.353030466682753, 26.594835506453535, 0.0 ], [ 89.353004775749866, 26.595644536566169, 0.0 ], [ 89.352169636519591, 26.599625506112261, 0.0 ], [ 89.351762729266625, 26.601757462337048, 0.0 ], [ 89.350739477944614, 26.603455108966159, 0.0 ], [ 89.350596972272513, 26.603731289867198, 0.0 ], [ 89.349545103623711, 26.606471022319852, 0.0 ], [ 89.349034607960846, 26.608072286806646, 0.0 ], [ 89.348459989736796, 26.609492492584536, 0.0 ], [ 89.347588346125349, 26.610826330171051, 0.0 ], [ 89.346704472633348, 26.612063632730496, 0.0 ], [ 89.34611191833045, 26.612942472717009, 0.0 ], [ 89.345777942498103, 26.614559793699584, 0.0 ], [ 89.346852311285204, 26.614644910933919, 0.0 ], [ 89.351527409062726, 26.614101674552671, 0.0 ] ] ] ] } },
{ "type": "Feature", "properties": { "Compartment": "BD-7B", "Area_in_Ha": 140.812, "Shape_Area": 0.00011363084, "Beat": "CC Line Beat", "Range": "Chilapata", "Division": "Jaldapara" }, "geometry": { "type": "MultiPolygon", "coordinates": [ [ [ [ 89.351527409062726, 26.614101674552671, 0.0 ], [ 89.346852311285204, 26.614644910933919, 0.0 ], [ 89.346677637762809, 26.615073500841447, 0.0 ], [ 89.346403590053683, 26.615864394326366, 0.0 ], [ 89.345995170141066, 26.617032675717439, 0.0 ], [ 89.345633550048376, 26.61810179066515, 0.0 ], [ 89.345186890962282, 26.618829116470579, 0.0 ], [ 89.344893455668512, 26.61928198807334, 0.0 ], [ 89.344016792940693, 26.619688165076809, 0.0 ], [ 89.343063978320004, 26.620127699733587, 0.0 ], [ 89.342832755427366, 26.620409882709964, 0.0 ], [ 89.342505504725295, 26.620818974416181, 0.0 ], [ 89.341467667299071, 26.622198431912182, 0.0 ], [ 89.341388461308497, 26.622656224605123, 0.0 ], [ 89.341105372714821, 26.624168624382548, 0.0 ], [ 89.340989978005155, 26.624798262230058, 0.0 ], [ 89.340833562518981, 26.625632027296263, 0.0 ], [ 89.340672662113718, 26.626540285905548, 0.0 ], [ 89.340558323208086, 26.62714681387439, 0.0 ], [ 89.340532252761307, 26.62805436291859, 0.0 ], [ 89.340524273076824, 26.628455138593836, 0.0 ], [ 89.340514116133591, 26.629037423538307, 0.0 ], [ 89.340962749231551, 26.630775589122209, 0.0 ], [ 89.348962036269029, 26.630868703128215, 0.0 ], [ 89.348442230824332, 26.629403487181264, 0.0 ], [ 89.349382235501821, 26.624906692589832, 0.0 ], [ 89.349656010716387, 26.621488326325277, 0.0 ], [ 89.350008095297426, 26.619236527343901, 0.0 ], [ 89.350726025885422, 26.616029429814375, 0.0 ], [ 89.35095498698314, 26.615400532108936, 0.0 ], [ 89.351527409062726, 26.614101674552671, 0.0 ] ] ] ] } },
{ "type": "Feature", "properties": { "Compartment": "TITI-2B", "Area_in_Ha": 1147.287, "Shape_Area": 0.00084966484, "Beat": "Hollapara Beat", "Range": "Lankapara", "Division": "Jaldapara" }, "geometry": { "type": "MultiPolygon", "coordinates": [ [ [ [ 89.306954494854097, 26.826791207148517, 0.0 ], [ 89.309042209830181, 26.825428783711459, 0.0 ], [ 89.31376635573281, 26.822081393741371, 0.0 ], [ 89.316145573359563, 26.821120390793453, 0.0 ], [ 89.319292990079475, 26.821055467835606, 0.0 ], [ 89.318914342223195, 26.818281528769603, 0.0 ], [ 89.31845173905657, 26.814627310801825, 0.0 ], [ 89.31735639538141, 26.810521664643147, 0.0 ], [ 89.315719105852111, 26.804625194896857, 0.0 ], [ 89.315327820722416, 26.804665248902154, 0.0 ], [ 89.313268573785706, 26.801813147958455, 0.0 ], [ 89.312776979174316, 26.801185810576726, 0.0 ], [ 89.311662424181577, 26.799841379875829, 0.0 ], [ 89.310430345783914, 26.799181120112678, 0.0 ], [ 89.307962524251138, 26.797737896187016, 0.0 ], [ 89.30376153376784, 26.796162926977559, 0.0 ], [ 89.299802198312875, 26.797225807824816, 0.0 ], [ 89.29877429030131, 26.795906741602892, 0.0 ], [ 89.298709760347208, 26.794743037761009, 0.0 ], [ 89.296229076710574, 26.794697647178737, 0.0 ], [ 89.288382781440248, 26.794909462701582, 0.0 ], [ 89.278352041913251, 26.793961218435527, 0.0 ], [ 89.271321477604147, 26.793108612572439, 0.0 ], [ 89.266710050028848, 26.79278829834135, 0.0 ], [ 89.262411873409292, 26.792532112966683, 0.0 ], [ 89.261649162878598, 26.792507746735168, 0.0 ], [ 89.260993697401261, 26.793582403305322, 0.0 ], [ 89.260776723367144, 26.794150735268261, 0.0 ], [ 89.260416005294474, 26.795236854597192, 0.0 ], [ 89.260230814200781, 26.796475585280064, 0.0 ], [ 89.258545628577963, 26.799394760359974, 0.0 ], [ 89.261254639290257, 26.799863798175807, 0.0 ], [ 89.265110903445475, 26.799655329929578, 0.0 ], [ 89.267120716447948, 26.799780369868245, 0.0 ], [ 89.269335630634885, 26.799410869915789, 0.0 ], [ 89.271136503247078, 26.799743388846366, 0.0 ], [ 89.273665595590842, 26.800464743153441, 0.0 ], [ 89.276953106900407, 26.801914864879166, 0.0 ], [ 89.278234058055375, 26.805668612616444, 0.0 ], [ 89.280059453381114, 26.807158696616625, 0.0 ], [ 89.28274505563985, 26.80802060326829, 0.0 ], [ 89.285607357593562, 26.808238132184101, 0.0 ], [ 89.289082758862264, 26.80802774838196, 0.0 ], [ 89.290591334722365, 26.809746898700439, 0.0 ], [ 89.29237341779907, 26.810785180391804, 0.0 ], [ 89.295246467550498, 26.810455210139878, 0.0 ], [ 89.302083255837658, 26.813697842581405, 0.0 ], [ 89.303242152803193, 26.814634568330689, 0.0 ], [ 89.302798447990028, 26.817267723926363, 0.0 ], [ 89.303729020577919, 26.820678339833592, 0.0 ], [ 89.303896170372013, 26.82506975996148, 0.0 ], [ 89.303927773448038, 26.82604912886427, 0.0 ], [ 89.304946640575054, 26.826466610345847, 0.0 ], [ 89.305804363580592, 26.826585720154924, 0.0 ], [ 89.306954494854097, 26.826791207148517, 0.0 ] ] ] ] } },
{ "type": "Feature", "properties": { "Compartment": "MB-5B", "Area_in_Ha": 207.993, "Shape_Area": 0.00016784413, "Beat": "CC Line Beat", "Range": "Chilapata", "Division": "Jaldapara" }, "geometry": { "type": "MultiPolygon", "coordinates": [ [ [ [ 89.369432506305202, 26.613063014246734, 0.0 ], [ 89.375122650889693, 26.612802678500884, 0.0 ], [ 89.374993415613687, 26.611600073584555, 0.0 ], [ 89.374953721337249, 26.611263981647483, 0.0 ], [ 89.374915017214335, 26.610919150098766, 0.0 ], [ 89.374918432839479, 26.610425929513099, 0.0 ], [ 89.374974214188683, 26.610014432120408, 0.0 ], [ 89.375028938834532, 26.609610692279659, 0.0 ], [ 89.375176351207699, 26.609262383951886, 0.0 ], [ 89.375294515829296, 26.608881749493207, 0.0 ], [ 89.375327788047059, 26.608431243107418, 0.0 ], [ 89.375224291367999, 26.608136555058024, 0.0 ], [ 89.37513893851127, 26.607649459754839, 0.0 ], [ 89.375153949994854, 26.607224358317524, 0.0 ], [ 89.375178880101316, 26.606677872685736, 0.0 ], [ 89.375204897488061, 26.606212787390291, 0.0 ], [ 89.375234919555965, 26.605850183439259, 0.0 ], [ 89.375265202427215, 26.605465559587969, 0.0 ], [ 89.375301505360255, 26.604870462901602, 0.0 ], [ 89.375429405142995, 26.604428002750183, 0.0 ], [ 89.375484617221389, 26.604068741579226, 0.0 ], [ 89.375497555767652, 26.603759485411956, 0.0 ], [ 89.375339997243145, 26.603305306194954, 0.0 ], [ 89.375096827756465, 26.602843753436503, 0.0 ], [ 89.374917114433345, 26.602501004717624, 0.0 ], [ 89.374657412709496, 26.602163036794764, 0.0 ], [ 89.374422376691371, 26.601905544705176, 0.0 ], [ 89.374160505802763, 26.601634621240805, 0.0 ], [ 89.373905308783037, 26.601367529787694, 0.0 ], [ 89.373698210204282, 26.601131902015709, 0.0 ], [ 89.373480761328153, 26.600807896067579, 0.0 ], [ 89.373270051072041, 26.600356578493347, 0.0 ], [ 89.373027758424371, 26.599872626320689, 0.0 ], [ 89.372887919242146, 26.599510647398517, 0.0 ], [ 89.37276163644043, 26.599159764311707, 0.0 ], [ 89.372640036408598, 26.598644000420336, 0.0 ], [ 89.372546091429058, 26.598077179318409, 0.0 ], [ 89.372395721185626, 26.597586880630104, 0.0 ], [ 89.372343228657144, 26.597140583071507, 0.0 ], [ 89.372271027485965, 26.596680035755071, 0.0 ], [ 89.372080651800673, 26.596239022612849, 0.0 ], [ 89.371925035811785, 26.595956507786639, 0.0 ], [ 89.371768048356785, 26.595511651841321, 0.0 ], [ 89.36889963371118, 26.595282089996488, 0.0 ], [ 89.368875289063396, 26.595622424935016, 0.0 ], [ 89.368863439596112, 26.596436955301272, 0.0 ], [ 89.368738467106652, 26.597139270061291, 0.0 ], [ 89.36867736896545, 26.598000012990269, 0.0 ], [ 89.368455333546876, 26.598664997791445, 0.0 ], [ 89.368211345677139, 26.599204853621131, 0.0 ], [ 89.36780036719324, 26.599830654960783, 0.0 ], [ 89.367447029856578, 26.600381246897086, 0.0 ], [ 89.366916158254185, 26.60109045496057, 0.0 ], [ 89.366352482980744, 26.601589909646691, 0.0 ], [ 89.365854490592312, 26.602357647387578, 0.0 ], [ 89.365666391091111, 26.602687412594094, 0.0 ], [ 89.364938825166689, 26.603182632372636, 0.0 ], [ 89.364543054218643, 26.603518869100583, 0.0 ], [ 89.364624532796029, 26.604849627408441, 0.0 ], [ 89.364699367182084, 26.605515466565578, 0.0 ], [ 89.363878768190659, 26.607490479402145, 0.0 ], [ 89.360777520865952, 26.61016431223328, 0.0 ], [ 89.359892348752965, 26.611298470647966, 0.0 ], [ 89.359796416271649, 26.613460867125355, 0.0 ], [ 89.369432506305202, 26.613063014246734, 0.0 ] ] ] ] } },
{ "type": "Feature", "properties": { "Compartment": "MB EXT Part 2", "Area_in_Ha": 4.535, "Shape_Area": 3.65985e-06, "Beat": null, "Range": null, "Division": null }, "geometry": { "type": "MultiPolygon", "coordinates": [ [ [ [ 89.3972978029513, 26.651099037090944, 0.0 ], [ 89.397748076412654, 26.651024756687207, 0.0 ], [ 89.397943654675998, 26.651007292752411, 0.0 ], [ 89.398024281595383, 26.650788913977237, 0.0 ], [ 89.398386543804008, 26.650650388704548, 0.0 ], [ 89.398801187025242, 26.650541628293581, 0.0 ], [ 89.399128366680827, 26.650842165533561, 0.0 ], [ 89.399780438116807, 26.650962258301604, 0.0 ], [ 89.399982344909347, 26.650762875006706, 0.0 ], [ 89.400106388399138, 26.650374836429592, 0.0 ], [ 89.400032597226641, 26.650110406070439, 0.0 ], [ 89.400055335685238, 26.649740469946778, 0.0 ], [ 89.399894765331226, 26.649524728883193, 0.0 ], [ 89.399552350260819, 26.649577484013719, 0.0 ], [ 89.398974842515031, 26.649586548280638, 0.0 ], [ 89.398197685275022, 26.649471746224151, 0.0 ], [ 89.397569632032969, 26.64947034957703, 0.0 ], [ 89.397181230129718, 26.649677744032715, 0.0 ], [ 89.3972978029513, 26.651099037090944, 0.0 ] ] ] ] } },
{ "type": "Feature", "properties": { "Compartment": "MB EXT Part 1", "Area_in_Ha": 18.868, "Shape_Area": 1.522601e-05, "Beat": null, "Range": null, "Division": null }, "geometry": { "type": "MultiPolygon", "coordinates": [ [ [ [ 89.398673825037065, 26.647034446782357, 0.0 ], [ 89.399026516660456, 26.647169025829953, 0.0 ], [ 89.399257071356828, 26.647085129874881, 0.0 ], [ 89.399300290975702, 26.647088761337329, 0.0 ], [ 89.399561881275872, 26.647255784327058, 0.0 ], [ 89.399528858170299, 26.647502623047671, 0.0 ], [ 89.399526117036714, 26.647523196838108, 0.0 ], [ 89.399547701665142, 26.647858534243994, 0.0 ], [ 89.399757860636839, 26.647938162915921, 0.0 ], [ 89.400276422319109, 26.647838292303391, 0.0 ], [ 89.400912823068381, 26.647647490339466, 0.0 ], [ 89.400987813936524, 26.647757516995853, 0.0 ], [ 89.401148627107489, 26.648083267628749, 0.0 ], [ 89.401163468619245, 26.64814791629334, 0.0 ], [ 89.401353373959125, 26.648633430588404, 0.0 ], [ 89.401388437626338, 26.649348917718441, 0.0 ], [ 89.401381589288974, 26.649413994460303, 0.0 ], [ 89.401319397572195, 26.650004947970046, 0.0 ], [ 89.40144692593492, 26.649862310996923, 0.0 ], [ 89.401645052876972, 26.649683344111111, 0.0 ], [ 89.401700237076341, 26.649359035091436, 0.0 ], [ 89.401660295486295, 26.649093642457672, 0.0 ], [ 89.401574636860062, 26.648633892839939, 0.0 ], [ 89.40176024074259, 26.648333091199277, 0.0 ], [ 89.401964104459921, 26.648061035488467, 0.0 ], [ 89.402141388714199, 26.647600058296121, 0.0 ], [ 89.402232614143884, 26.647116256310255, 0.0 ], [ 89.402123181939373, 26.647125762144242, 0.0 ], [ 89.402015770511468, 26.647115315619374, 0.0 ], [ 89.4018051834625, 26.647054024123975, 0.0 ], [ 89.401314656346358, 26.646782694166063, 0.0 ], [ 89.401355885765554, 26.646605543011447, 0.0 ], [ 89.401383794426636, 26.646548355122547, 0.0 ], [ 89.401413844373451, 26.646471514348946, 0.0 ], [ 89.401446008626465, 26.64637512860935, 0.0 ], [ 89.40147378059055, 26.646318254583832, 0.0 ], [ 89.401677772910944, 26.646017512298386, 0.0 ], [ 89.401745490062353, 26.645983705883395, 0.0 ], [ 89.401863626804982, 26.645874624414432, 0.0 ], [ 89.401909951782898, 26.645838959100729, 0.0 ], [ 89.402175059331569, 26.645743585098444, 0.0 ], [ 89.402286229925608, 26.645694520785582, 0.0 ], [ 89.40241833763622, 26.645648100479491, 0.0 ], [ 89.402487114189, 26.645595618742846, 0.0 ], [ 89.402584117762899, 26.64546716947433, 0.0 ], [ 89.402661686987301, 26.645318314588621, 0.0 ], [ 89.402731781046896, 26.645247262751013, 0.0 ], [ 89.402777239078375, 26.645212799830915, 0.0 ], [ 89.402827975230934, 26.645120753320157, 0.0 ], [ 89.403024481594628, 26.644811955807143, 0.0 ], [ 89.403099854674622, 26.644436915131564, 0.0 ], [ 89.40310984704189, 26.644323796605988, 0.0 ], [ 89.403097502048126, 26.644227829051147, 0.0 ], [ 89.403068624817251, 26.64384751565035, 0.0 ], [ 89.402938629614141, 26.64368596863261, 0.0 ], [ 89.40286194712121, 26.643623064652786, 0.0 ], [ 89.402740990104689, 26.643593173885904, 0.0 ], [ 89.402519685834875, 26.643535275532599, 0.0 ], [ 89.402062396762233, 26.643566577335719, 0.0 ], [ 89.401976676982088, 26.643595758537458, 0.0 ], [ 89.401741497072464, 26.643666891314012, 0.0 ], [ 89.401235802890028, 26.643919688043241, 0.0 ], [ 89.400961458404652, 26.643951418822951, 0.0 ], [ 89.400897374514273, 26.643964507556007, 0.0 ], [ 89.400794297818663, 26.64395513931828, 0.0 ], [ 89.400709512434105, 26.643966360159425, 0.0 ], [ 89.400253816960117, 26.643942095551324, 0.0 ], [ 89.400047309236015, 26.643923736791066, 0.0 ], [ 89.399614078826744, 26.643733151563765, 0.0 ], [ 89.398794294621041, 26.643903977786408, 0.0 ], [ 89.398441324207795, 26.645122149967278, 0.0 ], [ 89.398471704205861, 26.64520325352737, 0.0 ], [ 89.398673825037065, 26.647034446782357, 0.0 ] ] ] ] } },
{ "type": "Feature", "properties": { "Compartment": "MB EXT Part 4", "Area_in_Ha": 3.329, "Shape_Area": 2.68661e-06, "Beat": null, "Range": null, "Division": null }, "geometry": { "type": "MultiPolygon", "coordinates": [ [ [ [ 89.396994546161409, 26.656637606340496, 0.0 ], [ 89.397751291488987, 26.656660187417742, 0.0 ], [ 89.397772712440769, 26.656485083120117, 0.0 ], [ 89.397696653178059, 26.656144138441277, 0.0 ], [ 89.397624032023543, 26.655893478501298, 0.0 ], [ 89.397566479009868, 26.6558364704768, 0.0 ], [ 89.397545774817729, 26.655796292365039, 0.0 ], [ 89.397467269399044, 26.655511416818456, 0.0 ], [ 89.397439349046806, 26.655433066982482, 0.0 ], [ 89.397222606138428, 26.654984723466271, 0.0 ], [ 89.397194167776661, 26.654920173727078, 0.0 ], [ 89.397181539496501, 26.65424809237561, 0.0 ], [ 89.397165929963762, 26.654187927730732, 0.0 ], [ 89.397136215464059, 26.653573054952574, 0.0 ], [ 89.397423662172343, 26.653425201012283, 0.0 ], [ 89.39740407853543, 26.653071434699029, 0.0 ], [ 89.397295764188243, 26.65284554118881, 0.0 ], [ 89.397080597791387, 26.653007390378832, 0.0 ], [ 89.397028509058487, 26.653034901539513, 0.0 ], [ 89.396999800900176, 26.653064747340295, 0.0 ], [ 89.396768345982423, 26.653237528689033, 0.0 ], [ 89.396754804890406, 26.653247039019675, 0.0 ], [ 89.396347086448941, 26.6536421750464, 0.0 ], [ 89.396389336598645, 26.654257913871675, 0.0 ], [ 89.396575263337809, 26.654769714450822, 0.0 ], [ 89.396620182675349, 26.655183319854359, 0.0 ], [ 89.396871061150591, 26.656046577287782, 0.0 ], [ 89.396865061773212, 26.656085814708661, 0.0 ], [ 89.396994546161409, 26.656637606340496, 0.0 ] ] ] ] } },
{ "type": "Feature", "properties": { "Compartment": "MB EXT Part 3", "Area_in_Ha": 0.42, "Shape_Area": 3.3904e-07, "Beat": null, "Range": null, "Division": null }, "geometry": { "type": "MultiPolygon", "coordinates": [ [ [ [ 89.398190291948481, 26.652772518037352, 0.0 ], [ 89.398351990052333, 26.652598221330891, 0.0 ], [ 89.398347789319075, 26.652535312854468, 0.0 ], [ 89.398327203837425, 26.652512561805338, 0.0 ], [ 89.398318947161727, 26.652387723314803, 0.0 ], [ 89.398290731831878, 26.652333643482905, 0.0 ], [ 89.398275276083211, 26.652270749395598, 0.0 ], [ 89.398255930766652, 26.652146836307509, 0.0 ], [ 89.398230504234448, 26.652073831142445, 0.0 ], [ 89.398134848744348, 26.651924564367221, 0.0 ], [ 89.397885696967421, 26.651990799435907, 0.0 ], [ 89.397873023721104, 26.651999619087178, 0.0 ], [ 89.397768705061765, 26.652171403087834, 0.0 ], [ 89.397773099149276, 26.652387604604314, 0.0 ], [ 89.397936793748102, 26.652643146064406, 0.0 ], [ 89.398190291948481, 26.652772518037352, 0.0 ] ] ] ] } },
{ "type": "Feature", "properties": { "Compartment": "MB EXT Part 5", "Area_in_Ha": 0.766, "Shape_Area": 6.1783e-07, "Beat": null, "Range": null, "Division": null }, "geometry": { "type": "MultiPolygon", "coordinates": [ [ [ [ 89.405762898339162, 26.642920916267315, 0.0 ], [ 89.406053780457682, 26.642771225911417, 0.0 ], [ 89.406139181877791, 26.642460796128887, 0.0 ], [ 89.406166749695785, 26.642278554811526, 0.0 ], [ 89.406161502151633, 26.642252015817917, 0.0 ], [ 89.405990551822583, 26.642047664668041, 0.0 ], [ 89.405689752879823, 26.641774905687384, 0.0 ], [ 89.405455872490563, 26.641955500346114, 0.0 ], [ 89.405422480662992, 26.64198649548041, 0.0 ], [ 89.405394405627362, 26.642383899597348, 0.0 ], [ 89.405397127875233, 26.642419643152039, 0.0 ], [ 89.40554237288228, 26.642815499535743, 0.0 ], [ 89.405745605275513, 26.642909913062113, 0.0 ], [ 89.405762898339162, 26.642920916267315, 0.0 ] ] ] ] } }
]
}
