{"type":"FeatureCollection", "features": [
{"type":"Feature","geometry":{"type":"Polygon","coordinates":[[[89.8422302198011,26.500400306647],[89.8414441402858,26.5008698223123],[89.8407112634662,26.5012219687802],[89.8399974175174,26.5015360455428],[89.8392740525025,26.5018120520462],[89.8389123637219,26.5022117958085],[89.8383888700525,26.5028304468582],[89.8378939254073,26.5034871685358],[89.8372657287373,26.5046578486299],[89.8367898028694,26.5057809515851],[89.8365708753295,26.5065328588031],[89.8365232657721,26.507770180292],[89.8365517826214,26.5091502635367],[89.8365707943229,26.5099116953905],[89.8365232107769,26.5100639847639],[89.8363423686676,26.5101686714583],[89.8359711683495,26.5102162543467],[89.8355333481792,26.5102638359423],[89.8350955254986,26.5104161177418],[89.8347814300336,26.5106730921466],[89.8345053985506,26.5111775277723],[89.8343531054232,26.5117390859108],[89.8343245281412,26.5124624367656],[89.8343911413318,26.5131572494124],[89.8345624417789,26.5139567542953],[89.8349811996219,26.5148419141487],[89.8355941168517,26.516151588599],[89.8365458558857,26.518188431046],[89.837116896765,26.5193496243966],[89.8376879367294,26.5205488778222],[89.8384683557234,26.5221859661685],[89.8389804423484,26.5235296687335],[89.8389567823991,26.5235296405142],[89.8371784463929,26.5235276337398],[89.8331074625092,26.5232325541196],[89.8290364688982,26.5233434752929],[89.8250954819448,26.5231653984308],[89.8227874871623,26.5231623536154],[89.8227394894765,26.523070352505],[89.8226624932948,26.5229183507152],[89.822663506991,26.5223473496267],[89.8228555368129,26.5210863509074],[89.8234335781254,26.5193103586816],[89.823945623731,26.5173613648375],[89.824653703212,26.5139813720177],[89.8251657419246,26.5123193787275],[89.8255497891668,26.510313382284],[89.8260648374793,26.5082503882707],[89.826320872628,26.5067603903436],[89.8267079157282,26.5049263942894],[89.8270909450765,26.5036663992722],[89.8280819915732,26.5016344145497],[89.8287220686785,26.4983574205942],[89.8292470863457,26.4975714292501],[89.8351910729942,26.4975785445727],[89.8385120693073,26.4974256087013],[89.841983059044,26.4975336762506],[89.8418720423954,26.4982386754742],[89.8419949954166,26.5001876816676],[89.8422302198011,26.500400306647]]]},"properties":{"compartment":"S Bholka BL 5"},"id":"comptt.1"},
{"type":"Feature","geometry":{"type":"Polygon","coordinates":[[[89.8600604020618,26.5232690775705],[89.8584394016206,26.5234360464185],[89.8563724006521,26.5236660067287],[89.8554944026103,26.5236649896761],[89.8541744055435,26.5236639640401],[89.8515254114578,26.5236609125921],[89.8483594199359,26.5235988509902],[89.8444814299973,26.5235367755642],[89.8407334383914,26.5235327027782],[89.8389804423484,26.5235296687335],[89.8384683557234,26.5221859661685],[89.8376879367294,26.5205488778222],[89.837116896765,26.5193496243966],[89.8365458558857,26.518188431046],[89.8355941168517,26.516151588599],[89.8349811996219,26.5148419141487],[89.8345624417789,26.5139567542953],[89.8343911413318,26.5131572494124],[89.8343245281412,26.5124624367656],[89.8343531054232,26.5117390859108],[89.8345053985506,26.5111775277723],[89.8347814300336,26.5106730921466],[89.8350955254986,26.5104161177418],[89.8355333481792,26.5102638359423],[89.8359711683495,26.5102162543467],[89.8363423686676,26.5101686714583],[89.8365232107769,26.5100639847639],[89.8365707943229,26.5099116953905],[89.8365517826214,26.5091502635367],[89.8365232657721,26.507770180292],[89.8365708753295,26.5065328588031],[89.8367898028694,26.5057809515851],[89.8372657287373,26.5046578486299],[89.8378939254073,26.5034871685358],[89.8383888700525,26.5028304468582],[89.8389123637219,26.5022117958085],[89.8392740525025,26.5018120520462],[89.8399974175174,26.5015360455428],[89.8407112634662,26.5012219687802],[89.8414441402858,26.5008698223123],[89.8422302198011,26.500400306647],[89.8422549892099,26.5004226871713],[89.8437779529618,26.5017947194032],[89.8461959118361,26.5032877692421],[89.8481068993254,26.5036338070026],[89.8495058494697,26.5055848379715],[89.8501407985848,26.5076488543376],[89.8514117462685,26.5097138830521],[89.8533217255137,26.5104039214783],[89.8542126767868,26.5123539425978],[89.8552316470336,26.5135009646291],[89.8553545944973,26.515679971292],[89.8554795392397,26.5179719782156],[89.8566234954074,26.5196940038075],[89.8587884438302,26.5216450496785],[89.8600604020618,26.5232690775705]]]},"properties":{"compartment":"S Bholka BL6"},"id":"comptt.2"},
{"type":"Feature","geometry":{"type":"Polygon","coordinates":[[[89.7471367564739,26.5190648775433],[89.7461549321421,26.5189223182254],[89.7453173626943,26.5189794120838],[89.7447843602666,26.5191316820309],[89.7443084626885,26.5194933534814],[89.7439277321542,26.5199692369937],[89.7434137569056,26.520654518316],[89.7425380951855,26.5216443631955],[89.7419860386549,26.5223867438857],[89.741300728738,26.5237001930674],[89.7402346992385,26.5250326748964],[89.7395493847967,26.5261176936447],[89.7388260113546,26.5271646415817],[89.7382739529955,26.5279831724118],[89.7374684671296,26.5295559797446],[89.7367546116655,26.5306862180204],[89.7364869023071,26.5315190243936],[89.7360553162496,26.5326468181416],[89.7357094645096,26.5323356808432],[89.7336240590779,26.5314979996163],[89.7335434903705,26.5314656371689],[89.7312095126879,26.5307595905457],[89.7312875349082,26.5298255903036],[89.7314175621394,26.5286775906683],[89.730781602167,26.5270695753045],[89.7293806109637,26.5268375476839],[89.7286105935107,26.5276395342494],[89.7277186038917,26.5272925162896],[89.7260626325596,26.5262564822134],[89.7246616468519,26.5257954541658],[89.7233886856393,26.5243004266642],[89.7230087250434,26.5226934162797],[89.722503773027,26.5207404028226],[89.7232738207171,26.5186764138903],[89.7242978403035,26.5177604320354],[89.7244278592717,26.5169564330491],[89.7238988685945,26.5166184221547],[89.7235968819937,26.5160884153034],[89.7215998872347,26.5160623765219],[89.7200499143049,26.5150823446241],[89.7185099165041,26.5151393148635],[89.7144049422863,26.5144602339823],[89.7131899553354,26.514033209622],[89.7076529874076,26.5132311007512],[89.7064370161321,26.5121500751567],[89.7074580606388,26.5101930913061],[89.7068391613796,26.5060470715761],[89.7081122159441,26.5036450917759],[89.7159312075586,26.503238242592],[89.7219872011179,26.5029223594043],[89.7251321905026,26.5030624206389],[89.7278061920455,26.5027404718763],[89.7296751914257,26.5025865078223],[89.7329811892254,26.5023605714933],[89.7368381765953,26.5025176465696],[89.7404881647398,26.5026627176124],[89.7444581590359,26.5025207943207],[89.7469991553706,26.5024308434203],[89.7484361170386,26.5038938740512],[89.7472940861169,26.5052938545535],[89.7466510285128,26.507759846746],[89.7469009701975,26.5101698561501],[89.7491329594547,26.5104048998851],[89.7497659098639,26.5124139159641],[89.7481658626971,26.5145348889402],[89.7477678214258,26.5162948845477],[89.7471367564739,26.5190648775433]]]},"properties":{"compartment":"Narathali BL2"},"id":"comptt.3"},
{"type":"Feature","geometry":{"type":"Polygon","coordinates":[[[89.8554944026103,26.5236649896761],[89.8537873910863,26.5243019577757],[89.8519123841109,26.5247649222707],[89.8509413821022,26.5249379037528],[89.8503593750596,26.52528489313],[89.8499073635064,26.5258078853762],[89.8499053454152,26.5265618868138],[89.8503563234909,26.5274338972804],[89.8512602922126,26.5286539172275],[89.8519062712479,26.5294679313695],[89.8520332500598,26.530338935543],[89.8520322277609,26.531267937344],[89.8517722060328,26.5321969341138],[89.8518361780183,26.5333579376318],[89.8526101553734,26.5342299543763],[89.8537731346546,26.5349859784515],[89.8550641192243,26.5355100045597],[89.8566790988782,26.5362090373072],[89.8575810843309,26.5367320558582],[89.8580350735566,26.537139065478],[89.8579690555709,26.537894065678],[89.857386037355,26.5387060559444],[89.8568690343161,26.5388800462407],[89.8557700409665,26.5387040245417],[89.8544130537589,26.5382959973756],[89.8526050745123,26.5375979608797],[89.851183079094,26.5375379331348],[89.8496970824261,26.5375359042605],[89.8484680781797,26.537825880951],[89.8480150568967,26.5387538739659],[89.8476900311269,26.5398568698096],[89.847688007427,26.5408438717018],[89.8477285340446,26.5409809727575],[89.8436501240399,26.5409407834361],[89.8430963853296,26.5409381726722],[89.843133790636,26.5407137729604],[89.843319431882,26.5389791431777],[89.8433551763118,26.5367091294363],[89.8431934346315,26.5338785207631],[89.8427746916611,26.532374689691],[89.8421846300337,26.5304139943996],[89.8410996705135,26.5275776477885],[89.8400146799708,26.5256169528904],[89.8393294298103,26.5244367272802],[89.8389567823991,26.5235296405142],[89.8389804423484,26.5235296687335],[89.8407334383914,26.5235327027782],[89.8444814299973,26.5235367755642],[89.8483594199359,26.5235988509902],[89.8515254114578,26.5236609125921],[89.8541744055435,26.5236639640401],[89.8554944026103,26.5236649896761]]]},"properties":{"compartment":"S Bholka BL3A"},"id":"comptt.4"},
{"type":"Feature","geometry":{"type":"Polygon","coordinates":[[[89.8600604020618,26.5232690775705],[89.8603153936777,26.5235950831632],[89.8622253481515,26.5253171236426],[89.8623503010973,26.5272661299028],[89.8637502457147,26.5294451613821],[89.8648952156392,26.5305931858829],[89.8643841782283,26.5321981791144],[89.8659101445747,26.5334602112442],[89.8675660830911,26.5358692481618],[89.8671820426516,26.5375882440862],[89.8638649949407,26.5398781841402],[89.8632189727747,26.5408601735186],[89.8630535470905,26.5411119607994],[89.862041169786,26.5410924710881],[89.8551026774781,26.5409923960645],[89.8518190354145,26.5409637822041],[89.8477285340446,26.5409809727575],[89.847688007427,26.5408438717018],[89.8476900311269,26.5398568698096],[89.8480150568967,26.5387538739659],[89.8484680781797,26.537825880951],[89.8496970824261,26.5375359042605],[89.851183079094,26.5375379331348],[89.8526050745123,26.5375979608797],[89.8544130537589,26.5382959973756],[89.8557700409665,26.5387040245417],[89.8568690343161,26.5388800462407],[89.857386037355,26.5387060559444],[89.8579690555709,26.537894065678],[89.8580350735566,26.537139065478],[89.8575810843309,26.5367320558582],[89.8566790988782,26.5362090373072],[89.8550641192243,26.5355100045597],[89.8537731346546,26.5349859784515],[89.8526101553734,26.5342299543763],[89.8518361780183,26.5333579376318],[89.8517722060328,26.5321969341138],[89.8520322277609,26.531267937344],[89.8520332500598,26.530338935543],[89.8519062712479,26.5294679313695],[89.8512602922126,26.5286539172275],[89.8503563234909,26.5274338972804],[89.8499053454152,26.5265618868138],[89.8499073635064,26.5258078853762],[89.8503593750596,26.52528489313],[89.8509413821022,26.5249379037528],[89.8519123841109,26.5247649222707],[89.8537873910863,26.5243019577757],[89.8554944026103,26.5236649896761],[89.8563724006521,26.5236660067287],[89.8584394016206,26.5234360464185],[89.8600604020618,26.5232690775705]]]},"properties":{"compartment":"S Bholka BL3B"},"id":"comptt.5"},
{"type":"Feature","geometry":{"type":"Polygon","coordinates":[[[89.8430963853296,26.5409381726722],[89.83959553349,26.5409216646212],[89.8353125084328,26.5411119417788],[89.8254710817242,26.5410546404712],[89.8216870562165,26.5412193672796],[89.8216480775786,26.5403333648038],[89.8245391559983,26.5367984141026],[89.8248052365448,26.5334184127072],[89.8266432474727,26.5327924471886],[89.8279572766125,26.5314564701122],[89.8275233134368,26.5299624587802],[89.8263013501661,26.5285454322966],[89.8260403865994,26.5270514243264],[89.826110389467,26.5269254254409],[89.8256194042147,26.5263564148018],[89.8249814313107,26.5252864003359],[89.8247334350547,26.5251533952625],[89.8241894475203,26.5246843837896],[89.823967455501,26.5243723788736],[89.8237444608207,26.5241713741538],[89.8236084631153,26.5240883713522],[89.8231074715981,26.5237813610293],[89.8227874871623,26.5231623536154],[89.8250954819448,26.5231653984308],[89.8290364688982,26.5233434752929],[89.8331074625092,26.5232325541196],[89.8371784463929,26.5235276337398],[89.8389567823991,26.5235296405142],[89.8393294298103,26.5244367272802],[89.8400146799708,26.5256169528904],[89.8410996705135,26.5275776477885],[89.8421846300337,26.5304139943996],[89.8427746916611,26.532374689691],[89.8431934346315,26.5338785207631],[89.8433551763118,26.5367091294363],[89.843319431882,26.5389791431777],[89.843133790636,26.5407137729604],[89.8430963853296,26.5409381726722]]]},"properties":{"compartment":"S Bholka BL4"},"id":"comptt.6"},
{"type":"Feature","geometry":{"type":"Polygon","coordinates":[[[89.7600423557549,26.5345421573331],[89.7596043449266,26.5350351497661],[89.7592823090461,26.5365611464117],[89.75886527518,26.5380121410697],[89.7587362281731,26.5399831423056],[89.7584782104026,26.5407481387478],[89.7599581140045,26.544623174842],[89.7562601574643,26.5431651002642],[89.7540411824925,26.5423340556009],[89.7523542013115,26.5417110216643],[89.750650231043,26.5406349865421],[89.7490522567878,26.5397149537758],[89.7472672757394,26.5390959179503],[89.7446943029583,26.5382078663208],[89.7433593244308,26.5374408389564],[89.7422033661255,26.5358138134455],[89.7409523767763,26.5354897885509],[89.7405193804596,26.5353777799347],[89.7378724126544,26.5342897265049],[89.7361674535717,26.5327476905079],[89.7360553162496,26.5326468181416],[89.7364869023071,26.5315190243936],[89.7367546116655,26.5306862180204],[89.7374684671296,26.5295559797446],[89.7382739529955,26.5279831724118],[89.7388260113546,26.5271646415817],[89.7395493847967,26.5261176936447],[89.7402346992385,26.5250326748964],[89.741300728738,26.5237001930674],[89.7419860386549,26.5223867438857],[89.7425380951855,26.5216443631955],[89.7434137569056,26.520654518316],[89.7439277321542,26.5199692369937],[89.7443084626885,26.5194933534814],[89.7447843602666,26.5191316820309],[89.7453173626943,26.5189794120838],[89.7461549321421,26.5189223182254],[89.7471367564739,26.5190648775433],[89.7496847408542,26.5194729277495],[89.7498127199198,26.5203339318621],[89.7533817033588,26.5206840017728],[89.7538896608855,26.5224070148943],[89.7547816395429,26.5232120337288],[89.7552865998287,26.5248200465766],[89.7557965738898,26.5258530584322],[89.7571955348367,26.5273480884184],[89.7591044725726,26.5297621300507],[89.7597404298113,26.5314841456647],[89.7594793753479,26.5337791449552],[89.7600423557549,26.5345421573331]]]},"properties":{"compartment":"Narathali BL1"},"id":"comptt.7"},
{"type":"Feature","geometry":{"type":"Polygon","coordinates":[[[89.7597719037839,26.5520634253032],[89.7583119574298,26.5521340371284],[89.7568557269928,26.5522910591398],[89.7551282361509,26.5524908959634],[89.7532437056715,26.5526907397366],[89.750859487028,26.5528620137498],[89.7464908015789,26.5530903593258],[89.7446062759133,26.5530903227221],[89.7422220596872,26.5531616565482],[89.7394951984274,26.5534756941774],[89.7374107853488,26.5538040243113],[89.736568374383,26.5540191972062],[89.7363614523696,26.55361245357],[89.7360640321969,26.5528153262924],[89.7357071298752,26.552113378039],[89.7352193584264,26.5513876271997],[89.7346007147083,26.5507689540208],[89.7341010532858,26.5500432129516],[89.7336370694955,26.5494126427549],[89.7332325749961,26.5488058737585],[89.7329232617045,26.5481396164987],[89.7327091273358,26.5475090511546],[89.7326496640371,26.5468190087021],[89.7326377797712,26.5461646572406],[89.7326497043023,26.5451414855476],[89.7328757611991,26.5444157485715],[89.7332565060187,26.5433449939495],[89.733542050778,26.5427025482846],[89.733839506937,26.5420006127388],[89.7340774549533,26.5416436966867],[89.7343867990858,26.541025041528],[89.7345533684085,26.5406205340003],[89.7347913372726,26.5398115270972],[89.7349222249561,26.5390619882271],[89.7350055273156,26.5381221080748],[89.7350293466715,26.5373130870141],[89.735065054572,26.5365635562962],[89.7351959445358,26.5357188472465],[89.7353149356678,26.5348265478761],[89.7355410048395,26.5340056407183],[89.7357551686156,26.5334107837548],[89.7360553162496,26.5326468181416],[89.7361674535717,26.5327476905079],[89.7378724126544,26.5342897265049],[89.7405193804596,26.5353777799347],[89.7409523767763,26.5354897885509],[89.7422033661255,26.5358138134455],[89.7433593244308,26.5374408389564],[89.7446943029583,26.5382078663208],[89.7472672757394,26.5390959179503],[89.7490522567878,26.5397149537758],[89.750650231043,26.5406349865421],[89.7523542013115,26.5417110216643],[89.7540411824925,26.5423340556009],[89.7562601574643,26.5431651002642],[89.7599581140045,26.544623174842],[89.760769089344,26.5455731923956],[89.7607040676454,26.5464831928613],[89.760645022258,26.5483791953158],[89.7602339775751,26.5502791909405],[89.7598009636292,26.5509011837109],[89.7597719037839,26.5520634253032]]]},"properties":{"compartment":"SRD BL7"},"id":"comptt.8"},
{"type":"Feature","geometry":{"type":"Polygon","coordinates":[[[89.8430963853296,26.5409381726722],[89.8430195544311,26.5413990520798],[89.8427839570631,26.5429766305843],[89.8425412124515,26.5444399987263],[89.8422913375102,26.5459176467571],[89.8421985123361,26.5469741270168],[89.8419771995038,26.5479449446121],[89.8417201900607,26.5491941620569],[89.8414845998305,26.5500578991649],[89.8411990385611,26.5513856362074],[89.8410276775509,26.5526919554272],[89.8408848935087,26.5537056046308],[89.8406350217617,26.5546335915854],[89.8402923581612,26.5556472369031],[89.839992535445,26.5562040321617],[89.8395427999736,26.5568893047564],[89.8392585812066,26.5572803299943],[89.8391886321694,26.5572467385689],[89.8287097764326,26.5522145250882],[89.8217218640191,26.5492183834717],[89.8215458719797,26.5489033794409],[89.8218179846719,26.5441863755786],[89.8216870562165,26.5412193672796],[89.8254710817242,26.5410546404712],[89.8353125084328,26.5411119417788],[89.83959553349,26.5409216646212],[89.8430963853296,26.5409381726722]]]},"properties":{"compartment":"S Bholka BL1"},"id":"comptt.9"},
{"type":"Feature","geometry":{"type":"Polygon","coordinates":[[[89.7600423557549,26.5345421573331],[89.7602423487716,26.5348141617323],[89.7604943013813,26.5367651703293],[89.7612562610286,26.5383741881796],[89.762401218454,26.5400392135747],[89.764442201314,26.5405592541941],[89.7654221871249,26.5410572741708],[89.7662451751663,26.5414772909512],[89.7668861348894,26.5430943064759],[89.7671430643702,26.5460073170109],[89.768151016956,26.5478863401655],[89.7688209645688,26.5500043572123],[89.7679409144139,26.5521763442534],[89.7696808102834,26.5563463859977],[89.7709037866669,26.5572134114115],[89.7714473959663,26.5588559551049],[89.7705097786321,26.5588339568443],[89.7698244908809,26.5588053934743],[89.7685538651517,26.5587482586767],[89.7673117917598,26.5585911842438],[89.7666407856926,26.558491241016],[89.7660268891525,26.558405568925],[89.7652131227264,26.5583341629779],[89.7643136847816,26.5583341455022],[89.7636284084057,26.5582484720249],[89.7628289122915,26.5581627963284],[89.7624006173865,26.5579914676814],[89.7617296123509,26.5578486843732],[89.7608730077401,26.5577059074593],[89.7592740141437,26.5575916561765],[89.7582638088943,26.5574901663574],[89.7586738236894,26.5568351730801],[89.7588338415546,26.5560761747483],[89.7588908886932,26.554108172121],[89.7592428974225,26.5537111782055],[89.7597549201954,26.5527141862589],[89.7597679319814,26.5522221855775],[89.7597719037839,26.5520634253032],[89.7598009636292,26.5509011837109],[89.7602339775751,26.5502791909405],[89.760645022258,26.5483791953158],[89.7607040676454,26.5464831928613],[89.760769089344,26.5455731923956],[89.7599581140045,26.544623174842],[89.7584782104026,26.5407481387478],[89.7587362281731,26.5399831423056],[89.75886527518,26.5380121410697],[89.7592823090461,26.5365611464117],[89.7596043449266,26.5350351497661],[89.7600423557549,26.5345421573331]]]},"properties":{"compartment":"MARA BL4"},"id":"comptt.10"},
{"type":"Feature","geometry":{"type":"Polygon","coordinates":[[[89.8477285340446,26.5409809727575],[89.8477560017526,26.5410738734731],[89.8479449859389,26.5417148783995],[89.8487199688522,26.5423548947108],[89.8507889516903,26.5428789359405],[89.8533079418726,26.5430559852367],[89.8549229312685,26.5433490171947],[89.855635925491,26.5435240313936],[89.8560869133495,26.5439880410682],[89.8561508950709,26.5447430437933],[89.8561498713614,26.5457300457103],[89.8558248567265,26.5463690406477],[89.8545328582094,26.5464260156497],[89.8536268630213,26.5463089978126],[89.8525278612931,26.5464819767931],[89.8516218535654,26.546886959979],[89.850717843023,26.5474089434325],[89.8499408210516,26.5483949302621],[89.8494228068684,26.5490329214435],[89.8493567916606,26.5496719214115],[89.8494207719834,26.5504849242469],[89.8499997455906,26.5515299375467],[89.8508387269604,26.5522279552216],[89.85167870554,26.5530419731442],[89.8520006838945,26.5539129811098],[89.8519346672884,26.5546099811923],[89.8514166503116,26.5553639725993],[89.8507056379439,26.5559439599132],[89.8498636147131,26.5569879455883],[89.8490865885253,26.5581489327549],[89.8479865714664,26.5589599129557],[89.8470145513115,26.5598878958731],[89.846566531389,26.5607578888641],[89.8462725346615,26.5606488829347],[89.8392585812066,26.5572803299943],[89.8395427999736,26.5568893047564],[89.839992535445,26.5562040321617],[89.8402923581612,26.5556472369031],[89.8406350217617,26.5546335915854],[89.8408848935087,26.5537056046308],[89.8410276775509,26.5526919554272],[89.8411990385611,26.5513856362074],[89.8414845998305,26.5500578991649],[89.8417201900607,26.5491941620569],[89.8419771995038,26.5479449446121],[89.8421985123361,26.5469741270168],[89.8422913375102,26.5459176467571],[89.8425412124515,26.5444399987263],[89.8427839570631,26.5429766305843],[89.8430195544311,26.5413990520798],[89.8430963853296,26.5409381726722],[89.8436501240399,26.5409407834361],[89.8477285340446,26.5409809727575]]]},"properties":{"compartment":"S Bholka BL2B"},"id":"comptt.11"},
{"type":"Feature","geometry":{"type":"Polygon","coordinates":[[[89.7336240590779,26.5314979996163],[89.7338065233559,26.532149723561],[89.7338921759671,26.5324495357875],[89.733920699532,26.53354884841],[89.7338778538772,26.5342055788143],[89.7337779131482,26.5346624377343],[89.7336065729262,26.5351050152414],[89.7332924823484,26.5355761400314],[89.7326214536888,26.5364184585913],[89.7322216960484,26.5367753715031],[89.7314221845358,26.5373321470311],[89.730722616903,26.5377176041765],[89.7301229776695,26.5381601733687],[89.7296803887582,26.5385741955555],[89.7293234569086,26.5391024296194],[89.7287095340058,26.5401160696062],[89.7282954944083,26.5409726731776],[89.7279242685444,26.5420862580622],[89.7276958229704,26.5427572548873],[89.7274959273932,26.5438422930437],[89.7274530783045,26.5446417937129],[89.7274815967141,26.5459552567326],[89.7276100466656,26.547611362336],[89.7277670558619,26.5492960285479],[89.7279240763052,26.5500955330982],[89.7282524119553,26.5514946621016],[89.7285093701084,26.5523798287541],[89.7289804650812,26.5537932405578],[89.7291089390143,26.5544499742866],[89.7292516829714,26.5555207390704],[89.72936586945,26.5569055938899],[89.7293230055479,26.5579049649346],[89.729094557959,26.5590756626963],[89.7288089911869,26.5602177992943],[89.7286370917919,26.5610880146844],[89.7285417917774,26.5610515956697],[89.726971802668,26.5607495646043],[89.7239988208726,26.5602785059696],[89.7210268362714,26.5599244475767],[89.7186988557286,26.5593394012629],[89.7174728670075,26.5589883767934],[89.7169568766125,26.5586383661167],[89.7161168813995,26.5585203495809],[89.7149248854929,26.5584653263266],[89.7150489011261,26.5578023274961],[89.7164529088114,26.5573463539121],[89.7172239565336,26.5552843650302],[89.7195199813582,26.5540284072695],[89.7187590244452,26.5523073892705],[89.7171050421395,26.5517303560729],[89.7149390720443,26.5506943120773],[89.7146901139108,26.5489743040286],[89.7159681439199,26.5476003262738],[89.7186441238074,26.5481793793133],[89.7201741394347,26.5473804075242],[89.7204351883675,26.5453164087271],[89.7191652298796,26.5437093810632],[89.7172542481613,26.5431323428857],[89.715853267996,26.542441314397],[89.7158532691958,26.5423913143035],[89.7158593175059,26.540377310655],[89.7170123752634,26.5378583283244],[89.7176524040287,26.5365973383873],[89.7184564093361,26.5362983534321],[89.7195354580464,26.534163370377],[89.7205615024147,26.5322143866389],[89.7211215103269,26.5318303967869],[89.7252845077659,26.5315354770207],[89.7282194953446,26.5317705344195],[89.730260485042,26.5320035744666],[89.7310394951881,26.5315055886488],[89.7311554966952,26.5314315907609],[89.7312095126879,26.5307595905457],[89.7335434903705,26.5314656371689],[89.7336240590779,26.5314979996163]]]},"properties":{"compartment":"Chipra3"},"id":"comptt.12"},
{"type":"Feature","geometry":{"type":"Polygon","coordinates":[[[89.5606059157103,26.5646602217738],[89.5579789929069,26.5646292307471],[89.5549903997998,26.5646482127921],[89.5491675237785,26.5646632098394],[89.5490021649222,26.5633821143771],[89.5490311928956,26.5622131128835],[89.5491952242767,26.5608881137343],[89.5491852579554,26.5594851110723],[89.549147297625,26.5578351074325],[89.5492263359715,26.5562281061379],[89.5492673725382,26.5546991042432],[89.5494794111265,26.5530681054855],[89.5495294427018,26.5517461041292],[89.5497524846378,26.549974105336],[89.5500605403606,26.5476181071626],[89.5506695934906,26.5453391149601],[89.552120642507,26.5431451392304],[89.5526706434076,26.5430511497285],[89.5556106497244,26.5424862057346],[89.5576546527829,26.5421492447703],[89.5586776452876,26.5423572649721],[89.5588006443867,26.5423822674011],[89.5608376089755,26.5436513091389],[89.5612875981167,26.5440583185838],[89.5619825813121,26.5446883331738],[89.5627455463617,26.5460683504094],[89.5632070025791,26.5470132510295],[89.562852534128,26.5474019948431],[89.5623575921063,26.547954026221],[89.5618436187624,26.5485631573305],[89.5613106040956,26.5492293981713],[89.56104409197,26.5497623939448],[89.5609298671883,26.5503905728397],[89.5608655234845,26.5543047885099],[89.5606821541729,26.5605485059871],[89.5606059157103,26.5646602217738]]]},"properties":{"compartment":"Cheko BL9"},"id":"comptt.13"},
{"type":"Feature","geometry":{"type":"Polygon","coordinates":[[[89.736568374383,26.5540191972062],[89.7367064552887,26.554290611548],[89.7370514559218,26.5550639397056],[89.7374202510704,26.5560633187516],[89.7377295586407,26.5569675264632],[89.7381697356225,26.5578836267398],[89.7385028314213,26.558859215049],[89.7385623047091,26.5595492575047],[89.738740724286,26.5612148941101],[89.7389310026755,26.5641773333904],[89.7389916722453,26.5650218061609],[89.7372516926001,26.564341771072],[89.7353847185833,26.5634397330998],[89.732568750918,26.5623646763682],[89.7292457836857,26.5613206098509],[89.7286370917919,26.5610880146844],[89.7288089911869,26.5602177992943],[89.729094557959,26.5590756626963],[89.7293230055479,26.5579049649346],[89.72936586945,26.5569055938899],[89.7292516829714,26.5555207390704],[89.7291089390143,26.5544499742866],[89.7289804650812,26.5537932405578],[89.7285093701084,26.5523798287541],[89.7282524119553,26.5514946621016],[89.7279240763052,26.5500955330982],[89.7277670558619,26.5492960285479],[89.7276100466656,26.547611362336],[89.7274815967141,26.5459552567326],[89.7274530783045,26.5446417937129],[89.7274959273932,26.5438422930437],[89.7276958229704,26.5427572548873],[89.7279242685444,26.5420862580622],[89.7282954944083,26.5409726731776],[89.7287095340058,26.5401160696062],[89.7293234569086,26.5391024296194],[89.7296803887582,26.5385741955555],[89.7301229776695,26.5381601733687],[89.730722616903,26.5377176041765],[89.7314221845358,26.5373321470311],[89.7322216960484,26.5367753715031],[89.7326214536888,26.5364184585913],[89.7332924823484,26.5355761400314],[89.7336065729262,26.5351050152414],[89.7337779131482,26.5346624377343],[89.7338778538772,26.5342055788143],[89.733920699532,26.53354884841],[89.7338921759671,26.5324495357875],[89.7338065233559,26.532149723561],[89.7336240590779,26.5314979996163],[89.7357094645096,26.5323356808432],[89.7360553162496,26.5326468181416],[89.7357551686156,26.5334107837548],[89.7355410048395,26.5340056407183],[89.7353149356678,26.5348265478761],[89.7351959445358,26.5357188472465],[89.735065054572,26.5365635562962],[89.7350293466715,26.5373130870141],[89.7350055273156,26.5381221080748],[89.7349222249561,26.5390619882271],[89.7347913372726,26.5398115270972],[89.7345533684085,26.5406205340003],[89.7343867990858,26.541025041528],[89.7340774549533,26.5416436966867],[89.733839506937,26.5420006127388],[89.733542050778,26.5427025482846],[89.7332565060187,26.5433449939495],[89.7328757611991,26.5444157485715],[89.7326497043023,26.5451414855476],[89.7326377797712,26.5461646572406],[89.7326496640371,26.5468190087021],[89.7327091273358,26.5475090511546],[89.7329232617045,26.5481396164987],[89.7332325749961,26.5488058737585],[89.7336370694955,26.5494126427549],[89.7341010532858,26.5500432129516],[89.7346007147083,26.5507689540208],[89.7352193584264,26.5513876271997],[89.7357071298752,26.552113378039],[89.7360640321969,26.5528153262924],[89.7363614523696,26.55361245357],[89.736568374383,26.5540191972062]]]},"properties":{"compartment":"SRD BL6"},"id":"comptt.14"},
{"type":"Feature","geometry":{"type":"Polygon","coordinates":[[[89.5491675237785,26.5646632098394],[89.5463548007162,26.5646631552669],[89.5435755975776,26.5646631013458],[89.5394258246379,26.5647962710692],[89.5357329069279,26.5650817299241],[89.5330107981923,26.5653101075137],[89.531071237979,26.5655194402519],[89.5312861910955,26.5641167719705],[89.5314892476822,26.5617367717497],[89.531692300089,26.5595307718322],[89.5315733519211,26.5573817657687],[89.5310843985742,26.5554867529736],[89.5310494019699,26.5553487520537],[89.5310614727657,26.552394747125],[89.5327335483081,26.549070773736],[89.5341506134714,26.5462057961991],[89.5361966275121,26.5454088344715],[89.5397706266612,26.5450759031798],[89.5439856296809,26.5445159839178],[89.5487236369645,26.543725074389],[89.552120642507,26.5431451392304],[89.5506695934906,26.5453391149601],[89.5500605403606,26.5476181071626],[89.5497524846378,26.549974105336],[89.5495294427018,26.5517461041292],[89.5494794111265,26.5530681054855],[89.5492673725382,26.5546991042432],[89.5492263359715,26.5562281061379],[89.549147297625,26.5578351074325],[89.5491852579554,26.5594851110723],[89.5491952242767,26.5608881137343],[89.5490311928956,26.5622131128835],[89.5490021649222,26.5633821143771],[89.5491675237785,26.5646632098394]]]},"properties":{"compartment":"Damanpur BL8"},"id":"comptt.15"},
{"type":"Feature","geometry":{"type":"Polygon","coordinates":[[[89.8695215046088,26.559764333258],[89.8675084978305,26.5602302950318],[89.8659264980898,26.5603642645326],[89.8632894941834,26.5607682140496],[89.8613284904031,26.5611051765796],[89.8596724924691,26.5611711445078],[89.8587694944859,26.561170126947],[89.8577114821787,26.5617791075695],[89.8562054660047,26.562590079876],[89.8540174448479,26.5636710394484],[89.8510794139564,26.5652259853619],[89.8497214039543,26.5657669600124],[89.8484414052039,26.5658329352499],[89.8477334083127,26.5657689213564],[89.8483544190801,26.5652639324447],[89.848804426908,26.5648969404774],[89.8498554718298,26.5629319570687],[89.8498564945014,26.5619889552422],[89.8470975254514,26.5609558995756],[89.846566531389,26.5607578888641],[89.8470145513115,26.5598878958731],[89.8479865714664,26.5589599129557],[89.8490865885253,26.5581489327549],[89.8498636147131,26.5569879455883],[89.8507056379439,26.5559439599132],[89.8514166503116,26.5553639725993],[89.8519346672884,26.5546099811923],[89.8520006838945,26.5539129811098],[89.85167870554,26.5530419731442],[89.8508387269604,26.5522279552216],[89.8499997455906,26.5515299375467],[89.8494207719834,26.5504849242469],[89.8493567916606,26.5496719214115],[89.8494228068684,26.5490329214435],[89.8499408210516,26.5483949302621],[89.850717843023,26.5474089434325],[89.8516218535654,26.546886959979],[89.8525278612931,26.5464819767931],[89.8536268630213,26.5463089978126],[89.8545328582094,26.5464260156497],[89.8558248567265,26.5463690406477],[89.8561498713614,26.5457300457103],[89.8561508950709,26.5447430437933],[89.8560869133495,26.5439880410682],[89.855635925491,26.5435240313936],[89.8549229312685,26.5433490171947],[89.8533079418726,26.5430559852367],[89.8507889516903,26.5428789359405],[89.8487199688522,26.5423548947108],[89.8479449859389,26.5417148783995],[89.8477560017526,26.5410738734731],[89.8477285340446,26.5409809727575],[89.8518190354145,26.5409637822041],[89.8551026774781,26.5409923960645],[89.862041169786,26.5410924710881],[89.8630535470905,26.5411119607994],[89.8625849509898,26.541825163096],[89.86347692145,26.5429731826881],[89.8648788990514,26.5437772115165],[89.8660228441849,26.545956238039],[89.8674248410792,26.5459572652904],[89.8690828125922,26.5469912995535],[89.8685687724143,26.5487102929495],[89.867865716138,26.5511162840233],[89.8679906648614,26.5532382906331],[89.8688805912475,26.556219313809],[89.8686215325546,26.5586843136293],[89.8695215046088,26.559764333258]]]},"properties":{"compartment":"S Bholka BL2A"},"id":"comptt.16"},
{"type":"Feature","geometry":{"type":"Polygon","coordinates":[[[89.5871982998917,26.5538578385422],[89.5871582825267,26.5545858390651],[89.5873092678148,26.5551838430618],[89.587308260117,26.5555048436152],[89.5875612396389,26.5563328500014],[89.587584230323,26.5567188511364],[89.5876772266183,26.5568638531997],[89.5884752071646,26.5575938699862],[89.5891051969961,26.5579538828531],[89.5898261813761,26.5585318978755],[89.590735132715,26.5604679189727],[89.5911171014557,26.5617319286441],[89.5914210562249,26.5635859378568],[89.5916660123089,26.5653909458374],[89.5893510117927,26.5656469013632],[89.5877150158688,26.5656428696036],[89.5845470197901,26.5658008083998],[89.58318702188,26.5658517820958],[89.5811820241284,26.5659617433789],[89.5798578894644,26.5658769664091],[89.5790514313657,26.5654600711366],[89.5777570081802,26.5653077657449],[89.574311558882,26.5652125187113],[89.5717988591383,26.5650411496455],[89.5701998771626,26.5648697983124],[89.5655171100051,26.5648125973416],[89.5611769856783,26.5646031227539],[89.5606059157103,26.5646602217738],[89.5606821541729,26.5605485059871],[89.5608655234845,26.5543047885099],[89.5609298671883,26.5503905728397],[89.56104409197,26.5497623939448],[89.5613106040956,26.5492293981713],[89.5618436187624,26.5485631573305],[89.5623575921063,26.547954026221],[89.562852534128,26.5474019948431],[89.5632070025791,26.5470132510295],[89.5632505203362,26.5471023620311],[89.563418517623,26.5471983654589],[89.5636515172439,26.5471903699632],[89.5670474180561,26.5509804425343],[89.568412369656,26.5528594723392],[89.5688543539933,26.5534674819903],[89.5698783206213,26.5547545041353],[89.570462315691,26.5549005157231],[89.5724003155816,26.5547075529759],[89.5739293158748,26.5545395823389],[89.5755243091012,26.5546596134939],[89.5767993045257,26.5547206383368],[89.5785203002067,26.5547256717327],[89.580814297204,26.5546177160444],[89.5829202919052,26.554624756914],[89.5854052939391,26.5542878045239],[89.5868742984969,26.5539488324187],[89.5871982998917,26.5538578385422]]]},"properties":{"compartment":"Cheko BL8"},"id":"comptt.17"},
{"type":"Feature","geometry":{"type":"Polygon","coordinates":[[[89.7582638088943,26.5574901663574],[89.7579947992531,26.5579171619413],[89.757483758239,26.559673155344],[89.7569137028445,26.5620331487445],[89.7566666831795,26.5628751455415],[89.7554085978736,26.5665451280524],[89.75577456817,26.5677461374415],[89.755979562292,26.567971141852],[89.754688572897,26.5676531161596],[89.7542995780198,26.5674771082662],[89.7508126224368,26.565962037634],[89.7489386335211,26.5656800006845],[89.7469066454283,26.56537896063],[89.7447656514141,26.5653349189442],[89.7423466592938,26.5652388717594],[89.7389916722453,26.5650218061609],[89.7389310026755,26.5641773333904],[89.738740724286,26.5612148941101],[89.7385623047091,26.5595492575047],[89.7385028314213,26.558859215049],[89.7381697356225,26.5578836267398],[89.7377295586407,26.5569675264632],[89.7374202510704,26.5560633187516],[89.7370514559218,26.5550639397056],[89.7367064552887,26.554290611548],[89.736568374383,26.5540191972062],[89.7374107853488,26.5538040243113],[89.7394951984274,26.5534756941774],[89.7422220596872,26.5531616565482],[89.7446062759133,26.5530903227221],[89.7464908015789,26.5530903593258],[89.750859487028,26.5528620137498],[89.7532437056715,26.5526907397366],[89.7551282361509,26.5524908959634],[89.7568557269928,26.5522910591398],[89.7583119574298,26.5521340371284],[89.7597719037839,26.5520634253032],[89.7597679319814,26.5522221855775],[89.7597549201954,26.5527141862589],[89.7592428974225,26.5537111782055],[89.7588908886932,26.554108172121],[89.7588338415546,26.5560761747483],[89.7586738236894,26.5568351730801],[89.7582638088943,26.5574901663574]]]},"properties":{"compartment":"SRD BL5"},"id":"comptt.18"},
{"type":"Feature","geometry":{"type":"Polygon","coordinates":[[[89.531071237979,26.5655194402519],[89.5300841780199,26.5656197912782],[89.5286755387759,26.56573398415],[89.5268100377004,26.5659718883748],[89.5252110468785,26.5661717377034],[89.5238690256481,26.5663620720005],[89.5224984533487,26.5665999858264],[89.5211849902238,26.5668664608099],[89.5202236864518,26.5671234226083],[89.518577091419,26.5675041113274],[89.5172541053538,26.5678943163404],[89.5159787091713,26.5682845222764],[89.5145986125661,26.5687032862302],[89.5135611680761,26.5689983166163],[89.5125617821218,26.5693504578395],[89.511562409822,26.5695503087984],[89.5099538906434,26.5696835278245],[89.5086785022325,26.5697501331977],[89.5080809537229,26.5697502716058],[89.5081941526633,26.5681153309694],[89.5065172089589,26.5659432946789],[89.5077332681839,26.56334731377],[89.5082213032982,26.5618323206108],[89.5079923662191,26.5592323116664],[89.5063103965345,26.5581432771635],[89.5055154273892,26.5569392596639],[89.5083194266155,26.5566793135856],[89.5110014197035,26.5566883656081],[89.514575413235,26.5565864347365],[89.5180213961144,26.5569425021804],[89.5205733895473,26.5569515516863],[89.5241503858814,26.5567336206758],[89.5272153862786,26.5563996795342],[89.5302813866814,26.556065738412],[89.5310843985742,26.5554867529736],[89.5315733519211,26.5573817657687],[89.531692300089,26.5595307718322],[89.5314892476822,26.5617367717497],[89.5312861910955,26.5641167719705],[89.531071237979,26.5655194402519]]]},"properties":{"compartment":"Damanpur BL9"},"id":"comptt.19"},
{"type":"Feature","geometry":{"type":"Polygon","coordinates":[[[89.5080809537229,26.5697502716058],[89.50284851622,26.5697750801438],[89.4982442820427,26.5695965305207],[89.4931403474256,26.569489361332],[89.4898122633346,26.5691749062365],[89.4899521848307,26.5686809781007],[89.4905432320597,26.5666499860699],[89.4910002615141,26.5653739927378],[89.4910022712461,26.564967992078],[89.4910072949037,26.5639809904767],[89.4906283390688,26.5621789800264],[89.4902483887948,26.5601449691586],[89.4900654421918,26.557936961812],[89.4903324888186,26.5559639635947],[89.4906625199663,26.5546299676975],[89.4908705342329,26.5540129706683],[89.4913525311047,26.5540929801504],[89.4955625063962,26.5546830627868],[89.4973495017717,26.5546890974433],[89.4996454820672,26.5552711429634],[89.5015564578399,26.5560821814166],[89.504744427591,26.5570112448383],[89.5055154273892,26.5569392596639],[89.5063103965345,26.5581432771635],[89.5079923662191,26.5592323116664],[89.5082213032982,26.5618323206108],[89.5077332681839,26.56334731377],[89.5065172089589,26.5659432946789],[89.5081941526633,26.5681153309694],[89.5080809537229,26.5697502716058]]]},"properties":{"compartment":"Poro BL9"},"id":"comptt.20"},
{"type":"Feature","geometry":{"type":"Polygon","coordinates":[[[89.4898122633346,26.5691749062365],[89.4887182195236,26.5690316247696],[89.4867956248198,26.5690125474461],[89.4823032156834,26.5690315003456],[89.4775062259634,26.5691075474386],[89.4755455604604,26.5691265494451],[89.4718336084781,26.5691835775527],[89.4685975421056,26.5693738751184],[89.4647523350043,26.569659331034],[89.4633056259354,26.5697735231724],[89.4627345532758,26.5699448323893],[89.4621063693918,26.5701732505957],[89.4616433875935,26.5702972318281],[89.4616762216305,26.5701254321725],[89.4618282402873,26.5693314337693],[89.4618352750911,26.5678794314347],[89.4613852999499,26.5668904210261],[89.4602933376354,26.5654343973758],[89.45965738248,26.5636313819789],[89.4595364329168,26.5615403760784],[89.459736467192,26.560089377489],[89.4604565000969,26.5586403889829],[89.461168510754,26.5581204019006],[89.4626585151957,26.5577774302005],[89.46356553231,26.5569674464036],[89.4635065491408,26.5562714440748],[89.4627955621598,26.5558034294962],[89.4616345666139,26.5557404068847],[89.4602125745114,26.5555613790172],[89.4595025888949,26.5550363643628],[89.459249617407,26.553873357482],[89.4592586646848,26.551899354301],[89.4589657057284,26.5502173457636],[89.4593287028187,26.5503003529394],[89.4625166862041,26.5506564153279],[89.4653256733126,26.5508974701781],[89.4687686505327,26.5514845379086],[89.4713206355966,26.5518385879757],[89.4748936207472,26.552081657645],[89.4764256112487,26.5523166877421],[89.4774466085767,26.5523207075394],[89.4814005817606,26.5530237853883],[89.4834425764255,26.5530318249855],[89.4871425585588,26.5533888973239],[89.4908705342329,26.5540129706683],[89.4906625199663,26.5546299676975],[89.4903324888186,26.5559639635947],[89.4900654421918,26.557936961812],[89.4902483887948,26.5601449691586],[89.4906283390688,26.5621789800264],[89.4910072949037,26.5639809904767],[89.4910022712461,26.564967992078],[89.4910002615141,26.5653739927378],[89.4905432320597,26.5666499860699],[89.4899521848307,26.5686809781007],[89.4898122633346,26.5691749062365]]]},"properties":{"compartment":"Poro BL10"},"id":"comptt.21"},
{"type":"Feature","geometry":{"type":"Polygon","coordinates":[[[89.4616433875935,26.5702972318281],[89.4609253965469,26.5704168781076],[89.459840355194,26.5705881873568],[89.4586601440841,26.5707594847602],[89.4571943927886,26.5709688466908],[89.4514646687423,26.5709116254805],[89.4448973736655,26.5709876482594],[89.4433304477089,26.5709858778724],[89.4432712608531,26.5704440758093],[89.4427773337396,26.567457061186],[89.4422804121363,26.5642400461181],[89.4419164984012,26.5606800330513],[89.4414256015092,26.5564300163597],[89.4413106623294,26.5539040098671],[89.4413136788297,26.5532150087622],[89.440941723814,26.5513769984512],[89.4443927449545,26.5501270632113],[89.4468227577818,26.549333108955],[89.4491237627019,26.54888315278],[89.4500207795825,26.5480831688062],[89.4505388222185,26.5462481757345],[89.4505448524537,26.544985173711],[89.4529708433152,26.5451092209247],[89.4565418256451,26.5454682907239],[89.4565948245285,26.5455092918204],[89.457559803731,26.5462753118196],[89.4592177856306,26.5468553449322],[89.4589567615712,26.5478873416288],[89.4586947319792,26.5491503386984],[89.4589657057284,26.5502173457636],[89.4592586646848,26.551899354301],[89.459249617407,26.553873357482],[89.4595025888949,26.5550363643628],[89.4602125745114,26.5555613790172],[89.4616345666139,26.5557404068847],[89.4627955621598,26.5558034294962],[89.4635065491408,26.5562714440748],[89.46356553231,26.5569674464036],[89.4626585151957,26.5577774302005],[89.461168510754,26.5581204019006],[89.4604565000969,26.5586403889829],[89.459736467192,26.560089377489],[89.4595364329168,26.5615403760784],[89.45965738248,26.5636313819789],[89.4602933376354,26.5654343973758],[89.4613852999499,26.5668904210261],[89.4618352750911,26.5678794314347],[89.4618282402873,26.5693314337693],[89.4616762216305,26.5701254321725],[89.4616433875935,26.5702972318281]]]},"properties":{"compartment":"Poro BL11"},"id":"comptt.22"},
{"type":"Feature","geometry":{"type":"Polygon","coordinates":[[[89.7748696572012,26.5709626247089],[89.7738597571226,26.571061615266],[89.7727604482563,26.5711187040052],[89.7711114827044,26.5710901218965],[89.7701977780505,26.5709544738766],[89.7691484454229,26.5707474430848],[89.7682847013427,26.5705832359824],[89.7674227470871,26.5704261789287],[89.7670420391011,26.570378581438],[89.7667184312136,26.570321465039],[89.7659284548496,26.5702453095389],[89.7646054829083,26.5700358934254],[89.763844059226,26.5698455182635],[89.7625496467639,26.5696551327424],[89.7616073818951,26.5695313841928],[89.7606365643472,26.5695218453055],[89.7600575138374,26.569598224196],[89.7598085152972,26.5695612192861],[89.7580985304412,26.5690941851645],[89.7570395318838,26.56913516466],[89.755979562292,26.567971141852],[89.75577456817,26.5677461374415],[89.7554085978736,26.5665451280524],[89.7566666831795,26.5628751455415],[89.7569137028445,26.5620331487445],[89.757483758239,26.559673155344],[89.7579947992531,26.5579171619413],[89.7582638088943,26.5574901663574],[89.7592740141437,26.5575916561765],[89.7608730077401,26.5577059074593],[89.7617296123509,26.5578486843732],[89.7624006173865,26.5579914676814],[89.7628289122915,26.5581627963284],[89.7636284084057,26.5582484720249],[89.7643136847816,26.5583341455022],[89.7652131227264,26.5583341629779],[89.7660268891525,26.558405568925],[89.7666407856926,26.558491241016],[89.7673117917598,26.5585911842438],[89.7685538651517,26.5587482586767],[89.7698244908809,26.5588053934743],[89.7705097786321,26.5588339568443],[89.7714473959663,26.5588559551049],[89.7715147409243,26.5590594268014],[89.7724676696958,26.5619334507985],[89.7748696572012,26.5709626247089]]]},"properties":{"compartment":"MARA BL3"},"id":"comptt.23"},
{"type":"Feature","geometry":{"type":"Polygon","coordinates":[[[89.7408545871544,26.5725138265205],[89.7406083160646,26.5726136618897],[89.7399658606838,26.5728991899417],[89.7393472009681,26.5729467580074],[89.7371343100828,26.5727801546854],[89.7316377745111,26.5727086677278],[89.7284730901261,26.5727799863593],[89.7282828206277,26.5694487364067],[89.7281163424946,26.5656415860234],[89.7281401721668,26.5644042641631],[89.7282353942473,26.5626434627068],[89.7283305914634,26.5615013224114],[89.7285417917774,26.5610515956697],[89.7286370917919,26.5610880146844],[89.7292457836857,26.5613206098509],[89.732568750918,26.5623646763682],[89.7353847185833,26.5634397330998],[89.7372516926001,26.564341771072],[89.7389916722453,26.5650218061609],[89.7398065987211,26.5659225936935],[89.7400683355384,26.5664460797663],[89.7403181560931,26.5672313061012],[89.7404727934357,26.5681593008561],[89.7406512221444,26.5694442167467],[89.7407463707573,26.5707410210414],[89.7408415150781,26.5722162956727],[89.7408545871544,26.5725138265205]]]},"properties":{"compartment":"SRD BL4"},"id":"comptt.24"},
{"type":"Feature","geometry":{"type":"Polygon","coordinates":[[[89.6320346865055,26.5765668797439],[89.6314302282488,26.5765546579818],[89.6307996797618,26.5765546457353],[89.6304308580748,26.5766617087661],[89.6301810141014,26.5768520642587],[89.6298478800425,26.5770543081551],[89.6292649208703,26.5770780968759],[89.6287652346425,26.576971006977],[89.6283488302152,26.5767806485447],[89.6277739489991,26.5764147888938],[89.6276944917899,26.5763642250821],[89.6271115337646,26.575924012963],[89.6265047903687,26.5752934400379],[89.6261359826858,26.5748175420139],[89.6257433827736,26.5744368237005],[89.6253269840603,26.5744249155926],[89.6247083258334,26.5744130035568],[89.623934995407,26.5745081687112],[89.6225787055263,26.5746390126092],[89.6220314259861,26.5746746920457],[89.621650712616,26.574853144975],[89.6214955517472,26.5749048620553],[89.6212581004177,26.5749840075871],[89.6208298003058,26.5750315893556],[89.6203063124234,26.5749958891253],[89.6198304249984,26.5749363897764],[89.6197114592855,26.5747698271653],[89.6196757782294,26.5744010158064],[89.6196638839731,26.5741630651457],[89.6195449219747,26.5738418322555],[89.6192712914914,26.573473016276],[89.6188905921231,26.5730684981531],[89.6185455700975,26.5727710509166],[89.6181291813864,26.5723427420582],[89.6176889918755,26.5719501228023],[89.6171774113936,26.5716050922464],[89.6167491169972,26.5714147235869],[89.6162732310012,26.5712957441322],[89.61578544332,26.5712481445753],[89.6148931469004,26.571188637143],[89.6145838190747,26.5711291510298],[89.6142388039068,26.5709625740307],[89.6139889696518,26.570748418794],[89.613762928196,26.5704152938049],[89.6135130873689,26.570058368311],[89.6133584343125,26.5697847248154],[89.6131918789993,26.5696062612601],[89.6129539292878,26.5696181566618],[89.6126326977777,26.5697133305966],[89.6123828560954,26.5698085059174],[89.6122162939267,26.5699155728765],[89.6114548574807,26.5702605787145],[89.610622037208,26.5707721534662],[89.6098011074783,26.5712599284053],[89.6087898236385,26.5719380499907],[89.6083139290751,26.5721759911788],[89.6081333473436,26.572266277835],[89.6077967947211,26.5719929208091],[89.6075683811015,26.5717502059379],[89.6071258134844,26.5712790664983],[89.6065404813544,26.5705937739024],[89.6061407504891,26.5698370947819],[89.6059694439289,26.5692945704813],[89.6058552410006,26.5685950070071],[89.605698218518,26.5678811626763],[89.6054269725408,26.5673243664103],[89.6051842851235,26.5668246708015],[89.6049273177404,26.5663249749157],[89.604713169225,26.5658681199382],[89.6041564014769,26.5649972175667],[89.6038137736144,26.5645260800702],[89.6035568055445,26.5640549442365],[89.6033426580561,26.5635552491828],[89.6031999069681,26.5631983257714],[89.60301431941,26.5626986312723],[89.6029715138409,26.5616849786219],[89.6028858838554,26.5604429047304],[89.6028287938644,26.5596148421361],[89.6029287452705,26.5591294332045],[89.6031286278047,26.5585869261095],[89.6035283912256,26.5579873027907],[89.6041249420754,26.5574749934473],[89.6045371668273,26.557652181765],[89.6059201506227,26.5581882095662],[89.6084011238241,26.5590552592726],[89.6085941178628,26.55928426343],[89.6098010997341,26.5599182879954],[89.6112680864501,26.560324317198],[89.6128590687406,26.560902349118],[89.6144520593077,26.5611353804568],[89.6161730523046,26.5612544140752],[89.6163510518517,26.561255417532],[89.6178950480374,26.5612594475081],[89.6189150551585,26.5608604665861],[89.6204910526147,26.5608084970824],[89.621979065477,26.5601235247269],[89.621849050645,26.5607545233438],[89.6222940371665,26.5612715329159],[89.6227360236948,26.56178854243],[89.6234380192233,26.5619045562663],[89.6243950182201,26.5618505747453],[89.6244890137217,26.5620285768919],[89.625217979061,26.5633995935235],[89.6256629655574,26.5639176030994],[89.625916955297,26.5643196087578],[89.6264869360191,26.5650656211738],[89.626619932795,26.5651866239748],[89.6274399130124,26.5659286412378],[89.6283329039304,26.5662176590985],[89.6290348953313,26.5665056732495],[89.6289658693256,26.5675956738847],[89.6294738570857,26.5680546845797],[89.6301098458831,26.5684576976588],[89.6308108303945,26.5690327123122],[89.6304248203222,26.5694907056475],[89.6306777949328,26.5705227124309],[89.6306767866499,26.5708677130368],[89.6304167570135,26.572127710272],[89.6296527520019,26.5724126959523],[89.6292007173241,26.5739016898726],[89.6301546943297,26.5747637099617],[89.6312366778977,26.5753397320193],[89.6316156618069,26.5759717405261],[89.6320346865055,26.5765668797439]]]},"properties":{"compartment":"Gadadhar BL4"},"id":"comptt.25"},
{"type":"Feature","geometry":{"type":"Polygon","coordinates":[[[89.6214955517472,26.5749048620553],[89.6213560347012,26.5756285306536],[89.6209848277626,26.5763709147861],[89.6205279489723,26.5771989574092],[89.6200139723766,26.5779413487681],[89.6192001699866,26.5789549847932],[89.6184577649699,26.579654531637],[89.6178438558173,26.5800971005122],[89.6171896283767,26.5804724584828],[89.61653397571,26.5798167745656],[89.6156631101042,26.5788887659782],[89.6148208054575,26.5779179278695],[89.6140070607411,26.5769470903165],[89.6131647519777,26.5761475725187],[89.6123081629055,26.5753623344702],[89.6118941514489,26.5750482358652],[89.6114944082436,26.5748055176658],[89.6109804490856,26.5744057569661],[89.6105949896173,26.5740059987619],[89.6103237415869,26.573534862647],[89.6098240693084,26.5732635924567],[89.6093243914869,26.5728067319326],[89.6087676103751,26.572492630557],[89.6084392445972,26.5723498539246],[89.6081333473436,26.572266277835],[89.6083139290751,26.5721759911788],[89.6087898236385,26.5719380499907],[89.6098011074783,26.5712599284053],[89.610622037208,26.5707721534662],[89.6114548574807,26.5702605787145],[89.6122162939267,26.5699155728765],[89.6123828560954,26.5698085059174],[89.6126326977777,26.5697133305966],[89.6129539292878,26.5696181566618],[89.6131918789993,26.5696062612601],[89.6133584343125,26.5697847248154],[89.6135130873689,26.570058368311],[89.613762928196,26.5704152938049],[89.6139889696518,26.570748418794],[89.6142388039068,26.5709625740307],[89.6145838190747,26.5711291510298],[89.6148931469004,26.571188637143],[89.61578544332,26.5712481445753],[89.6162732310012,26.5712957441322],[89.6167491169972,26.5714147235869],[89.6171774113936,26.5716050922464],[89.6176889918755,26.5719501228023],[89.6181291813864,26.5723427420582],[89.6185455700975,26.5727710509166],[89.6188905921231,26.5730684981531],[89.6192712914914,26.573473016276],[89.6195449219747,26.5738418322555],[89.6196638839731,26.5741630651457],[89.6196757782294,26.5744010158064],[89.6197114592855,26.5747698271653],[89.6198304249984,26.5749363897764],[89.6203063124234,26.5749958891253],[89.6208298003058,26.5750315893556],[89.6212581004177,26.5749840075871],[89.6214955517472,26.5749048620553]]]},"properties":{"compartment":"Gadadhar BL5"},"id":"comptt.26"},
{"type":"Feature","geometry":{"type":"Polygon","coordinates":[[[89.5798578894644,26.5658769664091],[89.5797290299051,26.5658687150142],[89.5808929926239,26.5673037401588],[89.5815779559809,26.5687607560478],[89.5833278903313,26.5713177945703],[89.5844858319998,26.5736298211697],[89.5855957852812,26.5754628459867],[89.5869547355986,26.577393875816],[89.5882286945972,26.5789719033685],[89.5890797160439,26.5804907726054],[89.587633371996,26.5803896043391],[89.5867624989189,26.5801897070717],[89.5855347097982,26.579861322645],[89.5840356527121,26.57947581285],[89.5828078618793,26.5792188085521],[89.5816086168633,26.5791331251142],[89.5805664176932,26.5792044950054],[89.5800524562055,26.5793186952294],[89.5798912960276,26.5793371110032],[89.5790114358912,26.5794376452282],[89.5771673532546,26.5797350499519],[89.5758698208731,26.5799783067284],[89.5758912129045,26.5782139524712],[89.5758150877753,26.5771860191666],[89.5756628332878,26.5761390543504],[89.5753963517655,26.575396647858],[89.5750537313426,26.5746161798201],[89.5746730337543,26.5737214908407],[89.5743304078456,26.5731694532092],[89.573911633494,26.5725603039985],[89.5734167284142,26.571989223378],[89.5730550584387,26.5716084956819],[89.5729408432879,26.571418133127],[89.5729027784074,26.5712087420165],[89.5728837566791,26.570866101039],[89.5729218334402,26.5705805612712],[89.5729408739032,26.5701427408636],[89.5729599239089,26.5697239604899],[89.5729408921799,26.5693813195123],[89.5728838032855,26.5689244575933],[89.5728267085028,26.5682962753701],[89.5725982964228,26.5675729196532],[89.5722937495539,26.5666401620872],[89.572122447333,26.5659167974791],[89.5717988591383,26.5650411496455],[89.574311558882,26.5652125187113],[89.5777570081802,26.5653077657449],[89.5790514313657,26.5654600711366],[89.5798578894644,26.5658769664091]]]},"properties":{"compartment":"Cheko BL7"},"id":"comptt.27"},
{"type":"Feature","geometry":{"type":"Polygon","coordinates":[[[89.6018213576207,26.5749572995205],[89.6013301516978,26.5752691611351],[89.6003188681491,26.5759353926939],[89.5998667618165,26.5762447144699],[89.5994979424248,26.5766730080761],[89.5991647995174,26.5772440726309],[89.5984985337032,26.5779698009939],[89.5977965799762,26.5786122385141],[89.5966425279185,26.5792308772121],[89.595762121198,26.5795996807758],[89.594857927108,26.5798614036858],[89.593870443221,26.5801231249781],[89.5930019410461,26.5803015684319],[89.5923713817224,26.5803372462509],[89.5914671933502,26.5803610287351],[89.5902298755041,26.5803966947717],[89.5894446562724,26.5804442696089],[89.5890797160439,26.5804907726054],[89.5882286945972,26.5789719033685],[89.5869547355986,26.577393875816],[89.5855957852812,26.5754628459867],[89.5844858319998,26.5736298211697],[89.5833278903313,26.5713177945703],[89.5815779559809,26.5687607560478],[89.5808929926239,26.5673037401588],[89.5797290299051,26.5658687150142],[89.5798578894644,26.5658769664091],[89.5811820241284,26.5659617433789],[89.58318702188,26.5658517820958],[89.5845470197901,26.5658008083998],[89.5877150158688,26.5656428696036],[89.5893510117927,26.5656469013632],[89.5916660123089,26.5653909458374],[89.5914210562249,26.5635859378568],[89.5911171014557,26.5617319286441],[89.590735132715,26.5604679189727],[89.5898261813761,26.5585318978755],[89.5891051969961,26.5579538828531],[89.5884752071646,26.5575938699862],[89.5876772266183,26.5568638531997],[89.587584230323,26.5567188511364],[89.5875612396389,26.5563328500014],[89.587308260117,26.5555048436152],[89.5873092678148,26.5551838430618],[89.5871582825267,26.5545858390651],[89.5871982998917,26.5538578385422],[89.5889163071566,26.5533808710211],[89.5905113128039,26.5529839012559],[89.5921673072718,26.553046933496],[89.5937623142906,26.5525929636285],[89.5949092976923,26.553168986912],[89.596372274787,26.5539760167411],[89.5977072563426,26.5546100437786],[89.5987892371443,26.5553010660107],[89.599870216557,26.5560500883284],[89.6015901999172,26.5565701226362],[89.6028631857522,26.5570321481674],[89.6034991800388,26.5572061608214],[89.6037321770759,26.5573061655223],[89.6041249420754,26.5574749934473],[89.6035283912256,26.5579873027907],[89.6031286278047,26.5585869261095],[89.6029287452705,26.5591294332045],[89.6028287938644,26.5596148421361],[89.6028858838554,26.5604429047304],[89.6029715138409,26.5616849786219],[89.60301431941,26.5626986312723],[89.6031999069681,26.5631983257714],[89.6033426580561,26.5635552491828],[89.6035568055445,26.5640549442365],[89.6038137736144,26.5645260800702],[89.6041564014769,26.5649972175667],[89.604713169225,26.5658681199382],[89.6049273177404,26.5663249749157],[89.6051842851235,26.5668246708015],[89.6054269725408,26.5673243664103],[89.605698218518,26.5678811626763],[89.6058552410006,26.5685950070071],[89.6059694439289,26.5692945704813],[89.6061407504891,26.5698370947819],[89.6065404813544,26.5705937739024],[89.6071258134844,26.5712790664983],[89.6075683811015,26.5717502059379],[89.6077967947211,26.5719929208091],[89.6081333473436,26.572266277835],[89.6078380345117,26.5724139323668],[89.607124191953,26.5725923688276],[89.6063984585658,26.5728065151218],[89.6058273745193,26.5730325544398],[89.6052800989871,26.5733180743268],[89.6045900458006,26.5735203112919],[89.6036977479614,26.5739367047146],[89.6027816404662,26.5743411976531],[89.6020796913099,26.5747932848349],[89.6018213576207,26.5749572995205]]]},"properties":{"compartment":"Gadadhar BL2"},"id":"comptt.28"},
{"type":"Feature","geometry":{"type":"Polygon","coordinates":[[[89.8670381474732,26.5789942828367],[89.8660292505337,26.579374983955],[89.8642208539843,26.5798127696284],[89.8633642390021,26.5800982835219],[89.8625076298967,26.580555127752],[89.8612512593842,26.58110713439],[89.8603185027393,26.5814687969505],[89.8597859946395,26.5818541873457],[89.85978802128,26.5807471852106],[89.8597900603857,26.5791221820582],[89.8597271108459,26.577031176726],[89.85927816634,26.574766163543],[89.8588922160827,26.5727341520442],[89.8582482398796,26.5718041376911],[89.8571502618884,26.5709901147356],[89.8554692712344,26.5707560815793],[89.85391828169,26.5704640508388],[89.8528852937907,26.570056029947],[89.8520463249935,26.5688360112386],[89.851141349366,26.5679059918159],[89.8505603660455,26.5672659792633],[89.8501733710876,26.5670919713964],[89.849461376874,26.5669169572071],[89.8490093722963,26.5671489488708],[89.8479093719692,26.5672639277036],[89.8458593750977,26.5673228879518],[89.8459143766832,26.5672518888827],[89.8477334083127,26.5657689213564],[89.8484414052039,26.5658329352499],[89.8497214039543,26.5657669600124],[89.8510794139564,26.5652259853619],[89.8540174448479,26.5636710394484],[89.8562054660047,26.562590079876],[89.8577114821787,26.5617791075695],[89.8587694944859,26.561170126947],[89.8596724924691,26.5611711445078],[89.8613284904031,26.5611051765796],[89.8632894941834,26.5607682140496],[89.8659264980898,26.5603642645326],[89.8675084978305,26.5602302950318],[89.8695215046088,26.559764333258],[89.8703404791242,26.5607493511256],[89.8694444287431,26.5629263379915],[89.8692523933318,26.5644163371933],[89.8693123435575,26.5664803424271],[89.8685982656754,26.5697833350461],[89.8685422597844,26.5700333344492],[89.8687552419702,26.5707543400129],[89.8693212161126,26.5717773530388],[89.8692572010958,26.572407353035],[89.8695101922623,26.5727513586347],[89.8691281779204,26.5733823524464],[89.8689221762083,26.573472348616],[89.8708321085025,26.5761113909766],[89.8718552591121,26.5772391431081],[89.8702361683772,26.5778331627757],[89.8685039075303,26.5784422802701],[89.8670381474732,26.5789942828367]]]},"properties":{"compartment":"N Bholka BL4"},"id":"comptt.29"},
{"type":"Feature","geometry":{"type":"Polygon","coordinates":[[[89.5661672372076,26.5811077784913],[89.5655805678375,26.5811422774806],[89.5640006012599,26.5811612768386],[89.5623825715775,26.5813135356934],[89.5605361129162,26.5814467500798],[89.5587277250786,26.5815418951383],[89.5574713672562,26.5815799408137],[89.556881263223,26.5818083597601],[89.5561578995186,26.5820367661191],[89.5550157618746,26.5820557839785],[89.5536071271744,26.5819796164964],[89.5526934135411,26.5818082784556],[89.5518748869309,26.5817511524641],[89.5509992536621,26.5815607751295],[89.5499903702653,26.581389435242],[89.5492597352929,26.5812551508217],[89.54922377906,26.5794361469234],[89.5491168153634,26.5779351422063],[89.5494749309826,26.5730821406184],[89.5497019976032,26.5702831400996],[89.5494810544003,26.5679391316873],[89.5491751200619,26.5652341209914],[89.5491871300855,26.5648151204871],[89.5491675237785,26.5646632098394],[89.5549903997998,26.5646482127921],[89.5579789929069,26.5646292307471],[89.5606059157103,26.5646602217738],[89.5611769856783,26.5646031227539],[89.5655171100051,26.5648125973416],[89.5701998771626,26.5648697983124],[89.5717988591383,26.5650411496455],[89.572122447333,26.5659167974791],[89.5722937495539,26.5666401620872],[89.5725982964228,26.5675729196532],[89.5728267085028,26.5682962753701],[89.5728838032855,26.5689244575933],[89.5729408921799,26.5693813195123],[89.5729599239089,26.5697239604899],[89.5729408739032,26.5701427408636],[89.5729218334402,26.5705805612712],[89.5728837566791,26.570866101039],[89.5729027784074,26.5712087420165],[89.5729408432879,26.571418133127],[89.5730550584387,26.5716084956819],[89.5734167284142,26.571989223378],[89.573911633494,26.5725603039985],[89.5743304078456,26.5731694532092],[89.5746730337543,26.5737214908407],[89.5750537313426,26.5746161798201],[89.5753963517655,26.575396647858],[89.5756628332878,26.5761390543504],[89.5758150877753,26.5771860191666],[89.5758912129045,26.5782139524712],[89.5758698208731,26.5799783067284],[89.5743119973812,26.5802703654628],[89.5724524460758,26.5805142297904],[89.5707392370723,26.580647446763],[89.569749376298,26.5807806777803],[89.5687404855711,26.580913908428],[89.5671985961527,26.5810471287271],[89.5661672372076,26.5811077784913]]]},"properties":{"compartment":"Cheko BL6"},"id":"comptt.30"},
{"type":"Feature","geometry":{"type":"Polygon","coordinates":[[[89.5273107311308,26.5836927290104],[89.5271547305583,26.583732726052],[89.5277167416951,26.5832107360506],[89.528429757979,26.5824587485785],[89.5284327774923,26.581645747218],[89.5283108266054,26.5796127413022],[89.5284508806315,26.5773477400665],[89.5288509409419,26.5747937433715],[89.5289849782181,26.5732267432365],[89.5291830028055,26.5721817452543],[89.529511025653,26.5711957498974],[89.5301620476737,26.570210760809],[89.5303590666693,26.5693987632132],[89.5306921187735,26.5671927658208],[89.5310211499864,26.5658577698714],[89.5310391530366,26.5657287699952],[89.531071237979,26.5655194402519],[89.5330107981923,26.5653101075137],[89.5357329069279,26.5650817299241],[89.5394258246379,26.5647962710692],[89.5435755975776,26.5646631013458],[89.5463548007162,26.5646631552669],[89.5491675237785,26.5646632098394],[89.5491871300855,26.5648151204871],[89.5491751200619,26.5652341209914],[89.5494810544003,26.5679391316873],[89.5497019976032,26.5702831400996],[89.5494749309826,26.5730821406184],[89.5491168153634,26.5779351422063],[89.54922377906,26.5794361469234],[89.5492597352929,26.5812551508217],[89.5456960846982,26.5812299315965],[89.5434118076029,26.5813440974535],[89.5415082391126,26.5814773107347],[89.5396998490183,26.5816676359637],[89.5383102492606,26.5818008592223],[89.5372252082928,26.5819531184263],[89.5360830665531,26.5821434565885],[89.5338749251736,26.5824289542243],[89.531381251765,26.5828286565168],[89.5292111780146,26.5832093250573],[89.5280690358258,26.583418693252],[89.5273107311308,26.5836927290104]]]},"properties":{"compartment":"Damanpur BL7"},"id":"comptt.31"},
{"type":"Feature","geometry":{"type":"Polygon","coordinates":[[[89.7285212405091,26.5839896383435],[89.7280178225282,26.5843700392706],[89.7275776688424,26.5841499503004],[89.7269590148559,26.5839595879159],[89.7259120601477,26.5838405873389],[89.7242702379664,26.5836739951086],[89.7228901511734,26.5836739682793],[89.7217242221675,26.5837453257472],[89.7205820748239,26.5837453035438],[89.7190116436279,26.5835311226142],[89.7173698208836,26.5833883204311],[89.7161087166821,26.5832693256939],[89.7138958201233,26.5833406728113],[89.7126242622108,26.5833771681621],[89.7125203225536,26.5821253238045],[89.7130363599393,26.5805203308378],[89.7121443786324,26.5798293122106],[89.7112544110955,26.5785652925542],[89.7122774252241,26.577878311154],[89.7136834467054,26.576848336556],[89.714963468481,26.5758183595076],[89.7159874936414,26.5746723772661],[89.7162445233748,26.5734103799014],[89.7167695479165,26.5723383880992],[89.7162926034813,26.5700723745945],[89.7161666175434,26.5694993710753],[89.715660657334,26.5678923582405],[89.7143886851383,26.5668583315957],[89.7140147521222,26.5641063191893],[89.7149097968315,26.5621583329357],[89.7145328362588,26.5605533226141],[89.7149248854929,26.5584653263266],[89.7161168813995,26.5585203495809],[89.7169568766125,26.5586383661167],[89.7174728670075,26.5589883767934],[89.7186988557286,26.5593394012629],[89.7210268362714,26.5599244475767],[89.7239988208726,26.5602785059696],[89.726971802668,26.5607495646043],[89.7285417917774,26.5610515956697],[89.7283305914634,26.5615013224114],[89.7282353942473,26.5626434627068],[89.7281401721668,26.5644042641631],[89.7281163424946,26.5656415860234],[89.7282828206277,26.5694487364067],[89.7284730901261,26.5727799863593],[89.7285444324897,26.5747549414543],[89.728687112648,26.5780624104382],[89.7286157042093,26.5792521412843],[89.7288060380227,26.5803228969947],[89.7291153495687,26.5810605443928],[89.7291629217212,26.5817981767029],[89.7290439219704,26.5826309859536],[89.7289487318914,26.5830592849074],[89.7287107832876,26.5834400009964],[89.7285212405091,26.5839896383435]]]},"properties":{"compartment":"Dhawla BL2"},"id":"comptt.32"},
{"type":"Feature","geometry":{"type":"Polygon","coordinates":[[[89.8597859946395,26.5818541873457],[89.8591389905817,26.5820821752034],[89.855582962198,26.5835881089617],[89.8533829419639,26.5846310681953],[89.8515699320449,26.5852100340488],[89.8486599232155,26.5858449786635],[89.845558910605,26.5866549199023],[89.8375181648346,26.5768347442889],[89.8361221944824,26.5757317149847],[89.8375081970238,26.5754977414883],[89.8394312078263,26.5748707776707],[89.8415352503688,26.572907814765],[89.8432873031709,26.5705508442387],[89.8458593750977,26.5673228879518],[89.8479093719692,26.5672639277036],[89.8490093722963,26.5671489488708],[89.849461376874,26.5669169572071],[89.8501733710876,26.5670919713964],[89.8505603660455,26.5672659792633],[89.851141349366,26.5679059918159],[89.8520463249935,26.5688360112386],[89.8528852937907,26.570056029947],[89.85391828169,26.5704640508388],[89.8554692712344,26.5707560815793],[89.8571502618884,26.5709901147356],[89.8582482398796,26.5718041376911],[89.8588922160827,26.5727341520442],[89.85927816634,26.574766163543],[89.8597271108459,26.577031176726],[89.8597900603857,26.5791221820582],[89.85978802128,26.5807471852106],[89.8597859946395,26.5818541873457]]]},"properties":{"compartment":"N Bholka BL5"},"id":"comptt.33"},
{"type":"Feature","geometry":{"type":"Polygon","coordinates":[[[89.6272233712945,26.588500677909],[89.626891371468,26.5885266715055],[89.6246873732615,26.5886726289477],[89.6236873713664,26.5888516098422],[89.6234493209072,26.5888945552948],[89.6223158754432,26.5871551501291],[89.6216448876466,26.5862985355454],[89.6211023898827,26.5854276434328],[89.6206455488241,26.5846852332169],[89.6199460059481,26.5840427684674],[89.6194320646829,26.5833146371691],[89.6186325892509,26.5823723599386],[89.6178616768364,26.581301583032],[89.6172763460841,26.5805591803236],[89.6171896283767,26.5804724584828],[89.6178438558173,26.5800971005122],[89.6184577649699,26.579654531637],[89.6192001699866,26.5789549847932],[89.6200139723766,26.5779413487681],[89.6205279489723,26.5771989574092],[89.6209848277626,26.5763709147861],[89.6213560347012,26.5756285306536],[89.6214955517472,26.5749048620553],[89.621650712616,26.574853144975],[89.6220314259861,26.5746746920457],[89.6225787055263,26.5746390126092],[89.623934995407,26.5745081687112],[89.6247083258334,26.5744130035568],[89.6253269840603,26.5744249155926],[89.6257433827736,26.5744368237005],[89.6261359826858,26.5748175420139],[89.6265047903687,26.5752934400379],[89.6271115337646,26.575924012963],[89.6276944917899,26.5763642250821],[89.6277739489991,26.5764147888938],[89.6277948228111,26.5767279676894],[89.6279661334825,26.577099171689],[89.6282516538797,26.5774703679068],[89.6284657927331,26.5779129528677],[89.628751313183,26.578698179836],[89.6289654438035,26.5794834154179],[89.6291081939088,26.5802971896652],[89.6291795589872,26.5809110921639],[89.6291224079582,26.5826243141583],[89.6290224631034,26.583252483355],[89.6287797372185,26.5839377698814],[89.6284656287599,26.5847372652278],[89.6280373140064,26.5853939880963],[89.627651824346,26.5862505821586],[89.627394819915,26.5872927890528],[89.6272233712945,26.588500677909]]]},"properties":{"compartment":"Gadadhar BL5"},"id":"comptt.34"},
{"type":"Feature","geometry":{"type":"Polygon","coordinates":[[[89.6489503276083,26.5881530994505],[89.6455933224512,26.5887010352157],[89.6421493277529,26.5888229685142],[89.6374773331219,26.5890648781702],[89.6330483528299,26.588686791425],[89.629110369883,26.5883707143369],[89.6286643706425,26.588383705695],[89.6272233712945,26.588500677909],[89.627394819915,26.5872927890528],[89.627651824346,26.5862505821586],[89.6280373140064,26.5853939880963],[89.6284656287599,26.5847372652278],[89.6287797372185,26.5839377698814],[89.6290224631034,26.583252483355],[89.6291224079582,26.5826243141583],[89.6291795589872,26.5809110921639],[89.6291081939088,26.5802971896652],[89.6289654438035,26.5794834154179],[89.628751313183,26.578698179836],[89.6284657927331,26.5779129528677],[89.6282516538797,26.5774703679068],[89.6279661334825,26.577099171689],[89.6277948228111,26.5767279676894],[89.6277739489991,26.5764147888938],[89.6283488302152,26.5767806485447],[89.6287652346425,26.576971006977],[89.6292649208703,26.5770780968759],[89.6298478800425,26.5770543081551],[89.6301810141014,26.5768520642587],[89.6304308580748,26.5766617087661],[89.6307996797618,26.5765546457353],[89.6314302282488,26.5765546579818],[89.6320346865055,26.5765668797439],[89.6325056293076,26.5772357601042],[89.6326936285924,26.5772467637757],[89.6334616242044,26.5773527788847],[89.6344796148211,26.577641799182],[89.6348605973789,26.5783298078312],[89.6355585791045,26.5790208226438],[89.6360065821395,26.5788498310354],[89.6365795669757,26.5794238432082],[89.6377255558936,26.5797708660998],[89.6385535524696,26.5798308822929],[89.639319554721,26.5796608968635],[89.6404035548185,26.5795489177169],[89.6411025407239,26.580065932236],[89.6407815263294,26.5806969271483],[89.6410355078197,26.5814419334381],[89.6415414817854,26.5824749451479],[89.6421144693603,26.5829349571172],[89.642880464717,26.5830519722119],[89.6440264550322,26.583340995003],[89.645107427574,26.5843760178911],[89.6452944009527,26.5854650235088],[89.646950370701,26.5865590576798],[89.6484753352809,26.587881089724],[89.6489503276083,26.5881530994505]]]},"properties":{"compartment":"Gadadhar BL6"},"id":"comptt.35"},
{"type":"Feature","geometry":{"type":"Polygon","coordinates":[[[89.7748696572012,26.5709626247089],[89.7748914451828,26.5710445152887],[89.7753324041229,26.5727105270406],[89.7831163747722,26.5731946792964],[89.7912223579185,26.5731308367753],[89.7908343323693,26.5742298313397],[89.7906432963916,26.5757438305303],[89.7902272516371,26.5776438260855],[89.7897161999017,26.5798428203655],[89.7894011732408,26.5809808164216],[89.789433141172,26.582310819594],[89.7889170851053,26.584689814119],[89.7887280468667,26.5862968135234],[89.7891149848162,26.5888388259243],[89.7890968091332,26.5890766760268],[89.7885671808899,26.5890536356796],[89.7880675051742,26.5889227557084],[89.7874607445692,26.5885896232667],[89.7869967636401,26.5882564836026],[89.786461399458,26.587649712026],[89.7861758855666,26.5870072552414],[89.785783282777,26.5863290963057],[89.785271721116,26.5856152449882],[89.784962405846,26.5850322678556],[89.7846887784905,26.5845325815768],[89.7841177261046,26.5838544191718],[89.7834633913316,26.5832833353526],[89.7828923317894,26.5829026135177],[89.7821190101314,26.5826289579544],[89.7814884647144,26.5824980754412],[89.7812743143431,26.5825337613446],[89.7795196104123,26.5824474770546],[89.7783679523484,26.5824760047122],[89.7770830434445,26.5825521198694],[89.7766928161656,26.5824759721352],[89.7763311401954,26.5823427148473],[89.7759218882261,26.5820476563253],[89.7757600847769,26.5817906626882],[89.7756268440097,26.5814194693886],[89.7754079466429,26.580915014169],[89.7751700211507,26.5803344184342],[89.7750843705031,26.5799537060421],[89.7748464386729,26.579220830017],[89.7745228458929,26.5785355324172],[89.7741706985993,26.5780405946256],[89.7737424146834,26.5774124150999],[89.7731808801558,26.5768222930563],[89.772590787524,26.5761560303127],[89.7719150398233,26.5757086763217],[89.7713439734856,26.5751947042393],[89.7710489317116,26.5748806079047],[89.7706111200346,26.5745760288126],[89.7701637860908,26.5743666297171],[89.7694594750226,26.5740620354444],[89.7691549107528,26.5738526391247],[89.7688313083573,26.57356710229],[89.7686124059515,26.5732720374726],[89.7684030269563,26.5728342125686],[89.7677748724183,26.571834828455],[89.7676416330196,26.5714065250497],[89.7675179131412,26.5709972518657],[89.7674227470871,26.5704261789287],[89.7682847013427,26.5705832359824],[89.7691484454229,26.5707474430848],[89.7701977780505,26.5709544738766],[89.7711114827044,26.5710901218965],[89.7727604482563,26.5711187040052],[89.7738597571226,26.571061615266],[89.7748696572012,26.5709626247089]]]},"properties":{"compartment":"MARA BL2A"},"id":"comptt.36"},
{"type":"Feature","geometry":{"type":"Polygon","coordinates":[[[89.6234493209072,26.5888945552948],[89.6231053702441,26.5889565987243],[89.6215083726971,26.5890145678011],[89.620454374396,26.5890495473863],[89.618162377952,26.5891315030039],[89.6164843769298,26.5893424707837],[89.6102043923455,26.5893323487585],[89.6098989020069,26.5893771829043],[89.6093236951487,26.58888828085],[89.6088478063651,26.5884694908518],[89.6084861427302,26.588241053415],[89.6082386792763,26.5879935881627],[89.607991225365,26.5877651529449],[89.6077247301273,26.5875938274599],[89.6072488440243,26.58747959801],[89.6068110259994,26.5874415194366],[89.606411277425,26.5874224716371],[89.6059924911839,26.5873082532967],[89.6056308138897,26.5872321061341],[89.6051929986101,26.5870798073559],[89.6050597516775,26.5869655945623],[89.6049265074896,26.5867371615638],[89.6047932655889,26.5864135483944],[89.6047552025423,26.5861280171422],[89.6047171413255,26.5857663357534],[89.6047171481867,26.5854807952407],[89.6047171527605,26.5852904448989],[89.6048884787489,26.5850239477481],[89.6051169104826,26.5849287720142],[89.605250163819,26.5847764843289],[89.6052692092613,26.5845480642886],[89.6051740345232,26.5843386620638],[89.6050217480938,26.5842054088665],[89.604736223359,26.5840150529788],[89.6044697272062,26.5838817975633],[89.6043364816454,26.5837104746677],[89.6041841997895,26.5833868611289],[89.6041651794399,26.5829871100416],[89.6041080787249,26.582606398249],[89.6040890465457,26.5822827872983],[89.6040319544586,26.5819591756085],[89.6039558128746,26.5816165335144],[89.6037845033506,26.5811977394355],[89.6037749927481,26.5808075085501],[89.6037559696534,26.5805219776681],[89.6037369367875,26.5802269167688],[89.6036798442422,26.5799223451132],[89.6036132205766,26.579665363358],[89.603537088763,26.5793322412815],[89.6034609474065,26.5789800791706],[89.603318195983,26.5786374257834],[89.6031373651083,26.5782757516225],[89.6029470142569,26.5779140672769],[89.6027471518279,26.5776190128663],[89.602518730154,26.57729539785],[89.6021475383688,26.5769908200955],[89.6019857421899,26.5768480466976],[89.6018715254384,26.5767243142577],[89.6018049122291,26.576448292469],[89.6018144388351,26.5761722721588],[89.6018144436353,26.5759724018002],[89.6018144527787,26.5755916811174],[89.6018213576207,26.5749572995205],[89.6020796913099,26.5747932848349],[89.6027816404662,26.5743411976531],[89.6036977479614,26.5739367047146],[89.6045900458006,26.5735203112919],[89.6052800989871,26.5733180743268],[89.6058273745193,26.5730325544398],[89.6063984585658,26.5728065151218],[89.607124191953,26.5725923688276],[89.6078380345117,26.5724139323668],[89.6081333473436,26.572266277835],[89.6084392445972,26.5723498539246],[89.6087676103751,26.572492630557],[89.6093243914869,26.5728067319326],[89.6098240693084,26.5732635924567],[89.6103237415869,26.573534862647],[89.6105949896173,26.5740059987619],[89.6109804490856,26.5744057569661],[89.6114944082436,26.5748055176658],[89.6118941514489,26.5750482358652],[89.6123081629055,26.5753623344702],[89.6131647519777,26.5761475725187],[89.6140070607411,26.5769470903165],[89.6148208054575,26.5779179278695],[89.6156631101042,26.5788887659782],[89.61653397571,26.5798167745656],[89.6171896283767,26.5804724584828],[89.6172763460841,26.5805591803236],[89.6178616768364,26.581301583032],[89.6186325892509,26.5823723599386],[89.6194320646829,26.5833146371691],[89.6199460059481,26.5840427684674],[89.6206455488241,26.5846852332169],[89.6211023898827,26.5854276434328],[89.6216448876466,26.5862985355454],[89.6223158754432,26.5871551501291],[89.6234493209072,26.5888945552948]]]},"properties":{"compartment":"Gadadhar BL3"},"id":"comptt.37"},
{"type":"Feature","geometry":{"type":"Polygon","coordinates":[[[89.5271547305583,26.583732726052],[89.5265301701263,26.5838154040725],[89.5253737468328,26.5840723620727],[89.5245171479365,26.5841151755195],[89.5229466912195,26.5845577258057],[89.5216332252355,26.5849431709807],[89.5203054816883,26.585228685704],[89.5189349051642,26.5856426798192],[89.5167077249511,26.5862993677276],[89.514823176286,26.5868561321124],[89.5135810908181,26.5872130286209],[89.5119107026512,26.5877269570872],[89.5103259753009,26.5881980571414],[89.5079845729897,26.588954683001],[89.5069138077854,26.5892830327836],[89.5062428026092,26.5895685502521],[89.5057145615328,26.5896684801706],[89.5035016667374,26.5896827172381],[89.5020136492318,26.5897342484419],[89.5020112085346,26.5897161385168],[89.5016077225549,26.5867232353597],[89.5025847928539,26.5836932490872],[89.5057238211422,26.5821873074037],[89.5074198687477,26.5800273365792],[89.5088779325713,26.5772163600042],[89.5086479955689,26.5746153510358],[89.5079370649677,26.5717973323604],[89.5080581058613,26.5700803317344],[89.5080809537229,26.5697502716058],[89.5086785022325,26.5697501331977],[89.5099538906434,26.5696835278245],[89.511562409822,26.5695503087984],[89.5125617821218,26.5693504578395],[89.5135611680761,26.5689983166163],[89.5145986125661,26.5687032862302],[89.5159787091713,26.5682845222764],[89.5172541053538,26.5678943163404],[89.518577091419,26.5675041113274],[89.5202236864518,26.5671234226083],[89.5211849902238,26.5668664608099],[89.5224984533487,26.5665999858264],[89.5238690256481,26.5663620720005],[89.5252110468785,26.5661717377034],[89.5268100377004,26.5659718883748],[89.5286755387759,26.56573398415],[89.5300841780199,26.5656197912782],[89.531071237979,26.5655194402519],[89.5310391530366,26.5657287699952],[89.5310211499864,26.5658577698714],[89.5306921187735,26.5671927658208],[89.5303590666693,26.5693987632132],[89.5301620476737,26.570210760809],[89.529511025653,26.5711957498974],[89.5291830028055,26.5721817452543],[89.5289849782181,26.5732267432365],[89.5288509409419,26.5747937433715],[89.5284508806315,26.5773477400665],[89.5283108266054,26.5796127413022],[89.5284327774923,26.581645747218],[89.528429757979,26.5824587485785],[89.5277167416951,26.5832107360506],[89.5271547305583,26.583732726052]]]},"properties":{"compartment":"Damanpur BL6"},"id":"comptt.38"},
{"type":"Feature","geometry":{"type":"Polygon","coordinates":[[[89.6098989020069,26.5893771829043],[89.6095843916584,26.5894233368773],[89.6068663886003,26.5898242847946],[89.6043013926763,26.589913235124],[89.6014773971218,26.5900131804422],[89.5994503967545,26.590233141459],[89.5953803985931,26.5905680629939],[89.5951843989255,26.5905740591971],[89.5937644012499,26.5906210316964],[89.5916294010148,26.5908469906262],[89.5905244018793,26.5909229692967],[89.5903864019751,26.5909329666338],[89.5896054488408,26.5890619481219],[89.5894284774828,26.5878879425879],[89.5893165147105,26.5863499376668],[89.5889075678904,26.584177925846],[89.5891076311352,26.5815249249941],[89.5891776443443,26.580967925359],[89.5892086502018,26.5807209255201],[89.5891666521056,26.5806459245706],[89.5890797160439,26.5804907726054],[89.5894446562724,26.5804442696089],[89.5902298755041,26.5803966947717],[89.5914671933502,26.5803610287351],[89.5923713817224,26.5803372462509],[89.5930019410461,26.5803015684319],[89.593870443221,26.5801231249781],[89.594857927108,26.5798614036858],[89.595762121198,26.5795996807758],[89.5966425279185,26.5792308772121],[89.5977965799762,26.5786122385141],[89.5984985337032,26.5779698009939],[89.5991647995174,26.5772440726309],[89.5994979424248,26.5766730080761],[89.5998667618165,26.5762447144699],[89.6003188681491,26.5759353926939],[89.6013301516978,26.5752691611351],[89.6018213576207,26.5749572995205],[89.6018144527787,26.5755916811174],[89.6018144436353,26.5759724018002],[89.6018144388351,26.5761722721588],[89.6018049122291,26.576448292469],[89.6018715254384,26.5767243142577],[89.6019857421899,26.5768480466976],[89.6021475383688,26.5769908200955],[89.602518730154,26.57729539785],[89.6027471518279,26.5776190128663],[89.6029470142569,26.5779140672769],[89.6031373651083,26.5782757516225],[89.603318195983,26.5786374257834],[89.6034609474065,26.5789800791706],[89.603537088763,26.5793322412815],[89.6036132205766,26.579665363358],[89.6036798442422,26.5799223451132],[89.6037369367875,26.5802269167688],[89.6037559696534,26.5805219776681],[89.6037749927481,26.5808075085501],[89.6037845033506,26.5811977394355],[89.6039558128746,26.5816165335144],[89.6040319544586,26.5819591756085],[89.6040890465457,26.5822827872983],[89.6041080787249,26.582606398249],[89.6041651794399,26.5829871100416],[89.6041841997895,26.5833868611289],[89.6043364816454,26.5837104746677],[89.6044697272062,26.5838817975633],[89.604736223359,26.5840150529788],[89.6050217480938,26.5842054088665],[89.6051740345232,26.5843386620638],[89.6052692092613,26.5845480642886],[89.605250163819,26.5847764843289],[89.6051169104826,26.5849287720142],[89.6048884787489,26.5850239477481],[89.6047171527605,26.5852904448989],[89.6047171481867,26.5854807952407],[89.6047171413255,26.5857663357534],[89.6047552025423,26.5861280171422],[89.6047932655889,26.5864135483944],[89.6049265074896,26.5867371615638],[89.6050597516775,26.5869655945623],[89.6051929986101,26.5870798073559],[89.6056308138897,26.5872321061341],[89.6059924911839,26.5873082532967],[89.606411277425,26.5874224716371],[89.6068110259994,26.5874415194366],[89.6072488440243,26.58747959801],[89.6077247301273,26.5875938274599],[89.607991225365,26.5877651529449],[89.6082386792763,26.5879935881627],[89.6084861427302,26.588241053415],[89.6088478063651,26.5884694908518],[89.6093236951487,26.58888828085],[89.6098989020069,26.5893771829043]]]},"properties":{"compartment":"Gadadhar BL1"},"id":"comptt.39"},
{"type":"Feature","geometry":{"type":"Polygon","coordinates":[[[89.5903864019751,26.5909329666338],[89.5900124022613,26.5909589594151],[89.5883304050863,26.5910119268361],[89.5863894071756,26.591121889328],[89.5840634143895,26.5910578440315],[89.5839324148054,26.5910538414797],[89.5814124224499,26.5909917924195],[89.5812347027862,26.5909991308781],[89.5812491076171,26.5882964444486],[89.5814204345167,26.5879918772339],[89.5816298313235,26.5876873007585],[89.5818011600524,26.5873065934082],[89.5819344179595,26.5869639553861],[89.5820296059594,26.5866213166247],[89.5821818970213,26.5861454187347],[89.5822199906484,26.5855743484575],[89.582200963957,26.5850223171048],[89.5820677348611,26.5841657029917],[89.5819725761285,26.5832900595843],[89.5817251418819,26.5822430929149],[89.5809066427449,26.5806250341404],[89.5806591961505,26.5800920383868],[89.5798912960276,26.5793371110032],[89.5800524562055,26.5793186952294],[89.5805664176932,26.5792044950054],[89.5816086168633,26.5791331251142],[89.5828078618793,26.5792188085521],[89.5840356527121,26.57947581285],[89.5855347097982,26.579861322645],[89.5867624989189,26.5801897070717],[89.587633371996,26.5803896043391],[89.5890797160439,26.5804907726054],[89.5891666521056,26.5806459245706],[89.5892086502018,26.5807209255201],[89.5891776443443,26.580967925359],[89.5891076311352,26.5815249249941],[89.5889075678904,26.584177925846],[89.5893165147105,26.5863499376668],[89.5894284774828,26.5878879425879],[89.5896054488408,26.5890619481219],[89.5903864019751,26.5909329666338]]]},"properties":{"compartment":"Cheko BL3"},"id":"comptt.40"},
{"type":"Feature","geometry":{"type":"Polygon","coordinates":[[[89.4616433875935,26.5702972318281],[89.4613621830211,26.5717684288779],[89.4605101253615,26.5742624165951],[89.4599840835647,26.5760604094498],[89.4584809983246,26.5797723866037],[89.4575619366637,26.5824393733058],[89.4571658889047,26.5844713690737],[89.456376836645,26.586732357604],[89.4547487796042,26.5892813303401],[89.4542907501387,26.590557323617],[89.4538987261454,26.5915983177755],[89.4480418234913,26.5914982439497],[89.4478107585829,26.5908941984437],[89.4477018057204,26.5889421930263],[89.4474138945918,26.5852701812266],[89.4469199758137,26.5819381660071],[89.4462980655773,26.578263147727],[89.4459311409282,26.5751611353638],[89.44491918767,26.5733201126258],[89.4433942329843,26.5715930801351],[89.4433702388731,26.5713500792592],[89.4433304477089,26.5709858778724],[89.4448973736655,26.5709876482594],[89.4514646687423,26.5709116254805],[89.4571943927886,26.5709688466908],[89.4586601440841,26.5707594847602],[89.459840355194,26.5705881873568],[89.4609253965469,26.5704168781076],[89.4616433875935,26.5702972318281]]]},"properties":{"compartment":"Poro BL6"},"id":"comptt.41"},
{"type":"Feature","geometry":{"type":"Polygon","coordinates":[[[89.5812347027862,26.5909991308781],[89.580928423152,26.5910117830538],[89.5787614263347,26.5910997411183],[89.5764964264451,26.5913256975249],[89.5740384270566,26.591550650181],[89.5720974277756,26.5917186127781],[89.5709531906733,26.5917146512264],[89.5709354307206,26.5917145902011],[89.5709126833902,26.5911896688283],[89.5710268990566,26.5909422106078],[89.5711601583354,26.5905424624871],[89.5712363031802,26.5903330735946],[89.5712553577704,26.5897239228842],[89.5711411686321,26.588867319147],[89.5710079345091,26.5882200954115],[89.5707795247347,26.5874015595239],[89.5702846188142,26.586449758225],[89.5699039284967,26.5856692894484],[89.5688189277387,26.5841464156798],[89.5683240135845,26.5835372549903],[89.5676768234608,26.5827758210746],[89.5669915643445,26.5819763063531],[89.5661672372076,26.5811077784913],[89.5671985961527,26.5810471287271],[89.5687404855711,26.580913908428],[89.569749376298,26.5807806777803],[89.5707392370723,26.580647446763],[89.5724524460758,26.5805142297904],[89.5743119973812,26.5802703654628],[89.5758698208731,26.5799783067284],[89.5771673532546,26.5797350499519],[89.5790114358912,26.5794376452282],[89.5798912960276,26.5793371110032],[89.5806591961505,26.5800920383868],[89.5809066427449,26.5806250341404],[89.5817251418819,26.5822430929149],[89.5819725761285,26.5832900595843],[89.5820677348611,26.5841657029917],[89.582200963957,26.5850223171048],[89.5822199906484,26.5855743484575],[89.5821818970213,26.5861454187347],[89.5820296059594,26.5866213166247],[89.5819344179595,26.5869639553861],[89.5818011600524,26.5873065934082],[89.5816298313235,26.5876873007585],[89.5814204345167,26.5879918772339],[89.5812491076171,26.5882964444486],[89.5812347027862,26.5909991308781]]]},"properties":{"compartment":"Cheko BL4"},"id":"comptt.42"},
{"type":"Feature","geometry":{"type":"Polygon","coordinates":[[[89.5020112085346,26.5897161385168],[89.4979225628235,26.5900123395075],[89.4941749128172,26.5904048774377],[89.4885355933038,26.5909758389561],[89.4851448541411,26.5912970036918],[89.4816226513894,26.5917818561567],[89.4822256823323,26.590429865543],[89.4834037629146,26.586949882438],[89.4851048588483,26.5827749082835],[89.4859569165615,26.5802809205339],[89.4868749796695,26.5775549336635],[89.4877220220733,26.5756989469075],[89.487856044003,26.5747709479124],[89.4886410907324,26.5727409596518],[89.489426141632,26.5705369710898],[89.4896561605083,26.5697259741566],[89.4898122633346,26.5691749062365],[89.4931403474256,26.569489361332],[89.4982442820427,26.5695965305207],[89.50284851622,26.5697750801438],[89.5080809537229,26.5697502716058],[89.5080581058613,26.5700803317344],[89.5079370649677,26.5717973323604],[89.5086479955689,26.5746153510358],[89.5088779325713,26.5772163600042],[89.5074198687477,26.5800273365792],[89.5057238211422,26.5821873074037],[89.5025847928539,26.5836932490872],[89.5016077225549,26.5867232353597],[89.5020112085346,26.5897161385168]]]},"properties":{"compartment":"Poro BL8"},"id":"comptt.43"},
{"type":"Feature","geometry":{"type":"Polygon","coordinates":[[[89.4816226513894,26.5917818561567],[89.4811826515646,26.5918208476832],[89.4803436481856,26.5920498317904],[89.4793716451675,26.5922778133143],[89.478529645976,26.5923327970651],[89.4750376523152,26.5924367294639],[89.4711596638936,26.5923636540699],[89.4674736777345,26.5921765822104],[89.4644996869677,26.5921065243715],[89.4615257003621,26.5918634662398],[89.4571947173627,26.5916143817656],[89.4548027250895,26.5915463352304],[89.4538987261454,26.5915983177755],[89.4542907501387,26.590557323617],[89.4547487796042,26.5892813303401],[89.456376836645,26.586732357604],[89.4571658889047,26.5844713690737],[89.4575619366637,26.5824393733058],[89.4584809983246,26.5797723866037],[89.4599840835647,26.5760604094498],[89.4605101253615,26.5742624165951],[89.4613621830211,26.5717684288779],[89.4616433875935,26.5702972318281],[89.4621063693918,26.5701732505957],[89.4627345532758,26.5699448323893],[89.4633056259354,26.5697735231724],[89.4647523350043,26.569659331034],[89.4685975421056,26.5693738751184],[89.4718336084781,26.5691835775527],[89.4755455604604,26.5691265494451],[89.4775062259634,26.5691075474386],[89.4823032156834,26.5690315003456],[89.4867956248198,26.5690125474461],[89.4887182195236,26.5690316247696],[89.4898122633346,26.5691749062365],[89.4896561605083,26.5697259741566],[89.489426141632,26.5705369710898],[89.4886410907324,26.5727409596518],[89.487856044003,26.5747709479124],[89.4877220220733,26.5756989469075],[89.4868749796695,26.5775549336635],[89.4859569165615,26.5802809205339],[89.4851048588483,26.5827749082835],[89.4834037629146,26.586949882438],[89.4822256823323,26.590429865543],[89.4816226513894,26.5917818561567]]]},"properties":{"compartment":"Poro BL7"},"id":"comptt.44"},
{"type":"Feature","geometry":{"type":"Polygon","coordinates":[[[89.7376147316903,26.5822334018298],[89.7372292430108,26.583047175868],[89.7370864613237,26.5835468540331],[89.7369294055487,26.5842178622433],[89.7368841666947,26.5854218736311],[89.7368484496074,26.5861357142808],[89.7369079248749,26.5867424765799],[89.7370506739393,26.5875990809687],[89.7372766996617,26.5885865672235],[89.7373599508474,26.5897763010831],[89.7373479956302,26.5920724851751],[89.7372749936003,26.5946573786234],[89.7369759713322,26.5943648222568],[89.735195017324,26.5926247843442],[89.7338410602553,26.5909707549014],[89.7316981269756,26.5884037084038],[89.7310061597542,26.5871076925134],[89.7290892192542,26.5848186509427],[89.7285992377067,26.5840986400646],[89.7285212405091,26.5839896383435],[89.7287107832876,26.5834400009964],[89.7289487318914,26.5830592849074],[89.7290439219704,26.5826309859536],[89.7291629217212,26.5817981767029],[89.7291153495687,26.5810605443928],[89.7288060380227,26.5803228969947],[89.7286157042093,26.5792521412843],[89.728687112648,26.5780624104382],[89.7285444324897,26.5747549414543],[89.7284730901261,26.5727799863593],[89.7316377745111,26.5727086677278],[89.7371343100828,26.5727801546854],[89.7393472009681,26.5729467580074],[89.7399658606838,26.5728991899417],[89.7406083160646,26.5726136618897],[89.7408545871544,26.5725138265205],[89.7408890789442,26.573298948639],[89.7408890563504,26.5742388404111],[89.7407462569345,26.575476159969],[89.740472595256,26.5764041463996],[89.7401989555904,26.5768324418881],[89.7398896125745,26.5774035069516],[89.7396278603065,26.5779388828728],[89.739294712768,26.578700307832],[89.739056752447,26.5791524040582],[89.738759310833,26.5796639792401],[89.7385927412049,26.5800803867867],[89.738414267885,26.5806514543932],[89.7382952892909,26.5810202727751],[89.7381644110105,26.5813771809032],[89.7380692260804,26.5815913394562],[89.7378907604847,26.5818411764573],[89.7376147316903,26.5822334018298]]]},"properties":{"compartment":"SRD BL1"},"id":"comptt.45"},
{"type":"Feature","geometry":{"type":"Polygon","coordinates":[[[89.7600575138374,26.569598224196],[89.760104449354,26.5722762301928],[89.7611223826127,26.5749552550679],[89.7616823345379,26.57690126965],[89.7628052547698,26.5801112975814],[89.7635442100727,26.581899315348],[89.7639361532725,26.5842233273874],[89.7653831056697,26.5860643590272],[89.7661250629495,26.5877693767004],[89.7667079820393,26.5910763943301],[89.7662519008225,26.5944943919612],[89.766049238201,26.5950030586507],[89.7655254482828,26.5946690281612],[89.765054326922,26.5943549283989],[89.7645403680645,26.5939408976135],[89.764026420238,26.5934840267473],[89.7634268111972,26.5926702435367],[89.7627129979513,26.592042048458],[89.7621704840055,26.5918421575256],[89.7611282870464,26.591399556413],[89.7604715674854,26.5910283529346],[89.7601289361733,26.5906999756469],[89.7596149907507,26.5901431745937],[89.7593151931188,26.5896577578415],[89.7589011826191,26.5888867983262],[89.7584015095673,26.5882300573622],[89.7580017656374,26.5880158991815],[89.7576305823289,26.5877731915023],[89.7569453059246,26.5872734872276],[89.7559602329565,26.5866595669066],[89.7551892953751,26.5862169710754],[89.7539615091875,26.5857600863339],[89.7526623317911,26.5853603103131],[89.7516772502387,26.5851033106712],[89.750592221321,26.5847463688971],[89.749492917629,26.5845893072243],[89.7488076412674,26.5845036337374],[89.748036695447,26.5844036785578],[89.7469802244057,26.5841323975029],[89.746180730369,26.5839610616339],[89.745109979362,26.5836897803022],[89.7442962170763,26.5834470540217],[89.7433825015876,26.5833471060676],[89.7417406846901,26.5833756241998],[89.7405271619561,26.5831900002558],[89.7396705701152,26.5829330031171],[89.7388139689614,26.582647455925],[89.7380573065472,26.5824047307569],[89.7376147316903,26.5822334018298],[89.7378907604847,26.5818411764573],[89.7380692260804,26.5815913394562],[89.7381644110105,26.5813771809032],[89.7382952892909,26.5810202727751],[89.738414267885,26.5806514543932],[89.7385927412049,26.5800803867867],[89.738759310833,26.5796639792401],[89.739056752447,26.5791524040582],[89.739294712768,26.578700307832],[89.7396278603065,26.5779388828728],[89.7398896125745,26.5774035069516],[89.7401989555904,26.5768324418881],[89.740472595256,26.5764041463996],[89.7407462569345,26.575476159969],[89.7408890563504,26.5742388404111],[89.7408890789442,26.573298948639],[89.7408545871544,26.5725138265205],[89.7408415150781,26.5722162956727],[89.7407463707573,26.5707410210414],[89.7406512221444,26.5694442167467],[89.7404727934357,26.5681593008561],[89.7403181560931,26.5672313061012],[89.7400683355384,26.5664460797663],[89.7398065987211,26.5659225936935],[89.7389916722453,26.5650218061609],[89.7423466592938,26.5652388717594],[89.7447656514141,26.5653349189442],[89.7469066454283,26.56537896063],[89.7489386335211,26.5656800006845],[89.7508126224368,26.565962037634],[89.7542995780198,26.5674771082662],[89.754688572897,26.5676531161596],[89.755979562292,26.567971141852],[89.7570395318838,26.56913516466],[89.7580985304412,26.5690941851645],[89.7598085152972,26.5695612192861],[89.7600575138374,26.569598224196]]]},"properties":{"compartment":"SRD BL3"},"id":"comptt.46"},
{"type":"Feature","geometry":{"type":"Polygon","coordinates":[[[89.5709354307206,26.5917145902011],[89.5706774313533,26.59171458519],[89.5675724433934,26.5915305245557],[89.5653734475683,26.591581481936],[89.5634324483016,26.5917494445345],[89.5610394473627,26.5920333985594],[89.5581944504013,26.5921983435955],[89.5558674507283,26.5924232987983],[89.5533434529634,26.5925892500714],[89.5516614530532,26.5927582177025],[89.5505604460881,26.5931611970291],[89.549392428116,26.5940291758719],[89.5480324050679,26.5951281513906],[89.5461513903262,26.5959351162754],[89.5459983900559,26.5959621133512],[89.5462994190849,26.5947231170207],[89.5494284809605,26.5918261726963],[89.5495015136954,26.5904561717043],[89.5497095858753,26.5874301704205],[89.54941863521,26.5854061612099],[89.5492826934989,26.5829931543252],[89.5492637287032,26.5815291513813],[89.5492597352929,26.5812551508217],[89.5499903702653,26.581389435242],[89.5509992536621,26.5815607751295],[89.5518748869309,26.5817511524641],[89.5526934135411,26.5818082784556],[89.5536071271744,26.5819796164964],[89.5550157618746,26.5820557839785],[89.5561578995186,26.5820367661191],[89.556881263223,26.5818083597601],[89.5574713672562,26.5815799408137],[89.5587277250786,26.5815418951383],[89.5605361129162,26.5814467500798],[89.5623825715775,26.5813135356934],[89.5640006012599,26.5811612768386],[89.5655805678375,26.5811422774806],[89.5661672372076,26.5811077784913],[89.5669915643445,26.5819763063531],[89.5676768234608,26.5827758210746],[89.5683240135845,26.5835372549903],[89.5688189277387,26.5841464156798],[89.5699039284967,26.5856692894484],[89.5702846188142,26.586449758225],[89.5707795247347,26.5874015595239],[89.5710079345091,26.5882200954115],[89.5711411686321,26.588867319147],[89.5712553577704,26.5897239228842],[89.5712363031802,26.5903330735946],[89.5711601583354,26.5905424624871],[89.5710268990566,26.5909422106078],[89.5709126833902,26.5911896688283],[89.5709354307206,26.5917145902011]]]},"properties":{"compartment":"Cheko BL5"},"id":"comptt.47"},
{"type":"Feature","geometry":{"type":"Polygon","coordinates":[[[89.8718552591121,26.5772391431081],[89.8719770756128,26.5773734157432],[89.8721680717993,26.5775144197377],[89.8733790476683,26.578406445061],[89.8750360026031,26.5801274807012],[89.8769479845624,26.5807025190445],[89.8789889855471,26.5804755583152],[89.8808999537443,26.5816225977734],[89.882557916935,26.5830006327681],[89.8848509008371,26.5834606783078],[89.8852348834312,26.5841486871445],[89.8853578362323,26.5860976933989],[89.8854837917916,26.5879316994841],[89.8863757511363,26.5895387200323],[89.8871397080606,26.5912577383122],[89.8867546868154,26.5921747326337],[89.8853496402215,26.5942367093629],[89.884556600089,26.5959746973638],[89.884503617402,26.5960910465626],[89.8828563734527,26.5955747134659],[89.8811812435485,26.595308180322],[89.8796964577254,26.5952700813368],[89.8781926428631,26.5951939019063],[89.8773550806651,26.5949464251097],[89.8767459438382,26.5948702730994],[89.871568255232,26.5948701722921],[89.8651722743815,26.5946606473584],[89.8655340076845,26.5924144399804],[89.8657815321505,26.5901301603032],[89.8657815587374,26.5890260881307],[89.8659909886113,26.58735094891],[89.8662765518977,26.5859423116952],[89.8666001946398,26.5845527052583],[89.8668096167147,26.583201176673],[89.8670000161611,26.5815450671174],[89.8670381474732,26.5789942828367],[89.8685039075303,26.5784422802701],[89.8702361683772,26.5778331627757],[89.8718552591121,26.5772391431081]]]},"properties":{"compartment":"N Bholka BL3"},"id":"comptt.48"},
{"type":"Feature","geometry":{"type":"Polygon","coordinates":[[[89.5459983900559,26.5959621133512],[89.5421003766674,26.5960884278652],[89.5367763377223,26.5961775546202],[89.5316605032805,26.5964748857861],[89.5278533784618,26.5966532721617],[89.5245254264972,26.5966636975512],[89.5243475007489,26.5935916887423],[89.5240205408173,26.5919576795461],[89.5240336171449,26.5887786742603],[89.5250026858206,26.5858186879143],[89.527206728652,26.5838067271905],[89.5273107311308,26.5836927290104],[89.5280690358258,26.583418693252],[89.5292111780146,26.5832093250573],[89.531381251765,26.5828286565168],[89.5338749251736,26.5824289542243],[89.5360830665531,26.5821434565885],[89.5372252082928,26.5819531184263],[89.5383102492606,26.5818008592223],[89.5396998490183,26.5816676359637],[89.5415082391126,26.5814773107347],[89.5434118076029,26.5813440974535],[89.5456960846982,26.5812299315965],[89.5492597352929,26.5812551508217],[89.5492637287032,26.5815291513813],[89.5492826934989,26.5829931543252],[89.54941863521,26.5854061612099],[89.5497095858753,26.5874301704205],[89.5495015136954,26.5904561717043],[89.5494284809605,26.5918261726963],[89.5462994190849,26.5947231170207],[89.5459983900559,26.5959621133512]]]},"properties":{"compartment":"Damanpur BL4"},"id":"comptt.49"},
{"type":"Feature","geometry":{"type":"Polygon","coordinates":[[[89.5145122918726,26.5970576210361],[89.5106093868037,26.597264778362],[89.5052222916119,26.5976263543828],[89.5017958733496,26.5979118283443],[89.4953618148869,26.5985208444657],[89.4943868832781,26.5986899158271],[89.4940834868781,26.5973231075816],[89.495780498367,26.5966671393996],[89.4981995441236,26.5945091826435],[89.5011036042032,26.5917042341795],[89.5020746381277,26.5901902504139],[89.5020136492318,26.5897342484419],[89.5035016667374,26.5896827172381],[89.5057145615328,26.5896684801706],[89.5062428026092,26.5895685502521],[89.5069138077854,26.5892830327836],[89.5079845729897,26.588954683001],[89.5103259753009,26.5881980571414],[89.5119107026512,26.5877269570872],[89.5135810908181,26.5872130286209],[89.514823176286,26.5868561321124],[89.5167077249511,26.5862993677276],[89.5189349051642,26.5856426798192],[89.5203054816883,26.585228685704],[89.5216332252355,26.5849431709807],[89.5229466912195,26.5845577258057],[89.5245171479365,26.5841151755195],[89.5253737468328,26.5840723620727],[89.5265301701263,26.5838154040725],[89.5271547305583,26.583732726052],[89.5273107311308,26.5836927290104],[89.527206728652,26.5838067271905],[89.5250026858206,26.5858186879143],[89.5240336171449,26.5887786742603],[89.5240205408173,26.5919576795461],[89.5243475007489,26.5935916887423],[89.5245254264972,26.5966636975512],[89.5245325583801,26.5966814367848],[89.5225257107539,26.5966939387703],[89.5181094394863,26.5967890331756],[89.5149114515304,26.5970364315047],[89.5145122918726,26.5970576210361]]]},"properties":{"compartment":"Damanpur BL5"},"id":"comptt.50"},
{"type":"Feature","geometry":{"type":"Polygon","coordinates":[[[89.4943868832781,26.5986899158271],[89.4915473147174,26.598927591102],[89.4898341044617,26.5991179181652],[89.4852084192108,26.5998221495625],[89.4822578893472,26.6001266627978],[89.4809444253504,26.600431207818],[89.4793454220774,26.6007357472939],[89.478787439283,26.6009108167601],[89.4788814469733,26.6005808180201],[89.4791464811612,26.5991298206807],[89.4800005472694,26.5962878323925],[89.4811156252456,26.5929238482729],[89.4816226513894,26.5917818561567],[89.4851448541411,26.5912970036918],[89.4885355933038,26.5909758389561],[89.4941749128172,26.5904048774377],[89.4979225628235,26.5900123395075],[89.5020112085346,26.5897161385168],[89.5020136492318,26.5897342484419],[89.5020746381277,26.5901902504139],[89.5011036042032,26.5917042341795],[89.4981995441236,26.5945091826435],[89.495780498367,26.5966671393996],[89.4940834868781,26.5973231075816],[89.4943868832781,26.5986899158271]]]},"properties":{"compartment":"Poro BL4"},"id":"comptt.51"},
{"type":"Feature","geometry":{"type":"Polygon","coordinates":[[[89.6615539727165,26.6016613691448],[89.6592949670971,26.6021183260601],[89.6571599625097,26.6025202852852],[89.6556079621182,26.6026902554207],[89.6532139679716,26.6026842088639],[89.649979973093,26.6027921461847],[89.6461009811852,26.602841070859],[89.6428669835353,26.6030650083935],[89.6406679861564,26.6031749658425],[89.6375639881856,26.6033999059071],[89.6350029882936,26.6036508565755],[89.6342384358988,26.6025796197678],[89.633381860581,26.6012233006551],[89.6310976581782,26.5982251308175],[89.6294558758989,26.596404815609],[89.627623759808,26.5939301355208],[89.626243707453,26.5925024261181],[89.6251967854385,26.5910271331052],[89.6241736487887,26.589742200901],[89.6234493209072,26.5888945552948],[89.6236873713664,26.5888516098422],[89.6246873732615,26.5886726289477],[89.626891371468,26.5885266715055],[89.6272233712945,26.588500677909],[89.6286643706425,26.588383705695],[89.629110369883,26.5883707143369],[89.6330483528299,26.588686791425],[89.6374773331219,26.5890648781702],[89.6421493277529,26.5888229685142],[89.6455933224512,26.5887010352157],[89.6489503276083,26.5881530994505],[89.6496853157814,26.5885721144979],[89.6505153261581,26.5880581296888],[89.6510273262831,26.588002139536],[89.6515383374212,26.5874881485273],[89.6524963474936,26.5869741662044],[89.6529443615704,26.5863441737588],[89.6543473526268,26.5865772014476],[89.6557483299145,26.5873832301464],[89.6545333149699,26.5881252078922],[89.6548502990206,26.5887572152081],[89.6554212907606,26.5890442268295],[89.6559942700416,26.5898492394378],[89.6563752511978,26.5905952482071],[89.657010226218,26.5915712623343],[89.6571342148857,26.5920302655843],[89.6577681816342,26.5933502803228],[89.6588501652073,26.5939263024085],[89.6598721599621,26.5940433224881],[89.660446172353,26.5934713325974],[89.6610231902437,26.5926703423451],[89.6616621983437,26.5922703540323],[89.6622361914246,26.5925013656125],[89.663188150516,26.5941083870638],[89.6630581363465,26.5947103856408],[89.6630231178141,26.5954843863798],[89.6620960952676,26.596513370246],[89.6618680592721,26.5980323685981],[89.661515049792,26.5984613625218],[89.6611630196211,26.5997503580407],[89.6603010134444,26.6000923419084],[89.6598750009379,26.6006543346556],[89.6614829737516,26.6016253676984],[89.6615539727165,26.6016613691448]]]},"properties":{"compartment":"Panbari BL10"},"id":"comptt.52"},
{"type":"Feature","geometry":{"type":"Polygon","coordinates":[[[89.6139892031787,26.6055525615154],[89.6123949653187,26.6056239206542],[89.6123116941059,26.6052669983928],[89.6121570276283,26.6051361251507],[89.6119547818383,26.604981450941],[89.6117287363919,26.6048148862472],[89.6115145912029,26.6046364217635],[89.6114313168418,26.6044103697379],[89.6112171639422,26.6041367250827],[89.6109554334468,26.6037679093316],[89.6107650910618,26.6034704650966],[89.6102535148912,26.6029469742113],[89.6098728152558,26.6025543561054],[89.6094921150482,26.6021855280427],[89.6092065817485,26.6019356820438],[89.6090281264726,26.6017572182544],[89.6089686400503,26.6016144468415],[89.6088972682344,26.6012813248552],[89.6089091773613,26.600900614402],[89.6088973131531,26.5994134414968],[89.6089925012191,26.5990684227261],[89.6091947618865,26.5986044358223],[89.6095754981291,26.5978906019371],[89.6101941840935,26.5967484719049],[89.6103488545892,26.596296374097],[89.6103607619976,26.5959870437718],[89.6103726676897,26.5957490935749],[89.6103012844414,26.5954754516954],[89.6102299111928,26.5952018198161],[89.6101585276581,26.5949400779581],[89.610099056955,26.5945593561174],[89.6100990635336,26.5942857156253],[89.6100990695399,26.5940358751758],[89.6100633853465,26.5937979240543],[89.6099087197249,26.5936313607494],[89.6097659540745,26.5934647976757],[89.6095756082534,26.593310123699],[89.6095042224302,26.5931435620124],[89.6094923370348,26.592953211439],[89.6094566651482,26.5917872686485],[89.6094209932509,26.5910377366071],[89.6094566897418,26.5907640968083],[89.609551873801,26.5905856383365],[89.6098969009729,26.5902525244404],[89.609968298521,26.5899312952495],[89.6099326177577,26.5895505838713],[89.6098989020069,26.5893771829043],[89.6102043923455,26.5893323487585],[89.6164843769298,26.5893424707837],[89.618162377952,26.5891315030039],[89.620454374396,26.5890495473863],[89.6215083726971,26.5890145678011],[89.6231053702441,26.5889565987243],[89.6234493209072,26.5888945552948],[89.6241736487887,26.589742200901],[89.6251967854385,26.5910271331052],[89.626243707453,26.5925024261181],[89.627623759808,26.5939301355208],[89.6294558758989,26.596404815609],[89.6310976581782,26.5982251308175],[89.633381860581,26.6012233006551],[89.6342384358988,26.6025796197678],[89.6350029882936,26.6036508565755],[89.6198872909112,26.6050544752697],[89.6139892031787,26.6055525615154]]]},"properties":{"compartment":"Panbari BL9"},"id":"comptt.53"},
{"type":"Feature","geometry":{"type":"Polygon","coordinates":[[[89.766049238201,26.5950030586507],[89.7658048748402,26.595616385399],[89.7651538368788,26.5972553758503],[89.7644857778644,26.5997703676345],[89.7648487663668,26.6002133755394],[89.7647827248408,26.6019443775456],[89.7649437231474,26.6019993807829],[89.7651097065138,26.6026743852963],[89.7650236922874,26.6032733847614],[89.764939679838,26.6037983841249],[89.7648556692184,26.6042473833437],[89.7647716585745,26.6046973825644],[89.7646856443226,26.6052973820314],[89.7646016373146,26.6055963809649],[89.7643686365728,26.6056493765313],[89.7636326423793,26.6054783618834],[89.7620186494068,26.6053403302123],[89.7585576592115,26.6052632627155],[89.7568126584798,26.6054602291322],[89.7548946645064,26.6053931916822],[89.752805670135,26.605359150968],[89.7495076776879,26.6053610867974],[89.7479466876698,26.6050960559224],[89.7472117049446,26.6044490403985],[89.7454787466013,26.6028850037261],[89.7444397772406,26.6017119812973],[89.7444217818803,26.6015209805867],[89.7438507889047,26.6012839690306],[89.7411688403343,26.5994049133108],[89.7393599112843,26.5966308728937],[89.7378979474924,26.5952668418876],[89.7372749936003,26.5946573786234],[89.7373479956302,26.5920724851751],[89.7373599508474,26.5897763010831],[89.7372766996617,26.5885865672235],[89.7370506739393,26.5875990809687],[89.7369079248749,26.5867424765799],[89.7368484496074,26.5861357142808],[89.7368841666947,26.5854218736311],[89.7369294055487,26.5842178622433],[89.7370864613237,26.5835468540331],[89.7372292430108,26.583047175868],[89.7376147316903,26.5822334018298],[89.7380573065472,26.5824047307569],[89.7388139689614,26.582647455925],[89.7396705701152,26.5829330031171],[89.7405271619561,26.5831900002558],[89.7417406846901,26.5833756241998],[89.7433825015876,26.5833471060676],[89.7442962170763,26.5834470540217],[89.745109979362,26.5836897803022],[89.746180730369,26.5839610616339],[89.7469802244057,26.5841323975029],[89.748036695447,26.5844036785578],[89.7488076412674,26.5845036337374],[89.749492917629,26.5845893072243],[89.750592221321,26.5847463688971],[89.7516772502387,26.5851033106712],[89.7526623317911,26.5853603103131],[89.7539615091875,26.5857600863339],[89.7551892953751,26.5862169710754],[89.7559602329565,26.5866595669066],[89.7569453059246,26.5872734872276],[89.7576305823289,26.5877731915023],[89.7580017656374,26.5880158991815],[89.7584015095673,26.5882300573622],[89.7589011826191,26.5888867983262],[89.7593151931188,26.5896577578415],[89.7596149907507,26.5901431745937],[89.7601289361733,26.5906999756469],[89.7604715674854,26.5910283529346],[89.7611282870464,26.591399556413],[89.7621704840055,26.5918421575256],[89.7627129979513,26.592042048458],[89.7634268111972,26.5926702435367],[89.764026420238,26.5934840267473],[89.7645403680645,26.5939408976135],[89.765054326922,26.5943549283989],[89.7655254482828,26.5946690281612],[89.766049238201,26.5950030586507]]]},"properties":{"compartment":"SRD BL2"},"id":"comptt.54"},
{"type":"Feature","geometry":{"type":"Polygon","coordinates":[[[89.6123949653187,26.6056239206542],[89.6069668169854,26.6061011859989],[89.5969730906553,26.6069576032813],[89.5911910035779,26.6074214917254],[89.5872873652879,26.6077462864325],[89.5872640090335,26.6075929357049],[89.5877150730636,26.6048849396398],[89.5885291209058,26.6028129517619],[89.5887841346639,26.60221495565],[89.5892091515897,26.6014679625756],[89.5899451898057,26.5998039739068],[89.5912272835444,26.5957749916207],[89.5910273722464,26.5921049811792],[89.5905633918585,26.5913359707919],[89.5903864019751,26.5909329666338],[89.5905244018793,26.5909229692967],[89.5916294010148,26.5908469906262],[89.5937644012499,26.5906210316964],[89.5951843989255,26.5905740591971],[89.5953803985931,26.5905680629939],[89.5994503967545,26.590233141459],[89.6014773971218,26.5900131804422],[89.6043013926763,26.589913235124],[89.6068663886003,26.5898242847946],[89.6095843916584,26.5894233368773],[89.6098989020069,26.5893771829043],[89.6099326177577,26.5895505838713],[89.609968298521,26.5899312952495],[89.6098969009729,26.5902525244404],[89.609551873801,26.5905856383365],[89.6094566897418,26.5907640968083],[89.6094209932509,26.5910377366071],[89.6094566651482,26.5917872686485],[89.6094923370348,26.592953211439],[89.6095042224302,26.5931435620124],[89.6095756082534,26.593310123699],[89.6097659540745,26.5934647976757],[89.6099087197249,26.5936313607494],[89.6100633853465,26.5937979240543],[89.6100990695399,26.5940358751758],[89.6100990635336,26.5942857156253],[89.610099056955,26.5945593561174],[89.6101585276581,26.5949400779581],[89.6102299111928,26.5952018198161],[89.6103012844414,26.5954754516954],[89.6103726676897,26.5957490935749],[89.6103607619976,26.5959870437718],[89.6103488545892,26.596296374097],[89.6101941840935,26.5967484719049],[89.6095754981291,26.5978906019371],[89.6091947618865,26.5986044358223],[89.6089925012191,26.5990684227261],[89.6088973131531,26.5994134414968],[89.6089091773613,26.600900614402],[89.6088972682344,26.6012813248552],[89.6089686400503,26.6016144468415],[89.6090281264726,26.6017572182544],[89.6092065817485,26.6019356820438],[89.6094921150482,26.6021855280427],[89.6098728152558,26.6025543561054],[89.6102535148912,26.6029469742113],[89.6107650910618,26.6034704650966],[89.6109554334468,26.6037679093316],[89.6112171639422,26.6041367250827],[89.6114313168418,26.6044103697379],[89.6115145912029,26.6046364217635],[89.6117287363919,26.6048148862472],[89.6119547818383,26.604981450941],[89.6121570276283,26.6051361251507],[89.6123116941059,26.6052669983928],[89.6123949653187,26.6056239206542]]]},"properties":{"compartment":"Panbari BL8"},"id":"comptt.55"},
{"type":"Feature","geometry":{"type":"Polygon","coordinates":[[[89.8651722743815,26.5946606473584],[89.864810576293,26.5958598926762],[89.8646582692043,26.5965832511341],[89.8644869294059,26.5974208194458],[89.8642774976777,26.599172098813],[89.8642203612034,26.6002761698721],[89.864008550019,26.6020048491477],[89.8634731045457,26.6047709641604],[89.8627204611134,26.608301736444],[89.8609204079875,26.6061072570737],[89.8574185107848,26.6021631811352],[89.857272509494,26.6022301784238],[89.8562904970688,26.6028361604909],[89.8549794920001,26.6031671356119],[89.8535225098102,26.6025621060556],[89.8531575512662,26.6008750956434],[89.8526995723995,26.6000400850903],[89.8525726021201,26.598818080224],[89.8535356197609,26.597997097364],[89.8507907451248,26.5930450342289],[89.845558910605,26.5866549199023],[89.8486599232155,26.5858449786635],[89.8515699320449,26.5852100340488],[89.8533829419639,26.5846310681953],[89.855582962198,26.5835881089617],[89.8591389905817,26.5820821752034],[89.8597859946395,26.5818541873457],[89.8603185027393,26.5814687969505],[89.8612512593842,26.58110713439],[89.8625076298967,26.580555127752],[89.8633642390021,26.5800982835219],[89.8642208539843,26.5798127696284],[89.8660292505337,26.579374983955],[89.8670381474732,26.5789942828367],[89.8670000161611,26.5815450671174],[89.8668096167147,26.583201176673],[89.8666001946398,26.5845527052583],[89.8662765518977,26.5859423116952],[89.8659909886113,26.58735094891],[89.8657815587374,26.5890260881307],[89.8657815321505,26.5901301603032],[89.8655340076845,26.5924144399804],[89.8651722743815,26.5946606473584]]]},"properties":{"compartment":"N Bholka BL1"},"id":"comptt.56"},
{"type":"Feature","geometry":{"type":"Polygon","coordinates":[[[89.5872873652879,26.6077462864325],[89.5844776162423,26.6079918922598],[89.5820600862008,26.6082393057138],[89.5779293471541,26.6086199461075],[89.571647571569,26.6090766748316],[89.5704433737978,26.6091069114819],[89.5702698879348,26.6081210563625],[89.5702794388132,26.6068361442701],[89.5703270460918,26.6061127939127],[89.5705364568636,26.6052276364127],[89.5708315260511,26.6043995906783],[89.5710504515342,26.6037333437508],[89.5711456427436,26.6032574447564],[89.5711456548726,26.602753003862],[89.571098138901,26.5996787374865],[89.5709364340162,26.5957383373567],[89.5709531906733,26.5917146512264],[89.5720974277756,26.5917186127781],[89.5740384270566,26.591550650181],[89.5764964264451,26.5913256975249],[89.5787614263347,26.5910997411183],[89.580928423152,26.5910117830538],[89.5812347027862,26.5909991308781],[89.5814124224499,26.5909917924195],[89.5839324148054,26.5910538414797],[89.5840634143895,26.5910578440315],[89.5863894071756,26.591121889328],[89.5883304050863,26.5910119268361],[89.5900124022613,26.5909589594151],[89.5903864019751,26.5909329666338],[89.5905633918585,26.5913359707919],[89.5910273722464,26.5921049811792],[89.5912272835444,26.5957749916207],[89.5899451898057,26.5998039739068],[89.5892091515897,26.6014679625756],[89.5887841346639,26.60221495565],[89.5885291209058,26.6028129517619],[89.5877150730636,26.6048849396398],[89.5872640090335,26.6075929357049],[89.5872873652879,26.6077462864325]]]},"properties":{"compartment":"Cheko BL2"},"id":"comptt.57"},
{"type":"Feature","geometry":{"type":"Polygon","coordinates":[[[89.7846234523121,26.6088899080136],[89.7841065124985,26.6089277669474],[89.7818015136561,26.6090977224043],[89.7793905140485,26.6093096758783],[89.7767415358264,26.608656623069],[89.774202562729,26.6077805719786],[89.7742195655565,26.6076615720826],[89.7742935762985,26.607208572659],[89.7745546282313,26.6050275735792],[89.7718726284629,26.6052725218501],[89.7709996361679,26.6050355044088],[89.7678726321769,26.6054984444352],[89.7648326355085,26.6056493855611],[89.7643686365728,26.6056493765313],[89.7646016373146,26.6055963809649],[89.7646856443226,26.6052973820314],[89.7647716585745,26.6046973825644],[89.7648556692184,26.6042473833437],[89.764939679838,26.6037983841249],[89.7650236922874,26.6032733847614],[89.7651097065138,26.6026743852963],[89.7649437231474,26.6019993807829],[89.7647827248408,26.6019443775456],[89.7648487663668,26.6002133755394],[89.7644857778644,26.5997703676345],[89.7651538368788,26.5972553758503],[89.7658048748402,26.595616385399],[89.766049238201,26.5950030586507],[89.7662519008225,26.5944943919612],[89.7667079820393,26.5910763943301],[89.7661250629495,26.5877693767004],[89.7653831056697,26.5860643590272],[89.7639361532725,26.5842233273874],[89.7635442100727,26.581899315348],[89.7628052547698,26.5801112975814],[89.7616823345379,26.57690126965],[89.7611223826127,26.5749552550679],[89.760104449354,26.5722762301928],[89.7600575138374,26.569598224196],[89.7606365643472,26.5695218453055],[89.7616073818951,26.5695313841928],[89.7625496467639,26.5696551327424],[89.763844059226,26.5698455182635],[89.7646054829083,26.5700358934254],[89.7659284548496,26.5702453095389],[89.7667184312136,26.570321465039],[89.7670420391011,26.570378581438],[89.7674227470871,26.5704261789287],[89.7675179131412,26.5709972518657],[89.7676416330196,26.5714065250497],[89.7677748724183,26.571834828455],[89.7684030269563,26.5728342125686],[89.7686124059515,26.5732720374726],[89.7688313083573,26.57356710229],[89.7691549107528,26.5738526391247],[89.7694594750226,26.5740620354444],[89.7701637860908,26.5743666297171],[89.7706111200346,26.5745760288126],[89.7710489317116,26.5748806079047],[89.7713439734856,26.5751947042393],[89.7719150398233,26.5757086763217],[89.772590787524,26.5761560303127],[89.7731808801558,26.5768222930563],[89.7737424146834,26.5774124150999],[89.7741706985993,26.5780405946256],[89.7745228458929,26.5785355324172],[89.7748464386729,26.579220830017],[89.7750843705031,26.5799537060421],[89.7751700211507,26.5803344184342],[89.7754079466429,26.580915014169],[89.7756268440097,26.5814194693886],[89.7757600847769,26.5817906626882],[89.7759218882261,26.5820476563253],[89.7763311401954,26.5823427148473],[89.7766928161656,26.5824759721352],[89.7770830434445,26.5825521198694],[89.7783679523484,26.5824760047122],[89.7795196104123,26.5824474770546],[89.7812743143431,26.5825337613446],[89.7813575761219,26.5832832943974],[89.7814408462006,26.5836878067906],[89.7814408358963,26.5841161076095],[89.7813813291434,26.5848180477946],[89.7812028555233,26.5854010154382],[89.7809292001157,26.5860672613897],[89.7805722806227,26.5864955552664],[89.7802034545919,26.5867810886385],[89.7797989415054,26.5869476410888],[89.7794182277921,26.5871379940476],[89.7790137141334,26.5873283365432],[89.7784307380184,26.5876376557948],[89.7780024335552,26.5878636978957],[89.7771458172055,26.5882087118927],[89.7764676744578,26.5883871490428],[89.7761345409232,26.5885656029036],[89.776027456014,26.5887797612295],[89.7760036563344,26.5891842615388],[89.7760155408467,26.5898267229963],[89.7761225968595,26.5903977961689],[89.7763962170515,26.5911949230133],[89.7768244908768,26.5922418933435],[89.7771813937406,26.5929200515816],[89.777681069142,26.5934792323705],[89.7781926325111,26.59412170355],[89.778787486263,26.5947403763051],[89.7793823314465,26.5952995589468],[89.7799652878027,26.5958111512667],[89.78045306638,26.596239471576],[89.7809884319851,26.596786753039],[89.7814881068118,26.5973697338762],[89.7820353486396,26.5984880966634],[89.7823922529309,26.5991067647918],[89.7827491529248,26.5999038932618],[89.7831655465068,26.6005463525939],[89.7835700421209,26.6011055315356],[89.7838555588647,26.6016290280938],[89.7841291885008,26.6020335341931],[89.7843552288176,26.6024142593209],[89.784664547799,26.6028425661607],[89.7848191997108,26.6031637997855],[89.7850214477892,26.6036396946328],[89.785240326975,26.6048984313029],[89.7852760050302,26.6053909829405],[89.7851831711972,26.6068043838398],[89.7850760785447,26.6073397627804],[89.7849261665051,26.6078537308463],[89.7847548324508,26.6084533486592],[89.7846234523121,26.6088899080136]]]},"properties":{"compartment":"MARA BL1"},"id":"comptt.58"},
{"type":"Feature","geometry":{"type":"Polygon","coordinates":[[[89.7890968091332,26.5890766760268],[89.7890809741837,26.589283826116],[89.7888679097069,26.5919828271461],[89.7894278403841,26.594809843461],[89.7908807762706,26.5973358765777],[89.7904717460426,26.5986298711006],[89.7909616846092,26.6011348854409],[89.789566632628,26.6034248626825],[89.7901515920635,26.605053877192],[89.7902985439395,26.6070378838577],[89.7906565070873,26.6085338936954],[89.7919934779825,26.6096159217982],[89.7897544900572,26.6093258776552],[89.7873445008385,26.6091058303192],[89.7846935121973,26.6088847782915],[89.7846234523121,26.6088899080136],[89.7847548324508,26.6084533486592],[89.7849261665051,26.6078537308463],[89.7850760785447,26.6073397627804],[89.7851831711972,26.6068043838398],[89.7852760050302,26.6053909829405],[89.785240326975,26.6048984313029],[89.7850214477892,26.6036396946328],[89.7848191997108,26.6031637997855],[89.784664547799,26.6028425661607],[89.7843552288176,26.6024142593209],[89.7841291885008,26.6020335341931],[89.7838555588647,26.6016290280938],[89.7835700421209,26.6011055315356],[89.7831655465068,26.6005463525939],[89.7827491529248,26.5999038932618],[89.7823922529309,26.5991067647918],[89.7820353486396,26.5984880966634],[89.7814881068118,26.5973697338762],[89.7809884319851,26.596786753039],[89.78045306638,26.596239471576],[89.7799652878027,26.5958111512667],[89.7793823314465,26.5952995589468],[89.778787486263,26.5947403763051],[89.7781926325111,26.59412170355],[89.777681069142,26.5934792323705],[89.7771813937406,26.5929200515816],[89.7768244908768,26.5922418933435],[89.7763962170515,26.5911949230133],[89.7761225968595,26.5903977961689],[89.7760155408467,26.5898267229963],[89.7760036563344,26.5891842615388],[89.776027456014,26.5887797612295],[89.7761345409232,26.5885656029036],[89.7764676744578,26.5883871490428],[89.7771458172055,26.5882087118927],[89.7780024335552,26.5878636978957],[89.7784307380184,26.5876376557948],[89.7790137141334,26.5873283365432],[89.7794182277921,26.5871379940476],[89.7797989415054,26.5869476410888],[89.7802034545919,26.5867810886385],[89.7805722806227,26.5864955552664],[89.7809292001157,26.5860672613897],[89.7812028555233,26.5854010154382],[89.7813813291434,26.5848180477946],[89.7814408358963,26.5841161076095],[89.7814408462006,26.5836878067906],[89.7813575761219,26.5832832943974],[89.7812743143431,26.5825337613446],[89.7814884647144,26.5824980754412],[89.7821190101314,26.5826289579544],[89.7828923317894,26.5829026135177],[89.7834633913316,26.5832833353526],[89.7841177261046,26.5838544191718],[89.7846887784905,26.5845325815768],[89.784962405846,26.5850322678556],[89.785271721116,26.5856152449882],[89.785783282777,26.5863290963057],[89.7861758855666,26.5870072552414],[89.786461399458,26.587649712026],[89.7869967636401,26.5882564836026],[89.7874607445692,26.5885896232667],[89.7880675051742,26.5889227557084],[89.7885671808899,26.5890536356796],[89.7890968091332,26.5890766760268]]]},"properties":{"compartment":"MARA BL2B"},"id":"comptt.59"},
{"type":"Feature","geometry":{"type":"Polygon","coordinates":[[[89.5506700472065,26.6097432283425],[89.5483500476298,26.6099641836487],[89.5475970511765,26.6098941688935],[89.5470440518718,26.6099221581969],[89.546921065956,26.6093491548],[89.5466281155678,26.6073161455351],[89.5464971749434,26.6048601386752],[89.545991216128,26.603199125927],[89.5458842527399,26.6016871211927],[89.5457672872585,26.6002631164188],[89.5453073170472,26.59907110539],[89.5454603585835,26.5973271052992],[89.5459623867325,26.5961041129015],[89.5459983900559,26.5959621133512],[89.5461513903262,26.5959351162754],[89.5480324050679,26.5951281513906],[89.549392428116,26.5940291758719],[89.5505604460881,26.5931611970291],[89.5516614530532,26.5927582177025],[89.5533434529634,26.5925892500714],[89.5558674507283,26.5924232987983],[89.5581944504013,26.5921983435955],[89.5610394473627,26.5920333985594],[89.5634324483016,26.5917494445345],[89.5653734475683,26.591581481936],[89.5675724433934,26.5915305245557],[89.5706774313533,26.59171458519],[89.5709354307206,26.5917145902011],[89.5709531906733,26.5917146512264],[89.5709364340162,26.5957383373567],[89.571098138901,26.5996787374865],[89.5711456548726,26.602753003862],[89.5711456427436,26.6032574447564],[89.5710504515342,26.6037333437508],[89.5708315260511,26.6043995906783],[89.5705364568636,26.6052276364127],[89.5703270460918,26.6061127939127],[89.5702794388132,26.6068361442701],[89.5702698879348,26.6081210563625],[89.5704433737978,26.6091069114819],[89.5678594785845,26.6091717813802],[89.5620345687953,26.609342988482],[89.5540966915035,26.6096283747281],[89.5506700472065,26.6097432283425]]]},"properties":{"compartment":"Cheko BL1"},"id":"comptt.60"},
{"type":"Feature","geometry":{"type":"Polygon","coordinates":[[[89.7280178225282,26.5843700392706],[89.7260042006074,26.5858915929778],[89.7257181789516,26.5868195891576],[89.7260991449456,26.5881965991479],[89.7262220977763,26.5901456051949],[89.7248140459556,26.5924355821095],[89.7258269856152,26.594845606328],[89.7257979685981,26.5955556070953],[89.7250259329972,26.5971095949945],[89.7243969249782,26.5975035834993],[89.7241809004761,26.5985425812455],[89.7238228782285,26.5995015760793],[89.7236768570513,26.6003955749146],[89.723461840631,26.6010985720497],[89.7234598175524,26.6020575738076],[89.723528783523,26.603464577786],[89.7237397599458,26.6044235836876],[89.723950731745,26.6055745899491],[89.7240887067943,26.6065975945509],[89.7244426828563,26.6075576032373],[89.7238716672585,26.6082605934451],[89.7230166539111,26.6088975780031],[89.7220216516536,26.6090875589994],[89.7209526357237,26.6098525396321],[89.7193156380713,26.6099135078951],[89.7185326384046,26.6099754927763],[89.7176086390674,26.6100374749141],[89.7174666563264,26.6093344708369],[89.7174686747898,26.608567469442],[89.7173307013076,26.6074794647231],[89.7173337228484,26.6065844631083],[89.7172627476424,26.6055614598146],[89.7170517681396,26.6047304541565],[89.7168397794188,26.604282449195],[89.7164158081385,26.6031304387941],[89.7160638305027,26.6022354302744],[89.7156388499795,26.6014674205727],[89.7149288778463,26.6003784047285],[89.7149308963008,26.5996114033346],[89.7150079330371,26.5980774019666],[89.7148669595473,26.5969893971921],[89.7155919968123,26.5953704082667],[89.7155970436931,26.5934214047222],[89.7161141141769,26.5904414092064],[89.7147311447031,26.5893063801958],[89.7149241709996,26.5881943818709],[89.7149922207222,26.5861203793183],[89.7156972173232,26.5861933931604],[89.7167132296016,26.5855844117739],[89.7163442554717,26.5845444026564],[89.7141732606522,26.5845393604437],[89.7129152818135,26.5837813345739],[89.7126442863652,26.5836183290017],[89.7126242622108,26.5833771681621],[89.7138958201233,26.5833406728113],[89.7161087166821,26.5832693256939],[89.7173698208836,26.5833883204311],[89.7190116436279,26.5835311226142],[89.7205820748239,26.5837453035438],[89.7217242221675,26.5837453257472],[89.7228901511734,26.5836739682793],[89.7242702379664,26.5836739951086],[89.7259120601477,26.5838405873389],[89.7269590148559,26.5839595879159],[89.7275776688424,26.5841499503004],[89.7280178225282,26.5843700392706]]]},"properties":{"compartment":"Dhawla BL1"},"id":"comptt.61"},
{"type":"Feature","geometry":{"type":"Polygon","coordinates":[[[89.5332167669491,26.6107164489122],[89.5330470672431,26.610726887632],[89.5326480675862,26.6107538799265],[89.5282230714836,26.6110497944657],[89.5277110733844,26.6110237844724],[89.5273151077222,26.6096367743594],[89.5268201490603,26.6079687618336],[89.5262562000625,26.60590574728],[89.5253673179906,26.6010917216202],[89.5245994218917,26.5968476993089],[89.5245325583801,26.5966814367848],[89.5245254264972,26.5966636975512],[89.5278533784618,26.5966532721617],[89.5316605032805,26.5964748857861],[89.5367763377223,26.5961775546202],[89.5421003766674,26.5960884278652],[89.5459983900559,26.5959621133512],[89.5459623867325,26.5961041129015],[89.5454603585835,26.5973271052992],[89.5453073170472,26.59907110539],[89.5457672872585,26.6002631164188],[89.5458842527399,26.6016871211927],[89.545991216128,26.603199125927],[89.5464971749434,26.6048601386752],[89.5466281155678,26.6073161455351],[89.546921065956,26.6093491548],[89.5470440518718,26.6099221581969],[89.5414150588448,26.6102120493263],[89.5332167669491,26.6107164489122]]]},"properties":{"compartment":"Damanpur BL3"},"id":"comptt.62"},
{"type":"Feature","geometry":{"type":"Polygon","coordinates":[[[89.5277110733844,26.6110237844724],[89.5267900768097,26.6109767664959],[89.5229450801712,26.6112356922415],[89.5171430902645,26.6114185798344],[89.5129210946495,26.611675498255],[89.509378098934,26.6118664297537],[89.5089660988129,26.6119144218327],[89.5088402889926,26.6119291612799],[89.5088149956412,26.6091505741094],[89.5088864114993,26.6076515128998],[89.5091005918493,26.606366604834],[89.5094147116039,26.6050959687338],[89.5098715934498,26.6041394359501],[89.5102428148234,26.6032114515517],[89.5110708967176,26.6017980651841],[89.5117847640931,26.6005845569435],[89.5126985030259,26.5992853824347],[89.513312420701,26.5984858929694],[89.5141690542866,26.5974151477459],[89.5145122918726,26.5970576210361],[89.5149114515304,26.5970364315047],[89.5181094394863,26.5967890331756],[89.5225257107539,26.5966939387703],[89.5245325583801,26.5966814367848],[89.5245994218917,26.5968476993089],[89.5253673179906,26.6010917216202],[89.5262562000625,26.60590574728],[89.5268201490603,26.6079687618336],[89.5273151077222,26.6096367743594],[89.5277110733844,26.6110237844724]]]},"properties":{"compartment":"Damanpur BL2"},"id":"comptt.63"},
{"type":"Feature","geometry":{"type":"Polygon","coordinates":[[[89.6671597015931,26.6115426562899],[89.6622444172391,26.6113781103856],[89.6553915824215,26.6114255671909],[89.65115613936,26.611972755818],[89.6446602185972,26.6122343699626],[89.6421447560622,26.6125900116908],[89.6413567833191,26.6115359944487],[89.6391658516013,26.6089169470806],[89.6367179344725,26.6057168936686],[89.6350029882936,26.6036508565755],[89.6375639881856,26.6033999059071],[89.6406679861564,26.6031749658425],[89.6428669835353,26.6030650083935],[89.6461009811852,26.602841070859],[89.649979973093,26.6027921461847],[89.6532139679716,26.6026842088639],[89.6556079621182,26.6026902554207],[89.6571599625097,26.6025202852852],[89.6592949670971,26.6021183260601],[89.6615539727165,26.6016613691448],[89.6625559578707,26.6021793895765],[89.6630909183658,26.6037684028926],[89.6633128663184,26.6059094111356],[89.6632277834421,26.6093614158127],[89.6670647392025,26.6108204931165],[89.6671507232553,26.6114744959901],[89.6671597015931,26.6115426562899]]]},"properties":{"compartment":"Panbari BL5"},"id":"comptt.64"},
{"type":"Feature","geometry":{"type":"Polygon","coordinates":[[[89.5088402889926,26.6119291612799],[89.5043240973812,26.6124583325924],[89.4991220962227,26.6130502325558],[89.4958800981559,26.6133091700213],[89.4957750991898,26.6132771679264],[89.4959561438854,26.6113991682061],[89.4957922213917,26.608192159494],[89.4957342486026,26.6070661564272],[89.4947803031589,26.6048961341602],[89.4940653466782,26.6031601172847],[89.4941133483837,26.6030841180859],[89.4955214001304,26.6007831414638],[89.4945634338727,26.599479120615],[89.4944224493397,26.5988501167937],[89.4943868832781,26.5986899158271],[89.4953618148869,26.5985208444657],[89.5017958733496,26.5979118283443],[89.5052222916119,26.5976263543828],[89.5106093868037,26.597264778362],[89.5145122918726,26.5970576210361],[89.5141690542866,26.5974151477459],[89.513312420701,26.5984858929694],[89.5126985030259,26.5992853824347],[89.5117847640931,26.6005845569435],[89.5110708967176,26.6017980651841],[89.5102428148234,26.6032114515517],[89.5098715934498,26.6041394359501],[89.5094147116039,26.6050959687338],[89.5091005918493,26.606366604834],[89.5088864114993,26.6076515128998],[89.5088149956412,26.6091505741094],[89.5088402889926,26.6119291612799]]]},"properties":{"compartment":"Damanpur BL1"},"id":"comptt.65"},
{"type":"Feature","geometry":{"type":"Polygon","coordinates":[[[89.6362943274675,26.6131196400938],[89.6361897573526,26.6131298968644],[89.635396757356,26.6132088815864],[89.6302857573951,26.6137177831176],[89.6261467550652,26.6142287035545],[89.6237537553721,26.6144556574305],[89.621746753356,26.6147406189175],[89.6187697523633,26.6150805616412],[89.6158597525882,26.615363505565],[89.6154047521004,26.6154294968363],[89.6151093517702,26.6154729111703],[89.615321473542,26.6145469636261],[89.6153928805486,26.6138331337279],[89.6154880757794,26.6131906744208],[89.6156070672504,26.6122864851045],[89.6156308737979,26.6115964343233],[89.6156071004597,26.6109063926172],[89.6154167529435,26.6104066980156],[89.6150836486349,26.6097880304243],[89.6148695088856,26.609383515532],[89.6147981253557,26.6091217736725],[89.6145126103584,26.6085269070498],[89.6142746763908,26.6078844412665],[89.6141319199023,26.6073371675052],[89.6140367667332,26.6066471144121],[89.6139892031787,26.6055525615154],[89.6198872909112,26.6050544752697],[89.6350029882936,26.6036508565755],[89.6367179344725,26.6057168936686],[89.6391658516013,26.6089169470806],[89.6413567833191,26.6115359944487],[89.6421447560622,26.6125900116908],[89.64055275675,26.6127199809671],[89.6394097572772,26.6128119589061],[89.6365567573376,26.613093903936],[89.6362943274675,26.6131196400938]]]},"properties":{"compartment":"Panbari BL6"},"id":"comptt.66"},
{"type":"Feature","geometry":{"type":"Polygon","coordinates":[[[89.4957750991898,26.6132771679264],[89.4956541003601,26.6132411655137],[89.4950521003137,26.613306153931],[89.4933910964928,26.6136391222374],[89.4876590853729,26.6147030127159],[89.4821520786167,26.6155629072123],[89.4808120751797,26.6158468816682],[89.4802431196085,26.6140588675522],[89.4799301748518,26.6117938575929],[89.4791692578293,26.6084218370383],[89.4784693266523,26.6056318186677],[89.4784133742524,26.6036568141994],[89.4784874242815,26.6015668120584],[89.4787484361623,26.6010448162323],[89.478787439283,26.6009108167601],[89.4793454220774,26.6007357472939],[89.4809444253504,26.600431207818],[89.4822578893472,26.6001266627978],[89.4852084192108,26.5998221495625],[89.4898341044617,26.5991179181652],[89.4915473147174,26.598927591102],[89.4943868832781,26.5986899158271],[89.4944224493397,26.5988501167937],[89.4945634338727,26.599479120615],[89.4955214001304,26.6007831414638],[89.4941133483837,26.6030841180859],[89.4940653466782,26.6031601172847],[89.4947803031589,26.6048961341602],[89.4957342486026,26.6070661564272],[89.4957922213917,26.608192159494],[89.4959561438854,26.6113991682061],[89.4957750991898,26.6132771679264]]]},"properties":{"compartment":"Poro BL3"},"id":"comptt.67"},
{"type":"Feature","geometry":{"type":"Polygon","coordinates":[[[89.4808120751797,26.6158468816682],[89.4802670737703,26.6159628712798],[89.4801640740552,26.6159618692772],[89.4792880763457,26.615958852255],[89.47657307695,26.616219799961],[89.4732550791387,26.6164787359503],[89.4685060867287,26.6166646440187],[89.4644350893179,26.616987565492],[89.4620190890986,26.6172525190142],[89.4623800995509,26.6167795252216],[89.4631621309764,26.6153895380459],[89.4635571718228,26.613648542755],[89.4643432214054,26.6115025543672],[89.4653862507664,26.6101705723544],[89.466942273175,26.6090736007024],[89.4681763020261,26.6077426223967],[89.4690213207386,26.6068746373251],[89.4694143364657,26.6061786437692],[89.4694823544352,26.6054236438016],[89.4691633761978,26.6045516361202],[89.4687133997097,26.6036206257949],[89.4686534180016,26.6028656233423],[89.4689154326404,26.6022286273427],[89.4691944469235,26.6016046316951],[89.4700204451872,26.6015896477063],[89.4727364366638,26.6016577005539],[89.4753884366933,26.6013767515635],[89.4781054337533,26.6012128040355],[89.478787439283,26.6009108167601],[89.4787484361623,26.6010448162323],[89.4784874242815,26.6015668120584],[89.4784133742524,26.6036568141994],[89.4784693266523,26.6056318186677],[89.4791692578293,26.6084218370383],[89.4799301748518,26.6117938575929],[89.4802431196085,26.6140588675522],[89.4808120751797,26.6158468816682]]]},"properties":{"compartment":"Poro BL2"},"id":"comptt.68"},
{"type":"Feature","geometry":{"type":"Polygon","coordinates":[[[89.884503617402,26.5960910465626],[89.8841995819831,26.5967586919645],[89.8850915413565,26.5983637125121],[89.8862364890873,26.6004287389001],[89.8858534540195,26.6019187343925],[89.8840644110186,26.6038657034044],[89.884828376153,26.6052427210113],[89.8857193078604,26.6079947438167],[89.8863552622265,26.6098297598408],[89.8869902083199,26.6120077765267],[89.8877531458309,26.6145297963901],[89.8857090839927,26.6172797620103],[89.8834131139482,26.6162467152267],[89.880992146954,26.6150986657841],[89.8783141722565,26.6142936120165],[89.8757631806942,26.6141765620851],[89.8735931661853,26.6149765213863],[89.8728271595792,26.6153205071409],[89.8707861669032,26.6152034671463],[89.868107178413,26.6149714144965],[89.8677261930712,26.6143984059459],[89.863166337025,26.6088453061969],[89.8627204611134,26.608301736444],[89.8634731045457,26.6047709641604],[89.864008550019,26.6020048491477],[89.8642203612034,26.6002761698721],[89.8642774976777,26.599172098813],[89.8644869294059,26.5974208194458],[89.8646582692043,26.5965832511341],[89.864810576293,26.5958598926762],[89.8651722743815,26.5946606473584],[89.871568255232,26.5948701722921],[89.8767459438382,26.5948702730994],[89.8773550806651,26.5949464251097],[89.8781926428631,26.5951939019063],[89.8796964577254,26.5952700813368],[89.8811812435485,26.595308180322],[89.8828563734527,26.5955747134659],[89.884503617402,26.5960910465626]]]},"properties":{"compartment":"N Bholka BL2"},"id":"comptt.69"},
{"type":"Feature","geometry":{"type":"Polygon","coordinates":[[[89.6151093517702,26.6154729111703],[89.6127517491358,26.6158194459502],[89.6102927468864,26.6161603987481],[89.6075127482128,26.6163853450954],[89.6049237504779,26.6165522950529],[89.6024017497698,26.6168362465235],[89.6007197525836,26.6168892139131],[89.5988447572654,26.6168841774465],[89.5965797643437,26.61681913329],[89.5934777749105,26.6166940727533],[89.592053779875,26.6166320449558],[89.5919007789005,26.6166880420811],[89.5909527728627,26.6170350242691],[89.589786765986,26.61743900232],[89.5872587609213,26.6179059540015],[89.5872727675533,26.6176289537797],[89.5870368205173,26.6154519453089],[89.5869348456707,26.6144169414801],[89.5869609334712,26.6107649354728],[89.5871849836333,26.6086569360672],[89.5873100016571,26.6078949371376],[89.5872873652879,26.6077462864325],[89.5911910035779,26.6074214917254],[89.5969730906553,26.6069576032813],[89.6069668169854,26.6061011859989],[89.6123949653187,26.6056239206542],[89.6139892031787,26.6055525615154],[89.6140367667332,26.6066471144121],[89.6141319199023,26.6073371675052],[89.6142746763908,26.6078844412665],[89.6145126103584,26.6085269070498],[89.6147981253557,26.6091217736725],[89.6148695088856,26.609383515532],[89.6150836486349,26.6097880304243],[89.6154167529435,26.6104066980156],[89.6156071004597,26.6109063926172],[89.6156308737979,26.6115964343233],[89.6156070672504,26.6122864851045],[89.6154880757794,26.6131906744208],[89.6153928805486,26.6138331337279],[89.615321473542,26.6145469636261],[89.6151093517702,26.6154729111703]]]},"properties":{"compartment":"Panbari BL7"},"id":"comptt.70"},
{"type":"Feature","geometry":{"type":"Polygon","coordinates":[[[89.4620190890986,26.6172525190142],[89.4566680886532,26.6178384160726],[89.4501070881046,26.6185582898559],[89.4456580885044,26.6190152042159],[89.4438470884082,26.619212169374],[89.443621092281,26.6190751647532],[89.4423471266067,26.6177831378282],[89.4399441802203,26.6158090878299],[89.4375892344057,26.6138060387219],[89.4385982570026,26.6127580565486],[89.4396513095486,26.610459073119],[89.4400363228827,26.6098630795892],[89.4408973574863,26.6083310937219],[89.4421353808392,26.6072271158945],[89.4430894049437,26.6061221325503],[89.443573446683,26.6043331389253],[89.4440644802098,26.6028851460111],[89.4441514861365,26.6026291472675],[89.4441738100233,26.6024649574234],[89.4475622007003,26.6024922932449],[89.453415657464,26.6024210167553],[89.4563423927427,26.602306863379],[89.4582126514058,26.6021641294449],[89.4606539817049,26.6018929163791],[89.4619246115576,26.6017644508283],[89.465222533856,26.601735964806],[89.4685061868858,26.6016789184594],[89.4691944469235,26.6016046316951],[89.4689154326404,26.6022286273427],[89.4686534180016,26.6028656233423],[89.4687133997097,26.6036206257949],[89.4691633761978,26.6045516361202],[89.4694823544352,26.6054236438016],[89.4694143364657,26.6061786437692],[89.4690213207386,26.6068746373251],[89.4681763020261,26.6077426223967],[89.466942273175,26.6090736007024],[89.4653862507664,26.6101705723544],[89.4643432214054,26.6115025543672],[89.4635571718228,26.613648542755],[89.4631621309764,26.6153895380459],[89.4623800995509,26.6167795252216],[89.4620190890986,26.6172525190142]]]},"properties":{"compartment":"Poro BL1"},"id":"comptt.71"},
{"type":"Feature","geometry":{"type":"Polygon","coordinates":[[[89.5872587609213,26.6179059540015],[89.586277485466,26.6178167347636],[89.5842252011784,26.6182033655509],[89.5812508705836,26.6185304783048],[89.5780980875705,26.6189765678007],[89.5761052845831,26.6193037096376],[89.5737772259067,26.619486044699],[89.5735818257915,26.6190952202063],[89.573115483734,26.6179816191636],[89.5727918983472,26.6169917511164],[89.5724302453424,26.6159067121607],[89.572021007262,26.6146217919261],[89.5717355006325,26.6136795147048],[89.571440482039,26.6124041167084],[89.5709741347797,26.6110906453148],[89.5707076558099,26.6102435486335],[89.5704792488061,26.6093107925405],[89.5704433737978,26.6091069114819],[89.571647571569,26.6090766748316],[89.5779293471541,26.6086199461075],[89.5820600862008,26.6082393057138],[89.5844776162423,26.6079918922598],[89.5872873652879,26.6077462864325],[89.5873100016571,26.6078949371376],[89.5871849836333,26.6086569360672],[89.5869609334712,26.6107649354728],[89.5869348456707,26.6144169414801],[89.5870368205173,26.6154519453089],[89.5872727675533,26.6176289537797],[89.5872587609213,26.6179059540015]]]},"properties":{"compartment":"S RVBK BL13"},"id":"comptt.72"},
{"type":"Feature","geometry":{"type":"Polygon","coordinates":[[[89.5737772259067,26.619486044699],[89.5696509982641,26.6198092150509],[89.5668848779095,26.6201066018001],[89.5615608259916,26.6207310993986],[89.5583782966837,26.6210284780525],[89.5564217538875,26.621345360575],[89.5557607975105,26.6196003446489],[89.5541578868103,26.6160533072391],[89.5522319853113,26.6121562629437],[89.5506700472065,26.6097432283425],[89.5540966915035,26.6096283747281],[89.5620345687953,26.609342988482],[89.5678594785845,26.6091717813802],[89.5704433737978,26.6091069114819],[89.5704792488061,26.6093107925405],[89.5707076558099,26.6102435486335],[89.5709741347797,26.6110906453148],[89.571440482039,26.6124041167084],[89.5717355006325,26.6136795147048],[89.572021007262,26.6146217919261],[89.5724302453424,26.6159067121607],[89.5727918983472,26.6169917511164],[89.573115483734,26.6179816191636],[89.5735818257915,26.6190952202063],[89.5737772259067,26.619486044699]]]},"properties":{"compartment":"S RVBK BL14"},"id":"comptt.73"},
{"type":"Feature","geometry":{"type":"Polygon","coordinates":[[[89.5564217538875,26.621345360575],[89.5547895468665,26.621389088921],[89.5516772166591,26.6217173989946],[89.5496499172095,26.6219029499101],[89.547508396672,26.6221456187057],[89.5439534848333,26.6225881303762],[89.5414407641972,26.6228736120308],[89.5367294369694,26.6232447210963],[89.5317182984459,26.6237014844844],[89.5298480417314,26.6237585482291],[89.5287128220937,26.6238610663413],[89.5288047056821,26.6232868271251],[89.5290474240088,26.6229156311951],[89.5292901316483,26.6225729953148],[89.5299611564643,26.6218877271613],[89.5304323066262,26.6214165954963],[89.5312603751729,26.6205600100951],[89.5321312708655,26.6198176257249],[89.5328594024483,26.6192608489038],[89.5334733081332,26.6189610503113],[89.5342014238779,26.6186469739136],[89.5346297345297,26.6185756021132],[89.5349866450159,26.6185184989502],[89.5350437607127,26.6182757896356],[89.5350152200567,26.6178903184065],[89.5349438391637,26.6175191263699],[89.534872471705,26.6170051540837],[89.534729717514,26.6163627001854],[89.5345013018186,26.6157916247475],[89.5342157866082,26.6152062681751],[89.5338731553584,26.6148778909424],[89.5331307651029,26.6145495159414],[89.5326882010114,26.6143496269917],[89.5323455573578,26.614121199934],[89.5321314157883,26.6137928251989],[89.5320457652721,26.6134073528608],[89.5321885459043,26.6129504948369],[89.5323598720017,26.6126792376919],[89.5325312008456,26.6122937703474],[89.5327025303763,26.6118797429528],[89.5327739280952,26.6115513837661],[89.5329452576256,26.6111373563714],[89.5331165833792,26.6108803792511],[89.5332167669491,26.6107164489122],[89.5414150588448,26.6102120493263],[89.5470440518718,26.6099221581969],[89.5475970511765,26.6098941688935],[89.5483500476298,26.6099641836487],[89.5506700472065,26.6097432283425],[89.5522319853113,26.6121562629437],[89.5541578868103,26.6160533072391],[89.5557607975105,26.6196003446489],[89.5564217538875,26.621345360575]]]},"properties":{"compartment":"S RVBK BL15"},"id":"comptt.74"},
{"type":"Feature","geometry":{"type":"Polygon","coordinates":[[[89.5287128220937,26.6238610663413],[89.5276351424387,26.6239583855629],[89.5238660825695,26.6243437829717],[89.5223812918124,26.6245293544337],[89.5202826108743,26.6247862940874],[89.5189976992781,26.6249861494594],[89.5174129784339,26.6251859890036],[89.5149288177831,26.6254714812139],[89.5132441582255,26.6256284887412],[89.5110312575903,26.6258854261745],[89.5097035178296,26.6260138905899],[89.5067053957379,26.6264135830081],[89.505249166305,26.6265420449261],[89.5032646957975,26.6267704367498],[89.5012516763957,26.6269559979446],[89.5001965779727,26.6270008075149],[89.5004707778192,26.6261472813706],[89.4992758382794,26.6237592540251],[89.4992879007693,26.621160249774],[89.496646964976,26.6187671943295],[89.4954459941435,26.6176801691211],[89.495704082033,26.6139981677895],[89.4957750991898,26.6132771679264],[89.4958800981559,26.6133091700213],[89.4991220962227,26.6130502325558],[89.5043240973812,26.6124583325924],[89.5088402889926,26.6119291612799],[89.5089660988129,26.6119144218327],[89.509378098934,26.6118664297537],[89.5129210946495,26.611675498255],[89.5171430902645,26.6114185798344],[89.5229450801712,26.6112356922415],[89.5267900768097,26.6109767664959],[89.5277110733844,26.6110237844724],[89.5282230714836,26.6110497944657],[89.5326480675862,26.6107538799265],[89.5330470672431,26.610726887632],[89.5332167669491,26.6107164489122],[89.5331165833792,26.6108803792511],[89.5329452576256,26.6111373563714],[89.5327739280952,26.6115513837661],[89.5327025303763,26.6118797429528],[89.5325312008456,26.6122937703474],[89.5323598720017,26.6126792376919],[89.5321885459043,26.6129504948369],[89.5320457652721,26.6134073528608],[89.5321314157883,26.6137928251989],[89.5323455573578,26.614121199934],[89.5326882010114,26.6143496269917],[89.5331307651029,26.6145495159414],[89.5338731553584,26.6148778909424],[89.5342157866082,26.6152062681751],[89.5345013018186,26.6157916247475],[89.534729717514,26.6163627001854],[89.534872471705,26.6170051540837],[89.5349438391637,26.6175191263699],[89.5350152200567,26.6178903184065],[89.5350437607127,26.6182757896356],[89.5349866450159,26.6185184989502],[89.5346297345297,26.6185756021132],[89.5342014238779,26.6186469739136],[89.5334733081332,26.6189610503113],[89.5328594024483,26.6192608489038],[89.5321312708655,26.6198176257249],[89.5312603751729,26.6205600100951],[89.5304323066262,26.6214165954963],[89.5299611564643,26.6218877271613],[89.5292901316483,26.6225729953148],[89.5290474240088,26.6229156311951],[89.5288047056821,26.6232868271251],[89.5287128220937,26.6238610663413]]]},"properties":{"compartment":"S RVBK BL16"},"id":"comptt.75"},
{"type":"Feature","geometry":{"type":"Polygon","coordinates":[[[89.6530789112631,26.6274837915055],[89.6519203740219,26.6274842290141],[89.6514651951041,26.6274845522574],[89.6499660804739,26.6257498378207],[89.6491333091458,26.6242269688386],[89.6473487775985,26.6215619292589],[89.6464684192418,26.6199200791393],[89.6452073661158,26.6176833605326],[89.64332768227,26.6138761770379],[89.6421447560622,26.6125900116908],[89.6446602185972,26.6122343699626],[89.65115613936,26.611972755818],[89.6553915824215,26.6114255671909],[89.6622444172391,26.6113781103856],[89.6671597015931,26.6115426562899],[89.6675016582642,26.6141395077114],[89.6673996464445,26.6146405066473],[89.6672046124054,26.6160735054854],[89.6672635791327,26.6174495091599],[89.6672585418677,26.6189975119052],[89.6677015049076,26.6204885232622],[89.6681414472137,26.6228405361431],[89.6686443921332,26.6250775500401],[89.6688313571673,26.6265105563117],[89.6689153478369,26.6268895586427],[89.6666953712805,26.626135514056],[89.666065371888,26.6261725018641],[89.6634253744383,26.6263274507747],[89.6588363705365,26.6269433626037],[89.6544383680274,26.6274832780097],[89.6530789112631,26.6274837915055]]]},"properties":{"compartment":"Panbari BL4"},"id":"comptt.76"},
{"type":"Feature","geometry":{"type":"Polygon","coordinates":[[[89.5001965779727,26.6270008075149],[89.4960882128021,26.6272301480606],[89.4927379394204,26.6273062230775],[89.4919003678704,26.6274584970612],[89.4899777558551,26.627744000186],[89.4878647947827,26.6280104495784],[89.487099002939,26.6281675249651],[89.4869685515051,26.6274095711279],[89.4868852866,26.6267909084471],[89.4868496078533,26.6263269069567],[89.4867187502053,26.6258272235554],[89.4864213344095,26.6252680368153],[89.4860644253291,26.6248516291646],[89.4855409612491,26.6242448479506],[89.4849342059483,26.6236975652207],[89.4843155535233,26.6234477027705],[89.4835422394863,26.6232811274581],[89.4828997842602,26.6231502447501],[89.4823763098778,26.6229717742724],[89.4820550952695,26.6227814177045],[89.4815673188095,26.6222698173497],[89.4813888655567,26.6220080734337],[89.4813412822586,26.6217344320401],[89.4812937009633,26.6213775105038],[89.4813056083728,26.621068180205],[89.4814245855111,26.6207588519865],[89.481579250556,26.620532804604],[89.4817577178294,26.6202115875208],[89.4819599864735,26.619830870798],[89.4820432759904,26.6194263717227],[89.4819600039263,26.6191051395541],[89.4817577510188,26.6188314951556],[89.4815198153405,26.6186768202678],[89.4811034112582,26.6184745618314],[89.480936857974,26.618212818147],[89.4808416890864,26.6177607155233],[89.4808179094455,26.6173324143273],[89.4808179197442,26.6169041135936],[89.4808536188082,26.6165233936346],[89.4808536262459,26.6162140631046],[89.4808120751797,26.6158468816682],[89.4821520786167,26.6155629072123],[89.4876590853729,26.6147030127159],[89.4933910964928,26.6136391222374],[89.4950521003137,26.613306153931],[89.4956541003601,26.6132411655137],[89.4957750991898,26.6132771679264],[89.495704082033,26.6139981677895],[89.4954459941435,26.6176801691211],[89.496646964976,26.6187671943295],[89.4992879007693,26.621160249774],[89.4992758382794,26.6237592540251],[89.5004707778192,26.6261472813706],[89.5001965779727,26.6270008075149]]]},"properties":{"compartment":"Nimati BL5"},"id":"comptt.77"},
{"type":"Feature","geometry":{"type":"Polygon","coordinates":[[[89.6514651951041,26.6274845522574],[89.6478343837274,26.6274871495125],[89.646331389616,26.627392120094],[89.6447463885488,26.6275940896215],[89.6417523876605,26.6279290319751],[89.6383983855491,26.6283509674822],[89.6368393909339,26.6282829370251],[89.6365871918511,26.6282718311093],[89.637069477244,26.6238460134413],[89.6371647343675,26.6206337394584],[89.6367365310659,26.6166600239104],[89.6363796829464,26.6137094816106],[89.6362943274675,26.6131196400938],[89.6365567573376,26.613093903936],[89.6394097572772,26.6128119589061],[89.64055275675,26.6127199809671],[89.6421447560622,26.6125900116908],[89.64332768227,26.6138761770379],[89.6452073661158,26.6176833605326],[89.6464684192418,26.6199200791393],[89.6473487775985,26.6215619292589],[89.6491333091458,26.6242269688386],[89.6499660804739,26.6257498378207],[89.6514651951041,26.6274845522574]]]},"properties":{"compartment":"Panbari BL3"},"id":"comptt.78"},
{"type":"Feature","geometry":{"type":"Polygon","coordinates":[[[89.7919934779825,26.6096159217982],[89.7917917344937,26.6101948089816],[89.7913515119885,26.6111703822834],[89.7911492352484,26.6118842197149],[89.7909112768689,26.6126694365886],[89.790756584859,26.613597425357],[89.7906375953474,26.6144183346149],[89.7903758350125,26.6152868411841],[89.7901616688699,26.6159768783375],[89.7898880085609,26.6168453746745],[89.7896262465034,26.6177852613797],[89.7892574084167,26.6185704757029],[89.7889480667895,26.61908206066],[89.7887220089877,26.6194270769193],[89.7882223100881,26.6198434679864],[89.7876869329905,26.6201884782218],[89.7872943110165,26.6203074508041],[89.7867827284536,26.6204621011379],[89.7862235462483,26.6210212713194],[89.784795830784,26.6226273765906],[89.7839510977569,26.6236624321203],[89.7821069763573,26.6255540698231],[89.7814407066511,26.6264344585297],[89.7805364983485,26.6272791525332],[89.779441913309,26.6284212733957],[89.7788589402968,26.629016133177],[89.7787994438344,26.6292897625408],[89.7777144089547,26.6291802911971],[89.7763081554421,26.6290446335471],[89.7753016492948,26.62898036382],[89.7737383556281,26.628866123153],[89.7724463122026,26.6287161877017],[89.7715040464274,26.6286305091859],[89.7710686125891,26.628416350297],[89.7707973578583,26.6282236046467],[89.7705850646251,26.6279631400158],[89.7709310945035,26.6275205459121],[89.7714481458775,26.6253405518287],[89.7714542233415,26.6221265458231],[89.7714592786703,26.6198305415467],[89.7701843203927,26.6182205136555],[89.7698053821075,26.615695501469],[89.769936423299,26.6139735007406],[89.7709614513331,26.6127125182925],[89.7731334545777,26.6123715599237],[89.773648481033,26.6112245677621],[89.774202562729,26.6077805719786],[89.7767415358264,26.608656623069],[89.7793905140485,26.6093096758783],[89.7818015136561,26.6090977224043],[89.7841065124985,26.6089277669474],[89.7846234523121,26.6088899080136],[89.7846935121973,26.6088847782915],[89.7873445008385,26.6091058303192],[89.7897544900572,26.6093258776552],[89.7919934779825,26.6096159217982]]]},"properties":{"compartment":"C Rydak BL5"},"id":"comptt.79"},
{"type":"Feature","geometry":{"type":"Polygon","coordinates":[[[89.6195738403199,26.6296217936289],[89.6193314002737,26.6296475988569],[89.6187746501929,26.6297066476049],[89.6188189483537,26.628533206876],[89.6182955217678,26.6263678827861],[89.6175579087644,26.6253209065488],[89.6171772122912,26.6247974181992],[89.6167489305162,26.624083568581],[89.6165109954153,26.6234887028802],[89.6162730591684,26.6229414172654],[89.6160113404263,26.6220848006305],[89.6157258305948,26.621275783619],[89.6154403113355,26.6204429665647],[89.6152737689232,26.6197291220391],[89.6151072259377,26.6190390675564],[89.6150596572457,26.6181586650446],[89.6149882943373,26.6170403216412],[89.6149883109464,26.6163502703979],[89.6151093517702,26.6154729111703],[89.6154047521004,26.6154294968363],[89.6158597525882,26.615363505565],[89.6187697523633,26.6150805616412],[89.621746753356,26.6147406189175],[89.6237537553721,26.6144556574305],[89.6261467550652,26.6142287035545],[89.6302857573951,26.6137177831176],[89.635396757356,26.6132088815864],[89.6361897573526,26.6131298968644],[89.6362943274675,26.6131196400938],[89.6363796829464,26.6137094816106],[89.6367365310659,26.6166600239104],[89.6371647343675,26.6206337394584],[89.637069477244,26.6238460134413],[89.6365871918511,26.6282718311093],[89.6354763956565,26.6282229103963],[89.6319503993729,26.6284208421516],[89.6279793965374,26.6289357658236],[89.6260373959951,26.6291527284325],[89.6207404004795,26.6294976259989],[89.6195738403199,26.6296217936289]]]},"properties":{"compartment":"Panbari BL2"},"id":"comptt.80"},
{"type":"Feature","geometry":{"type":"Polygon","coordinates":[[[89.7919934779825,26.6096159217982],[89.7920834760193,26.6096889236903],[89.7932064898276,26.609009944249],[89.7944075019179,26.6083949664481],[89.7952915027068,26.608278983434],[89.7960904676951,26.6096570016359],[89.7969133982177,26.6124630230508],[89.7971783430822,26.6147260325599],[89.7960102788751,26.6175000151469],[89.7960582173959,26.6200460209729],[89.797193174874,26.6217030462616],[89.7991370786486,26.6255110914468],[89.7994990463582,26.6268161010081],[89.7998359931161,26.6289921117585],[89.7999964324428,26.6298341765043],[89.7973829797301,26.6297779154818],[89.7946585050588,26.6298135524741],[89.7922671519313,26.6297540257743],[89.7902803078876,26.6296944969554],[89.7885552035377,26.6296230832131],[89.7867944086978,26.6295754588217],[89.785164483275,26.629539737003],[89.7821068836957,26.6293969071701],[89.7787994438344,26.6292897625408],[89.7788589402968,26.629016133177],[89.779441913309,26.6284212733957],[89.7805364983485,26.6272791525332],[89.7814407066511,26.6264344585297],[89.7821069763573,26.6255540698231],[89.7839510977569,26.6236624321203],[89.784795830784,26.6226273765906],[89.7862235462483,26.6210212713194],[89.7867827284536,26.6204621011379],[89.7872943110165,26.6203074508041],[89.7876869329905,26.6201884782218],[89.7882223100881,26.6198434679864],[89.7887220089877,26.6194270769193],[89.7889480667895,26.61908206066],[89.7892574084167,26.6185704757029],[89.7896262465034,26.6177852613797],[89.7898880085609,26.6168453746745],[89.7901616688699,26.6159768783375],[89.7903758350125,26.6152868411841],[89.7906375953474,26.6144183346149],[89.790756584859,26.613597425357],[89.7909112768689,26.6126694365886],[89.7911492352484,26.6118842197149],[89.7913515119885,26.6111703822834],[89.7917917344937,26.6101948089816],[89.7919934779825,26.6096159217982]]]},"properties":{"compartment":"C Rydak BL6"},"id":"comptt.81"},
{"type":"Feature","geometry":{"type":"Polygon","coordinates":[[[89.6187746501929,26.6297066476049],[89.6176534000463,26.6298255665321],[89.6125714114655,26.6298624677291],[89.609435420325,26.6298104066269],[89.6071424239416,26.6298913621647],[89.6054244275136,26.6299163287883],[89.6036414272724,26.6301062944439],[89.6023274277955,26.6302172690813],[89.5979304343352,26.6303901838565],[89.5943464398226,26.6305251143802],[89.5888254521009,26.6305750070756],[89.588805454269,26.6304870065296],[89.5882705257694,26.6275719909227],[89.587913570534,26.6257489807274],[89.5873706371497,26.6230369653303],[89.587136697489,26.6205539563518],[89.5872587609213,26.6179059540015],[89.589786765986,26.61743900232],[89.5909527728627,26.6170350242691],[89.5919007789005,26.6166880420811],[89.592053779875,26.6166320449558],[89.5934777749105,26.6166940727533],[89.5965797643437,26.61681913329],[89.5988447572654,26.6168841774465],[89.6007197525836,26.6168892139131],[89.6024017497698,26.6168362465235],[89.6049237504779,26.6165522950529],[89.6075127482128,26.6163853450954],[89.6102927468864,26.6161603987481],[89.6127517491358,26.6158194459502],[89.6151093517702,26.6154729111703],[89.6149883109464,26.6163502703979],[89.6149882943373,26.6170403216412],[89.6150596572457,26.6181586650446],[89.6151072259377,26.6190390675564],[89.6152737689232,26.6197291220391],[89.6154403113355,26.6204429665647],[89.6157258305948,26.621275783619],[89.6160113404263,26.6220848006305],[89.6162730591684,26.6229414172654],[89.6165109954153,26.6234887028802],[89.6167489305162,26.624083568581],[89.6171772122912,26.6247974181992],[89.6175579087644,26.6253209065488],[89.6182955217678,26.6263678827861],[89.6188189483537,26.628533206876],[89.6187746501929,26.6297066476049]]]},"properties":{"compartment":"Panbari BL1"},"id":"comptt.82"},
{"type":"Feature","geometry":{"type":"Polygon","coordinates":[[[89.487099002939,26.6281675249651],[89.4863800112085,26.6283150012447],[89.4849333007464,26.6284862934221],[89.482915508068,26.6288098547617],[89.4791654761191,26.6292856826964],[89.4773380552577,26.6295140675724],[89.4739496956142,26.6298566523078],[89.471075308796,26.6300279167394],[89.4676108193646,26.6303704899959],[89.4643366808323,26.6306559668545],[89.4626044306675,26.6308462835152],[89.4605105109698,26.63105563318],[89.4577122603261,26.6313791893517],[89.4561478993892,26.6315841792999],[89.4561997647843,26.6313544299178],[89.4564277884282,26.6303474326396],[89.4569538163859,26.6291294407934],[89.4578618377381,26.6281454567662],[89.4587748702383,26.6266974720469],[89.4596899097309,26.6249584868704],[89.4600199507608,26.6232174903231],[89.4600279954458,26.6213584873193],[89.4605530345527,26.6196764946591],[89.4612730675576,26.6182275061817],[89.4620190890986,26.6172525190142],[89.4644350893179,26.616987565492],[89.4685060867287,26.6166646440187],[89.4732550791387,26.6164787359503],[89.47657307695,26.616219799961],[89.4792880763457,26.615958852255],[89.4801640740552,26.6159618692772],[89.4802670737703,26.6159628712798],[89.4808120751797,26.6158468816682],[89.4808536262459,26.6162140631046],[89.4808536188082,26.6165233936346],[89.4808179197442,26.6169041135936],[89.4808179094455,26.6173324143273],[89.4808416890864,26.6177607155233],[89.480936857974,26.618212818147],[89.4811034112582,26.6184745618314],[89.4815198153405,26.6186768202678],[89.4817577510188,26.6188314951556],[89.4819600039263,26.6191051395541],[89.4820432759904,26.6194263717227],[89.4819599864735,26.619830870798],[89.4817577178294,26.6202115875208],[89.481579250556,26.620532804604],[89.4814245855111,26.6207588519865],[89.4813056083728,26.621068180205],[89.4812937009633,26.6213775105038],[89.4813412822586,26.6217344320401],[89.4813888655567,26.6220080734337],[89.4815673188095,26.6222698173497],[89.4820550952695,26.6227814177045],[89.4823763098778,26.6229717742724],[89.4828997842602,26.6231502447501],[89.4835422394863,26.6232811274581],[89.4843155535233,26.6234477027705],[89.4849342059483,26.6236975652207],[89.4855409612491,26.6242448479506],[89.4860644253291,26.6248516291646],[89.4864213344095,26.6252680368153],[89.4867187502053,26.6258272235554],[89.4868496078533,26.6263269069567],[89.4868852866,26.6267909084471],[89.4869685515051,26.6274095711279],[89.487099002939,26.6281675249651]]]},"properties":{"compartment":"Nimati BL6"},"id":"comptt.83"},
{"type":"Feature","geometry":{"type":"Polygon","coordinates":[[[89.5888254521009,26.6305750070756],[89.5852024462965,26.631183937689],[89.5828654447458,26.6314858927692],[89.5786914493903,26.6317178119934],[89.5751174492766,26.6320867431324],[89.5747726698925,26.6320963264433],[89.5747902949688,26.6314684556712],[89.574914033145,26.6311162974527],[89.5749996986642,26.6308783586963],[89.5751139166343,26.6305357203094],[89.5752566947634,26.630183562461],[89.5753899540616,26.6297838143429],[89.575428032906,26.6294126144242],[89.5754661151875,26.6288986542521],[89.5754851819522,26.6277850626451],[89.5755042585682,26.6262622003114],[89.5754947791462,26.624577547135],[89.5753520312619,26.6236733427533],[89.575256861576,26.623254550159],[89.5751045913425,26.6228643165051],[89.5749047303891,26.62209337125],[89.5746667960923,26.6214651855082],[89.5740672050522,26.6203230318226],[89.5738863803848,26.6197043672087],[89.5737772259067,26.619486044699],[89.5761052845831,26.6193037096376],[89.5780980875705,26.6189765678007],[89.5812508705836,26.6185304783048],[89.5842252011784,26.6182033655509],[89.586277485466,26.6178167347636],[89.5872587609213,26.6179059540015],[89.587136697489,26.6205539563518],[89.5873706371497,26.6230369653303],[89.587913570534,26.6257489807274],[89.5882705257694,26.6275719909227],[89.588805454269,26.6304870065296],[89.5888254521009,26.6305750070756]]]},"properties":{"compartment":"S RVBK BL12"},"id":"comptt.84"},
{"type":"Feature","geometry":{"type":"Polygon","coordinates":[[[89.5747726698925,26.6320963264433],[89.5745424503037,26.6321027319767],[89.5713004561288,26.632191669077],[89.5686484628461,26.6321836174819],[89.565866468493,26.6322335634622],[89.5637964709459,26.632343523397],[89.5621144752144,26.6323384906752],[89.559462479159,26.6324464392882],[89.5593014795806,26.6324454361552],[89.5593365088453,26.6312264346845],[89.558443596396,26.6276814110634],[89.5571027088395,26.623147376992],[89.5564217538875,26.621345360575],[89.5583782966837,26.6210284780525],[89.5615608259916,26.6207310993986],[89.5668848779095,26.6201066018001],[89.5696509982641,26.6198092150509],[89.5737772259067,26.619486044699],[89.5738863803848,26.6197043672087],[89.5740672050522,26.6203230318226],[89.5746667960923,26.6214651855082],[89.5749047303891,26.62209337125],[89.5751045913425,26.6228643165051],[89.575256861576,26.623254550159],[89.5753520312619,26.6236733427533],[89.5754947791462,26.624577547135],[89.5755042585682,26.6262622003114],[89.5754851819522,26.6277850626451],[89.5754661151875,26.6288986542521],[89.575428032906,26.6294126144242],[89.5753899540616,26.6297838143429],[89.5752566947634,26.630183562461],[89.5751139166343,26.6305357203094],[89.5749996986642,26.6308783586963],[89.574914033145,26.6311162974527],[89.5747902949688,26.6314684556712],[89.5747726698925,26.6320963264433]]]},"properties":{"compartment":"S RVBK BL11"},"id":"comptt.85"},
{"type":"Feature","geometry":{"type":"Polygon","coordinates":[[[89.4561478993892,26.6315841792999],[89.4534242732306,26.6317138165928],[89.4508306612788,26.6320706867977],[89.4481180779202,26.6324989348112],[89.4437874598624,26.6328795713024],[89.4421932188013,26.6330936906852],[89.4339127060769,26.6332600900664],[89.429352817086,26.633290561518],[89.4294817931922,26.6330229135744],[89.4300578224504,26.6317449226195],[89.4308228532165,26.630383935196],[89.4315868758064,26.6293629483233],[89.4324509104279,26.6278309625332],[89.4334999445477,26.6262999803369],[89.4335989627376,26.62553298097],[89.4338909886301,26.6244249847783],[89.4345680565454,26.6215279930542],[89.4346680767962,26.6206749935611],[89.4350601372826,26.6181169968694],[89.4357301621468,26.6170110080194],[89.4368802185371,26.6145420261941],[89.4375892344057,26.6138060387219],[89.4399441802203,26.6158090878299],[89.4423471266067,26.6177831378282],[89.443621092281,26.6190751647532],[89.4438470884082,26.619212169374],[89.4456580885044,26.6190152042159],[89.4501070881046,26.6185582898559],[89.4566680886532,26.6178384160726],[89.4620190890986,26.6172525190142],[89.4612730675576,26.6182275061817],[89.4605530345527,26.6196764946591],[89.4600279954458,26.6213584873193],[89.4600199507608,26.6232174903231],[89.4596899097309,26.6249584868704],[89.4587748702383,26.6266974720469],[89.4578618377381,26.6281454567662],[89.4569538163859,26.6291294407934],[89.4564277884282,26.6303474326396],[89.4561997647843,26.6313544299178],[89.4561478993892,26.6315841792999]]]},"properties":{"compartment":"Nimati BL7"},"id":"comptt.86"},
{"type":"Feature","geometry":{"type":"Polygon","coordinates":[[[89.5593014795806,26.6324454361552],[89.5583451341349,26.632769668128],[89.5575884635979,26.6328695835882],[89.5534482059279,26.6331978736461],[89.549907574006,26.6332263548387],[89.5459529117465,26.6333119380816],[89.5417698290363,26.6334403469595],[89.5385147347201,26.633540223835],[89.5347171203887,26.6336972002618],[89.5331690420661,26.6337876403167],[89.5331445843649,26.6336946896786],[89.5331017706262,26.6330236776732],[89.5329875822202,26.6321385139056],[89.5330018614642,26.6317530435095],[89.5329304912652,26.631353291423],[89.5327020755811,26.6307822159836],[89.5325735962111,26.6303539127369],[89.5324451168407,26.6299256094904],[89.5319454462989,26.6291689284533],[89.5315171607678,26.6286121191537],[89.5311602533403,26.6281267013669],[89.5307319623106,26.6277983324668],[89.5303893314113,26.6274556752072],[89.5299324838887,26.6269845355032],[89.5296469576569,26.6264420090052],[89.52931861428,26.6257852714758],[89.5289759909382,26.6251285336691],[89.5287475759368,26.6245289081824],[89.5286904787903,26.6240006661506],[89.5287128220937,26.6238610663413],[89.5298480417314,26.6237585482291],[89.5317182984459,26.6237014844844],[89.5367294369694,26.6232447210963],[89.5414407641972,26.6228736120308],[89.5439534848333,26.6225881303762],[89.547508396672,26.6221456187057],[89.5496499172095,26.6219029499101],[89.5516772166591,26.6217173989946],[89.5547895468665,26.621389088921],[89.5564217538875,26.621345360575],[89.5571027088395,26.623147376992],[89.558443596396,26.6276814110634],[89.5593365088453,26.6312264346845],[89.5593014795806,26.6324454361552]]]},"properties":{"compartment":"S RVBK BL10"},"id":"comptt.87"},
{"type":"Feature","geometry":{"type":"Polygon","coordinates":[[[89.5117467662836,26.6350065762544],[89.5116895363684,26.6350085147882],[89.5113175358574,26.6350685076593],[89.509201533033,26.6354064671034],[89.5062595300737,26.6358364106465],[89.5045605246928,26.6362373783065],[89.5037405227355,26.6364043626519],[89.5037115259139,26.6362753618652],[89.5033265670835,26.6346053514942],[89.5006886469417,26.6315632949567],[89.499493707395,26.6291762676084],[89.5001167521952,26.6272492763923],[89.5001965779727,26.6270008075149],[89.5012516763957,26.6269559979446],[89.5032646957975,26.6267704367498],[89.505249166305,26.6265420449261],[89.5067053957379,26.6264135830081],[89.5097035178296,26.6260138905899],[89.5110312575903,26.6258854261745],[89.5132441582255,26.6256284887412],[89.5149288177831,26.6254714812139],[89.5174129784339,26.6251859890036],[89.5189976992781,26.6249861494594],[89.5202826108743,26.6247862940874],[89.5223812918124,26.6245293544337],[89.5238660825695,26.6243437829717],[89.5276351424387,26.6239583855629],[89.5287128220937,26.6238610663413],[89.5286904787903,26.6240006661506],[89.5287475759368,26.6245289081824],[89.5289759909382,26.6251285336691],[89.52931861428,26.6257852714758],[89.5296469576569,26.6264420090052],[89.5299324838887,26.6269845355032],[89.5303893314113,26.6274556752072],[89.5307319623106,26.6277983324668],[89.5311602533403,26.6281267013669],[89.5315171607678,26.6286121191537],[89.5319454462989,26.6291689284533],[89.5324451168407,26.6299256094904],[89.5325735962111,26.6303539127369],[89.5327020755811,26.6307822159836],[89.5329304912652,26.631353291423],[89.5330018614642,26.6317530435095],[89.5329875822202,26.6321385139056],[89.5331017706262,26.6330236776732],[89.5331445843649,26.6336946896786],[89.5331690420661,26.6337876403167],[89.5325185027716,26.6338256477331],[89.5302484980864,26.6338398736172],[89.5265222742907,26.6339682913854],[89.5240381177459,26.6340824632813],[89.5229615210647,26.6344717330255],[89.522207521385,26.6345367184776],[89.5208895231646,26.6345996929596],[89.5189655256922,26.6346946557144],[89.5167425289958,26.634788612654],[89.5144045317735,26.6349165674172],[89.5117467662836,26.6350065762544]]]},"properties":{"compartment":"S RVBK BL9"},"id":"comptt.88"},
{"type":"Feature","geometry":{"type":"Polygon","coordinates":[[[89.5037405227355,26.6364043626519],[89.5035605247291,26.6363403590416],[89.5007835478006,26.6356723038965],[89.4967805582498,26.6356572260457],[89.4947725539997,26.6360441876743],[89.4926965496359,26.636443148001],[89.4896555575841,26.6364320888619],[89.4871315611509,26.6365490399947],[89.4870348512873,26.6365535381223],[89.4870873144688,26.6364158489057],[89.4871943922165,26.6360827204152],[89.4873133682156,26.6358209822785],[89.4874799469578,26.6354402748628],[89.4876108232131,26.6351666369369],[89.4878130850147,26.6346550599898],[89.4879201741936,26.634262441397],[89.4880153613978,26.6339531127159],[89.4880272593851,26.6336199923748],[89.4880272665434,26.6333225618638],[89.4880153851633,26.6329656410196],[89.4878964151992,26.632561128012],[89.4876822740438,26.6322161032567],[89.487491921683,26.6319186690458],[89.4872896793523,26.6316212246038],[89.4870755396282,26.6312167097466],[89.486861404198,26.6306337445832],[89.4867781324247,26.6303006123925],[89.4866829632578,26.6298604097868],[89.4867067620721,26.6294915996159],[89.4867543611125,26.6291108798872],[89.4868138566871,26.6288729406348],[89.4869090413131,26.6286706821374],[89.4870399172798,26.6284089442314],[89.487099002939,26.6281675249651],[89.4878647947827,26.6280104495784],[89.4899777558551,26.627744000186],[89.4919003678704,26.6274584970612],[89.4927379394204,26.6273062230775],[89.4960882128021,26.6272301480606],[89.5001965779727,26.6270008075149],[89.5001167521952,26.6272492763923],[89.499493707395,26.6291762676084],[89.5006886469417,26.6315632949567],[89.5033265670835,26.6346053514942],[89.5037115259139,26.6362753618652],[89.5037405227355,26.6364043626519]]]},"properties":{"compartment":"Nimati BL4"},"id":"comptt.89"},
{"type":"Feature","geometry":{"type":"Polygon","coordinates":[[[89.6707421228323,26.6360466110318],[89.6703201249925,26.6359986027284],[89.6691541222216,26.6362285804525],[89.6668891235376,26.6363975366704],[89.6648191215735,26.6366834968991],[89.6625531201285,26.6369674533086],[89.6606091222341,26.6370724156583],[89.6606602941432,26.6361583449798],[89.6607554963966,26.635225595124],[89.660907809889,26.634235736275],[89.6610981782433,26.6334552785504],[89.6614789120146,26.6328461448446],[89.6622022735929,26.6322941179119],[89.6629446714565,26.6318943816286],[89.6636870724397,26.6317801858687],[89.6646007816395,26.6317230935478],[89.6653431730827,26.6315898577527],[89.6660855677372,26.631323371713],[89.6668279778962,26.630828465254],[89.6674371274554,26.6303716162709],[89.6678559188437,26.6298576534777],[89.6684650706962,26.6293056343192],[89.6689029147907,26.6286774616863],[89.669131342962,26.6283157854673],[89.6694142245567,26.6278066400369],[89.6695933221812,26.6278875736711],[89.6701002974608,26.6288635853321],[89.669845285658,26.6293785813157],[89.6700322534071,26.6306985873812],[89.6705351997019,26.6328776011768],[89.6709761433662,26.6351716139784],[89.6707421228323,26.6360466110318]]]},"properties":{"compartment":"Jainti BL7B"},"id":"comptt.90"},
{"type":"Feature","geometry":{"type":"Polygon","coordinates":[[[89.6606091222341,26.6370724156583],[89.6589363649645,26.6367098324323],[89.6564997998657,26.6367478550725],[89.6541774485345,26.637033350389],[89.6519312347319,26.6374140173613],[89.649837300569,26.6377946872973],[89.6466392985975,26.6381943757768],[89.6436887692524,26.6384608188306],[89.6471914285653,26.6344062796175],[89.6495899884112,26.6316842213327],[89.6530789112631,26.6274837915055],[89.6544383680274,26.6274832780097],[89.6588363705365,26.6269433626037],[89.6634253744383,26.6263274507747],[89.666065371888,26.6261725018641],[89.6666953712805,26.626135514056],[89.6689153478369,26.6268895586427],[89.6690843289324,26.6276575633426],[89.6694142245567,26.6278066400369],[89.669131342962,26.6283157854673],[89.6689029147907,26.6286774616863],[89.6684650706962,26.6293056343192],[89.6678559188437,26.6298576534777],[89.6674371274554,26.6303716162709],[89.6668279778962,26.630828465254],[89.6660855677372,26.631323371713],[89.6653431730827,26.6315898577527],[89.6646007816395,26.6317230935478],[89.6636870724397,26.6317801858687],[89.6629446714565,26.6318943816286],[89.6622022735929,26.6322941179119],[89.6614789120146,26.6328461448446],[89.6610981782433,26.6334552785504],[89.660907809889,26.634235736275],[89.6607554963966,26.635225595124],[89.6606602941432,26.6361583449798],[89.6606091222341,26.6370724156583]]]},"properties":{"compartment":"Jainti BL7A"},"id":"comptt.91"},
{"type":"Feature","geometry":{"type":"Polygon","coordinates":[[[89.6436887692524,26.6384608188306],[89.6427179515828,26.6384607999338],[89.6409857143666,26.6385178763205],[89.6394628571085,26.6385559167484],[89.6373689275557,26.6387462363379],[89.6354272831671,26.6391221492284],[89.6341899592643,26.6394076656633],[89.6327860786317,26.6395741986404],[89.6318104981154,26.6396931498676],[89.6292168811795,26.6402403803775],[89.6261711624738,26.6409065723022],[89.6257428761247,26.6403830830192],[89.6251242308087,26.6398357899884],[89.6244104085896,26.6391695248907],[89.6235300273461,26.638479466509],[89.6226496472491,26.6377418180424],[89.6218644480687,26.636956571343],[89.621245809058,26.6361475478428],[89.6205557853791,26.6351243625674],[89.6200323330157,26.6340298004054],[89.6198419935397,26.6331969851983],[89.6196992568137,26.6322451907029],[89.6196992780216,26.631364789114],[89.6195327416674,26.6299846933826],[89.6195738403199,26.6296217936289],[89.6207404004795,26.6294976259989],[89.6260373959951,26.6291527284325],[89.6279793965374,26.6289357658236],[89.6319503993729,26.6284208421516],[89.6354763956565,26.6282229103963],[89.6365871918511,26.6282718311093],[89.6368393909339,26.6282829370251],[89.6383983855491,26.6283509674822],[89.6417523876605,26.6279290319751],[89.6447463885488,26.6275940896215],[89.646331389616,26.627392120094],[89.6478343837274,26.6274871495125],[89.6514651951041,26.6274845522574],[89.6519203740219,26.6274842290141],[89.6530789112631,26.6274837915055],[89.6495899884112,26.6316842213327],[89.6471914285653,26.6344062796175],[89.6436887692524,26.6384608188306]]]},"properties":{"compartment":"Jainti BL8"},"id":"comptt.92"},
{"type":"Feature","geometry":{"type":"Polygon","coordinates":[[[89.6261711624738,26.6409065723022],[89.6239820608809,26.6411920702105],[89.6222926398042,26.6414061877152],[89.621007730045,26.6415251329212],[89.619746620803,26.6416202885476],[89.6184141234559,26.6416440526557],[89.6169864423264,26.6418343852119],[89.6159632684978,26.6420961057697],[89.6149163058746,26.6423102357784],[89.6139645230216,26.6425243676395],[89.6125844312086,26.6427384911643],[89.6110853748474,26.6427384619882],[89.6093721701551,26.6426908485591],[89.6073020469067,26.6426194181413],[89.6031855777462,26.6430000587099],[89.6015913358944,26.6432379681099],[89.5997591429043,26.6435472630066],[89.5988073577698,26.6438565750374],[89.5977603968825,26.6439993249174],[89.596523079328,26.6440230908798],[89.5941198280624,26.6439040738964],[89.5921686814307,26.6435471152875],[89.5911825998625,26.6433019556368],[89.5910271586084,26.6425350712653],[89.5907422007503,26.6408150626483],[89.5903852661204,26.6381380509225],[89.5900933168453,26.6360620415353],[89.5895393747806,26.6337130265648],[89.5888254521009,26.6305750070756],[89.5943464398226,26.6305251143802],[89.5979304343352,26.6303901838565],[89.6023274277955,26.6302172690813],[89.6036414272724,26.6301062944439],[89.6054244275136,26.6299163287883],[89.6071424239416,26.6298913621647],[89.609435420325,26.6298104066269],[89.6125714114655,26.6298624677291],[89.6176534000463,26.6298255665321],[89.6187746501929,26.6297066476049],[89.6193314002737,26.6296475988569],[89.6195738403199,26.6296217936289],[89.6195327416674,26.6299846933826],[89.6196992780216,26.631364789114],[89.6196992568137,26.6322451907029],[89.6198419935397,26.6331969851983],[89.6200323330157,26.6340298004054],[89.6205557853791,26.6351243625674],[89.621245809058,26.6361475478428],[89.6218644480687,26.636956571343],[89.6226496472491,26.6377418180424],[89.6235300273461,26.638479466509],[89.6244104085896,26.6391695248907],[89.6251242308087,26.6398357899884],[89.6257428761247,26.6403830830192],[89.6261711624738,26.6409065723022]]]},"properties":{"compartment":"Jainti BL 9"},"id":"comptt.93"},
{"type":"Feature","geometry":{"type":"Polygon","coordinates":[[[89.7980756881575,26.6417981020886],[89.7968976792748,26.6422770800506],[89.7956036682436,26.6428560559432],[89.7931426514951,26.6437820097562],[89.790165641551,26.6444749530634],[89.7871886316387,26.6451668963674],[89.7847296289257,26.6455118491018],[89.7829186275365,26.6457408142435],[89.7796846378528,26.645619750983],[89.7781327402506,26.6456706230932],[89.778132819659,26.6448633592951],[89.7782755999557,26.6444231612371],[89.7786087315394,26.6439115767522],[89.7790251540805,26.6433524137994],[89.7794415697798,26.6426623705963],[89.7797866107613,26.6421745863882],[89.7801316474842,26.6414488617252],[89.7803934009524,26.6408658957119],[89.7807741296025,26.6400568815846],[89.7811191666112,26.639319256898],[89.7815831847827,26.6385221444156],[89.7820234058784,26.6376060612416],[89.7824279361938,26.6367256674399],[89.78280866398,26.6359523433789],[89.7833678665686,26.6345484715883],[89.7837605071957,26.6336561775307],[89.7840698545687,26.6329066521232],[89.7844148924334,26.6321333373651],[89.7848908137723,26.6307889440632],[89.7850573868779,26.6302297762377],[89.785164483275,26.629539737003],[89.7867944086978,26.6295754588217],[89.7885552035377,26.6296230832131],[89.7902803078876,26.6296944969554],[89.7922671519313,26.6297540257743],[89.7946585050588,26.6298135524741],[89.7973829797301,26.6297779154818],[89.7999964324428,26.6298341765043],[89.8000459660609,26.6300941179695],[89.8003419274481,26.6316671267624],[89.8003368638471,26.6343041317381],[89.7994387801628,26.6378571210739],[89.7982837136761,26.6407211040721],[89.7980756881575,26.6417981020886]]]},"properties":{"compartment":"C Rydak BL3"},"id":"comptt.94"},
{"type":"Feature","geometry":{"type":"Polygon","coordinates":[[[89.4552764176824,26.6458744366094],[89.4550004174254,26.6459144313113],[89.454486462341,26.6441034182475],[89.4540445152525,26.6419524060083],[89.4538585507028,26.6404993999295],[89.4539315896516,26.638873398592],[89.4544586399499,26.6367274051967],[89.4553096838085,26.6348144184918],[89.4558347257297,26.6330164256447],[89.4560997543816,26.6317974287262],[89.4561478993892,26.6315841792999],[89.4577122603261,26.6313791893517],[89.4605105109698,26.63105563318],[89.4626044306675,26.6308462835152],[89.4643366808323,26.6306559668545],[89.4676108193646,26.6303704899959],[89.471075308796,26.6300279167394],[89.4739496956142,26.6298566523078],[89.4773380552577,26.6295140675724],[89.4791654761191,26.6292856826964],[89.482915508068,26.6288098547617],[89.4849333007464,26.6284862934221],[89.4863800112085,26.6283150012447],[89.487099002939,26.6281675249651],[89.4870399172798,26.6284089442314],[89.4869090413131,26.6286706821374],[89.4868138566871,26.6288729406348],[89.4867543611125,26.6291108798872],[89.4867067620721,26.6294915996159],[89.4866829632578,26.6298604097868],[89.4867781324247,26.6303006123925],[89.486861404198,26.6306337445832],[89.4870755396282,26.6312167097466],[89.4872896793523,26.6316212246038],[89.487491921683,26.6319186690458],[89.4876822740438,26.6322161032567],[89.4878964151992,26.632561128012],[89.4880153851633,26.6329656410196],[89.4880272665434,26.6333225618638],[89.4880272593851,26.6336199923748],[89.4880153613978,26.6339531127159],[89.4879201741936,26.634262441397],[89.4878130850147,26.6346550599898],[89.4876108232131,26.6351666369369],[89.4874799469578,26.6354402748628],[89.4873133682156,26.6358209822785],[89.4871943922165,26.6360827204152],[89.4870873144688,26.6364158489057],[89.4870348512873,26.6365535381223],[89.4856495632404,26.6366180113024],[89.481795573339,26.6366039363564],[89.478826577931,26.6367258788492],[89.477120578385,26.6368868459612],[89.4764525785405,26.6369508330852],[89.4744875763826,26.637247795395],[89.4737815781524,26.6372487816727],[89.4723335732644,26.637604754133],[89.4693265599972,26.6384736971625],[89.4672835458464,26.6392776588187],[89.4656175055829,26.6411266295815],[89.4643074739442,26.6425796065878],[89.4643044715203,26.6426806067014],[89.4631504260242,26.6446925876893],[89.4624134244138,26.6448375736069],[89.4610014232751,26.6450345464893],[89.458068420222,26.6454724902095],[89.4552764176824,26.6458744366094]]]},"properties":{"compartment":"Nimati Bl3"},"id":"comptt.95"},
{"type":"Feature","geometry":{"type":"Polygon","coordinates":[[[89.5913860347066,26.6443056214842],[89.5879080617726,26.6447951646013],[89.5824448204778,26.6454041993688],[89.5796085019319,26.6456325745798],[89.5744879053378,26.6460131956101],[89.5705094605406,26.6462034685295],[89.5698589302981,26.6462799960064],[89.5698622669044,26.6451755341141],[89.5697480801199,26.6442237402057],[89.5695767839335,26.6432529151523],[89.5695006671424,26.6418823412429],[89.5695768316302,26.6412732016453],[89.5696149162115,26.6406640613069],[89.56969106703,26.6402072019789],[89.5698623939454,26.6399026347723],[89.570128904295,26.6394457791476],[89.5704525208353,26.6391412149036],[89.571042627637,26.6387985857764],[89.5716137067785,26.6383607761099],[89.5722418934869,26.638018147723],[89.5728700824882,26.6375803391672],[89.573631527123,26.636895062764],[89.5741835855685,26.6356577513072],[89.5745072277831,26.6342871851698],[89.5746785794529,26.6329546861371],[89.5747726698925,26.6320963264433],[89.5751174492766,26.6320867431324],[89.5786914493903,26.6317178119934],[89.5828654447458,26.6314858927692],[89.5852024462965,26.631183937689],[89.5888254521009,26.6305750070756],[89.5895393747806,26.6337130265648],[89.5900933168453,26.6360620415353],[89.5903852661204,26.6381380509225],[89.5907422007503,26.6408150626483],[89.5910271586084,26.6425350712653],[89.5911825998625,26.6433019556368],[89.5913860347066,26.6443056214842]]]},"properties":{"compartment":"S RVBK BL5"},"id":"comptt.96"},
{"type":"Feature","geometry":{"type":"Polygon","coordinates":[[[89.7769903818602,26.6457083079776],[89.7763186428809,26.6457306855947],[89.7719186447401,26.6460716004946],[89.7680376425993,26.6465295257323],[89.7632476481868,26.6467544328128],[89.7605536595804,26.6465393799057],[89.7618257032242,26.6446094010298],[89.7647768458758,26.6384154467636],[89.7673429478718,26.6339424882481],[89.7689050136696,26.6310655132006],[89.7691390433237,26.6298135153755],[89.7702360746618,26.628409534069],[89.7705850646251,26.6279631400158],[89.7707973578583,26.6282236046467],[89.7710686125891,26.628416350297],[89.7715040464274,26.6286305091859],[89.7724463122026,26.6287161877017],[89.7737383556281,26.628866123153],[89.7753016492948,26.62898036382],[89.7763081554421,26.6290446335471],[89.7777144089547,26.6291802911971],[89.7787994438344,26.6292897625408],[89.7821068836957,26.6293969071701],[89.785164483275,26.629539737003],[89.7850573868779,26.6302297762377],[89.7848908137723,26.6307889440632],[89.7844148924334,26.6321333373651],[89.7840698545687,26.6329066521232],[89.7837605071957,26.6336561775307],[89.7833678665686,26.6345484715883],[89.78280866398,26.6359523433789],[89.7824279361938,26.6367256674399],[89.7820234058784,26.6376060612416],[89.7815831847827,26.6385221444156],[89.7811191666112,26.639319256898],[89.7807741296025,26.6400568815846],[89.7803934009524,26.6408658957119],[89.7801316474842,26.6414488617252],[89.7797866107613,26.6421745863882],[89.7794415697798,26.6426623705963],[89.7790251540805,26.6433524137994],[89.7786087315394,26.6439115767522],[89.7782755999557,26.6444231612371],[89.778132819659,26.6448633592951],[89.7781327402506,26.6456706230932],[89.7774286412313,26.6456937071569],[89.7769903818602,26.6457083079776]]]},"properties":{"compartment":"C Rydak BL4"},"id":"comptt.97"},
{"type":"Feature","geometry":{"type":"Polygon","coordinates":[[[89.5698589302981,26.6462799960064],[89.5692150300589,26.6463557336109],[89.566302575861,26.6464127870389],[89.5619624406084,26.6466601630241],[89.5587073436061,26.6468694900559],[89.5561941377991,26.6469534013027],[89.5562361460805,26.6466054015065],[89.5564442211003,26.6434704000274],[89.5572312890398,26.6405694102233],[89.558467336255,26.638482430586],[89.5589303868211,26.636335435804],[89.5592614489057,26.6337234376327],[89.5593014795806,26.6324454361552],[89.559462479159,26.6324464392882],[89.5621144752144,26.6323384906752],[89.5637964709459,26.632343523397],[89.565866468493,26.6322335634622],[89.5686484628461,26.6321836174819],[89.5713004561288,26.632191669077],[89.5745424503037,26.6321027319767],[89.5747726698925,26.6320963264433],[89.5746785794529,26.6329546861371],[89.5745072277831,26.6342871851698],[89.5741835855685,26.6356577513072],[89.573631527123,26.636895062764],[89.5728700824882,26.6375803391672],[89.5722418934869,26.638018147723],[89.5716137067785,26.6383607761099],[89.571042627637,26.6387985857764],[89.5704525208353,26.6391412149036],[89.570128904295,26.6394457791476],[89.5698623939454,26.6399026347723],[89.56969106703,26.6402072019789],[89.5696149162115,26.6406640613069],[89.5695768316302,26.6412732016453],[89.5695006671424,26.6418823412429],[89.5695767839335,26.6432529151523],[89.5697480801199,26.6442237402057],[89.5698622669044,26.6451755341141],[89.5698589302981,26.6462799960064]]]},"properties":{"compartment":"S RVBK BL6"},"id":"comptt.98"},
{"type":"Feature","geometry":{"type":"Polygon","coordinates":[[[89.5561941377991,26.6469534013027],[89.5539061408363,26.6470623569763],[89.550671144876,26.647227294323],[89.5471771496155,26.6473902266279],[89.5438101512548,26.6476691616082],[89.5403171588071,26.6477160937309],[89.5368231621798,26.6479370261403],[89.5344281627265,26.6481619799385],[89.5335060944733,26.6481848720396],[89.5335439984633,26.6476002917552],[89.5335297253781,26.6473147609783],[89.5335011816408,26.6470577699738],[89.5334440790062,26.6467579583388],[89.5333727095027,26.6463296562018],[89.5333013379352,26.6459870142144],[89.5333013551319,26.6452731729669],[89.5333299226008,26.6445450522499],[89.5334584236295,26.644073923926],[89.5336297555828,26.6435599663603],[89.5337154287813,26.6430031670533],[89.5338725065877,26.641832478062],[89.5339153464531,26.6414184481714],[89.5338725258439,26.6410329766645],[89.5338725409732,26.6404047955665],[89.5338297241459,26.6398622737851],[89.5337297940222,26.6394625211427],[89.533601314313,26.63904849792],[89.5335584995475,26.6384203159891],[89.5335014075673,26.6376779235809],[89.5334443314001,26.6362788000249],[89.5334871743564,26.6357362799097],[89.5334871867314,26.6352223190114],[89.5334158175653,26.6347797368498],[89.5332873409475,26.6342372134031],[89.5331690420661,26.6337876403167],[89.5347171203887,26.6336972002618],[89.5385147347201,26.633540223835],[89.5417698290363,26.6334403469595],[89.5459529117465,26.6333119380816],[89.549907574006,26.6332263548387],[89.5534482059279,26.6331978736461],[89.5575884635979,26.6328695835882],[89.5583451341349,26.632769668128],[89.5593014795806,26.6324454361552],[89.5592614489057,26.6337234376327],[89.5589303868211,26.636335435804],[89.558467336255,26.638482430586],[89.5572312890398,26.6405694102233],[89.5564442211003,26.6434704000274],[89.5562361460805,26.6466054015065],[89.5561941377991,26.6469534013027]]]},"properties":{"compartment":"S RVBK BL7"},"id":"comptt.99"},
{"type":"Feature","geometry":{"type":"Polygon","coordinates":[[[89.5335060944733,26.6481848720396],[89.5334621645565,26.6481859611869],[89.5333711647353,26.64818795942],[89.532359166657,26.6482129397753],[89.529252173255,26.6482608794135],[89.5267301741585,26.6484848307403],[89.5247231779475,26.6485357917848],[89.524655178238,26.6485307904533],[89.5248111943268,26.6478467922966],[89.5253402424136,26.6457957990142],[89.5255183028141,26.6432697980755],[89.5248784079238,26.63897177814],[89.5244064550709,26.6370627656357],[89.5238604755291,26.6362697536371],[89.5231475108013,26.6348787373507],[89.5229605194542,26.6345387331226],[89.5229615210647,26.6344717330255],[89.5240381177459,26.6340824632813],[89.5265222742907,26.6339682913854],[89.5302484980864,26.6338398736172],[89.5325185027716,26.6338256477331],[89.5331690420661,26.6337876403167],[89.5332873409475,26.6342372134031],[89.5334158175653,26.6347797368498],[89.5334871867314,26.6352223190114],[89.5334871743564,26.6357362799097],[89.5334443314001,26.6362788000249],[89.5335014075673,26.6376779235809],[89.5335584995475,26.6384203159891],[89.533601314313,26.63904849792],[89.5337297940222,26.6394625211427],[89.5338297241459,26.6398622737851],[89.5338725409732,26.6404047955665],[89.5338725258439,26.6410329766645],[89.5339153464531,26.6414184481714],[89.5338725065877,26.641832478062],[89.5337154287813,26.6430031670533],[89.5336297555828,26.6435599663603],[89.5334584236295,26.644073923926],[89.5333299226008,26.6445450522499],[89.5333013551319,26.6452731729669],[89.5333013379352,26.6459870142144],[89.5333727095027,26.6463296562018],[89.5334440790062,26.6467579583388],[89.5335011816408,26.6470577699738],[89.5335297253781,26.6473147609783],[89.5335439984633,26.6476002917552],[89.5335060944733,26.6481848720396]]]},"properties":{"compartment":"S RVBK BL8"},"id":"comptt.100"},
{"type":"Feature","geometry":{"type":"Polygon","coordinates":[[[89.4550004174254,26.6459144313113],[89.4535191023922,26.646280903133],[89.4516393326222,26.6464712269092],[89.4498785319775,26.6466853430387],[89.4476656307761,26.6469708404993],[89.4451433998,26.6472801219862],[89.4422404569432,26.6477083662722],[89.4386474595668,26.6483983375837],[89.4364583525966,26.6489217759066],[89.4353513922375,26.6490550546103],[89.4354654088214,26.648354055647],[89.4357444492231,26.6466460581961],[89.435501502375,26.6444640498],[89.4352645455169,26.6426970422195],[89.4345635702827,26.6417430269893],[89.4336226138353,26.6400340058257],[89.4324936681675,26.6378969802912],[89.4310726863377,26.6372939516634],[89.4302287358148,26.6353279319601],[89.4291927796237,26.6336179089582],[89.4292557824924,26.6334919099708],[89.429352817086,26.633290561518],[89.4339127060769,26.6332600900664],[89.4421932188013,26.6330936906852],[89.4437874598624,26.6328795713024],[89.4481180779202,26.6324989348112],[89.4508306612788,26.6320706867977],[89.4534242732306,26.6317138165928],[89.4561478993892,26.6315841792999],[89.4560997543816,26.6317974287262],[89.4558347257297,26.6330164256447],[89.4553096838085,26.6348144184918],[89.4544586399499,26.6367274051967],[89.4539315896516,26.638873398592],[89.4538585507028,26.6404993999295],[89.4540445152525,26.6419524060083],[89.454486462341,26.6441034182475],[89.4550004174254,26.6459144313113]]]},"properties":{"compartment":"Nimati BL2"},"id":"comptt.101"},
{"type":"Feature","geometry":{"type":"Polygon","coordinates":[[[89.6726517508796,26.6512836762419],[89.6703299967005,26.6516858817598],[89.6671177154094,26.6524710406354],[89.665261732372,26.6527803350534],[89.6636912786562,26.6530896350325],[89.661692526539,26.6533751366257],[89.6594558378639,26.6535416533665],[89.6576517302283,26.6536223883759],[89.659017787122,26.6511284104165],[89.6600598209802,26.6496214279504],[89.6609688579763,26.6479974426782],[89.6619458962067,26.6463154586219],[89.66246692853,26.644923466216],[89.6625339619825,26.6435294649657],[89.6623439932488,26.6422514589241],[89.6622200271522,26.6408574539552],[89.6615770651115,26.6393464386683],[89.6608711032422,26.6378344221543],[89.6606091222341,26.6370724156583],[89.6625531201285,26.6369674533086],[89.6648191215735,26.6366834968991],[89.6668891235376,26.6363975366704],[89.6691541222216,26.6362285804525],[89.6703201249925,26.6359986027284],[89.6707421228323,26.6360466110318],[89.6706531151379,26.6363746099021],[89.6691589927324,26.6415995904176],[89.6684609311247,26.6442235816467],[89.6676289096672,26.6451955672306],[89.6668608894314,26.6461105539552],[89.6671148694373,26.6469145603773],[89.6673028509983,26.647660565408],[89.6683218430001,26.6478915856765],[89.6694718374403,26.6480086082874],[89.6699188363523,26.6480096169944],[89.6704898183756,26.6486986293809],[89.6709358075943,26.6491016388078],[89.6711227808822,26.6501906444517],[89.6716307616547,26.6509376557193],[89.672270757334,26.651053668398],[89.6726517508796,26.6512836762419]]]},"properties":{"compartment":"Jainti BL6B"},"id":"comptt.102"},
{"type":"Feature","geometry":{"type":"Polygon","coordinates":[[[89.6576517302283,26.6536223883759],[89.6563471172818,26.653459312668],[89.6533014076841,26.6537447938705],[89.6494466708507,26.6544109700112],[89.6473527378386,26.6547440498371],[89.6454967588505,26.6548867839503],[89.642260699739,26.6551722514455],[89.6386915002902,26.6555053125396],[89.6370734684468,26.6557432314603],[89.6364072143122,26.655981158917],[89.6355506106366,26.6562190926664],[89.6341705205196,26.6563618360479],[89.6316958773058,26.6567424985443],[89.6296926647889,26.657047290084],[89.6296971263917,26.6569804000497],[89.6297447415309,26.6559334390805],[89.6298875364389,26.6548864799647],[89.6302682742146,26.6536967552235],[89.6320291262028,26.6513649152849],[89.6349321529759,26.6478909455069],[89.6373116760894,26.645035636649],[89.641023717793,26.6412761520779],[89.6436887692524,26.6384608188306],[89.6466392985975,26.6381943757768],[89.649837300569,26.6377946872973],[89.6519312347319,26.6374140173613],[89.6541774485345,26.637033350389],[89.6564997998657,26.6367478550725],[89.6589363649645,26.6367098324323],[89.6606091222341,26.6370724156583],[89.6608711032422,26.6378344221543],[89.6615770651115,26.6393464386683],[89.6622200271522,26.6408574539552],[89.6623439932488,26.6422514589241],[89.6625339619825,26.6435294649657],[89.66246692853,26.644923466216],[89.6619458962067,26.6463154586219],[89.6609688579763,26.6479974426782],[89.6600598209802,26.6496214279504],[89.659017787122,26.6511284104165],[89.6576517302283,26.6536223883759]]]},"properties":{"compartment":"Jainti BL6A"},"id":"comptt.103"},
{"type":"Feature","geometry":{"type":"Polygon","coordinates":[[[89.6296926647889,26.657047290084],[89.6254692250156,26.6574609785821],[89.6193659086015,26.6579248505622],[89.6142619697916,26.6583887520054],[89.6101145566117,26.65893832223],[89.6008632171059,26.6598518537191],[89.5970267187185,26.6601732195888],[89.5961477555011,26.6587371999041],[89.5953918084036,26.6566201813981],[89.5944608694199,26.654184158917],[89.5934089422484,26.6512701332294],[89.5914001133558,26.6443750818097],[89.5913860347066,26.6443056214842],[89.5911825998625,26.6433019556368],[89.5921686814307,26.6435471152875],[89.5941198280624,26.6439040738964],[89.596523079328,26.6440230908798],[89.5977603968825,26.6439993249174],[89.5988073577698,26.6438565750374],[89.5997591429043,26.6435472630066],[89.6015913358944,26.6432379681099],[89.6031855777462,26.6430000587099],[89.6073020469067,26.6426194181413],[89.6093721701551,26.6426908485591],[89.6110853748474,26.6427384619882],[89.6125844312086,26.6427384911643],[89.6139645230216,26.6425243676395],[89.6149163058746,26.6423102357784],[89.6159632684978,26.6420961057697],[89.6169864423264,26.6418343852119],[89.6184141234559,26.6416440526557],[89.619746620803,26.6416202885476],[89.621007730045,26.6415251329212],[89.6222926398042,26.6414061877152],[89.6239820608809,26.6411920702105],[89.6261711624738,26.6409065723022],[89.6292168811795,26.6402403803775],[89.6318104981154,26.6396931498676],[89.6327860786317,26.6395741986404],[89.6341899592643,26.6394076656633],[89.6354272831671,26.6391221492284],[89.6373689275557,26.6387462363379],[89.6394628571085,26.6385559167484],[89.6409857143666,26.6385178763205],[89.6427179515828,26.6384607999338],[89.6436887692524,26.6384608188306],[89.641023717793,26.6412761520779],[89.6373116760894,26.645035636649],[89.6349321529759,26.6478909455069],[89.6320291262028,26.6513649152849],[89.6302682742146,26.6536967552235],[89.6298875364389,26.6548864799647],[89.6297447415309,26.6559334390805],[89.6296971263917,26.6569804000497],[89.6296926647889,26.657047290084]]]},"properties":{"compartment":"Jainti BL5"},"id":"comptt.104"},
{"type":"Feature","geometry":{"type":"Polygon","coordinates":[[[89.6916614680902,26.6611350647763],[89.6910454625949,26.6614230533057],[89.6904634639955,26.6614220419626],[89.69007447194,26.6611310338437],[89.6897214846992,26.6606370260509],[89.6895604984037,26.6600850218922],[89.6895945172461,26.659301021104],[89.6897265302567,26.6587490226546],[89.690115541235,26.6582560293218],[89.6903745440979,26.6581120341017],[89.6908285444,26.6580550428423],[89.6914405366057,26.6583180552538],[89.6919565185636,26.6590150665988],[89.692150497758,26.6598580719403],[89.6919844813509,26.6605540699946],[89.6916614680902,26.6611350647763]]]},"properties":{"compartment":"CII"},"id":"comptt.105"},
{"type":"Feature","geometry":{"type":"Polygon","coordinates":[[[89.5698589302981,26.6462799960064],[89.5695957253592,26.6469268120308],[89.5693101680789,26.6480879885312],[89.5691959263394,26.6490016979268],[89.5690436301983,26.649686976177],[89.5687390421376,26.6504674416317],[89.5686819180551,26.6510575415652],[89.5686247760767,26.6523900428133],[89.5688531692622,26.6538938699222],[89.5691196461187,26.6548266267613],[89.5694432355871,26.65564516451],[89.5697668242335,26.6560830015846],[89.5702427019483,26.6569586523996],[89.5703949723935,26.6573393660385],[89.5703759305066,26.6578342965449],[89.5702807245779,26.6589193266144],[89.5701664814488,26.6598901461108],[89.5701127513425,26.6615586980215],[89.5693147588331,26.6613296820796],[89.566604784233,26.6605536279464],[89.5629107979863,26.6603615556932],[89.5558118080278,26.660673418048],[89.5548398082659,26.6607633992852],[89.5552838503747,26.658971404771],[89.555416885029,26.6575204048034],[89.5552289191017,26.6561263986881],[89.5554329801871,26.6535713981568],[89.555701041082,26.651017398872],[89.5559690949806,26.6487534000972],[89.5561941377991,26.6469534013027],[89.5587073436061,26.6468694900559],[89.5619624406084,26.6466601630241],[89.566302575861,26.6464127870389],[89.5692150300589,26.6463557336109],[89.5698589302981,26.6462799960064]]]},"properties":{"compartment":"S RVBK BL3"},"id":"comptt.106"},
{"type":"Feature","geometry":{"type":"Polygon","coordinates":[[[89.5970267187185,26.6601732195888],[89.5959337176746,26.6603271985811],[89.5948467200421,26.6603391774365],[89.5921287255563,26.660386124596],[89.5886787235598,26.660819058192],[89.5856537275739,26.6609599995428],[89.5818677314624,26.6611839262249],[89.579094735164,26.6613128724626],[89.5783107366089,26.6613328572334],[89.5772837403885,26.6612808371451],[89.5757037395003,26.6614788067341],[89.5707497453829,26.6617407107459],[89.5701127513425,26.6615586980215],[89.5701664814488,26.6598901461108],[89.5702807245779,26.6589193266144],[89.5703759305066,26.6578342965449],[89.5703949723935,26.6573393660385],[89.5702427019483,26.6569586523996],[89.5697668242335,26.6560830015846],[89.5694432355871,26.65564516451],[89.5691196461187,26.6548266267613],[89.5688531692622,26.6538938699222],[89.5686247760767,26.6523900428133],[89.5686819180551,26.6510575415652],[89.5687390421376,26.6504674416317],[89.5690436301983,26.649686976177],[89.5691959263394,26.6490016979268],[89.5693101680789,26.6480879885312],[89.5695957253592,26.6469268120308],[89.5698589302981,26.6462799960064],[89.5705094605406,26.6462034685295],[89.5744879053378,26.6460131956101],[89.5796085019319,26.6456325745798],[89.5824448204778,26.6454041993688],[89.5879080617726,26.6447951646013],[89.5913860347066,26.6443056214842],[89.5914001133558,26.6443750818097],[89.5934089422484,26.6512701332294],[89.5944608694199,26.654184158917],[89.5953918084036,26.6566201813981],[89.5961477555011,26.6587371999041],[89.5970267187185,26.6601732195888]]]},"properties":{"compartment":"S RVBK BL4"},"id":"comptt.107"},
{"type":"Feature","geometry":{"type":"Polygon","coordinates":[[[89.5548398082659,26.6607633992852],[89.5519445913771,26.6609320032229],[89.5449489772757,26.661407757884],[89.5409039016029,26.6616456295631],[89.534907671958,26.6618358631818],[89.5332570565454,26.66181641102],[89.5331944713968,26.6616216794616],[89.5330755261143,26.6601939946513],[89.5331945614582,26.6578859229343],[89.5334087975273,26.6542929308234],[89.5333850612384,26.6516517257449],[89.5333851162816,26.6493674417531],[89.5335060944733,26.6481848720396],[89.5344281627265,26.6481619799385],[89.5368231621798,26.6479370261403],[89.5403171588071,26.6477160937309],[89.5438101512548,26.6476691616082],[89.5471771496155,26.6473902266279],[89.550671144876,26.647227294323],[89.5539061408363,26.6470623569763],[89.5561941377991,26.6469534013027],[89.5559690949806,26.6487534000972],[89.555701041082,26.651017398872],[89.5554329801871,26.6535713981568],[89.5552289191017,26.6561263986881],[89.555416885029,26.6575204048034],[89.5552838503747,26.658971404771],[89.5548398082659,26.6607633992852]]]},"properties":{"compartment":"S RVBK BL2"},"id":"comptt.108"},
{"type":"Feature","geometry":{"type":"Polygon","coordinates":[[[89.5332570565454,26.66181641102],[89.5308626032042,26.6617881943656],[89.5230778579101,26.6619857831948],[89.5230588835848,26.6609227809749],[89.5230230100539,26.6556797711485],[89.5233170662654,26.6533167727558],[89.5234640893444,26.652343773922],[89.5238271211586,26.6509857786202],[89.5244691588747,26.6493537882682],[89.524655178238,26.6485307904533],[89.5247231779475,26.6485357917848],[89.5267301741585,26.6484848307403],[89.529252173255,26.6482608794135],[89.532359166657,26.6482129397753],[89.5333711647353,26.64818795942],[89.5334621645565,26.6481859611869],[89.5335060944733,26.6481848720396],[89.5333851162816,26.6493674417531],[89.5333850612384,26.6516517257449],[89.5334087975273,26.6542929308234],[89.5331945614582,26.6578859229343],[89.5330755261143,26.6601939946513],[89.5331944713968,26.6616216794616],[89.5332570565454,26.66181641102]]]},"properties":{"compartment":"S RVBK BL1"},"id":"comptt.109"},
{"type":"Feature","geometry":{"type":"Polygon","coordinates":[[[89.5230778579101,26.6619857831948],[89.5166171146321,26.6619639974172],[89.5090623378831,26.6622018008049],[89.5067423730064,26.6622314957086],[89.506331051839,26.6623228878622],[89.5063402489018,26.6620289375327],[89.5063830884302,26.6616291876748],[89.5064116483386,26.6612151575143],[89.5065258818164,26.6606440887492],[89.5066543807842,26.6602586205828],[89.5068542647338,26.6596590034348],[89.5069684978666,26.6591022046941],[89.5072540388473,26.6586167994103],[89.5074681938138,26.6583883731819],[89.5077680078763,26.6581885086698],[89.5081534934439,26.6579172557009],[89.5084961394636,26.6576317218736],[89.5087245764584,26.6573176457746],[89.5089672844497,26.656960729879],[89.509210002097,26.6566180840081],[89.5094527135286,26.6561184078651],[89.5098239280776,26.6554759539748],[89.5099952545277,26.6551904268135],[89.5102236928984,26.6548192306149],[89.510437852681,26.6543909340394],[89.5105378041266,26.653905525143],[89.5106377441958,26.6534772263452],[89.5107377032091,26.6526777269043],[89.5107234493884,26.6515926847467],[89.5107377393277,26.6511786643071],[89.510666372922,26.6506218619538],[89.5105664465874,26.6500650690451],[89.5103951476548,26.6492084542285],[89.510238114558,26.6485231699864],[89.5101096358864,26.6480663066957],[89.5099526059107,26.6476665529487],[89.5097812994097,26.6471240286767],[89.5096385400852,26.6466957251579],[89.5094386812481,26.6462531405039],[89.5093244718513,26.6458248375406],[89.5092816515874,26.6454250860153],[89.5092531133506,26.6449396746195],[89.5092531274486,26.6443543236059],[89.5093530864526,26.643554824165],[89.5094530268602,26.6431122453421],[89.509524425964,26.6427267760629],[89.5095958154116,26.6423270267587],[89.509724313684,26.6419701086395],[89.5099099283452,26.6413419311608],[89.510152640112,26.6408279749903],[89.5104667475436,26.6400713097873],[89.5107951342512,26.6393432049113],[89.5111092396193,26.6386721998562],[89.5115518315709,26.6381296875221],[89.51179454093,26.6377156715237],[89.5118802120584,26.6372445323726],[89.5119230522626,26.636816232463],[89.5119088001716,26.6360738408986],[89.5118517033757,26.6355313188478],[89.5117467662836,26.6350065762544],[89.5144045317735,26.6349165674172],[89.5167425289958,26.634788612654],[89.5189655256922,26.6346946557144],[89.5208895231646,26.6345996929596],[89.522207521385,26.6345367184776],[89.5229615210647,26.6344717330255],[89.5229605194542,26.6345387331226],[89.5231475108013,26.6348787373507],[89.5238604755291,26.6362697536371],[89.5244064550709,26.6370627656357],[89.5248784079238,26.63897177814],[89.5255183028141,26.6432697980755],[89.5253402424136,26.6457957990142],[89.5248111943268,26.6478467922966],[89.524655178238,26.6485307904533],[89.5244691588747,26.6493537882682],[89.5238271211586,26.6509857786202],[89.5234640893444,26.652343773922],[89.5233170662654,26.6533167727558],[89.5230230100539,26.6556797711485],[89.5230588835848,26.6609227809749],[89.5230778579101,26.6619857831948]]]},"properties":{"compartment":"Dima BL4"},"id":"comptt.110"},
{"type":"Feature","geometry":{"type":"Polygon","coordinates":[[[89.7229184666599,26.6581506683544],[89.7231644389262,26.6592756752554],[89.7285434140745,26.6597847810496],[89.7324364048038,26.6597928569448],[89.7370723938171,26.6598009473252],[89.7386243901353,26.6598039775834],[89.7410663843394,26.6598090251944],[89.7435343742142,26.6599910736468],[89.7430302969746,26.6632380699447],[89.7429092998879,26.6631290673802],[89.740588301005,26.663306022465],[89.7376103194487,26.662828963511],[89.7374373205273,26.6628009600857],[89.7358873216231,26.6629049300651],[89.7359443134487,26.6632379318027],[89.7226273638394,26.662437670709],[89.7227194117923,26.6604426687673],[89.7229174491602,26.6588756696924],[89.7229184666599,26.6581506683544]]]},"properties":{"compartment":"Rahima RF"},"id":"comptt.111"},
{"type":"Feature","geometry":{"type":"Polygon","coordinates":[[[89.506331051839,26.6623228878622],[89.5059393007271,26.6624099403892],[89.5052551959975,26.6626776175392],[89.5045116092672,26.6630345236858],[89.5032029003772,26.6635401290913],[89.502013161188,26.6640457468115],[89.5008431732784,26.6644962748203],[89.5008288704289,26.6637863533165],[89.5007029651407,26.6598703441062],[89.5021730619535,26.655699365507],[89.5029141480812,26.6520473736152],[89.5029431517907,26.6518903739081],[89.5038072652454,26.6470903824211],[89.5049833344682,26.6440934001131],[89.5047054137692,26.6408293890641],[89.5037405227355,26.6364043626519],[89.5045605246928,26.6362373783065],[89.5062595300737,26.6358364106465],[89.509201533033,26.6354064671034],[89.5113175358574,26.6350685076593],[89.5116895363684,26.6350085147882],[89.5117467662836,26.6350065762544],[89.5118517033757,26.6355313188478],[89.5119088001716,26.6360738408986],[89.5119230522626,26.636816232463],[89.5118802120584,26.6372445323726],[89.51179454093,26.6377156715237],[89.5115518315709,26.6381296875221],[89.5111092396193,26.6386721998562],[89.5107951342512,26.6393432049113],[89.5104667475436,26.6400713097873],[89.510152640112,26.6408279749903],[89.5099099283452,26.6413419311608],[89.509724313684,26.6419701086395],[89.5095958154116,26.6423270267587],[89.509524425964,26.6427267760629],[89.5094530268602,26.6431122453421],[89.5093530864526,26.643554824165],[89.5092531274486,26.6443543236059],[89.5092531133506,26.6449396746195],[89.5092816515874,26.6454250860153],[89.5093244718513,26.6458248375406],[89.5094386812481,26.6462531405039],[89.5096385400852,26.6466957251579],[89.5097812994097,26.6471240286767],[89.5099526059107,26.6476665529487],[89.5101096358864,26.6480663066957],[89.510238114558,26.6485231699864],[89.5103951476548,26.6492084542285],[89.5105664465874,26.6500650690451],[89.510666372922,26.6506218619538],[89.5107377393277,26.6511786643071],[89.5107234493884,26.6515926847467],[89.5107377032091,26.6526777269043],[89.5106377441958,26.6534772263452],[89.5105378041266,26.653905525143],[89.510437852681,26.6543909340394],[89.5102236928984,26.6548192306149],[89.5099952545277,26.6551904268135],[89.5098239280776,26.6554759539748],[89.5094527135286,26.6561184078651],[89.509210002097,26.6566180840081],[89.5089672844497,26.656960729879],[89.5087245764584,26.6573176457746],[89.5084961394636,26.6576317218736],[89.5081534934439,26.6579172557009],[89.5077680078763,26.6581885086698],[89.5074681938138,26.6583883731819],[89.5072540388473,26.6586167994103],[89.5069684978666,26.6591022046941],[89.5068542647338,26.6596590034348],[89.5066543807842,26.6602586205828],[89.5065258818164,26.6606440887492],[89.5064116483386,26.6612151575143],[89.5063830884302,26.6616291876748],[89.5063402489018,26.6620289375327],[89.506331051839,26.6623228878622]]]},"properties":{"compartment":"Dima BL3"},"id":"comptt.112"},
{"type":"Feature","geometry":{"type":"Polygon","coordinates":[[[89.4552764176824,26.6458744366094],[89.4528223720759,26.6480293925506],[89.4517053526153,26.6489563724028],[89.4491383024357,26.6513133264798],[89.4494412712661,26.6525753345069],[89.4502092075657,26.6551383537793],[89.4508941379267,26.6579563718716],[89.4521540405396,26.6618644029972],[89.4529049610913,26.6650814230561],[89.4499659716661,26.6649553656673],[89.4472839787922,26.6649453134759],[89.4425569913758,26.664927221491],[89.4407659961527,26.6649201866397],[89.4382099941312,26.6652771375212],[89.4380819940272,26.6652951350616],[89.4375639943737,26.6653361250544],[89.4375399971585,26.6652231243973],[89.437321021964,26.6642171184433],[89.4372500293998,26.6639161165553],[89.4364931654952,26.6583480924574],[89.4368272498046,26.6548120929992],[89.4358413544013,26.6505740666933],[89.4353513922375,26.6490550546103],[89.4364583525966,26.6489217759066],[89.4386474595668,26.6483983375837],[89.4422404569432,26.6477083662722],[89.4451433998,26.6472801219862],[89.4476656307761,26.6469708404993],[89.4498785319775,26.6466853430387],[89.4516393326222,26.6464712269092],[89.4535191023922,26.646280903133],[89.4550004174254,26.6459144313113],[89.4552764176824,26.6458744366094]]]},"properties":{"compartment":"Nimati BL1"},"id":"comptt.113"},
{"type":"Feature","geometry":{"type":"Polygon","coordinates":[[[89.6752413635412,26.6670787557665],[89.6746283615231,26.6672227440853],[89.6744333718132,26.6668157395361],[89.6744023838132,26.6663217380228],[89.6745354016992,26.665567739227],[89.6748284164037,26.6649297437624],[89.6755414370852,26.6640027559499],[89.6766764553631,26.6631337764663],[89.6770004531929,26.6631917828866],[89.6771944520077,26.6632217867221],[89.6773564466983,26.6634257902546],[89.6773864389268,26.663744791427],[89.6773544277779,26.6642097916601],[89.6771574142451,26.6647897888896],[89.6766703958245,26.6656007808932],[89.6758583746518,26.6665577668314],[89.6752413635412,26.6670787557665]]]},"properties":{"compartment":"CI"},"id":"comptt.114"},
{"type":"Feature","geometry":{"type":"Polygon","coordinates":[[[89.793655010208,26.6673895650579],[89.7917768649036,26.6673725283909],[89.7893855095007,26.6674081818153],[89.7870298528712,26.6674914160278],[89.785090595869,26.6675508583171],[89.7824375022287,26.6675389165474],[89.7800580476799,26.6675388701385],[89.7786184715551,26.6675150420158],[89.7776904851208,26.6674555338033],[89.7765245626826,26.667253260678],[89.7755846757021,26.6672175522793],[89.773704911456,26.6671580255051],[89.7733530325052,26.6671503161332],[89.773454280727,26.6667981299311],[89.7736684412727,26.6663412732369],[89.7739968241427,26.665777348566],[89.7744465510452,26.6650349659209],[89.7747535243087,26.6644567608048],[89.7750390674487,26.663885695284],[89.7752603686667,26.6634002886737],[89.7755316466671,26.6626293424932],[89.7757029805854,26.662036864704],[89.7758600352259,26.6614158265817],[89.7759599841349,26.6610374878089],[89.7760171122796,26.6602808274792],[89.7760314231075,26.6590030453204],[89.7760100241888,26.6581321632416],[89.775917245088,26.6572755597985],[89.7757673628423,26.6565545755009],[89.7755461024806,26.6553481788859],[89.775517562023,26.6545415467908],[89.7755104613357,26.6529139835476],[89.7752963283713,26.6522286980662],[89.7751464376767,26.6518574944363],[89.774996535086,26.6515648209562],[89.7748038041446,26.6512078965186],[89.7747181519235,26.65089380425],[89.7747038902277,26.6505511633186],[89.774689630594,26.6497088314342],[89.7747538873394,26.6494232921421],[89.7748895159884,26.6490521040777],[89.7750251536037,26.6487237360951],[89.7753178448217,26.6482311908603],[89.775624806179,26.6477315158898],[89.7758461048037,26.6473531794811],[89.7760745413443,26.6470605133749],[89.776267277105,26.6468035366409],[89.776509993613,26.6465108608128],[89.7766384881426,26.6463109929356],[89.7769903818602,26.6457083079776],[89.7774286412313,26.6456937071569],[89.7781327402506,26.6456706230932],[89.7796846378528,26.645619750983],[89.7829186275365,26.6457408142435],[89.7847296289257,26.6455118491018],[89.7871886316387,26.6451668963674],[89.790165641551,26.6444749530634],[89.7931426514951,26.6437820097562],[89.7956036682436,26.6428560559432],[89.7968976792748,26.6422770800506],[89.7980756881575,26.6417981020886],[89.7976406349149,26.6440450979293],[89.7965486093506,26.6452070788778],[89.7955945870688,26.6462200622284],[89.7936775389039,26.6483960290387],[89.7916294633913,26.6517169954862],[89.7912074339783,26.6529749896715],[89.7904774106753,26.6540089774217],[89.7911113566091,26.6561879939605],[89.7921262988903,26.658482018151],[89.7923782346192,26.6611190281231],[89.791479172989,26.6637550156461],[89.791861141651,26.6650160255145],[89.7937721012176,26.6665090656517],[89.7936910866864,26.6671180652404],[89.793655010208,26.6673895650579]]]},"properties":{"compartment":"C Rydak BL2"},"id":"comptt.115"},
{"type":"Feature","geometry":{"type":"Polygon","coordinates":[[[89.6731961359952,26.6655217930442],[89.6702820720561,26.6655581663255],[89.6660704188885,26.6661053552607],[89.6625012264982,26.6665573865399],[89.6588844459557,26.666938036761],[89.6563622156749,26.6671997280924],[89.6511987900101,26.6675327480901],[89.6453215260837,26.6678657641806],[89.6425554172718,26.6680921206971],[89.642534431105,26.6675211192491],[89.6428624625142,26.6661871232126],[89.6429324931905,26.6649091222511],[89.6434545297278,26.6633431295708],[89.6444925510021,26.6623581479989],[89.6460465653902,26.661607176904],[89.6484465874977,26.6604522215513],[89.6510366035558,26.6595292703205],[89.6539516300121,26.6581433245724],[89.6553776475643,26.6572743507614],[89.6566106837704,26.6556513718111],[89.6575987278462,26.6537263875338],[89.6576517302283,26.6536223883759],[89.6594558378639,26.6535416533665],[89.661692526539,26.6533751366257],[89.6636912786562,26.6530896350325],[89.665261732372,26.6527803350534],[89.6671177154094,26.6524710406354],[89.6703299967005,26.6516858817598],[89.6726517508796,26.6512836762419],[89.6727197462792,26.6514676779048],[89.6732227121539,26.6528326902132],[89.6743047109081,26.6527777111878],[89.6746257004468,26.6531797181804],[89.6748146861493,26.6537537229186],[89.6743656678912,26.6545547156465],[89.6735336422434,26.655699701546],[89.6730166089201,26.6571316941088],[89.6729505772726,26.6584496952473],[89.6732665529675,26.6594257031992],[89.6739645319277,26.660228718276],[89.674141513285,26.6609837231138],[89.6742185050165,26.6613187252307],[89.6736404842831,26.662234715654],[89.6738324741233,26.6626367201348],[89.673764449375,26.6636687207086],[89.673508432025,26.664412717089],[89.6731864092792,26.6653867126061],[89.6731961359952,26.6655217930442]]]},"properties":{"compartment":"Jainti BL3B"},"id":"comptt.116"},
{"type":"Feature","geometry":{"type":"Polygon","coordinates":[[[89.7693386126437,26.6671103502614],[89.766651407372,26.6671706179707],[89.7624873586935,26.6670991566307],[89.7613214285091,26.6672181041197],[89.7607146661727,26.6673727625808],[89.7601911722074,26.6675869027785],[89.7598937388702,26.6677534572943],[89.7591323008557,26.6681579532127],[89.7571930260779,26.6689550369056],[89.7555987834399,26.6692167463115],[89.753564348661,26.6696093173806],[89.7521961569419,26.6698115410818],[89.7513038572835,26.669882913816],[89.7506138065825,26.6699780805392],[89.7499342446363,26.6701237975625],[89.7505561575413,26.6682882262196],[89.7509741923014,26.6668092315742],[89.7515862343635,26.6650092401035],[89.7516492937054,26.6625462366737],[89.7509343602737,26.6598582176513],[89.7511974344924,26.656759216918],[89.7533744875681,26.6543522547982],[89.7558765104903,26.6531633013136],[89.7564115171244,26.6528373111235],[89.7574665420146,26.6517053295408],[89.7574675527539,26.6512603287169],[89.7588786020927,26.6490813520852],[89.7605536595804,26.6465393799057],[89.7632476481868,26.6467544328128],[89.7680376425993,26.6465295257323],[89.7719186447401,26.6460716004946],[89.7763186428809,26.6457306855947],[89.7769903818602,26.6457083079776],[89.7766384881426,26.6463109929356],[89.776509993613,26.6465108608128],[89.776267277105,26.6468035366409],[89.7760745413443,26.6470605133749],[89.7758461048037,26.6473531794811],[89.775624806179,26.6477315158898],[89.7753178448217,26.6482311908603],[89.7750251536037,26.6487237360951],[89.7748895159884,26.6490521040777],[89.7747538873394,26.6494232921421],[89.774689630594,26.6497088314342],[89.7747038902277,26.6505511633186],[89.7747181519235,26.65089380425],[89.7748038041446,26.6512078965186],[89.774996535086,26.6515648209562],[89.7751464376767,26.6518574944363],[89.7752963283713,26.6522286980662],[89.7755104613357,26.6529139835476],[89.775517562023,26.6545415467908],[89.7755461024806,26.6553481788859],[89.7757673628423,26.6565545755009],[89.775917245088,26.6572755597985],[89.7760100241888,26.6581321632416],[89.7760314231075,26.6590030453204],[89.7760171122796,26.6602808274792],[89.7759599841349,26.6610374878089],[89.7758600352259,26.6614158265817],[89.7757029805854,26.662036864704],[89.7755316466671,26.6626293424932],[89.7752603686667,26.6634002886737],[89.7750390674487,26.663885695284],[89.7747535243087,26.6644567608048],[89.7744465510452,26.6650349659209],[89.7739968241427,26.665777348566],[89.7736684412727,26.6663412732369],[89.773454280727,26.6667981299311],[89.7733530325052,26.6671503161332],[89.7720749860636,26.6671223036494],[89.7693386126437,26.6671103502614]]]},"properties":{"compartment":"C Rydak BL1"},"id":"comptt.117"},
{"type":"Feature","geometry":{"type":"Polygon","coordinates":[[[89.6425554172718,26.6680921206971],[89.6398194210589,26.6682080675999],[89.6337344052698,26.6694699513323],[89.6308843955219,26.6701588970524],[89.6291173946035,26.670373863014],[89.6290306311276,26.6672120955983],[89.6292210457949,26.6649278051711],[89.6293162657577,26.6632621840094],[89.6296018478873,26.6610730856073],[89.6296018811838,26.6596929931082],[89.6296019121817,26.6584080807814],[89.6296926647889,26.657047290084],[89.6316958773058,26.6567424985443],[89.6341705205196,26.6563618360479],[89.6355506106366,26.6562190926664],[89.6364072143122,26.655981158917],[89.6370734684468,26.6557432314603],[89.6386915002902,26.6555053125396],[89.642260699739,26.6551722514455],[89.6454967588505,26.6548867839503],[89.6473527378386,26.6547440498371],[89.6494466708507,26.6544109700112],[89.6533014076841,26.6537447938705],[89.6563471172818,26.653459312668],[89.6576517302283,26.6536223883759],[89.6575987278462,26.6537263875338],[89.6566106837704,26.6556513718111],[89.6553776475643,26.6572743507614],[89.6539516300121,26.6581433245724],[89.6510366035558,26.6595292703205],[89.6484465874977,26.6604522215513],[89.6460465653902,26.661607176904],[89.6444925510021,26.6623581479989],[89.6434545297278,26.6633431295708],[89.6429324931905,26.6649091222511],[89.6428624625142,26.6661871232126],[89.642534431105,26.6675211192491],[89.6425554172718,26.6680921206971]]]},"properties":{"compartment":"Jainti BL3A"},"id":"comptt.118"},
{"type":"Feature","geometry":{"type":"Polygon","coordinates":[[[89.7276421447768,26.6710227845638],[89.7276731520723,26.6707177845963],[89.7275712083028,26.6683997782605],[89.7275722249422,26.6677107769879],[89.7259362212286,26.668022745677],[89.7253091767528,26.6699247370168],[89.7244351571769,26.6708197216527],[89.7219191483286,26.6714296737381],[89.7219497915859,26.6679798478774],[89.7220354958649,26.6661381461003],[89.7223211034596,26.6633113463752],[89.7226273638394,26.662437670709],[89.7359443134487,26.6632379318027],[89.736170280755,26.6645699387139],[89.737785228233,26.6665889739992],[89.7381572030201,26.6675969831495],[89.7377811849572,26.668380977294],[89.7364091774016,26.6688259513796],[89.7346621734268,26.6691589179424],[89.7331651769882,26.669155888748],[89.7325321784881,26.6691548764039],[89.7324111433324,26.6706218768003],[89.732431139034,26.670797877521],[89.7315591411162,26.6707958605141],[89.7300041420151,26.6709088304056],[89.7276421447768,26.6710227845638]]]},"properties":{"compartment":"Rahima RF"},"id":"comptt.119"},
{"type":"Feature","geometry":{"type":"Polygon","coordinates":[[[89.7219191483286,26.6714296737381],[89.7216911474854,26.6714866693993],[89.7206911498753,26.6714846498977],[89.7195731715049,26.6706976266276],[89.7184542174594,26.668903601457],[89.7183312366831,26.6681195975936],[89.7189572487172,26.6675606087524],[89.7189592649419,26.666888607535],[89.7193612916277,26.6657446132326],[89.7183423529588,26.6633035888056],[89.7177193544424,26.6633025766602],[89.7165973625528,26.6630755543664],[89.712983368494,26.6631804841205],[89.7093993787216,26.6631054141253],[89.7071233852551,26.6630563696739],[89.7025093909244,26.6632712801472],[89.6996423924185,26.6634892246757],[89.6968984044449,26.6632591707706],[89.692239422862,26.6629520794049],[89.6920814217389,26.6630140764407],[89.6919584208709,26.6630620741325],[89.6919484276057,26.6627840734229],[89.6927915016981,26.6596320840121],[89.6936485300606,26.6583730983785],[89.6949195942235,26.6555901179848],[89.6954406526448,26.6531181235518],[89.695407698421,26.6512241193968],[89.6953647598969,26.6486801138417],[89.6961047951317,26.6471471254127],[89.69635379879,26.6469711299362],[89.696323846378,26.6450011256975],[89.7005688929116,26.6426572040228],[89.7117868740868,26.6423454219297],[89.7116598338634,26.6440254225896],[89.7117828335751,26.6440254249854],[89.7128977552637,26.6471634525593],[89.7130217387608,26.6478354562288],[89.7135987361779,26.6478864675646],[89.7140027299476,26.6481054758439],[89.7147667101588,26.6488514921205],[89.7159147060221,26.648911514598],[89.7169986978863,26.6491435361503],[89.717826691774,26.6493165526052],[89.7191656622916,26.6504085807348],[89.7202476348095,26.6514426037505],[89.7201796017623,26.6528186049996],[89.7205625953158,26.6530486128928],[89.7217105898078,26.6531656354814],[89.7221365849987,26.6533236440781],[89.7232505646078,26.6540606671658],[89.7232175596889,26.6542676669104],[89.7228985135608,26.6562096643304],[89.7229214724707,26.6579096679617],[89.7228984689035,26.6580596677942],[89.7229184666599,26.6581506683544],[89.7229174491602,26.6588756696924],[89.7227194117923,26.6604426687673],[89.7226273638394,26.662437670709],[89.7223211034596,26.6633113463752],[89.7220354958649,26.6661381461003],[89.7219497915859,26.6679798478774],[89.7219191483286,26.6714296737381]]]},"properties":{"compartment":"Karthik BL."},"id":"comptt.120"},
{"type":"Feature","geometry":{"type":"Polygon","coordinates":[[[89.6026196324792,26.6718879908166],[89.6022404228706,26.6719073421545],[89.6017964452656,26.6710243319224],[89.6001865332724,26.6675402943188],[89.5985786392805,26.6633092554243],[89.5970267187185,26.6601732195888],[89.6008632171059,26.6598518537191],[89.6101145566117,26.65893832223],[89.6142619697916,26.6583887520054],[89.6193659086015,26.6579248505622],[89.6254692250156,26.6574609785821],[89.6296926647889,26.657047290084],[89.6296019121817,26.6584080807814],[89.6296018811838,26.6596929931082],[89.6296018478873,26.6610730856073],[89.6293162657577,26.6632621840094],[89.6292210457949,26.6649278051711],[89.6290306311276,26.6672120955983],[89.6291173946035,26.670373863014],[89.6252523926586,26.6708417885568],[89.6202043926059,26.6713506911249],[89.6181973961965,26.6714036521185],[89.6167733983504,26.6714576244725],[89.6141864047805,26.6714515740607],[89.612374406507,26.671562538959],[89.6082324140539,26.6716674584545],[89.604865419701,26.6717733930515],[89.6026196324792,26.6718879908166]]]},"properties":{"compartment":"Jainti BL4"},"id":"comptt.121"},
{"type":"Feature","geometry":{"type":"Polygon","coordinates":[[[89.5817337011945,26.6736426352357],[89.5796381450888,26.6736953150619],[89.5762402872416,26.6735382085982],[89.5746733598968,26.6735381786413],[89.5741884773058,26.6725017967942],[89.5732905216017,26.6707577762108],[89.571679567724,26.669010741739],[89.5703926144197,26.6672067134796],[89.5694946699454,26.6649966920788],[89.5693097264317,26.6626736843625],[89.5693147588331,26.6613296820796],[89.5701127513425,26.6615586980215],[89.5707497453829,26.6617407107459],[89.5757037395003,26.6614788067341],[89.5772837403885,26.6612808371451],[89.5783107366089,26.6613328572334],[89.579094735164,26.6613128724626],[89.5818677314624,26.6611839262249],[89.5856537275739,26.6609599995428],[89.5886787235598,26.660819058192],[89.5921287255563,26.660386124596],[89.5948467200421,26.6603391774365],[89.5959337176746,26.6603271985811],[89.5970267187185,26.6601732195888],[89.5985786392805,26.6633092554243],[89.6001865332724,26.6675402943188],[89.6017964452656,26.6710243319224],[89.6022404228706,26.6719073421545],[89.6000824721824,26.6717397898162],[89.5969130375156,26.6718396682539],[89.5947144073805,26.6720680558336],[89.5905170493893,26.6724106146829],[89.5876188596038,26.6726960987378],[89.5855201764844,26.6730386984682],[89.5831216730717,26.6734241224342],[89.5819081508855,26.6736382491773],[89.5817337011945,26.6736426352357]]]},"properties":{"compartment":"N RVBK BL14"},"id":"comptt.122"},
{"type":"Feature","geometry":{"type":"Polygon","coordinates":[[[89.5648654472026,26.6747026191075],[89.564293631325,26.6745903677717],[89.5602009754713,26.6744237277663],[89.5535622930762,26.6743760083888],[89.5499217298195,26.6744711176563],[89.5466142851715,26.6745900234542],[89.5445917467593,26.6747327543173],[89.5434733938021,26.6749706829558],[89.5419981217355,26.6752085946434],[89.5417819317524,26.6752302104712],[89.5414270617703,26.6748516628969],[89.5408084222576,26.6740664294735],[89.5398804586818,26.6730670396523],[89.5393808063335,26.6719724780057],[89.5386194034886,26.6709254913466],[89.5380959471791,26.6699974895298],[89.537596273348,26.6693788187182],[89.5369538524989,26.6682366642116],[89.5362638311929,26.6671183088211],[89.5357165855126,26.6661665065024],[89.5348600097839,26.6648339874971],[89.5344079286994,26.664096347407],[89.5338844718089,26.663192135637],[89.5334086047984,26.6622879347939],[89.5332570565454,26.66181641102],[89.534907671958,26.6618358631818],[89.5409039016029,26.6616456295631],[89.5449489772757,26.661407757884],[89.5519445913771,26.6609320032229],[89.5548398082659,26.6607633992852],[89.5558118080278,26.660673418048],[89.5629107979863,26.6603615556932],[89.566604784233,26.6605536279464],[89.5693147588331,26.6613296820796],[89.5693097264317,26.6626736843625],[89.5694946699454,26.6649966920788],[89.5703926144197,26.6672067134796],[89.571679567724,26.669010741739],[89.5732905216017,26.6707577762108],[89.5741884773058,26.6725017967942],[89.5746733598968,26.6735381786413],[89.5749534359644,26.6741368145956],[89.5744454360818,26.674183804784],[89.57179143162,26.6746397538977],[89.5693974334969,26.6748067075634],[89.5664204410667,26.6747976495626],[89.5648654472026,26.6747026191075]]]},"properties":{"compartment":"N RVBK BL15"},"id":"comptt.123"},
{"type":"Feature","geometry":{"type":"Polygon","coordinates":[[[89.5417819317524,26.6752302104712],[89.5410463418105,26.6753037562753],[89.535787747224,26.6752084737046],[89.5345980173241,26.6753274307449],[89.5334320739216,26.6755891484978],[89.5323613202822,26.6758508681043],[89.5282924458668,26.6760411392037],[89.5259129895284,26.6761362730357],[89.5240265175948,26.6759978260608],[89.5236345620754,26.6741948152892],[89.5232076666026,26.6699057995103],[89.5232587284802,26.6673347960282],[89.5231347815046,26.6651487898095],[89.5230798564586,26.6620457833382],[89.5230778579101,26.6619857831948],[89.5308626032042,26.6617881943656],[89.5332570565454,26.66181641102],[89.5334086047984,26.6622879347939],[89.5338844718089,26.663192135637],[89.5344079286994,26.664096347407],[89.5348600097839,26.6648339874971],[89.5357165855126,26.6661665065024],[89.5362638311929,26.6671183088211],[89.5369538524989,26.6682366642116],[89.537596273348,26.6693788187182],[89.5380959471791,26.6699974895298],[89.5386194034886,26.6709254913466],[89.5393808063335,26.6719724780057],[89.5398804586818,26.6730670396523],[89.5408084222576,26.6740664294735],[89.5414270617703,26.6748516628969],[89.5417819317524,26.6752302104712]]]},"properties":{"compartment":"N RVBK BL16"},"id":"comptt.124"},
{"type":"Feature","geometry":{"type":"Polygon","coordinates":[[[89.8696663800607,26.6726753885706],[89.869662595883,26.6724936481093],[89.8696245367861,26.6720463064854],[89.8695769613929,26.6714466743758],[89.869548418131,26.6711706632751],[89.8694627656864,26.6708660910034],[89.8693390444769,26.670513927895],[89.8692438720533,26.6702093454376],[89.8690630402797,26.6698857412708],[89.868672815288,26.669714413317],[89.8682349971802,26.6696763246967],[89.8678352464561,26.6697429470255],[89.8674164530127,26.6699237792074],[89.8669120081487,26.6701712298485],[89.8665693549966,26.6703330334788],[89.8660173181671,26.6706661433594],[89.8656651522747,26.6709421570285],[89.8655414174861,26.6711515450253],[89.8653700930331,26.6713514220743],[89.865198770882,26.6714561089362],[89.8648275714766,26.6714656217095],[89.8644183014654,26.671503683796],[89.8640756583142,26.6716654774261],[89.8636854211257,26.671998600464],[89.8632856614266,26.6724364135215],[89.8630001117036,26.6728647087894],[89.8627336035494,26.673226384298],[89.8624766162946,26.6735499899175],[89.8621530078071,26.6739306943486],[89.8618103507429,26.6742542982956],[89.8613630032212,26.674606450255],[89.8608395117254,26.6751299210641],[89.8601637405687,26.6756533889003],[89.8592214540202,26.6764243220192],[89.8588502458688,26.6767955055011],[89.8583077274084,26.6771952456947],[89.857888931435,26.6774807780792],[89.8572797803607,26.6779947271955],[89.8567277275474,26.6785753075569],[89.8561661686695,26.678994077415],[89.855728340897,26.6793557495764],[89.8552429246123,26.6796603106967],[89.8548051002938,26.6798792125782],[89.8542816170875,26.6800600427127],[89.8538723477709,26.6800695547412],[89.8533869404663,26.6800029251342],[89.8530157449795,26.6798506275892],[89.8527397395099,26.6796888218841],[89.8524066187729,26.6793366546913],[89.8521306172175,26.6790130386696],[89.8518165387401,26.6785656916625],[89.8514834226072,26.6780231640977],[89.8513121149611,26.677528239785],[89.8510741747014,26.6771475143951],[89.8505643160593,26.6767250236157],[89.8510457424175,26.6760042016025],[89.8518277689428,26.6748352145791],[89.8536218702256,26.6704812410697],[89.8559229592883,26.6665852783415],[89.857459036193,26.663262301799],[89.859377112238,26.6599393327029],[89.8602721323842,26.6590233483666],[89.8630781260754,26.6590264031177],[89.8657581366796,26.6583414540585],[89.8689511295263,26.6583445163611],[89.8710801167137,26.6586795585596],[89.8717581158649,26.658652571735],[89.8719423961609,26.6586234452731],[89.8719315001309,26.6588739455543],[89.8718958030216,26.6591713754441],[89.8718125114167,26.6596591647803],[89.8717292229746,26.6600160838587],[89.8715626529915,26.6604443814526],[89.8713841850473,26.6607894086503],[89.8710629445439,26.6612533932963],[89.870598932631,26.661788765297],[89.8703490842695,26.6621575811482],[89.8701706166128,26.6624906983219],[89.8700635419612,26.6626929466308],[89.8700397333862,26.6630498668693],[89.8701230077374,26.6632759189396],[89.870230081748,26.6635138714979],[89.8703847373789,26.663680434844],[89.8705631912312,26.6639183887952],[89.8708249223106,26.6642634145826],[89.8710628622921,26.6646560299996],[89.8712413124052,26.6650486442557],[89.8714911325804,26.665845770702],[89.8717171622322,26.666666686731],[89.8718123233236,26.6674400201125],[89.8718123083649,26.6680586813315],[89.8717647040868,26.6686535415747],[89.8716576116658,26.6691770305161],[89.8714553503189,26.6696648075297],[89.8712173916399,26.6700455236353],[89.8710151348957,26.6703429502734],[89.8708247689882,26.6706046870735],[89.8706344125051,26.6708902239204],[89.8705273264128,26.6711519623458],[89.8703845486735,26.6714850802151],[89.8702417715094,26.6717944080375],[89.8700276145034,26.6721037344665],[89.8696663800607,26.6726753885706]]]},"properties":{"compartment":"Sankosh BL3A"},"id":"comptt.125"},
{"type":"Feature","geometry":{"type":"Polygon","coordinates":[[[89.8719423961609,26.6586234452731],[89.8720301163019,26.6586095769573],[89.8739261193323,26.6583106133613],[89.8753280774164,26.6599166438847],[89.8755310637946,26.6604616489211],[89.8749850307269,26.6618796410642],[89.8750349711968,26.6643376468886],[89.8765139077727,26.6668256806624],[89.8771138544826,26.6689746966148],[89.8773857900615,26.6716137071334],[89.8768777382415,26.6738027015374],[89.8754656784752,26.6764026791016],[89.8754636302411,26.6783966829961],[89.8750925938283,26.6799356787879],[89.8750775922162,26.6800036786291],[89.8749310336543,26.680370966492],[89.8742404864796,26.6803174129028],[89.8729270210026,26.6802507671249],[89.8723464462045,26.6800889554699],[89.8720133192461,26.6799937687779],[89.871575505053,26.6797938798355],[89.8711757635387,26.6794797814117],[89.8709187905564,26.6792132758692],[89.8706237529543,26.6787278591524],[89.8704809986982,26.6780901651091],[89.8703667909247,26.6775952319045],[89.8702811426269,26.677119339295],[89.8701479166368,26.676138994763],[89.8700527659566,26.6753490113494],[89.8699766262552,26.6749302190382],[89.8698624294002,26.6743972257592],[89.8697482197827,26.6739784327048],[89.8696720928429,26.6734454301691],[89.869672104813,26.6729504991946],[89.8696663800607,26.6726753885706],[89.8700276145034,26.6721037344665],[89.8702417715094,26.6717944080375],[89.8703845486735,26.6714850802151],[89.8705273264128,26.6711519623458],[89.8706344125051,26.6708902239204],[89.8708247689882,26.6706046870735],[89.8710151348957,26.6703429502734],[89.8712173916399,26.6700455236353],[89.8714553503189,26.6696648075297],[89.8716576116658,26.6691770305161],[89.8717647040868,26.6686535415747],[89.8718123083649,26.6680586813315],[89.8718123233236,26.6674400201125],[89.8717171622322,26.666666686731],[89.8714911325804,26.665845770702],[89.8712413124052,26.6650486442557],[89.8710628622921,26.6646560299996],[89.8708249223106,26.6642634145826],[89.8705631912312,26.6639183887952],[89.8703847373789,26.663680434844],[89.870230081748,26.6635138714979],[89.8701230077374,26.6632759189396],[89.8700397333862,26.6630498668693],[89.8700635419612,26.6626929466308],[89.8701706166128,26.6624906983219],[89.8703490842695,26.6621575811482],[89.870598932631,26.661788765297],[89.8710629445439,26.6612533932963],[89.8713841850473,26.6607894086503],[89.8715626529915,26.6604443814526],[89.8717292229746,26.6600160838587],[89.8718125114167,26.6596591647803],[89.8718958030216,26.6591713754441],[89.8719315001309,26.6588739455543],[89.8719423961609,26.6586234452731]]]},"properties":{"compartment":"Sankosh BL3B"},"id":"comptt.126"},
{"type":"Feature","geometry":{"type":"Polygon","coordinates":[[[89.732431139034,26.670797877521],[89.7329570172439,26.6757878971526],[89.7336919551152,26.678287916185],[89.7359089633108,26.677734958386],[89.7361409723644,26.6773379621643],[89.7383859913982,26.676334004061],[89.7408830125561,26.6752180506592],[89.7404979729739,26.6768930463058],[89.7402539711974,26.6769900417294],[89.7405579710459,26.6769670476154],[89.7431539568405,26.6773050988863],[89.7435199197366,26.6788051088536],[89.7435148673935,26.6809711128404],[89.7433278517291,26.6816371104482],[89.738133847935,26.6822940103635],[89.7364078506757,26.6823469767936],[89.7273968415707,26.6835938033581],[89.72689986983,26.6824727915618],[89.7267768755561,26.6822477887408],[89.7270058743921,26.6822737932563],[89.7264519200155,26.6804397790125],[89.7244159570911,26.6791027367974],[89.7234899754015,26.6784347174865],[89.7251609794658,26.6781047494576],[89.7272009745983,26.678108789251],[89.7277619815032,26.6777687995547],[89.7274470429396,26.675256788701],[89.7274520989332,26.672938784452],[89.7276421447768,26.6710227845638],[89.7300041420151,26.6709088304056],[89.7315591411162,26.6707958605141],[89.732431139034,26.670797877521]]]},"properties":{"compartment":"Rahima RF"},"id":"comptt.127"},
{"type":"Feature","geometry":{"type":"Polygon","coordinates":[[[89.6207196486601,26.6813857697212],[89.6164148183513,26.6814340554676],[89.6144874606239,26.6815339580854],[89.6118177012593,26.6817766064918],[89.6092764440008,26.6819193272231],[89.6076346145547,26.6820620654832],[89.6057072433942,26.682304728358],[89.6030660401872,26.6827044276033],[89.6015955382626,26.6829328293558],[89.5995682321847,26.6833896506663],[89.5977265191042,26.6837036953374],[89.5950424825723,26.6842461640019],[89.591330513395,26.6850027630158],[89.5904168032224,26.685102685388],[89.5893746206029,26.684074733244],[89.5888749594113,26.6833466122081],[89.5874187760767,26.6815619806503],[89.5867763373021,26.6807481866816],[89.5854629274034,26.6788065176311],[89.5843922048424,26.677364544202],[89.5837497777872,26.67647937011],[89.5831929939734,26.6758654581703],[89.5825791147791,26.6750659447884],[89.5819652373071,26.6741950512802],[89.5817337011945,26.6736426352357],[89.5819081508855,26.6736382491773],[89.5831216730717,26.6734241224342],[89.5855201764844,26.6730386984682],[89.5876188596038,26.6726960987378],[89.5905170493893,26.6724106146829],[89.5947144073805,26.6720680558336],[89.5969130375156,26.6718396682539],[89.6000824721824,26.6717397898162],[89.6022404228706,26.6719073421545],[89.6026196324792,26.6718879908166],[89.6028807053581,26.6721538750699],[89.6034089344207,26.6725536360774],[89.6039086052758,26.6728820164008],[89.6044368367507,26.6731818372297],[89.6063070722025,26.6740099251527],[89.6075205775275,26.6744953596674],[89.6082772418929,26.6746524146919],[89.6089054141589,26.6749094173928],[89.6097905609744,26.6753662854603],[89.6110897319568,26.676023041955],[89.6125887707299,26.6767511924742],[89.6136309547515,26.6773080037843],[89.6151014429059,26.6780647038015],[89.615729605174,26.6783216965054],[89.6164577134071,26.6787357414403],[89.618285112077,26.6798493690601],[89.6193844056167,26.680420461514],[89.6205693527428,26.6812485361022],[89.6207196486601,26.6813857697212]]]},"properties":{"compartment":"N RVBK BL13"},"id":"comptt.128"},
{"type":"Feature","geometry":{"type":"Polygon","coordinates":[[[89.5736861560872,26.6858598107096],[89.5706481569451,26.6861347519997],[89.5668931552853,26.6865876796341],[89.5663651542487,26.6866846695175],[89.5658601998787,26.6848466564271],[89.5652882756544,26.6817666398366],[89.5647823456307,26.6789196249459],[89.5647243962431,26.6768286201196],[89.5648654472026,26.6747026191075],[89.5664204410667,26.6747976495626],[89.5693974334969,26.6748067075634],[89.57179143162,26.6746397538977],[89.5744454360818,26.674183804784],[89.5749534359644,26.6741368145956],[89.5746733598968,26.6735381786413],[89.5762402872416,26.6735382085982],[89.5796381450888,26.6736953150619],[89.5817337011945,26.6736426352357],[89.5819652373071,26.6741950512802],[89.5825791147791,26.6750659447884],[89.5831929939734,26.6758654581703],[89.5837497777872,26.67647937011],[89.5843922048424,26.677364544202],[89.5854629274034,26.6788065176311],[89.5867763373021,26.6807481866816],[89.5874187760767,26.6815619806503],[89.5888749594113,26.6833466122081],[89.5893746206029,26.684074733244],[89.5904168032224,26.685102685388],[89.5894031505375,26.6853168160164],[89.5878469819435,26.6854167258686],[89.5857340247196,26.6855166148706],[89.5829357771157,26.6857021606711],[89.5808085364878,26.6859448296495],[89.578866895062,26.68620177227],[89.5763113620477,26.6861731724207],[89.5750407389728,26.6860160973822],[89.5736861560872,26.6858598107096]]]},"properties":{"compartment":"N RVBK BL12"},"id":"comptt.129"},
{"type":"Feature","geometry":{"type":"Polygon","coordinates":[[[89.6291173946035,26.670373863014],[89.629213828933,26.6722561183015],[89.629213810551,26.6730175496799],[89.6292137950408,26.673660000843],[89.6291186014836,26.6742310700221],[89.6288568437328,26.6749924963001],[89.6286426781645,26.6756587433329],[89.6283809261582,26.6761822191798],[89.6283333196115,26.6768722595012],[89.6283333040981,26.6775147206639],[89.6283332897335,26.6781095817404],[89.6284998257715,26.6790851667521],[89.6285712029568,26.6796086490909],[89.6287139373263,26.6806556237682],[89.6289280629011,26.6820595104834],[89.6289280335898,26.6832730326799],[89.6289280117487,26.6841772343166],[89.6287376171469,26.685628703233],[89.628571044329,26.6861759809766],[89.6282862430946,26.6871066162254],[89.627850350252,26.6868309081126],[89.6271936332248,26.686359754458],[89.6264369760945,26.6859028888814],[89.6258088055493,26.6855745060423],[89.6249664958694,26.684817818255],[89.6242955016355,26.6842324541177],[89.6237101744348,26.683761311857],[89.622425291,26.682790465059],[89.6212260666673,26.6818481799839],[89.6207196486601,26.6813857697212],[89.6205693527428,26.6812485361022],[89.6193844056167,26.680420461514],[89.618285112077,26.6798493690601],[89.6164577134071,26.6787357414403],[89.615729605174,26.6783216965054],[89.6151014429059,26.6780647038015],[89.6136309547515,26.6773080037843],[89.6125887707299,26.6767511924742],[89.6110897319568,26.676023041955],[89.6097905609744,26.6753662854603],[89.6089054141589,26.6749094173928],[89.6082772418929,26.6746524146919],[89.6075205775275,26.6744953596674],[89.6063070722025,26.6740099251527],[89.6044368367507,26.6731818372297],[89.6039086052758,26.6728820164008],[89.6034089344207,26.6725536360774],[89.6028807053581,26.6721538750699],[89.6026196324792,26.6718879908166],[89.604865419701,26.6717733930515],[89.6082324140539,26.6716674584545],[89.612374406507,26.671562538959],[89.6141864047805,26.6714515740607],[89.6167733983504,26.6714576244725],[89.6181973961965,26.6714036521185],[89.6202043926059,26.6713506911249],[89.6252523926586,26.6708417885568],[89.6291173946035,26.670373863014]]]},"properties":{"compartment":"Jainti BL1"},"id":"comptt.130"},
{"type":"Feature","geometry":{"type":"Polygon","coordinates":[[[89.6425554172718,26.6680921206971],[89.6425943888871,26.6692641235892],[89.6422663574732,26.6705981196247],[89.6418093207184,26.6721661135715],[89.6410942944576,26.6733251017459],[89.6395992504928,26.6752950761923],[89.6381682063478,26.6772660518844],[89.6371281696374,26.6788900345638],[89.6349191106047,26.6815549963442],[89.63271305434,26.6841049579675],[89.6310219940006,26.6867719298357],[89.6305609544784,26.6884539238948],[89.6305354813447,26.6886659440137],[89.629520700683,26.6878874225884],[89.6282862430946,26.6871066162254],[89.628571044329,26.6861759809766],[89.6287376171469,26.685628703233],[89.6289280117487,26.6841772343166],[89.6289280335898,26.6832730326799],[89.6289280629011,26.6820595104834],[89.6287139373263,26.6806556237682],[89.6285712029568,26.6796086490909],[89.6284998257715,26.6790851667521],[89.6283332897335,26.6781095817404],[89.6283333040981,26.6775147206639],[89.6283333196115,26.6768722595012],[89.6283809261582,26.6761822191798],[89.6286426781645,26.6756587433329],[89.6288568437328,26.6749924963001],[89.6291186014836,26.6742310700221],[89.6292137950408,26.673660000843],[89.629213810551,26.6730175496799],[89.629213828933,26.6722561183015],[89.6291173946035,26.670373863014],[89.6308843955219,26.6701588970524],[89.6337344052698,26.6694699513323],[89.6398194210589,26.6682080675999],[89.6425554172718,26.6680921206971]]]},"properties":{"compartment":"Jainti BL2A"},"id":"comptt.131"},
{"type":"Feature","geometry":{"type":"Polygon","coordinates":[[[89.5507907798579,26.6888968524593],[89.5503081387256,26.6889763606919],[89.5493979300626,26.6877723208404],[89.5483272060485,26.6863922075537],[89.5470661336552,26.6849645004773],[89.5458764247636,26.6837985452533],[89.5455909040906,26.6834416190646],[89.5454005589243,26.6828467443124],[89.5452340303543,26.681561828813],[89.5448295535231,26.6802293285956],[89.5445678354233,26.6793489219529],[89.5438778252801,26.6781829664678],[89.5433543672557,26.6773263447701],[89.542640554298,26.6762793690321],[89.5421408816193,26.6756131081328],[89.5417819317524,26.6752302104712],[89.5419981217355,26.6752085946434],[89.5434733938021,26.6749706829558],[89.5445917467593,26.6747327543173],[89.5466142851715,26.6745900234542],[89.5499217298195,26.6744711176563],[89.5535622930762,26.6743760083888],[89.5602009754713,26.6744237277663],[89.564293631325,26.6745903677717],[89.5648654472026,26.6747026191075],[89.5647243962431,26.6768286201196],[89.5647823456307,26.6789196249459],[89.5652882756544,26.6817666398366],[89.5658601998787,26.6848466564271],[89.5663651542487,26.6866846695175],[89.5631371480138,26.6872736076605],[89.5597701481934,26.6876115426513],[89.5567911459952,26.6880084853061],[89.5539431420546,26.6884644306172],[89.551352140283,26.6888043807311],[89.5507907798579,26.6888968524593]]]},"properties":{"compartment":"N RVBK BL11"},"id":"comptt.132"},
{"type":"Feature","geometry":{"type":"Polygon","coordinates":[[[89.6809178450245,26.6879849049629],[89.6812268483019,26.6878189106831],[89.6816788846165,26.6862719166444],[89.6819999059908,26.6853559212145],[89.682576935069,26.6840959301415],[89.6836029644566,26.6827789477178],[89.684114983973,26.6819209561174],[89.6849470054838,26.6809489705457],[89.6861620191755,26.6802629929692],[89.6869930407128,26.679290007374],[89.6877620568402,26.6785470209943],[89.6889750594493,26.6783200442251],[89.6898110687268,26.677854059663],[89.6899970708229,26.6777490630952],[89.6909560615697,26.6780380823283],[89.6903780380538,26.6790680729647],[89.689291025456,26.6796960529318],[89.6884610232916,26.6798670370643],[89.6878199957687,26.6810690267881],[89.6874329773318,26.6818700207227],[89.6863449508674,26.6830720017282],[89.686023930847,26.6839319970576],[89.6864069202475,26.6843330052675],[89.6872989222395,26.6841630223485],[89.688258924071,26.6839930407554],[89.6891509205061,26.6840530582615],[89.6900449169613,26.6841120758051],[89.6905559240397,26.6837690851356],[89.6912609389474,26.6830830976143],[89.6916419311094,26.6833701055756],[89.6920219107795,26.6841741144748],[89.6913808846256,26.6853191040937],[89.6915718619859,26.6862371095182],[89.6919518472363,26.6868101179905],[89.6904828272228,26.6877820911385],[89.6893298092409,26.6886390702356],[89.6884407955163,26.6892940541074],[89.6874438008308,26.6891720344357],[89.6855028125447,26.6888779960345],[89.6831098295895,26.6884079484941],[89.6809178450245,26.6879849049629]]]},"properties":{"compartment":"JH I"},"id":"comptt.133"},
{"type":"Feature","geometry":{"type":"Polygon","coordinates":[[[89.5110858969647,26.6723922675505],[89.5107156370269,26.6724325607071],[89.5094946368928,26.6725655371675],[89.5077566299823,26.6730335041429],[89.5066986131111,26.6738434849472],[89.506389573076,26.6755354818577],[89.5064575304225,26.6772964862271],[89.5062984883375,26.6790574861765],[89.5059904466487,26.6808174832224],[89.5060604186744,26.6819694865774],[89.5063563884632,26.6831904944528],[89.50657534867,26.6848165015296],[89.5063463296503,26.6856284984739],[89.5060423173599,26.6861694934886],[89.5052832915425,26.6873184806924],[89.5045232722441,26.6881974674091],[89.5036152533676,26.6890744512388],[89.5030112467585,26.6894114400563],[89.50230329622,26.6874364228563],[89.5018373300776,26.6860824114431],[89.4987153434246,26.6858563502521],[89.4981404704077,26.6806543300869],[89.5006295337927,26.677766373568],[89.5012236364988,26.6734463776769],[89.5009487253644,26.6697903660139],[89.5008498452798,26.6648273555217],[89.5008431732784,26.6644962748203],[89.502013161188,26.6640457468115],[89.5032029003772,26.6635401290913],[89.5045116092672,26.6630345236858],[89.5052551959975,26.6626776175392],[89.5059393007271,26.6624099403892],[89.506331051839,26.6623228878622],[89.5063259579249,26.662485788045],[89.5062688404971,26.6627998774767],[89.5062259933962,26.6635137178777],[89.506168877019,26.6641990079516],[89.5061545853523,26.6646844185132],[89.50619740423,26.6651412701368],[89.5062116762769,26.6654696409826],[89.5062544958426,26.6658979425569],[89.5063115884699,26.6661977541866],[89.5063829696843,26.6665546761934],[89.5064971711347,26.666897329009],[89.5067684201239,26.6673256350294],[89.5069111804695,26.667711108475],[89.5070253788212,26.668182241513],[89.5072252479894,26.6686105561445],[89.5074393871217,26.6690388610539],[89.507710636454,26.6694528970504],[89.508124645771,26.6698526558011],[89.5084672869893,26.6701810230394],[89.5087385276984,26.6705379489373],[89.5090240597488,26.6708377650147],[89.5093809695532,26.6712232526301],[89.5096807715675,26.6715230689855],[89.5098663676569,26.6716658428458],[89.5101661741475,26.67178005888],[89.5103803215425,26.6718657231973],[89.5106658584134,26.671965668929],[89.5108800054642,26.6720656032711],[89.5109656635267,26.6721369950624],[89.5110858969647,26.6723922675505]]]},"properties":{"compartment":"Dima BL1"},"id":"comptt.134"},
{"type":"Feature","geometry":{"type":"Polygon","coordinates":[[[89.8693296077596,26.68897905407],[89.8682683601177,26.6889790333429],[89.8672975388199,26.689121784663],[89.8658127434825,26.689478676366],[89.86434223088,26.6897213481229],[89.8626290195109,26.6899354650836],[89.8612584477261,26.6901353187082],[89.8600877530785,26.6904351064325],[89.8585886908923,26.6906635076033],[89.8557618961647,26.6907062824791],[89.8533919618049,26.6906919561665],[89.8504509487274,26.6906776187019],[89.8478954154847,26.6906347387109],[89.8447117022736,26.690648956565],[89.8430345463759,26.6906348537854],[89.8430344070244,26.6906080737305],[89.8430194906941,26.6871520666945],[89.8428225647166,26.6841110569148],[89.842814645464,26.6807740502479],[89.8425247068031,26.6782650396916],[89.8459526990504,26.6782681066127],[89.8487617037698,26.6778131605567],[89.8502957169324,26.6771271891595],[89.8505643160593,26.6767250236157],[89.8510741747014,26.6771475143951],[89.8513121149611,26.677528239785],[89.8514834226072,26.6780231640977],[89.8518165387401,26.6785656916625],[89.8521306172175,26.6790130386696],[89.8524066187729,26.6793366546913],[89.8527397395099,26.6796888218841],[89.8530157449795,26.6798506275892],[89.8533869404663,26.6800029251342],[89.8538723477709,26.6800695547412],[89.8542816170875,26.6800600427127],[89.8548051002938,26.6798792125782],[89.8552429246123,26.6796603106967],[89.855728340897,26.6793557495764],[89.8561661686695,26.678994077415],[89.8567277275474,26.6785753075569],[89.8572797803607,26.6779947271955],[89.857888931435,26.6774807780792],[89.8583077274084,26.6771952456947],[89.8588502458688,26.6767955055011],[89.8592214540202,26.6764243220192],[89.8601637405687,26.6756533889003],[89.8608395117254,26.6751299210641],[89.8613630032212,26.674606450255],[89.8618103507429,26.6742542982956],[89.8621530078071,26.6739306943486],[89.8624766162946,26.6735499899175],[89.8627336035494,26.673226384298],[89.8630001117036,26.6728647087894],[89.8632856614266,26.6724364135215],[89.8636854211257,26.671998600464],[89.8640756583142,26.6716654774261],[89.8644183014654,26.671503683796],[89.8648275714766,26.6714656217095],[89.865198770882,26.6714561089362],[89.8653700930331,26.6713514220743],[89.8655414174861,26.6711515450253],[89.8656651522747,26.6709421570285],[89.8660173181671,26.6706661433594],[89.8665693549966,26.6703330334788],[89.8669120081487,26.6701712298485],[89.8674164530127,26.6699237792074],[89.8678352464561,26.6697429470255],[89.8682349971802,26.6696763246967],[89.868672815288,26.669714413317],[89.8690630402797,26.6698857412708],[89.8692438720533,26.6702093454376],[89.8693390444769,26.670513927895],[89.8694627656864,26.6708660910034],[89.869548418131,26.6711706632751],[89.8695769613929,26.6714466743758],[89.8696245367861,26.6720463064854],[89.869662595883,26.6724936481093],[89.8696663800607,26.6726753885706],[89.869672104813,26.6729504991946],[89.8696720928429,26.6734454301691],[89.8697482197827,26.6739784327048],[89.8698624294002,26.6743972257592],[89.8699766262552,26.6749302190382],[89.8700527659566,26.6753490113494],[89.8701479166368,26.676138994763],[89.8702811426269,26.677119339295],[89.8703667909247,26.6775952319045],[89.8704809986982,26.6780901651091],[89.8706237529543,26.6787278591524],[89.8709187905564,26.6792132758692],[89.8711757635387,26.6794797814117],[89.871575505053,26.6797938798355],[89.8720133192461,26.6799937687779],[89.8723464462045,26.6800889554699],[89.8729270210026,26.6802507671249],[89.8742404864796,26.6803174129028],[89.8749310336543,26.680370966492],[89.8737955173126,26.6832166599316],[89.8727724918241,26.6843636422154],[89.8711094455627,26.6864276138054],[89.8696193971966,26.6885625889097],[89.8693296077596,26.68897905407]]]},"properties":{"compartment":"Sankosh BL2"},"id":"comptt.135"},
{"type":"Feature","geometry":{"type":"Polygon","coordinates":[[[89.7693386126437,26.6671103502614],[89.7690887554577,26.6674315760001],[89.7687437273407,26.6678003899731],[89.7683986977868,26.6682286840592],[89.7680726975563,26.668683158566],[89.7676729365184,26.6691780717109],[89.767244624166,26.6697301044074],[89.7666449848487,26.6705867043413],[89.7662642491666,26.6712719782183],[89.7659501479305,26.6717669030329],[89.7653505099921,26.6725663928569],[89.7649316995663,26.6734515463701],[89.7645985584824,26.67435573159],[89.764274930596,26.6751266767421],[89.7637418996193,26.6764591688755],[89.7634849038785,26.6771349251458],[89.7631803147958,26.6779534607584],[89.7628852459207,26.6787624665384],[89.7624378850954,26.6796666595277],[89.7621332957808,26.6804947051573],[89.7618096632879,26.6814560006681],[89.7616002562831,26.6821793579554],[89.7614193936888,26.683131136233],[89.7613908189004,26.6841590676264],[89.7614193506531,26.6849109796101],[89.761552578941,26.6857961438897],[89.7616953269757,26.6866908283733],[89.7620664813613,26.6881280283441],[89.762275855326,26.6891845144356],[89.7625708740265,26.6904504025963],[89.762617161922,26.6909464144414],[89.7616534907676,26.6906727651144],[89.7609991491869,26.6903872118023],[89.7601544474708,26.6901254548205],[89.7589290280746,26.6898042002964],[89.7582865835896,26.689637627443],[89.7574775692024,26.6894829513619],[89.7566447617061,26.6894591350646],[89.7558000553884,26.6893877384451],[89.7550862222212,26.6891735741094],[89.7540392721279,26.6888642230933],[89.7533611391664,26.6886381594323],[89.7527067890272,26.6882931260106],[89.7519096806577,26.6878885996911],[89.7515408778425,26.6876268519995],[89.7506485911327,26.6871628337112],[89.7498395816406,26.6868058972508],[89.7491277193777,26.6865542328853],[89.7491197687218,26.6845142288752],[89.7491628069667,26.6829282267176],[89.7489608514819,26.6811062193345],[89.7484129259453,26.6780782029245],[89.7485999997552,26.675006200769],[89.7498111056823,26.670506215884],[89.7498311075204,26.6704282161266],[89.7499342446363,26.6701237975625],[89.7506138065825,26.6699780805392],[89.7513038572835,26.669882913816],[89.7521961569419,26.6698115410818],[89.753564348661,26.6696093173806],[89.7555987834399,26.6692167463115],[89.7571930260779,26.6689550369056],[89.7591323008557,26.6681579532127],[89.7598937388702,26.6677534572943],[89.7601911722074,26.6675869027785],[89.7607146661727,26.6673727625808],[89.7613214285091,26.6672181041197],[89.7624873586935,26.6670991566307],[89.766651407372,26.6671706179707],[89.7693386126437,26.6671103502614]]]},"properties":{"compartment":"N Rydak BL2"},"id":"comptt.136"},
{"type":"Feature","geometry":{"type":"Polygon","coordinates":[[[89.6533339971272,26.6844173605383],[89.6523069841542,26.685056341682],[89.6491899718072,26.6858772824084],[89.646189957012,26.6867882255779],[89.6438039473417,26.6874261802196],[89.6412799354958,26.6881681323585],[89.6397429287642,26.6886001031766],[89.636222913678,26.6895760363184],[89.6340779020192,26.6902729957609],[89.6326028852636,26.6911139685264],[89.6315209098225,26.6902059457849],[89.6304319288405,26.6895279233248],[89.6305354813447,26.6886659440137],[89.6305609544784,26.6884539238948],[89.6310219940006,26.6867719298357],[89.63271305434,26.6841049579675],[89.6349191106047,26.6815549963442],[89.6371281696374,26.6788900345638],[89.6381682063478,26.6772660518844],[89.6395992504928,26.6752950761923],[89.6410942944576,26.6733251017459],[89.6418093207184,26.6721661135715],[89.6422663574732,26.6705981196247],[89.6425943888871,26.6692641235892],[89.6425554172718,26.6680921206971],[89.6453215260837,26.6678657641806],[89.6511987900101,26.6675327480901],[89.6563622156749,26.6671997280924],[89.6588844459557,26.666938036761],[89.6625012264982,26.6665573865399],[89.6660704188885,26.6661053552607],[89.6702820720561,26.6655581663255],[89.6731961359952,26.6655217930442],[89.6732034035416,26.6656227133715],[89.6733073702442,26.6669917179165],[89.672732348098,26.6679657085023],[89.6715153192472,26.6692806872024],[89.6699803035893,26.6700806587566],[89.6691482737965,26.6713966449586],[89.6681892581425,26.6721396276318],[89.6673582490897,26.672596612274],[89.6669072100542,26.6742576065321],[89.6662641714742,26.6759185970465],[89.6651141562758,26.6766615759926],[89.6650461379609,26.6774265760701],[89.6650069466683,26.6778979761708],[89.6644425906331,26.6777896549707],[89.6636050265435,26.6776278283469],[89.6623772290195,26.6776468444478],[89.6616157985419,26.6777420097793],[89.6608543630072,26.6780465654943],[89.6602356906941,26.6786176244801],[89.6598168988221,26.6791506172922],[89.6593029218899,26.6799025186492],[89.6588079795103,26.6804640600284],[89.6576372588628,26.6814348589817],[89.6567616032566,26.6821677232512],[89.6552768042828,26.6831004460093],[89.654629575948,26.683509694139],[89.653830065449,26.6840236494907],[89.6533339971272,26.6844173605383]]]},"properties":{"compartment":"Jainti BL2B"},"id":"comptt.137"},
{"type":"Feature","geometry":{"type":"Polygon","coordinates":[[[89.5503081387256,26.6889763606919],[89.5492151401403,26.6890303394904],[89.5471451412354,26.6891982994533],[89.544360141387,26.6894792456838],[89.541640138558,26.6898771933857],[89.5389861369711,26.6902171422717],[89.5367211357945,26.6905000986369],[89.5351661398016,26.6904950683317],[89.5321251420229,26.6907180094735],[89.5281741410267,26.6911689332841],[89.5257811414478,26.6913998870651],[89.5257501646085,26.6904438847959],[89.5253722033898,26.6888768747026],[89.5253372455325,26.6871348709868],[89.5254792982345,26.6849368699244],[89.5249893756358,26.6817808548839],[89.5248724213711,26.679897849326],[89.5243024861889,26.6772708336515],[89.5240265175948,26.6759978260608],[89.5259129895284,26.6761362730357],[89.5282924458668,26.6760411392037],[89.5323613202822,26.6758508681043],[89.5334320739216,26.6755891484978],[89.5345980173241,26.6753274307449],[89.535787747224,26.6752084737046],[89.5410463418105,26.6753037562753],[89.5417819317524,26.6752302104712],[89.5421408816193,26.6756131081328],[89.542640554298,26.6762793690321],[89.5433543672557,26.6773263447701],[89.5438778252801,26.6781829664678],[89.5445678354233,26.6793489219529],[89.5448295535231,26.6802293285956],[89.5452340303543,26.681561828813],[89.5454005589243,26.6828467443124],[89.5455909040906,26.6834416190646],[89.5458764247636,26.6837985452533],[89.5470661336552,26.6849645004773],[89.5483272060485,26.6863922075537],[89.5493979300626,26.6877723208404],[89.5503081387256,26.6889763606919]]]},"properties":{"compartment":"N RVBK BL10"},"id":"comptt.138"},
{"type":"Feature","geometry":{"type":"Polygon","coordinates":[[[89.8430345463759,26.6906348537854],[89.8420847882819,26.6906441452566],[89.8407046973491,26.690810678631],[89.8379445149124,26.6911675454261],[89.8363026939972,26.6913578737357],[89.8324717631965,26.6913339988812],[89.8264755338391,26.6914528620255],[89.822668399561,26.6915717579176],[89.8183139913516,26.6919048035401],[89.8161248934317,26.6920237310273],[89.8152206908747,26.6922140737407],[89.8143402882646,26.6924044069186],[89.8137454273105,26.6924995754877],[89.8131505580841,26.6925233639187],[89.8123891298119,26.6925233490518],[89.8114552148558,26.6924025005839],[89.8124444573422,26.6913804779247],[89.8125885056508,26.6893704768549],[89.8125095373314,26.6880684727984],[89.8126745628195,26.6869994739551],[89.8128526249975,26.6844124724337],[89.8128276612158,26.6829174690585],[89.8124357378049,26.6797874553629],[89.8186387335281,26.6793835756452],[89.8257857255096,26.6790477144866],[89.832040714003,26.6789408363667],[89.8379117117359,26.678488950084],[89.8423787071547,26.6782640368398],[89.8425247068031,26.6782650396916],[89.842814645464,26.6807740502479],[89.8428225647166,26.6841110569148],[89.8430194906941,26.6871520666945],[89.8430344070244,26.6906080737305],[89.8430345463759,26.6906348537854]]]},"properties":{"compartment":"Kumargram BL2"},"id":"comptt.139"},
{"type":"Feature","geometry":{"type":"Polygon","coordinates":[[[89.7951769666901,26.6719431034892],[89.7934929289321,26.6736640739384],[89.7920449113277,26.6745290473473],[89.7908368827088,26.6758270262673],[89.7860098415514,26.6779859362219],[89.7835958104994,26.6794988920144],[89.7826277708641,26.6812298764354],[89.7835877110153,26.6836138997265],[89.7838246580645,26.6857809084951],[89.783580621981,26.6872959066298],[89.7823725985795,26.6883778851208],[89.7816465583726,26.6901088742582],[89.7789915435912,26.6909718240833],[89.778746491777,26.6931368234335],[89.7787444816565,26.6939686249823],[89.7779883785746,26.6937544898138],[89.7771079831892,26.6936473924234],[89.7757041001594,26.6934927047239],[89.7744310979818,26.6932904194891],[89.7734674245172,26.6931119403382],[89.7708857339907,26.69255271888],[89.7693747843804,26.6922671588446],[89.7682921317695,26.6920648773281],[89.766602733725,26.6917317237208],[89.765056091324,26.6915651232173],[89.7638306701973,26.6913152588258],[89.762617161922,26.6909464144414],[89.7625708740265,26.6904504025963],[89.762275855326,26.6891845144356],[89.7620664813613,26.6881280283441],[89.7616953269757,26.6866908283733],[89.761552578941,26.6857961438897],[89.7614193506531,26.6849109796101],[89.7613908189004,26.6841590676264],[89.7614193936888,26.683131136233],[89.7616002562831,26.6821793579554],[89.7618096632879,26.6814560006681],[89.7621332957808,26.6804947051573],[89.7624378850954,26.6796666595277],[89.7628852459207,26.6787624665384],[89.7631803147958,26.6779534607584],[89.7634849038785,26.6771349251458],[89.7637418996193,26.6764591688755],[89.764274930596,26.6751266767421],[89.7645985584824,26.67435573159],[89.7649316995663,26.6734515463701],[89.7653505099921,26.6725663928569],[89.7659501479305,26.6717669030329],[89.7662642491666,26.6712719782183],[89.7666449848487,26.6705867043413],[89.767244624166,26.6697301044074],[89.7676729365184,26.6691780717109],[89.7680726975563,26.668683158566],[89.7683986977868,26.6682286840592],[89.7687437273407,26.6678003899731],[89.7690887554577,26.6674315760001],[89.7693386126437,26.6671103502614],[89.7720749860636,26.6671223036494],[89.7733530325052,26.6671503161332],[89.773704911456,26.6671580255051],[89.7755846757021,26.6672175522793],[89.7765245626826,26.667253260678],[89.7776904851208,26.6674555338033],[89.7786184715551,26.6675150420158],[89.7800580476799,26.6675388701385],[89.7824375022287,26.6675389165474],[89.785090595869,26.6675508583171],[89.7870298528712,26.6674914160278],[89.7893855095007,26.6674081818153],[89.7917768649036,26.6673725283909],[89.793655010208,26.6673895650579],[89.7935130547111,26.6684580643397],[89.7940210036713,26.6705220782099],[89.7951769666901,26.6719431034892]]]},"properties":{"compartment":"N Rydak BL3"},"id":"comptt.140"},
{"type":"Feature","geometry":{"type":"Polygon","coordinates":[[[89.8114552148558,26.6924025005839],[89.8108524859203,26.69241504884],[89.8072928070992,26.6927005198897],[89.8034285699037,26.6929479049204],[89.8011823604142,26.693138221432],[89.7991455395304,26.693366602105],[89.7980224316317,26.6933856202145],[89.7969183659936,26.6933094585132],[89.7953574537029,26.6931381077102],[89.7940249572075,26.6931190416596],[89.7928257034998,26.6933855187582],[89.7917216304969,26.6936139276418],[89.7903510558019,26.6939375015049],[89.7883523048497,26.6941658929216],[89.7865819852197,26.6943181486521],[89.7854779245257,26.6944513773533],[89.7835933879258,26.6944894106356],[89.7822228224523,26.6944322737703],[89.7797291637048,26.6942037946536],[89.7787444816565,26.6939686249823],[89.778746491777,26.6931368234335],[89.7789915435912,26.6909718240833],[89.7816465583726,26.6901088742582],[89.7823725985795,26.6883778851208],[89.783580621981,26.6872959066298],[89.7838246580645,26.6857809084951],[89.7835877110153,26.6836138997265],[89.7826277708641,26.6812298764354],[89.7835958104994,26.6794988920144],[89.7860098415514,26.6779859362219],[89.7908368827088,26.6758270262673],[89.7920449113277,26.6745290473473],[89.7934929289321,26.6736640739384],[89.7951769666901,26.6719431034892],[89.7954219588561,26.6722441088467],[89.7979709030821,26.6743111625481],[89.8002648700567,26.675461209518],[89.798984825899,26.6774081882854],[89.8005137641437,26.6798182227561],[89.8039597506672,26.6800512904539],[89.8117447382593,26.6798334419658],[89.8124357378049,26.6797874553629],[89.8128276612158,26.6829174690585],[89.8128526249975,26.6844124724337],[89.8126745628195,26.6869994739551],[89.8125095373314,26.6880684727984],[89.8125885056508,26.6893704768549],[89.8124444573422,26.6913804779247],[89.8114552148558,26.6924025005839]]]},"properties":{"compartment":"Newlands BL2"},"id":"comptt.141"},
{"type":"Feature","geometry":{"type":"Polygon","coordinates":[[[89.6816726966391,26.6940489308739],[89.6806347008493,26.693976910493],[89.6793406997947,26.6941478855665],[89.6759117095581,26.6940818185576],[89.6713157179582,26.6941877291037],[89.665488725162,26.6944656159574],[89.6612177328239,26.6945715328476],[89.6582407442383,26.6943944744601],[89.6571407484481,26.6943294528873],[89.655328747285,26.6945574179637],[89.6548747554335,26.6942654085756],[89.6542977849313,26.6931023951979],[89.6539798348329,26.6910693852831],[89.6536649057703,26.6881653738368],[89.6533339971272,26.6844173605383],[89.653830065449,26.6840236494907],[89.654629575948,26.683509694139],[89.6552768042828,26.6831004460093],[89.6567616032566,26.6821677232512],[89.6576372588628,26.6814348589817],[89.6588079795103,26.6804640600284],[89.6593029218899,26.6799025186492],[89.6598168988221,26.6791506172922],[89.6602356906941,26.6786176244801],[89.6608543630072,26.6780465654943],[89.6616157985419,26.6777420097793],[89.6623772290195,26.6776468444478],[89.6636050265435,26.6776278283469],[89.6644425906331,26.6777896549707],[89.6650069466683,26.6778979761708],[89.6649811192276,26.6782085762371],[89.6652351172196,26.678266581295],[89.6654271056736,26.6787255858797],[89.6656140747414,26.6799875918402],[89.6652950727739,26.6801005858283],[89.6642060518955,26.68107256638],[89.6635000231433,26.6823325549254],[89.6637540059137,26.6830205611387],[89.6652860021542,26.6830245910156],[89.6665619976554,26.6830846160044],[89.6665609865676,26.6835436168271],[89.6669419759442,26.6839456249935],[89.6677059588483,26.6845776410502],[89.6677039422284,26.6852656422742],[89.6674479220583,26.6861256388608],[89.6678269017478,26.6869286477252],[89.6688458895508,26.6873326683379],[89.6689108852388,26.6875046699213],[89.6697378666126,26.6881936873142],[89.6707608682551,26.6880247069535],[89.6720358568264,26.6883717324559],[89.6722898603776,26.6881997370931],[89.6731228638772,26.6879727529206],[89.6735038629446,26.6879737603526],[89.6746518601354,26.6879767827462],[89.6758648544173,26.6880938066175],[89.6768868685629,26.6874078252855],[89.6779098632994,26.6875248454515],[89.6779698630116,26.6875308466327],[89.6791228575847,26.6876418693233],[89.6805878415312,26.6881618988533],[89.6808518443355,26.6880199037402],[89.681702828414,26.6885949213979],[89.6823648189604,26.6889209349107],[89.6826658116945,26.6891919412814],[89.6826648064516,26.6894089416623],[89.6824838042712,26.6895169383314],[89.6821207972782,26.6898419318511],[89.6820597908966,26.6901119311595],[89.6821797840604,26.6903829340001],[89.682600775179,26.690708942813],[89.6828417693362,26.690926947916],[89.6827807616247,26.691251947326],[89.6824777545124,26.6915759420138],[89.6820547411341,26.6921709348608],[89.681690722369,26.6929829292585],[89.6816277041928,26.6937409294279],[89.6816726966391,26.6940489308739]]]},"properties":{"compartment":"RF"},"id":"comptt.142"},
{"type":"Feature","geometry":{"type":"Polygon","coordinates":[[[89.5257811414478,26.6913998870651],[89.525883060658,26.6947348948618],[89.5246431136602,26.6926688671038],[89.5230691815235,26.6900218318315],[89.5215012739134,26.6863577949131],[89.5198543386817,26.6838457584662],[89.5190334061945,26.6811337377637],[89.5182164769692,26.6782857169057],[89.5177725206207,26.6765227051978],[89.5171735450445,26.6755726918849],[89.5157435781892,26.674347661916],[89.5142416098498,26.6731916306675],[89.5128876280889,26.6725766032408],[89.5113036370908,26.6723685720433],[89.5110858969647,26.6723922675505],[89.5109656635267,26.6721369950624],[89.5108800054642,26.6720656032711],[89.5106658584134,26.671965668929],[89.5103803215425,26.6718657231973],[89.5101661741475,26.67178005888],[89.5098663676569,26.6716658428458],[89.5096807715675,26.6715230689855],[89.5093809695532,26.6712232526301],[89.5090240597488,26.6708377650147],[89.5087385276984,26.6705379489373],[89.5084672869893,26.6701810230394],[89.508124645771,26.6698526558011],[89.507710636454,26.6694528970504],[89.5074393871217,26.6690388610539],[89.5072252479894,26.6686105561445],[89.5070253788212,26.668182241513],[89.5069111804695,26.667711108475],[89.5067684201239,26.6673256350294],[89.5064971711347,26.666897329009],[89.5063829696843,26.6665546761934],[89.5063115884699,26.6661977541866],[89.5062544958426,26.6658979425569],[89.5062116762769,26.6654696409826],[89.50619740423,26.6651412701368],[89.5061545853523,26.6646844185132],[89.506168877019,26.6641990079516],[89.5062259933962,26.6635137178777],[89.5062688404971,26.6627998774767],[89.5063259579249,26.662485788045],[89.506331051839,26.6623228878622],[89.5067423730064,26.6622314957086],[89.5090623378831,26.6622018008049],[89.5166171146321,26.6619639974172],[89.5230778579101,26.6619857831948],[89.5230798564586,26.6620457833382],[89.5231347815046,26.6651487898095],[89.5232587284802,26.6673347960282],[89.5232076666026,26.6699057995103],[89.5236345620754,26.6741948152892],[89.5240265175948,26.6759978260608],[89.5243024861889,26.6772708336515],[89.5248724213711,26.679897849326],[89.5249893756358,26.6817808548839],[89.5254792982345,26.6849368699244],[89.5253372455325,26.6871348709868],[89.5253722033898,26.6888768747026],[89.5257501646085,26.6904438847959],[89.5257811414478,26.6913998870651]]]},"properties":{"compartment":"Dima BL2"},"id":"comptt.143"},
{"type":"Feature","geometry":{"type":"Polygon","coordinates":[[[89.5723735112233,26.6969428952391],[89.5722098099075,26.6970304617477],[89.571181877618,26.6972303120645],[89.5702681671165,26.697344514456],[89.5672319700265,26.6975348056093],[89.5651666000795,26.6977441657206],[89.5633867701189,26.6979249713473],[89.5616164517471,26.6980391470417],[89.5591703655144,26.6981342795308],[89.5588534757651,26.6981564433932],[89.5588657986111,26.6980373834233],[89.5586802056253,26.6977661193273],[89.5581805351435,26.6974234689838],[89.5572097323869,26.6963955182495],[89.556410265755,26.6955103411075],[89.5547970249379,26.6940540771011],[89.5536263657785,26.6928976322508],[89.5523985946903,26.6914128257115],[89.5512993201777,26.6900565019048],[89.5508710353779,26.6894711525299],[89.5508282103111,26.6892712713439],[89.5507907798579,26.6888968524593],[89.551352140283,26.6888043807311],[89.5539431420546,26.6884644306172],[89.5567911459952,26.6880084853061],[89.5597701481934,26.6876115426513],[89.5631371480138,26.6872736076605],[89.5663651542487,26.6866846695175],[89.5668931552853,26.6865876796341],[89.5706481569451,26.6861347519997],[89.5736861560872,26.6858598107096],[89.5726431027071,26.6881767944938],[89.5717930515751,26.6903807818359],[89.571464022944,26.6915997775843],[89.5713949796341,26.6933997794292],[89.571322937729,26.6951417811125],[89.571770905746,26.6964197921097],[89.5723618918914,26.696932804539],[89.5723735112233,26.6969428952391]]]},"properties":{"compartment":"N RVBK BL8"},"id":"comptt.144"},
{"type":"Feature","geometry":{"type":"Polygon","coordinates":[[[89.4114471241439,26.68888868634],[89.4100137052949,26.6889956286183],[89.4091095156407,26.6890788911581],[89.4082172153821,26.689185953969],[89.407491477273,26.6891859398435],[89.4067538474736,26.6892573056054],[89.4054689382405,26.6893643607748],[89.404100750948,26.6894000242047],[89.4026492833004,26.6894594860535],[89.402304263627,26.6894832693779],[89.4016975017672,26.6896260278056],[89.4008527899553,26.6897925716416],[89.4004363755901,26.6900186139121],[89.4000080712562,26.6902446559511],[89.3992704305561,26.6907681224628],[89.3988778041203,26.691077445334],[89.3984732925497,26.6916009183291],[89.3981758444301,26.6919697331511],[89.3977594328904,26.692493205914],[89.3976047555454,26.6928144334359],[89.3974857752368,26.6932546318497],[89.3974024848347,26.6936948309583],[89.397402476798,26.6940279515103],[89.3974024635941,26.6945752324173],[89.3973310577063,26.6952414821318],[89.3972358822142,26.6954794206735],[89.3968075644357,26.695848232947],[89.3965339282621,26.6961337680935],[89.3960104287235,26.6965858486518],[89.3955226293785,26.6970260398851],[89.3948563756201,26.6976684879791],[89.3939164757366,26.6981800505288],[89.3933097895745,26.6985012492497],[89.3932143193303,26.6981073167393],[89.3922703458845,26.6971092967116],[89.3914073773647,26.6958982779101],[89.3913813880969,26.6954562766733],[89.3913364083842,26.6946202744152],[89.3918144242124,26.6939122825486],[89.3922894349097,26.6934172909755],[89.3935564348726,26.6932813154116],[89.3946634404424,26.6929303363773],[89.3949834567086,26.692221341432],[89.394988477248,26.6913693401188],[89.3948375118952,26.6899493348288],[89.3953185397251,26.6887433421931],[89.3959595739121,26.6872563522048],[89.3961995886951,26.6866173558168],[89.3961256077231,26.6858363530831],[89.3952636528765,26.684057333363],[89.3945616992952,26.6822083166423],[89.3943317255738,26.6811433104042],[89.394972759795,26.6796543204101],[89.3966408014789,26.6777443496972],[89.3979898234822,26.6766853741856],[89.3995758448434,26.6756274032845],[89.4012398608928,26.6747814342508],[89.4031388660159,26.674363470498],[89.4047208685695,26.6740865008126],[89.4065378568229,26.6743775366432],[89.408354846766,26.6745985723586],[89.4098548427186,26.6746046015497],[89.4109618380076,26.6746806232123],[89.4124628288265,26.6748996527788],[89.4138828164587,26.6752596810054],[89.4151427942142,26.6760467068328],[89.4157697668392,26.6771147208148],[89.4157647429122,26.6781077223753],[89.4153647165862,26.679242716487],[89.4146466842854,26.6806597048809],[89.4133716449185,26.6824296830231],[89.4119395991333,26.6844826585789],[89.4113785629935,26.6860416502594],[89.4113675097414,26.6882506537268],[89.4113665065117,26.6883846539306],[89.4114471241439,26.68888868634]]]},"properties":{"compartment":"Godamdabri BL4"},"id":"comptt.145"},
{"type":"Feature","geometry":{"type":"Polygon","coordinates":[[[89.5904168032224,26.685102685388],[89.5917730692088,26.6859593133486],[89.5923869577042,26.686373356052],[89.5931578965045,26.6867588417655],[89.5936290174189,26.6870872215342],[89.594043037094,26.6874727002923],[89.5944570460791,26.6878867391015],[89.5949424479931,26.6881722790726],[89.5955991639696,26.6886862627915],[89.5968983214741,26.6898998102848],[89.5979976080892,26.6907564432453],[89.5990683437395,26.6916558957275],[89.5996393992349,26.692198427831],[89.6010670453874,26.6934548179128],[89.6018094159788,26.6941829436903],[89.602494684299,26.6945969877923],[89.6031942329294,26.6949967521475],[89.6038794998645,26.6958819270955],[89.6060209542587,26.6979663725893],[89.6065317617158,26.6988474741314],[89.6064767620676,26.6988384730427],[89.6041937762009,26.6984844278917],[89.6002468015624,26.6978343497681],[89.5982843843569,26.6974835435986],[89.5979138173512,26.6974173035345],[89.5969468239005,26.6972442843716],[89.5932608472173,26.6966532114522],[89.5907368619886,26.6962981616117],[89.5892498657363,26.6962941326155],[89.586724870732,26.6963440834805],[89.5841368758637,26.6963950331198],[89.5812248818232,26.6964449764422],[89.5786988854128,26.6965539273948],[89.5766908849031,26.6967798886533],[89.5752038886682,26.6967758596598],[89.5723618918914,26.696932804539],[89.571770905746,26.6964197921097],[89.571322937729,26.6951417811125],[89.5713949796341,26.6933997794292],[89.571464022944,26.6915997775843],[89.5717930515751,26.6903807818359],[89.5726431027071,26.6881767944938],[89.5736861560872,26.6858598107096],[89.5750407389728,26.6860160973822],[89.5763113620477,26.6861731724207],[89.578866895062,26.68620177227],[89.5808085364878,26.6859448296495],[89.5829357771157,26.6857021606711],[89.5857340247196,26.6855166148706],[89.5878469819435,26.6854167258686],[89.5894031505375,26.6853168160164],[89.5904168032224,26.685102685388]]]},"properties":{"compartment":"N RVBK BL7"},"id":"comptt.146"},
{"type":"Feature","geometry":{"type":"Polygon","coordinates":[[[89.6207196486601,26.6813857697212],[89.6201695802667,26.6822193500629],[89.6185848192881,26.6840753025234],[89.6168572938284,26.6857171018115],[89.6154724061559,26.6874160078782],[89.6135164491796,26.6895574936065],[89.6117603496458,26.6917846333801],[89.6105039495814,26.69398324284],[89.6095330908929,26.6956821569656],[89.6074472559358,26.698989372976],[89.6070257586725,26.6989234839004],[89.6067347604466,26.6988794781472],[89.6065317617158,26.6988474741314],[89.6060209542587,26.6979663725893],[89.6038794998645,26.6958819270955],[89.6031942329294,26.6949967521475],[89.602494684299,26.6945969877923],[89.6018094159788,26.6941829436903],[89.6010670453874,26.6934548179128],[89.5996393992349,26.692198427831],[89.5990683437395,26.6916558957275],[89.5979976080892,26.6907564432453],[89.5968983214741,26.6898998102848],[89.5955991639696,26.6886862627915],[89.5949424479931,26.6881722790726],[89.5944570460791,26.6878867391015],[89.594043037094,26.6874727002923],[89.5936290174189,26.6870872215342],[89.5931578965045,26.6867588417655],[89.5923869577042,26.686373356052],[89.5917730692088,26.6859593133486],[89.5904168032224,26.685102685388],[89.591330513395,26.6850027630158],[89.5950424825723,26.6842461640019],[89.5977265191042,26.6837036953374],[89.5995682321847,26.6833896506663],[89.6015955382626,26.6829328293558],[89.6030660401872,26.6827044276033],[89.6057072433942,26.682304728358],[89.6076346145547,26.6820620654832],[89.6092764440008,26.6819193272231],[89.6118177012593,26.6817766064918],[89.6144874606239,26.6815339580854],[89.6164148183513,26.6814340554676],[89.6207196486601,26.6813857697212]]]},"properties":{"compartment":"N RVBK BL6B"},"id":"comptt.147"},
{"type":"Feature","geometry":{"type":"Polygon","coordinates":[[[89.860953477936,26.6988286498198],[89.8610195888335,26.6983725402159],[89.8610576672762,26.6980203802683],[89.8609815368953,26.6976301480149],[89.8607055260381,26.6972779819316],[89.8602296433219,26.6970209921308],[89.8593825577467,26.6969162753777],[89.8586116178538,26.6969828904484],[89.8577169373158,26.6970875731765],[89.856508175406,26.697277899937],[89.8554992735118,26.6974492005644],[89.8544808574912,26.6977918313415],[89.8532340231349,26.698086857563],[89.8522727113675,26.6982486391009],[89.8502454069168,26.6986198002248],[89.8485417147409,26.698867227428],[89.8471996915261,26.6991241817146],[89.8461907987177,26.6993335624157],[89.8452104544637,26.6996000437858],[89.8442872170862,26.6999902565127],[89.8434125416102,26.7003414399162],[89.8433911734105,26.7002250994674],[89.8433911761709,26.7001110992449],[89.843403260935,26.6966090926461],[89.842908306687,26.6947650793802],[89.8430383889116,26.691356075268],[89.8430345463759,26.6906348537854],[89.8447117022736,26.690648956565],[89.8478954154847,26.6906347387109],[89.8504509487274,26.6906776187019],[89.8533919618049,26.6906919561665],[89.8557618961647,26.6907062824791],[89.8585886908923,26.6906635076033],[89.8600877530785,26.6904351064325],[89.8612584477261,26.6901353187082],[89.8626290195109,26.6899354650836],[89.86434223088,26.6897213481229],[89.8658127434825,26.689478676366],[89.8672975388199,26.689121784663],[89.8682683601177,26.6889790333429],[89.8693296077596,26.68897905407],[89.8691893831931,26.6891805817281],[89.8677813613417,26.6902125562589],[89.8668843105392,26.6923935430289],[89.8664962363973,26.6954915415424],[89.8659841930801,26.6973275351505],[89.8621491738958,26.6984724624797],[89.8614201702663,26.6986894486639],[89.860953477936,26.6988286498198]]]},"properties":{"compartment":"Sankosh BL1A"},"id":"comptt.148"},
{"type":"Feature","geometry":{"type":"Polygon","coordinates":[[[89.6255661801937,26.6961681005083],[89.6252947751194,26.6964038356019],[89.6244157587373,26.6971698198452],[89.6228797374,26.6982067917651],[89.6222777307884,26.6985407806285],[89.6214827220595,26.6989817659211],[89.6199327111775,26.6995877367872],[89.6181677037696,26.7000717032396],[89.6153636947116,26.7007286497408],[89.6147287003192,26.7005606370548],[89.6138957097936,26.7002526202558],[89.6128587178075,26.7000255996248],[89.6126427194701,26.699978595328],[89.6120207242977,26.6998415829522],[89.6104657352198,26.6995465520986],[89.6076207549721,26.6990164956695],[89.6074472559358,26.698989372976],[89.6095330908929,26.6956821569656],[89.6105039495814,26.69398324284],[89.6117603496458,26.6917846333801],[89.6135164491796,26.6895574936065],[89.6154724061559,26.6874160078782],[89.6168572938284,26.6857171018115],[89.6185848192881,26.6840753025234],[89.6201695802667,26.6822193500629],[89.6207196486601,26.6813857697212],[89.6212260666673,26.6818481799839],[89.622425291,26.682790465059],[89.6237101744348,26.683761311857],[89.6242955016355,26.6842324541177],[89.6249664958694,26.684817818255],[89.6258088055493,26.6855745060423],[89.6264369760945,26.6859028888814],[89.6271936332248,26.686359754458],[89.627850350252,26.6868309081126],[89.6282862430946,26.6871066162254],[89.629520700683,26.6878874225884],[89.6305354813447,26.6886659440137],[89.6304319288405,26.6895279233248],[89.6315209098225,26.6902059457849],[89.6326028852636,26.6911139685264],[89.6316818748049,26.6916389515201],[89.6303418521664,26.6927099273324],[89.6293548417721,26.6932389090449],[89.6284738296475,26.6938288929343],[89.6277678148756,26.6945108804018],[89.6264287961762,26.6954188559341],[89.6255661801937,26.6961681005083]]]},"properties":{"compartment":"N RVBK BL6A"},"id":"comptt.149"},
{"type":"Feature","geometry":{"type":"Polygon","coordinates":[[[89.5588534757651,26.6981564433932],[89.5568575273463,26.6982960347352],[89.5548587895518,26.6984102159782],[89.5538023078084,26.6985910357044],[89.5503092524699,26.6991715486422],[89.5482629083664,26.6995522294259],[89.5471493135519,26.6998662982724],[89.5463593332212,26.699961453042],[89.5447413049552,26.700056601672],[89.5430185778726,26.7001136781949],[89.5416099388585,26.7002183509231],[89.5404202099895,26.7002944678681],[89.5389449395355,26.7004657594146],[89.5374316077988,26.7006941603192],[89.5358326044387,26.700998699687],[89.5339099912012,26.7013317827973],[89.5325394177337,26.7016172965835],[89.5312782034834,26.7019239425378],[89.5311678765848,26.7018070101833],[89.5311028784147,26.701738008796],[89.5303678990522,26.7009599931135],[89.5288869405948,26.699393961519],[89.5275349757491,26.6980789328792],[89.525883060658,26.6947348948618],[89.5257811414478,26.6913998870651],[89.5281741410267,26.6911689332841],[89.5321251420229,26.6907180094735],[89.5351661398016,26.6904950683317],[89.5367211357945,26.6905000986369],[89.5389861369711,26.6902171422717],[89.541640138558,26.6898771933857],[89.544360141387,26.6894792456838],[89.5471451412354,26.6891982994533],[89.5492151401403,26.6890303394904],[89.5503081387256,26.6889763606919],[89.5507907798579,26.6888968524593],[89.5508282103111,26.6892712713439],[89.5508710353779,26.6894711525299],[89.5512993201777,26.6900565019048],[89.5523985946903,26.6914128257115],[89.5536263657785,26.6928976322508],[89.5547970249379,26.6940540771011],[89.556410265755,26.6955103411075],[89.5572097323869,26.6963955182495],[89.5581805351435,26.6974234689838],[89.5586802056253,26.6977661193273],[89.5588657986111,26.6980373834233],[89.5588534757651,26.6981564433932]]]},"properties":{"compartment":"N RVBK BL9"},"id":"comptt.150"},
{"type":"Feature","geometry":{"type":"Polygon","coordinates":[[[89.5312782034834,26.7019239425378],[89.529591485527,26.7020142698212],[89.528830056286,26.702061845064],[89.5277117039167,26.7022759736409],[89.5269978613958,26.7024544200393],[89.5261769474195,26.7027042444751],[89.5255939742835,26.7028945934447],[89.5253492980741,26.702763118447],[89.5250066510037,26.7026774516196],[89.5244831746176,26.7025822612515],[89.5240977065053,26.7025441836726],[89.5236694112599,26.7023918950602],[89.523193518089,26.7021586953796],[89.5226272192841,26.7017541736389],[89.5219562233863,26.7012401996679],[89.520837906545,26.700397846409],[89.519933727211,26.6996363974651],[89.5195672970984,26.6992651996793],[89.5190009988681,26.6988368778996],[89.5184061479506,26.6985227757626],[89.5179302642052,26.6983133761257],[89.5174067759819,26.6982943358921],[89.5170308243992,26.6983990187482],[89.5168166699954,26.6986036549306],[89.5165216030368,26.6989224897345],[89.5161075738486,26.6993460324019],[89.5156792656161,26.6997314947249],[89.5154793819812,26.6999028111272],[89.5148940259834,26.7002121302574],[89.5140469390357,26.7005880744028],[89.5132950225386,26.7009354603527],[89.5131813914065,26.7009813474503],[89.5125526171676,26.7012352564054],[89.5121338329353,26.7014541586239],[89.511662699065,26.7016635398058],[89.5110821061606,26.7018443688051],[89.5103777869026,26.7018871851541],[89.5097305681904,26.7019014525665],[89.5085694021554,26.7018585998649],[89.5078508048889,26.7018205157958],[89.5072226294638,26.7016967733408],[89.5065135549332,26.70154446926],[89.5058663497866,26.7014112064181],[89.5052001048035,26.701273183197],[89.5044719892872,26.7011637188199],[89.5038723726421,26.7010875570044],[89.5035392562429,26.7009733403161],[89.5032489597354,26.7008591244623],[89.5027635533767,26.7007591748313],[89.5025351255637,26.7006925402653],[89.5020830396956,26.7005688012427],[89.5017737136964,26.7004355449854],[89.5015645362526,26.7003516107648],[89.5017080048537,26.6995664322047],[89.5026190364096,26.6981644475343],[89.5029050462884,26.6977254523485],[89.5037171059831,26.6951684637521],[89.5045991615829,26.6927734767966],[89.5039471813373,26.6920234627999],[89.5030112467585,26.6894114400563],[89.5036152533676,26.6890744512388],[89.5045232722441,26.6881974674091],[89.5052832915425,26.6873184806924],[89.5060423173599,26.6861694934886],[89.5063463296503,26.6856284984739],[89.50657534867,26.6848165015296],[89.5063563884632,26.6831904944528],[89.5060604186744,26.6819694865774],[89.5059904466487,26.6808174832224],[89.5062984883375,26.6790574861765],[89.5064575304225,26.6772964862271],[89.506389573076,26.6755354818577],[89.5066986131111,26.6738434849472],[89.5077566299823,26.6730335041429],[89.5094946368928,26.6725655371675],[89.5107156370269,26.6724325607071],[89.5110858969647,26.6723922675505],[89.5113036370908,26.6723685720433],[89.5128876280889,26.6725766032408],[89.5142416098498,26.6731916306675],[89.5157435781892,26.674347661916],[89.5171735450445,26.6755726918849],[89.5177725206207,26.6765227051978],[89.5182164769692,26.6782857169057],[89.5190334061945,26.6811337377637],[89.5198543386817,26.6838457584662],[89.5215012739134,26.6863577949131],[89.5230691815235,26.6900218318315],[89.5246431136602,26.6926688671038],[89.525883060658,26.6947348948618],[89.5275349757491,26.6980789328792],[89.5288869405948,26.699393961519],[89.5303678990522,26.7009599931135],[89.5311028784147,26.701738008796],[89.5311678765848,26.7018070101833],[89.5312782034834,26.7019239425378]]]},"properties":{"compartment":"Raimatong BL10"},"id":"comptt.151"},
{"type":"Feature","geometry":{"type":"Polygon","coordinates":[[[89.860953477936,26.6988286498198],[89.8590801585836,26.6993874043188],[89.8544751217204,26.7013343181691],[89.8520450799544,26.7032832745088],[89.8470590634424,26.7044261793279],[89.8456440620392,26.7046151520511],[89.8442320606551,26.7048031248308],[89.8434125416102,26.7003414399162],[89.8442872170862,26.6999902565127],[89.8452104544637,26.6996000437858],[89.8461907987177,26.6993335624157],[89.8471996915261,26.6991241817146],[89.8485417147409,26.698867227428],[89.8502454069168,26.6986198002248],[89.8522727113675,26.6982486391009],[89.8532340231349,26.698086857563],[89.8544808574912,26.6977918313415],[89.8554992735118,26.6974492005644],[89.856508175406,26.697277899937],[89.8577169373158,26.6970875731765],[89.8586116178538,26.6969828904484],[89.8593825577467,26.6969162753777],[89.8602296433219,26.6970209921308],[89.8607055260381,26.6972779819316],[89.8609815368953,26.6976301480149],[89.8610576672762,26.6980203802683],[89.8610195888335,26.6983725402159],[89.860953477936,26.6988286498198]]]},"properties":{"compartment":"Sankosh BL1B"},"id":"comptt.152"},
{"type":"Feature","geometry":{"type":"Polygon","coordinates":[[[89.6147287003192,26.7005606370548],[89.614533690617,26.70098163401],[89.6141926768945,26.7015836284436],[89.6137416516906,26.7026716216063],[89.6132245975358,26.7049636156477],[89.6132187148901,26.7051337958895],[89.6129475754767,26.7050767004481],[89.6120624192456,26.705010063064],[89.6111582228317,26.7049529353259],[89.6109963431852,26.7049539997922],[89.6097115161314,26.7049624271268],[89.6083314341026,26.7047720398682],[89.6069989419592,26.7045816535385],[89.6057806727592,26.7042580291978],[89.6048860002382,26.7040391013566],[89.6038675973301,26.7038487211539],[89.6028396737554,26.7036869008172],[89.6014691196397,26.7035821739015],[89.6003745604779,26.7036582926923],[89.5990135082883,26.703886696559],[89.5980617248673,26.7041246284239],[89.5975572721918,26.7042864188758],[89.5977000542669,26.7037724607405],[89.5978618734277,26.7029634424482],[89.5979856288929,26.7018974429536],[89.5980808558213,26.699946281318],[89.5981665411457,26.6988898010977],[89.5982843843569,26.6974835435986],[89.6002468015624,26.6978343497681],[89.6041937762009,26.6984844278917],[89.6064767620676,26.6988384730427],[89.6065317617158,26.6988474741314],[89.6067347604466,26.6988794781472],[89.6070257586725,26.6989234839004],[89.6074472559358,26.698989372976],[89.6076207549721,26.6990164956695],[89.6104657352198,26.6995465520986],[89.6120207242977,26.6998415829522],[89.6126427194701,26.699978595328],[89.6128587178075,26.7000255996248],[89.6138957097936,26.7002526202558],[89.6147287003192,26.7005606370548]]]},"properties":{"compartment":"N RVBK BL5B"},"id":"comptt.153"},
{"type":"Feature","geometry":{"type":"Polygon","coordinates":[[[89.5852146042002,26.7075250739569],[89.5846466036884,26.7076040630206],[89.5832206016874,26.707832035617],[89.5821175999561,26.7080160144342],[89.5813766371515,26.7065529973817],[89.5803466734613,26.7051559748129],[89.5778307289752,26.7031159221295],[89.5755087965994,26.7005548723115],[89.5734488663979,26.6978768274018],[89.5723735112233,26.6969428952391],[89.5723618918914,26.696932804539],[89.5752038886682,26.6967758596598],[89.5766908849031,26.6967798886533],[89.5786988854128,26.6965539273948],[89.5812248818232,26.6964449764422],[89.5841368758637,26.6963950331198],[89.586724870732,26.6963440834805],[89.5892498657363,26.6962941326155],[89.5907368619886,26.6962981616117],[89.5932608472173,26.6966532114522],[89.5969468239005,26.6972442843716],[89.5979138173512,26.6974173035345],[89.5982843843569,26.6974835435986],[89.5981665411457,26.6988898010977],[89.5980808558213,26.699946281318],[89.5979856288929,26.7018974429536],[89.5978618734277,26.7029634424482],[89.5977000542669,26.7037724607405],[89.5975572721918,26.7042864188758],[89.5971860791899,26.7044482119266],[89.5955965897406,26.7050002219165],[89.5943782935249,26.7053809088384],[89.5921511144942,26.7059804964759],[89.5901523553668,26.706561048533],[89.5886485312392,26.7068846197829],[89.5876491581736,26.7071130307007],[89.5860025671618,26.7073223889624],[89.5852146042002,26.7075250739569]]]},"properties":{"compartment":"N RVBK BL5A"},"id":"comptt.154"},
{"type":"Feature","geometry":{"type":"Polygon","coordinates":[[[89.4131064697493,26.7091943725074],[89.4124224215314,26.7091943591838],[89.411280283933,26.7092181369777],[89.4097812149682,26.7093370779781],[89.4088770256027,26.709408440486],[89.4069734548238,26.7096463538061],[89.4059026941715,26.7097891031885],[89.4049033227594,26.7099556440008],[89.4040229204625,26.7101459871697],[89.403190106893,26.7103839113445],[89.4026666225152,26.7106218515439],[89.4018575994589,26.7108359861422],[89.4011437613256,26.7108359722388],[89.4005964933313,26.7108121715403],[89.4000254199964,26.7105980000623],[89.399716095402,26.7104076437219],[89.3993591955289,26.7100269161393],[89.3992164322224,26.7097651729247],[89.3989784920375,26.7093844576591],[89.3984788062177,26.7092654777302],[89.3980029197612,26.7091702883043],[89.3973128769716,26.709360625181],[89.3968607752825,26.7094795965733],[89.3962897027563,26.7096461457275],[89.395932776797,26.7099316692492],[89.3957186198889,26.7102409955908],[89.3954568702326,26.7106693012024],[89.3951475329994,26.7110024157294],[89.3943147182869,26.7112879399821],[89.3930536004437,26.7113355054993],[89.392006640891,26.7114306652662],[89.3911976218642,26.7114782295885],[89.3903770048608,26.7114432835486],[89.3899150626927,26.7090982706766],[89.3901621117289,26.7070402720863],[89.3904071401991,26.7058342748642],[89.3910411521747,26.7052692862756],[89.3919941667176,26.7045633036648],[89.3930231690653,26.7043543233552],[89.3946841662583,26.7042903555914],[89.3959511765301,26.7037273793295],[89.3957961940734,26.7030173751357],[89.3950142253253,26.7018073579062],[89.3940702535972,26.7007383377575],[89.3935242876548,26.6993863248903],[89.3933097895745,26.6985012492497],[89.3939164757366,26.6981800505288],[89.3948563756201,26.6976684879791],[89.3955226293785,26.6970260398851],[89.3960104287235,26.6965858486518],[89.3965339282621,26.6961337680935],[89.3968075644357,26.695848232947],[89.3972358822142,26.6954794206735],[89.3973310577063,26.6952414821318],[89.3974024635941,26.6945752324173],[89.397402476798,26.6940279515103],[89.3974024848347,26.6936948309583],[89.3974857752368,26.6932546318497],[89.3976047555454,26.6928144334359],[89.3977594328904,26.692493205914],[89.3981758444301,26.6919697331511],[89.3984732925497,26.6916009183291],[89.3988778041203,26.691077445334],[89.3992704305561,26.6907681224628],[89.4000080712562,26.6902446559511],[89.4004363755901,26.6900186139121],[89.4008527899553,26.6897925716416],[89.4016975017672,26.6896260278056],[89.402304263627,26.6894832693779],[89.4026492833004,26.6894594860535],[89.404100750948,26.6894000242047],[89.4054689382405,26.6893643607748],[89.4067538474736,26.6892573056054],[89.407491477273,26.6891859398435],[89.4082172153821,26.689185953969],[89.4091095156407,26.6890788911581],[89.4100137052949,26.6889956286183],[89.4114471241439,26.68888868634],[89.4116734594215,26.6903036631043],[89.4125584128248,26.6921396833919],[89.4133513848972,26.6932117006165],[89.4142723534746,26.6944147205527],[89.4140933511894,26.6945287172582],[89.4137203481784,26.6946937102718],[89.4129453435352,26.6949696956444],[89.4121093343699,26.6954396801525],[89.4118753241204,26.695889676347],[89.4119013122767,26.6963776776665],[89.4118972957326,26.6970636787321],[89.4120212760794,26.6978646824814],[89.4118052638027,26.6983966791626],[89.4117592482834,26.699044679347],[89.4117562354273,26.6995776801769],[89.4118382177394,26.7003016829801],[89.4123452025646,26.7008756938091],[89.4124681884618,26.701446697156],[89.4128041764833,26.7019067044657],[89.4134361426117,26.7032417189989],[89.4131771313365,26.7037367147806],[89.413005111578,26.7045737128267],[89.4134250902047,26.7054137224069],[89.4137180737727,26.7060627291955],[89.413500053214,26.7069377264091],[89.4134960339081,26.7077377276653],[89.4134530211502,26.7082707277166],[89.4131080064258,26.7089177220759],[89.4131064697493,26.7091943725074]]]},"properties":{"compartment":"Godamdabri BL3"},"id":"comptt.155"},
{"type":"Feature","geometry":{"type":"Polygon","coordinates":[[[89.8114552148558,26.6924025005839],[89.8113294319964,26.6925324583789],[89.8103024086769,26.6935924403722],[89.8090033677031,26.6954074185094],[89.8078013259744,26.6972443985801],[89.808969230703,26.7010704287667],[89.8086921855024,26.7029634270071],[89.8088861289836,26.7052794352623],[89.8069360800497,26.7074834014208],[89.8061819807959,26.7116523947239],[89.8010320391866,26.709726290408],[89.7950291198093,26.7069631678413],[89.7896611600609,26.7058080607832],[89.7844221972766,26.7047669564747],[89.7800782129671,26.7045308711916],[89.777014261819,26.7028038080638],[89.7768752606381,26.7028658054679],[89.7760783093077,26.7009307862156],[89.7772893693737,26.6983338049066],[89.7787414288798,26.6957368282985],[89.7787444716032,26.6939708249863],[89.7787444816565,26.6939686249823],[89.7797291637048,26.6942037946536],[89.7822228224523,26.6944322737703],[89.7835933879258,26.6944894106356],[89.7854779245257,26.6944513773533],[89.7865819852197,26.6943181486521],[89.7883523048497,26.6941658929216],[89.7903510558019,26.6939375015049],[89.7917216304969,26.6936139276418],[89.7928257034998,26.6933855187582],[89.7940249572075,26.6931190416596],[89.7953574537029,26.6931381077102],[89.7969183659936,26.6933094585132],[89.7980224316317,26.6933856202145],[89.7991455395304,26.693366602105],[89.8011823604142,26.693138221432],[89.8034285699037,26.6929479049204],[89.8072928070992,26.6927005198897],[89.8108524859203,26.69241504884],[89.8114552148558,26.6924025005839]]]},"properties":{"compartment":"Newlands BL1"},"id":"comptt.156"},
{"type":"Feature","geometry":{"type":"Polygon","coordinates":[[[89.8442320606551,26.7048031248308],[89.8419450583807,26.7051090807452],[89.8372130552425,26.7056779894031],[89.8337230313272,26.7069899237704],[89.8336330309729,26.7070129220568],[89.8254500135295,26.7084957650614],[89.8185449876738,26.7102086334732],[89.8109999772175,26.7113474882646],[89.8062699797961,26.7116853965066],[89.8061819807959,26.7116523947239],[89.8069360800497,26.7074834014208],[89.8088861289836,26.7052794352623],[89.8086921855024,26.7029634270071],[89.808969230703,26.7010704287667],[89.8078013259744,26.6972443985801],[89.8090033677031,26.6954074185094],[89.8103024086769,26.6935924403722],[89.8113294319964,26.6925324583789],[89.8114552148558,26.6924025005839],[89.8123891298119,26.6925233490518],[89.8131505580841,26.6925233639187],[89.8137454273105,26.6924995754877],[89.8143402882646,26.6924044069186],[89.8152206908747,26.6922140737407],[89.8161248934317,26.6920237310273],[89.8183139913516,26.6919048035401],[89.822668399561,26.6915717579176],[89.8264755338391,26.6914528620255],[89.8324717631965,26.6913339988812],[89.8363026939972,26.6913578737357],[89.8379445149124,26.6911675454261],[89.8407046973491,26.690810678631],[89.8420847882819,26.6906441452566],[89.8430345463759,26.6906348537854],[89.8430383889116,26.691356075268],[89.842908306687,26.6947650793802],[89.843403260935,26.6966090926461],[89.8433911761709,26.7001110992449],[89.8433911734105,26.7002250994674],[89.8434125416102,26.7003414399162],[89.8442320606551,26.7048031248308]]]},"properties":{"compartment":"Kumargram BL1"},"id":"comptt.157"},
{"type":"Feature","geometry":{"type":"Polygon","coordinates":[[[89.5570237750429,26.7116145714537],[89.5566432964246,26.7115965340024],[89.5560936474461,26.7116107933093],[89.5554868817161,26.7114965712761],[89.5548944062959,26.7113680694965],[89.5543590296986,26.7112823989059],[89.5535880814444,26.7112895138852],[89.5495334920579,26.7112680247858],[89.5476917959581,26.7112965389249],[89.5461570485775,26.7113464790872],[89.5448935500042,26.7114178445761],[89.5439869805413,26.7114892070247],[89.5433873501402,26.7115677154706],[89.5427163495724,26.71166050255],[89.5419168484632,26.7117889771864],[89.541424296415,26.7119245978202],[89.5411126051721,26.7120082218894],[89.5357987719394,26.7056581071762],[89.5318538573016,26.7025340248227],[89.5312782034834,26.7019239425378],[89.5325394177337,26.7016172965835],[89.5339099912012,26.7013317827973],[89.5358326044387,26.700998699687],[89.5374316077988,26.7006941603192],[89.5389449395355,26.7004657594146],[89.5404202099895,26.7002944678681],[89.5416099388585,26.7002183509231],[89.5430185778726,26.7001136781949],[89.5447413049552,26.700056601672],[89.5463593332212,26.699961453042],[89.5471493135519,26.6998662982724],[89.5482629083664,26.6995522294259],[89.5503092524699,26.6991715486422],[89.5538023078084,26.6985910357044],[89.5548587895518,26.6984102159782],[89.5568575273463,26.6982960347352],[89.5588534757651,26.6981564433932],[89.5588229587144,26.6984514033187],[89.5587229913666,26.6995935433849],[89.5585801875689,26.7010069430944],[89.5583945493844,26.7030199730261],[89.5581946246812,26.704890222427],[89.5579233277428,26.7064463898819],[89.5577091420401,26.7079454483491],[89.5575235173079,26.7089876565674],[89.5573236295126,26.7097443240038],[89.5572379531587,26.7104296035413],[89.5570951697076,26.7110006717637],[89.5570237750429,26.7116145714537]]]},"properties":{"compartment":"N RVBK BL3"},"id":"comptt.158"},
{"type":"Feature","geometry":{"type":"Polygon","coordinates":[[[89.5131813914065,26.7009813474503],[89.5131569925389,26.7017777891235],[89.513014185823,26.7033125390016],[89.5128594966677,26.7041215573896],[89.512669129614,26.7048472849377],[89.5124668594884,26.7052874817586],[89.5120147605676,26.7057038836691],[89.5113841808858,26.7065842729047],[89.5107060130486,26.7073932810885],[89.5100635456962,26.7081784899262],[89.5091474275343,26.7094395842532],[89.5086715109106,26.7101772062535],[89.5084692493456,26.7106768931758],[89.5083383581116,26.7115691921686],[89.5082431610996,26.7122830315482],[89.508064689761,26.7127708189133],[89.5080291282812,26.7128885988094],[89.5076839791416,26.712836241605],[89.5074103415583,26.7127648561472],[89.507017733413,26.7127291584321],[89.5062919958227,26.7127053442436],[89.505780417116,26.7127053342711],[89.5052450427829,26.7125268635263],[89.5047215687072,26.7123365029931],[89.5038768674573,26.7120628460545],[89.503329594305,26.7118367849962],[89.5026990548139,26.7114679520684],[89.5023897301969,26.7112775957103],[89.5018186668178,26.7110634242094],[89.5014141638795,26.7108135758937],[89.5007955160834,26.7103733630756],[89.500545673041,26.7101116177542],[89.5002482481066,26.7099331516492],[89.4998913359104,26.7096476042],[89.4993797669805,26.7092430935316],[89.4989514664025,26.7088980545889],[89.4984144901391,26.7083858432402],[89.4987488064793,26.7080883892429],[89.5000668660791,26.7054834104371],[89.5010959264529,26.7028764259919],[89.5015389829402,26.7004914305083],[89.5015645362526,26.7003516107648],[89.5017737136964,26.7004355449854],[89.5020830396956,26.7005688012427],[89.5025351255637,26.7006925402653],[89.5027635533767,26.7007591748313],[89.5032489597354,26.7008591244623],[89.5035392562429,26.7009733403161],[89.5038723726421,26.7010875570044],[89.5044719892872,26.7011637188199],[89.5052001048035,26.701273183197],[89.5058663497866,26.7014112064181],[89.5065135549332,26.70154446926],[89.5072226294638,26.7016967733408],[89.5078508048889,26.7018205157958],[89.5085694021554,26.7018585998649],[89.5097305681904,26.7019014525665],[89.5103777869026,26.7018871851541],[89.5110821061606,26.7018443688051],[89.511662699065,26.7016635398058],[89.5121338329353,26.7014541586239],[89.5125526171676,26.7012352564054],[89.5131813914065,26.7009813474503]]]},"properties":{"compartment":"Raimatong BL8"},"id":"comptt.159"},
{"type":"Feature","geometry":{"type":"Polygon","coordinates":[[[89.5411126051721,26.7120082218894],[89.5408406053441,26.7120292166226],[89.5393826056042,26.7121691884395],[89.5377006050244,26.7123671559904],[89.5348826052605,26.7126491015385],[89.5332646052279,26.7128180702866],[89.5320346049019,26.7129590465508],[89.5312586055176,26.7130140315168],[89.5299286068465,26.7130970057301],[89.5286346094886,26.7131219805443],[89.5275986100582,26.7132059604918],[89.5265306114344,26.7132599397631],[89.5256226109833,26.7133729222568],[89.5227527833277,26.7134469306727],[89.5197319466922,26.7133567034261],[89.5177028993189,26.7135158443966],[89.5154095198595,26.7134469306728],[89.5097257361601,26.7130829578673],[89.5080302454193,26.7128882943589],[89.5080586634498,26.7127746222371],[89.5082405388445,26.7122943575228],[89.5083456855572,26.7114972317692],[89.508467883088,26.7106773715912],[89.5086682302026,26.7101786351571],[89.509154178523,26.7094283991536],[89.5100635554969,26.7081751640115],[89.5108137915003,26.7072544198255],[89.5113906775181,26.7065780707012],[89.5120101905815,26.70570847897],[89.5124705626745,26.7052850503165],[89.5126694888876,26.7048474126478],[89.5128542060854,26.7041255946748],[89.5130161888588,26.7033043135953],[89.5131525954049,26.7018038415885],[89.5131813908624,26.7009813616233],[89.513188117943,26.7009785975258],[89.513197509214,26.7009748232562],[89.5132102751261,26.7009696502866],[89.5148593201462,26.700219791711],[89.5154788332088,26.6999071933767],[89.5161324479079,26.6993274655566],[89.5168258478496,26.6985942803724],[89.5170247740623,26.6983896705535],[89.5173998920636,26.6982930492502],[89.517934151035,26.6983101000684],[89.5183859977183,26.6985104471827],[89.5187724829317,26.6987164779031],[89.5190040898794,26.6988386754338],[89.5195639250782,26.6992592622836],[89.5199333594734,26.6996365116371],[89.519950765517,26.6996500102016],[89.520001207521,26.6996922820218],[89.5201038676558,26.6997789570145],[89.5201976471561,26.699858882725],[89.520326593969,26.6999672264659],[89.5204253466246,26.7000499939794],[89.5205450575777,26.7001512332127],[89.5208359871639,26.700397404401],[89.5213034637639,26.7007483670764],[89.521770940364,26.7011007506533],[89.5226121140636,26.7017401563373],[89.5231932627853,26.7021593222856],[89.523673527499,26.7023937710364],[89.5240969561519,26.702545807499],[89.5244820204637,26.702581330037],[89.525004912223,26.7026751095373],[89.5253544539969,26.7027632054315],[89.5255939742835,26.7028945934447],[89.5261769474195,26.7027042444751],[89.5269978613958,26.7024544200393],[89.5277117039167,26.7022759736409],[89.528830056286,26.702061845064],[89.529591485527,26.7020142698212],[89.5312782034834,26.7019239425378],[89.5318538573016,26.7025340248227],[89.5357987719394,26.7056581071762],[89.5411126051721,26.7120082218894]]]},"properties":{"compartment":"Raimatong BL9"},"id":"comptt.160"},
{"type":"Feature","geometry":{"type":"Polygon","coordinates":[[[89.5611068510389,26.714255855739],[89.5607356612698,26.7142844085503],[89.5603930152276,26.7141559116409],[89.5599218891595,26.7140416822513],[89.5596220826658,26.7139274662029],[89.5593365485532,26.7137133102565],[89.5591081318933,26.71318506487],[89.558865451482,26.7123998287523],[89.5585656546532,26.7118858619995],[89.5579660323561,26.7116288698533],[89.5575234531106,26.7116431412479],[89.5570237750429,26.7116145714537],[89.5570951697076,26.7110006717637],[89.5572379531587,26.7104296035413],[89.5573236295126,26.7097443240038],[89.5575235173079,26.7089876565674],[89.5577091420401,26.7079454483491],[89.5579233277428,26.7064463898819],[89.5581946246812,26.704890222427],[89.5583945493844,26.7030199730261],[89.5585801875689,26.7010069430944],[89.5587229913666,26.6995935433849],[89.5588229587144,26.6984514033187],[89.5588534757651,26.6981564433932],[89.5591703655144,26.6981342795308],[89.5616164517471,26.6980391470417],[89.5633867701189,26.6979249713473],[89.5651666000795,26.6977441657206],[89.5672319700265,26.6975348056093],[89.5702681671165,26.697344514456],[89.571181877618,26.6972303120645],[89.5722098099075,26.6970304617477],[89.5723735112233,26.6969428952391],[89.5734488663979,26.6978768274018],[89.5755087965994,26.7005548723115],[89.5778307289752,26.7031159221295],[89.5803466734613,26.7051559748129],[89.5813766371515,26.7065529973817],[89.5821175999561,26.7080160144342],[89.5815730926615,26.7079596037151],[89.5806213152949,26.7079476951328],[89.5798360983814,26.7079000897354],[89.5787891321141,26.7078524792339],[89.5780634059179,26.7077691849336],[89.5771830080904,26.707769167765],[89.5763977897411,26.7077810424739],[89.5743276542781,26.7078048021474],[89.5731855150868,26.7078880600231],[89.572257523354,26.7080546022223],[89.5711272806839,26.708280630583],[89.5702706687762,26.708447174174],[89.5692831966174,26.7086375152553],[89.5683195138256,26.7088516468424],[89.5676175612492,26.7090300934701],[89.5668918247053,26.7093750999286],[89.5663088478083,26.7097201091707],[89.5657258729248,26.7099818382653],[89.5649406496932,26.7101959833317],[89.56431008838,26.7103149412457],[89.563608148107,26.7103982077047],[89.5631084684834,26.7104338880237],[89.5625849797818,26.7104338778156],[89.5621804784843,26.7105290500958],[89.5620614938898,26.7107312981327],[89.562061487274,26.7110049386158],[89.5620971694189,26.711326169879],[89.5622637306639,26.7116711937364],[89.5623945934353,26.7119567367927],[89.5625968351669,26.7122779613041],[89.5627039079972,26.7125635038966],[89.5627276893081,26.7129204249909],[89.5626919927801,26.7131940647781],[89.5626087066578,26.7134558036162],[89.5624659335599,26.7135985710839],[89.562299368795,26.7138127182137],[89.562144696302,26.7139316854073],[89.5619900332336,26.7140744526431],[89.5617163910359,26.7141934175164],[89.5614427502766,26.7142529022848],[89.5611068510389,26.714255855739]]]},"properties":{"compartment":"N RVBK BL4"},"id":"comptt.161"},
{"type":"Feature","geometry":{"type":"Polygon","coordinates":[[[89.7362934349348,26.6995490069221],[89.7362693971978,26.7011110093911],[89.7361083975978,26.7011100062465],[89.7348623735037,26.702225984023],[89.734567363062,26.7026859791291],[89.7331383235934,26.7044549545577],[89.7321692799257,26.7063529392056],[89.7304682585168,26.7074019079668],[89.7291042360299,26.7084628833279],[89.7272112012282,26.710083849409],[89.7253971644507,26.7117788171676],[89.7222971485587,26.7127357584315],[89.7193021271501,26.7139107021506],[89.7169590743379,26.7163196609018],[89.7146850333486,26.7182336200699],[89.712320034539,26.7184145742248],[89.709919009789,26.7196705296796],[89.7085290067498,26.7199315030219],[89.7073550000299,26.7203234808258],[89.7067490014856,26.72032246899],[89.7067492035098,26.7198258780696],[89.706784913015,26.7190168572611],[89.7068087236173,26.7185766569067],[89.7067849326036,26.7182078357556],[89.7065945819829,26.7178390213523],[89.7062971595988,26.7175534750134],[89.7059402482191,26.7172322474465],[89.7054762639242,26.7170418780327],[89.7051312467558,26.7169585911411],[89.7046910515407,26.7168039122584],[89.7043817271683,26.7166016558426],[89.7040842962242,26.7162566293936],[89.7038106763758,26.7158640133212],[89.7035941466227,26.7154618783459],[89.7034870849979,26.7151263656317],[89.7034514018214,26.7148479744175],[89.7034299896481,26.7145267434022],[89.7033086484021,26.7141769603829],[89.703123057135,26.7138343161225],[89.7027304565303,26.7134845178076],[89.7022664757484,26.7131490081259],[89.7019452523827,26.7129063014038],[89.7014669909435,26.7125993414967],[89.7008316786667,26.7123423386167],[89.7000107797661,26.7119639918887],[89.699675272979,26.7118640451536],[89.6992469771026,26.7117355465542],[89.6988115429708,26.711535667683],[89.6981262620223,26.711228703736],[89.6975766174704,26.7110573626887],[89.6970055512416,26.7109574213558],[89.6956992281376,26.7108003455649],[89.6944785731041,26.7107146615789],[89.6930294896502,26.7105861430552],[89.6925083922686,26.7105290227778],[89.6921015051342,26.7104504946902],[89.6916375098628,26.7103005853558],[89.6912591866342,26.710057867522],[89.6909593846009,26.7097580511152],[89.6905881956738,26.7093368730906],[89.6903526372878,26.7088800176474],[89.6899814647512,26.7081947191348],[89.6897744700968,26.7075808139588],[89.6896459876736,26.7068669701305],[89.689488969635,26.7059746754152],[89.6892677062382,26.7048967691029],[89.6892106198598,26.7039259461929],[89.6890964429402,26.7025696514558],[89.6890393760697,26.700792187054],[89.6889823109217,26.6989433425204],[89.6890251901931,26.6969017595803],[89.6892465243755,26.6950529204779],[89.6894607082045,26.6940464127941],[89.6897462625536,26.6930113464493],[89.6902074557182,26.6920080035891],[89.6906607104011,26.6925971035211],[89.691805685443,26.6935171275604],[89.6925106976025,26.6929451402543],[89.6933406969902,26.6928891563421],[89.6934666800327,26.6935781600765],[89.6937846709617,26.6939221669175],[89.692888662034,26.6943791502841],[89.6916736497282,26.6950071277437],[89.6917366301614,26.6958101304593],[89.6917976106228,26.6966121331342],[89.6924345979886,26.6970721464139],[89.6931995836485,26.6975901622989],[89.6929415648639,26.6983921587505],[89.6927475417669,26.699366156769],[89.6937055463895,26.6990811749337],[89.6946005497594,26.6988541919763],[89.6949195503824,26.6987971980951],[89.6957495497714,26.6987412141862],[89.6959405514959,26.6986512177462],[89.6959705524649,26.6986082182519],[89.6969295640291,26.6980362359031],[89.6979505518421,26.6984402565743],[89.6985245365771,26.6990152688413],[89.6996105159164,26.6997632914208],[89.7006975244004,26.6993063117831],[89.7014035462901,26.6983323237502],[89.7026775265671,26.6990233498936],[89.7033175125261,26.6995413633451],[89.7043384989401,26.7000033841277],[89.7058704910912,26.7001784143492],[89.7067014779792,26.7006394314238],[89.7074644497628,26.7017314483466],[89.7082904186385,26.7029374667124],[89.7087333759066,26.7046604785671],[89.7106513796363,26.7043195153672],[89.7132093734906,26.7043245653039],[89.7155733678066,26.704329611455],[89.7176823655335,26.7042186524128],[89.7201743609612,26.7041657009552],[89.7219633566645,26.7041697358829],[89.7231143511327,26.7042867585689],[89.7230523943243,26.7025077540287],[89.7230604748216,26.6991797479553],[89.7232625562533,26.6957937455588],[89.7232015966422,26.6941297412535],[89.7230966317379,26.692688736507],[89.723036636425,26.6925007349844],[89.7266475869009,26.6941988086256],[89.7303885752701,26.6943178818504],[89.7348765456283,26.6951099709205],[89.7358715215597,26.6960089920288],[89.7367684950341,26.6970190114346],[89.7366654621312,26.6983890120012],[89.7362934349348,26.6995490069221]]]},"properties":{"compartment":"Hatipota BL2B"},"id":"comptt.162"},
{"type":"Feature","geometry":{"type":"Polygon","coordinates":[[[89.6582407442383,26.6943944744601],[89.6583687173636,26.695493478967],[89.6582326741725,26.6972934796069],[89.6582225913573,26.7007194856785],[89.6580885453445,26.7026354865688],[89.6575625030979,26.7044344795968],[89.6566534674035,26.7060004647247],[89.6563244260806,26.7077414614877],[89.6562503546261,26.7107024654556],[89.6561752789527,26.7138374697216],[89.6561702325755,26.7157544731274],[89.6570071967792,26.7171504920157],[89.6574581633604,26.7184865032613],[89.6573891297851,26.7198805044631],[89.6566560985783,26.7212424926442],[89.6550301207402,26.7204884595255],[89.6532959923368,26.7201817251145],[89.6532325649954,26.719665052933],[89.6532087696602,26.7194746921209],[89.6531730843536,26.7192843310768],[89.6531374048059,26.7188560295982],[89.6530779235877,26.7184991077855],[89.6529470619651,26.718165984623],[89.6527091249194,26.7176543890447],[89.6523760181022,26.7171428016092],[89.6519715234722,26.7165479226285],[89.6515194392441,26.7159411526977],[89.6511149405826,26.7155128440215],[89.6503178471848,26.7149060673581],[89.6496635022916,26.7143468735681],[89.6493184908956,26.7140256362491],[89.6486165626622,26.7136092217916],[89.6482834503738,26.7133236747704],[89.6477956678823,26.7130619247744],[89.6471651206283,26.7125979216242],[89.6463561215764,26.7118126844068],[89.6456304082936,26.711194009119],[89.6449879622196,26.7106824056515],[89.6442979353966,26.710206501321],[89.6438696436251,26.7099090624229],[89.6435008328612,26.7095640345988],[89.6428108025849,26.7092308905291],[89.6424419895186,26.7089810428787],[89.6419780004234,26.70857652309],[89.640847787325,26.7075771292219],[89.6404313826472,26.7073986607734],[89.6402291339992,26.7073629567627],[89.6398246301559,26.7071487984818],[89.6395391086147,26.7068275723277],[89.6391583967283,26.7065301243599],[89.6386349306537,26.7060066331967],[89.6382899175297,26.7057567860121],[89.6380162839457,26.7055188302418],[89.6375998895559,26.7053284617731],[89.6369455351659,26.7051618887055],[89.636374476329,26.7047573668312],[89.6358866923996,26.7045551069488],[89.6355416778374,26.7043647398732],[89.6351014849439,26.704114890833],[89.6346375023957,26.7038531413073],[89.6341616181503,26.7036627716793],[89.6336024426682,26.7035318905344],[89.6331265589983,26.7033177308636],[89.6325792857891,26.7030916697787],[89.632246171486,26.7028894129144],[89.6316751074717,26.7026990414306],[89.6313062915293,26.7025681639996],[89.6307828179752,26.7023540034012],[89.6303307242483,26.7021398441952],[89.6299143289968,26.7019851657935],[89.6293551538038,26.7018423846285],[89.6287246165502,26.7013783814903],[89.6281654511373,26.7008310895939],[89.6275825043435,26.7003432873417],[89.6270828241836,26.6999863669507],[89.6267497041954,26.6996056397652],[89.6263333236121,26.6988442002676],[89.626024013056,26.6980708728369],[89.6258693552221,26.6975830789388],[89.6255661801937,26.6961681005083],[89.6264287961762,26.6954188559341],[89.6277678148756,26.6945108804018],[89.6284738296475,26.6938288929343],[89.6293548417721,26.6932389090449],[89.6303418521664,26.6927099273324],[89.6316818748049,26.6916389515201],[89.6326028852636,26.6911139685264],[89.6340779020192,26.6902729957609],[89.636222913678,26.6895760363184],[89.6397429287642,26.6886001031766],[89.6412799354958,26.6881681323585],[89.6438039473417,26.6874261802196],[89.646189957012,26.6867882255779],[89.6491899718072,26.6858772824084],[89.6523069841542,26.685056341682],[89.6533339971272,26.6844173605383],[89.6536649057703,26.6881653738368],[89.6539798348329,26.6910693852831],[89.6542977849313,26.6931023951979],[89.6548747554335,26.6942654085756],[89.655328747285,26.6945574179637],[89.6571407484481,26.6943294528873],[89.6582407442383,26.6943944744601]]]},"properties":{"compartment":"Phaskhawa BL2"},"id":"comptt.163"},
{"type":"Feature","geometry":{"type":"Polygon","coordinates":[[[89.7067490014856,26.72032246899],[89.7059440217214,26.7203912633985],[89.7048375705339,26.7205482820839],[89.7036597393431,26.7207124493889],[89.7020250483707,26.7209122878386],[89.7005616797604,26.7209979194216],[89.6992696314374,26.7210550042973],[89.6962358279365,26.7210834951087],[89.6944869313936,26.7211120110112],[89.6927808568256,26.7210548775917],[89.6916530026151,26.7209263653309],[89.6906679080663,26.7207978558581],[89.689939801525,26.720726451509],[89.6892473735163,26.7207121679625],[89.6881837569095,26.7206764471288],[89.6875198874513,26.7207192642456],[89.687020206393,26.7208120546606],[89.6864705440712,26.7209619542053],[89.6859779921322,26.7210904348255],[89.6854426109867,26.7211903645565],[89.6851428001451,26.7212545988212],[89.6844289611531,26.721283144936],[89.68287993467,26.721290244704],[89.6811096288891,26.7212902101389],[89.6788396244755,26.7212830358046],[89.677404809801,26.7212044776459],[89.6766195944407,26.7210902521049],[89.6759307487644,26.7209795884522],[89.6753953724625,26.7208796478157],[89.6740533550641,26.7209046016605],[89.6735037056863,26.7209331509819],[89.6726613762312,26.7209938046482],[89.6717655064726,26.7210723073023],[89.671051667748,26.7210901433986],[89.6702843008802,26.7210365883187],[89.6696668351228,26.720922366054],[89.6691849986092,26.7208259864702],[89.6686746024233,26.7207188963093],[89.6683712254825,26.7206225302096],[89.6677751823533,26.7203976581606],[89.6672469500122,26.7201335273635],[89.6669471353961,26.7199407811569],[89.6666901589493,26.7198194259176],[89.6671133115309,26.7196709139057],[89.6682364155228,26.719394915324],[89.6695314545616,26.7188934696844],[89.6700727793861,26.7186406597875],[89.6707241643075,26.7183729820117],[89.6717176035949,26.7178911605194],[89.6722708311994,26.717522360641],[89.6727050890886,26.7171535484399],[89.6729222235371,26.7169483223012],[89.6734665360587,26.7163772618762],[89.6738145462416,26.7159221978324],[89.6740227532311,26.7156128713275],[89.6742785555059,26.7150804653412],[89.6743648243699,26.7147057063356],[89.6744213494234,26.7140781262842],[89.6745332048678,26.7130156965125],[89.6746581420841,26.7127051783796],[89.6749508223546,26.712251893258],[89.6751649795303,26.7119342368532],[89.6755004917712,26.7113952924095],[89.6756718272351,26.7111525953068],[89.675982357117,26.7107135905592],[89.6763535573725,26.7102531669562],[89.6767604584923,26.7097534939774],[89.6770388638736,26.7095036489508],[89.6775135731044,26.7090753574264],[89.6779882836308,26.7085935258032],[89.678298811267,26.7082473212255],[89.6785879232719,26.7077226559009],[89.6787235609796,26.7073907179362],[89.678794961517,26.7069481385139],[89.6788592131073,26.7064627288731],[89.6789327545372,26.7059830294241],[89.6791183689462,26.7053691319146],[89.6793253957213,26.7046552946387],[89.6795395604068,26.7040271176597],[89.6799036343894,26.7034132236321],[89.6804318884988,26.7027779227682],[89.6807388477825,26.7023638979941],[89.6812242669864,26.7019356066757],[89.6816454311637,26.7017214644984],[89.6820594606965,26.7017000525374],[89.6823949564449,26.7018428293471],[89.6825591407018,26.7020641229592],[89.6827661477919,26.7021640671828],[89.683065957942,26.7021283829671],[89.6832087317464,26.7019570554366],[89.6834585782311,26.7016643897714],[89.6836656098248,26.7011647028884],[89.6837726933824,26.7005936339235],[89.6837512946554,26.7001296426491],[89.6836799227799,26.6993872498859],[89.6835871419906,26.6986020166259],[89.6835014961773,26.6980238038874],[89.6833301919481,26.6973884893723],[89.6831446027464,26.6969601849609],[89.6829233239747,26.696517599827],[89.6825307275092,26.6959964812061],[89.6822309275429,26.6956110046461],[89.6819454099589,26.6951255881805],[89.6818169278588,26.6948114950945],[89.6817098555351,26.6945045424394],[89.6816726966391,26.6940489308739],[89.6816277041928,26.6937409294279],[89.681690722369,26.6929829292585],[89.6820547411341,26.6921709348608],[89.6824777545124,26.6915759420138],[89.6827807616247,26.691251947326],[89.6828417693362,26.690926947916],[89.682600775179,26.690708942813],[89.6821797840604,26.6903829340001],[89.6820597908966,26.6901119311595],[89.6821207972782,26.6898419318511],[89.6824838042712,26.6895169383314],[89.6826648064516,26.6894089416623],[89.6826658116945,26.6891919412814],[89.6823648189604,26.6889209349107],[89.681702828414,26.6885949213979],[89.6808518443355,26.6880199037402],[89.6809178450245,26.6879849049629],[89.6831098295895,26.6884079484941],[89.6855028125447,26.6888779960345],[89.6874438008308,26.6891720344357],[89.6884407955163,26.6892940541074],[89.6886867719921,26.6902430606606],[89.6887497538326,26.6909880632673],[89.6893217413551,26.6914480752757],[89.6895147395194,26.6915050791458],[89.6897687351939,26.6916590843854],[89.690086729798,26.6918510909437],[89.6902074557182,26.6920080035891],[89.6897462625536,26.6930113464493],[89.6894607082045,26.6940464127941],[89.6892465243755,26.6950529204779],[89.6890251901931,26.6969017595803],[89.6889823109217,26.6989433425204],[89.6890393760697,26.700792187054],[89.6890964429402,26.7025696514558],[89.6892106198598,26.7039259461929],[89.6892677062382,26.7048967691029],[89.689488969635,26.7059746754152],[89.6896459876736,26.7068669701305],[89.6897744700968,26.7075808139588],[89.6899814647512,26.7081947191348],[89.6903526372878,26.7088800176474],[89.6905881956738,26.7093368730906],[89.6909593846009,26.7097580511152],[89.6912591866342,26.710057867522],[89.6916375098628,26.7103005853558],[89.6921015051342,26.7104504946902],[89.6925083922686,26.7105290227778],[89.6930294896502,26.7105861430552],[89.6944785731041,26.7107146615789],[89.6956992281376,26.7108003455649],[89.6970055512416,26.7109574213558],[89.6975766174704,26.7110573626887],[89.6981262620223,26.711228703736],[89.6988115429708,26.711535667683],[89.6992469771026,26.7117355465542],[89.699675272979,26.7118640451536],[89.7000107797661,26.7119639918887],[89.7008316786667,26.7123423386167],[89.7014669909435,26.7125993414967],[89.7019452523827,26.7129063014038],[89.7022664757484,26.7131490081259],[89.7027304565303,26.7134845178076],[89.703123057135,26.7138343161225],[89.7033086484021,26.7141769603829],[89.7034299896481,26.7145267434022],[89.7034514018214,26.7148479744175],[89.7034870849979,26.7151263656317],[89.7035941466227,26.7154618783459],[89.7038106763758,26.7158640133212],[89.7040842962242,26.7162566293936],[89.7043817271683,26.7166016558426],[89.7046910515407,26.7168039122584],[89.7051312467558,26.7169585911411],[89.7054762639242,26.7170418780327],[89.7059402482191,26.7172322474465],[89.7062971595988,26.7175534750134],[89.7065945819829,26.7178390213523],[89.7067849326036,26.7182078357556],[89.7068087236173,26.7185766569067],[89.706784913015,26.7190168572611],[89.7067492035098,26.7198258780696],[89.7067490014856,26.72032246899]]]},"properties":{"compartment":"Hatipota BL2A"},"id":"comptt.164"},
{"type":"Feature","geometry":{"type":"Polygon","coordinates":[[[89.5830964613104,26.7136500435517],[89.5808484384836,26.7148230017893],[89.5798714399987,26.7148599827979],[89.5788174361663,26.7151259627115],[89.5785574311728,26.7153589580539],[89.5774134147451,26.7161549371526],[89.5767204012675,26.7167829247496],[89.5761113967977,26.7170299133085],[89.5759423752045,26.7179399116268],[89.5757783553638,26.7187769099129],[89.5750793398926,26.7194878975384],[89.5748313257737,26.7200968937806],[89.5739593143103,26.7206598777676],[89.5729043033727,26.7212198581787],[89.5708713085735,26.7212128185049],[89.569722302879,26.7215657967145],[89.5676003010969,26.7218567558322],[89.5669823058463,26.7217237435406],[89.5653439085655,26.7217803124204],[89.5642903102732,26.7218166911889],[89.5641648303726,26.7218210781661],[89.5640048660341,26.7211944345207],[89.5638050100137,26.7202236089065],[89.5635623361702,26.7191671223059],[89.5633910204079,26.7185960479553],[89.5631055073457,26.7179250312007],[89.5627057787099,26.7170826919159],[89.5622346730122,26.7161261410378],[89.5618063796117,26.7154836815498],[89.561506578642,26.7151410250977],[89.5613209860074,26.7148554909739],[89.5612067831957,26.7145699482425],[89.5611068510389,26.714255855739],[89.5614427502766,26.7142529022848],[89.5617163910359,26.7141934175164],[89.5619900332336,26.7140744526431],[89.562144696302,26.7139316854073],[89.562299368795,26.7138127182137],[89.5624659335599,26.7135985710839],[89.5626087066578,26.7134558036162],[89.5626919927801,26.7131940647781],[89.5627276893081,26.7129204249909],[89.5627039079972,26.7125635038966],[89.5625968351669,26.7122779613041],[89.5623945934353,26.7119567367927],[89.5622637306639,26.7116711937364],[89.5620971694189,26.711326169879],[89.562061487274,26.7110049386158],[89.5620614938898,26.7107312981327],[89.5621804784843,26.7105290500958],[89.5625849797818,26.7104338778156],[89.5631084684834,26.7104338880237],[89.563608148107,26.7103982077047],[89.56431008838,26.7103149412457],[89.5649406496932,26.7101959833317],[89.5657258729248,26.7099818382653],[89.5663088478083,26.7097201091707],[89.5668918247053,26.7093750999286],[89.5676175612492,26.7090300934701],[89.5683195138256,26.7088516468424],[89.5692831966174,26.7086375152553],[89.5702706687762,26.708447174174],[89.5711272806839,26.708280630583],[89.572257523354,26.7080546022223],[89.5731855150868,26.7078880600231],[89.5743276542781,26.7078048021474],[89.5763977897411,26.7077810424739],[89.5771830080904,26.707769167765],[89.5780634059179,26.7077691849336],[89.5787891321141,26.7078524792339],[89.5798360983814,26.7079000897354],[89.5806213152949,26.7079476951328],[89.5815730926615,26.7079596037151],[89.5821175999561,26.7080160144342],[89.5832206016874,26.707832035617],[89.5846466036884,26.7076040630206],[89.5852146042002,26.7075250739569],[89.5856685782041,26.7085540846435],[89.5859055526923,26.7095850911021],[89.5856075074824,26.7114850886744],[89.584186486944,26.7124790627282],[89.5830964613104,26.7136500435517]]]},"properties":{"compartment":"N RVBK BL2"},"id":"comptt.165"},
{"type":"Feature","geometry":{"type":"Polygon","coordinates":[[[89.5471626119867,26.72309599142],[89.5469583223462,26.7231003553509],[89.545898324291,26.7231293347251],[89.5453173414161,26.7224813222551],[89.5444403744695,26.7212053029108],[89.5438524504267,26.7181252860413],[89.5432055113587,26.7156722691229],[89.5413845966115,26.712334227764],[89.5411126051721,26.7120082218894],[89.541424296415,26.7119245978202],[89.5419168484632,26.7117889771864],[89.5427163495724,26.71166050255],[89.5433873501402,26.7115677154706],[89.5439869805413,26.7114892070247],[89.5448935500042,26.7114178445761],[89.5461570485775,26.7113464790872],[89.5476917959581,26.7112965389249],[89.5495334920579,26.7112680247858],[89.5535880814444,26.7112895138852],[89.5543590296986,26.7112823989059],[89.5548944062959,26.7113680694965],[89.5554868817161,26.7114965712761],[89.5560936474461,26.7116107933093],[89.5566432964246,26.7115965340024],[89.5570237750429,26.7116145714537],[89.5575234531106,26.7116431412479],[89.5579660323561,26.7116288698533],[89.5585656546532,26.7118858619995],[89.558865451482,26.7123998287523],[89.5591081318933,26.71318506487],[89.5593365485532,26.7137133102565],[89.5596220826658,26.7139274662029],[89.5599218891595,26.7140416822513],[89.5603930152276,26.7141559116409],[89.5607356612698,26.7142844085503],[89.5611068510389,26.714255855739],[89.5612067831957,26.7145699482425],[89.5613209860074,26.7148554909739],[89.561506578642,26.7151410250977],[89.5618063796117,26.7154836815498],[89.5622346730122,26.7161261410378],[89.5627057787099,26.7170826919159],[89.5631055073457,26.7179250312007],[89.5633910204079,26.7185960479553],[89.5635623361702,26.7191671223059],[89.5638050100137,26.7202236089065],[89.5640048660341,26.7211944345207],[89.5641648303726,26.7218210781661],[89.5628323126581,26.7218676628363],[89.5586823158559,26.7221615823982],[89.5550503199318,26.7223665119089],[89.5532023156313,26.7227344765076],[89.550201318828,26.7229114182787],[89.5497813173353,26.7230164102703],[89.5496723169782,26.7230424081898],[89.5471626119867,26.72309599142]]]},"properties":{"compartment":"N RVBK BL1"},"id":"comptt.166"},
{"type":"Feature","geometry":{"type":"Polygon","coordinates":[[[89.6666901589493,26.7198194259176],[89.6664688690476,26.7198372616303],[89.6662975479892,26.7198979383972],[89.6661226561618,26.7199907351532],[89.6658763839008,26.7201085105616],[89.66534099784,26.7204118806662],[89.6647841919168,26.7207116903461],[89.6642845053388,26.7210329011801],[89.6638561896264,26.7213112933287],[89.6633350824951,26.7216574937899],[89.6627854248273,26.7220286837394],[89.6624713305694,26.7222356879867],[89.6621144054639,26.7224819514697],[89.6617467717666,26.7226711146389],[89.6613148985693,26.7228459965278],[89.6608366250513,26.7230387275434],[89.6602511397579,26.7233154366195],[89.6602110405047,26.7232885657874],[89.6582670766713,26.7219875254555],[89.6566560985783,26.7212424926442],[89.6573891297851,26.7198805044631],[89.6574581633604,26.7184865032613],[89.6570071967792,26.7171504920157],[89.6561702325755,26.7157544731274],[89.6561752789527,26.7138374697216],[89.6562503546261,26.7107024654556],[89.6563244260806,26.7077414614877],[89.6566534674035,26.7060004647247],[89.6575625030979,26.7044344795968],[89.6580885453445,26.7026354865688],[89.6582225913573,26.7007194856785],[89.6582326741725,26.6972934796069],[89.6583687173636,26.695493478967],[89.6582407442383,26.6943944744601],[89.6612177328239,26.6945715328476],[89.665488725162,26.6944656159574],[89.6713157179582,26.6941877291037],[89.6759117095581,26.6940818185576],[89.6793406997947,26.6941478855665],[89.6806347008493,26.693976910493],[89.6816726966391,26.6940489308739],[89.6817098555351,26.6945045424394],[89.6818169278588,26.6948114950945],[89.6819454099589,26.6951255881805],[89.6822309275429,26.6956110046461],[89.6825307275092,26.6959964812061],[89.6829233239747,26.696517599827],[89.6831446027464,26.6969601849609],[89.6833301919481,26.6973884893723],[89.6835014961773,26.6980238038874],[89.6835871419906,26.6986020166259],[89.6836799227799,26.6993872498859],[89.6837512946554,26.7001296426491],[89.6837726933824,26.7005936339235],[89.6836656098248,26.7011647028884],[89.6834585782311,26.7016643897714],[89.6832087317464,26.7019570554366],[89.683065957942,26.7021283829671],[89.6827661477919,26.7021640671828],[89.6825591407018,26.7020641229592],[89.6823949564449,26.7018428293471],[89.6820594606965,26.7017000525374],[89.6816454311637,26.7017214644984],[89.6812242669864,26.7019356066757],[89.6807388477825,26.7023638979941],[89.6804318884988,26.7027779227682],[89.6799036343894,26.7034132236321],[89.6795395604068,26.7040271176597],[89.6793253957213,26.7046552946387],[89.6791183689462,26.7053691319146],[89.6789327545372,26.7059830294241],[89.6788592131073,26.7064627288731],[89.678794961517,26.7069481385139],[89.6787235609796,26.7073907179362],[89.6785879232719,26.7077226559009],[89.678298811267,26.7082473212255],[89.6779882836308,26.7085935258032],[89.6775135731044,26.7090753574264],[89.6770388638736,26.7095036489508],[89.6767604584923,26.7097534939774],[89.6763535573725,26.7102531669562],[89.675982357117,26.7107135905592],[89.6756718272351,26.7111525953068],[89.6755004917712,26.7113952924095],[89.6751649795303,26.7119342368532],[89.6749508223546,26.712251893258],[89.6746581420841,26.7127051783796],[89.6745332048678,26.7130156965125],[89.6744213494234,26.7140781262842],[89.6743648243699,26.7147057063356],[89.6742785555059,26.7150804653412],[89.6740227532311,26.7156128713275],[89.6738145462416,26.7159221978324],[89.6734665360587,26.7163772618762],[89.6729222235371,26.7169483223012],[89.6727050890886,26.7171535484399],[89.6722708311994,26.717522360641],[89.6717176035949,26.7178911605194],[89.6707241643075,26.7183729820117],[89.6700727793861,26.7186406597875],[89.6695314545616,26.7188934696844],[89.6682364155228,26.719394915324],[89.6671133115309,26.7196709139057],[89.6666901589493,26.7198194259176]]]},"properties":{"compartment":"Hatipota BL3"},"id":"comptt.167"},
{"type":"Feature","geometry":{"type":"Polygon","coordinates":[[[89.545898324291,26.7231293347251],[89.545415336504,26.7230876952307],[89.5430453782659,26.7236729900286],[89.5412607858205,26.7239584957184],[89.5393619750452,26.7241868890801],[89.5377772538319,26.7244010085434],[89.5360354819781,26.7246579550181],[89.5339225196761,26.7249720043521],[89.5326518863009,26.7252432400413],[89.5308672835263,26.7255430157548],[89.5291112462083,26.7256143616268],[89.5269554578252,26.7257713698512],[89.5263503078803,26.7258319581532],[89.5261613462822,26.7242639517357],[89.5259103933015,26.7223459434998],[89.525791446973,26.7201389373354],[89.5256024909974,26.7183379305134],[89.5256155653593,26.7152609254083],[89.5256226109833,26.7133729222568],[89.5265306114344,26.7132599397631],[89.5275986100582,26.7132059604918],[89.5286346094886,26.7131219805443],[89.5299286068465,26.7130970057301],[89.5312586055176,26.7130140315168],[89.5320346049019,26.7129590465508],[89.5332646052279,26.7128180702866],[89.5348826052605,26.7126491015385],[89.5377006050244,26.7123671559904],[89.5393826056042,26.7121691884395],[89.5408406053441,26.7120292166226],[89.5411126051721,26.7120082218894],[89.5413845966115,26.712334227764],[89.5432055113587,26.7156722691229],[89.5438524504267,26.7181252860413],[89.5444403744695,26.7212053029108],[89.5453173414161,26.7224813222551],[89.545898324291,26.7231293347251]]]},"properties":{"compartment":"Raimatong BL5"},"id":"comptt.168"},
{"type":"Feature","geometry":{"type":"Polygon","coordinates":[[[89.6532959923368,26.7201817251145],[89.6530511339743,26.7201384202558],[89.6521841397649,26.7199854030529],[89.6506031402325,26.720123372444],[89.6490981267708,26.7208293443541],[89.6478311058379,26.7218203214282],[89.6463250768888,26.7231662944817],[89.6448990546464,26.7242272685761],[89.6432360432906,26.724862237267],[89.6416550489272,26.7247872062672],[89.6403110522739,26.7247831800233],[89.6392820444986,26.7252071607063],[89.6379350306427,26.7259141356947],[89.6362730296316,26.7261221036274],[89.6349300432709,26.7256930766323],[89.6340630626082,26.7249810584168],[89.633514093205,26.7237720455089],[89.6326481228257,26.7226350265449],[89.6318591454088,26.7217810095977],[89.6303611646048,26.7211379791959],[89.6288581717857,26.7209919495974],[89.6273561772477,26.7209169201474],[89.6263261643576,26.721552901195],[89.62513412093,26.7234668813894],[89.6244960846973,26.725027871757],[89.6237020540463,26.7263738586898],[89.6228350349013,26.7272518433514],[89.6210450913031,26.7251018045312],[89.6198811256032,26.7238017794672],[89.61836814732,26.7230567485944],[89.6174781674949,26.7223127298839],[89.6165161937982,26.721322709326],[89.6157642226135,26.7202076926426],[89.6156302528242,26.7189726878036],[89.6156342856965,26.7176136854344],[89.6158473210331,26.7161316869216],[89.6159203537083,26.7147736859002],[89.6157873943822,26.7131056803012],[89.6151754377678,26.7113736652426],[89.6143575040462,26.7087156445],[89.6138825380926,26.7073556327866],[89.6132015814885,26.7056296163974],[89.6132187148901,26.7051337958895],[89.6132245975358,26.7049636156477],[89.6137416516906,26.7026716216063],[89.6141926768945,26.7015836284436],[89.614533690617,26.70098163401],[89.6147287003192,26.7005606370548],[89.6153636947116,26.7007286497408],[89.6181677037696,26.7000717032396],[89.6199327111775,26.6995877367872],[89.6214827220595,26.6989817659211],[89.6222777307884,26.6985407806285],[89.6228797374,26.6982067917651],[89.6244157587373,26.6971698198452],[89.6252947751194,26.6964038356019],[89.6255661801937,26.6961681005083],[89.6258693552221,26.6975830789388],[89.626024013056,26.6980708728369],[89.6263333236121,26.6988442002676],[89.6267497041954,26.6996056397652],[89.6270828241836,26.6999863669507],[89.6275825043435,26.7003432873417],[89.6281654511373,26.7008310895939],[89.6287246165502,26.7013783814903],[89.6293551538038,26.7018423846285],[89.6299143289968,26.7019851657935],[89.6303307242483,26.7021398441952],[89.6307828179752,26.7023540034012],[89.6313062915293,26.7025681639996],[89.6316751074717,26.7026990414306],[89.632246171486,26.7028894129144],[89.6325792857891,26.7030916697787],[89.6331265589983,26.7033177308636],[89.6336024426682,26.7035318905344],[89.6341616181503,26.7036627716793],[89.6346375023957,26.7038531413073],[89.6351014849439,26.704114890833],[89.6355416778374,26.7043647398732],[89.6358866923996,26.7045551069488],[89.636374476329,26.7047573668312],[89.6369455351659,26.7051618887055],[89.6375998895559,26.7053284617731],[89.6380162839457,26.7055188302418],[89.6382899175297,26.7057567860121],[89.6386349306537,26.7060066331967],[89.6391583967283,26.7065301243599],[89.6395391086147,26.7068275723277],[89.6398246301559,26.7071487984818],[89.6402291339992,26.7073629567627],[89.6404313826472,26.7073986607734],[89.640847787325,26.7075771292219],[89.6419780004234,26.70857652309],[89.6424419895186,26.7089810428787],[89.6428108025849,26.7092308905291],[89.6435008328612,26.7095640345988],[89.6438696436251,26.7099090624229],[89.6442979353966,26.710206501321],[89.6449879622196,26.7106824056515],[89.6456304082936,26.711194009119],[89.6463561215764,26.7118126844068],[89.6471651206283,26.7125979216242],[89.6477956678823,26.7130619247744],[89.6482834503738,26.7133236747704],[89.6486165626622,26.7136092217916],[89.6493184908956,26.7140256362491],[89.6496635022916,26.7143468735681],[89.6503178471848,26.7149060673581],[89.6511149405826,26.7155128440215],[89.6515194392441,26.7159411526977],[89.6519715234722,26.7165479226285],[89.6523760181022,26.7171428016092],[89.6527091249194,26.7176543890447],[89.6529470619651,26.718165984623],[89.6530779235877,26.7184991077855],[89.6531374048059,26.7188560295982],[89.6531730843536,26.7192843310768],[89.6532087696602,26.7194746921209],[89.6532325649954,26.719665052933],[89.6532959923368,26.7201817251145]]]},"properties":{"compartment":"Phaskhawa BL1"},"id":"comptt.169"},
{"type":"Feature","geometry":{"type":"Polygon","coordinates":[[[89.5003827926223,26.7279236942818],[89.5002513225177,26.7279504527925],[89.4990843199629,26.728178430426],[89.4978543189719,26.7283484067307],[89.4982348077328,26.7275328227453],[89.4988820409515,26.7265049135956],[89.4997767417009,26.7255531394021],[89.5002336117185,26.724677506801],[89.5006714517837,26.7238018738283],[89.5011854398141,26.7230023824714],[89.5018707461555,26.7218412138303],[89.502567961545,26.720718125486],[89.5031033485991,26.7199567046102],[89.5041860386492,26.718600433377],[89.5047809146891,26.7178747037213],[89.5052330238995,26.7174464117956],[89.5057327252904,26.7169229406331],[89.5060777533337,26.7165541267222],[89.5063395024503,26.7161496211258],[89.5067083356099,26.7155666573083],[89.5071366552331,26.7147100641769],[89.5075768722377,26.7139605414622],[89.5078743150017,26.7134013662931],[89.5080291282812,26.7128885988094],[89.5097259581752,26.7130831798832],[89.5154095642627,26.7134469306728],[89.517705741122,26.7135151339458],[89.5197291048892,26.7133559929754],[89.5227527833277,26.7134469306728],[89.5256400552202,26.7133787273997],[89.5256024909974,26.7183379305134],[89.525791446973,26.7201389373354],[89.5259103933015,26.7223459434998],[89.5261613462822,26.7242639517357],[89.5263503078803,26.7258319581532],[89.5263583064572,26.7258899584103],[89.525053308432,26.7259439330501],[89.5222053102033,26.7261668778881],[89.5202623124349,26.7262768401819],[89.5186443166565,26.7262708086132],[89.5170253180528,26.7263817772286],[89.5151473229349,26.7263757405897],[89.5129463258536,26.7264846978508],[89.5113273272819,26.7265946664652],[89.508800325445,26.7269346177687],[89.5067283252436,26.7271595777472],[89.5049813255775,26.7273285439674],[89.5032313273487,26.7274385100273],[89.5019363265423,26.7276074850629],[89.5003827926223,26.7279236942818]]]},"properties":{"compartment":"Raimatong BL6"},"id":"comptt.170"},
{"type":"Feature","geometry":{"type":"Polygon","coordinates":[[[89.4960517867442,26.7286287711907],[89.4938943209499,26.728682330076],[89.4914663224302,26.7288762830584],[89.4886783258718,26.7290272289466],[89.4859363321293,26.7290571755248],[89.4837353418265,26.7288881323131],[89.4826583505224,26.7286421108893],[89.4826013506678,26.7286421097777],[89.483510523487,26.7213991150921],[89.4841235638198,26.7196661240726],[89.4822516203427,26.7175250839113],[89.4848357542208,26.7117131243168],[89.4939397497113,26.7109423004309],[89.4952497651872,26.7101643246244],[89.4972887787677,26.7093883630283],[89.4982497970155,26.708532380283],[89.4984144901391,26.7083858432402],[89.4989514664025,26.7088980545889],[89.4993797669805,26.7092430935316],[89.4998913359104,26.7096476042],[89.5002482481066,26.7099331516492],[89.500545673041,26.7101116177542],[89.5007955160834,26.7103733630756],[89.5014141638795,26.7108135758937],[89.5018186668178,26.7110634242094],[89.5023897301969,26.7112775957103],[89.5026990548139,26.7114679520684],[89.503329594305,26.7118367849962],[89.5038768674573,26.7120628460545],[89.5047215687072,26.7123365029931],[89.5052450427829,26.7125268635263],[89.505780417116,26.7127053342711],[89.5062919958227,26.7127053442436],[89.507017733413,26.7127291584321],[89.5074103415583,26.7127648561472],[89.5076839791416,26.712836241605],[89.5080291282812,26.7128885988094],[89.5078743150017,26.7134013662931],[89.5075768722377,26.7139605414622],[89.5071366552331,26.7147100641769],[89.5067083356099,26.7155666573083],[89.5063395024503,26.7161496211258],[89.5060777533337,26.7165541267222],[89.5057327252904,26.7169229406331],[89.5052330238995,26.7174464117956],[89.5047809146891,26.7178747037213],[89.5041860386492,26.718600433377],[89.5031033485991,26.7199567046102],[89.502567961545,26.720718125486],[89.5018707461555,26.7218412138303],[89.5011854398141,26.7230023824714],[89.5006714517837,26.7238018738283],[89.5002336117185,26.724677506801],[89.4997767417009,26.7255531394021],[89.4988820409515,26.7265049135956],[89.4982348077328,26.7275328227453],[89.4978543189719,26.7283484067307],[89.4972713176943,26.7284623955571],[89.4966873164195,26.7285763843639],[89.4966313156426,26.7286143833372],[89.4960517867442,26.7286287711907]]]},"properties":{"compartment":"Raimatong BL7"},"id":"comptt.171"},
{"type":"Feature","geometry":{"type":"Polygon","coordinates":[[[89.4091165202257,26.7290592478716],[89.4081127396554,26.7291912985276],[89.4073988997951,26.7292626747337],[89.4049956543525,26.7293340080136],[89.4034252084607,26.7293339774063],[89.4022592855378,26.7291673944067],[89.4005698739869,26.7290008012053],[89.3999036291827,26.7288580179843],[89.3989042652515,26.7287152282714],[89.3982618103857,26.7285724455143],[89.397657570543,26.7286314538366],[89.3974605816695,26.7281924492701],[89.3971666014361,26.7274064422386],[89.3972576413864,26.7257434412568],[89.3970296780373,26.7242514343423],[89.3966437202699,26.7225454239953],[89.3958607635636,26.7208384059129],[89.3941348248588,26.7184883683974],[89.3927478771433,26.7164743380466],[89.3921718987975,26.7156403254476],[89.3909959465858,26.7137892994814],[89.3903770048608,26.7114432835486],[89.3911976218642,26.7114782295885],[89.392006640891,26.7114306652662],[89.3930536004437,26.7113355054993],[89.3943147182869,26.7112879399821],[89.3951475329994,26.7110024157294],[89.3954568702326,26.7106693012024],[89.3957186198889,26.7102409955908],[89.395932776797,26.7099316692492],[89.3962897027563,26.7096461457275],[89.3968607752825,26.7094795965733],[89.3973128769716,26.709360625181],[89.3980029197612,26.7091702883043],[89.3984788062177,26.7092654777302],[89.3989784920375,26.7093844576591],[89.3992164322224,26.7097651729247],[89.3993591955289,26.7100269161393],[89.399716095402,26.7104076437219],[89.4000254199964,26.7105980000623],[89.4005964933313,26.7108121715403],[89.4011437613256,26.7108359722388],[89.4018575994589,26.7108359861422],[89.4026666225152,26.7106218515439],[89.403190106893,26.7103839113445],[89.4040229204625,26.7101459871697],[89.4049033227594,26.7099556440008],[89.4059026941715,26.7097891031885],[89.4069734548238,26.7096463538061],[89.4088770256027,26.709408440486],[89.4097812149682,26.7093370779781],[89.411280283933,26.7092181369777],[89.4124224215314,26.7091943591838],[89.4131064697493,26.7091943725074],[89.4131039889773,26.7096407232035],[89.4126799781527,26.7101347157685],[89.4121659639157,26.7107797068319],[89.411951950684,26.7113507036151],[89.4121139171265,26.7127227090575],[89.411684898947,26.7135217020321],[89.4114698820448,26.7142446990486],[89.4112128680293,26.7148526950551],[89.4109118568818,26.7153466900142],[89.410569846759,26.7158026841112],[89.4104838322724,26.7164116834502],[89.4100988167536,26.7170956770887],[89.4100958029435,26.7176676779829],[89.4100067847914,26.7184286775161],[89.4099607720105,26.7189626775091],[89.4098717547754,26.7196856769789],[89.4095697307504,26.7207126728047],[89.4096097168254,26.7212846745364],[89.4098166950946,26.7221616800301],[89.4101506711706,26.723115688127],[89.4099356505874,26.7239906853944],[89.4094656426313,26.7243706768683],[89.4090416345794,26.7247496692367],[89.4090386189514,26.7253966702551],[89.4089066036597,26.7260436687597],[89.4090325904249,26.726577672104],[89.4088575724892,26.7273386699601],[89.4089395547519,26.7280636727649],[89.4089355391238,26.7287106737638],[89.4090375340715,26.7289086760814],[89.4091165202257,26.7290592478716]]]},"properties":{"compartment":"Godamdabri BL2"},"id":"comptt.172"},
{"type":"Feature","geometry":{"type":"Polygon","coordinates":[[[89.7534674086914,26.6989823410822],[89.7533071322377,26.6996776892693],[89.7533166231958,26.7008769417238],[89.7531357382398,26.7027519517405],[89.7529929478395,26.7036085605735],[89.7527740093222,26.7048077985678],[89.7524503680513,26.7061307747515],[89.7521362352359,26.7079296520204],[89.751898274591,26.7088052890299],[89.7515841484529,26.7103281357757],[89.7514318348412,26.711317994673],[89.7512890465972,26.7124982041161],[89.751184306739,26.7141543152018],[89.7511652474228,26.7149538163411],[89.7510890919266,26.7156010260774],[89.7510890813238,26.7160388469049],[89.75118425073,26.7164671495734],[89.7513270118693,26.7168193130277],[89.7516410893832,26.7173047300802],[89.7519170846799,26.717885326569],[89.7520598402859,26.7184659204555],[89.752202599119,26.7189132640901],[89.7522311398313,26.7192939753677],[89.7522120988094,26.7197508358597],[89.7521359381506,26.720198175218],[89.7519170136736,26.7208168321114],[89.7517361632577,26.7212641694244],[89.751574353028,26.7217019870913],[89.7513935035339,26.722111254332],[89.7511841031841,26.722558581087],[89.7510793905152,26.723091580049],[89.7510889010391,26.7234818109725],[89.7511745529997,26.7238054232576],[89.7513458631469,26.7241956573422],[89.7515647638749,26.7245573423027],[89.751793183197,26.7249761375574],[89.7518788323897,26.7254139600587],[89.7518502663131,26.7260802107604],[89.7517931377655,26.7268511511019],[89.7517074648186,26.7273936704538],[89.7515456527407,26.7279076282639],[89.7512600965681,26.7286024239978],[89.7508983996493,26.7293352983156],[89.7503558715366,26.7301347892254],[89.7499751367376,26.7307819930086],[89.7497181453408,26.7312769189218],[89.7493469423644,26.7318479827469],[89.7490276109571,26.7323493174536],[89.7474186334655,26.7315752845498],[89.7473486344526,26.7315412831177],[89.7455336576605,26.7307582461738],[89.7435576830146,26.7299022059485],[89.7414246966693,26.7295441635967],[89.7390527040525,26.7294681171074],[89.7362857209664,26.7290370622341],[89.7346267386844,26.7284660287479],[89.7330477682338,26.7273989958947],[89.7310717936018,26.7265429556845],[89.7290178139942,26.7258999143529],[89.7276748309526,26.7253298870493],[89.726728845236,26.7248318676367],[89.7256218599461,26.7243318450762],[89.7243578629624,26.7243298203825],[89.7237118619605,26.7244338079588],[89.7234878616146,26.7244698036508],[89.7231588361623,26.724726797705],[89.7231826261036,26.7243140873971],[89.7230969755269,26.7239333650114],[89.7229922933807,26.7236192723786],[89.7229161516284,26.7232861502678],[89.7227258165994,26.7226865154278],[89.7226496762298,26.7222962832102],[89.7224974177953,26.7214206385975],[89.7224879118789,26.7208400473252],[89.7225735829722,26.7203736781254],[89.7228591448901,26.7194409319565],[89.7232017997584,26.7187937274368],[89.7238775886844,26.7179466490483],[89.7242963766898,26.7175754565316],[89.7247532446057,26.7172042747583],[89.7254099809005,26.7168806769771],[89.7264855026663,26.7162905868743],[89.7275324835778,26.715738576285],[89.7284176555607,26.7151580024817],[89.7290839134479,26.7147677847601],[89.7298643838333,26.7142633490541],[89.7306924415727,26.7138636144736],[89.7316347144364,26.7136542424804],[89.732662648944,26.7133687320168],[89.7333003427525,26.7131498240578],[89.7338904589764,26.7128357549909],[89.7344329750816,26.7125311950121],[89.7350230917672,26.712198075909],[89.7356512783638,26.711864967549],[89.7363080125899,26.7116270299253],[89.7371360689507,26.7112844054498],[89.7377166661203,26.7109322561241],[89.7381449745673,26.7105420337529],[89.7384210022179,26.7101993884977],[89.7385447413757,26.7098091601792],[89.738687523484,26.7092952019996],[89.7388969263584,26.7087431650489],[89.7391253668838,26.7082863186491],[89.7396298364414,26.7074297168856],[89.7401247853293,26.7066016749896],[89.7404769647801,26.7057641102876],[89.7407053992206,26.705145453582],[89.7410195050736,26.7044601684231],[89.7412955357169,26.7039938029332],[89.7417809639338,26.703194310903],[89.7421045817019,26.7028421565569],[89.7425519330972,26.702328204321],[89.7429421718618,26.7019284611852],[89.743427596623,26.7012717394229],[89.7437131390858,26.7007292239738],[89.7440367639928,26.7000820190703],[89.7441853267749,26.6995394609468],[89.7447654164483,26.6994971721902],[89.7460774157188,26.6994011976191],[89.748034413322,26.6993122356517],[89.7534674086914,26.6989823410822]]]},"properties":{"compartment":"Bhutanghat BL2"},"id":"comptt.173"},
{"type":"Feature","geometry":{"type":"Polygon","coordinates":[[[89.6208577580772,26.7302108300945],[89.6201329188944,26.7302499960149],[89.6192477593228,26.7303213688638],[89.6185053666386,26.7305069547056],[89.6173774897103,26.7309066734079],[89.616363831467,26.7313492344168],[89.6145649492646,26.732034490533],[89.6129231108295,26.7325484194056],[89.6113526601478,26.7331480198252],[89.6099820855477,26.7334763536584],[89.6083545312322,26.7338189625002],[89.6073551484923,26.7340331033744],[89.6063986070314,26.7341901249822],[89.6058418077036,26.7342186641634],[89.6060416972391,26.7338046473227],[89.6062701384331,26.7333192409111],[89.6067270118575,26.7323055980104],[89.6069554523596,26.7318487416497],[89.6073409445746,26.7308922074573],[89.6076122201558,26.7302212015477],[89.6078834967734,26.7295073655609],[89.6081404941165,26.7287649792439],[89.6084117772993,26.7277798827696],[89.6084974560969,26.7269946630313],[89.6084974692286,26.7264521420569],[89.6085117650894,26.7257954111562],[89.6084118367369,26.7253242783595],[89.6082119755185,26.7249816338434],[89.6079121766178,26.7245533172231],[89.6076694786137,26.7240821816403],[89.6072697403024,26.7236395930444],[89.6067272406321,26.7228543610474],[89.6063703329064,26.7223832232366],[89.6061561931038,26.7219834683402],[89.6061276528471,26.7215837170657],[89.6061704924155,26.7211839671842],[89.6062276129851,26.7207413875044],[89.6064274963143,26.7201703203797],[89.6066131062238,26.7197420132325],[89.6067987168238,26.7192851660341],[89.6072555809056,26.7186569938207],[89.6075982397397,26.7182572497889],[89.6080122715079,26.7177290169187],[89.608283543625,26.7172007812628],[89.6085262620122,26.7168295853317],[89.6086547627506,26.716372737018],[89.6087832669428,26.7157731084479],[89.6089546034474,26.7150735505338],[89.60921161252,26.7138457533416],[89.6097256310056,26.7113758789303],[89.6100683050301,26.7103479537673],[89.6102253601841,26.709705505676],[89.6103395895729,26.7093057571855],[89.6105394756576,26.7086204698524],[89.6106536995339,26.708035131028],[89.6108107695196,26.707192802577],[89.6108536114981,26.7066931125141],[89.6109392909664,26.7058793327219],[89.6109963431852,26.7049539997922],[89.6111582228317,26.7049529353259],[89.6120624192456,26.705010063064],[89.6129475754767,26.7050767004481],[89.6132187148901,26.7051337958895],[89.6132015814885,26.7056296163974],[89.6138825380926,26.7073556327866],[89.6143575040462,26.7087156445],[89.6151754377678,26.7113736652426],[89.6157873943822,26.7131056803012],[89.6159203537083,26.7147736859002],[89.6158473210331,26.7161316869216],[89.6156342856965,26.7176136854344],[89.6156302528242,26.7189726878036],[89.6157642226135,26.7202076926426],[89.6165161937982,26.721322709326],[89.6174781674949,26.7223127298839],[89.61836814732,26.7230567485944],[89.6198811256032,26.7238017794672],[89.6210450913031,26.7251018045312],[89.6228350349013,26.7272518433514],[89.6226300287913,26.7275248398426],[89.6224480219716,26.7278248368314],[89.6218710111989,26.7283278264758],[89.6212409966091,26.7289938153795],[89.6208429700748,26.7301298096595],[89.6208577580772,26.7302108300945]]]},"properties":{"compartment":"Tashigaon BL2B"},"id":"comptt.174"},
{"type":"Feature","geometry":{"type":"Polygon","coordinates":[[[89.7768752606381,26.7028658054679],[89.7763462676647,26.7026257946806],[89.7741332831676,26.7021957506497],[89.7723922872269,26.7021937166517],[89.771208277975,26.7026886944758],[89.7700202584219,26.7036096730319],[89.7691482295467,26.7048856584324],[89.7678781844012,26.7068716374094],[89.7666091306556,26.7092126170776],[89.7656550864927,26.7111276020848],[89.7647040371616,26.7132555875528],[89.7633570042183,26.7147445640702],[89.7616139687767,26.7163745331175],[89.7596319201555,26.7185714985677],[89.7591548989279,26.7194934909972],[89.7591538782916,26.7203454925926],[89.7594678534838,26.7213395006109],[89.7600968038378,26.7233285166704],[89.7608037488448,26.7255305346593],[89.7607227129026,26.7270215359041],[89.7604816842355,26.7282275334817],[89.7591336409759,26.730141510768],[89.7576285963335,26.7321274851193],[89.7554885566557,26.7339694467838],[89.7545405519994,26.7342524287916],[89.7534325580669,26.7341084068645],[89.7517725723283,26.7336793736111],[89.7497186012765,26.7326823315862],[89.7490276109571,26.7323493174536],[89.7493469423644,26.7318479827469],[89.7497181453408,26.7312769189218],[89.7499751367376,26.7307819930086],[89.7503558715366,26.7301347892254],[89.7508983996493,26.7293352983156],[89.7512600965681,26.7286024239978],[89.7515456527407,26.7279076282639],[89.7517074648186,26.7273936704538],[89.7517931377655,26.7268511511019],[89.7518502663131,26.7260802107604],[89.7518788323897,26.7254139600587],[89.751793183197,26.7249761375574],[89.7515647638749,26.7245573423027],[89.7513458631469,26.7241956573422],[89.7511745529997,26.7238054232576],[89.7510889010391,26.7234818109725],[89.7510793905152,26.723091580049],[89.7511841031841,26.722558581087],[89.7513935035339,26.722111254332],[89.751574353028,26.7217019870913],[89.7517361632577,26.7212641694244],[89.7519170136736,26.7208168321114],[89.7521359381506,26.720198175218],[89.7522120988094,26.7197508358597],[89.7522311398313,26.7192939753677],[89.752202599119,26.7189132640901],[89.7520598402859,26.7184659204555],[89.7519170846799,26.717885326569],[89.7516410893832,26.7173047300802],[89.7513270118693,26.7168193130277],[89.75118425073,26.7164671495734],[89.7510890813238,26.7160388469049],[89.7510890919266,26.7156010260774],[89.7511652474228,26.7149538163411],[89.751184306739,26.7141543152018],[89.7512890465972,26.7124982041161],[89.7514318348412,26.711317994673],[89.7515841484529,26.7103281357757],[89.751898274591,26.7088052890299],[89.7521362352359,26.7079296520204],[89.7524503680513,26.7061307747515],[89.7527740093222,26.7048077985678],[89.7529929478395,26.7036085605735],[89.7531357382398,26.7027519517405],[89.7533166231958,26.7008769417238],[89.7533071322377,26.6996776892693],[89.7534674086914,26.6989823410822],[89.7531694522089,26.6972123319166],[89.7532474798024,26.6960643312674],[89.7527964985816,26.6953313210779],[89.7512925355999,26.6939452891024],[89.7500735925872,26.69170626108],[89.7497036151656,26.6908082521625],[89.74920864865,26.6894712399768],[89.7491876908498,26.6877282362741],[89.7491537075897,26.6870392343089],[89.7491277193777,26.6865542328853],[89.7498395816406,26.6868058972508],[89.7506485911327,26.6871628337112],[89.7515408778425,26.6876268519995],[89.7519096806577,26.6878885996911],[89.7527067890272,26.6882931260106],[89.7533611391664,26.6886381594323],[89.7540392721279,26.6888642230933],[89.7550862222212,26.6891735741094],[89.7558000553884,26.6893877384451],[89.7566447617061,26.6894591350646],[89.7574775692024,26.6894829513619],[89.7582865835896,26.689637627443],[89.7589290280746,26.6898042002964],[89.7601544474708,26.6901254548205],[89.7609991491869,26.6903872118023],[89.7616534907676,26.6906727651144],[89.762617161922,26.6909464144414],[89.7638306701973,26.6913152588258],[89.765056091324,26.6915651232173],[89.766602733725,26.6917317237208],[89.7682921317695,26.6920648773281],[89.7693747843804,26.6922671588446],[89.7708857339907,26.69255271888],[89.7734674245172,26.6931119403382],[89.7744310979818,26.6932904194891],[89.7757041001594,26.6934927047239],[89.7771079831892,26.6936473924234],[89.7779883785746,26.6937544898138],[89.7787444816565,26.6939686249823],[89.7787444716032,26.6939708249863],[89.7787414288798,26.6957368282985],[89.7772893693737,26.6983338049066],[89.7760783093077,26.7009307862156],[89.7768752606381,26.7028658054679]]]},"properties":{"compartment":"N Rydak BL1"},"id":"comptt.175"},
{"type":"Feature","geometry":{"type":"Polygon","coordinates":[[[89.7231588361623,26.724726797705],[89.7228528510918,26.7249657921755],[89.7228498201401,26.7262437945085],[89.7222937870945,26.7276617863005],[89.7213407583967,26.7289387700722],[89.7201547337354,26.7300717490211],[89.7188087197487,26.7307797240483],[89.7173037079066,26.7314146958319],[89.7159587042428,26.7316966700814],[89.7135077015412,26.7320466228501],[89.7118456969338,26.7323985910365],[89.7103416919554,26.7327505623094],[89.7088366783792,26.7334575342234],[89.7073346631014,26.7342345063251],[89.7071436600636,26.7343785028615],[89.7069818452315,26.7267514855039],[89.7068538706283,26.725715481076],[89.7068109186621,26.7237364765536],[89.7067899575335,26.7221334731606],[89.7067509994226,26.7204074691872],[89.7067490014856,26.72032246899],[89.7073550000299,26.7203234808258],[89.7085290067498,26.7199315030219],[89.709919009789,26.7196705296796],[89.712320034539,26.7184145742248],[89.7146850333486,26.7182336200699],[89.7169590743379,26.7163196609018],[89.7193021271501,26.7139107021506],[89.7222971485587,26.7127357584315],[89.7253971644507,26.7117788171676],[89.7272112012282,26.710083849409],[89.7291042360299,26.7084628833279],[89.7304682585168,26.7074019079668],[89.7321692799257,26.7063529392056],[89.7331383235934,26.7044549545577],[89.734567363062,26.7026859791291],[89.7348623735037,26.702225984023],[89.7361083975978,26.7011100062465],[89.7362693971978,26.7011110093911],[89.7362934349348,26.6995490069221],[89.7407234284015,26.6993920930949],[89.7408634279059,26.6993990958407],[89.7438604169578,26.6995631546494],[89.7441853267749,26.6995394609468],[89.7440367639928,26.7000820190703],[89.7437131390858,26.7007292239738],[89.743427596623,26.7012717394229],[89.7429421718618,26.7019284611852],[89.7425519330972,26.702328204321],[89.7421045817019,26.7028421565569],[89.7417809639338,26.703194310903],[89.7412955357169,26.7039938029332],[89.7410195050736,26.7044601684231],[89.7407053992206,26.705145453582],[89.7404769647801,26.7057641102876],[89.7401247853293,26.7066016749896],[89.7396298364414,26.7074297168856],[89.7391253668838,26.7082863186491],[89.7388969263584,26.7087431650489],[89.738687523484,26.7092952019996],[89.7385447413757,26.7098091601792],[89.7384210022179,26.7101993884977],[89.7381449745673,26.7105420337529],[89.7377166661203,26.7109322561241],[89.7371360689507,26.7112844054498],[89.7363080125899,26.7116270299253],[89.7356512783638,26.711864967549],[89.7350230917672,26.712198075909],[89.7344329750816,26.7125311950121],[89.7338904589764,26.7128357549909],[89.7333003427525,26.7131498240578],[89.732662648944,26.7133687320168],[89.7316347144364,26.7136542424804],[89.7306924415727,26.7138636144736],[89.7298643838333,26.7142633490541],[89.7290839134479,26.7147677847601],[89.7284176555607,26.7151580024817],[89.7275324835778,26.715738576285],[89.7264855026663,26.7162905868743],[89.7254099809005,26.7168806769771],[89.7247532446057,26.7172042747583],[89.7242963766898,26.7175754565316],[89.7238775886844,26.7179466490483],[89.7232017997584,26.7187937274368],[89.7228591448901,26.7194409319565],[89.7225735829722,26.7203736781254],[89.7224879118789,26.7208400473252],[89.7224974177953,26.7214206385975],[89.7226496762298,26.7222962832102],[89.7227258165994,26.7226865154278],[89.7229161516284,26.7232861502678],[89.7229922933807,26.7236192723786],[89.7230969755269,26.7239333650114],[89.7231826261036,26.7243140873971],[89.7231588361623,26.724726797705]]]},"properties":{"compartment":"Bhutanghat BL1"},"id":"comptt.176"},
{"type":"Feature","geometry":{"type":"Polygon","coordinates":[[[89.7071436600636,26.7343785028615],[89.705352631755,26.7357214703681],[89.7032145956176,26.7374214317555],[89.7012335694345,26.7386953954154],[89.6997295610274,26.7391893669454],[89.6978315673482,26.7391143297209],[89.6961715817106,26.7386842964893],[89.6943566084634,26.7377582593119],[89.692144634489,26.7369012145088],[89.6900906532352,26.7363291733227],[89.6884296624465,26.7361121404724],[89.6874016615018,26.7362521206485],[89.6855826435663,26.7371710868106],[89.6837606290812,26.7379480526502],[89.6819376077188,26.7390090189927],[89.6799595919148,26.7398559819105],[89.6776635820359,26.7404899382216],[89.6750545832585,26.7406968876309],[89.6728405920958,26.7405508441086],[89.6711016049606,26.7401918094757],[89.6697596254542,26.7394787819496],[89.669208645724,26.7386967697501],[89.6688176810922,26.7372757595038],[89.6687437277147,26.7353587545395],[89.6681957789326,26.7332987400553],[89.6674898219251,26.7315937231382],[89.6663088712599,26.7296736965526],[89.6639439372341,26.7271836458059],[89.6626039800648,26.7255476166444],[89.6603960370584,26.7234125696261],[89.6602511397579,26.7233154366195],[89.6608366250513,26.7230387275434],[89.6613148985693,26.7228459965278],[89.6617467717666,26.7226711146389],[89.6621144054639,26.7224819514697],[89.6624713305694,26.7222356879867],[89.6627854248273,26.7220286837394],[89.6633350824951,26.7216574937899],[89.6638561896264,26.7213112933287],[89.6642845053388,26.7210329011801],[89.6647841919168,26.7207116903461],[89.66534099784,26.7204118806662],[89.6658763839008,26.7201085105616],[89.6661226561618,26.7199907351532],[89.6662975479892,26.7198979383972],[89.6664688690476,26.7198372616303],[89.6666901589493,26.7198194259176],[89.6669471353961,26.7199407811569],[89.6672469500122,26.7201335273635],[89.6677751823533,26.7203976581606],[89.6683712254825,26.7206225302096],[89.6686746024233,26.7207188963093],[89.6691849986092,26.7208259864702],[89.6696668351228,26.720922366054],[89.6702843008802,26.7210365883187],[89.671051667748,26.7210901433986],[89.6717655064726,26.7210723073023],[89.6726613762312,26.7209938046482],[89.6735037056863,26.7209331509819],[89.6740533550641,26.7209046016605],[89.6753953724625,26.7208796478157],[89.6759307487644,26.7209795884522],[89.6766195944407,26.7210902521049],[89.677404809801,26.7212044776459],[89.6788396244755,26.7212830358046],[89.6811096288891,26.7212902101389],[89.68287993467,26.721290244704],[89.6844289611531,26.721283144936],[89.6851428001451,26.7212545988212],[89.6854426109867,26.7211903645565],[89.6859779921322,26.7210904348255],[89.6864705440712,26.7209619542053],[89.687020206393,26.7208120546606],[89.6875198874513,26.7207192642456],[89.6881837569095,26.7206764471288],[89.6892473735163,26.7207121679625],[89.689939801525,26.720726451509],[89.6906679080663,26.7207978558581],[89.6916530026151,26.7209263653309],[89.6927808568256,26.7210548775917],[89.6944869313936,26.7211120110112],[89.6962358279365,26.7210834951087],[89.6992696314374,26.7210550042973],[89.7005616797604,26.7209979194216],[89.7020250483707,26.7209122878386],[89.7036597393431,26.7207124493889],[89.7048375705339,26.7205482820839],[89.7059440217214,26.7203912633985],[89.7067490014856,26.72032246899],[89.7067509994226,26.7204074691872],[89.7067899575335,26.7221334731606],[89.7068109186621,26.7237364765536],[89.7068538706283,26.725715481076],[89.7069818452315,26.7267514855039],[89.7071436600636,26.7343785028615]]]},"properties":{"compartment":"Hatipota BL1"},"id":"comptt.177"},
{"type":"Feature","geometry":{"type":"Polygon","coordinates":[[[89.6170393268453,26.7384558583767],[89.6166627747172,26.7386177433485],[89.6158897689017,26.738935728827],[89.6147167747696,26.7388117056988],[89.6137817778772,26.7387776873802],[89.6130227792957,26.738795672592],[89.6119797802951,26.7388596523411],[89.6106487727714,26.7393046271515],[89.6091627749294,26.7393655982451],[89.6065127730369,26.739711547122],[89.6049607705177,26.7399725172858],[89.6040047664909,26.7402354990905],[89.6019097577018,26.7408104592139],[89.600982185893,26.7414135129859],[89.6011303281339,26.7408715641042],[89.6013730489498,26.7404004279995],[89.6016014780715,26.7400006817435],[89.6021297454478,26.7392297506767],[89.6026294425481,26.738473089077],[89.6031577002694,26.7376878779835],[89.6038001818592,26.7367313488122],[89.6044141004071,26.735903299313],[89.6051707924075,26.7349182223188],[89.6058418077036,26.7342186641634],[89.6063986070314,26.7341901249822],[89.6073551484923,26.7340331033744],[89.6083545312322,26.7338189625002],[89.6099820855477,26.7334763536584],[89.6113526601478,26.7331480198252],[89.6129231108295,26.7325484194056],[89.6145649492646,26.732034490533],[89.616363831467,26.7313492344168],[89.6173774897103,26.7309066734079],[89.6185053666386,26.7305069547056],[89.6192477593228,26.7303213688638],[89.6201329188944,26.7302499960149],[89.6208577580772,26.7302108300945],[89.6211539280589,26.7318338188053],[89.6220168760497,26.7338948393734],[89.6230978247152,26.7359058641103],[89.618967791595,26.7376887866835],[89.6178637842846,26.7381017658705],[89.6171837788712,26.7383937531185],[89.6170393268453,26.7384558583767]]]},"properties":{"compartment":"Tashigaon BL2A"},"id":"comptt.178"},
{"type":"Feature","geometry":{"type":"Polygon","coordinates":[[[89.600982185893,26.7414135129859],[89.6007377421208,26.7415724376938],[89.5997907295247,26.742188420305],[89.5985107071855,26.7432403971931],[89.5958296708007,26.745014348012],[89.5957646701853,26.7450463467999],[89.5955276827597,26.7445513412871],[89.5949427249431,26.7428693268581],[89.5944867554702,26.7416553157852],[89.5939057906382,26.7402623019528],[89.5928568724575,26.7369902756294],[89.5932809014403,26.7357502816924],[89.5933639356666,26.7343282807732],[89.5924419942959,26.7320002586191],[89.590842069981,26.7290362221004],[89.5889141417921,26.7262651795315],[89.5865021679631,26.7254291309733],[89.5847241799914,26.7251130957156],[89.5845682487324,26.7222880876423],[89.5839703204636,26.7193840708058],[89.5840403821204,26.7168280676218],[89.5836944055885,26.7158930592081],[89.5830964613104,26.7136500435517],[89.584186486944,26.7124790627282],[89.5856075074824,26.7114850886744],[89.5859055526923,26.7095850911021],[89.5856685782041,26.7085540846435],[89.5852146042002,26.7075250739569],[89.5860025671618,26.7073223889624],[89.5876491581736,26.7071130307007],[89.5886485312392,26.7068846197829],[89.5901523553668,26.706561048533],[89.5921511144942,26.7059804964759],[89.5943782935249,26.7053809088384],[89.5955965897406,26.7050002219165],[89.5971860791899,26.7044482119266],[89.5975572721918,26.7042864188758],[89.5980617248673,26.7041246284239],[89.5990135082883,26.703886696559],[89.6003745604779,26.7036582926923],[89.6014691196397,26.7035821739015],[89.6028396737554,26.7036869008172],[89.6038675973301,26.7038487211539],[89.6048860002382,26.7040391013566],[89.6057806727592,26.7042580291978],[89.6069989419592,26.7045816535385],[89.6083314341026,26.7047720398682],[89.6097115161314,26.7049624271268],[89.6109963431852,26.7049539997922],[89.6109392909664,26.7058793327219],[89.6108536114981,26.7066931125141],[89.6108107695196,26.707192802577],[89.6106536995339,26.708035131028],[89.6105394756576,26.7086204698524],[89.6103395895729,26.7093057571855],[89.6102253601841,26.709705505676],[89.6100683050301,26.7103479537673],[89.6097256310056,26.7113758789303],[89.60921161252,26.7138457533416],[89.6089546034474,26.7150735505338],[89.6087832669428,26.7157731084479],[89.6086547627506,26.716372737018],[89.6085262620122,26.7168295853317],[89.608283543625,26.7172007812628],[89.6080122715079,26.7177290169187],[89.6075982397397,26.7182572497889],[89.6072555809056,26.7186569938207],[89.6067987168238,26.7192851660341],[89.6066131062238,26.7197420132325],[89.6064274963143,26.7201703203797],[89.6062276129851,26.7207413875044],[89.6061704924155,26.7211839671842],[89.6061276528471,26.7215837170657],[89.6061561931038,26.7219834683402],[89.6063703329064,26.7223832232366],[89.6067272406321,26.7228543610474],[89.6072697403024,26.7236395930444],[89.6076694786137,26.7240821816403],[89.6079121766178,26.7245533172231],[89.6082119755185,26.7249816338434],[89.6084118367369,26.7253242783595],[89.6085117650894,26.7257954111562],[89.6084974692286,26.7264521420569],[89.6084974560969,26.7269946630313],[89.6084117772993,26.7277798827696],[89.6081404941165,26.7287649792439],[89.6078834967734,26.7295073655609],[89.6076122201558,26.7302212015477],[89.6073409445746,26.7308922074573],[89.6069554523596,26.7318487416497],[89.6067270118575,26.7323055980104],[89.6062701384331,26.7333192409111],[89.6060416972391,26.7338046473227],[89.6058418077036,26.7342186641634],[89.6051707924075,26.7349182223188],[89.6044141004071,26.735903299313],[89.6038001818592,26.7367313488122],[89.6031577002694,26.7376878779835],[89.6026294425481,26.738473089077],[89.6021297454478,26.7392297506767],[89.6016014780715,26.7400006817435],[89.6013730489498,26.7404004279995],[89.6011303281339,26.7408715641042],[89.600982185893,26.7414135129859]]]},"properties":{"compartment":"Tashigaon BL1"},"id":"comptt.179"},
{"type":"Feature","geometry":{"type":"Polygon","coordinates":[[[89.5957646701853,26.7450463467999],[89.5955836704367,26.7450543432796],[89.5934396978773,26.744139299778],[89.590446708275,26.7440142411111],[89.5881607028146,26.7444721972902],[89.5850677023783,26.7448051374882],[89.5814447008618,26.7452370675135],[89.5783561582815,26.7460751390104],[89.5782595880554,26.7456779861048],[89.5780597199623,26.7452068413654],[89.5778598611772,26.7447642566771],[89.5774172974875,26.7441360769204],[89.5769461738685,26.7435078866066],[89.5766178271291,26.7429939192835],[89.5761609858943,26.7422657890718],[89.5754186226263,26.7412378427544],[89.5752044835286,26.7408095378139],[89.5750188988544,26.7401956331018],[89.5747191082654,26.7394246758816],[89.5742337236661,26.7384252946337],[89.5739053724547,26.7376828969076],[89.5735484650914,26.7371974790799],[89.5732486706972,26.7365835721396],[89.5727918342722,26.7360695923114],[89.5721208435617,26.735341467924],[89.5711500449761,26.7345562275847],[89.5708074068847,26.7340993600879],[89.5704933366488,26.7337281533006],[89.5701221527746,26.7330999749438],[89.569693868696,26.7324860654982],[89.5692941335096,26.7319149866858],[89.5688801187039,26.7313296275699],[89.5683661699992,26.7309155868074],[89.5675809716415,26.7301018000446],[89.5668956981988,26.7294878755861],[89.566410305987,26.7288025849024],[89.5659534640496,26.7281030147509],[89.5656536724129,26.7273748876138],[89.5654109920156,26.7265896614903],[89.5653824507405,26.7258187195703],[89.5652825596764,26.7242197147944],[89.5653439085655,26.7217803124204],[89.5669823058463,26.7217237435406],[89.5676003010969,26.7218567558322],[89.569722302879,26.7215657967145],[89.5708713085735,26.7212128185049],[89.5729043033727,26.7212198581787],[89.5739593143103,26.7206598777676],[89.5748313257737,26.7200968937806],[89.5750793398926,26.7194878975384],[89.5757783553638,26.7187769099129],[89.5759423752045,26.7179399116268],[89.5761113967977,26.7170299133085],[89.5767204012675,26.7167829247496],[89.5774134147451,26.7161549371526],[89.5785574311728,26.7153589580539],[89.5788174361663,26.7151259627115],[89.5798714399987,26.7148599827979],[89.5808484384836,26.7148230017893],[89.5830964613104,26.7136500435517],[89.5836944055885,26.7158930592081],[89.5840403821204,26.7168280676218],[89.5839703204636,26.7193840708058],[89.5845682487324,26.7222880876423],[89.5847241799914,26.7251130957156],[89.5865021679631,26.7254291309733],[89.5889141417921,26.7262651795315],[89.590842069981,26.7290362221004],[89.5924419942959,26.7320002586191],[89.5933639356666,26.7343282807732],[89.5932809014403,26.7357502816924],[89.5928568724575,26.7369902756294],[89.5939057906382,26.7402623019528],[89.5944867554702,26.7416553157852],[89.5949427249431,26.7428693268581],[89.5955276827597,26.7445513412871],[89.5957646701853,26.7450463467999]]]},"properties":{"compartment":"Santrabari BL4"},"id":"comptt.180"},
{"type":"Feature","geometry":{"type":"Polygon","coordinates":[[[89.5282970508928,26.7428607158144],[89.5269550335537,26.7433032703939],[89.5257272273112,26.7436887171025],[89.5245565247284,26.7439171246518],[89.5233715525284,26.7441312518976],[89.5221723000199,26.7443596588894],[89.5202449400402,26.7445594916211],[89.5182461892066,26.744802163034],[89.5168899002111,26.7449020667376],[89.5155478832547,26.7449163205711],[89.5126782567048,26.7450733148397],[89.5111934752754,26.745287436234],[89.5101798236924,26.7454587367485],[89.5088092519769,26.7456728603714],[89.5077242109226,26.7458298794678],[89.5069389884182,26.7460154644647],[89.5060538251306,26.746243877585],[89.5051972203886,26.7465294013613],[89.5042943242966,26.7468487545047],[89.5040416042833,26.7460764880264],[89.5030423047894,26.7432686936767],[89.5025426477347,26.7419599816674],[89.5022571412083,26.7410200844741],[89.501864565606,26.7396399844323],[89.5016504386848,26.7382955879343],[89.5014006289727,26.7370701609458],[89.5012221938962,26.7360588757197],[89.5008058390709,26.7338221737382],[89.5006512039295,26.7328108989772],[89.5005560520898,26.7316568551301],[89.5004490243802,26.7299198500459],[89.5004244710289,26.7284072969576],[89.5003827926223,26.7279236942818],[89.5019363265423,26.7276074850629],[89.5032313273487,26.7274385100273],[89.5049813255775,26.7273285439674],[89.5067283252436,26.7271595777472],[89.508800325445,26.7269346177687],[89.5113273272819,26.7265946664652],[89.5129463258536,26.7264846978508],[89.5151473229349,26.7263757405897],[89.5170253180528,26.7263817772286],[89.5186443166565,26.7262708086132],[89.5202623124349,26.7262768401819],[89.5222053102033,26.7261668778881],[89.525053308432,26.7259439330501],[89.5263583064572,26.7258899584103],[89.5263503078803,26.7258319581532],[89.5265699715266,26.726485203576],[89.527055296378,26.7299544690887],[89.527040955271,26.7324814632127],[89.5271122718678,26.7350941191572],[89.5273406650136,26.736593186226],[89.5274976835193,26.7378781015293],[89.5277260611306,26.7396055889968],[89.5280258351019,26.7414758581071],[89.5282970508928,26.7428607158144]]]},"properties":{"compartment":"Raimatong BL4"},"id":"comptt.181"},
{"type":"Feature","geometry":{"type":"Polygon","coordinates":[[[89.545898324291,26.7231293347251],[89.5441502941863,26.7245543031272],[89.540305240369,26.7271762327154],[89.5365511733136,26.7303361650084],[89.5347231325985,26.732208132616],[89.5336940959522,26.7338291153708],[89.5320670164894,26.7372810896512],[89.5321819556374,26.7397830962625],[89.5320558902743,26.7424960985389],[89.5306828302636,26.7451170763144],[89.5294843486947,26.7470411875302],[89.5291535761208,26.7462728784815],[89.5289679931813,26.7455875936641],[89.5286682074424,26.74461676612],[89.528482630378,26.7436887708799],[89.5282970508928,26.7428607158144],[89.5280258351019,26.7414758581071],[89.5277260611306,26.7396055889968],[89.5274976835193,26.7378781015293],[89.5273406650136,26.736593186226],[89.5271122718678,26.7350941191572],[89.527040955271,26.7324814632127],[89.527055296378,26.7299544690887],[89.5265699715266,26.726485203576],[89.5263503078803,26.7258319581532],[89.5269554578252,26.7257713698512],[89.5291112462083,26.7256143616268],[89.5308672835263,26.7255430157548],[89.5326518863009,26.7252432400413],[89.5339225196761,26.7249720043521],[89.5360354819781,26.7246579550181],[89.5377772538319,26.7244010085434],[89.5393619750452,26.7241868890801],[89.5412607858205,26.7239584957184],[89.5430453782659,26.7236729900286],[89.545415336504,26.7230876952307],[89.545898324291,26.7231293347251]]]},"properties":{"compartment":"Raimatang BL5"},"id":"comptt.182"},
{"type":"Feature","geometry":{"type":"Polygon","coordinates":[[[89.4252965689269,26.7509396401919],[89.4248099563151,26.7510960206714],[89.4228679665262,26.7508829824329],[89.4203969830558,26.7504659335358],[89.4187539930503,26.7502299010938],[89.4168330082732,26.7498078629197],[89.4146660350783,26.7489338191953],[89.414062045947,26.7485498067746],[89.4127060678294,26.7477917790645],[89.4110920927816,26.7469347461596],[89.4101701102401,26.7463127271431],[89.4090688848313,26.7457745674468],[89.408803129975,26.7456446993729],[89.4085681333718,26.7455296945989],[89.4057661798192,26.7439126372706],[89.4024552304073,26.7421795698324],[89.4007342517264,26.7414845351242],[89.3996502532863,26.7415375140774],[89.3972212529823,26.7418134671772],[89.3933262538982,26.7421983918754],[89.3900022574364,26.7424133274255],[89.3868732562866,26.7428012670633],[89.3846832566856,26.7430232247337],[89.3847392970938,26.7413462230613],[89.3847533566874,26.7388802192695],[89.3861364026113,26.7368302428473],[89.3900394391495,26.7348943157268],[89.3918784788464,26.7330523485261],[89.3946355160369,26.7312143992191],[89.3975065479535,26.7295824524696],[89.3976235675143,26.7287604533878],[89.397682569124,26.7286874544166],[89.397657570543,26.7286314538366],[89.3982618103857,26.7285724455143],[89.3989042652515,26.7287152282714],[89.3999036291827,26.7288580179843],[89.4005698739869,26.7290008012053],[89.4022592855378,26.7291673944067],[89.4034252084607,26.7293339774063],[89.4049956543525,26.7293340080136],[89.4073988997951,26.7292626747337],[89.4081127396554,26.7291912985276],[89.4091165202257,26.7290592478716],[89.4093145205853,26.729436682359],[89.4091825062332,26.7300446807983],[89.4093484790636,26.7311506858749],[89.4090864567577,26.7321016823511],[89.4089154424813,26.7327106800315],[89.4088674177287,26.7337396808084],[89.4089074029,26.7343486826017],[89.4093673795261,26.7352656930952],[89.4104603286718,26.7372507177081],[89.4110563180949,26.7376237299488],[89.4123533024715,26.7381297560785],[89.4140842822821,26.7387777909078],[89.4159382611204,26.7394528281823],[89.4167412542134,26.7396518441714],[89.4172682467202,26.7399048548693],[89.417453240167,26.7401558588957],[89.4176362289024,26.7406018632087],[89.4177872183983,26.7410198668512],[89.4180642061867,26.7414948730458],[89.4182481949187,26.7419408773787],[89.4184961895312,26.7421368825421],[89.4187391843985,26.7423228875914],[89.4193621696154,26.7428669006492],[89.4198401467186,26.7437619114664],[89.4195031246865,26.744708906477],[89.4193521251041,26.7447079035306],[89.4192321247637,26.7447349012355],[89.4189601222307,26.7448688961548],[89.4185671200133,26.7450028887145],[89.4184761195973,26.7450298869849],[89.4180531154985,26.7452448790947],[89.4175391142743,26.7453508692477],[89.417328112889,26.7454308652664],[89.4171151056058,26.7457548616534],[89.4173550977458,26.7460538668331],[89.4177170954468,26.7461098739866],[89.418290093251,26.74613888521],[89.4184410947929,26.7460588880212],[89.418502097247,26.7459508890305],[89.418653101426,26.7457618916596],[89.4187441031485,26.7456808932991],[89.4189861031709,26.7456538979735],[89.419648096776,26.7458469112067],[89.4197090959637,26.7458739124415],[89.4197690964606,26.7458469135665],[89.419951100535,26.7456589168018],[89.4203441040595,26.745470924152],[89.4203441027529,26.7455249242423],[89.4204940984185,26.7456879274402],[89.4207950969569,26.7457159333573],[89.4209160972706,26.7456899356736],[89.4209760977676,26.7456629367986],[89.4211281019445,26.745473939447],[89.4211891024388,26.7454469405915],[89.421309101473,26.7454739429771],[89.4213690993328,26.7455559442843],[89.4214280952354,26.7457189457076],[89.4215170871402,26.7460439479869],[89.4216370835371,26.7461799505547],[89.4217270800121,26.7463159525375],[89.4219070729863,26.7465869565013],[89.4220260674258,26.7468039591853],[89.4221770643952,26.7469129623127],[89.4224170604553,26.7470499672228],[89.4225370555454,26.7472399698812],[89.4226860472935,26.747564973331],[89.4227740359093,26.7480259758188],[89.4229240322278,26.7481619789721],[89.4230150306842,26.7482159808374],[89.4232860273167,26.7483259863073],[89.4234360255953,26.748380989325],[89.4235270253584,26.7483809910999],[89.4237980252821,26.7483549963423],[89.4241000244718,26.7483560022345],[89.4246430243169,26.7483040127386],[89.424824024475,26.7482780162254],[89.4248840243189,26.7482780173958],[89.4252770252322,26.7481980249272],[89.4254880253124,26.7481720289992],[89.4256390248953,26.7481730319462],[89.4257000260434,26.7481190330455],[89.4259110254703,26.7481200371628],[89.426212022703,26.7482020431713],[89.4263630222861,26.7482030461182],[89.426544021162,26.7482300496938],[89.4270860190264,26.748260060316],[89.427358018295,26.7482610656232],[89.4276590155281,26.7483430716317],[89.4279900106989,26.7485070783631],[89.4282600047215,26.7487250839951],[89.4283500018739,26.7488330859318],[89.4285309981123,26.7489690896904],[89.4288909892631,26.749296097261],[89.4289509858401,26.7494310986579],[89.4289799792063,26.7497020996782],[89.429146971778,26.7499911034205],[89.4289599717074,26.7500140998114],[89.4272929691681,26.7502980677698],[89.4252965689269,26.7509396401919]]]},"properties":{"compartment":"Godamdabri BL1"},"id":"comptt.183"},
{"type":"Feature","geometry":{"type":"Polygon","coordinates":[[[89.5783561582815,26.7460751390104],[89.5780986871407,26.7461450037926],[89.5769586824766,26.7464539820813],[89.575030656534,26.7477219466841],[89.5711746114138,26.7499788753874],[89.5682025670147,26.7521158211325],[89.565557553137,26.7529597709713],[89.5631330970541,26.7538667948691],[89.5627992922924,26.7532776976678],[89.562620845132,26.7527661032795],[89.5624780945122,26.7519808791054],[89.5623710248675,26.7515644662794],[89.5623591678433,26.7497917729177],[89.562561454432,26.7486734248928],[89.5629779049817,26.7465438092629],[89.5630731014585,26.7458537699028],[89.563096925028,26.7448781886448],[89.5631921563668,26.7427485667423],[89.5634182640005,26.7403453169109],[89.563537257615,26.7393578374892],[89.5636681411168,26.7387867690351],[89.56370384111,26.7383703589962],[89.5638109306377,26.7379658503718],[89.5639061096185,26.7375851415569],[89.5639775075061,26.7372520223619],[89.5640251068929,26.7368594125972],[89.5640013248097,26.7361217708296],[89.5638585763968,26.7356577772237],[89.5637396064847,26.735253264187],[89.5635849569491,26.734836850433],[89.5632399484621,26.734396642922],[89.5629068273533,26.7340635158324],[89.5623476653665,26.7337898644366],[89.5620145376344,26.7337303678303],[89.5616695179159,26.7337541611391],[89.5608961926389,26.7340515765721],[89.560325121755,26.7341467455953],[89.5598730263352,26.7340039665205],[89.559373339882,26.7339087766009],[89.5590640164109,26.7336708301448],[89.5588736620679,26.7334566760523],[89.5584691734412,26.7330283574034],[89.5583353351963,26.7325564339595],[89.5583591457914,26.7321162336479],[89.5584305342521,26.7317593144116],[89.5585019195454,26.731533265406],[89.5586922859824,26.7312477286171],[89.5589778304549,26.7310335838114],[89.559251464669,26.7308313387942],[89.5593704478283,26.7306885708641],[89.5594537325158,26.7304863221324],[89.5594061486807,26.7302364707632],[89.5592157946246,26.7300104166501],[89.5589183731379,26.72968919028],[89.5580379888597,26.7291299921157],[89.5575026168135,26.7288563411872],[89.5558727069918,26.7281900682111],[89.5554682040446,26.7279402098787],[89.554528325309,26.7275713808915],[89.5533861976538,26.7271787379171],[89.5527318515869,26.7270835549834],[89.5513993557718,26.7270478289238],[89.550173939403,26.7270240149746],[89.5493530340414,26.7269169187711],[89.5488890377896,26.7268098395307],[89.5485321218464,26.7266789623376],[89.5480681393368,26.726417212826],[89.547746916471,26.7261554660996],[89.5473543155104,26.7258223278555],[89.5469747859935,26.7254494398574],[89.5470807069901,26.7245493102825],[89.5471045236233,26.7238592695353],[89.5471626119867,26.72309599142],[89.5496723169782,26.7230424081898],[89.5497813173353,26.7230164102703],[89.550201318828,26.7229114182787],[89.5532023156313,26.7227344765076],[89.5550503199318,26.7223665119089],[89.5586823158559,26.7221615823982],[89.5628323126581,26.7218676628363],[89.5641648303726,26.7218210781661],[89.5642903102732,26.7218166911889],[89.5653439085655,26.7217803124204],[89.5652825596764,26.7242197147944],[89.5653824507405,26.7258187195703],[89.5654109920156,26.7265896614903],[89.5656536724129,26.7273748876138],[89.5659534640496,26.7281030147509],[89.566410305987,26.7288025849024],[89.5668956981988,26.7294878755861],[89.5675809716415,26.7301018000446],[89.5683661699992,26.7309155868074],[89.5688801187039,26.7313296275699],[89.5692941335096,26.7319149866858],[89.569693868696,26.7324860654982],[89.5701221527746,26.7330999749438],[89.5704933366488,26.7337281533006],[89.5708074068847,26.7340993600879],[89.5711500449761,26.7345562275847],[89.5721208435617,26.735341467924],[89.5727918342722,26.7360695923114],[89.5732486706972,26.7365835721396],[89.5735484650914,26.7371974790799],[89.5739053724547,26.7376828969076],[89.5742337236661,26.7384252946337],[89.5747191082654,26.7394246758816],[89.5750188988544,26.7401956331018],[89.5752044835286,26.7408095378139],[89.5754186226263,26.7412378427544],[89.5761609858943,26.7422657890718],[89.5766178271291,26.7429939192835],[89.5769461738685,26.7435078866066],[89.5774172974875,26.7441360769204],[89.5778598611772,26.7447642566771],[89.5780597199623,26.7452068413654],[89.5782595880554,26.7456779861048],[89.5783561582815,26.7460751390104]]]},"properties":{"compartment":"Santrabari BL3"},"id":"comptt.184"},
{"type":"Feature","geometry":{"type":"Polygon","coordinates":[[[89.5469747859935,26.7254494398574],[89.5469379079888,26.7257628396277],[89.5468784143215,26.7263339094698],[89.5467237271494,26.7270596377263],[89.5464500607743,26.7281779843506],[89.5462834836304,26.7289037123747],[89.5460217224053,26.7298079088548],[89.5457599611794,26.7307120953346],[89.5456409793846,26.73121178389],[89.5454030052187,26.7322349510422],[89.5453791977148,26.7329606818511],[89.5453434681459,26.7341861133043],[89.5454386283272,26.7349951265808],[89.5455456890535,26.7357803600479],[89.5456527478429,26.7362324529306],[89.5457955048145,26.7367559466352],[89.5459858531072,26.7372199411642],[89.5462237784005,26.7378029168307],[89.5466877590961,26.7385524572016],[89.5471755254113,26.7394804583506],[89.547544330088,26.7400753265933],[89.5476989752992,26.7406702006563],[89.5478655161594,26.741443525265],[89.5479130933656,26.7419670071131],[89.5477941034973,26.7427998262532],[89.5476632211486,26.7433233046177],[89.5475204425746,26.7436921124783],[89.5471159200449,26.7442512855637],[89.5467351942865,26.7449413193433],[89.5463663587859,26.7456194633336],[89.5460213258187,26.7461905276004],[89.5457595755243,26.746642623284],[89.545509720878,26.7472731695128],[89.5452836587651,26.747796646018],[89.5452241550825,26.7483677158583],[89.5451527608527,26.7489625855081],[89.5450456713228,26.749367094127],[89.5447839201625,26.7498548798724],[89.5444388886342,26.7503664540333],[89.5441295487455,26.7508066487658],[89.5439391762531,26.7513420259877],[89.5438915722502,26.7519249960805],[89.543951048267,26.7524960682432],[89.5439153445217,26.7530671385475],[89.5438558414119,26.7536144183453],[89.5437606469501,26.7542211775503],[89.5436773579349,26.7546018865915],[89.5435464787504,26.7549944947242],[89.5433680082435,26.7554465920319],[89.5431181561858,26.7559700680706],[89.5429872790185,26.7562793960571],[89.5425470657076,26.7568742585033],[89.5423447964128,26.7572787652623],[89.5422258157562,26.757730853731],[89.5421068353874,26.7581710521788],[89.5419759562012,26.7585636703109],[89.5418569678505,26.7589205786125],[89.5417617897278,26.7592656073582],[89.5416784878275,26.7597652866068],[89.5416533179837,26.7601892559891],[89.5413084420173,26.7600433098669],[89.5409614441234,26.7599923030007],[89.5388234571931,26.75967426069],[89.5353704832135,26.758958192005],[89.5327605333393,26.757160137898],[89.5291245669076,26.7561520651425],[89.5283185718679,26.7560310491941],[89.5254875786107,26.7560469939463],[89.5229776377239,26.7538679411493],[89.5222596571688,26.7531399258659],[89.5221696611744,26.7529839238376],[89.5220376679746,26.7527169207965],[89.5241746821336,26.7519099611116],[89.5270057203189,26.75003901312],[89.5272207281575,26.7496930167142],[89.529045770645,26.7477490489513],[89.5292377777176,26.7474370521552],[89.5294843486947,26.7470411875302],[89.5306828302636,26.7451170763144],[89.5320558902743,26.7424960985389],[89.5321819556374,26.7397830962625],[89.5320670164894,26.7372810896512],[89.5336940959522,26.7338291153708],[89.5347231325985,26.732208132616],[89.5365511733136,26.7303361650084],[89.540305240369,26.7271762327154],[89.5441502941863,26.7245543031272],[89.545898324291,26.7231293347251],[89.5469583223462,26.7231003553509],[89.5471626119867,26.72309599142],[89.5471045236233,26.7238592695353],[89.5470807069901,26.7245493102825],[89.5469747859935,26.7254494398574]]]},"properties":{"compartment":"Santrabari BL1"},"id":"comptt.185"},
{"type":"Feature","geometry":{"type":"Polygon","coordinates":[[[89.4874975514284,26.7611452610484],[89.486552554301,26.7611262425668],[89.4848285601333,26.7610672088091],[89.4824015623387,26.7612321617115],[89.4797745662236,26.7613491106278],[89.4799135946462,26.7601611113088],[89.4802896571698,26.7575401141641],[89.480512694212,26.7559871158593],[89.4817179153896,26.7467251235217],[89.4823280733047,26.74013612414],[89.4824801076409,26.7387011246474],[89.4823713068495,26.7304781084374],[89.4826013506678,26.7286421097777],[89.4826583505224,26.7286421108893],[89.4837353418265,26.7288881323131],[89.4859363321293,26.7290571755248],[89.4886783258718,26.7290272289466],[89.4914663224302,26.7288762830584],[89.4938943209499,26.728682330076],[89.4960517867442,26.7286287711907],[89.495775579876,26.7297694786373],[89.4955614138438,26.7304547556404],[89.4948475366319,26.7320680244944],[89.4942764442523,26.7330531050509],[89.4936625243984,26.7339382545993],[89.4932342137435,26.7344236570799],[89.4930200090197,26.7367079368311],[89.4926630329252,26.739063603919],[89.4922917854987,26.7410623501135],[89.4919062777794,26.7426613453415],[89.4917920300581,26.7442317858124],[89.4917348956667,26.7452454364404],[89.4916634978772,26.7459878263235],[89.4915349771215,26.7468587153128],[89.491392202623,26.747472613582],[89.4913636333635,26.747858083687],[89.4912065813203,26.7483720415056],[89.4910638016598,26.7487860694309],[89.4907068645945,26.7495284537411],[89.4905069868077,26.7498710904292],[89.4903642102578,26.7501566281334],[89.4901357728893,26.7504849842394],[89.489750296612,26.7507847972314],[89.4893219918269,26.7510274892894],[89.4890935579152,26.7512130851499],[89.4890221611834,26.7514986142469],[89.4890649800115,26.7519554758672],[89.4890221342178,26.7526122061588],[89.4888793642099,26.7530405141078],[89.4887651351664,26.7534259825403],[89.4886223586159,26.7537115102438],[89.488422480482,26.7540684269555],[89.4881654907647,26.7544967326747],[89.4878942193554,26.7549964082377],[89.4873516924413,26.7553390382363],[89.4867092295582,26.755938656725],[89.4863665842088,26.7561956304777],[89.4860382039818,26.7566524848516],[89.4858954281222,26.7569094625055],[89.4858240362016,26.757409151969],[89.4857811928247,26.7579659420876],[89.4857811776089,26.7585941231648],[89.4858668283989,26.7589653154734],[89.4861237984051,26.759350801151],[89.4864093269551,26.7597933874841],[89.4867091247768,26.760264524145],[89.4870945837631,26.7606785523805],[89.4874975514284,26.7611452610484]]]},"properties":{"compartment":"Raimatong BL1"},"id":"comptt.186"},
{"type":"Feature","geometry":{"type":"Polygon","coordinates":[[[89.5042943242966,26.7468487545047],[89.5044698715122,26.7473851986451],[89.5048029758939,26.7484083769139],[89.5051122797584,26.7494553447598],[89.5054215888074,26.750288162236],[89.5057546831853,26.7513113405058],[89.5061829627105,26.7525248709633],[89.5065160565091,26.7535718492753],[89.5067063912445,26.7545950247597],[89.5069681173252,26.7551423008153],[89.5072298439817,26.7556657868299],[89.5075391553296,26.756403434144],[89.5077294946727,26.7572362493005],[89.507967419659,26.7578311149745],[89.5080625786653,26.7586877283141],[89.5079911786696,26.7595205383607],[89.5078245871847,26.760424736672],[89.5075390383069,26.7612337424957],[89.5072772834037,26.7618761984957],[89.5064682533481,26.7623758635624],[89.5058257992123,26.7626138014288],[89.5051119592942,26.7626851676134],[89.5044694997719,26.7627327451508],[89.5031693896116,26.7628755700112],[89.5028974717318,26.7628165645998],[89.501301490882,26.7621935323617],[89.4984724939793,26.762362477416],[89.4963464977169,26.7624314360247],[89.4936005150549,26.7620043816756],[89.4909365606329,26.7611970108197],[89.490221548476,26.7609803139454],[89.4880635497173,26.7611562721172],[89.4874975514284,26.7611452610484],[89.4870945837631,26.7606785523805],[89.4867091247768,26.760264524145],[89.4864093269551,26.7597933874841],[89.4861237984051,26.759350801151],[89.4858668283989,26.7589653154734],[89.4857811776089,26.7585941231648],[89.4857811928247,26.7579659420876],[89.4858240362016,26.757409151969],[89.4858954281222,26.7569094625055],[89.4860382039818,26.7566524848516],[89.4863665842088,26.7561956304777],[89.4867092295582,26.755938656725],[89.4873516924413,26.7553390382363],[89.4878942193554,26.7549964082377],[89.4881654907647,26.7544967326747],[89.488422480482,26.7540684269555],[89.4886223586159,26.7537115102438],[89.4887651351664,26.7534259825403],[89.4888793642099,26.7530405141078],[89.4890221342178,26.7526122061588],[89.4890649800115,26.7519554758672],[89.4890221611834,26.7514986142469],[89.4890935579152,26.7512130851499],[89.4893219918269,26.7510274892894],[89.489750296612,26.7507847972314],[89.4901357728893,26.7504849842394],[89.4903642102578,26.7501566281334],[89.4905069868077,26.7498710904292],[89.4907068645945,26.7495284537411],[89.4910638016598,26.7487860694309],[89.4912065813203,26.7483720415056],[89.4913636333635,26.747858083687],[89.491392202623,26.747472613582],[89.4915349771215,26.7468587153128],[89.4916634978772,26.7459878263235],[89.4917348956667,26.7452454364404],[89.4917920300581,26.7442317858124],[89.4919062777794,26.7426613453415],[89.4922917854987,26.7410623501135],[89.4926630329252,26.739063603919],[89.4930200090197,26.7367079368311],[89.4932342137435,26.7344236570799],[89.4936625243984,26.7339382545993],[89.4942764442523,26.7330531050509],[89.4948475366319,26.7320680244944],[89.4955614138438,26.7304547556404],[89.495775579876,26.7297694786373],[89.4960517867442,26.7286287711907],[89.4966313156426,26.7286143833372],[89.4966873164195,26.7285763843639],[89.4972713176943,26.7284623955571],[89.4978543189719,26.7283484067307],[89.4990843199629,26.728178430426],[89.5002513225177,26.7279504527925],[89.5003827926223,26.7279236942818],[89.5004244710289,26.7284072969576],[89.5004490243802,26.7299198500459],[89.5005560520898,26.7316568551301],[89.5006512039295,26.7328108989772],[89.5008058390709,26.7338221737382],[89.5012221938962,26.7360588757197],[89.5014006289727,26.7370701609458],[89.5016504386848,26.7382955879343],[89.501864565606,26.7396399844323],[89.5022571412083,26.7410200844741],[89.5025426477347,26.7419599816674],[89.5030423047894,26.7432686936767],[89.5040416042833,26.7460764880264],[89.5042943242966,26.7468487545047]]]},"properties":{"compartment":"Raimatong BL2"},"id":"comptt.187"},
{"type":"Feature","geometry":{"type":"Polygon","coordinates":[[[89.5520353714922,26.7618455225411],[89.5501023779722,26.7617774846652],[89.5481703555847,26.7629004489007],[89.5460343701177,26.7625214065141],[89.5422844295616,26.7604563296516],[89.5416533179837,26.7601892559891],[89.5416784878275,26.7597652866068],[89.5417617897278,26.7592656073582],[89.5418569678505,26.7589205786125],[89.5419759562012,26.7585636703109],[89.5421068353874,26.7581710521788],[89.5422258157562,26.757730853731],[89.5423447964128,26.7572787652623],[89.5425470657076,26.7568742585033],[89.5429872790185,26.7562793960571],[89.5431181561858,26.7559700680706],[89.5433680082435,26.7554465920319],[89.5435464787504,26.7549944947242],[89.5436773579349,26.7546018865915],[89.5437606469501,26.7542211775503],[89.5438558414119,26.7536144183453],[89.5439153445217,26.7530671385475],[89.543951048267,26.7524960682432],[89.5438915722502,26.7519249960805],[89.5439391762531,26.7513420259877],[89.5441295487455,26.7508066487658],[89.5444388886342,26.7503664540333],[89.5447839201625,26.7498548798724],[89.5450456713228,26.749367094127],[89.5451527608527,26.7489625855081],[89.5452241550825,26.7483677158583],[89.5452836587651,26.747796646018],[89.545509720878,26.7472731695128],[89.5457595755243,26.746642623284],[89.5460213258187,26.7461905276004],[89.5463663587859,26.7456194633336],[89.5467351942865,26.7449413193433],[89.5471159200449,26.7442512855637],[89.5475204425746,26.7436921124783],[89.5476632211486,26.7433233046177],[89.5477941034973,26.7427998262532],[89.5479130933656,26.7419670071131],[89.5478655161594,26.741443525265],[89.5476989752992,26.7406702006563],[89.547544330088,26.7400753265933],[89.5471755254113,26.7394804583506],[89.5466877590961,26.7385524572016],[89.5462237784005,26.7378029168307],[89.5459858531072,26.7372199411642],[89.5457955048145,26.7367559466352],[89.5456527478429,26.7362324529306],[89.5455456890535,26.7357803600479],[89.5454386283272,26.7349951265808],[89.5453434681459,26.7341861133043],[89.5453791977148,26.7329606818511],[89.5454030052187,26.7322349510422],[89.5456409793846,26.73121178389],[89.5457599611794,26.7307120953346],[89.5460217224053,26.7298079088548],[89.5462834836304,26.7289037123747],[89.5464500607743,26.7281779843506],[89.5467237271494,26.7270596377263],[89.5468784143215,26.7263339094698],[89.5469379079888,26.7257628396277],[89.5469747859935,26.7254494398574],[89.5473543155104,26.7258223278555],[89.547746916471,26.7261554660996],[89.5480681393368,26.726417212826],[89.5485321218464,26.7266789623376],[89.5488890377896,26.7268098395307],[89.5493530340414,26.7269169187711],[89.550173939403,26.7270240149746],[89.5513993557718,26.7270478289238],[89.5527318515869,26.7270835549834],[89.5533861976538,26.7271787379171],[89.554528325309,26.7275713808915],[89.5554682040446,26.7279402098787],[89.5558727069918,26.7281900682111],[89.5575026168135,26.7288563411872],[89.5580379888597,26.7291299921157],[89.5589183731379,26.72968919028],[89.5592157946246,26.7300104166501],[89.5594061486807,26.7302364707632],[89.5594537325158,26.7304863221324],[89.5593704478283,26.7306885708641],[89.559251464669,26.7308313387942],[89.5589778304549,26.7310335838114],[89.5586922859824,26.7312477286171],[89.5585019195454,26.731533265406],[89.5584305342521,26.7317593144116],[89.5583591457914,26.7321162336479],[89.5583353351963,26.7325564339595],[89.5584691734412,26.7330283574034],[89.5588736620679,26.7334566760523],[89.5590640164109,26.7336708301448],[89.559373339882,26.7339087766009],[89.5598730263352,26.7340039665205],[89.560325121755,26.7341467455953],[89.5608961926389,26.7340515765721],[89.5616695179159,26.7337541611391],[89.5620145376344,26.7337303678303],[89.5623476653665,26.7337898644366],[89.5629068273533,26.7340635158324],[89.5632399484621,26.734396642922],[89.5635849569491,26.734836850433],[89.5637396064847,26.735253264187],[89.5638585763968,26.7356577772237],[89.5640013248097,26.7361217708296],[89.5640251068929,26.7368594125972],[89.5639775075061,26.7372520223619],[89.5639061096185,26.7375851415569],[89.5638109306377,26.7379658503718],[89.56370384111,26.7383703589962],[89.5636681411168,26.7387867690351],[89.563537257615,26.7393578374892],[89.5634182640005,26.7403453169109],[89.5631921563668,26.7427485667423],[89.563096925028,26.7448781886448],[89.5630731014585,26.7458537699028],[89.5629779049817,26.7465438092629],[89.562561454432,26.7486734248928],[89.5623591678433,26.7497917729177],[89.5623710248675,26.7515644662794],[89.5624780945122,26.7519808791054],[89.562620845132,26.7527661032795],[89.5627992922924,26.7532776976678],[89.5631330970541,26.7538667948691],[89.5626655341127,26.7540417164049],[89.562152501877,26.7554247088275],[89.5636964353646,26.7580107435489],[89.5640404293463,26.7582237506441],[89.5624704288186,26.7584067203019],[89.5604664292285,26.7585956814937],[89.5590674251044,26.7589096547224],[89.5575804189474,26.759316626396],[89.5557144178824,26.7595525903654],[89.554030409216,26.7600835584086],[89.5526253960256,26.7607725321783],[89.5520353714922,26.7618455225411]]]},"properties":{"compartment":"Santrabari BL2"},"id":"comptt.188"},
{"type":"Feature","geometry":{"type":"Polygon","coordinates":[[[89.5220376679746,26.7527169207965],[89.5211036617803,26.7530699031763],[89.5194416353089,26.7543358729293],[89.5169125975115,26.7561598267213],[89.5151675546574,26.7581107960357],[89.5143095067473,26.7601777828666],[89.5132804736838,26.761649765325],[89.5110064410097,26.7632357236671],[89.510824437642,26.7633937203866],[89.5080484408733,26.7635506664499],[89.5065474432749,26.7636086372398],[89.505487451538,26.7633786161438],[89.5031693896116,26.7628755700112],[89.5044694997719,26.7627327451508],[89.5051119592942,26.7626851676134],[89.5058257992123,26.7626138014288],[89.5064682533481,26.7623758635624],[89.5072772834037,26.7618761984957],[89.5075390383069,26.7612337424957],[89.5078245871847,26.760424736672],[89.5079911786696,26.7595205383607],[89.5080625786653,26.7586877283141],[89.507967419659,26.7578311149745],[89.5077294946727,26.7572362493005],[89.5075391553296,26.756403434144],[89.5072298439817,26.7556657868299],[89.5069681173252,26.7551423008153],[89.5067063912445,26.7545950247597],[89.5065160565091,26.7535718492753],[89.5061829627105,26.7525248709633],[89.5057546831853,26.7513113405058],[89.5054215888074,26.750288162236],[89.5051122797584,26.7494553447598],[89.5048029758939,26.7484083769139],[89.5044698715122,26.7473851986451],[89.5042943242966,26.7468487545047],[89.5051972203886,26.7465294013613],[89.5060538251306,26.746243877585],[89.5069389884182,26.7460154644647],[89.5077242109226,26.7458298794678],[89.5088092519769,26.7456728603714],[89.5101798236924,26.7454587367485],[89.5111934752754,26.745287436234],[89.5126782567048,26.7450733148397],[89.5155478832547,26.7449163205711],[89.5168899002111,26.7449020667376],[89.5182461892066,26.744802163034],[89.5202449400402,26.7445594916211],[89.5221723000199,26.7443596588894],[89.5233715525284,26.7441312518976],[89.5245565247284,26.7439171246518],[89.5257272273112,26.7436887171025],[89.5269550335537,26.7433032703939],[89.5282970508928,26.7428607158144],[89.528482630378,26.7436887708799],[89.5286682074424,26.74461676612],[89.5289679931813,26.7455875936641],[89.5291535761208,26.7462728784815],[89.5294843486947,26.7470411875302],[89.5292377777176,26.7474370521552],[89.529045770645,26.7477490489513],[89.5272207281575,26.7496930167142],[89.5270057203189,26.75003901312],[89.5241746821336,26.7519099611116],[89.5220376679746,26.7527169207965]]]},"properties":{"compartment":"Raimatong BL3"},"id":"comptt.189"},
{"type":"Feature","geometry":{"type":"Polygon","coordinates":[[[89.6028515634138,26.7520232344551],[89.6019461838654,26.7521089901704],[89.6011490589028,26.7523945151112],[89.6003757215756,26.7527752106869],[89.5996737711898,26.7532748878697],[89.5989837201983,26.7537983553272],[89.5982341761814,26.7544526918563],[89.5974608319345,26.7551189279411],[89.5969254388329,26.7557137785461],[89.5963305644352,26.7563681280952],[89.595914140752,26.7569748810448],[89.5954620285987,26.7575221431906],[89.5950218149735,26.7581289056749],[89.5946173024141,26.7586880687713],[89.5936496195853,26.7601405124602],[89.5931737082592,26.7610684948193],[89.5928167729852,26.7617347390351],[89.5913414368103,26.7646138653475],[89.5901191702391,26.7662462743761],[89.5900861812819,26.7657942729252],[89.588445191759,26.7655292403866],[89.5861292057731,26.7651871945224],[89.5831112274438,26.7646011345094],[89.5806172490604,26.7639640846475],[89.5772222794354,26.763058016708],[89.5752582947288,26.7626279775746],[89.5731473065351,26.7623569358529],[89.5722798426705,26.7621890490579],[89.572160313615,26.7621659162326],[89.5703523301523,26.7616688800321],[89.5684383506881,26.7610178414903],[89.5661093929822,26.7595117933328],[89.5647024176896,26.758636764304],[89.5646044194118,26.758575762282],[89.5640404293463,26.7582237506441],[89.5636964353646,26.7580107435489],[89.562152501877,26.7554247088275],[89.5626655341127,26.7540417164049],[89.5631330970541,26.7538667948691],[89.565557553137,26.7529597709713],[89.5682025670147,26.7521158211325],[89.5711746114138,26.7499788753874],[89.575030656534,26.7477219466841],[89.5769586824766,26.7464539820813],[89.5780986871407,26.7461450037926],[89.5783561582815,26.7460751390104],[89.5814447008618,26.7452370675135],[89.5850677023783,26.7448051374882],[89.5881607028146,26.7444721972902],[89.590446708275,26.7440142411111],[89.5934396978773,26.744139299778],[89.5955836704367,26.7450543432796],[89.5957646701853,26.7450463467999],[89.5958296708007,26.745014348012],[89.5985107071855,26.7432403971931],[89.5997907295247,26.742188420305],[89.6007377421208,26.7415724376938],[89.600982185893,26.7414135129859],[89.6019097577018,26.7408104592139],[89.6040047664909,26.7402354990905],[89.6049607705177,26.7399725172858],[89.6065127730369,26.739711547122],[89.6091627749294,26.7393655982451],[89.6106487727714,26.7393046271515],[89.6119797802951,26.7388596523411],[89.6130227792957,26.738795672592],[89.6137817778772,26.7387776873802],[89.6147167747696,26.7388117056988],[89.6158897689017,26.738935728827],[89.6166627747172,26.7386177433485],[89.6170393268453,26.7384558583767],[89.6173653536954,26.7394148485042],[89.6176984618447,26.7402833565743],[89.6179006963647,26.7409020216387],[89.6181981103637,26.7415325885834],[89.6185550139289,26.7421750467116],[89.6189119174935,26.7428175148402],[89.6195900424915,26.743781209822],[89.6200540195412,26.7442690097637],[89.6206012840816,26.7448519815042],[89.6212675171784,26.7454825556547],[89.6219337537344,26.7459703595482],[89.6224215298604,26.7464938500207],[89.6228736037668,26.7471125199681],[89.6229568805896,26.7476479025616],[89.6228973682453,26.7485758930747],[89.6226475129959,26.7492302393753],[89.6221834950964,26.7500154517283],[89.6217670831358,26.75055082456],[89.6210770178055,26.7512527523459],[89.6203274729085,26.7519427889477],[89.6196374219039,26.7524662564107],[89.618935469775,26.7530373137268],[89.6178171049139,26.7537630331857],[89.6169128932797,26.754334086549],[89.6160681843848,26.7547861608599],[89.6149022374291,26.7551906488086],[89.6139742473914,26.7552858108494],[89.613165229659,26.7552738950218],[89.612403814983,26.7551311198891],[89.6118684423499,26.7548812589802],[89.6112378934106,26.7544886359554],[89.6107382138623,26.7541079155091],[89.6101433668542,26.7536320130327],[89.6092391797387,26.7531917945779],[89.6082279188488,26.7529181343312],[89.607775821687,26.7528467353713],[89.6071452781345,26.7526444726906],[89.6055986394239,26.7523351119227],[89.6041947692112,26.7520733440298],[89.6030764236859,26.7520019320563],[89.6028515634138,26.7520232344551]]]},"properties":{"compartment":"Tobgaon BL4"},"id":"comptt.190"},
{"type":"Feature","geometry":{"type":"Polygon","coordinates":[[[89.5031693896116,26.7628755700112],[89.5019280321002,26.7633156665318],[89.500062515162,26.7642103116482],[89.4977782105275,26.7654666192084],[89.4967693078721,26.7660947805895],[89.4966754284081,26.7663013067079],[89.4958365662438,26.7658473019494],[89.4949418995933,26.7653904236929],[89.4946373377496,26.7650858472218],[89.4941043455652,26.7648193363558],[89.4936094314388,26.7646289663646],[89.4933238967789,26.7644386104618],[89.4929051275323,26.7640388515976],[89.4923911749856,26.7633725904169],[89.4919152986518,26.7628586102418],[89.4912871410071,26.7620019965051],[89.4910777621483,26.7615641716648],[89.4909365606329,26.7611970108197],[89.4936005150549,26.7620043816756],[89.4963464977169,26.7624314360247],[89.4984724939793,26.762362477416],[89.501301490882,26.7621935323617],[89.5028974717318,26.7628165645998],[89.5031693896116,26.7628755700112]]]},"properties":{"compartment":"Raimatang BL2"},"id":"comptt.191"},
{"type":"Feature","geometry":{"type":"Polygon","coordinates":[[[89.4090688848313,26.7457745674468],[89.4083022195722,26.7461288404104],[89.4078168030129,26.7464524414827],[89.4070077826952,26.7469663865607],[89.4065033231925,26.7474137174669],[89.4058275397631,26.7480418853324],[89.405542001069,26.7484321104124],[89.4053135626861,26.7488032965744],[89.4052564466175,26.7490602858877],[89.4052278884017,26.7494029259003],[89.4052469016366,26.7505069981062],[89.4052183304263,26.7509733683241],[89.4051707306471,26.751382638076],[89.4050755509925,26.7517919068998],[89.4049327696197,26.7522773149217],[89.4047328788572,26.7527436817979],[89.4044758852493,26.7533337877657],[89.4042474450216,26.7537811240532],[89.4039619031006,26.7543045993532],[89.4036573205384,26.7548566243289],[89.4032765877146,26.7554276878507],[89.4027055021645,26.7561319978803],[89.4021629674609,26.7567982384031],[89.4017156236593,26.7574168907035],[89.4013729641906,26.7578451947297],[89.4010493505249,26.7584448094116],[89.4008780219887,26.7588160066853],[89.4007447617399,26.7592538248119],[89.400573429978,26.7597582623063],[89.400449679934,26.7601865706026],[89.4004401549816,26.7608052314431],[89.4004686931549,26.761290642805],[89.4005733808977,26.7617855656685],[89.4008208294175,26.7622329112386],[89.401049241765,26.7629372368637],[89.4012586210753,26.7633560316439],[89.4014679957764,26.76396517674],[89.4015631612376,26.7645552895762],[89.4017535036828,26.7652596144592],[89.4019248075604,26.765906828876],[89.4020961086713,26.7666682634826],[89.4023435528088,26.767296449354],[89.4025910041797,26.7680388454153],[89.4026671250774,26.7688193081966],[89.4026879338284,26.76928149937],[89.4022003750024,26.7688729791769],[89.4018434642379,26.768530331643],[89.4015151002865,26.7683161748796],[89.4013152335776,26.7682019507897],[89.4007156131045,26.7678735785436],[89.400144557743,26.7673310465],[89.3994592951013,26.7666885820625],[89.3985432142185,26.7659985130429],[89.3977580112628,26.7653798366962],[89.3972107501914,26.7650704955054],[89.3965563947922,26.7649515125406],[89.3956522103384,26.7648206246816],[89.3948669973006,26.7646183590261],[89.3942840325792,26.7644636773957],[89.3938795259479,26.7643684893458],[89.3933084655162,26.7640353576528],[89.3926898180906,26.7635832448349],[89.3921425524932,26.7630478532723],[89.3911908000579,26.762012772993],[89.3908814821053,26.7615487661918],[89.3905483776712,26.7609419986907],[89.3900487056914,26.7602519378029],[89.3897037007116,26.7596689701097],[89.3893943856375,26.759085993113],[89.3889660914523,26.7584792237563],[89.3885735006283,26.7577296848606],[89.3884188499624,26.7573608612351],[89.3882523001914,26.7569563473187],[89.3880024658225,26.7563376814243],[89.3877407348621,26.7559926557499],[89.3874671053727,26.7555881397451],[89.3873243546745,26.7552193163522],[89.3872172884885,26.7546601433412],[89.3870745280776,26.7542794299286],[89.3869674793764,26.7534109164077],[89.3869317881071,26.7530539951228],[89.3868247373891,26.7522687717393],[89.3864797326915,26.7516739040297],[89.3860395525623,26.7509005641698],[89.3855636719506,26.7501510236536],[89.3851234860633,26.7496156341869],[89.3844701113911,26.749053230519],[89.3844791174396,26.7488022302808],[89.3846022005213,26.7453542269965],[89.3846832566856,26.7430232247337],[89.3868732562866,26.7428012670633],[89.3900022574364,26.7424133274255],[89.3933262538982,26.7421983918754],[89.3972212529823,26.7418134671772],[89.3996502532863,26.7415375140774],[89.4007342517264,26.7414845351242],[89.4024552304073,26.7421795698324],[89.4057661798192,26.7439126372706],[89.4085681333718,26.7455296945989],[89.408803129975,26.7456446993729],[89.4090688848313,26.7457745674468]]]},"properties":{"compartment":"Barnabari BL4"},"id":"comptt.192"},
{"type":"Feature","geometry":{"type":"Polygon","coordinates":[[[89.4077675248732,26.7707527209507],[89.4065975554002,26.7708575382905],[89.4057266811419,26.7707147510561],[89.405298376069,26.7705577024359],[89.4045131653908,26.770257876613],[89.4039992122721,26.7700294362029],[89.4031711730899,26.76967249945],[89.4027286028964,26.7693155702203],[89.4026879338284,26.76928149937],[89.4026671250774,26.7688193081966],[89.4025910041797,26.7680388454153],[89.4023435528088,26.767296449354],[89.4020961086713,26.7666682634826],[89.4019248075604,26.765906828876],[89.4017535036828,26.7652596144592],[89.4015631612376,26.7645552895762],[89.4014679957764,26.76396517674],[89.4012586210753,26.7633560316439],[89.401049241765,26.7629372368637],[89.4008208294175,26.7622329112386],[89.4005733808977,26.7617855656685],[89.4004686931549,26.761290642805],[89.4004401549816,26.7608052314431],[89.400449679934,26.7601865706026],[89.400573429978,26.7597582623063],[89.4007447617399,26.7592538248119],[89.4008780219887,26.7588160066853],[89.4010493505249,26.7584448094116],[89.4013729641906,26.7578451947297],[89.4017156236593,26.7574168907035],[89.4021629674609,26.7567982384031],[89.4027055021645,26.7561319978803],[89.4032765877146,26.7554276878507],[89.4036573205384,26.7548566243289],[89.4039619031006,26.7543045993532],[89.4042474450216,26.7537811240532],[89.4044758852493,26.7533337877657],[89.4047328788572,26.7527436817979],[89.4049327696197,26.7522773149217],[89.4050755509925,26.7517919068998],[89.4051707306471,26.751382638076],[89.4052183304263,26.7509733683241],[89.4052469016366,26.7505069981062],[89.4052278884017,26.7494029259003],[89.4052564466175,26.7490602858877],[89.4053135626861,26.7488032965744],[89.405542001069,26.7484321104124],[89.4058275397631,26.7480418853324],[89.4065033231925,26.7474137174669],[89.4070077826952,26.7469663865607],[89.4078168030129,26.7464524414827],[89.4083022195722,26.7461288404104],[89.4090688848313,26.7457745674468],[89.4101701102401,26.7463127271431],[89.4110920927816,26.7469347461596],[89.4127060678294,26.7477917790645],[89.414062045947,26.7485498067746],[89.4146660350783,26.7489338191953],[89.4125350051696,26.7503997800757],[89.411542932038,26.7535287659397],[89.4117338824773,26.7555557730423],[89.4105818424028,26.7573357535332],[89.4102568048104,26.7589237498367],[89.409456767611,26.76054673693],[89.4082437426525,26.7617087151966],[89.4076197201224,26.7627067046813],[89.4066256937421,26.7639036872763],[89.40558168023,26.7645746680203],[89.4045686604135,26.7655026497952],[89.4047156299988,26.7667426547235],[89.4055055920834,26.768222672599],[89.4061095461025,26.7700556874328],[89.4062895437897,26.7701316910721],[89.4077675248732,26.7707527209507]]]},"properties":{"compartment":"Barnabari BL3"},"id":"comptt.193"},
{"type":"Feature","geometry":{"type":"Polygon","coordinates":[[[89.4368982777805,26.7695607475621],[89.4355594772932,26.7705498230912],[89.4346885829522,26.7712350872424],[89.4344316167642,26.770692571314],[89.4340889839117,26.7700215534975],[89.4338320166854,26.7695218576413],[89.4334180015963,26.7689507786],[89.433161035407,26.7684082526724],[89.4328326928611,26.767722965112],[89.4324329639586,26.7668949059187],[89.4320475205511,26.7658384166209],[89.4316763412268,26.7650246280096],[89.4313908189126,26.7643250612624],[89.4311909618801,26.7638110964989],[89.4307912326279,26.7629973073314],[89.4305770980518,26.7623834021219],[89.4303201373899,26.7616124458132],[89.4300346171469,26.7608272189235],[89.4299061426922,26.7601990353621],[89.4296777340277,26.7593424294676],[89.4294921535227,26.7585572045287],[89.4292351932025,26.7577719681972],[89.4290210600048,26.7571009628933],[89.4286070552761,26.756101573139],[89.4284785728683,26.7558017601293],[89.4282358804119,26.7555162149153],[89.4280502891893,26.7551735707198],[89.4279360884719,26.7548023778692],[89.4278218760267,26.7545025551381],[89.4277362217788,26.754274133084],[89.4276220203701,26.7539314802813],[89.4273507728254,26.7534460641757],[89.4271794653659,26.7529463799959],[89.4269653217976,26.7527036654114],[89.4266369543795,26.7526322788859],[89.4260658896666,26.7524752174822],[89.4257518063581,26.7522325109484],[89.425466288504,26.7517613745892],[89.4254091876367,26.7513901728534],[89.4252965689269,26.7509396401919],[89.4272929691681,26.7502980677698],[89.4289599717074,26.7500140998114],[89.429146971778,26.7499911034205],[89.4293089645564,26.750272107052],[89.4290059601162,26.7504881015038],[89.4290959559374,26.7506511035328],[89.4292149516832,26.7508141061276],[89.4292149471088,26.7510031064446],[89.4292129392481,26.7513281069508],[89.4293619309705,26.7516541104043],[89.4292399227921,26.7520051086132],[89.4292389214877,26.7520591086842],[89.4292689201027,26.7521131093601],[89.4295089109105,26.7524671146359],[89.4298099061829,26.7526301207815],[89.4301409020066,26.7527671274688],[89.4302908976714,26.7529301306686],[89.4306518921101,26.7531211380319],[89.4308328903085,26.7531761416553],[89.4311938860544,26.7533131489281],[89.4314948813269,26.7534761550741],[89.4317948759243,26.7536671612476],[89.4319758734692,26.7537491649166],[89.4322768706782,26.7538321709284],[89.4323978684032,26.7539131734251],[89.4326678630785,26.7541041790136],[89.4329988556346,26.7543761859284],[89.4331478486874,26.7546471892907],[89.4332678431227,26.7548641919966],[89.4335688390247,26.7550011980994],[89.434047821997,26.7556532085409],[89.4341078198802,26.7557342098477],[89.4341068146293,26.7559512101929],[89.433984809063,26.7561942082209],[89.433983803812,26.756411208566],[89.4339828005461,26.7565462087734],[89.4339817959487,26.7567362090732],[89.4339517934119,26.7568442086693],[89.4339507914534,26.7569252087859],[89.434040787927,26.7570612107706],[89.4343407759624,26.7575232174008],[89.434551774761,26.7575502215633],[89.4346117739273,26.7575782227811],[89.4346717711567,26.7576862241334],[89.4347317696935,26.7577402253949],[89.4351247725474,26.7575802327945],[89.4351537692035,26.7577152335873],[89.4352427604255,26.7580682359174],[89.4352717544665,26.7583112368919],[89.4352717524811,26.7583932370298],[89.4352707505224,26.7584742371465],[89.4352397466803,26.7586362368139],[89.4351787428918,26.7587992358977],[89.4350797379913,26.759012234324],[89.4351777388266,26.7589672361606],[89.4352867408924,26.7588702381245],[89.4353807446921,26.758703239678],[89.4356117457391,26.7586352440712],[89.4356747439048,26.7587042454167],[89.4357667385812,26.758914247565],[89.435888733204,26.7591232502972],[89.4360107284803,26.759305252984],[89.4361647203321,26.7596252565274],[89.4362097154934,26.7598202577335],[89.4362417126983,26.7599322585463],[89.436393708599,26.7600852617699],[89.4365937026557,26.7603092660495],[89.4366706963777,26.7605602679744],[89.4367776890048,26.7608532705555],[89.4367606819777,26.7611452707149],[89.436838679741,26.7612292723784],[89.4370386748147,26.7614112765877],[89.4372386688711,26.7616352808678],[89.4373456625391,26.7618852833766],[89.4373746566758,26.7621242843447],[89.4373556501861,26.7623942844283],[89.4372016470013,26.7625422816718],[89.4373856377325,26.7629052858736],[89.4373676321845,26.7631362859111],[89.4374106223125,26.7635392874284],[89.4374296164504,26.7637792882031],[89.4374286100589,26.7640432886278],[89.4374196043419,26.7642802888509],[89.4374105957668,26.7646352892727],[89.4372365821213,26.7652172868558],[89.4372195746808,26.7655262870439],[89.4370815620799,26.7660612852506],[89.4370695520583,26.7664762857146],[89.4370575427149,26.7668632861315],[89.4370195275522,26.7674932864497],[89.4370225213671,26.7677482869372],[89.4370755054587,26.7683992890671],[89.4369184896104,26.7690702871312],[89.4369044814096,26.76941028743],[89.4368982777805,26.7695607475621]]]},"properties":{"compartment":"Bhutri BL5"},"id":"comptt.194"},
{"type":"Feature","geometry":{"type":"Polygon","coordinates":[[[89.4241070908549,26.7732836041127],[89.4229316442086,26.7732716811465],[89.4220750350019,26.7733311545239],[89.4210518756541,26.77341441469],[89.4202666471274,26.7734381894013],[89.4196598887116,26.7734381775568],[89.4187319040176,26.773319189243],[89.4175183906468,26.7731763953162],[89.4166617863442,26.7730336183566],[89.4157813915281,26.7729146209726],[89.4151151452877,26.7728313278286],[89.4146987486825,26.7727361395419],[89.4140325056132,26.7725219761799],[89.4133067724115,26.7723197116769],[89.4127238097015,26.7720817499013],[89.4121765471862,26.771831898803],[89.4115935838999,26.7716177370675],[89.4108559613069,26.7713916722937],[89.4104276581926,26.7711537135377],[89.4098684919626,26.7710585224655],[89.4092260359507,26.7709633397677],[89.4077675248732,26.7707527209507],[89.4062895437897,26.7701316910721],[89.4061095461025,26.7700556874328],[89.4055055920834,26.768222672599],[89.4047156299988,26.7667426547235],[89.4045686604135,26.7655026497952],[89.40558168023,26.7645746680203],[89.4066256937421,26.7639036872763],[89.4076197201224,26.7627067046813],[89.4082437426525,26.7617087151966],[89.409456767611,26.76054673693],[89.4102568048104,26.7589237498367],[89.4105818424028,26.7573357535332],[89.4117338824773,26.7555557730423],[89.411542932038,26.7535287659397],[89.4125350051696,26.7503997800757],[89.4146660350783,26.7489338191953],[89.4168330082732,26.7498078629197],[89.4187539930503,26.7502299010938],[89.4203969830558,26.7504659335358],[89.4228679665262,26.7508829824329],[89.4248099563151,26.7510960206714],[89.4252965689269,26.7509396401919],[89.4254091876367,26.7513901728534],[89.425466288504,26.7517613745892],[89.4257518063581,26.7522325109484],[89.4260658896666,26.7524752174822],[89.4266369543795,26.7526322788859],[89.4269653217976,26.7527036654114],[89.4271794653659,26.7529463799959],[89.4273507728254,26.7534460641757],[89.4276220203701,26.7539314802813],[89.4277362217788,26.754274133084],[89.4278218760267,26.7545025551381],[89.4279360884719,26.7548023778692],[89.4280502891893,26.7551735707198],[89.4282358804119,26.7555162149153],[89.4284785728683,26.7558017601293],[89.4286070552761,26.756101573139],[89.4290210600048,26.7571009628933],[89.4292351932025,26.7577719681972],[89.4294921535227,26.7585572045287],[89.4296777340277,26.7593424294676],[89.4299061426922,26.7601990353621],[89.4300346171469,26.7608272189235],[89.4303201373899,26.7616124458132],[89.4305770980518,26.7623834021219],[89.4307912326279,26.7629973073314],[89.4311909618801,26.7638110964989],[89.4313908189126,26.7643250612624],[89.4316763412268,26.7650246280096],[89.4320475205511,26.7658384166209],[89.4324329639586,26.7668949059187],[89.4328326928611,26.767722965112],[89.433161035407,26.7684082526724],[89.4334180015963,26.7689507786],[89.4338320166854,26.7695218576413],[89.4340889839117,26.7700215534975],[89.4344316167642,26.770692571314],[89.4346885829522,26.7712350872424],[89.4342174358743,26.7715777286209],[89.4337177499087,26.77187752937],[89.4333037144123,26.772148781743],[89.4325042154532,26.7721915962072],[89.4318332068524,26.7722058531318],[89.4314049065827,26.7722629548665],[89.4311193738662,26.772405719532],[89.4307196179878,26.7726912422074],[89.4301913748652,26.7728768322065],[89.429734511557,26.7730624235991],[89.4287351420828,26.773148064233],[89.4280641338301,26.7731480511336],[89.4272360842572,26.7732194150881],[89.4262938167119,26.7732193966934],[89.4255514289923,26.7732051121769],[89.4249089706668,26.773205099635],[89.4241070908549,26.7732836041127]]]},"properties":{"compartment":"Bhutri BL4"},"id":"comptt.195"},
{"type":"Feature","geometry":{"type":"Polygon","coordinates":[[[89.5513278989909,26.7672943784451],[89.5505901668619,26.7675481043362],[89.5499417627147,26.7677860320871],[89.5486925340137,26.7682737985386],[89.5479489475094,26.7686188046175],[89.5465985856018,26.7692493393428],[89.5454683368944,26.7697252080963],[89.5447306993674,26.7701118543633],[89.5435647494527,26.7706412625123],[89.5424820907724,26.7711111921837],[89.5416433222025,26.7715513765675],[89.5404059884307,26.7722473436118],[89.5393352179921,26.7727886536387],[89.5383596271712,26.7733359055352],[89.5378182918953,26.7736095354371],[89.5372353138392,26.7740021347333],[89.5365155291566,26.7742698111377],[89.535754096166,26.774472056614],[89.5347368735309,26.7746861871131],[89.5340884715558,26.774834884704],[89.5329165795998,26.77503712216],[89.5320897177864,26.7751977162847],[89.5313937263652,26.7753285729144],[89.5309184931714,26.7753722844685],[89.5308333657255,26.775000791394],[89.5307501026693,26.7743107485634],[89.5306787505455,26.7731686051768],[89.5305835803056,26.7727759926326],[89.5303932331901,26.7722643980214],[89.53010771891,26.7716457313644],[89.5298816787105,26.7712650162846],[89.5295485664728,26.7709794692791],[89.529215441639,26.7708010024602],[89.5289180170035,26.770610646318],[89.5282636804789,26.7701228426853],[89.5278948677542,26.7698610950246],[89.5275141639059,26.7696469272145],[89.5270025818293,26.7693732867445],[89.5264791086293,26.7691472261252],[89.5259080429538,26.7690282347631],[89.5251228289721,26.768861659135],[89.5238379262517,26.7686950737468],[89.5229456319648,26.7685522860693],[89.5220771405024,26.7682905286501],[89.5217321251227,26.7681358616421],[89.5212919305604,26.7679573927338],[89.5206375762507,26.7677908196634],[89.5199832304994,26.7676837266966],[89.5175204970126,26.7676717785747],[89.5162474902322,26.7676717537111],[89.5152481098767,26.7677907143983],[89.5138442299697,26.7679334472264],[89.512963829315,26.7680524102374],[89.5124403489106,26.7681237801371],[89.5117384069399,26.7682784266953],[89.5112625181456,26.7682784174007],[89.5106438579831,26.7683497954413],[89.5098943258456,26.7685163410906],[89.50941843388,26.7686472020225],[89.5090615121894,26.7687542752368],[89.5081834938973,26.7687756681253],[89.5077980169515,26.7686900004485],[89.5074696577846,26.7686899940354],[89.5069842493624,26.7686757045304],[89.5063560702643,26.768704252311],[89.5058278295288,26.7687899021423],[89.5050140474423,26.7689612065448],[89.504642857693,26.7689897493446],[89.5038433586854,26.769032563804],[89.5034150608116,26.7689897253652],[89.5028011537555,26.7689326132769],[89.5022300855529,26.7689183220993],[89.5011736089305,26.768889751417],[89.5005955398495,26.7689114401945],[89.5003479455622,26.7687027449695],[89.4999101342885,26.7683886458776],[89.4984824756828,26.7676557467335],[89.4977972075764,26.7672369426296],[89.4972071027689,26.7670846508435],[89.4968834954382,26.767008494393],[89.4966741064324,26.7669894602712],[89.496578931288,26.7667990980848],[89.4965789382077,26.7665135675932],[89.4966754284081,26.7663013067079],[89.4967693078721,26.7660947805895],[89.4977782105275,26.7654666192084],[89.500062515162,26.7642103116482],[89.5019280321002,26.7633156665318],[89.5031693896116,26.7628755700112],[89.505487451538,26.7633786161438],[89.5065474432749,26.7636086372398],[89.5080484408733,26.7635506664499],[89.510824437642,26.7633937203866],[89.5110064410097,26.7632357236671],[89.5132804736838,26.761649765325],[89.5143095067473,26.7601777828666],[89.5151675546574,26.7581107960357],[89.5169125975115,26.7561598267213],[89.5194416353089,26.7543358729293],[89.5211036617803,26.7530699031763],[89.5220376679746,26.7527169207965],[89.5221696611744,26.7529839238376],[89.5222596571688,26.7531399258659],[89.5229776377239,26.7538679411493],[89.5254875786107,26.7560469939463],[89.5283185718679,26.7560310491941],[89.5291245669076,26.7561520651425],[89.5327605333393,26.757160137898],[89.5353704832135,26.758958192005],[89.5388234571931,26.75967426069],[89.5409614441234,26.7599923030007],[89.5413084420173,26.7600433098669],[89.5416533179837,26.7601892559891],[89.5422844295616,26.7604563296516],[89.5460343701177,26.7625214065141],[89.5481703555847,26.7629004489007],[89.5501023779722,26.7617774846652],[89.5520353714922,26.7618455225411],[89.5515113660149,26.7621255127982],[89.5510292899642,26.7653125089849],[89.5513212436554,26.7671925179936],[89.5513278989909,26.7672943784451]]]},"properties":{"compartment":"Ama BL4"},"id":"comptt.196"},
{"type":"Feature","geometry":{"type":"Polygon","coordinates":[[[89.6384939724721,26.7464248738553],[89.6399065223281,26.7467022119537],[89.6409725076519,26.7472012336855],[89.6415044955781,26.7476462448874],[89.6421364853949,26.7480032578834],[89.6434804769061,26.7482192845338],[89.6441084529895,26.749143298484],[89.6447384187164,26.750494313251],[89.6448153927123,26.7515593166933],[89.6447303550494,26.7531213178745],[89.6448833116429,26.754896324094],[89.6451132663245,26.7567423319477],[89.6456622133177,26.7588733465553],[89.6467621623916,26.7608633716774],[89.6474681141362,26.7627823889717],[89.6487300713968,26.7644184166212],[89.6503840259598,26.7661264520684],[89.6515669902968,26.7674784776618],[89.6525129535062,26.7689004987513],[89.6529029146349,26.7704635092285],[89.6528988836536,26.7717405114803],[89.6526598601069,26.7727345086204],[89.6523378178274,26.77450850556],[89.6516227937537,26.7755714935164],[89.6501167733651,26.7765614658692],[89.6486107615957,26.7771964375738],[89.6471067549939,26.7776184089287],[89.645921752743,26.7778293861377],[89.6444937356186,26.7786773597531],[89.6436207188242,26.7794563440961],[89.6424306924808,26.780660323011],[89.640686667507,26.7818632910867],[89.6399182330834,26.7817104757795],[89.6393852392309,26.7815105949919],[89.6387475581751,26.7812060119669],[89.6380337279978,26.780872867401],[89.6372342481958,26.7801209404006],[89.6367774040945,26.7795117903607],[89.6364347780977,26.7789692626759],[89.6359684277151,26.7782078321747],[89.6355401383947,26.777398802332],[89.6351118590736,26.7765897724899],[89.6345598542105,26.7756094299185],[89.6343409488343,26.7750288345855],[89.6342743421631,26.7744863122997],[89.6342838857006,26.7735154907264],[89.634331485517,26.7731062209152],[89.6344361888896,26.7725446719444],[89.6347217450557,26.7718498762677],[89.6352071707355,26.7711550744985],[89.6354451168545,26.7708790686501],[89.6356450049138,26.7705269119194],[89.6357782672918,26.7700034335752],[89.6358258763441,26.7692134430731],[89.6358354224155,26.7681379313089],[89.6357783850574,26.7651493247728],[89.6357593654211,26.7643117428818],[89.6358640723238,26.7640166943933],[89.6360258777023,26.7637787571244],[89.6362638349739,26.7634551511885],[89.6366445560541,26.762960227732],[89.6369205839255,26.7626080724882],[89.6371299817278,26.7622654359591],[89.6373869717229,26.7618276201875],[89.6375487901022,26.7614659426938],[89.6376534883892,26.7611137841009],[89.63768205663,26.7607711440373],[89.6376344725164,26.7605331926753],[89.6375393003649,26.7602191002451],[89.6373679877054,26.7599335663788],[89.637072945808,26.7596289900597],[89.6366636885732,26.7591435711806],[89.636359126468,26.758848504693],[89.6361307055626,26.7584963395901],[89.6359593965955,26.758058515448],[89.6358832692433,26.7575445530279],[89.6359118281749,26.7571733529127],[89.6359784558598,26.7568497536276],[89.6361022084832,26.756316755079],[89.6363020881523,26.7558979682251],[89.6365495597824,26.7553935321456],[89.6367399283204,26.755022335192],[89.6371682538182,26.7539277915752],[89.637377671078,26.7531949143369],[89.6375870764911,26.7525381872365],[89.6377584101503,26.7519575995302],[89.637815535009,26.7513389395233],[89.637815544007,26.7509677488496],[89.6377298927513,26.7506155865368],[89.6375966529952,26.7502063131907],[89.6374729320622,26.7498446301169],[89.6373777714411,26.7490546468238],[89.6374158551903,26.7484835765312],[89.6374920046945,26.7480838272932],[89.6376538160668,26.7475984195732],[89.6379203260317,26.7471606039848],[89.6384939724721,26.7464248738553]]]},"properties":{"compartment":"Tobgaon BL3"},"id":"comptt.197"},
{"type":"Feature","geometry":{"type":"Polygon","coordinates":[[[89.5575381882678,26.7828529570481],[89.5562770814188,26.7828529323969],[89.5548018153952,26.7828410035389],[89.5532432678497,26.7829004631788],[89.5522439012161,26.7828647535817],[89.5512564265747,26.7827457540709],[89.5505901905521,26.7826505608811],[89.5495194404504,26.7823531094296],[89.548746123357,26.7819009935204],[89.5471757057662,26.7811395414896],[89.5468877099446,26.7809403552692],[89.5470499432801,26.7800184570639],[89.5487730062819,26.7772434858656],[89.5489420116562,26.7770044887485],[89.5498040374171,26.7758535035721],[89.5516990926566,26.7733805362564],[89.5516851129182,26.7725465345167],[89.5516621440899,26.771263531812],[89.5514461956985,26.7691575238897],[89.5513442350635,26.7675445190617],[89.5513278989909,26.7672943784451],[89.5513212436554,26.7671925179936],[89.5510292899642,26.7653125089849],[89.5515113660149,26.7621255127982],[89.5520353714922,26.7618455225411],[89.5526253960256,26.7607725321783],[89.554030409216,26.7600835584086],[89.5557144178824,26.7595525903654],[89.5575804189474,26.759316626396],[89.5590674251044,26.7589096547224],[89.5604664292285,26.7585956814937],[89.5624704288186,26.7584067203019],[89.5640404293463,26.7582237506441],[89.5646044194118,26.758575762282],[89.5647024176896,26.758636764304],[89.5661093929822,26.7595117933328],[89.5684383506881,26.7610178414903],[89.5703523301523,26.7616688800321],[89.572160313615,26.7621659162326],[89.5722798426705,26.7621890490579],[89.5703163365176,26.7634724625228],[89.5684484360642,26.7645074878624],[89.5671516085196,26.7653640740416],[89.5666162303319,26.7657566742761],[89.5655692459169,26.7664585950615],[89.5651409397711,26.7667560172191],[89.5648197042238,26.7670177614054],[89.5646293471971,26.7673270882328],[89.5645103594158,26.7676602064966],[89.5643437891563,26.7681004040198],[89.5641653171953,26.7686119814365],[89.5639511553227,26.7691235681557],[89.5635347250097,26.770003961574],[89.5630112223657,26.7709914330886],[89.5621545881437,26.772490478996],[89.5614883152767,26.773501737761],[89.5608220435634,26.7744654064412],[89.5602390548163,26.7752982065173],[89.5596798697612,26.7759763467854],[89.5591563746171,26.7766544777503],[89.5585257974307,26.7774277967899],[89.5580974866664,26.7779155792788],[89.5578119395865,26.7782367942641],[89.5575382936313,26.7785104293981],[89.5573479277566,26.7787721661387],[89.5572646427692,26.7789863148882],[89.5572646294914,26.7795335958522],[89.5572884031641,26.7806162582245],[89.5573835546364,26.7817821921387],[89.5575381882678,26.7828529570481]]]},"properties":{"compartment":"Chunabhati BL3"},"id":"comptt.198"},
{"type":"Feature","geometry":{"type":"Polygon","coordinates":[[[89.640686667507,26.7818632910867],[89.6399016618627,26.7821742762978],[89.638549652158,26.7827092508253],[89.6375206478124,26.7829912312107],[89.6354636494893,26.7831281912263],[89.6334856595968,26.7829101521441],[89.6313526787283,26.7823361093872],[89.6295347004936,26.7816220725397],[89.6270867307403,26.780622022857],[89.6248747621372,26.7795509776652],[89.623608775642,26.7791219521343],[89.6225807782259,26.7791189320269],[89.6218677731231,26.7794009185934],[89.6217367676662,26.7796389164611],[89.6216683448994,26.7797597853412],[89.6208955058201,26.7789757088143],[89.6197058078369,26.7777764333885],[89.6184875624633,26.776472457218],[89.6180878273002,26.7759013783732],[89.6173740068317,26.7751684930965],[89.616507910662,26.7742737945522],[89.6158797446711,26.7737598213459],[89.6153657958601,26.7733505405614],[89.6150802588686,26.7732553548079],[89.6146995498008,26.7732553473652],[89.6141379916378,26.773236306353],[89.6138143965873,26.7730649797186],[89.6131671857937,26.7727508765012],[89.6124628776805,26.7723320719797],[89.6118156798892,26.7718942385408],[89.6112446216803,26.7714659266078],[89.6107021157104,26.7709424350622],[89.610540323958,26.770618821318],[89.6102547952796,26.7701809949501],[89.6098360294675,26.7696384657898],[89.6095600265375,26.7689626891809],[89.609407755612,26.7681917448197],[89.6092650075056,26.7677158511747],[89.6089128633754,26.7670971831808],[89.6085607167056,26.7665832053753],[89.6084369846272,26.766269112393],[89.6082561622269,26.7659740583292],[89.6080562889499,26.7657170739615],[89.607856427058,26.7654029794916],[89.6077041457416,26.7650603359003],[89.6075804229702,26.7647747929697],[89.6075137989043,26.7645368512406],[89.6073234581426,26.7641751668715],[89.6068380647984,26.7635374562413],[89.6066001234606,26.7632043309936],[89.6064573602735,26.7629378277255],[89.606362188816,26.7625951852509],[89.6063146172418,26.7622525337064],[89.6062955849046,26.7619384527709],[89.6062575302302,26.7613102709],[89.6062004365252,26.7606440185888],[89.6060006041695,26.7591116419345],[89.6059054463248,26.7582074384528],[89.6057722358775,26.756589402947],[89.6057151329395,26.7563038613191],[89.6055914083189,26.7560944685262],[89.6053153938414,26.7558945827752],[89.6049822808881,26.7556375958064],[89.6043446002176,26.7549047120342],[89.6040305234464,26.7543907449768],[89.6037830753581,26.7539243593066],[89.6034594804552,26.7533342419272],[89.6032691424566,26.752858347356],[89.6030692733277,26.752430042684],[89.6028515634138,26.7520232344551],[89.6030764236859,26.7520019320563],[89.6041947692112,26.7520733440298],[89.6055986394239,26.7523351119227],[89.6071452781345,26.7526444726906],[89.607775821687,26.7528467353713],[89.6082279188488,26.7529181343312],[89.6092391797387,26.7531917945779],[89.6101433668542,26.7536320130327],[89.6107382138623,26.7541079155091],[89.6112378934106,26.7544886359554],[89.6118684423499,26.7548812589802],[89.612403814983,26.7551311198891],[89.613165229659,26.7552738950218],[89.6139742473914,26.7552858108494],[89.6149022374291,26.7551906488086],[89.6160681843848,26.7547861608599],[89.6169128932797,26.754334086549],[89.6178171049139,26.7537630331857],[89.618935469775,26.7530373137268],[89.6196374219039,26.7524662564107],[89.6203274729085,26.7519427889477],[89.6210770178055,26.7512527523459],[89.6217670831358,26.75055082456],[89.6221834950964,26.7500154517283],[89.6226475129959,26.7492302393753],[89.6228973682453,26.7485758930747],[89.6229568805896,26.7476479025616],[89.6228736037668,26.7471125199681],[89.6224215298604,26.7464938500207],[89.6219337537344,26.7459703595482],[89.6212675171784,26.7454825556547],[89.6206012840816,26.7448519815042],[89.6200540195412,26.7442690097637],[89.6195900424915,26.743781209822],[89.6189119174935,26.7428175148402],[89.6185550139289,26.7421750467116],[89.6181981103637,26.7415325885834],[89.6179006963647,26.7409020216387],[89.6176984618447,26.7402833565743],[89.6173653536954,26.7394148485042],[89.6170393268453,26.7384558583767],[89.6171837788712,26.7383937531185],[89.6178637842846,26.7381017658705],[89.618967791595,26.7376887866835],[89.6230978247152,26.7359058641103],[89.6234308088882,26.736525871732],[89.6251637426618,26.7390859101969],[89.6270546863645,26.7412199509837],[89.6287346377236,26.7430589871213],[89.6307816172894,26.7436970282577],[89.633427586607,26.7446980817545],[89.6359955561418,26.7456981337303],[89.6380065359727,26.7463291741595],[89.6384939724721,26.7464248738553],[89.6379203260317,26.7471606039848],[89.6376538160668,26.7475984195732],[89.6374920046945,26.7480838272932],[89.6374158551903,26.7484835765312],[89.6373777714411,26.7490546468238],[89.6374729320622,26.7498446301169],[89.6375966529952,26.7502063131907],[89.6377298927513,26.7506155865368],[89.637815544007,26.7509677488496],[89.637815535009,26.7513389395233],[89.6377584101503,26.7519575995302],[89.6375870764911,26.7525381872365],[89.637377671078,26.7531949143369],[89.6371682538182,26.7539277915752],[89.6367399283204,26.755022335192],[89.6365495597824,26.7553935321456],[89.6363020881523,26.7558979682251],[89.6361022084832,26.756316755079],[89.6359784558598,26.7568497536276],[89.6359118281749,26.7571733529127],[89.6358832692433,26.7575445530279],[89.6359593965955,26.758058515448],[89.6361307055626,26.7584963395901],[89.636359126468,26.758848504693],[89.6366636885732,26.7591435711806],[89.637072945808,26.7596289900597],[89.6373679877054,26.7599335663788],[89.6375393003649,26.7602191002451],[89.6376344725164,26.7605331926753],[89.63768205663,26.7607711440373],[89.6376534883892,26.7611137841009],[89.6375487901022,26.7614659426938],[89.6373869717229,26.7618276201875],[89.6371299817278,26.7622654359591],[89.6369205839255,26.7626080724882],[89.6366445560541,26.762960227732],[89.6362638349739,26.7634551511885],[89.6360258777023,26.7637787571244],[89.6358640723238,26.7640166943933],[89.6357593654211,26.7643117428818],[89.6357783850574,26.7651493247728],[89.6358354224155,26.7681379313089],[89.6358258763441,26.7692134430731],[89.6357782672918,26.7700034335752],[89.6356450049138,26.7705269119194],[89.6354451168545,26.7708790686501],[89.6352071707355,26.7711550744985],[89.6347217450557,26.7718498762677],[89.6344361888896,26.7725446719444],[89.634331485517,26.7731062209152],[89.6342838857006,26.7735154907264],[89.6342743421631,26.7744863122997],[89.6343409488343,26.7750288345855],[89.6345598542105,26.7756094299185],[89.6351118590736,26.7765897724899],[89.6355401383947,26.777398802332],[89.6359684277151,26.7782078321747],[89.6364347780977,26.7789692626759],[89.6367774040945,26.7795117903607],[89.6372342481958,26.7801209404006],[89.6380337279978,26.780872867401],[89.6387475581751,26.7812060119669],[89.6393852392309,26.7815105949919],[89.6399182330834,26.7817104757795],[89.640686667507,26.7818632910867]]]},"properties":{"compartment":"Tobgaon BL2"},"id":"comptt.199"},
{"type":"Feature","geometry":{"type":"Polygon","coordinates":[[[89.4866592928434,26.7752418291862],[89.4854483332609,26.7757275560479],[89.4846868965548,26.7760844617873],[89.4835804398665,26.7764770508486],[89.4823669117226,26.7769410179403],[89.4806417911401,26.7775596453036],[89.4797732864417,26.777845168828],[89.4781909404007,26.7782615386328],[89.4772629455682,26.7785589610151],[89.4754664354645,26.7791656869609],[89.4744075669316,26.7796296570705],[89.472480196591,26.7802601804992],[89.4715759937212,26.7804743132025],[89.4710168214075,26.7806289725439],[89.4705171260569,26.7809025932497],[89.46991036127,26.7811643218437],[89.4691132361071,26.78146174678],[89.4682923204293,26.7817829512919],[89.4675665721989,26.7821993478245],[89.466686166675,26.7825205611738],[89.4655083316291,26.7828536587331],[89.4643542871,26.7831629667164],[89.4634961251487,26.783334580245],[89.4634001323804,26.7830465578803],[89.4631717242018,26.78217091193],[89.4626958585062,26.7812191110173],[89.4624864733537,26.7806289959246],[89.4622770958928,26.780134070994],[89.4619534968803,26.779715273962],[89.4616870031052,26.779486838369],[89.4613634094774,26.7792584016608],[89.461134988373,26.7789157566175],[89.4606400785694,26.7781352856262],[89.4604116583875,26.7777545705186],[89.4601261401986,26.7772977041668],[89.4597739949497,26.7767266263201],[89.4595455773051,26.7762412110353],[89.459336198919,26.7757843461709],[89.4589554974338,26.7750609875088],[89.4585272169937,26.7742995478533],[89.4583844501302,26.7741853248716],[89.4582131368005,26.7739283410904],[89.458070373397,26.7736713578667],[89.4579085798118,26.7734238942875],[89.4577277492745,26.7730526901269],[89.45751836858,26.7726910054249],[89.4572042929992,26.7721294483398],[89.456585661812,26.7710063243562],[89.4561002763587,26.7700450132494],[89.4559194465116,26.7696452590412],[89.455707810001,26.7691110840037],[89.4627234695417,26.7671457876356],[89.4739985316227,26.763388001353],[89.4797615634225,26.7614661105741],[89.4797745662236,26.7613491106278],[89.4824015623387,26.7612321617115],[89.4848285601333,26.7610672088091],[89.486552554301,26.7611262425668],[89.4874975514284,26.7611452610484],[89.4881484759441,26.7641922789868],[89.4882964363848,26.7658092846517],[89.4879533858616,26.767930281594],[89.4870603208382,26.7707072689197],[89.4868762623581,26.7731392694978],[89.4868902271717,26.7745892722582],[89.4866592928434,26.7752418291862]]]},"properties":{"compartment":"Pana BL3"},"id":"comptt.200"},
{"type":"Feature","geometry":{"type":"Polygon","coordinates":[[[89.4634961251487,26.783334580245],[89.4632240445302,26.7833889950227],[89.4621532818081,26.7836150244908],[89.4614989291673,26.783793472012],[89.4600474565634,26.7840551841037],[89.4586673655079,26.7842455174683],[89.4573824519005,26.7845310228536],[89.455121958218,26.7849235893634],[89.4544319179816,26.7850068560254],[89.4526592156398,26.7852923618818],[89.4514456832968,26.7855183885598],[89.4500418028903,26.7856849214189],[89.4490781219226,26.7858276728363],[89.4480668510789,26.7859704233241],[89.4472816310933,26.7860536881269],[89.4468781803856,26.7861673793241],[89.446642055155,26.7859545054664],[89.4456210802553,26.7850284839603],[89.445121094063,26.7845124733234],[89.4445501111825,26.7838674610825],[89.4438361240171,26.7834144463731],[89.4431961429151,26.7827034326743],[89.4428411672557,26.7817374241123],[89.4424902009663,26.7803844149764],[89.4419222305349,26.7792254019306],[89.4409972704565,26.7776773812591],[89.4395753272971,26.7754843497992],[89.4388813671942,26.7739123336023],[89.4404233812468,26.7731673624534],[89.4432593977388,26.7721834161638],[89.4452464002246,26.7718684544256],[89.4469514076114,26.771381486891],[89.4484654110605,26.771077515936],[89.4495984147938,26.7708025375913],[89.449948415367,26.7707415443214],[89.4539884327703,26.7695926212517],[89.4555594393767,26.7691526511775],[89.455707810001,26.7691110840037],[89.4559194465116,26.7696452590412],[89.4561002763587,26.7700450132494],[89.456585661812,26.7710063243562],[89.4572042929992,26.7721294483398],[89.45751836858,26.7726910054249],[89.4577277492745,26.7730526901269],[89.4579085798118,26.7734238942875],[89.458070373397,26.7736713578667],[89.4582131368005,26.7739283410904],[89.4583844501302,26.7741853248716],[89.4585272169937,26.7742995478533],[89.4589554974338,26.7750609875088],[89.459336198919,26.7757843461709],[89.4595455773051,26.7762412110353],[89.4597739949497,26.7767266263201],[89.4601261401986,26.7772977041668],[89.4604116583875,26.7777545705186],[89.4606400785694,26.7781352856262],[89.461134988373,26.7789157566175],[89.4613634094774,26.7792584016608],[89.4616870031052,26.779486838369],[89.4619534968803,26.779715273962],[89.4622770958928,26.780134070994],[89.4624864733537,26.7806289959246],[89.4626958585062,26.7812191110173],[89.4631717242018,26.78217091193],[89.4634001323804,26.7830465578803],[89.4634961251487,26.783334580245]]]},"properties":{"compartment":"Pana BL4"},"id":"comptt.201"},
{"type":"Feature","geometry":{"type":"Polygon","coordinates":[[[89.5468877099446,26.7809403552692],[89.5467689052389,26.781615454374],[89.5465558762932,26.7828304523426],[89.5450287832039,26.7868244294994],[89.544088739038,26.7887414144842],[89.5436177320169,26.7890794058688],[89.5433411584556,26.789278311606],[89.5427897996751,26.7888495192804],[89.5422425337548,26.7883260176647],[89.5416238888797,26.7877668345916],[89.5411956026601,26.7872433453027],[89.5408267948471,26.7867793372808],[89.5406364413884,26.7865294931224],[89.5404579884774,26.7862558491551],[89.5404104155258,26.7859703177252],[89.5405293910011,26.7857323696342],[89.5406721664163,26.7854944320084],[89.5407435543206,26.7851613028205],[89.5406959751219,26.7847211011197],[89.5405889078043,26.7842095181313],[89.5404342559873,26.783888284546],[89.5401249380229,26.7834242776879],[89.5397799307252,26.782936480091],[89.5392564696485,26.78221073859],[89.5386735155462,26.7816158561557],[89.5379240021506,26.7810090804461],[89.5374957133291,26.7805926713477],[89.5372339709143,26.7803071257332],[89.5368889587087,26.7800215784914],[89.5366272239846,26.7798312230437],[89.5363416996091,26.7796289571103],[89.5360204759006,26.7794029004378],[89.535699251326,26.7792125438277],[89.5353780221341,26.7792125375503],[89.5350092165253,26.7790697600938],[89.5344381543112,26.7788080084771],[89.5338670970034,26.7783439965076],[89.5333793177542,26.7779513762904],[89.5329510174896,26.777594447298],[89.5326892836312,26.7773684017889],[89.53233236655,26.7772851046694],[89.5320230410801,26.7771304383553],[89.5316661377501,26.7768924809662],[89.5312735294154,26.7764522725267],[89.5311188764413,26.7761786390274],[89.5309642215465,26.775571864947],[89.5309184931714,26.7753722844685],[89.5313937263652,26.7753285729144],[89.5320897177864,26.7751977162847],[89.5329165795998,26.77503712216],[89.5340884715558,26.774834884704],[89.5347368735309,26.7746861871131],[89.535754096166,26.774472056614],[89.5365155291566,26.7742698111377],[89.5372353138392,26.7740021347333],[89.5378182918953,26.7736095354371],[89.5383596271712,26.7733359055352],[89.5393352179921,26.7727886536387],[89.5404059884307,26.7722473436118],[89.5416433222025,26.7715513765675],[89.5424820907724,26.7711111921837],[89.5435647494527,26.7706412625123],[89.5447306993674,26.7701118543633],[89.5454683368944,26.7697252080963],[89.5465985856018,26.7692493393428],[89.5479489475094,26.7686188046175],[89.5486925340137,26.7682737985386],[89.5499417627147,26.7677860320871],[89.5505901668619,26.7675481043362],[89.5513278989909,26.7672943784451],[89.5513442350635,26.7675445190617],[89.5514461956985,26.7691575238897],[89.5516621440899,26.771263531812],[89.5516851129182,26.7725465345167],[89.5516990926566,26.7733805362564],[89.5498040374171,26.7758535035721],[89.5489420116562,26.7770044887485],[89.5487730062819,26.7772434858656],[89.5470499432801,26.7800184570639],[89.5468877099446,26.7809403552692]]]},"properties":{"compartment":"Adma BL5"},"id":"comptt.202"},
{"type":"Feature","geometry":{"type":"Polygon","coordinates":[[[89.6216683448994,26.7797597853412],[89.6213897536344,26.7802519107813],[89.6209137255224,26.7814579036481],[89.6201136706463,26.7837988922241],[89.618288640757,26.7852138590819],[89.616704620598,26.7862038298852],[89.6149626129198,26.7866957967003],[89.6127456081576,26.7871157540951],[89.6100536028659,26.7876057023251],[89.6075195937441,26.7882376538993],[89.6045925942388,26.788513597148],[89.6019805922169,26.7888615466863],[89.6003995821245,26.7894375167966],[89.5980376648389,26.7862704649378],[89.5962567011052,26.7849574277632],[89.5947197575712,26.7827873938325],[89.5933498119695,26.7806853632928],[89.59230584612,26.7793843405599],[89.5901739243271,26.7763782935191],[89.5896259597941,26.7749722803002],[89.588408020518,26.7725932522527],[89.5880910363171,26.7719742449539],[89.5878840860208,26.7699462372947],[89.5892611295762,26.7680102607546],[89.5901191702391,26.7662462743761],[89.5913414368103,26.7646138653475],[89.5928167729852,26.7617347390351],[89.5931737082592,26.7610684948193],[89.5936496195853,26.7601405124602],[89.5946173024141,26.7586880687713],[89.5950218149735,26.7581289056749],[89.5954620285987,26.7575221431906],[89.595914140752,26.7569748810448],[89.5963305644352,26.7563681280952],[89.5969254388329,26.7557137785461],[89.5974608319345,26.7551189279411],[89.5982341761814,26.7544526918563],[89.5989837201983,26.7537983553272],[89.5996737711898,26.7532748878697],[89.6003757215756,26.7527752106869],[89.6011490589028,26.7523945151112],[89.6019461838654,26.7521089901704],[89.6028515634138,26.7520232344551],[89.6030692733277,26.752430042684],[89.6032691424566,26.752858347356],[89.6034594804552,26.7533342419272],[89.6037830753581,26.7539243593066],[89.6040305234464,26.7543907449768],[89.6043446002176,26.7549047120342],[89.6049822808881,26.7556375958064],[89.6053153938414,26.7558945827752],[89.6055914083189,26.7560944685262],[89.6057151329395,26.7563038613191],[89.6057722358775,26.756589402947],[89.6059054463248,26.7582074384528],[89.6060006041695,26.7591116419345],[89.6062004365252,26.7606440185888],[89.6062575302302,26.7613102709],[89.6062955849046,26.7619384527709],[89.6063146172418,26.7622525337064],[89.606362188816,26.7625951852509],[89.6064573602735,26.7629378277255],[89.6066001234606,26.7632043309936],[89.6068380647984,26.7635374562413],[89.6073234581426,26.7641751668715],[89.6075137989043,26.7645368512406],[89.6075804229702,26.7647747929697],[89.6077041457416,26.7650603359003],[89.607856427058,26.7654029794916],[89.6080562889499,26.7657170739615],[89.6082561622269,26.7659740583292],[89.6084369846272,26.766269112393],[89.6085607167056,26.7665832053753],[89.6089128633754,26.7670971831808],[89.6092650075056,26.7677158511747],[89.609407755612,26.7681917448197],[89.6095600265375,26.7689626891809],[89.6098360294675,26.7696384657898],[89.6102547952796,26.7701809949501],[89.610540323958,26.770618821318],[89.6107021157104,26.7709424350622],[89.6112446216803,26.7714659266078],[89.6118156798892,26.7718942385408],[89.6124628776805,26.7723320719797],[89.6131671857937,26.7727508765012],[89.6138143965873,26.7730649797186],[89.6141379916378,26.773236306353],[89.6146995498008,26.7732553473652],[89.6150802588686,26.7732553548079],[89.6153657958601,26.7733505405614],[89.6158797446711,26.7737598213459],[89.616507910662,26.7742737945522],[89.6173740068317,26.7751684930965],[89.6180878273002,26.7759013783732],[89.6184875624633,26.776472457218],[89.6197058078369,26.7777764333885],[89.6208955058201,26.7789757088143],[89.6216683448994,26.7797597853412]]]},"properties":{"compartment":"Tobgaon BL1"},"id":"comptt.203"},
{"type":"Feature","geometry":{"type":"Polygon","coordinates":[[[89.5433411584556,26.789278311606],[89.5419937077462,26.7902473761663],[89.5396087080365,26.7904823299514],[89.5376676985493,26.7910742930408],[89.5364227134303,26.7905902678555],[89.5343917537604,26.7891392256173],[89.5324407586756,26.7891391874793],[89.5296177581727,26.7894531328439],[89.5268507573168,26.7897760793188],[89.5267827572944,26.7897840780035],[89.5266071171102,26.7889858231799],[89.5263787054721,26.7882529374389],[89.5258266967288,26.787434395224],[89.5250843280039,26.7866348793222],[89.5240849713133,26.7857782482992],[89.5231236915238,26.785045358237],[89.5225621567983,26.7844742762694],[89.5215247336667,26.7834748742575],[89.5207918819133,26.7827990987614],[89.5200780608044,26.7820947635884],[89.5199257864998,26.7818758502324],[89.5196497690451,26.7817996947064],[89.5192690553185,26.7815807768866],[89.518707521515,26.780971624856],[89.5180603288512,26.7803244010859],[89.5173465079721,26.779610545899],[89.5169182212911,26.7791060866551],[89.5161853597667,26.778420791147],[89.5152811898301,26.77768789221],[89.5149004809502,26.7772691040456],[89.5144626754465,26.7767170545349],[89.5142723418543,26.7760603196777],[89.5140629523089,26.7756510548776],[89.5136061145445,26.7751941851608],[89.5130350575306,26.7747182831801],[89.5122260518121,26.774213816502],[89.5113123526666,26.773861638043],[89.5100274553858,26.7734713822677],[89.5088758061528,26.7731477492113],[89.5076956053778,26.7728907457132],[89.5068675541713,26.7726147090613],[89.5060204843978,26.7722815719397],[89.505211472913,26.7720150556769],[89.5041740398538,26.7714249243942],[89.5033840745508,26.7709014280608],[89.5029272337869,26.7705682985629],[89.5021848472094,26.7700923932419],[89.5017089678784,26.7697021432743],[89.5010141802571,26.7692643089495],[89.5005955398495,26.7689114401945],[89.5011736089305,26.768889751417],[89.5022300855529,26.7689183220993],[89.5028011537555,26.7689326132769],[89.5034150608116,26.7689897253652],[89.5038433586854,26.769032563804],[89.504642857693,26.7689897493446],[89.5050140474423,26.7689612065448],[89.5058278295288,26.7687899021423],[89.5063560702643,26.768704252311],[89.5069842493624,26.7686757045304],[89.5074696577846,26.7686899940354],[89.5077980169515,26.7686900004485],[89.5081834938973,26.7687756681253],[89.5090615121894,26.7687542752368],[89.50941843388,26.7686472020225],[89.5098943258456,26.7685163410906],[89.5106438579831,26.7683497954413],[89.5112625181456,26.7682784174007],[89.5117384069399,26.7682784266953],[89.5124403489106,26.7681237801371],[89.512963829315,26.7680524102374],[89.5138442299697,26.7679334472264],[89.5152481098767,26.7677907143983],[89.5162474902322,26.7676717537111],[89.5175204970126,26.7676717785747],[89.5199832304994,26.7676837266966],[89.5206375762507,26.7677908196634],[89.5212919305604,26.7679573927338],[89.5217321251227,26.7681358616421],[89.5220771405024,26.7682905286501],[89.5229456319648,26.7685522860693],[89.5238379262517,26.7686950737468],[89.5251228289721,26.768861659135],[89.5259080429538,26.7690282347631],[89.5264791086293,26.7691472261252],[89.5270025818293,26.7693732867445],[89.5275141639059,26.7696469272145],[89.5278948677542,26.7698610950246],[89.5282636804789,26.7701228426853],[89.5289180170035,26.770610646318],[89.529215441639,26.7708010024602],[89.5295485664728,26.7709794692791],[89.5298816787104,26.7712650162846],[89.53010771891,26.7716457313644],[89.5303932331901,26.7722643980214],[89.5305835803056,26.7727759926326],[89.5306787505455,26.7731686051768],[89.5307501026693,26.7743107485634],[89.5308333657255,26.775000791394],[89.5309184931714,26.7753722844685],[89.5309642215465,26.775571864947],[89.5311188764413,26.7761786390274],[89.5312735294154,26.7764522725267],[89.5316661377501,26.7768924809662],[89.5320230410801,26.7771304383553],[89.53233236655,26.7772851046694],[89.5326892836312,26.7773684017889],[89.5329510174896,26.7775944472979],[89.5333793177542,26.7779513762904],[89.5338670970034,26.7783439965076],[89.5344381543112,26.7788080084771],[89.5350092165253,26.7790697600938],[89.5353780221341,26.7792125375503],[89.5356992513261,26.7792125438277],[89.5360204759006,26.7794029004378],[89.5363416996091,26.7796289571103],[89.5366272239846,26.7798312230437],[89.5368889587087,26.7800215784914],[89.5372339709143,26.7803071257332],[89.5374957133291,26.7805926713477],[89.5379240021506,26.7810090804461],[89.5386735155462,26.7816158561557],[89.5392564696485,26.78221073859],[89.5397799307252,26.782936480091],[89.5401249380229,26.7834242776879],[89.5404342559873,26.783888284546],[89.5405889078043,26.7842095181313],[89.5406959751219,26.7847211011197],[89.5407435543207,26.7851613028205],[89.5406721664163,26.7854944320084],[89.5405293910011,26.7857323696342],[89.5404104155258,26.7859703177252],[89.5404579884774,26.7862558491551],[89.5406364413884,26.7865294931224],[89.5408267948471,26.7867793372808],[89.5411956026601,26.7872433453027],[89.5416238888797,26.7877668345916],[89.5422425337548,26.7883260176647],[89.5427897996751,26.7888495192804],[89.5433411584556,26.789278311606]]]},"properties":{"compartment":"Adma BL3"},"id":"comptt.204"},
{"type":"Feature","geometry":{"type":"Polygon","coordinates":[[[89.6003995821245,26.7894375167966],[89.6002385811127,26.7894955137516],[89.5984135546988,26.7907684803353],[89.5965125405675,26.7915434445398],[89.5944535319773,26.7921064052741],[89.5921595291925,26.7924543610275],[89.5901025309501,26.7925913210398],[89.5882805252575,26.7930112861527],[89.5863795145664,26.7936452501011],[89.5838424899845,26.7949162027422],[89.5811504675401,26.7961151522202],[89.578139451091,26.7971000950755],[89.5755264405091,26.7978030452131],[89.5725154275229,26.7986459878124],[89.5709159678566,26.7987961367931],[89.5708984669838,26.7980104050595],[89.5707081406861,26.7966422089144],[89.5706129782585,26.7959283757893],[89.5702679880087,26.7947386369359],[89.5694471052977,26.7932871383131],[89.5687095011108,26.7922996521414],[89.5673770370702,26.7909552237073],[89.5658423064917,26.7903127425617],[89.5654140188236,26.7898487333672],[89.5645931109786,26.7894323165804],[89.5639625758361,26.7888850232851],[89.5630702985661,26.7880402943476],[89.5620114660425,26.78701711184],[89.5609526338071,26.7859820193129],[89.5600008718811,26.7849231388386],[89.5591205009306,26.7838166696774],[89.5587398022749,26.7833883614804],[89.5583828898066,26.7831147140212],[89.5575381882678,26.7828529570481],[89.5573835546364,26.7817821921387],[89.5572884031641,26.7806162582245],[89.5572646294914,26.7795335958522],[89.5572646427692,26.7789863148882],[89.5573479277566,26.7787721661387],[89.5575382936313,26.7785104293981],[89.5578119395865,26.7782367942641],[89.5580974866664,26.7779155792788],[89.5585257974307,26.7774277967899],[89.5591563746171,26.7766544777503],[89.5596798697612,26.7759763467854],[89.5602390548163,26.7752982065173],[89.5608220435634,26.7744654064412],[89.5614883152767,26.773501737761],[89.5621545881437,26.772490478996],[89.5630112223657,26.7709914330886],[89.5635347250097,26.770003961574],[89.5639511553227,26.7691235681557],[89.5641653171953,26.7686119814365],[89.5643437891563,26.7681004040198],[89.5645103594158,26.7676602064966],[89.5646293471971,26.7673270882328],[89.5648197042238,26.7670177614054],[89.5651409397711,26.7667560172191],[89.5655692459169,26.7664585950615],[89.5666162303319,26.7657566742761],[89.5671516085196,26.7653640740416],[89.5684484360642,26.7645074878624],[89.5703163365176,26.7634724625228],[89.5722798426705,26.7621890490579],[89.5731473065351,26.7623569358529],[89.5752582947288,26.7626279775746],[89.5772222794354,26.763058016708],[89.5806172490604,26.7639640846475],[89.5831112274438,26.7646011345094],[89.5861292057731,26.7651871945224],[89.588445191759,26.7655292403866],[89.5900861812819,26.7657942729252],[89.5901191702391,26.7662462743761],[89.5892611295762,26.7680102607546],[89.5878840860208,26.7699462372947],[89.5880910363171,26.7719742449539],[89.588408020518,26.7725932522527],[89.5896259597941,26.7749722803002],[89.5901739243271,26.7763782935191],[89.59230584612,26.7793843405599],[89.5933498119695,26.7806853632928],[89.5947197575712,26.7827873938325],[89.5962567011052,26.7849574277632],[89.5980376648389,26.7862704649378],[89.6003995821245,26.7894375167966]]]},"properties":{"compartment":"Chunabhati BL2"},"id":"comptt.205"},
{"type":"Feature","geometry":{"type":"Polygon","coordinates":[[[89.4590877298705,26.7980367690851],[89.457904743895,26.7975847451995],[89.4566297695868,26.7966617187186],[89.4552237705768,26.796770691428],[89.4526617690757,26.7971056419302],[89.4486917574459,26.7980085658782],[89.4457457458418,26.7988015096485],[89.4424177464477,26.7991324451736],[89.4414644375782,26.7991878766384],[89.4411338665925,26.7984396389177],[89.4408483439618,26.7977543521837],[89.4406579996978,26.797126167406],[89.4402202025419,26.7962314773444],[89.4398966181609,26.7956223299959],[89.4396681998379,26.7951654647635],[89.43930652909,26.7948228171201],[89.4388116156152,26.7941946263928],[89.4381453867411,26.7933951120307],[89.4375362617152,26.7928430692014],[89.4367272741347,26.7920054819877],[89.4361466974181,26.7915200598293],[89.4357564769744,26.7911678916141],[89.4352520363662,26.7908347511997],[89.4347856775055,26.7904254814016],[89.4342622015633,26.7899019902961],[89.4336054891993,26.7892452363643],[89.4330058841471,26.7886931937247],[89.4324633801001,26.7880935621209],[89.431616309154,26.787398734409],[89.430664549634,26.7866563245733],[89.4304075758422,26.786427889171],[89.4300268642187,26.7861233112242],[89.4297413418856,26.7858377751687],[89.4294843704013,26.785514159607],[89.4291893185545,26.7852095833336],[89.4287515128486,26.7846670538733],[89.4285802025252,26.7842863398892],[89.428285169908,26.7836010429783],[89.4281328883807,26.7832679194458],[89.4279520536975,26.7830680355792],[89.4278188093517,26.78284912261],[89.427704605187,26.7826206899969],[89.4275713638404,26.7822780468205],[89.4275428261431,26.7817736054176],[89.4275047540868,26.7814499941316],[89.4273715152776,26.7810026507799],[89.4272668333947,26.7806790381933],[89.4270384136794,26.780279293063],[89.4265720675031,26.7793465323937],[89.426305582039,26.7787754562335],[89.4261057166314,26.7781948613582],[89.425915370276,26.7776523367328],[89.4257059930472,26.7771478817997],[89.4254775774822,26.7765768063834],[89.4252586758949,26.7762532015676],[89.4249826769938,26.7758248854617],[89.4248303980004,26.7753870617555],[89.4246971580346,26.7749873084848],[89.424601984971,26.7747112961645],[89.424478263135,26.7743876832073],[89.4242308127748,26.774016477755],[89.4241451626842,26.7736167254137],[89.4241070908549,26.7732836041127],[89.4249089706668,26.773205099635],[89.4255514289923,26.7732051121769],[89.4262938167119,26.7732193966934],[89.4272360842572,26.7732194150881],[89.4280641338301,26.7731480511336],[89.4287351420828,26.773148064233],[89.429734511557,26.7730624235991],[89.4301913748652,26.7728768322065],[89.4307196179878,26.7726912422074],[89.4311193738662,26.772405719532],[89.4314049065827,26.7722629548665],[89.4318332068524,26.7722058531318],[89.4325042154532,26.7721915962072],[89.4333037144123,26.772148781743],[89.4337177499087,26.77187752937],[89.4342174358743,26.7715777286209],[89.4346885829522,26.7712350872424],[89.4355594772932,26.7705498230912],[89.4368982777805,26.7695607475621],[89.4368894726298,26.7697742877495],[89.4369494540607,26.7705342901994],[89.4371034351015,26.7713002944944],[89.4374184134701,26.7721593020892],[89.4376843930796,26.7729723086504],[89.4380823746234,26.7736913176307],[89.4388813671942,26.7739123336023],[89.4395753272971,26.7754843497992],[89.4409972704565,26.7776773812591],[89.4419222305349,26.7792254019306],[89.4424902009663,26.7803844149764],[89.4428411672557,26.7817374241123],[89.4431961429151,26.7827034326743],[89.4438361240171,26.7834144463731],[89.4445501111825,26.7838674610825],[89.445121094063,26.7845124733234],[89.4456210802553,26.7850284839603],[89.446642055155,26.7859545054664],[89.4468781803856,26.7861673793241],[89.4470480452277,26.786320514015],[89.448476013325,26.7874835438739],[89.4491189975452,26.7880655574182],[89.4499039829498,26.7885835736287],[89.449974973404,26.7889695756684],[89.4502589586014,26.7895495821971],[89.4511149360113,26.7903896003407],[89.4517579187019,26.7910346139941],[89.4530438965268,26.7918116404343],[89.4543318821339,26.7922676663714],[89.4551158644354,26.7929136827838],[89.4556868488641,26.793494694925],[89.4559708371884,26.7939457012384],[89.4569008175349,26.7946567206157],[89.457686799806,26.7953037370714],[89.4583977682701,26.7965277530411],[89.4586087536511,26.7971077581482],[89.4590877298705,26.7980367690851]]]},"properties":{"compartment":"Bhutri BL2"},"id":"comptt.206"},
{"type":"Feature","geometry":{"type":"Polygon","coordinates":[[[89.4414644375782,26.7991878766384],[89.441162747936,26.7992054207726],[89.4387077508467,26.7993483730406],[89.4362737462828,26.799797326234],[89.4347427671071,26.7991032951511],[89.432707831096,26.7966842513257],[89.4304148874073,26.7946092030439],[89.4274779204126,26.793564143915],[89.4241569600277,26.7922880769038],[89.4210919906127,26.7913570154767],[89.4190570518039,26.7890529718793],[89.4165060893429,26.787779919932],[89.4154891255112,26.7863978977651],[89.4147331915874,26.7837538785925],[89.4153872482449,26.7813458873467],[89.4145083285359,26.7781278648181],[89.4138753692069,26.776517849776],[89.412863430371,26.7741028259954],[89.4098075026447,26.7714497619265],[89.4077675248732,26.7707527209507],[89.4092260359507,26.7709633397677],[89.4098684919626,26.7710585224655],[89.4104276581926,26.7711537135377],[89.4108559613069,26.7713916722937],[89.4115935838999,26.7716177370675],[89.4121765471862,26.771831898803],[89.4127238097015,26.7720817499013],[89.4133067724115,26.7723197116769],[89.4140325056132,26.7725219761799],[89.4146987486825,26.7727361395419],[89.4151151452877,26.7728313278286],[89.4157813915281,26.7729146209726],[89.4166617863442,26.7730336183566],[89.4175183906468,26.7731763953162],[89.4187319040176,26.773319189243],[89.4196598887116,26.7734381775568],[89.4202666471274,26.7734381894013],[89.4210518756541,26.77341441469],[89.4220750350019,26.7733311545239],[89.4229316442086,26.7732716811465],[89.4241070908549,26.7732836041127],[89.4241451626842,26.7736167254137],[89.4242308127748,26.774016477755],[89.424478263135,26.7743876832073],[89.424601984971,26.7747112961645],[89.4246971580346,26.7749873084848],[89.4248303980004,26.7753870617555],[89.4249826769938,26.7758248854617],[89.4252586758949,26.7762532015676],[89.4254775774822,26.7765768063834],[89.4257059930472,26.7771478817997],[89.425915370276,26.7776523367328],[89.4261057166314,26.7781948613582],[89.426305582039,26.7787754562335],[89.4265720675031,26.7793465323937],[89.4270384136794,26.780279293063],[89.4272668333947,26.7806790381933],[89.4273715152776,26.7810026507799],[89.4275047540868,26.7814499941316],[89.4275428261431,26.7817736054176],[89.4275713638404,26.7822780468205],[89.427704605187,26.7826206899969],[89.4278188093517,26.78284912261],[89.4279520536975,26.7830680355792],[89.4281328883807,26.7832679194458],[89.428285169908,26.7836010429783],[89.4285802025252,26.7842863398892],[89.4287515128486,26.7846670538733],[89.4291893185545,26.7852095833336],[89.4294843704013,26.785514159607],[89.4297413418856,26.7858377751687],[89.4300268642187,26.7861233112242],[89.4304075758422,26.786427889171],[89.430664549634,26.7866563245733],[89.431616309154,26.787398734409],[89.4324633801001,26.7880935621209],[89.4330058841471,26.7886931937247],[89.4336054891993,26.7892452363643],[89.4342622015633,26.7899019902961],[89.4347856775055,26.7904254814016],[89.4352520363662,26.7908347511997],[89.4357564769744,26.7911678916141],[89.4361466974181,26.7915200598293],[89.4367272741347,26.7920054819877],[89.4375362617152,26.7928430692014],[89.4381453867411,26.7933951120307],[89.4388116156152,26.7941946263928],[89.43930652909,26.7948228171201],[89.4396681998379,26.7951654647635],[89.4398966181609,26.7956223299959],[89.4402202025419,26.7962314773444],[89.4406579996978,26.797126167406],[89.4408483439618,26.7977543521837],[89.4411338665925,26.7984396389177],[89.4414644375782,26.7991878766384]]]},"properties":{"compartment":"Bhutri BL1"},"id":"comptt.207"},
{"type":"Feature","geometry":{"type":"Polygon","coordinates":[[[89.4888017828684,26.8013586955502],[89.4879935750662,26.8013533397411],[89.487822575164,26.8013673364222],[89.486072577241,26.8014663023809],[89.4860096200779,26.7997082981356],[89.4857396557953,26.7982652903843],[89.4855286905579,26.7968552838431],[89.4849687777793,26.7933202668397],[89.4839148467673,26.790588241561],[89.4828819438797,26.7866942147066],[89.4834310205756,26.7834742199184],[89.4841770794168,26.7809692302011],[89.4854201244926,26.7789792510725],[89.4860931746112,26.7768412605531],[89.4865972078471,26.7754172679556],[89.4866592928434,26.7752418291862],[89.4868902271717,26.7745892722582],[89.4868762623581,26.7731392694978],[89.4870603208382,26.7707072689197],[89.4879533858616,26.767930281594],[89.4882964363848,26.7658092846517],[89.4881484759441,26.7641922789868],[89.4874975514284,26.7611452610484],[89.4880635497173,26.7611562721172],[89.490221548476,26.7609803139454],[89.4909365606329,26.7611970108197],[89.4910777621483,26.7615641716648],[89.4912871410071,26.7620019965051],[89.4919152986518,26.7628586102418],[89.4923911749856,26.7633725904169],[89.4929051275323,26.7640388515976],[89.4933238967789,26.7644386104618],[89.4936094314388,26.7646289663646],[89.4941043455652,26.7648193363558],[89.4946373377496,26.7650858472218],[89.4949418995933,26.7653904236929],[89.4958365662438,26.7658473019494],[89.4966754284081,26.7663013067079],[89.4965789382077,26.7665135675932],[89.496578931288,26.7667990980848],[89.4966741064324,26.7669894602712],[89.4968834954382,26.767008494393],[89.4972071027689,26.7670846508435],[89.4977972075763,26.7672369426296],[89.4984824756828,26.7676557467335],[89.4999101342885,26.7683886458776],[89.5003479455622,26.7687027449695],[89.5005955398495,26.7689114401945],[89.5010141802571,26.7692643089495],[89.5017089678784,26.7697021432743],[89.5021848472094,26.7700923932419],[89.5029272337869,26.7705682985629],[89.5033840745508,26.7709014280608],[89.5041740398538,26.7714249243942],[89.505211472913,26.7720150556769],[89.5060204843978,26.7722815719397],[89.5068675541713,26.7726147090613],[89.5076956053778,26.7728907457132],[89.5088758061528,26.7731477492113],[89.5100274553858,26.7734713822677],[89.5113123526666,26.773861638043],[89.5122260518121,26.774213816502],[89.5130350575306,26.7747182831801],[89.5136061145445,26.7751941851608],[89.5140629523089,26.7756510548776],[89.5142723418543,26.7760603196777],[89.5144626754465,26.7767170545349],[89.5149004809502,26.7772691040456],[89.5152811898301,26.77768789221],[89.5161853597667,26.778420791147],[89.5169182212911,26.7791060866551],[89.5173465079721,26.779610545899],[89.5180603288512,26.7803244010859],[89.518707521515,26.780971624856],[89.5192690553185,26.7815807768866],[89.5196497690451,26.7817996947064],[89.5199257864998,26.7818758502324],[89.5200780608044,26.7820947635884],[89.5207918819133,26.7827990987614],[89.5215247336667,26.7834748742575],[89.5225621567983,26.7844742762694],[89.5231236915238,26.785045358237],[89.5240849713133,26.7857782482992],[89.5250843280039,26.7866348793222],[89.5258266967288,26.787434395224],[89.5263787054721,26.7882529374389],[89.5266071171102,26.7889858231799],[89.5267827572944,26.7897840780035],[89.5261597477765,26.790241066621],[89.5260565155192,26.7903165541897],[89.5256077239948,26.7900422854843],[89.5252365293213,26.7898614379136],[89.524484623762,26.7897567230338],[89.5234947755706,26.7897852537349],[89.5221146874429,26.7898518568744],[89.5212295278339,26.7899279797047],[89.5202682244913,26.7901659113279],[89.5196019720198,26.7903372186025],[89.5183551243199,26.7907845350076],[89.5172415267459,26.7912128139836],[89.5156234867553,26.7917933733629],[89.5145003671288,26.7923073123003],[89.5133106265171,26.7928688500173],[89.5121684764787,26.7934018286145],[89.5109501896378,26.7938110655085],[89.5099317732144,26.7941822462432],[89.5085707162765,26.7946105203784],[89.5072477280882,26.7950863853396],[89.506372083615,26.7953623886996],[89.5047445143556,26.7959143978373],[89.5028790182458,26.7963616921425],[89.5016987924722,26.7967233496952],[89.5004233969423,26.7970850053872],[89.4998808848593,26.7972277650281],[89.4985483808632,26.7975323095047],[89.4973681567114,26.7978273369415],[89.4961118018305,26.7981604429554],[89.4952075965142,26.7984745158201],[89.4942558103959,26.79882665782],[89.4934848547405,26.7991407332891],[89.4925901775535,26.7995309464702],[89.4916859687742,26.7999877795792],[89.4908483928284,26.8003208937778],[89.4900584044512,26.8007491790698],[89.4892874574118,26.8011203646357],[89.4888017828684,26.8013586955502]]]},"properties":{"compartment":"Adma BL2"},"id":"comptt.208"},
{"type":"Feature","geometry":{"type":"Polygon","coordinates":[[[89.4026879338284,26.76928149937],[89.4027622536487,26.7709322735611],[89.4027622402765,26.7714843144774],[89.4028574066544,26.7720363472513],[89.4031809896654,26.7727026046732],[89.4034094038479,26.7733307901746],[89.4035307427768,26.7741874039655],[89.4035664090474,26.7751629762819],[89.4036615395042,26.7771974215176],[89.4036971965451,26.7785537244663],[89.403673377291,26.7793508453251],[89.4037209464072,26.7802074476764],[89.4038280073845,26.7809807810509],[89.4039707677828,26.7813614944704],[89.404220595593,26.7818373901385],[89.4044942201684,26.7824441564888],[89.4046250794436,26.7828724697553],[89.4048273162243,26.7833959545737],[89.4050890408299,26.7840027206922],[89.405362668576,26.7844786168258],[89.4055530188475,26.7848593411754],[89.4058623382298,26.7852638578876],[89.4061597547592,26.7857873445654],[89.4065166585364,26.786417902583],[89.4068616629209,26.787024680329],[89.4070520120376,26.7874529847583],[89.407313737217,26.7880359608389],[89.407658741889,26.7886308285658],[89.4079680555001,26.7892732956751],[89.4082654688537,26.7899276525721],[89.408634273462,26.7905225207647],[89.409157737087,26.7911411920179],[89.4093956743456,26.7916408874966],[89.4095622215026,26.7921524816011],[89.4096454868583,26.7927473442175],[89.4097406536248,26.7932827269676],[89.4098239175368,26.7939370796832],[89.4099904519958,26.7949721546592],[89.4101688924824,26.7957573794521],[89.4102878483188,26.7963284527265],[89.4104306017835,26.7969947066245],[89.4105376702476,26.7974586994887],[89.4106090388048,26.7979227016555],[89.4107636939688,26.7985175656674],[89.410965930739,26.79904106049],[89.4111324822206,26.7993741842987],[89.4113347263926,26.8000047493001],[89.411513170338,26.8006472038564],[89.4115721996101,26.8014954746852],[89.4114297699912,26.8014948436389],[89.4101977733206,26.8014908195613],[89.405854787952,26.8013577344885],[89.401257808847,26.8009946440757],[89.3966598269718,26.8007465538389],[89.3919348538177,26.8001534605557],[89.3878478706021,26.7999063803127],[89.3846558904897,26.7994343171846],[89.3823459086806,26.7989362712445],[89.3830769975932,26.7951902793547],[89.383210076967,26.7919022765381],[89.3834531385824,26.7893342770543],[89.3832522674103,26.7840412644133],[89.3838684724185,26.7755132623915],[89.3841245837215,26.7708902597715],[89.38425968539,26.7666772554644],[89.3842757583717,26.7636612508071],[89.3842797749207,26.7629772497582],[89.3844078292932,26.7607172485312],[89.3846559156781,26.7571212474427],[89.3843390421548,26.7519292327039],[89.3844190848409,26.7501562313422],[89.3844701113911,26.749053230519],[89.3851234860633,26.7496156341869],[89.3855636719506,26.7501510236536],[89.3860395525623,26.7509005641698],[89.3864797326915,26.7516739040297],[89.3868247373891,26.7522687717393],[89.3869317881071,26.7530539951228],[89.3869674793764,26.7534109164077],[89.3870745280776,26.7542794299286],[89.3872172884885,26.7546601433412],[89.3873243546745,26.7552193163522],[89.3874671053727,26.7555881397451],[89.3877407348621,26.7559926557499],[89.3880024658225,26.7563376814243],[89.3882523001914,26.7569563473187],[89.3884188499624,26.7573608612351],[89.3885735006283,26.7577296848606],[89.3889660914523,26.7584792237563],[89.3893943856375,26.759085993113],[89.3897037007116,26.7596689701097],[89.3900487056914,26.7602519378029],[89.3905483776712,26.7609419986907],[89.3908814821053,26.7615487661918],[89.3911908000579,26.762012772993],[89.3921425524932,26.7630478532723],[89.3926898180906,26.7635832448349],[89.3933084655162,26.7640353576528],[89.3938795259479,26.7643684893458],[89.3942840325792,26.7644636773957],[89.3948669973006,26.7646183590261],[89.3956522103384,26.7648206246816],[89.3965563947922,26.7649515125406],[89.3972107501914,26.7650704955054],[89.3977580112628,26.7653798366962],[89.3985432142185,26.7659985130429],[89.3994592951013,26.7666885820625],[89.400144557743,26.7673310465],[89.4007156131045,26.7678735785436],[89.4013152335776,26.7682019507897],[89.4015151002865,26.7683161748796],[89.4018434642379,26.768530331643],[89.4022003750024,26.7688729791769],[89.4026879338284,26.76928149937]]]},"properties":{"compartment":"Barnabari BL1"},"id":"comptt.209"},
{"type":"Feature","geometry":{"type":"Polygon","coordinates":[[[89.4077675248732,26.7707527209507],[89.4087744581588,26.7733977450054],[89.4096464178121,26.7749687646408],[89.4097884108981,26.7752387678621],[89.4104123285238,26.7785707855899],[89.4115392086045,26.7833968156297],[89.4122861119565,26.7873028367228],[89.4130299985639,26.7918988589108],[89.4138668840515,26.7965298829782],[89.4141498451767,26.7981018911271],[89.4144018221977,26.799021897584],[89.4163127808001,26.8005219374219],[89.4162077569821,26.801514937027],[89.4141577625473,26.8015068969594],[89.4115721996101,26.8014954746852],[89.411513170338,26.8006472038564],[89.4113347263926,26.8000047493001],[89.4111324822206,26.7993741842987],[89.410965930739,26.79904106049],[89.4107636939688,26.7985175656674],[89.4106090388048,26.7979227016555],[89.4105376702476,26.7974586994887],[89.4104306017835,26.7969947066245],[89.4102878483188,26.7963284527265],[89.4101688924824,26.7957573794521],[89.4099904519958,26.7949721546592],[89.4098239175368,26.7939370796832],[89.4097406536248,26.7932827269676],[89.4096454868583,26.7927473442175],[89.4095622215026,26.7921524816011],[89.4093956743456,26.7916408874966],[89.409157737087,26.7911411920179],[89.408634273462,26.7905225207647],[89.4082654688537,26.7899276525721],[89.4079680555001,26.7892732956751],[89.407658741889,26.7886308285658],[89.407313737217,26.7880359608389],[89.4070520120376,26.7874529847583],[89.4068616629209,26.787024680329],[89.4065166585364,26.786417902583],[89.4061597547592,26.7857873445654],[89.4058623382298,26.7852638578876],[89.4055530188475,26.7848593411754],[89.405362668576,26.7844786168258],[89.4050890408299,26.7840027206922],[89.4048273162243,26.7833959545737],[89.4046250794436,26.7828724697553],[89.4044942201684,26.7824441564888],[89.404220595593,26.7818373901385],[89.4039707677828,26.7813614944704],[89.4038280073845,26.7809807810509],[89.4037209464072,26.7802074476764],[89.403673377291,26.7793508453251],[89.4036971965451,26.7785537244663],[89.4036615395042,26.7771974215176],[89.4035664090474,26.7751629762819],[89.4035307427768,26.7741874039655],[89.4034094038479,26.7733307901746],[89.4031809896654,26.7727026046732],[89.4028574066544,26.7720363472513],[89.4027622402765,26.7714843144774],[89.4027622536487,26.7709322735611],[89.4026879338284,26.76928149937],[89.4027286028964,26.7693155702203],[89.4031711730899,26.76967249945],[89.4039992122721,26.7700294362029],[89.4045131653908,26.770257876613],[89.405298376069,26.7705577024359],[89.4057266811419,26.7707147510561],[89.4065975554002,26.7708575382905],[89.4077675248732,26.7707527209507]]]},"properties":{"compartment":"Barnabari BL2"},"id":"comptt.210"},
{"type":"Feature","geometry":{"type":"Polygon","coordinates":[[[89.486072577241,26.8014663023809],[89.4859035774553,26.8014752990926],[89.4834735783163,26.8016962519672],[89.4811695816266,26.8018032071102],[89.478738590875,26.801679159376],[89.4763362333037,26.8014212619742],[89.4759917603167,26.8011688048094],[89.4757252637738,26.8010545894049],[89.4753731088373,26.8008832622287],[89.47500192626,26.8006167545181],[89.4746878430741,26.8003692779562],[89.4741263046823,26.7999504862652],[89.4737931820071,26.799683979299],[89.4733173020092,26.7993222893802],[89.472841419701,26.799055779624],[89.4722989128773,26.7985703581925],[89.4720229014412,26.7982467422458],[89.4714994394188,26.7975614508463],[89.4710997036132,26.7970189221088],[89.4707665974048,26.7964859146899],[89.4705001077912,26.7960861588003],[89.4703287963156,26.7957530348845],[89.469919546769,26.794953525524],[89.4687869733314,26.7931546303265],[89.4681397803988,26.7921076458967],[89.4672546559279,26.7907370562676],[89.4662458123938,26.788928643478],[89.4656938080563,26.7879292609926],[89.4650561406329,26.7866538563648],[89.4643328118126,26.785445070178],[89.4640663365792,26.784864483985],[89.4638188808352,26.7843029181962],[89.4634961251487,26.783334580245],[89.4643542871,26.7831629667164],[89.4655083316291,26.7828536587331],[89.466686166675,26.7825205611738],[89.4675665721989,26.7821993478245],[89.4682923204293,26.7817829512919],[89.4691132361071,26.78146174678],[89.46991036127,26.7811643218437],[89.4705171260569,26.7809025932497],[89.4710168214075,26.7806289725439],[89.4715759937212,26.7804743132025],[89.472480196591,26.7802601804992],[89.4744075669316,26.7796296570705],[89.4754664354645,26.7791656869609],[89.4772629455682,26.7785589610151],[89.4781909404007,26.7782615386328],[89.4797732864417,26.777845168828],[89.4806417911401,26.7775596453036],[89.4823669117226,26.7769410179403],[89.4835804398665,26.7764770508486],[89.4846868965548,26.7760844617873],[89.4854483332609,26.7757275560479],[89.4866592928434,26.7752418291862],[89.4865972078471,26.7754172679556],[89.4860931746112,26.7768412605531],[89.4854201244926,26.7789792510725],[89.4841770794168,26.7809692302011],[89.4834310205756,26.7834742199184],[89.4828819438797,26.7866942147066],[89.4839148467673,26.790588241561],[89.4849687777793,26.7933202668397],[89.4855286905579,26.7968552838431],[89.4857396557953,26.7982652903843],[89.4860096200779,26.7997082981356],[89.486072577241,26.8014663023809]]]},"properties":{"compartment":"Pana BL2"},"id":"comptt.211"},
{"type":"Feature","geometry":{"type":"Polygon","coordinates":[[[89.4763362333037,26.8014212619742],[89.4759156054804,26.8013761036747],[89.4754156080517,26.8013230938105],[89.4731116114017,26.8014290489545],[89.46965461503,26.8016459817505],[89.4669686166085,26.8018659296228],[89.4646696478266,26.8008238829141],[89.4643786512953,26.8007118770359],[89.4619886800569,26.7997808287416],[89.4603297151363,26.7985117941637],[89.4590877298705,26.7980367690851],[89.4586087536511,26.7971077581482],[89.4583977682701,26.7965277530411],[89.457686799806,26.7953037370714],[89.4569008175349,26.7946567206157],[89.4559708371884,26.7939457012384],[89.4556868488641,26.793494694925],[89.4551158644354,26.7929136827838],[89.4543318821339,26.7922676663714],[89.4530438965268,26.7918116404343],[89.4517579187019,26.7910346139941],[89.4511149360113,26.7903896003407],[89.4502589586014,26.7895495821971],[89.449974973404,26.7889695756684],[89.4499039829498,26.7885835736287],[89.4491189975452,26.7880655574182],[89.448476013325,26.7874835438739],[89.4470480452277,26.786320514015],[89.4468781803856,26.7861673793241],[89.4472816310933,26.7860536881269],[89.4480668510789,26.7859704233241],[89.4490781219226,26.7858276728363],[89.4500418028903,26.7856849214189],[89.4514456832968,26.7855183885598],[89.4526592156398,26.7852923618818],[89.4544319179816,26.7850068560254],[89.455121958218,26.7849235893634],[89.4573824519005,26.7845310228536],[89.4586673655079,26.7842455174683],[89.4600474565634,26.7840551841037],[89.4614989291673,26.783793472012],[89.4621532818081,26.7836150244908],[89.4632240445302,26.7833889950227],[89.4634961251487,26.783334580245],[89.4638188808352,26.7843029181962],[89.4640663365792,26.784864483985],[89.4643328118126,26.785445070178],[89.4650561406329,26.7866538563648],[89.4656938080563,26.7879292609926],[89.4662458123938,26.788928643478],[89.4672546559279,26.7907370562676],[89.4681397803988,26.7921076458967],[89.4687869733314,26.7931546303265],[89.469919546769,26.794953525524],[89.4703287963156,26.7957530348845],[89.4705001077912,26.7960861588003],[89.4707665974048,26.7964859146899],[89.4710997036132,26.7970189221088],[89.4714994394188,26.7975614508463],[89.4720229014412,26.7982467422458],[89.4722989128773,26.7985703581925],[89.472841419701,26.799055779624],[89.4733173020092,26.7993222893802],[89.4737931820071,26.799683979299],[89.4741263046823,26.7999504862652],[89.4746878430741,26.8003692779562],[89.47500192626,26.8006167545181],[89.4753731088373,26.8008832622287],[89.4757252637738,26.8010545894049],[89.4759917603167,26.8011688048094],[89.4763362333037,26.8014212619742]]]},"properties":{"compartment":"Pana BL1"},"id":"comptt.212"},
{"type":"Feature","geometry":{"type":"Polygon","coordinates":[[[89.5155483768309,26.8066258876175],[89.5140453406176,26.8082738610791],[89.5133653208232,26.8091598493147],[89.5118763708039,26.8072578169],[89.5104604159082,26.8055487862508],[89.5083274490882,26.8044057425635],[89.5063544749419,26.8035477025008],[89.5042984855171,26.8033276619195],[89.5016095046527,26.8028216084694],[89.499254517479,26.8025405619402],[89.4984395332026,26.8019785450375],[89.495758565366,26.8009354908265],[89.4926865623118,26.8013844315408],[89.4888017828684,26.8013586955502],[89.4892874574118,26.8011203646357],[89.4900584044512,26.8007491790698],[89.4908483928284,26.8003208937778],[89.4916859687742,26.7999877795792],[89.4925901775535,26.7995309464702],[89.4934848547405,26.7991407332891],[89.4942558103959,26.79882665782],[89.4952075965142,26.7984745158201],[89.4961118018305,26.7981604429554],[89.4973681567114,26.7978273369415],[89.4985483808632,26.7975323095047],[89.4998808848593,26.7972277650281],[89.5004233969423,26.7970850053872],[89.5016987924722,26.7967233496952],[89.5028790182458,26.7963616921425],[89.5047445143556,26.7959143978373],[89.506372083615,26.7953623886996],[89.5072477280882,26.7950863853396],[89.5085707162765,26.7946105203784],[89.5099317732144,26.7941822462432],[89.5109501896378,26.7938110655085],[89.5121684764787,26.7934018286145],[89.5133106265171,26.7928688500173],[89.5145003671288,26.7923073123003],[89.5156234867553,26.7917933733629],[89.5172415267459,26.7912128139836],[89.5183551243199,26.7907845350076],[89.5196019720198,26.7903372186025],[89.5202682244913,26.7901659113279],[89.5212295278339,26.7899279797047],[89.5221146874429,26.7898518568744],[89.5234947755706,26.7897852537349],[89.524484623762,26.7897567230338],[89.5252365293213,26.7898614379136],[89.5256077239948,26.7900422854843],[89.5260565155192,26.7903165541897],[89.525385735995,26.7908070524764],[89.5243546972181,26.7925120352887],[89.5231626222885,26.79572301757],[89.5219635673964,26.7981089982756],[89.5213845078946,26.800619991318],[89.5187824425825,26.8035809455795],[89.5168564072965,26.8052349107852],[89.5155483768309,26.8066258876175]]]},"properties":{"compartment":"Adma BL1"},"id":"comptt.213"},
{"type":"Feature","geometry":{"type":"Polygon","coordinates":[[[89.5709159678566,26.7987961367931],[89.5707474278919,26.7988119535246],[89.5695874281334,26.7989209310282],[89.5694264078405,26.7997729293865],[89.5692593513678,26.8021149302631],[89.5683823105061,26.8038869162413],[89.5667922576439,26.8062258892707],[89.5649611968022,26.8089178582036],[89.5635311573609,26.8106878333494],[89.5619471458873,26.8113228034765],[89.5602831398165,26.8117437716599],[89.5585421425923,26.811808737709],[89.5561691538795,26.8115886908907],[89.5539551716739,26.8110846466854],[89.5519001924992,26.8104396053452],[89.5500052163759,26.8096525668883],[89.548740221373,26.8095775420085],[89.5474722194541,26.8097875175704],[89.5453332025709,26.8107034773301],[89.5435101952234,26.8111944425257],[89.5411331823963,26.8119683973775],[89.5389141674748,26.8128123554413],[89.5373301595104,26.8133043253115],[89.5353511629205,26.8133692867074],[89.5334531747314,26.8130802490704],[89.531556193492,26.8125052109556],[89.5294232094007,26.8120721684733],[89.5276832173702,26.8119251341789],[89.525625219295,26.8120600941554],[89.5242792193481,26.8121980680653],[89.5225382187267,26.8124050343682],[89.520716214863,26.8127539993334],[89.5185812204454,26.8127469575575],[89.5171572379788,26.8121739287084],[89.515813251836,26.8117439016735],[89.5141602941243,26.8101758666239],[89.5133653208232,26.8091598493147],[89.5140453406176,26.8082738610791],[89.5155483768309,26.8066258876175],[89.5168564072966,26.8052349107852],[89.5187824425825,26.8035809455795],[89.5213845078946,26.800619991318],[89.5219635673964,26.7981089982756],[89.5231626222885,26.79572301757],[89.5243546972181,26.7925120352887],[89.525385735995,26.7908070524764],[89.5260565155192,26.7903165541897],[89.5261597477766,26.790241066621],[89.5267827572944,26.7897840780035],[89.5268507573168,26.7897760793188],[89.5296177581727,26.7894531328439],[89.5324407586756,26.7891391874793],[89.5343917537604,26.7891392256173],[89.5364227134303,26.7905902678555],[89.5376676985493,26.7910742930408],[89.5396087080365,26.7904823299514],[89.5419937077462,26.7902473761663],[89.5433411584556,26.789278311606],[89.5436177320169,26.7890794058688],[89.544088739038,26.7887414144842],[89.5450287832039,26.7868244294994],[89.5465558762932,26.7828304523426],[89.5467689052389,26.781615454374],[89.5468877099446,26.7809403552692],[89.5471757057662,26.7811395414896],[89.548746123357,26.7819009935204],[89.5495194404504,26.7823531094296],[89.5505901905521,26.7826505608811],[89.5512564265747,26.7827457540709],[89.5522439012161,26.7828647535817],[89.5532432678497,26.7829004631788],[89.5548018153952,26.7828410035389],[89.5562770814188,26.7828529323969],[89.5575381882678,26.7828529570481],[89.5583828898066,26.7831147140212],[89.5587398022749,26.7833883614804],[89.5591205009306,26.7838166696774],[89.5600008718811,26.7849231388386],[89.5609526338071,26.7859820193129],[89.5620114660425,26.78701711184],[89.5630702985661,26.7880402943476],[89.5639625758361,26.7888850232851],[89.5645931109786,26.7894323165804],[89.5654140188236,26.7898487333672],[89.5658423064917,26.7903127425617],[89.5673770370702,26.7909552237073],[89.5687095011108,26.7922996521414],[89.5694471052977,26.7932871383131],[89.5702679880087,26.7947386369359],[89.5706129782585,26.7959283757893],[89.5707081406861,26.7966422089144],[89.5708984669838,26.7980104050595],[89.5709159678566,26.7987961367931]]]},"properties":{"compartment":"Chunabhati BL1"},"id":"comptt.214"},
{"type":"Feature","geometry":{"type":"Polygon","coordinates":[[[89.4233077350827,26.8123641739106],[89.4207059191486,26.812477033242],[89.41458595594,26.8128576342541],[89.4117305995038,26.8130193787131],[89.4059437506136,26.8135998565719],[89.4024031193018,26.8140376080966],[89.399842815417,26.8144753787815],[89.3952456825855,26.815503220633],[89.39389595218,26.8160785652042],[89.3937434647686,26.815988522075],[89.3927054824401,26.8153735007709],[89.3893915314213,26.8137164332665],[89.3852826025819,26.8112323488729],[89.3835736446983,26.8096833129275],[89.3828986989251,26.807522296181],[89.3822267830521,26.8041282774656],[89.3824718447003,26.8015602780248],[89.3822528976486,26.7994012701933],[89.3823459086806,26.7989362712445],[89.3846558904897,26.7994343171846],[89.3878478706021,26.7999063803127],[89.3919348538177,26.8001534605557],[89.3966598269718,26.8007465538389],[89.401257808847,26.8009946440757],[89.405854787952,26.8013577344885],[89.4101977733206,26.8014908195613],[89.4114297699912,26.8014948436389],[89.4115721996101,26.8014954746852],[89.4141577625473,26.8015068969594],[89.4162077569821,26.801514937027],[89.4161787505312,26.8017839369091],[89.4169367038983,26.8036239547902],[89.4184586328844,26.8063859891424],[89.4197295959906,26.8077690162913],[89.4208725511039,26.8094950415141],[89.4228675210758,26.8105170822156],[89.4238075069166,26.8109991013951],[89.4237765002245,26.811278101256],[89.4236764793887,26.8121471007552],[89.4235524779649,26.8122190984518],[89.4233077350827,26.8123641739106]]]},"properties":{"compartment":"Rangamati BL3"},"id":"comptt.215"},
{"type":"Feature","geometry":{"type":"Polygon","coordinates":[[[89.4290859888028,26.8202369500637],[89.4280011216856,26.8210583202281],[89.4265924590109,26.8221433345018],[89.4239083807143,26.8240087851399],[89.4218524944758,26.8257219578025],[89.4208816575948,26.8265214401535],[89.4182502616094,26.8286979223286],[89.4176840981701,26.8284890109074],[89.4149771295452,26.8274899563022],[89.4101791950362,26.8253128588529],[89.4074412524443,26.8232458018799],[89.4033263110969,26.8212767181577],[89.400583348558,26.8200316624689],[89.3947714473179,26.8165955431714],[89.39389595218,26.8160785652042],[89.3952456825855,26.815503220633],[89.399842815417,26.8144753787815],[89.4024031193018,26.8140376080966],[89.4059437506136,26.8135998565719],[89.4117305995038,26.8130193787131],[89.41458595594,26.8128576342541],[89.4207059191486,26.812477033242],[89.4233077350827,26.8123641739106],[89.4221354612773,26.8130590721584],[89.4226414264473,26.8144390843573],[89.4242953801617,26.816167119582],[89.4269683115626,26.8187041760886],[89.4285902788108,26.8198782097696],[89.4290859888028,26.8202369500637]]]},"properties":{"compartment":"Rangamati BL 2"},"id":"comptt.216"},
{"type":"Feature","geometry":{"type":"Polygon","coordinates":[[[89.4290859888028,26.8202369500637],[89.4295202600351,26.8205512290822],[89.4320682057239,26.8225132821976],[89.4344961796391,26.8233263310435],[89.4370481420827,26.8245983830898],[89.4394771160016,26.8254114319629],[89.4398591038055,26.8258724402102],[89.4394660630342,26.8275924354189],[89.4398460396876,26.8285124444003],[89.4420170198672,26.829095487848],[89.4422180173026,26.8291794919212],[89.4455939739847,26.8306005603573],[89.4491729503925,26.8311886313652],[89.4504769648961,26.8304526556315],[89.4506729626859,26.8305226595842],[89.4508839603153,26.8305976638388],[89.4511879569011,26.8307056699687],[89.4540579245649,26.8317297278491],[89.4508048407,26.8355266706266],[89.4476327820541,26.838277613208],[89.4438007223318,26.8411435430578],[89.440604714242,26.8418184816525],[89.4347467853041,26.8395243631662],[89.4339337951587,26.8392063467245],[89.4311298438149,26.8375062890094],[89.4254189686953,26.8329831697066],[89.4201670700587,26.8293780609525],[89.4192270866159,26.8287980415998],[89.419063087386,26.8287840383689],[89.418779087426,26.8288130328631],[89.4186380871154,26.8288410301523],[89.4182502616094,26.8286979223286],[89.4208816575948,26.8265214401535],[89.4218524944758,26.8257219578025],[89.4239083807143,26.8240087851399],[89.4265924590109,26.8221433345018],[89.4280011216856,26.8210583202281],[89.4290859888028,26.8202369500637]]]},"properties":{"compartment":"Rangamati BL 1"},"id":"comptt.217"},
{"type":"Feature","geometry":{"type":"Polygon","coordinates":[[[89.4441738100233,26.6024649574234],[89.4443485204372,26.6011801486437],[89.4447165387583,26.6003781544318],[89.4452115632146,26.59930716223],[89.4458785819466,26.5984561737377],[89.4465476006491,26.5976061852854],[89.4473116252561,26.596500198243],[89.4485556670292,26.5946282192191],[89.4487146741387,26.5943152217752],[89.4486246845012,26.5938932193144],[89.4484587099918,26.5928492143262],[89.4483857210304,26.5923972121447],[89.4480418234913,26.5914982439497],[89.4538987261454,26.5915983177755],[89.4548027250895,26.5915463352304],[89.4571947173627,26.5916143817656],[89.4615257003621,26.5918634662398],[89.4621242701286,26.5919215492662],[89.4617873570735,26.5958943157074],[89.4612539114029,26.5981684788293],[89.4607959202187,26.6018797867017],[89.4606539817049,26.6018929163791],[89.4582126514058,26.6021641294449],[89.4563423927427,26.602306863379],[89.453415657464,26.6024210167553],[89.4475622007003,26.6024922932449],[89.4441738100233,26.6024649574234]]]},"properties":{"compartment":"Poro BL5"},"id":"comptt.218"},
{"type":"Feature","geometry":{"type":"Polygon","coordinates":[[[89.4607959202187,26.6018797867017],[89.4612539114029,26.5981684788293],[89.4617873570735,26.5958943157074],[89.4621242701286,26.5919215492662],[89.4644996869677,26.5921065243715],[89.4674736777345,26.5921765822104],[89.4711596638936,26.5923636540699],[89.4750376523152,26.5924367294639],[89.478529645976,26.5923327970651],[89.4793716451675,26.5922778133143],[89.4803436481856,26.5920498317904],[89.4811826515646,26.5918208476832],[89.4816226513894,26.5917818561567],[89.4811156252456,26.5929238482729],[89.4800005472694,26.5962878323925],[89.4791464811612,26.5991298206807],[89.4788814469733,26.6005808180201],[89.478787439283,26.6009108167601],[89.4781054337533,26.6012128040355],[89.4753884366933,26.6013767515635],[89.4727364366638,26.6016577005539],[89.4700204451872,26.6015896477063],[89.4691944469235,26.6016046316951],[89.4685061868858,26.6016789184594],[89.465222533856,26.601735964806],[89.4619246115576,26.6017644508283],[89.4607959202187,26.6018797867017]]]},"properties":{"compartment":"Poro5"},"id":"comptt.219"}
]}