{"type":"FeatureCollection","features":[{"type":"Feature","properties":{"Vill_name":"Chuakhola","Sub_dist":null,"District":"Alipurduar","Vill_LGD":"307393"},"geometry":{"type":"Polygon","coordinates":[[[4900730.2,4303110.6],[4900729.0,4303114.0],[4900722.2,4303122.0],[4900712.3,4303130.9],[4900711.1,4303138.8],[4900709.4,4303165.1],[4900707.5,4303166.9],[4900698.8,4303167.5],[4900691.1,4303167.3],[4900690.9,4303176.2],[4900691.6,4303183.6],[4900714.5,4303185.8],[4900720.3,4303238.9],[4900718.7,4303242.3],[4900714.6,4303246.4],[4900711.1,4303247.1],[4900692.2,4303247.8],[4900642.8,4303250.7],[4900601.6,4303253.6],[4900595.6,4303293.1],[4900584.2,4303357.9],[4900580.3,4303375.8],[4900560.9,4303450.7],[4900547.4,4303506.6],[4900542.9,4303527.5],[4900536.5,4303553.6],[4900531.8,4303577.4],[4900525.3,4303604.4],[4900522.0,4303620.3],[4900522.4,4303628.4],[4900522.4,4303639.7],[4900523.6,4303656.1],[4900523.9,4303673.6],[4900527.1,4303692.7],[4900530.0,4303714.9],[4900533.2,4303749.4],[4900535.4,4303764.2],[4900537.4,4303791.4],[4900539.6,4303807.6],[4900548.3,4303906.0],[4900549.9,4303919.1],[4900551.3,4303937.8],[4900558.8,4304012.5],[4900562.1,4304048.2],[4900567.1,4304094.8],[4900569.2,4304119.9],[4900573.8,4304153.8],[4900578.4,4304193.4],[4900580.7,4304218.5],[4900583.2,4304235.0],[4900586.8,4304268.3],[4900587.1,4304281.1],[4900584.6,4304322.1],[4900587.2,4304341.2],[4900589.5,4304353.3],[4900587.6,4304377.7],[4900576.4,4304384.4],[4900561.4,4304392.8],[4900547.4,4304398.5],[4900526.1,4304409.4],[4900517.2,4304415.9],[4900494.5,4304430.5],[4900461.4,4304453.0],[4900454.6,4304456.8],[4900451.1,4304461.8],[4900445.7,4304471.2],[4900440.4,4304481.9],[4900425.5,4304503.0],[4900417.5,4304515.2],[4900409.7,4304528.5],[4900396.1,4304547.5],[4900384.7,4304567.1],[4900378.5,4304577.0],[4900374.3,4304586.3],[4900368.2,4304596.7],[4900361.8,4304609.0],[4900357.9,4304613.1],[4900348.1,4304631.9],[4900339.5,4304644.9],[4900330.1,4304666.9],[4900326.0,4304679.0],[4900321.8,4304689.5],[4900319.8,4304697.7],[4900312.7,4304715.9],[4900309.0,4304738.3],[4900306.4,4304751.0],[4900307.0,4304757.3],[4900309.3,4304769.3],[4900314.5,4304804.8],[4900318.1,4304820.7],[4900324.5,4304853.9],[4900329.3,4304872.3],[4900342.7,4304934.8],[4900345.8,4304946.6],[4900348.8,4304960.7],[4900353.0,4304976.3],[4900356.8,4304995.8],[4900363.7,4305027.0],[4900366.7,4305042.6],[4900377.0,4305082.3],[4900393.2,4305140.1],[4900396.6,4305154.4],[4900402.9,4305174.2],[4900412.5,4305211.4],[4900417.8,4305229.0],[4900421.3,4305242.5],[4900427.1,4305262.8],[4900431.1,4305274.4],[4900435.2,4305288.6],[4900440.2,4305301.1],[4900445.2,4305316.3],[4900449.7,4305328.8],[4900453.3,4305341.2],[4900457.4,4305352.9],[4900460.3,4305362.5],[4900465.6,4305377.2],[4900476.5,4305411.0],[4900483.1,4305429.4],[4900488.1,4305445.8],[4900499.4,4305479.0],[4900502.8,4305492.1],[4900507.1,4305505.2],[4900517.5,4305541.4],[4900522.3,4305553.9],[4900528.7,4305586.5],[4900531.9,4305598.2],[4900535.3,4305621.3],[4900537.7,4305632.0],[4900540.0,4305650.4],[4900546.5,4305692.2],[4900550.5,4305714.0],[4900552.4,4305729.6],[4900553.5,4305782.8],[4900554.0,4305826.8],[4900555.0,4305850.3],[4900557.0,4305869.2],[4900559.2,4305884.2],[4900562.5,4305910.0],[4900569.7,4305970.4],[4900573.5,4305989.7],[4900575.3,4305997.2],[4900578.8,4306014.2],[4900581.1,4306022.9],[4900585.2,4306042.0],[4900587.9,4306052.2],[4900591.5,4306070.5],[4900594.2,4306079.0],[4900596.1,4306089.6],[4900601.8,4306113.6],[4900605.8,4306127.5],[4900607.8,4306138.0],[4900609.8,4306146.4],[4900613.8,4306159.2],[4900617.9,4306177.8],[4900575.7,4306177.9],[4900530.2,4306177.2],[4900522.5,4306177.5],[4900498.8,4306175.9],[4900434.5,4306172.5],[4900424.2,4306187.5],[4900406.5,4306209.1],[4900398.0,4306218.6],[4900386.4,4306233.3],[4900410.6,4306375.3],[4900437.7,4306558.4],[4900534.8,4306551.3],[4900582.9,4306531.0],[4900761.6,4306512.6],[4900806.6,4306404.7],[4900938.4,4306401.2],[4901163.2,4306384.0],[4901447.6,4306314.2],[4901443.7,4306220.7],[4901388.3,4306116.9],[4901273.8,4305943.8],[4901273.7,4305874.6],[4901322.5,4305850.4],[4901174.0,4305761.7],[4901059.8,4305654.5],[4900979.9,4305529.3],[4900914.4,4305370.5],[4900931.6,4305176.3],[4900948.7,4305085.7],[4901014.7,4305051.6],[4901020.8,4304926.1],[4901003.5,4304846.7],[4901065.2,4304787.8],[4901096.6,4304667.5],[4901145.0,4304670.8],[4901106.8,4304505.9],[4900965.5,4304512.3],[4900900.0,4304507.2],[4900865.4,4304480.0],[4900808.2,4304483.6],[4900784.3,4304348.8],[4900789.6,4304208.6],[4900796.4,4304148.0],[4900826.0,4304115.1],[4901018.8,4304068.4],[4901069.2,4304074.2],[4901065.6,4304036.2],[4901226.1,4304007.1],[4901229.5,4303844.7],[4901284.6,4303843.4],[4901291.4,4303763.7],[4901343.0,4303742.6],[4901350.0,4303586.7],[4901292.8,4303582.0],[4901262.0,4303538.8],[4901231.1,4303536.8],[4901219.0,4303461.0],[4901167.5,4303460.0],[4901096.5,4303444.3],[4901068.8,4303215.1],[4901062.0,4303151.9],[4901058.6,4303068.7],[4900824.0,4303086.4],[4900730.2,4303110.6]]]}},{"type":"Feature","properties":{"Vill_name":"Baradoba","Sub_dist":null,"District":"Alipurduar","Vill_LGD":"307357"},"geometry":{"type":"Polygon","coordinates":[[[4898656.4,4301704.8],[4898665.2,4301654.0],[4898638.6,4301575.8],[4898553.2,4301519.4],[4898431.4,4301489.5],[4898334.5,4301463.9],[4898263.8,4301382.2],[4898212.3,4301266.2],[4898084.5,4301114.5],[4897910.0,4301016.2],[4897771.5,4300994.7],[4897609.3,4301002.4],[4897510.9,4301029.3],[4897351.0,4301091.7],[4897225.2,4301150.6],[4897046.2,4301248.3],[4896978.7,4301328.2],[4896951.3,4301387.6],[4896879.0,4301423.9],[4896718.4,4301480.3],[4896559.4,4301549.1],[4896559.8,4301555.1],[4896567.0,4301610.4],[4896542.2,4301696.7],[4896542.4,4301743.4],[4896563.3,4301777.8],[4896573.7,4301837.4],[4896595.0,4301827.8],[4896613.1,4301817.0],[4896619.9,4301812.5],[4896633.4,4301804.6],[4896639.7,4301800.2],[4896654.8,4301791.7],[4896660.7,4301789.0],[4896670.7,4301785.8],[4896678.5,4301785.2],[4896709.0,4301786.8],[4896715.2,4301787.5],[4896724.5,4301789.2],[4896730.9,4301792.3],[4896746.6,4301802.0],[4896754.1,4301808.7],[4896758.9,4301815.0],[4896767.0,4301823.3],[4896772.7,4301831.7],[4896787.1,4301849.6],[4896791.3,4301858.9],[4896797.4,4301879.0],[4896799.8,4301888.7],[4896802.6,4301904.5],[4896805.7,4301920.0],[4896811.0,4301944.5],[4896817.0,4301969.7],[4896818.8,4301979.8],[4896822.1,4301992.2],[4896828.9,4302012.6],[4896835.2,4302026.2],[4896840.0,4302034.0],[4896844.6,4302040.7],[4896852.0,4302048.1],[4896855.8,4302052.5],[4896867.1,4302063.6],[4896872.9,4302068.0],[4896882.7,4302068.7],[4896911.2,4302067.1],[4896924.1,4302065.8],[4896937.5,4302063.6],[4896953.4,4302061.5],[4896965.1,4302059.3],[4896979.5,4302056.0],[4896992.2,4302051.7],[4897016.0,4302045.7],[4897020.5,4302043.9],[4897023.5,4302042.2],[4897026.4,4302038.7],[4897031.3,4302034.0],[4897033.9,4302030.0],[4897035.3,4302028.7],[4897038.2,4302028.2],[4897060.5,4302026.5],[4897064.5,4302025.9],[4897067.3,4301973.2],[4897065.9,4301963.5],[4897063.4,4301957.7],[4897052.6,4301946.7],[4897045.7,4301941.5],[4897027.1,4301928.4],[4897020.0,4301924.5],[4897011.2,4301918.8],[4897003.1,4301912.9],[4896990.8,4301894.4],[4896983.7,4301882.5],[4896977.4,4301872.5],[4896961.3,4301844.5],[4896953.8,4301833.2],[4896949.5,4301823.5],[4896946.6,4301818.6],[4896945.7,4301816.1],[4896945.2,4301813.5],[4896946.3,4301794.5],[4896947.6,4301789.1],[4896956.6,4301760.1],[4896960.0,4301746.2],[4896965.8,4301728.5],[4896970.5,4301709.4],[4896980.9,4301710.3],[4896981.7,4301700.5],[4897022.1,4301702.8],[4897023.9,4301688.8],[4897025.0,4301688.0],[4897047.5,4301692.6],[4897091.1,4301704.3],[4897110.6,4301707.9],[4897119.4,4301710.2],[4897132.5,4301711.4],[4897155.3,4301712.8],[4897174.5,4301713.6],[4897189.4,4301715.0],[4897221.9,4301716.8],[4897269.6,4301720.9],[4897296.0,4301722.6],[4897323.5,4301725.5],[4897347.9,4301729.4],[4897367.2,4301731.6],[4897384.7,4301733.1],[4897411.6,4301737.3],[4897420.4,4301741.7],[4897437.4,4301746.4],[4897455.9,4301753.4],[4897469.4,4301758.0],[4897480.7,4301762.4],[4897498.5,4301768.5],[4897512.4,4301776.2],[4897522.5,4301780.7],[4897548.7,4301793.7],[4897574.0,4301807.7],[4897583.0,4301812.0],[4897594.0,4301816.1],[4897598.4,4301818.2],[4897613.6,4301824.2],[4897621.3,4301828.0],[4897624.3,4301830.4],[4897630.7,4301836.6],[4897640.9,4301848.3],[4897690.0,4301837.9],[4897704.6,4301834.1],[4897743.5,4301826.2],[4897784.5,4301819.2],[4897857.2,4301805.1],[4897908.9,4301797.1],[4897937.2,4301793.2],[4897959.4,4301790.6],[4897963.9,4301799.0],[4898060.9,4301773.4],[4898123.0,4301758.6],[4898153.9,4301749.5],[4898177.3,4301742.2],[4898207.3,4301733.6],[4898237.3,4301725.6],[4898236.6,4301723.1],[4898252.3,4301715.3],[4898267.8,4301708.4],[4898297.9,4301696.1],[4898307.3,4301691.4],[4898321.7,4301680.8],[4898324.0,4301682.6],[4898325.9,4301683.1],[4898330.5,4301681.7],[4898348.6,4301674.7],[4898371.2,4301667.4],[4898376.8,4301665.1],[4898381.8,4301664.6],[4898403.9,4301663.9],[4898442.8,4301664.0],[4898456.3,4301655.3],[4898473.0,4301643.3],[4898491.4,4301634.3],[4898510.2,4301626.0],[4898528.6,4301618.6],[4898541.1,4301614.2],[4898537.5,4301609.6],[4898541.4,4301606.7],[4898554.2,4301615.1],[4898571.0,4301622.9],[4898579.8,4301628.8],[4898599.1,4301639.5],[4898609.3,4301646.6],[4898616.7,4301653.2],[4898633.2,4301673.1],[4898642.5,4301684.8],[4898649.2,4301694.8],[4898656.4,4301704.8]]]}},{"type":"Feature","properties":{"Vill_name":"Salkumar","Sub_dist":null,"District":"Alipurduar","Vill_LGD":"307221N091"},"geometry":{"type":"Polygon","coordinates":[[[4909581.3,4308023.5],[4909675.7,4307803.6],[4909715.3,4307557.5],[4909683.6,4307390.8],[4909493.1,4307287.6],[4909223.2,4307295.6],[4909054.8,4307362.6],[4908927.6,4307471.9],[4908916.7,4307576.0],[4908716.7,4307638.6],[4908816.3,4307700.9],[4908893.8,4307856.8],[4908860.8,4307971.7],[4908983.0,4308126.9],[4909303.8,4308065.2],[4909437.4,4308116.8],[4909581.3,4308023.5]]]}},{"type":"Feature","properties":{"Vill_name":"Bharnobari Tea Garden","Sub_dist":null,"District":"Alipurduar","Vill_LGD":"307117"},"geometry":{"type":"Polygon","coordinates":[[[4913048.5,4328334.3],[4913004.7,4329104.5],[4912961.4,4329454.2],[4912953.6,4329833.5],[4912931.5,4330180.3],[4912923.0,4330542.4],[4913139.2,4330531.2],[4913477.9,4330557.2],[4913712.3,4330557.2],[4913961.7,4330561.2],[4914061.5,4330568.5],[4914058.1,4330527.0],[4914013.0,4330441.9],[4913983.6,4330277.8],[4913976.5,4330128.7],[4914002.3,4329998.7],[4914024.6,4329883.4],[4914095.0,4329879.4],[4914203.2,4329867.8],[4914593.9,4329893.9],[4915163.0,4329919.7],[4915221.3,4329277.5],[4915257.8,4328824.8],[4915330.7,4328307.1],[4915359.8,4327852.6],[4915389.4,4327626.1],[4915389.0,4327356.4],[4915688.2,4327152.1],[4915936.3,4326976.8],[4915440.2,4326965.8],[4915192.4,4326958.9],[4914966.2,4326973.1],[4914652.6,4326987.5],[4914207.6,4326965.7],[4913712.1,4326973.4],[4913376.9,4327181.4],[4913238.3,4327429.2],[4913143.5,4327684.5],[4913077.8,4327998.7],[4913048.5,4328334.3]]]}},{"type":"Feature","properties":{"Vill_name":"Dalsingpara Tea Garden","Sub_dist":null,"District":"Alipurduar","Vill_LGD":"307118"},"geometry":{"type":"Polygon","coordinates":[[[4910889.4,4332433.7],[4910974.2,4332662.7],[4911029.4,4332813.7],[4911095.8,4332965.3],[4911132.7,4333098.7],[4911125.2,4333213.3],[4911077.0,4333338.7],[4911044.2,4333438.4],[4911033.0,4333538.1],[4911066.3,4333766.6],[4911099.0,4333944.1],[4911114.2,4334018.0],[4911088.0,4334073.2],[4911062.8,4334106.9],[4911128.5,4334353.8],[4911221.1,4334575.3],[4911320.7,4334926.5],[4911354.4,4334992.9],[4911379.7,4335059.0],[4911363.7,4335188.9],[4911866.3,4335248.3],[4912249.2,4335255.9],[4912524.5,4335252.4],[4913086.9,4335285.7],[4913581.6,4335316.2],[4913953.9,4335349.8],[4914322.3,4335361.0],[4914876.6,4335398.4],[4914958.3,4335394.9],[4914765.4,4335126.3],[4914653.1,4334936.7],[4914593.8,4334840.0],[4914623.9,4334489.7],[4914668.1,4334151.4],[4914679.7,4333857.2],[4914746.8,4333236.0],[4914832.0,4332584.2],[4914928.8,4331918.3],[4915029.2,4331237.3],[4915114.7,4330590.0],[4915163.0,4329919.7],[4914593.9,4329893.9],[4914203.2,4329867.8],[4914095.0,4329879.4],[4914024.6,4329883.4],[4914002.3,4329998.7],[4913976.5,4330128.7],[4913983.6,4330277.8],[4914013.0,4330441.9],[4914058.1,4330527.0],[4914061.5,4330568.5],[4913961.7,4330561.2],[4913712.3,4330557.2],[4913477.9,4330557.2],[4913139.2,4330531.2],[4912923.0,4330542.4],[4912621.6,4330528.0],[4912220.0,4330512.7],[4911877.5,4330513.0],[4911219.2,4330494.2],[4911204.2,4330795.6],[4911211.7,4331071.1],[4911208.0,4331361.7],[4911204.8,4331522.2],[4911226.5,4331652.5],[4911252.5,4331745.1],[4911256.9,4331767.9],[4911204.6,4331812.1],[4910951.5,4331886.9],[4910765.1,4331942.8],[4910826.9,4332231.2],[4910889.4,4332433.7]]]}},{"type":"Feature","properties":{"Vill_name":"Torsa Tea Garden","Sub_dist":null,"District":"Alipurduar","Vill_LGD":"307119"},"geometry":{"type":"Polygon","coordinates":[[[4915914.0,4339343.8],[4915996.0,4339341.4],[4916151.8,4339343.0],[4916356.3,4339332.1],[4916718.0,4339325.7],[4916948.5,4339323.5],[4916976.5,4339322.7],[4917189.3,4339319.2],[4917567.5,4339323.9],[4917747.9,4339330.3],[4917907.2,4339332.3],[4918020.0,4339280.7],[4918218.4,4339192.3],[4918644.2,4338999.9],[4918747.2,4338954.1],[4918817.4,4338924.7],[4918829.2,4338928.5],[4918795.1,4338693.7],[4918797.2,4338690.3],[4918868.6,4338615.6],[4918800.8,4338533.8],[4918758.0,4338462.5],[4918420.6,4338152.6],[4918132.8,4337924.1],[4917896.7,4338196.8],[4917040.9,4337591.8],[4917262.3,4337215.3],[4916775.0,4336853.5],[4916110.5,4336336.3],[4914958.3,4335394.9],[4914876.6,4335398.4],[4914322.3,4335361.0],[4913953.9,4335349.8],[4913581.6,4335316.2],[4913086.9,4335285.7],[4912524.5,4335252.4],[4912249.2,4335255.9],[4911866.3,4335248.3],[4911363.7,4335188.9],[4911285.8,4335521.7],[4911395.1,4335609.5],[4911431.6,4335667.7],[4911504.7,4335988.1],[4911599.3,4336331.1],[4911657.8,4336535.4],[4911758.1,4336708.7],[4913263.3,4336650.1],[4913314.7,4336694.3],[4913381.3,4336893.5],[4913395.4,4337071.0],[4913373.6,4337218.4],[4913366.3,4337351.2],[4913358.5,4337432.3],[4913358.8,4337506.5],[4913410.5,4337536.0],[4913476.8,4337535.8],[4913521.1,4337513.8],[4913550.4,4337661.1],[4913683.5,4337735.3],[4913727.8,4337949.2],[4913793.9,4338178.3],[4913943.5,4338059.7],[4914100.3,4338049.0],[4914249.6,4338070.9],[4914493.9,4338089.0],[4914672.0,4338143.7],[4914814.1,4338266.0],[4915003.5,4337890.3],[4915433.7,4338120.2],[4915408.3,4338156.8],[4915404.5,4338185.6],[4915411.8,4338247.9],[4915317.1,4338440.8],[4915229.5,4338546.7],[4915149.5,4338462.8],[4915080.1,4338477.2],[4914981.8,4338404.2],[4914890.5,4338382.6],[4914933.8,4338700.1],[4915566.0,4339340.6],[4915689.4,4339342.6],[4915914.0,4339343.8]]]}},{"type":"Feature","properties":{"Vill_name":"Jaygaon (CT)","Sub_dist":null,"District":"Alipurduar","Vill_LGD":"307147"},"geometry":{"type":"Polygon","coordinates":[[[4915406.5,4339713.0],[4915554.3,4339340.4],[4915566.0,4339340.6],[4914933.8,4338700.1],[4914890.5,4338382.6],[4914981.8,4338404.2],[4915080.1,4338477.2],[4915149.5,4338462.8],[4915229.5,4338546.7],[4915317.1,4338440.8],[4915411.8,4338247.9],[4915404.5,4338185.6],[4915408.3,4338156.8],[4915433.7,4338120.2],[4915003.5,4337890.3],[4914814.1,4338266.0],[4914672.0,4338143.7],[4914493.9,4338089.0],[4914249.6,4338070.9],[4914100.3,4338049.0],[4913943.5,4338059.7],[4913793.9,4338178.3],[4913735.0,4338178.5],[4913558.3,4338133.6],[4913484.2,4338089.3],[4913462.3,4338148.2],[4913550.8,4338289.0],[4913717.3,4338505.8],[4913753.8,4338554.2],[4913764.1,4338472.2],[4913906.5,4338504.5],[4913911.4,4338648.2],[4913941.4,4338658.0],[4914077.5,4338658.6],[4914147.5,4338673.3],[4914232.6,4338692.1],[4914273.2,4338696.0],[4914294.6,4338700.0],[4914299.3,4338806.8],[4914277.6,4339014.1],[4914100.2,4338984.5],[4914075.2,4339087.4],[4913937.2,4339053.8],[4913874.8,4339065.0],[4913769.1,4339106.7],[4913713.2,4339167.4],[4913705.6,4339233.8],[4913779.4,4339374.4],[4913815.1,4339409.5],[4913822.9,4339419.7],[4913821.3,4339443.7],[4913872.6,4339489.9],[4913972.2,4339586.1],[4913808.8,4339694.7],[4913762.2,4339713.6],[4913714.1,4339742.7],[4913687.4,4339758.1],[4913458.4,4339522.2],[4913384.7,4339522.6],[4913325.4,4339530.0],[4913252.2,4339611.1],[4913086.0,4339573.6],[4912887.3,4339577.4],[4912982.5,4339938.6],[4913023.6,4340241.3],[4913049.3,4340463.1],[4913108.0,4340500.3],[4913097.2,4340592.6],[4913081.0,4340603.2],[4913133.5,4340873.0],[4913136.5,4340884.0],[4913231.4,4340929.9],[4913343.8,4340985.0],[4913414.2,4341020.8],[4913463.1,4341044.7],[4913551.8,4341086.0],[4913679.9,4341148.2],[4913783.0,4341197.8],[4913898.0,4341258.4],[4913964.3,4341291.5],[4914022.0,4341319.7],[4914141.4,4341377.7],[4914234.7,4341421.1],[4914315.2,4341459.4],[4914356.8,4341476.2],[4914388.5,4341461.6],[4914467.0,4341410.0],[4914512.1,4341384.9],[4914570.4,4341345.1],[4914607.7,4341321.2],[4914676.4,4341278.5],[4914737.8,4341237.1],[4914832.5,4341169.8],[4914855.5,4341104.3],[4915024.9,4340662.5],[4915125.5,4340409.9],[4915188.8,4340255.0],[4915406.5,4339713.0]]]}},{"type":"Feature","properties":{"Vill_name":"Chhota Jaygaon","Sub_dist":null,"District":"Alipurduar","Vill_LGD":"307121"},"geometry":{"type":"Polygon","coordinates":[[[4917262.3,4337215.3],[4917040.9,4337591.8],[4917896.7,4338196.8],[4918132.8,4337924.1],[4917890.1,4337709.1],[4917262.3,4337215.3]]]}},{"type":"Feature","properties":{"Vill_name":"Madhya Satali","Sub_dist":null,"District":"Alipurduar","Vill_LGD":"307110"},"geometry":{"type":"Polygon","coordinates":[[[4912121.4,4320837.6],[4912070.2,4320932.4],[4911938.7,4321124.1],[4911935.1,4321270.8],[4911891.2,4321776.2],[4911854.8,4322093.7],[4911814.6,4322522.6],[4911811.4,4322599.6],[4911971.7,4322606.8],[4912073.9,4322646.6],[4912139.4,4322694.4],[4912175.9,4322701.6],[4912186.7,4322723.7],[4912157.9,4322760.1],[4912128.6,4322767.1],[4912095.6,4322789.1],[4912095.6,4322851.0],[4912113.8,4322953.5],[4912150.5,4323128.7],[4912161.2,4323223.5],[4912186.9,4323282.2],[4912230.9,4323307.9],[4912270.9,4323293.2],[4912303.9,4323249.0],[4912292.8,4323214.6],[4912376.7,4323207.3],[4912406.0,4323210.7],[4912427.7,4323229.0],[4912453.5,4323254.8],[4912464.3,4323254.8],[4912497.1,4323225.4],[4912522.6,4323196.2],[4912545.0,4323159.9],[4912570.5,4323108.6],[4912640.0,4323083.4],[4912646.9,4323207.0],[4912654.4,4323294.8],[4912603.1,4323320.4],[4912570.2,4323331.1],[4912555.6,4323389.8],[4912566.9,4323419.3],[4912632.5,4323444.6],[4912800.3,4323459.0],[4912946.4,4323495.5],[4913300.3,4323532.1],[4913340.4,4323484.9],[4913329.2,4323442.7],[4913311.0,4323402.0],[4913299.9,4323325.8],[4913299.8,4323267.3],[4913343.7,4323263.5],[4913405.6,4323303.8],[4913442.2,4323278.1],[4913475.3,4323234.0],[4913450.0,4323197.9],[4913398.2,4323172.3],[4913365.9,4323128.0],[4913329.2,4323073.7],[4913332.7,4323011.5],[4913387.7,4323022.5],[4913573.6,4322997.0],[4913694.4,4322967.9],[4913705.5,4322920.3],[4913687.0,4322854.6],[4913734.3,4322790.5],[4913727.5,4322747.0],[4913708.9,4322696.0],[4913679.7,4322659.7],[4913694.1,4322604.9],[4913719.9,4322568.3],[4913708.9,4322542.7],[4913708.8,4322502.5],[4913727.1,4322469.9],[4913759.6,4322436.6],[4913785.4,4322411.3],[4913781.7,4322385.6],[4913759.6,4322345.2],[4913756.3,4322301.8],[4913792.8,4322287.4],[4913924.2,4322272.1],[4913920.7,4322367.2],[4913979.0,4322360.2],[4914070.2,4322382.2],[4914084.7,4322316.1],[4914132.6,4322250.6],[4914194.3,4322243.3],[4914275.0,4322250.6],[4914322.0,4322214.0],[4914292.9,4322164.5],[4914278.5,4322146.1],[4914252.8,4322087.9],[4914241.8,4322011.2],[4914223.7,4321927.3],[4914223.9,4321759.3],[4914179.7,4321534.2],[4914183.9,4321446.5],[4914241.7,4321388.3],[4914387.6,4321337.4],[4914537.7,4321289.6],[4914563.4,4321205.8],[4914519.4,4321180.1],[4914515.8,4321132.8],[4914508.4,4320979.2],[4914458.3,4320825.0],[4914217.4,4320810.0],[4914020.4,4320788.7],[4913888.8,4320748.0],[4913823.3,4320741.0],[4913768.7,4320732.0],[4913739.1,4320754.1],[4913739.2,4320805.2],[4913750.5,4320834.2],[4913761.3,4320845.1],[4913779.2,4320881.8],[4913768.8,4320892.6],[4913710.2,4320896.2],[4913706.2,4320958.9],[4913710.1,4321082.8],[4913600.9,4321086.0],[4913549.6,4321100.7],[4913436.2,4321130.1],[4913341.7,4321144.8],[4913221.1,4321148.3],[4913170.0,4321148.3],[4913155.6,4321071.5],[4913151.6,4321009.9],[4913169.8,4320969.0],[4913180.7,4320936.6],[4913191.9,4320918.0],[4913173.6,4320900.4],[4913129.8,4320911.1],[4913093.2,4320936.8],[4913031.3,4320947.6],[4912962.0,4320991.0],[4912936.5,4321020.7],[4912878.3,4321086.2],[4912743.3,4321093.4],[4912549.8,4321102.8],[4912488.0,4321121.0],[4912447.6,4321113.6],[4912429.4,4321084.8],[4912447.6,4321062.5],[4912498.7,4321022.8],[4912513.4,4320971.4],[4912488.0,4320887.2],[4912448.0,4320818.4],[4912404.1,4320752.0],[4912338.1,4320745.4],[4912209.2,4320738.7],[4912121.4,4320837.6]]]}},{"type":"Feature","properties":{"Vill_name":"Alipurduar Rly.Jnc. (CT)","Sub_dist":null,"District":"Alipurduar","Vill_LGD":"307256"},"geometry":{"type":"Polygon","coordinates":[[[4933135.0,4303650.6],[4933113.9,4303648.5],[4933101.1,4303648.3],[4933085.1,4303649.2],[4933070.8,4303649.2],[4933036.1,4303651.5],[4933005.0,4303654.2],[4932991.4,4303654.8],[4932971.8,4303657.2],[4932965.7,4303657.2],[4932954.8,4303657.8],[4932939.6,4303658.9],[4932929.7,4303658.9],[4932917.4,4303659.6],[4932913.0,4303659.4],[4932910.8,4303657.1],[4932907.8,4303651.2],[4932903.3,4303638.6],[4932902.8,4303628.3],[4932902.2,4303591.9],[4932902.4,4303583.5],[4932901.5,4303558.7],[4932900.6,4303545.4],[4932900.3,4303505.7],[4932900.7,4303485.2],[4932900.6,4303482.1],[4932897.4,4303479.4],[4932893.5,4303478.3],[4932887.7,4303477.7],[4932859.8,4303476.8],[4932852.0,4303475.0],[4932838.5,4303474.1],[4932832.5,4303474.2],[4932808.3,4303470.9],[4932801.7,4303470.7],[4932786.7,4303469.6],[4932771.8,4303466.8],[4932753.6,4303465.2],[4932729.7,4303461.8],[4932704.7,4303459.0],[4932681.6,4303458.3],[4932644.3,4303461.2],[4932615.1,4303459.5],[4932612.7,4303460.5],[4932612.5,4303465.0],[4932613.6,4303502.9],[4932612.7,4303517.2],[4932611.2,4303530.4],[4932611.2,4303540.8],[4932610.5,4303547.1],[4932608.8,4303552.1],[4932605.3,4303555.6],[4932598.9,4303557.5],[4932590.1,4303558.4],[4932569.2,4303559.6],[4932549.2,4303560.3],[4932537.7,4303561.3],[4932472.9,4303562.4],[4932457.8,4303563.6],[4932403.6,4303564.3],[4932392.6,4303566.0],[4932357.3,4303568.5],[4932348.6,4303568.8],[4932335.1,4303569.8],[4932328.0,4303570.7],[4932305.5,4303570.5],[4932262.1,4303568.8],[4932258.8,4303569.0],[4932257.7,4303570.8],[4932258.5,4303573.9],[4932263.7,4303582.5],[4932268.0,4303602.5],[4932268.2,4303606.3],[4932273.5,4303618.0],[4932276.1,4303625.9],[4932279.6,4303641.9],[4932279.2,4303644.2],[4932277.2,4303646.0],[4932271.1,4303646.3],[4932261.9,4303646.2],[4932249.3,4303644.6],[4932234.2,4303644.2],[4932225.7,4303642.9],[4932204.3,4303641.9],[4932184.5,4303639.8],[4932174.8,4303639.3],[4932154.5,4303637.6],[4932143.2,4303637.2],[4932125.8,4303635.6],[4932110.1,4303636.0],[4932102.5,4303636.8],[4932097.3,4303639.2],[4932094.2,4303639.4],[4932089.3,4303638.5],[4932074.0,4303636.4],[4932039.0,4303634.1],[4932013.6,4303633.2],[4931973.5,4303630.8],[4931955.5,4303630.5],[4931946.8,4303630.8],[4931932.8,4303629.5],[4931899.4,4303628.0],[4931880.4,4303628.0],[4931867.8,4303627.0],[4931851.4,4303625.2],[4931841.4,4303625.2],[4931825.6,4303623.6],[4931806.0,4303623.1],[4931796.0,4303622.3],[4931787.1,4303622.0],[4931775.7,4303622.4],[4931766.8,4303621.4],[4931753.5,4303621.5],[4931737.0,4303619.8],[4931729.2,4303619.6],[4931729.0,4303621.4],[4931736.8,4303630.4],[4931742.7,4303639.9],[4931755.0,4303656.6],[4931764.1,4303673.4],[4931776.2,4303689.5],[4931789.8,4303704.9],[4931806.4,4303721.7],[4931806.4,4303724.6],[4931805.6,4303728.8],[4931797.3,4303738.2],[4931787.4,4303745.6],[4931773.2,4303759.0],[4931767.7,4303763.8],[4931759.3,4303770.0],[4931738.8,4303790.5],[4931729.2,4303802.2],[4931722.8,4303811.5],[4931716.8,4303823.4],[4931712.5,4303829.6],[4931705.9,4303840.5],[4931701.9,4303849.9],[4931688.9,4303873.6],[4931685.3,4303881.0],[4931680.5,4303895.2],[4931675.5,4303916.2],[4931674.7,4303924.5],[4931672.5,4303932.4],[4931671.3,4303942.5],[4931668.2,4303961.4],[4931665.5,4303963.3],[4931661.2,4303963.7],[4931656.4,4303963.5],[4931644.7,4303964.0],[4931630.4,4303965.6],[4931626.6,4303966.5],[4931616.9,4303967.7],[4931599.8,4303970.7],[4931593.1,4303972.7],[4931581.2,4303975.0],[4931572.9,4303975.8],[4931570.2,4303976.4],[4931569.1,4303975.5],[4931569.0,4303972.2],[4931568.3,4303968.2],[4931568.2,4303961.3],[4931567.6,4303956.5],[4931567.7,4303951.4],[4931566.0,4303951.4],[4931561.6,4303951.6],[4931549.8,4303953.6],[4931545.5,4303953.6],[4931536.3,4303955.1],[4931530.0,4303956.8],[4931515.5,4303958.5],[4931507.7,4303958.5],[4931496.9,4303959.3],[4931475.7,4303962.4],[4931450.6,4303964.7],[4931427.9,4303965.9],[4931419.6,4303965.7],[4931407.0,4303966.4],[4931391.8,4303967.8],[4931375.1,4303967.7],[4931368.9,4303967.4],[4931363.2,4303967.9],[4931355.1,4303968.1],[4931335.6,4303967.4],[4931301.0,4303968.3],[4931294.1,4303968.7],[4931288.7,4303970.7],[4931279.4,4303972.6],[4931267.2,4303973.2],[4931263.5,4303973.7],[4931252.2,4303977.3],[4931239.4,4303979.3],[4931223.3,4303981.1],[4931210.9,4303982.0],[4931199.6,4303982.2],[4931193.4,4303981.7],[4931181.5,4303982.2],[4931167.7,4303983.2],[4931159.0,4303983.3],[4931152.2,4303982.9],[4931134.7,4303982.7],[4931113.5,4303985.3],[4931106.5,4303985.6],[4931101.5,4303985.3],[4931094.8,4303986.5],[4931086.9,4303993.1],[4931078.0,4303996.4],[4931069.9,4303998.3],[4931052.2,4303999.1],[4931044.5,4303999.9],[4931036.7,4304002.0],[4931019.0,4304008.3],[4931016.6,4304007.2],[4931014.0,4304003.0],[4931013.0,4303994.2],[4931013.6,4303986.5],[4931015.5,4303979.6],[4931021.4,4303975.9],[4931026.8,4303974.1],[4931028.9,4303971.2],[4931031.4,4303964.0],[4931039.5,4303947.1],[4931041.4,4303940.5],[4931041.1,4303937.2],[4931039.0,4303932.5],[4931035.0,4303929.1],[4931025.9,4303922.9],[4931013.6,4303916.0],[4930999.2,4303910.4],[4930985.1,4303905.3],[4930970.8,4303899.4],[4930960.8,4303898.0],[4930949.2,4303897.8],[4930938.0,4303899.1],[4930931.4,4303899.2],[4930914.6,4303894.8],[4930905.1,4303891.4],[4930897.9,4303887.5],[4930893.4,4303882.5],[4930883.2,4303868.8],[4930875.5,4303856.2],[4930874.8,4303848.8],[4930875.4,4303835.6],[4930876.2,4303830.2],[4930882.7,4303822.1],[4930886.1,4303816.4],[4930887.8,4303809.3],[4930894.7,4303795.0],[4930900.2,4303789.5],[4930907.9,4303786.0],[4930934.8,4303777.4],[4930965.9,4303772.2],[4930978.6,4303771.3],[4930987.9,4303770.1],[4931003.6,4303766.1],[4931011.8,4303763.3],[4931022.2,4303756.6],[4931033.7,4303745.1],[4931043.3,4303736.5],[4931052.0,4303733.9],[4931061.6,4303732.7],[4931080.7,4303733.6],[4931094.3,4303736.6],[4931126.6,4303745.6],[4931133.1,4303749.1],[4931137.3,4303752.3],[4931146.0,4303755.7],[4931173.8,4303769.1],[4931193.0,4303779.3],[4931196.2,4303779.7],[4931200.5,4303779.1],[4931209.6,4303776.2],[4931218.0,4303772.6],[4931234.7,4303766.8],[4931237.5,4303765.3],[4931241.2,4303762.1],[4931248.2,4303753.0],[4931256.9,4303741.1],[4931259.5,4303736.2],[4931261.3,4303729.3],[4931261.9,4303722.3],[4931259.1,4303703.6],[4931255.3,4303691.1],[4931254.4,4303678.7],[4931255.1,4303674.8],[4931255.1,4303671.8],[4931254.0,4303668.4],[4931249.9,4303663.9],[4931231.7,4303648.0],[4931228.6,4303646.5],[4931225.1,4303645.4],[4931220.5,4303644.2],[4931204.5,4303642.2],[4931194.0,4303639.9],[4931186.7,4303639.5],[4931182.9,4303639.7],[4931173.6,4303638.9],[4931165.7,4303637.0],[4931155.8,4303633.9],[4931138.9,4303630.6],[4931101.1,4303620.1],[4931084.2,4303613.3],[4931075.0,4303610.2],[4931064.5,4303606.3],[4931043.9,4303601.6],[4931036.4,4303600.5],[4931020.2,4303595.3],[4931008.5,4303592.5],[4930996.5,4303589.1],[4930979.3,4303589.2],[4930968.2,4303588.8],[4930963.2,4303588.3],[4930960.8,4303586.0],[4930957.0,4303575.4],[4930952.0,4303568.7],[4930944.2,4303559.9],[4930940.3,4303550.5],[4930935.8,4303541.8],[4930931.1,4303531.2],[4930926.0,4303517.7],[4930923.7,4303510.1],[4930922.0,4303498.8],[4930919.9,4303494.2],[4930915.5,4303489.9],[4930910.3,4303486.6],[4930908.4,4303484.2],[4930906.5,4303480.2],[4930906.2,4303476.4],[4930905.1,4303471.9],[4930896.9,4303455.9],[4930893.3,4303449.8],[4930886.9,4303437.8],[4930883.0,4303429.6],[4930880.5,4303424.0],[4930880.4,4303420.9],[4930878.7,4303414.6],[4930877.8,4303409.1],[4930877.4,4303404.1],[4930876.3,4303400.4],[4930874.8,4303397.2],[4930872.3,4303394.5],[4930868.0,4303390.9],[4930858.1,4303378.9],[4930847.7,4303367.5],[4930842.5,4303362.8],[4930836.2,4303358.9],[4930830.0,4303355.6],[4930823.7,4303352.8],[4930814.6,4303350.2],[4930791.4,4303346.3],[4930784.2,4303345.5],[4930774.5,4303345.7],[4930766.6,4303346.2],[4930758.4,4303346.0],[4930745.4,4303344.3],[4930738.4,4303343.7],[4930733.3,4303342.8],[4930728.2,4303341.0],[4930718.8,4303335.5],[4930709.2,4303329.0],[4930702.8,4303323.7],[4930695.2,4303316.4],[4930679.8,4303294.5],[4930675.4,4303287.3],[4930666.8,4303277.3],[4930663.2,4303272.5],[4930661.1,4303270.6],[4930644.8,4303285.6],[4930623.4,4303332.7],[4930673.3,4303440.2],[4930666.2,4303547.4],[4930609.3,4303668.4],[4930609.3,4303802.0],[4930673.0,4303855.7],[4930823.5,4303902.7],[4930945.3,4303942.9],[4930973.5,4304050.3],[4930955.4,4304110.3],[4930884.0,4304177.2],[4930748.1,4304184.4],[4930726.8,4304217.7],[4930719.7,4304244.4],[4930741.0,4304311.2],[4930934.2,4304492.4],[4930926.9,4304592.7],[4930891.4,4304626.4],[4930826.7,4304633.1],[4930741.3,4304673.2],[4930741.2,4304706.6],[4930791.4,4304787.1],[4930791.0,4304887.8],[4930511.3,4304891.0],[4930443.1,4304921.2],[4930407.6,4304934.7],[4930382.7,4304971.8],[4930354.3,4305021.5],[4930289.6,4305028.7],[4930261.2,4305058.8],[4930261.2,4305129.0],[4930282.6,4305186.0],[4930321.8,4305229.7],[4930357.8,4305256.9],[4930414.8,4305276.8],[4930489.9,4305246.1],[4930532.5,4305238.8],[4930589.5,4305124.6],[4930711.2,4305138.3],[4930711.0,4305305.8],[4930847.2,4305292.7],[4930961.2,4305413.1],[4931133.2,4305708.1],[4931097.3,4305842.5],[4931011.5,4305983.2],[4931011.8,4306110.4],[4930911.1,4306170.9],[4930911.4,4306237.7],[4930879.3,4306332.0],[4930893.3,4306398.9],[4930814.5,4306445.7],[4930829.1,4306499.5],[4930807.8,4306553.5],[4930693.3,4306667.3],[4930693.1,4306774.4],[4930607.2,4306815.0],[4930514.0,4306975.5],[4931147.3,4307002.4],[4931418.9,4307002.2],[4931662.2,4307049.2],[4931740.6,4306673.8],[4931747.9,4306552.9],[4931768.4,4306557.4],[4931734.1,4306397.2],[4931728.7,4306202.8],[4931685.3,4305959.4],[4931643.1,4305741.0],[4931610.4,4305456.3],[4931583.3,4305168.4],[4931563.4,4304943.7],[4931558.2,4304858.6],[4931619.8,4304748.7],[4931962.5,4304728.8],[4932270.0,4304728.8],[4932305.6,4305030.1],[4932873.8,4305440.4],[4932995.0,4305339.7],[4933031.4,4305124.8],[4933088.4,4305051.5],[4933138.0,4305051.4],[4933217.0,4304930.9],[4933173.6,4304861.5],[4933164.8,4304754.8],[4933153.4,4304679.2],[4933145.4,4304629.0],[4933141.0,4304604.0],[4933135.6,4304579.0],[4933124.2,4304529.3],[4933119.6,4304504.5],[4933116.5,4304479.5],[4933111.5,4304429.7],[4933107.2,4304379.8],[4933105.4,4304354.9],[4933102.5,4304305.3],[4933100.6,4304255.8],[4933100.0,4304206.7],[4933100.3,4304182.2],[4933101.1,4304157.8],[4933103.5,4304109.2],[4933112.0,4303988.4],[4933114.9,4303940.1],[4933119.4,4303818.8],[4933121.9,4303770.5],[4933123.6,4303746.4],[4933125.7,4303722.4],[4933128.4,4303698.5],[4933135.0,4303650.6]]]}},{"type":"Feature","properties":{"Vill_name":"Purbba Majherdabri Tea Garden","Sub_dist":null,"District":"Alipurduar","Vill_LGD":"307262"},"geometry":{"type":"Polygon","coordinates":[[[4934591.4,4307835.4],[4934594.4,4307814.0],[4934317.2,4307776.6],[4934304.2,4307678.7],[4934309.5,4307434.4],[4934348.7,4307262.9],[4934451.4,4307189.8],[4934506.7,4307122.2],[4934473.3,4307049.9],[4934328.9,4307060.1],[4934285.1,4306857.2],[4933647.6,4306909.1],[4933376.0,4306919.7],[4933115.8,4306888.5],[4932938.0,4306898.7],[4932741.5,4307022.4],[4932762.6,4307176.1],[4932705.9,4307263.8],[4932662.8,4307290.2],[4932540.9,4307344.3],[4932455.6,4307330.8],[4932391.0,4307243.3],[4932226.7,4307095.9],[4932226.5,4306834.6],[4931990.5,4306767.3],[4931990.8,4306606.8],[4931747.9,4306552.9],[4931740.6,4306673.8],[4931662.2,4307049.2],[4931540.8,4307531.6],[4931418.8,4307813.5],[4931390.2,4308001.2],[4931836.9,4308128.2],[4931958.5,4308172.4],[4932089.9,4308177.2],[4932183.3,4308103.6],[4932305.4,4308109.0],[4932499.1,4308186.5],[4932655.7,4308259.3],[4932894.1,4308132.7],[4933055.1,4308113.4],[4933454.9,4308030.5],[4933937.5,4307932.8],[4934591.4,4307835.4]]]}},{"type":"Feature","properties":{"Vill_name":"Uttar Panialguri","Sub_dist":null,"District":"Alipurduar","Vill_LGD":"307263"},"geometry":{"type":"Polygon","coordinates":[[[4937247.3,4308892.3],[4937142.1,4308843.5],[4936931.2,4308796.1],[4936925.6,4308729.1],[4936876.2,4308713.5],[4936815.1,4308708.1],[4936731.9,4308651.0],[4936720.6,4308609.2],[4936693.4,4308593.7],[4936643.0,4308588.3],[4936565.7,4308531.6],[4936499.4,4308562.3],[4936432.9,4308557.2],[4936421.6,4308494.7],[4936465.6,4308458.5],[4936499.0,4308427.2],[4936438.4,4308380.1],[4936327.0,4308286.9],[4936343.9,4308250.9],[4936460.3,4308208.8],[4936263.5,4308146.3],[4936299.6,4308089.1],[4936288.8,4308006.1],[4936349.5,4307938.8],[4936427.1,4307918.0],[4936488.3,4307861.0],[4936471.7,4307715.3],[4936471.8,4307622.0],[4936416.1,4307554.0],[4936388.6,4307460.4],[4936405.0,4307304.5],[4936482.8,4307268.4],[4936576.7,4307164.4],[4936621.4,4307091.4],[4936643.4,4306951.0],[4936626.7,4306857.4],[4936599.3,4306805.5],[4936452.2,4306789.6],[4936241.7,4306846.8],[4936064.4,4306888.4],[4936008.5,4306763.9],[4935687.0,4306789.8],[4935410.3,4306826.1],[4935437.5,4306966.4],[4935448.9,4307117.2],[4935343.5,4307101.9],[4935310.2,4307018.3],[4935216.0,4306904.2],[4935022.1,4306789.8],[4935055.1,4306623.5],[4934833.7,4306519.5],[4934783.5,4306592.3],[4934739.4,4306571.5],[4934523.1,4306483.0],[4934512.3,4306534.6],[4934368.1,4306571.4],[4934373.8,4306514.2],[4934379.2,4306379.4],[4934024.9,4306446.9],[4933647.5,4306430.8],[4933630.9,4306581.7],[4933331.8,4306540.4],[4933148.7,4306509.0],[4933187.8,4306758.4],[4933137.4,4306805.1],[4933054.7,4306831.1],[4932938.0,4306898.7],[4933115.8,4306888.5],[4933376.0,4306919.7],[4933647.6,4306909.1],[4934285.1,4306857.2],[4934328.9,4307060.1],[4934473.3,4307049.9],[4934506.7,4307122.2],[4934451.4,4307189.8],[4934348.7,4307262.9],[4934309.5,4307434.4],[4934304.2,4307678.7],[4934317.2,4307776.6],[4934594.4,4307814.0],[4934591.4,4307835.4],[4934864.2,4308259.5],[4935069.3,4308571.4],[4935230.4,4308756.9],[4935442.1,4309012.1],[4937238.7,4309030.4],[4937247.3,4308892.3]]]}},{"type":"Feature","properties":{"Vill_name":"Dakshin Panialguri","Sub_dist":null,"District":"Alipurduar","Vill_LGD":"307264"},"geometry":{"type":"Polygon","coordinates":[[[4936158.5,4305446.6],[4936108.8,4305439.8],[4936108.7,4305379.9],[4936137.4,4305272.2],[4936065.5,4305225.1],[4936015.5,4305171.6],[4936037.4,4305084.8],[4935965.5,4305077.9],[4935822.9,4305030.8],[4935880.3,4305164.6],[4935837.4,4305292.2],[4935747.8,4305420.0],[4935383.0,4305366.2],[4935104.3,4305339.6],[4934861.0,4305232.2],[4934582.8,4305125.0],[4934275.4,4305051.4],[4934253.7,4304890.2],[4933989.4,4304850.1],[4933853.3,4304984.5],[4933774.8,4304984.2],[4933688.6,4304957.4],[4933560.0,4304997.9],[4933538.8,4304857.0],[4933438.8,4304903.7],[4933410.3,4304863.1],[4933295.6,4304836.9],[4933217.0,4304930.9],[4933138.0,4305051.4],[4933088.4,4305051.5],[4933031.4,4305124.8],[4932995.0,4305339.7],[4932873.8,4305440.4],[4932931.0,4305487.4],[4932916.5,4305614.4],[4933024.2,4305714.8],[4933074.2,4305942.6],[4933102.9,4305989.7],[4933056.0,4306117.1],[4932948.7,4306224.4],[4932934.7,4306331.8],[4933084.9,4306385.2],[4933148.7,4306509.0],[4933331.8,4306540.4],[4933630.9,4306581.7],[4933647.5,4306430.8],[4934024.9,4306446.9],[4934379.2,4306379.4],[4934373.8,4306514.2],[4934368.1,4306571.4],[4934512.3,4306534.6],[4934523.1,4306483.0],[4934739.4,4306571.5],[4934783.5,4306592.3],[4934833.7,4306519.5],[4935055.1,4306623.5],[4935022.1,4306789.8],[4935216.0,4306904.2],[4935310.2,4307018.3],[4935343.5,4307101.9],[4935448.9,4307117.2],[4935437.5,4306966.4],[4935410.3,4306826.1],[4935687.0,4306789.8],[4936008.5,4306763.9],[4936064.4,4306888.4],[4936241.7,4306846.8],[4936452.2,4306789.6],[4936599.3,4306805.5],[4936626.7,4306857.4],[4936709.2,4306807.8],[4936759.0,4306700.2],[4936730.6,4306586.4],[4936730.8,4306519.6],[4936730.6,4306452.3],[4936673.6,4306391.6],[4936616.1,4306331.9],[4936594.6,4306257.7],[4936587.8,4306204.3],[4936673.8,4306151.0],[4936659.1,4306090.4],[4936616.3,4306029.9],[4936509.2,4305969.7],[4936487.7,4305915.7],[4936501.6,4305882.4],[4936573.4,4305868.7],[4936616.4,4305842.3],[4936609.2,4305809.0],[4936480.7,4305681.6],[4936459.0,4305580.8],[4936530.5,4305453.1],[4936523.2,4305379.6],[4936451.8,4305372.8],[4936366.0,4305379.9],[4936158.5,4305446.6]]]}},{"type":"Feature","properties":{"Vill_name":"Mahakalguri","Sub_dist":null,"District":"Alipurduar","Vill_LGD":"307324"},"geometry":{"type":"Polygon","coordinates":[[[4946602.5,4307211.7],[4946273.8,4307224.9],[4946238.0,4307439.3],[4946237.9,4307687.2],[4946380.8,4307882.2],[4946502.0,4308109.9],[4946652.3,4308304.7],[4946702.2,4308452.0],[4946559.0,4308519.3],[4946416.5,4308572.8],[4946305.5,4308707.0],[4946184.1,4308895.2],[4946019.6,4308914.8],[4946013.0,4309022.5],[4946134.3,4309082.8],[4946076.7,4309270.6],[4946248.4,4309337.3],[4946255.5,4309639.6],[4946184.0,4309820.4],[4946212.6,4309961.2],[4946377.2,4309961.2],[4946380.5,4310035.0],[4946595.2,4309961.3],[4946831.5,4309887.7],[4947131.6,4309928.0],[4947095.7,4309794.2],[4947002.9,4309465.7],[4946734.6,4309244.1],[4946906.1,4309190.5],[4947113.6,4309123.3],[4947163.5,4309310.8],[4947285.3,4309465.4],[4947599.5,4309425.0],[4948236.5,4309445.6],[4948243.1,4309203.8],[4948243.8,4309077.1],[4948100.8,4309036.9],[4947746.3,4309015.5],[4947639.3,4309229.9],[4947446.3,4309230.0],[4947374.6,4309075.9],[4947110.1,4309062.7],[4947002.8,4308707.0],[4946788.0,4308506.2],[4946824.5,4308278.1],[4946938.5,4308049.8],[4946988.2,4307821.8],[4947009.6,4307426.1],[4946688.5,4307466.7],[4946602.5,4307211.7]]]}},{"type":"Feature","properties":{"Vill_name":"Patotola","Sub_dist":null,"District":"Alipurduar","Vill_LGD":"307305"},"geometry":{"type":"Polygon","coordinates":[[[4946273.8,4307224.9],[4945458.3,4307231.6],[4944679.2,4307278.3],[4944614.7,4307198.1],[4944346.8,4307071.3],[4944393.4,4307399.6],[4944308.0,4307533.5],[4944308.0,4307707.9],[4944362.1,4307921.1],[4944304.7,4308075.0],[4944376.2,4308242.5],[4944376.3,4308403.6],[4944557.8,4308398.5],[4945244.0,4308385.2],[4945640.9,4308331.5],[4945827.0,4308486.2],[4945962.2,4308606.6],[4946156.0,4308619.8],[4946305.5,4308707.0],[4946416.5,4308572.8],[4946559.0,4308519.3],[4946702.2,4308452.0],[4946652.3,4308304.7],[4946502.0,4308109.9],[4946380.8,4307882.2],[4946237.9,4307687.2],[4946238.0,4307439.3],[4946273.8,4307224.9]]]}},{"type":"Feature","properties":{"Vill_name":"Dakshin Mahakalguri","Sub_dist":null,"District":"Alipurduar","Vill_LGD":"307325"},"geometry":{"type":"Polygon","coordinates":[[[4947318.3,4307132.5],[4947018.0,4307065.5],[4946653.3,4307072.7],[4946631.9,4306576.1],[4946445.7,4306535.8],[4946438.8,4306455.4],[4946492.1,4306428.5],[4946492.5,4305804.9],[4946392.4,4305771.6],[4946340.9,4305483.3],[4946134.0,4305506.8],[4946144.2,4305765.6],[4946008.5,4305758.6],[4945865.3,4305805.3],[4945718.6,4305875.9],[4945851.1,4305989.8],[4945908.5,4306104.0],[4945851.5,4306198.0],[4945843.7,4306237.9],[4945786.6,4306311.8],[4945793.6,4306412.3],[4945822.1,4306452.5],[4945772.4,4306526.7],[4945779.9,4306626.7],[4945822.3,4306634.2],[4945836.9,4306707.5],[4945951.3,4306687.5],[4946037.0,4306774.6],[4946151.4,4306868.4],[4946094.2,4306881.9],[4946137.4,4306955.7],[4946208.5,4307090.2],[4946273.8,4307224.9],[4946602.5,4307211.7],[4946688.5,4307466.7],[4947009.6,4307426.1],[4946988.2,4307821.8],[4946938.5,4308049.8],[4946824.5,4308278.1],[4946788.0,4308506.2],[4947002.8,4308707.0],[4947110.1,4309062.7],[4947374.6,4309075.9],[4947446.3,4309230.0],[4947639.3,4309229.9],[4947746.3,4309015.5],[4948100.8,4309036.9],[4948065.1,4308674.8],[4948000.6,4308648.1],[4948019.0,4308386.3],[4948061.7,4308057.8],[4948025.6,4307836.6],[4947697.0,4307849.8],[4947511.2,4307421.1],[4947418.0,4307387.7],[4947396.7,4307300.7],[4947310.8,4307206.2],[4947318.3,4307132.5]]]}},{"type":"Feature","properties":{"Vill_name":"Baro Chakirbas","Sub_dist":null,"District":"Alipurduar","Vill_LGD":"307326"},"geometry":{"type":"Polygon","coordinates":[[[4948567.4,4306592.1],[4948024.4,4306598.5],[4947823.6,4306598.3],[4947828.0,4306259.7],[4947627.4,4306285.9],[4947512.6,4306252.4],[4947348.1,4306293.2],[4947266.2,4306393.4],[4947230.9,4306607.7],[4947266.1,4306796.0],[4947423.6,4306943.5],[4947409.2,4307017.0],[4947318.3,4307132.5],[4947310.8,4307206.2],[4947396.7,4307300.7],[4947418.0,4307387.7],[4947511.2,4307421.1],[4947697.0,4307849.8],[4948025.6,4307836.6],[4948061.7,4308057.8],[4948019.0,4308386.3],[4948000.6,4308648.1],[4948065.1,4308674.8],[4948100.8,4309036.9],[4948243.8,4309077.1],[4948243.1,4309203.8],[4948850.9,4309371.3],[4948886.6,4309270.9],[4948672.1,4309177.2],[4948629.2,4308708.1],[4948693.6,4308707.8],[4948693.6,4308614.0],[4948844.0,4308654.1],[4949336.8,4308586.8],[4949359.7,4308620.8],[4949382.9,4308505.5],[4949494.8,4308403.3],[4949626.4,4308291.2],[4949684.8,4308208.6],[4949701.4,4308119.5],[4949679.2,4308120.9],[4949686.3,4308167.9],[4949593.2,4308215.0],[4949593.2,4308174.3],[4949514.8,4308180.8],[4949536.4,4307893.1],[4949561.2,4307342.8],[4949439.7,4306947.6],[4949340.1,4306637.9],[4949182.4,4306598.4],[4948567.4,4306592.1]]]}},{"type":"Feature","properties":{"Vill_name":"Chhota Chakirbas","Sub_dist":null,"District":"Alipurduar","Vill_LGD":"307327"},"geometry":{"type":"Polygon","coordinates":[[[4949701.4,4308119.5],[4949717.9,4308030.0],[4949805.8,4307845.1],[4949878.6,4307781.3],[4949956.7,4307781.6],[4950166.2,4307805.8],[4950570.1,4307913.1],[4950838.4,4308001.0],[4951018.2,4307733.2],[4951111.3,4307542.7],[4951149.8,4307362.3],[4951130.4,4307162.5],[4951043.0,4307069.9],[4950931.8,4307003.7],[4950669.0,4306871.3],[4950566.1,4306783.9],[4950518.0,4306672.1],[4950410.1,4306360.1],[4950322.6,4306126.1],[4950020.6,4306116.0],[4949913.7,4306204.2],[4949845.4,4306267.3],[4949791.7,4306272.0],[4949728.4,4306228.3],[4949655.5,4306140.3],[4949511.3,4306497.8],[4949425.5,4306659.2],[4949340.1,4306637.9],[4949439.7,4306947.6],[4949561.2,4307342.8],[4949536.4,4307893.1],[4949514.8,4308180.8],[4949593.2,4308174.3],[4949593.2,4308215.0],[4949686.3,4308167.9],[4949679.2,4308120.9],[4949701.4,4308119.5]]]}},{"type":"Feature","properties":{"Vill_name":"Taleswarguri","Sub_dist":null,"District":"Alipurduar","Vill_LGD":"307303"},"geometry":{"type":"Polygon","coordinates":[[[4943077.6,4305362.0],[4942792.0,4305328.2],[4942770.7,4305207.9],[4942799.1,4305046.7],[4942678.0,4305053.2],[4942627.7,4304932.9],[4942692.0,4304892.8],[4942684.8,4304838.9],[4942548.6,4304832.4],[4942584.9,4304678.4],[4942591.9,4304470.5],[4942520.4,4304477.0],[4942506.1,4304571.0],[4942355.7,4304604.6],[4942270.3,4304356.5],[4941999.0,4304423.5],[4941848.2,4304054.8],[4941766.0,4303914.4],[4941580.2,4304042.0],[4941575.5,4304160.6],[4941711.3,4304267.8],[4941768.2,4304421.8],[4941697.0,4304690.4],[4941582.4,4305031.7],[4941596.7,4305327.0],[4941904.1,4305420.8],[4942073.4,4305094.4],[4942309.2,4305309.0],[4942716.5,4305744.5],[4943006.2,4305993.1],[4943392.2,4306341.6],[4943685.1,4306583.0],[4943949.8,4306776.8],[4944278.6,4307038.6],[4944346.8,4307071.3],[4944561.0,4307037.4],[4944539.7,4306273.2],[4944632.9,4306192.7],[4944389.9,4305831.0],[4944103.8,4305878.2],[4944060.7,4305744.0],[4943921.4,4305790.9],[4943678.5,4305797.9],[4943585.3,4305784.6],[4943606.9,4305723.8],[4943814.1,4305723.8],[4943750.0,4305576.4],[4943664.5,4305536.5],[4943506.7,4305436.1],[4943521.1,4305362.1],[4943563.6,4305294.9],[4943513.8,4305227.7],[4943256.9,4305268.5],[4943270.8,4305348.2],[4943077.9,4305294.8],[4943077.6,4305362.0]]]}},{"type":"Feature","properties":{"Vill_name":"Rahimpur Tea Garden","Sub_dist":null,"District":"Alipurduar","Vill_LGD":"307060"},"geometry":{"type":"Polygon","coordinates":[[[4886711.1,4326102.8],[4886686.0,4326021.5],[4886747.1,4325967.0],[4886751.6,4325955.4],[4886735.5,4325942.9],[4886686.1,4325897.2],[4886717.3,4325840.8],[4886726.6,4325771.0],[4886703.8,4325682.4],[4886690.4,4325603.6],[4886697.0,4325498.8],[4886696.8,4325450.2],[4886751.6,4325425.3],[4886857.5,4325369.0],[4887011.5,4325314.5],[4887056.9,4325289.6],[4887129.8,4325255.3],[4887150.3,4325196.3],[4887170.4,4325054.3],[4887169.9,4325053.3],[4887263.2,4325014.6],[4887299.3,4324989.3],[4887294.7,4324921.3],[4887371.5,4324878.3],[4887577.6,4324769.8],[4887677.3,4324720.6],[4887737.8,4324718.1],[4887773.9,4324684.0],[4887767.7,4324588.8],[4887771.8,4324532.5],[4887652.0,4324542.5],[4887466.6,4324596.9],[4887331.0,4324625.8],[4887052.7,4324692.0],[4887025.8,4324587.5],[4887059.7,4324567.5],[4887229.3,4324515.2],[4887578.4,4324376.8],[4887641.6,4324348.9],[4887721.1,4324300.6],[4887764.9,4324288.0],[4887781.2,4324257.3],[4887768.8,4324197.3],[4887676.5,4324205.6],[4887602.6,4324158.8],[4887548.1,4324137.5],[4887471.6,4324145.6],[4887367.4,4324176.0],[4887254.4,4324217.7],[4887147.0,4324243.0],[4887061.3,4324249.2],[4887058.5,4324194.5],[4887017.0,4324188.6],[4886975.2,4324179.2],[4886965.0,4324094.7],[4886980.6,4324087.6],[4887037.3,4324074.1],[4887151.0,4324059.0],[4887285.7,4324047.8],[4887414.5,4324025.0],[4887476.3,4324005.8],[4887485.5,4323948.3],[4887418.3,4323915.6],[4887346.6,4323903.8],[4887326.4,4323864.5],[4887264.1,4323892.9],[4887207.8,4323930.0],[4887125.3,4323950.6],[4886999.4,4323983.4],[4886976.2,4323965.5],[4886950.0,4323875.8],[4886946.2,4323811.3],[4886982.4,4323804.7],[4887078.6,4323777.4],[4887147.3,4323767.4],[4887219.6,4323756.2],[4887277.9,4323739.3],[4887360.4,4323719.2],[4887411.4,4323701.5],[4887424.3,4323668.2],[4887413.5,4323504.6],[4887456.8,4323494.4],[4887564.2,4323477.5],[4887649.0,4323471.7],[4887694.0,4323466.0],[4887751.7,4323451.6],[4887759.6,4323408.3],[4887714.5,4323377.1],[4887585.2,4323367.0],[4887506.9,4323361.2],[4887395.0,4323347.5],[4887362.0,4323329.2],[4887358.5,4323260.2],[4887342.1,4323231.9],[4887290.2,4323228.9],[4887149.5,4323222.7],[4887095.4,4323202.9],[4887048.3,4323120.5],[4887024.2,4323130.6],[4886987.3,4323151.5],[4886858.8,4323199.8],[4886781.5,4323233.9],[4886711.4,4323270.3],[4886640.4,4323265.9],[4886588.0,4323281.1],[4886497.6,4323332.8],[4886450.2,4323369.3],[4886457.1,4323419.8],[4886462.7,4323485.9],[4886523.4,4323490.2],[4886596.5,4323472.6],[4886645.1,4323462.7],[4886748.1,4323447.0],[4886822.4,4323434.4],[4886869.1,4323423.4],[4886926.6,4323423.2],[4887046.4,4323405.4],[4887147.3,4323411.7],[4887185.8,4323418.0],[4887179.9,4323489.9],[4887160.3,4323610.3],[4887139.4,4323626.0],[4887102.7,4323634.1],[4887001.4,4323655.3],[4886912.4,4323677.0],[4886847.0,4323698.4],[4886840.3,4323746.8],[4886835.8,4323880.2],[4886805.2,4323954.4],[4886770.1,4323968.9],[4886725.6,4323975.1],[4886640.1,4323975.9],[4886571.9,4323983.9],[4886546.9,4324014.2],[4886511.1,4324073.3],[4886502.1,4324096.0],[4886481.5,4324135.8],[4886429.5,4324155.9],[4886419.2,4324205.0],[4886376.0,4324286.0],[4886310.8,4324539.3],[4886255.8,4324588.8],[4886161.3,4324675.1],[4886143.1,4324716.0],[4886170.3,4324824.4],[4886145.4,4324842.4],[4885961.8,4324919.5],[4885969.1,4324910.5],[4885964.7,4324819.9],[4885996.2,4324695.6],[4886068.4,4324675.0],[4886127.4,4324634.2],[4886147.5,4324573.2],[4886156.6,4324415.0],[4886113.7,4324417.3],[4886021.0,4324404.0],[4885933.3,4324399.3],[4885874.0,4324336.0],[4885783.7,4324476.1],[4885722.3,4324574.3],[4885751.1,4324714.9],[4885768.0,4324790.6],[4885777.4,4324868.9],[4885770.7,4324944.3],[4885765.4,4325101.4],[4885772.1,4325236.5],[4885803.2,4325252.1],[4885838.5,4325244.7],[4885886.6,4325185.9],[4885910.6,4325063.8],[4885938.0,4325057.4],[4885996.2,4325090.2],[4886048.0,4325122.1],[4886107.4,4325133.8],[4886138.0,4325132.1],[4886147.6,4325083.9],[4886124.7,4325044.3],[4886117.3,4324983.3],[4886145.6,4324960.3],[4886201.9,4324949.2],[4886261.0,4324947.1],[4886331.9,4324954.5],[4886364.6,4325012.4],[4886404.5,4325133.7],[4886404.2,4325182.9],[4886376.5,4325195.6],[4886312.5,4325204.3],[4886236.7,4325205.5],[4886209.1,4325329.4],[4886207.7,4325399.2],[4886172.0,4325483.7],[4886020.4,4325423.1],[4885975.9,4325523.9],[4885935.6,4325724.8],[4885893.2,4325965.0],[4885871.7,4326141.7],[4885875.5,4326140.2],[4885889.0,4326083.9],[4885988.5,4326058.7],[4886040.5,4326029.3],[4886126.7,4326025.1],[4886151.5,4326102.0],[4886244.7,4326095.1],[4886274.3,4326114.2],[4886301.0,4326202.5],[4886305.7,4326216.0],[4886593.0,4326168.4],[4886702.1,4326136.8],[4886711.1,4326102.8]]]}},{"type":"Feature","properties":{"Vill_name":"Makrapara Tea Garden","Sub_dist":null,"District":"Alipurduar","Vill_LGD":"307068"},"geometry":{"type":"Polygon","coordinates":[[[4894287.3,4334465.6],[4894230.7,4334294.4],[4894173.6,4334225.3],[4894096.9,4334145.0],[4893943.6,4333796.1],[4893856.7,4333641.6],[4893763.6,4333483.3],[4893693.1,4333375.8],[4893637.4,4333215.4],[4893525.1,4333211.5],[4893475.6,4333167.8],[4893432.0,4333011.5],[4893377.7,4332893.9],[4893332.0,4332832.7],[4893213.3,4332838.3],[4893110.5,4332862.4],[4893054.8,4332864.6],[4893041.6,4332904.3],[4893067.2,4332953.6],[4893114.4,4332975.1],[4893120.5,4333020.6],[4893126.3,4333177.1],[4892616.7,4333209.6],[4892575.8,4333701.9],[4892580.7,4333927.2],[4892627.1,4333923.0],[4892789.9,4333910.2],[4892868.5,4333941.5],[4892951.6,4334032.0],[4893014.2,4334079.2],[4893046.2,4334147.6],[4893085.2,4334185.3],[4893132.5,4334224.0],[4893145.8,4334285.0],[4893215.2,4334332.6],[4893254.7,4334360.0],[4893262.8,4334406.6],[4893248.2,4334485.0],[4893361.0,4334458.5],[4893346.0,4334515.2],[4893401.8,4334518.9],[4893379.3,4334567.5],[4893300.8,4334627.6],[4893218.0,4334703.2],[4893159.4,4334815.9],[4893194.9,4334828.7],[4893344.5,4334891.6],[4893381.7,4334905.1],[4893453.2,4334928.9],[4893510.5,4334944.7],[4893543.9,4334955.7],[4893618.2,4334983.6],[4893759.9,4335038.9],[4893867.2,4335084.7],[4893958.8,4335120.9],[4894037.7,4335149.1],[4894123.0,4335187.1],[4894194.3,4335214.0],[4894263.8,4335243.1],[4894331.3,4335268.2],[4894432.8,4335307.4],[4894493.3,4335332.8],[4894640.9,4335391.5],[4894644.7,4335393.8],[4894534.0,4334977.7],[4894430.7,4334908.3],[4894421.7,4334839.1],[4894322.9,4334687.0],[4894287.3,4334465.6]]]}},{"type":"Feature","properties":{"Vill_name":"Dumchipara Tea Garden","Sub_dist":null,"District":"Alipurduar","Vill_LGD":"307083"},"geometry":{"type":"Polygon","coordinates":[[[4898465.6,4326680.9],[4898138.4,4326732.5],[4898097.4,4327023.4],[4898079.1,4327393.9],[4898104.3,4327739.0],[4898186.4,4328187.1],[4898341.5,4328250.6],[4898398.6,4328330.5],[4898476.0,4328682.5],[4898435.1,4329034.3],[4898362.3,4329157.5],[4898254.4,4329329.2],[4898135.4,4329607.5],[4898108.1,4329744.7],[4898112.7,4329894.3],[4898163.6,4329899.2],[4898675.4,4329902.7],[4899454.5,4329873.8],[4899691.8,4329864.5],[4900078.0,4329842.8],[4900230.9,4329831.0],[4900415.8,4329835.9],[4900573.3,4329819.9],[4900745.0,4329825.7],[4900973.1,4329814.0],[4901429.0,4329793.7],[4901432.7,4329470.6],[4901508.0,4328496.0],[4901530.8,4328165.0],[4901561.8,4327876.6],[4901598.3,4327525.1],[4901608.5,4327273.1],[4901630.3,4326870.3],[4901625.6,4326660.3],[4901653.2,4326362.9],[4901515.1,4326373.5],[4901387.3,4326384.5],[4901241.4,4326405.0],[4901077.0,4326432.5],[4900797.5,4326452.0],[4900624.4,4326465.8],[4900116.6,4326533.3],[4899957.1,4326560.0],[4899740.3,4326583.0],[4899596.7,4326596.7],[4899483.7,4326607.0],[4899362.4,4326604.6],[4898821.1,4326665.1],[4898641.2,4326665.3],[4898465.6,4326680.9]]]}},{"type":"Feature","properties":{"Vill_name":"Dalmore Tea Garden","Sub_dist":null,"District":"Alipurduar","Vill_LGD":"307069"},"geometry":{"type":"Polygon","coordinates":[[[4892927.5,4326875.6],[4892416.2,4326894.2],[4892091.4,4326893.8],[4891355.6,4326880.1],[4891219.8,4326894.7],[4891193.4,4327237.8],[4891172.7,4327545.9],[4891132.5,4328044.6],[4891099.6,4328269.5],[4891097.7,4328381.4],[4891036.4,4328961.2],[4890995.9,4329353.3],[4890977.9,4329615.8],[4890958.0,4330142.0],[4890965.1,4330320.2],[4891333.5,4330313.4],[4891663.9,4330318.0],[4892177.4,4330296.5],[4892530.3,4330292.8],[4892822.6,4330284.2],[4893659.5,4330269.9],[4894466.9,4330288.6],[4894750.1,4330273.2],[4894964.5,4330260.9],[4895536.8,4330240.8],[4895961.0,4330268.0],[4896153.2,4330244.8],[4896270.8,4330212.2],[4896277.5,4330123.1],[4896297.1,4330051.8],[4896317.4,4329917.2],[4896267.8,4329629.8],[4896273.1,4329375.6],[4896307.5,4329232.3],[4896332.6,4329170.1],[4896313.0,4329057.1],[4896274.4,4328867.6],[4896251.6,4328781.0],[4896283.7,4328614.5],[4896303.0,4328579.1],[4896259.7,4328458.1],[4896207.3,4328332.8],[4896184.6,4328232.4],[4896191.3,4328102.1],[4896203.5,4327973.0],[4896247.0,4327783.4],[4896317.6,4327612.4],[4896328.1,4327454.2],[4896373.5,4327287.4],[4896403.3,4327147.8],[4896440.6,4326944.2],[4896493.3,4326848.0],[4896586.6,4326850.0],[4896671.0,4326832.0],[4896690.3,4326829.0],[4896688.9,4326745.9],[4896750.7,4326675.7],[4896823.8,4326607.0],[4896866.9,4326547.6],[4896868.9,4326465.2],[4896836.3,4326335.9],[4896785.5,4326228.8],[4896747.1,4326086.9],[4896705.5,4325940.5],[4896700.2,4325836.5],[4896729.9,4325596.7],[4896700.2,4325507.4],[4896700.4,4325422.9],[4896750.0,4325361.4],[4896739.0,4325212.5],[4896692.9,4325210.3],[4896567.8,4325217.5],[4896226.0,4325255.1],[4896047.9,4325259.8],[4895915.7,4325271.2],[4895569.8,4325281.6],[4895017.1,4325302.2],[4894788.4,4325306.4],[4894713.8,4325316.6],[4894562.8,4325309.3],[4894466.7,4325314.0],[4894256.6,4325321.1],[4894213.2,4325334.7],[4894185.7,4325487.7],[4894164.3,4325626.2],[4894161.7,4325751.3],[4894141.2,4325892.8],[4894107.2,4326078.4],[4893951.5,4326078.3],[4893646.6,4326063.1],[4893361.0,4326035.6],[4893008.9,4326051.6],[4892945.2,4326088.4],[4892940.7,4326131.4],[4892950.5,4326366.7],[4892952.7,4326547.1],[4892947.0,4326676.0],[4892927.5,4326875.6]]]}},{"type":"Feature","properties":{"Vill_name":"Boragari","Sub_dist":null,"District":"Alipurduar","Vill_LGD":"307271"},"geometry":{"type":"Polygon","coordinates":[[[4940963.1,4295901.0],[4940906.4,4295794.2],[4940978.1,4295620.3],[4940871.0,4295486.5],[4940799.3,4295345.1],[4940863.8,4295278.5],[4940956.6,4295198.0],[4941049.4,4295137.1],[4941042.5,4294922.7],[4940963.8,4294607.6],[4940927.9,4294373.1],[4940952.8,4294212.7],[4941089.0,4294065.1],[4941145.9,4293964.7],[4941124.5,4293877.2],[4941067.3,4293770.4],[4941017.6,4293669.8],[4941024.3,4293488.9],[4940996.1,4293381.5],[4940959.8,4293307.6],[4940788.6,4293253.7],[4940709.8,4293206.7],[4940667.0,4293106.5],[4940666.8,4292946.8],[4940608.2,4292816.4],[4940371.6,4292993.7],[4940240.7,4293095.9],[4940140.4,4293188.4],[4939964.3,4293310.1],[4939772.2,4293480.4],[4939725.9,4293531.3],[4939664.1,4293601.4],[4939588.0,4293670.0],[4939565.0,4293718.6],[4939544.7,4293850.9],[4939507.6,4293910.9],[4939447.1,4293939.7],[4939332.4,4293955.9],[4939267.0,4293998.2],[4939150.7,4294138.3],[4939097.2,4294204.5],[4939216.1,4294239.4],[4939315.8,4294239.3],[4939302.1,4294319.7],[4939458.8,4294340.0],[4939309.0,4294943.2],[4939322.7,4295057.2],[4939244.4,4295144.3],[4939165.9,4295245.2],[4939144.5,4295352.2],[4939237.5,4295533.4],[4939351.8,4295801.1],[4939388.2,4295893.2],[4939480.3,4295887.3],[4939766.5,4295900.6],[4939837.8,4295887.3],[4939852.5,4295846.8],[4939887.7,4295860.2],[4939923.8,4295947.9],[4940123.6,4295907.4],[4940260.0,4295766.6],[4940417.0,4295800.2],[4940395.2,4295947.9],[4940510.0,4295940.6],[4940524.2,4295900.6],[4940567.1,4295947.8],[4940545.5,4296028.3],[4940681.4,4296061.8],[4940696.0,4296115.5],[4940802.8,4296121.6],[4940824.3,4296155.1],[4940953.1,4296182.4],[4940963.1,4295901.0]]]}},{"type":"Feature","properties":{"Vill_name":"Chalnirpak","Sub_dist":null,"District":"Alipurduar","Vill_LGD":"307268"},"geometry":{"type":"Polygon","coordinates":[[[4935391.5,4297273.4],[4935498.9,4297152.4],[4935677.5,4297186.0],[4935891.6,4297185.9],[4936009.7,4297058.0],[4936109.6,4296952.3],[4936199.3,4296811.3],[4936385.5,4296636.5],[4936406.7,4296542.8],[4936377.7,4296502.6],[4936327.7,4296408.9],[4936306.5,4296328.3],[4936199.5,4296328.1],[4936128.1,4296321.7],[4936063.4,4296288.2],[4936099.3,4296214.2],[4936070.8,4296134.3],[4936049.5,4296127.4],[4936013.4,4296194.4],[4935963.1,4296227.8],[4935878.0,4296241.4],[4935856.4,4296221.2],[4935798.9,4296120.8],[4935734.8,4296073.5],[4935670.4,4295932.9],[4935605.7,4295859.1],[4935520.2,4295839.3],[4935456.0,4295785.1],[4935406.0,4295691.9],[4935337.3,4295607.0],[4935588.5,4295572.5],[4935605.7,4295569.5],[4935588.5,4295563.8],[4935551.5,4295565.7],[4935569.4,4295490.2],[4935577.1,4295420.8],[4935614.8,4295366.4],[4935703.8,4295308.5],[4935745.8,4295262.7],[4935696.2,4295211.6],[4935627.0,4295086.8],[4935658.2,4295019.1],[4935728.7,4294952.7],[4935811.3,4294910.1],[4935923.1,4294929.1],[4935887.4,4295084.5],[4935972.6,4295018.0],[4936018.7,4295005.0],[4936074.0,4294988.1],[4936195.5,4295023.5],[4936292.7,4295055.7],[4936180.5,4294940.8],[4936108.7,4294898.0],[4936118.6,4294832.8],[4936194.5,4294823.7],[4936314.7,4294834.9],[4936433.6,4294800.2],[4936400.8,4294740.9],[4936295.4,4294742.6],[4936171.9,4294678.5],[4936196.4,4294637.4],[4936311.5,4294615.3],[4936431.8,4294626.5],[4936422.4,4294576.2],[4936346.0,4294485.3],[4936266.7,4294379.1],[4936240.3,4294341.4],[4936201.4,4294255.1],[4936199.3,4294248.9],[4936171.3,4294201.2],[4936130.8,4294151.9],[4936099.8,4294094.2],[4936099.8,4294044.5],[4936073.4,4293998.4],[4936030.1,4293977.3],[4935923.2,4293900.1],[4935884.4,4293770.6],[4935842.4,4293736.7],[4935766.7,4293657.7],[4935679.8,4293618.8],[4935564.1,4293585.3],[4935448.0,4293577.4],[4935261.7,4293597.6],[4935037.0,4293597.4],[4934849.2,4293573.3],[4934945.3,4293672.3],[4935079.8,4293797.6],[4935144.8,4293862.0],[4935170.5,4293975.0],[4935154.8,4294039.3],[4935139.0,4294075.1],[4935053.3,4294127.8],[4934867.0,4294126.3],[4934645.7,4294096.9],[4934379.2,4294080.2],[4934277.1,4294077.6],[4934221.5,4294122.0],[4934211.5,4294224.1],[4934231.7,4294324.8],[4934237.9,4294420.7],[4934257.9,4294480.6],[4934370.5,4294502.6],[4934519.8,4294498.5],[4934716.0,4294499.2],[4934842.5,4294519.1],[4934921.4,4294553.1],[4934962.3,4294601.6],[4934981.3,4294696.9],[4934978.7,4294778.8],[4934936.7,4294867.4],[4934899.3,4294933.2],[4934750.9,4295002.8],[4934617.1,4295046.2],[4934476.7,4295084.8],[4934350.4,4295161.8],[4934289.6,4295217.1],[4934249.8,4295281.3],[4934251.2,4295346.8],[4934329.6,4295386.6],[4934449.9,4295376.1],[4934562.2,4295337.1],[4934735.8,4295281.1],[4934804.0,4295275.4],[4934915.5,4295307.2],[4934957.4,4295327.3],[4935023.6,4295429.7],[4935044.4,4295485.7],[4935069.6,4295677.8],[4935066.4,4295732.2],[4934993.6,4295831.9],[4934876.8,4295914.9],[4934775.9,4295938.0],[4934655.1,4295848.1],[4934431.9,4295861.8],[4934407.8,4295882.8],[4934404.6,4295914.6],[4934411.0,4296029.1],[4934427.1,4296197.0],[4934426.3,4296351.8],[4934411.7,4296514.6],[4934401.4,4296593.6],[4934380.9,4296641.9],[4934328.7,4296699.8],[4934139.4,4296699.6],[4934049.5,4296712.2],[4933981.5,4296771.4],[4933954.9,4296872.9],[4933962.8,4296907.5],[4934026.4,4296931.4],[4934133.2,4296957.7],[4934297.8,4297038.3],[4934376.5,4297159.4],[4934433.9,4297293.3],[4934519.4,4297353.4],[4934627.0,4297280.0],[4934755.5,4297232.6],[4934891.1,4297333.4],[4935020.0,4297360.2],[4935169.8,4297360.0],[4935391.5,4297273.4]]]}},{"type":"Feature","properties":{"Vill_name":"Sarugaon Tea Garden","Sub_dist":null,"District":"Alipurduar","Vill_LGD":"307350"},"geometry":{"type":"Polygon","coordinates":[[[4886630.5,4313762.6],[4886751.2,4313755.6],[4886916.6,4313759.2],[4886982.0,4313759.4],[4887450.8,4313735.3],[4887616.2,4313728.6],[4887975.4,4313697.2],[4888147.9,4313685.4],[4888323.0,4313671.2],[4888426.8,4313647.3],[4888626.6,4313682.0],[4888678.7,4313692.3],[4888947.9,4313671.4],[4889178.6,4313656.0],[4889474.7,4313648.6],[4890012.1,4313659.3],[4890050.4,4313445.5],[4889960.8,4313440.2],[4889905.4,4313468.0],[4889860.7,4313457.5],[4889771.2,4313440.4],[4889702.2,4313391.8],[4889547.1,4313267.9],[4889502.1,4313131.2],[4889436.8,4313038.1],[4889381.8,4312845.3],[4889364.0,4312683.3],[4889405.5,4312545.3],[4889285.4,4312459.0],[4889207.7,4312317.7],[4889130.0,4312155.7],[4889092.1,4312025.7],[4889032.2,4311911.8],[4889064.8,4311827.8],[4889119.7,4311779.4],[4889176.6,4311688.8],[4889136.9,4311565.0],[4889117.6,4311485.5],[4889097.2,4311389.7],[4889106.3,4311293.4],[4889192.5,4311196.8],[4889288.8,4311125.3],[4889397.5,4311081.9],[4889449.4,4311023.5],[4889511.0,4310999.5],[4889636.5,4310994.2],[4889714.0,4311037.2],[4889759.2,4310855.2],[4889771.1,4310750.1],[4889823.2,4310657.3],[4889834.0,4310567.5],[4889946.6,4310547.2],[4890084.2,4310479.5],[4890173.1,4310358.8],[4890198.5,4310246.6],[4890204.0,4310085.2],[4890133.1,4310038.5],[4890036.8,4309977.9],[4889995.3,4309920.4],[4889995.2,4309851.1],[4890057.5,4309803.5],[4890210.9,4309678.3],[4890295.2,4309590.5],[4890359.2,4309445.7],[4890348.6,4309379.3],[4890323.2,4309243.5],[4890295.1,4308889.4],[4890263.0,4308780.3],[4890248.7,4308670.5],[4889942.4,4308653.8],[4889909.6,4308835.0],[4889871.8,4308876.4],[4889873.4,4308904.0],[4889771.9,4308919.2],[4889771.9,4308950.2],[4889718.2,4309056.1],[4889693.8,4309082.5],[4889690.1,4309082.6],[4889664.0,4309177.9],[4889649.2,4309258.2],[4889653.8,4309334.7],[4889747.0,4309460.9],[4889817.8,4309542.1],[4889825.6,4309621.7],[4889892.8,4309756.3],[4889901.2,4309826.6],[4889880.8,4309901.7],[4889872.0,4309979.9],[4889927.5,4310059.8],[4889965.0,4310119.4],[4890001.2,4310193.2],[4890016.7,4310251.2],[4890034.1,4310325.4],[4889992.8,4310370.8],[4889960.7,4310381.3],[4889905.7,4310396.5],[4889845.9,4310392.6],[4889821.2,4310378.0],[4889811.9,4310323.8],[4889809.6,4310215.5],[4889784.3,4310166.4],[4889765.8,4310101.9],[4889693.4,4309998.5],[4889646.2,4309944.7],[4889603.0,4309872.4],[4889567.5,4309787.3],[4889549.4,4309722.8],[4889498.8,4309668.9],[4889455.6,4309649.7],[4889428.2,4309682.6],[4889468.1,4309752.2],[4889456.3,4309840.6],[4889404.5,4309903.6],[4889395.8,4309989.2],[4889444.7,4310065.2],[4889575.4,4310156.2],[4889635.4,4310207.7],[4889670.3,4310305.1],[4889641.5,4310354.1],[4889607.3,4310402.9],[4889518.4,4310444.7],[4889446.0,4310481.4],[4889351.6,4310516.5],[4889280.1,4310502.1],[4889262.0,4310482.0],[4889221.7,4310419.2],[4889178.5,4310400.5],[4889157.0,4310344.8],[4889139.3,4310318.2],[4889120.6,4310310.8],[4889029.9,4310349.5],[4888934.3,4310352.5],[4888826.2,4310358.2],[4888640.9,4310320.8],[4888588.2,4310306.0],[4888526.8,4310321.3],[4888516.5,4310425.5],[4888510.4,4310526.5],[4888486.9,4310595.0],[4888403.7,4310701.0],[4888375.6,4310746.7],[4888308.9,4310796.1],[4888259.7,4310815.0],[4888173.5,4310780.6],[4888092.3,4310658.0],[4888069.8,4310567.8],[4888061.8,4310541.2],[4888026.7,4310555.0],[4888003.9,4310589.3],[4887984.3,4310709.7],[4887941.6,4310791.1],[4887860.1,4310892.3],[4887790.4,4310930.7],[4887712.6,4310965.8],[4887786.2,4310988.0],[4887872.5,4311042.8],[4887915.6,4311054.7],[4887986.3,4311086.1],[4888015.7,4311119.0],[4888024.3,4311154.2],[4888003.3,4311182.2],[4887956.8,4311210.0],[4887911.7,4311207.8],[4887858.4,4311192.4],[4887801.2,4311175.4],[4887746.2,4311195.9],[4887704.6,4311233.7],[4887685.5,4311272.0],[4887685.8,4311308.4],[4887697.5,4311359.6],[4887746.4,4311405.7],[4887825.1,4311443.8],[4887919.0,4311464.6],[4887993.0,4311478.5],[4888032.5,4311533.9],[4888036.1,4311562.6],[4888029.2,4311581.9],[4887994.6,4311607.7],[4887932.0,4311632.2],[4887856.8,4311673.8],[4887835.8,4311691.0],[4887818.8,4311729.0],[4887815.2,4311751.9],[4887791.2,4311821.0],[4887749.9,4311873.0],[4887722.4,4311893.8],[4887646.2,4311883.3],[4887546.4,4311865.7],[4887497.7,4311865.8],[4887477.0,4311917.8],[4887473.9,4311983.5],[4887497.7,4312059.3],[4887566.5,4312090.2],[4887662.8,4312079.1],[4887730.0,4312111.8],[4887773.3,4312141.4],[4887780.2,4312181.0],[4887762.9,4312215.1],[4887733.1,4312241.2],[4887662.7,4312275.6],[4887590.5,4312286.4],[4887517.5,4312291.2],[4887476.4,4312298.6],[4887405.5,4312332.0],[4887326.5,4312381.7],[4887247.1,4312418.2],[4887198.8,4312430.1],[4887122.7,4312420.0],[4887028.0,4312428.2],[4886990.1,4312459.3],[4886969.3,4312483.9],[4886962.1,4312541.0],[4886976.4,4312591.3],[4886995.1,4312641.4],[4887033.0,4312691.3],[4887100.0,4312728.0],[4887131.8,4312720.7],[4887171.0,4312691.1],[4887198.7,4312646.3],[4887236.9,4312598.5],[4887276.3,4312586.1],[4887335.2,4312588.0],[4887369.7,4312605.4],[4887395.1,4312629.2],[4887411.0,4312665.3],[4887419.8,4312707.0],[4887412.8,4312741.1],[4887393.7,4312759.3],[4887349.0,4312800.9],[4887274.5,4312847.4],[4887240.3,4312874.8],[4887193.7,4312924.6],[4887174.7,4312950.7],[4887123.2,4312990.5],[4887083.0,4313018.5],[4887041.5,4313023.4],[4887005.7,4313011.8],[4886890.4,4312968.9],[4886864.3,4312960.3],[4886794.3,4312984.4],[4886761.7,4313029.5],[4886735.5,4313084.3],[4886737.8,4313169.4],[4886763.3,4313229.6],[4886785.5,4313280.2],[4886803.2,4313359.7],[4886806.7,4313430.1],[4886792.8,4313473.7],[4886722.1,4313554.3],[4886696.3,4313590.4],[4886675.7,4313650.8],[4886630.5,4313762.6]]]}},{"type":"Feature","properties":{"Vill_name":"Lankapara Tea Garden","Sub_dist":null,"District":"Alipurduar","Vill_LGD":"307074"},"geometry":{"type":"Polygon","coordinates":[[[4901942.9,4334717.2],[4901934.1,4334533.0],[4901926.6,4334401.5],[4901958.6,4334319.5],[4901798.4,4334483.8],[4901526.3,4334666.7],[4901433.5,4334613.6],[4901461.9,4334503.0],[4901896.4,4334079.2],[4901959.2,4333999.2],[4902044.7,4333446.6],[4902032.3,4333223.9],[4902042.6,4333070.7],[4902188.5,4332814.3],[4902368.5,4332687.8],[4902617.5,4332270.9],[4902671.1,4332053.8],[4903029.2,4331695.7],[4903185.5,4331542.5],[4903381.7,4331303.8],[4902158.5,4331309.0],[4900985.7,4331229.1],[4899873.1,4331174.2],[4899682.4,4331165.1],[4899546.9,4331193.4],[4899486.5,4331592.4],[4899465.4,4331724.6],[4899401.0,4331713.6],[4898974.2,4331731.5],[4898453.9,4331763.5],[4898156.5,4331786.5],[4898081.4,4331836.5],[4897999.5,4331813.4],[4897845.5,4331807.5],[4897827.8,4331663.6],[4897850.2,4331657.3],[4897916.6,4331615.8],[4897957.5,4331551.9],[4897941.6,4331412.6],[4897970.2,4331297.1],[4897967.4,4331212.9],[4897908.7,4331176.2],[4897889.9,4331137.5],[4897867.7,4331016.5],[4897873.1,4330873.8],[4898028.0,4330860.1],[4898044.3,4330745.9],[4898098.4,4330305.3],[4897952.7,4330280.2],[4897936.5,4330168.4],[4897964.2,4329886.7],[4897763.8,4329866.3],[4897601.4,4329882.0],[4897455.7,4329877.5],[4897345.9,4329872.7],[4896898.3,4329862.0],[4896742.8,4329887.5],[4896458.5,4329913.6],[4896341.9,4329918.3],[4896317.4,4329917.2],[4896297.1,4330051.8],[4896277.5,4330123.1],[4896270.8,4330212.2],[4896153.2,4330244.8],[4895961.0,4330268.0],[4895536.8,4330240.8],[4894964.5,4330260.9],[4894750.1,4330273.2],[4894750.2,4330281.6],[4894830.2,4330407.3],[4894966.9,4330731.7],[4895181.4,4331001.0],[4895382.5,4331243.0],[4895549.3,4331464.8],[4895685.9,4331729.8],[4895754.5,4331998.9],[4895898.3,4332462.7],[4896077.2,4332718.4],[4896456.0,4333189.1],[4896460.6,4333727.9],[4896483.8,4333807.6],[4896581.6,4333969.0],[4896675.0,4334100.8],[4896750.3,4334231.6],[4896818.1,4334344.5],[4896844.1,4334397.3],[4896858.7,4334420.6],[4896946.6,4334785.6],[4896947.7,4334792.2],[4897021.9,4334817.2],[4897122.8,4334847.3],[4897241.7,4334886.5],[4897338.4,4334917.0],[4897416.1,4334943.0],[4897461.1,4334953.5],[4897529.3,4334977.0],[4897609.0,4335001.4],[4897672.1,4335019.8],[4897983.5,4335123.5],[4898094.8,4335159.7],[4898154.2,4335180.9],[4898240.2,4335208.7],[4898357.3,4335247.8],[4898440.0,4335271.2],[4898530.2,4335299.4],[4898634.8,4335328.6],[4898717.7,4335356.8],[4898889.2,4335411.2],[4898967.7,4335434.3],[4899050.8,4335461.4],[4899182.3,4335501.5],[4899336.3,4335547.5],[4899456.4,4335587.4],[4899517.8,4335604.5],[4899607.5,4335631.4],[4899713.1,4335663.7],[4899815.0,4335696.3],[4899903.0,4335721.2],[4899941.7,4335727.6],[4900067.0,4335745.0],[4900140.2,4335750.3],[4900207.5,4335761.1],[4900297.9,4335770.0],[4900410.8,4335783.5],[4900455.8,4335786.1],[4900521.9,4335796.9],[4900724.7,4335818.6],[4900847.3,4335831.0],[4900904.6,4335838.7],[4900976.3,4335847.5],[4901074.6,4335855.7],[4901117.7,4335851.0],[4901235.2,4335826.8],[4901324.5,4335807.9],[4901414.1,4335793.2],[4901561.0,4335761.5],[4901691.0,4335738.9],[4901793.7,4335718.5],[4901874.9,4335704.5],[4901981.3,4335691.0],[4902112.6,4335675.7],[4902218.3,4335663.9],[4902305.9,4335653.0],[4901921.5,4335000.6],[4901886.1,4334888.4],[4901942.9,4334717.2]]]}},{"type":"Feature","properties":{"Vill_name":"Garochera Bandapani","Sub_dist":null,"District":"Alipurduar","Vill_LGD":"307067"},"geometry":{"type":"Polygon","coordinates":[[[4893755.7,4332869.8],[4893622.9,4332689.5],[4893521.2,4332504.8],[4893473.8,4332448.9],[4893392.7,4332388.0],[4893325.5,4332314.5],[4893285.2,4332242.3],[4893293.0,4332172.9],[4893377.0,4332101.3],[4893268.7,4332084.3],[4893257.1,4331998.8],[4893216.4,4331987.0],[4893187.0,4332077.4],[4893046.6,4332044.2],[4892843.2,4332023.6],[4892678.2,4332040.7],[4892650.8,4332081.2],[4892655.2,4332613.0],[4892641.6,4332926.3],[4892616.7,4333209.6],[4893126.3,4333177.1],[4893120.5,4333020.6],[4893114.4,4332975.1],[4893067.2,4332953.6],[4893041.6,4332904.3],[4893054.8,4332864.6],[4893110.5,4332862.4],[4893213.3,4332838.3],[4893332.0,4332832.7],[4893377.7,4332893.9],[4893432.0,4333011.5],[4893475.6,4333167.8],[4893525.1,4333211.5],[4893637.4,4333215.4],[4893693.1,4333375.8],[4893763.6,4333483.3],[4893856.7,4333641.6],[4893943.6,4333796.1],[4894096.9,4334145.0],[4894173.6,4334225.3],[4894230.7,4334294.4],[4894287.3,4334465.6],[4894322.9,4334687.0],[4894421.7,4334839.1],[4894430.7,4334908.3],[4894534.0,4334977.7],[4894644.5,4335393.0],[4894669.7,4335403.0],[4894717.5,4335420.4],[4894787.1,4335450.0],[4894783.0,4335440.3],[4894782.6,4335440.1],[4894577.5,4334961.6],[4894576.5,4334931.6],[4894551.0,4334562.3],[4894516.7,4334333.7],[4894479.1,4334226.7],[4894488.7,4334159.4],[4894524.9,4334072.2],[4894528.8,4334020.8],[4894489.4,4333960.9],[4894422.7,4333836.3],[4894301.7,4333654.6],[4894134.6,4333359.2],[4894069.0,4333210.6],[4893995.0,4333124.5],[4893870.7,4333013.4],[4893755.7,4332869.8]]]}},{"type":"Feature","properties":{"Vill_name":"Purba Chikliguri","Sub_dist":null,"District":"Alipurduar","Vill_LGD":"307298"},"geometry":{"type":"Polygon","coordinates":[[[4946850.6,4298927.6],[4946895.3,4298887.5],[4946913.6,4298823.6],[4946906.2,4298628.8],[4946920.3,4298468.4],[4946945.3,4298418.0],[4946959.8,4298411.3],[4946995.5,4298434.7],[4947099.5,4298571.7],[4947260.3,4298719.9],[4947331.5,4298740.0],[4947596.5,4298742.8],[4947621.5,4298364.5],[4947674.7,4298341.0],[4947799.8,4298333.7],[4948079.0,4298378.0],[4948085.8,4298112.7],[4947982.5,4298066.0],[4947737.3,4298018.9],[4947487.0,4298035.4],[4947179.2,4298086.0],[4947015.1,4298169.5],[4946939.8,4298019.0],[4946958.1,4297925.1],[4946994.1,4297881.2],[4947151.1,4297760.5],[4947215.5,4297666.4],[4947233.5,4297516.0],[4947172.4,4297438.5],[4947083.1,4297374.8],[4946986.5,4297321.5],[4946957.7,4297267.1],[4946975.7,4297187.5],[4947069.1,4297073.6],[4947090.2,4297023.0],[4946943.3,4297002.8],[4946931.9,4296975.2],[4946907.1,4296938.7],[4946844.0,4296903.7],[4946690.6,4296886.5],[4946646.4,4296889.4],[4946690.4,4296920.1],[4946719.1,4296939.3],[4946669.7,4296950.2],[4946660.8,4297000.8],[4946631.7,4297008.6],[4946644.2,4297077.8],[4946383.3,4297102.8],[4946235.3,4297124.1],[4946071.9,4297140.0],[4945991.2,4297139.9],[4945610.2,4297159.6],[4945434.2,4297171.6],[4945424.8,4297100.2],[4945379.7,4297013.0],[4945319.7,4296933.1],[4945243.4,4296905.3],[4945186.1,4296887.1],[4945079.5,4296906.8],[4945032.8,4297007.4],[4945079.1,4297084.9],[4945063.8,4297136.5],[4944996.7,4297183.0],[4944957.1,4297178.8],[4944929.5,4297165.6],[4944889.6,4297123.1],[4944865.9,4297060.5],[4944868.4,4296980.5],[4944869.5,4296878.2],[4944859.4,4296773.7],[4944827.2,4296727.3],[4944757.0,4296674.3],[4944707.8,4296602.5],[4944821.8,4296597.5],[4945018.5,4296590.8],[4945091.2,4296591.4],[4945081.1,4296545.4],[4944994.5,4296445.6],[4944937.8,4296418.6],[4944850.3,4296388.5],[4944835.3,4296340.6],[4944436.7,4296436.8],[4944382.1,4296478.4],[4944297.6,4296439.4],[4944271.3,4296484.8],[4944199.7,4296484.8],[4944166.7,4296537.3],[4944134.3,4296629.0],[4944153.9,4296681.0],[4944180.0,4296680.8],[4944179.7,4296727.0],[4944082.5,4296778.8],[4944042.9,4296825.0],[4944108.3,4296864.0],[4944166.9,4296942.4],[4944330.3,4297099.0],[4944349.7,4297196.7],[4944303.9,4297301.5],[4944357.7,4297415.4],[4944382.1,4297434.2],[4944653.4,4297343.9],[4944759.6,4297334.1],[4944881.7,4297421.3],[4944843.9,4297603.2],[4944750.6,4297738.3],[4944605.0,4297700.2],[4944431.2,4297619.1],[4944335.9,4297640.3],[4944265.6,4297676.7],[4944232.6,4297765.6],[4944206.6,4297856.7],[4944191.0,4297894.7],[4944277.0,4298149.3],[4944312.3,4298303.7],[4944377.0,4298451.1],[4944627.1,4298652.2],[4944869.7,4298806.2],[4945084.5,4298853.3],[4945220.2,4298920.2],[4945384.8,4298980.7],[4945470.2,4299001.0],[4945735.1,4299027.9],[4945931.5,4299048.6],[4946246.0,4299095.6],[4946438.8,4299202.5],[4946517.6,4299309.9],[4946553.7,4299282.7],[4946618.5,4299222.9],[4946668.3,4299135.4],[4946725.5,4299028.2],[4946768.5,4298961.5],[4946850.6,4298927.6]]]}},{"type":"Feature","properties":{"Vill_name":"Chikliguri","Sub_dist":null,"District":"Alipurduar","Vill_LGD":"307297"},"geometry":{"type":"Polygon","coordinates":[[[4944750.6,4297738.3],[4944843.9,4297603.2],[4944881.7,4297421.3],[4944759.6,4297334.1],[4944653.4,4297343.9],[4944382.1,4297434.2],[4944357.7,4297415.4],[4944303.9,4297301.5],[4944349.7,4297196.7],[4944330.3,4297099.0],[4944221.5,4296994.7],[4944169.5,4297021.8],[4944089.2,4297190.8],[4944014.5,4297548.3],[4944019.3,4297656.2],[4944096.2,4297623.5],[4944216.2,4297638.0],[4944271.5,4297660.9],[4944265.6,4297676.7],[4944335.9,4297640.3],[4944431.2,4297619.1],[4944605.0,4297700.2],[4944750.6,4297738.3]]]}},{"type":"Feature","properties":{"Vill_name":"Uttar Simlabari","Sub_dist":null,"District":"Alipurduar","Vill_LGD":"307229"},"geometry":{"type":"Polygon","coordinates":[[[4916446.6,4306615.7],[4916392.8,4306405.8],[4916104.9,4306551.1],[4915972.0,4306281.0],[4916415.8,4305948.2],[4916459.7,4305646.7],[4916404.1,4305199.5],[4916252.5,4305094.5],[4916116.3,4305189.1],[4915872.1,4305241.3],[4915749.9,4305116.5],[4915639.3,4305199.6],[4915473.0,4304991.7],[4914996.5,4305043.5],[4914708.2,4305012.4],[4914708.0,4305875.4],[4914608.3,4305865.2],[4914442.1,4306062.5],[4914396.7,4306353.6],[4914518.5,4306363.4],[4914596.0,4306478.1],[4915416.7,4306571.6],[4915688.4,4306550.8],[4915777.2,4306623.8],[4916109.7,4306644.7],[4916297.8,4306634.1],[4916446.6,4306615.7]]]}},{"type":"Feature","properties":{"Vill_name":"Narasingpur","Sub_dist":null,"District":"Alipurduar","Vill_LGD":"307339"},"geometry":{"type":"Polygon","coordinates":[[[4887833.9,4321110.0],[4888098.3,4320802.4],[4888489.1,4320277.9],[4888636.2,4320090.9],[4888672.8,4320033.7],[4888652.7,4319880.4],[4888626.0,4319803.5],[4888616.2,4319699.8],[4888670.0,4319622.8],[4888715.8,4319560.2],[4888713.4,4319559.1],[4888576.4,4319557.4],[4888463.2,4319571.1],[4888422.2,4319575.5],[4888248.8,4319585.3],[4888085.7,4319606.5],[4887846.9,4319626.9],[4887824.7,4319587.5],[4887817.6,4319552.8],[4887855.9,4319522.2],[4887954.9,4319445.4],[4888013.8,4319335.2],[4887981.1,4319258.0],[4887910.6,4319212.8],[4887857.8,4319267.8],[4887830.2,4319279.7],[4887782.2,4319277.9],[4887709.9,4319237.1],[4887638.1,4319229.7],[4887571.3,4319249.1],[4887491.9,4319255.1],[4887383.7,4319268.5],[4887275.6,4319258.4],[4887111.3,4319232.3],[4886992.7,4319265.9],[4886882.8,4319272.4],[4886740.1,4319226.2],[4886635.5,4319265.9],[4886572.1,4319307.1],[4886579.2,4319355.1],[4886540.2,4319387.6],[4886524.7,4319435.0],[4886492.9,4319452.1],[4886124.7,4319446.2],[4885978.5,4319452.4],[4885939.3,4319440.7],[4885819.0,4319439.8],[4885698.1,4319450.2],[4885685.1,4319393.0],[4885661.1,4319351.6],[4885620.0,4319285.3],[4885551.8,4319201.9],[4885487.1,4319158.5],[4885432.0,4319109.2],[4885406.7,4319155.1],[4885411.6,4319247.7],[4885396.3,4319258.3],[4885370.4,4319246.2],[4885364.1,4319233.1],[4885314.6,4319189.5],[4885178.5,4319200.6],[4885172.5,4319242.6],[4885129.3,4319263.1],[4884998.4,4319317.7],[4884984.4,4319312.6],[4884871.1,4319166.1],[4884824.6,4319163.4],[4884795.8,4319167.2],[4884803.3,4319357.5],[4884789.5,4319402.5],[4884781.3,4319593.4],[4884758.2,4319760.3],[4884762.2,4319846.2],[4884788.8,4319925.4],[4884832.2,4319983.9],[4884956.0,4320084.3],[4885027.2,4320130.5],[4885058.9,4320206.1],[4885080.2,4320272.2],[4885080.8,4320342.1],[4885063.7,4320506.5],[4885015.2,4320563.8],[4884969.4,4320608.9],[4884925.3,4320649.7],[4884908.5,4320686.2],[4884913.4,4320713.5],[4884957.7,4320713.0],[4884980.1,4320708.4],[4885043.3,4320765.0],[4885151.5,4320854.7],[4885162.1,4320874.5],[4885221.4,4320870.2],[4885285.9,4320908.2],[4885353.6,4320898.7],[4885356.0,4320919.9],[4885528.0,4320818.2],[4885627.4,4320753.2],[4885730.0,4320755.7],[4885863.3,4320721.3],[4885946.0,4320719.4],[4886027.5,4320739.0],[4886091.5,4320808.0],[4886179.7,4320803.4],[4886466.7,4320761.7],[4886504.6,4320882.9],[4886542.7,4320875.9],[4886539.8,4320823.7],[4886657.2,4320814.1],[4886714.2,4320784.9],[4886745.2,4320812.9],[4886933.8,4320805.8],[4887026.9,4320800.5],[4887112.1,4320867.9],[4887160.7,4320888.9],[4887266.3,4320868.0],[4887618.9,4320841.7],[4887902.7,4320824.9],[4887883.4,4321022.0],[4887901.6,4321031.2],[4887833.9,4321110.0]]]}},{"type":"Feature","properties":{"Vill_name":"Deomali","Sub_dist":null,"District":"Alipurduar","Vill_LGD":"307341"},"geometry":{"type":"Polygon","coordinates":[[[4884858.0,4317644.4],[4884947.5,4317632.5],[4884976.6,4317661.4],[4885011.2,4317656.7],[4885026.6,4317601.9],[4885097.2,4317595.5],[4885146.7,4317627.9],[4885162.3,4317660.5],[4885213.6,4317687.6],[4885399.9,4317686.2],[4885435.6,4317698.3],[4885588.6,4317715.5],[4885812.2,4317674.2],[4885980.7,4317643.5],[4886159.8,4317646.7],[4886238.6,4317622.5],[4886328.1,4317632.7],[4886343.4,4317558.8],[4886375.7,4317511.2],[4886358.6,4317283.9],[4886289.6,4317216.7],[4886351.8,4316761.8],[4886282.4,4316540.3],[4886251.5,4316499.5],[4886217.1,4316499.3],[4886191.0,4316530.5],[4886160.0,4316583.5],[4886105.4,4316626.1],[4886067.6,4316624.8],[4885995.0,4316541.2],[4885993.5,4316287.6],[4886072.9,4316291.4],[4886143.3,4316277.6],[4886134.8,4316169.1],[4886138.4,4316124.6],[4886165.8,4316014.9],[4886316.9,4315845.3],[4886308.8,4315769.3],[4886298.3,4315712.2],[4886362.1,4315702.5],[4886434.0,4315649.0],[4886480.8,4315655.7],[4886535.5,4315662.3],[4886594.3,4315626.3],[4886647.5,4315562.0],[4886653.3,4315501.4],[4886630.8,4315468.9],[4886567.2,4315403.4],[4886463.6,4315288.9],[4886236.8,4315286.8],[4886083.2,4315221.9],[4886019.8,4315221.8],[4885926.5,4315199.1],[4885690.7,4315198.5],[4885572.3,4315229.2],[4885441.3,4315236.6],[4885174.2,4315264.5],[4885098.9,4315276.1],[4885028.0,4315300.2],[4884967.5,4315331.2],[4884931.8,4315328.5],[4884893.7,4315343.9],[4884814.5,4315366.6],[4884742.0,4315341.0],[4884632.2,4315337.2],[4884525.6,4315356.1],[4884477.2,4315363.1],[4884367.0,4315384.8],[4884307.0,4315386.8],[4884233.2,4315419.1],[4884198.8,4315398.8],[4884138.7,4315372.8],[4884114.8,4315357.4],[4884062.5,4315353.9],[4884018.0,4315388.1],[4883937.2,4315394.5],[4883772.1,4315404.8],[4883777.3,4315337.7],[4883768.5,4315326.0],[4883715.3,4315319.0],[4883643.1,4315329.2],[4883622.1,4315296.3],[4883612.3,4315295.5],[4883563.2,4315333.8],[4883515.6,4315374.9],[4883495.7,4315440.7],[4883519.4,4315518.2],[4883583.2,4315563.6],[4883663.1,4315604.0],[4883700.7,4315653.8],[4883727.5,4315737.9],[4883646.2,4316056.5],[4883635.7,4316120.9],[4883695.4,4316134.6],[4883800.5,4316172.9],[4883837.9,4316331.4],[4883882.0,4316483.4],[4883928.9,4316638.5],[4883968.1,4316720.4],[4883989.2,4316792.0],[4884049.1,4316986.7],[4884170.5,4317024.4],[4884199.2,4317363.0],[4884328.2,4317431.7],[4884460.4,4317548.3],[4884571.8,4317685.4],[4884619.2,4317831.7],[4884619.0,4317843.0],[4884657.0,4317838.6],[4884650.1,4317706.1],[4884722.2,4317689.0],[4884779.0,4317663.2],[4884842.8,4317663.3],[4884858.0,4317644.4]]]}},{"type":"Feature","properties":{"Vill_name":"Dhanirampur","Sub_dist":null,"District":"Alipurduar","Vill_LGD":"307348"},"geometry":{"type":"Polygon","coordinates":[[[4884018.0,4315388.1],[4884062.5,4315353.9],[4884114.8,4315357.4],[4884138.7,4315372.8],[4884198.8,4315398.8],[4884233.2,4315419.1],[4884307.0,4315386.8],[4884367.0,4315384.8],[4884477.2,4315363.1],[4884525.6,4315356.1],[4884632.2,4315337.2],[4884742.0,4315341.0],[4884814.5,4315366.6],[4884893.7,4315343.9],[4884931.8,4315328.5],[4884967.5,4315331.2],[4885028.0,4315300.2],[4885098.9,4315276.1],[4885174.2,4315264.5],[4885441.3,4315236.6],[4885572.3,4315229.2],[4885690.7,4315198.5],[4885660.4,4315023.7],[4885694.0,4314977.1],[4885668.9,4314806.4],[4885673.9,4314732.5],[4885691.0,4314704.8],[4885666.5,4314611.2],[4885649.8,4314467.5],[4885678.9,4314456.6],[4885773.5,4314460.2],[4885809.1,4314446.2],[4885828.1,4314408.3],[4885831.7,4314344.1],[4885797.8,4314272.2],[4885772.5,4314186.5],[4885777.7,4314129.7],[4885848.1,4314054.5],[4885865.5,4314008.7],[4885862.3,4313943.7],[4885851.1,4313921.5],[4885741.5,4313910.8],[4885700.3,4313858.3],[4885677.5,4313791.3],[4885684.9,4313638.4],[4885676.0,4313578.5],[4885710.5,4313525.7],[4885712.3,4313497.2],[4885781.3,4313443.1],[4885787.2,4313351.5],[4885783.7,4313281.6],[4885764.2,4313227.6],[4885756.6,4313180.0],[4885752.0,4313102.2],[4885758.2,4313036.2],[4885779.6,4313018.5],[4885833.3,4313005.4],[4885918.2,4312996.7],[4885949.2,4312997.7],[4885970.8,4312986.5],[4886005.1,4312988.1],[4886016.1,4312975.4],[4886014.9,4312907.5],[4886006.2,4312854.5],[4885983.7,4312761.1],[4885964.9,4312721.9],[4885933.9,4312622.1],[4885916.8,4312587.9],[4885875.4,4312489.1],[4885862.9,4312453.6],[4885839.7,4312353.3],[4885867.9,4312299.6],[4885922.6,4312255.1],[4885897.4,4312145.8],[4885896.4,4312074.0],[4885876.8,4312053.9],[4885833.9,4312055.8],[4885740.5,4311965.3],[4885749.0,4311931.3],[4885779.2,4311907.7],[4885868.0,4311898.2],[4885951.5,4311900.3],[4885999.0,4311933.0],[4886016.5,4311998.7],[4886099.2,4312026.3],[4886147.5,4312022.7],[4886133.8,4311929.7],[4886051.3,4311857.5],[4886027.3,4311826.3],[4885985.9,4311726.1],[4885968.4,4311681.5],[4885958.3,4311584.7],[4885968.3,4311541.0],[4886004.2,4311499.0],[4886003.1,4311482.2],[4885987.8,4311463.3],[4885975.2,4311470.1],[4885936.3,4311502.6],[4885894.0,4311512.3],[4885852.5,4311508.4],[4885827.6,4311494.4],[4885790.6,4311467.6],[4885554.8,4311476.3],[4885460.2,4311563.2],[4885432.4,4311570.2],[4885342.5,4311508.3],[4885305.3,4311484.8],[4885273.8,4311503.8],[4885251.6,4311549.7],[4885289.5,4311645.8],[4885309.0,4311691.7],[4885257.1,4311758.1],[4885210.2,4311840.6],[4885191.8,4311931.5],[4885226.5,4312031.9],[4885188.0,4312185.6],[4885107.6,4312250.0],[4885054.7,4312281.5],[4884991.3,4312280.4],[4884927.2,4312238.4],[4884870.8,4312183.6],[4884778.9,4312085.5],[4884710.4,4312008.4],[4884642.5,4311982.0],[4884505.8,4311991.5],[4884436.2,4311987.1],[4884256.2,4311889.5],[4884166.9,4311893.4],[4884106.2,4311949.5],[4884102.2,4312013.2],[4884143.2,4312063.2],[4884257.1,4312118.3],[4884399.9,4312168.6],[4884439.7,4312231.8],[4884425.6,4312307.2],[4884350.6,4312433.9],[4884337.9,4312582.2],[4884315.2,4312689.2],[4884269.8,4312752.5],[4884223.9,4312825.7],[4884042.9,4312975.4],[4884008.0,4313018.2],[4884045.4,4313080.8],[4884093.2,4313121.9],[4884189.3,4313163.2],[4884261.2,4313180.5],[4884331.9,4313216.9],[4884377.0,4313254.8],[4884244.3,4313543.0],[4884213.5,4313575.7],[4884172.1,4313576.9],[4884116.3,4313554.1],[4884080.5,4313516.7],[4884006.5,4313442.2],[4883954.3,4313406.8],[4883894.5,4313403.0],[4883823.9,4313417.2],[4883772.8,4313468.0],[4883752.8,4313536.7],[4883750.5,4313568.0],[4883821.8,4313595.1],[4883928.1,4313611.4],[4883978.0,4313633.9],[4884007.9,4313715.2],[4883938.5,4313847.1],[4883898.5,4313930.5],[4883871.4,4314001.2],[4883819.1,4314074.1],[4883820.9,4314147.5],[4883840.1,4314243.5],[4883785.3,4314308.3],[4883688.9,4314378.7],[4883606.7,4314512.8],[4883515.4,4314649.3],[4883464.3,4314754.2],[4883429.7,4314844.2],[4883414.5,4314983.1],[4883428.6,4315056.7],[4883494.4,4315121.3],[4883557.4,4315180.9],[4883617.5,4315232.5],[4883619.7,4315289.7],[4883612.3,4315295.5],[4883622.1,4315296.3],[4883643.1,4315329.2],[4883715.3,4315319.0],[4883768.5,4315326.0],[4883777.3,4315337.7],[4883772.1,4315404.8],[4883937.2,4315394.5],[4884018.0,4315388.1]]]}},{"type":"Feature","properties":{"Vill_name":"Khagenhat","Sub_dist":null,"District":"Alipurduar","Vill_LGD":"307347"},"geometry":{"type":"Polygon","coordinates":[[[4886751.2,4313755.6],[4886630.5,4313762.6],[4886675.7,4313650.8],[4886696.3,4313590.4],[4886722.1,4313554.3],[4886792.8,4313473.7],[4886806.7,4313430.1],[4886803.2,4313359.7],[4886785.5,4313280.2],[4886763.3,4313229.6],[4886737.8,4313169.4],[4886735.5,4313084.3],[4886761.7,4313029.5],[4886794.3,4312984.4],[4886748.1,4312964.5],[4886637.9,4312957.7],[4886498.2,4312991.3],[4886456.9,4312952.0],[4886306.9,4312955.5],[4886217.3,4312958.1],[4886139.8,4312967.1],[4886016.1,4312975.4],[4886005.1,4312988.1],[4885970.8,4312986.5],[4885949.2,4312997.7],[4885918.2,4312996.7],[4885833.3,4313005.4],[4885779.6,4313018.5],[4885758.2,4313036.2],[4885752.0,4313102.2],[4885756.6,4313180.0],[4885764.2,4313227.6],[4885783.7,4313281.6],[4885787.2,4313351.5],[4885781.3,4313443.1],[4885712.3,4313497.2],[4885710.5,4313525.7],[4885676.0,4313578.5],[4885684.9,4313638.4],[4885677.5,4313791.3],[4885700.3,4313858.3],[4885741.5,4313910.8],[4885851.1,4313921.5],[4885862.3,4313943.7],[4885865.5,4314008.7],[4885848.1,4314054.5],[4885777.7,4314129.7],[4885772.5,4314186.5],[4885797.8,4314272.2],[4885831.7,4314344.1],[4885828.1,4314408.3],[4885809.1,4314446.2],[4885773.5,4314460.2],[4885678.9,4314456.6],[4885649.8,4314467.5],[4885666.5,4314611.2],[4885691.0,4314704.8],[4885673.9,4314732.5],[4885668.9,4314806.4],[4885694.0,4314977.1],[4885660.4,4315023.7],[4885690.7,4315198.5],[4885926.5,4315199.1],[4886019.8,4315221.8],[4886083.2,4315221.9],[4886236.8,4315286.8],[4886463.6,4315288.9],[4886567.2,4315403.4],[4886630.8,4315468.9],[4886653.3,4315501.4],[4886746.0,4315484.2],[4886777.3,4315498.0],[4886856.2,4315471.9],[4886911.0,4315434.7],[4886916.2,4315388.3],[4886971.5,4315312.4],[4887021.1,4315333.4],[4887102.0,4315365.8],[4887107.6,4315393.1],[4887331.1,4315424.5],[4887374.3,4315383.8],[4887382.4,4315369.0],[4887853.3,4315344.0],[4888091.1,4315313.8],[4888129.2,4315379.5],[4888158.5,4315453.6],[4888167.3,4315505.6],[4888187.5,4315513.9],[4888358.0,4315515.3],[4888499.2,4315510.8],[4888523.6,4315493.8],[4888547.6,4315412.9],[4888690.6,4315381.9],[4888697.9,4315240.8],[4888837.2,4315194.5],[4888940.8,4315175.4],[4889020.4,4315185.6],[4889085.7,4315175.5],[4889097.9,4315126.9],[4889058.2,4315133.9],[4889058.2,4315083.8],[4889044.8,4315044.8],[4889018.5,4314899.1],[4888985.6,4314776.2],[4888982.2,4314703.8],[4888958.1,4314592.5],[4888934.4,4314462.7],[4888955.4,4314444.1],[4888960.0,4314318.0],[4888955.3,4314221.5],[4888961.3,4314179.0],[4889023.6,4314180.6],[4889058.4,4314142.5],[4889064.7,4314093.6],[4889175.3,4314070.0],[4889199.2,4313983.7],[4889220.4,4313859.4],[4889199.0,4313711.0],[4889178.6,4313656.0],[4888947.9,4313671.4],[4888678.7,4313692.3],[4888626.6,4313682.0],[4888426.8,4313647.3],[4888323.0,4313671.2],[4888147.9,4313685.4],[4887975.4,4313697.2],[4887616.2,4313728.6],[4887450.8,4313735.3],[4886982.0,4313759.4],[4886916.6,4313759.2],[4886751.2,4313755.6]]]}},{"type":"Feature","properties":{"Vill_name":"Chengmaritari","Sub_dist":null,"District":"Alipurduar","Vill_LGD":"307343"},"geometry":{"type":"Polygon","coordinates":[[[4887382.4,4315369.0],[4887374.3,4315383.8],[4887480.6,4315493.6],[4887499.5,4315538.3],[4887508.6,4315584.9],[4887494.7,4315638.2],[4887467.0,4315703.7],[4887477.9,4315946.5],[4887493.2,4316088.2],[4887494.7,4316117.8],[4887486.3,4316241.6],[4887481.0,4316291.0],[4887498.3,4316378.8],[4887498.2,4316514.9],[4887505.0,4316606.6],[4887622.0,4316677.6],[4887687.7,4316752.0],[4887711.6,4316815.5],[4887735.4,4317025.5],[4887584.0,4317108.6],[4887446.5,4317118.2],[4887436.0,4317153.0],[4887333.0,4317180.5],[4887315.9,4317208.2],[4887305.7,4317298.1],[4887204.0,4317317.8],[4887118.4,4317351.0],[4887102.9,4317397.4],[4887152.5,4317581.5],[4887197.0,4317717.3],[4887228.1,4317816.1],[4887235.4,4317859.2],[4887235.3,4317993.8],[4887195.3,4318079.8],[4887271.7,4318105.1],[4887395.8,4318108.2],[4887389.8,4318171.7],[4887465.2,4318187.2],[4887498.2,4318197.1],[4887738.8,4318198.9],[4887829.7,4318200.3],[4887881.0,4318226.3],[4888098.1,4318246.6],[4888103.5,4318430.2],[4888119.3,4318480.5],[4888113.7,4318546.1],[4888090.2,4318564.1],[4888074.5,4318736.3],[4888076.1,4318784.5],[4888119.3,4318817.6],[4888131.2,4318927.2],[4888188.5,4318879.9],[4888244.4,4318800.5],[4888336.9,4318797.1],[4888495.0,4318757.6],[4888650.4,4318674.2],[4888591.6,4318578.0],[4888564.2,4318526.5],[4888595.2,4318474.5],[4888704.9,4318419.3],[4888767.0,4318374.2],[4888856.5,4318292.0],[4888877.5,4318212.5],[4888805.3,4318139.7],[4888720.6,4318062.4],[4888677.6,4318016.6],[4888748.7,4317929.2],[4888750.2,4317775.0],[4888736.1,4317628.4],[4888717.4,4317466.3],[4888727.6,4317417.2],[4888834.7,4317305.4],[4888869.4,4317156.8],[4888891.5,4317086.6],[4888979.3,4317006.8],[4889015.7,4316965.3],[4889001.8,4316906.7],[4888998.1,4316861.8],[4888972.0,4316679.7],[4888953.2,4316652.3],[4888898.3,4316648.7],[4888898.1,4316459.5],[4888923.9,4316444.0],[4888910.1,4316373.6],[4888981.9,4316381.0],[4888982.3,4316322.1],[4889064.7,4316284.3],[4889058.0,4316218.6],[4889137.0,4316170.4],[4889123.8,4316108.3],[4889192.1,4316035.9],[4889199.3,4315908.5],[4889275.1,4315874.4],[4889304.3,4315697.0],[4889400.6,4315614.6],[4889435.4,4315575.5],[4889480.1,4315443.1],[4889459.5,4315380.7],[4889242.2,4315374.1],[4889169.9,4315355.4],[4888914.5,4315353.4],[4888692.7,4315337.8],[4888690.6,4315381.9],[4888547.6,4315412.9],[4888523.6,4315493.8],[4888499.2,4315510.8],[4888358.0,4315515.3],[4888187.5,4315513.9],[4888167.3,4315505.6],[4888158.5,4315453.6],[4888129.2,4315379.5],[4888091.1,4315313.8],[4887853.3,4315344.0],[4887382.4,4315369.0]]]}},{"type":"Feature","properties":{"Vill_name":"Purba Deogaon","Sub_dist":null,"District":"Alipurduar","Vill_LGD":"307371"},"geometry":{"type":"Polygon","coordinates":[[[4898224.8,4314995.1],[4898238.6,4315126.4],[4898248.9,4315289.5],[4898232.0,4315324.1],[4898124.3,4315336.1],[4898062.3,4315329.2],[4898055.3,4315443.3],[4898031.5,4315571.3],[4898096.6,4315810.3],[4898104.0,4315902.5],[4898124.2,4315940.3],[4898148.6,4315996.0],[4898269.9,4316068.7],[4898304.1,4316082.6],[4898339.9,4316328.5],[4898430.0,4316273.4],[4898467.7,4316295.8],[4898471.2,4316346.1],[4898531.9,4316442.8],[4898609.8,4316427.4],[4898701.5,4316420.5],[4898811.8,4316415.0],[4898854.0,4316487.3],[4898788.0,4316522.0],[4898898.5,4316532.7],[4899047.0,4316487.3],[4899137.3,4316460.2],[4899206.1,4316449.2],[4899234.5,4316532.7],[4899317.1,4316654.0],[4899355.2,4316719.2],[4899341.3,4316764.3],[4899310.1,4316788.8],[4899251.5,4316802.7],[4899269.0,4316847.7],[4899286.5,4317045.1],[4899282.8,4317171.7],[4899227.0,4317157.7],[4899168.7,4317216.3],[4899106.1,4317230.5],[4899099.0,4317265.0],[4899175.8,4317486.3],[4899130.6,4317517.6],[4899144.1,4317604.7],[4899064.9,4317637.7],[4899109.7,4317790.2],[4899120.1,4317889.9],[4899081.9,4317907.7],[4899095.8,4317977.2],[4899158.1,4318059.8],[4899189.0,4318080.4],[4899196.4,4318132.3],[4899223.7,4318196.5],[4899260.7,4318306.4],[4899461.3,4318179.5],[4899595.2,4318082.3],[4899745.3,4318015.3],[4899849.4,4317945.1],[4899902.1,4317881.3],[4899902.5,4317771.3],[4899868.0,4317629.7],[4899818.0,4317475.5],[4899821.1,4317348.4],[4899835.0,4317295.0],[4899894.8,4317205.0],[4900001.7,4317057.4],[4900215.7,4316877.1],[4900280.8,4316779.5],[4900242.0,4316686.2],[4900172.2,4316617.1],[4900048.4,4316453.9],[4900072.0,4316329.8],[4900069.1,4316257.9],[4900034.3,4316184.5],[4899925.6,4316064.3],[4899836.7,4315952.0],[4899766.8,4315792.9],[4899731.9,4315699.8],[4899666.1,4315587.6],[4899565.3,4315467.3],[4899402.2,4315354.8],[4899286.2,4315273.6],[4899235.8,4315219.6],[4899236.0,4315153.3],[4899255.2,4315029.4],[4899297.9,4314959.2],[4899398.3,4314852.6],[4899402.5,4314817.4],[4899375.5,4314786.6],[4899243.1,4314689.4],[4899134.7,4314604.6],[4899037.8,4314545.9],[4899033.7,4314519.1],[4899030.4,4314433.5],[4899046.5,4314385.7],[4898941.5,4314383.0],[4898963.8,4314481.4],[4898963.8,4314552.6],[4898918.9,4314587.3],[4898877.4,4314591.2],[4898868.8,4314659.1],[4898889.8,4314721.0],[4898903.6,4314762.4],[4898882.9,4314814.5],[4898893.5,4314848.9],[4898650.6,4314904.5],[4898405.1,4314942.3],[4898401.8,4314990.8],[4898301.4,4315005.1],[4898284.4,4314980.7],[4898224.8,4314995.1]]]}},{"type":"Feature","properties":{"Vill_name":"Madhya Deogaon","Sub_dist":null,"District":"Alipurduar","Vill_LGD":"307373"},"geometry":{"type":"Polygon","coordinates":[[[4896869.1,4316020.4],[4896959.0,4315999.7],[4897043.8,4316045.0],[4897106.1,4316109.0],[4897145.9,4316149.2],[4897208.2,4316181.7],[4897343.1,4316165.1],[4897436.7,4316149.4],[4897462.8,4316210.1],[4897467.6,4316294.9],[4897421.2,4316319.2],[4897381.3,4316331.0],[4897336.4,4316315.6],[4897301.9,4316348.3],[4897308.6,4316464.6],[4897339.9,4316558.9],[4897355.3,4316575.9],[4897419.2,4316565.7],[4897504.0,4316578.1],[4897682.1,4316582.8],[4897736.1,4316574.5],[4897910.7,4316509.2],[4898082.2,4316457.6],[4898132.1,4316451.1],[4898139.3,4316402.3],[4898244.7,4316377.9],[4898303.7,4316367.0],[4898339.9,4316328.5],[4898304.1,4316082.6],[4898269.9,4316068.7],[4898148.6,4315996.0],[4898124.2,4315940.3],[4898104.0,4315902.5],[4898096.6,4315810.3],[4898031.5,4315571.3],[4898055.3,4315443.3],[4898062.3,4315329.2],[4898124.3,4315336.1],[4898232.0,4315324.1],[4898248.9,4315289.5],[4898238.6,4315126.4],[4898224.8,4314995.1],[4898169.2,4315016.0],[4898034.4,4315039.9],[4897868.2,4315012.3],[4897816.2,4315001.9],[4897785.1,4314840.8],[4897563.9,4314834.1],[4897446.1,4314892.7],[4897370.4,4314893.0],[4897321.8,4314924.1],[4897235.4,4314993.6],[4897200.4,4315027.8],[4897162.3,4315083.5],[4897075.6,4315170.2],[4897051.9,4315152.3],[4896934.2,4315045.5],[4896868.2,4314958.8],[4896844.3,4314882.5],[4896774.8,4314754.3],[4896705.7,4314751.0],[4896626.5,4314764.9],[4896544.3,4314817.4],[4896545.8,4314869.5],[4896500.7,4314907.7],[4896465.0,4314924.6],[4896388.5,4314920.9],[4896343.6,4314945.3],[4896333.0,4314992.0],[4896423.0,4315071.5],[4896488.7,4315003.4],[4896534.0,4315002.1],[4896545.9,4315029.2],[4896530.2,4315079.6],[4896487.2,4315095.2],[4896464.9,4315131.4],[4896478.6,4315182.7],[4896519.5,4315190.1],[4896566.5,4315162.4],[4896659.6,4315178.1],[4896756.7,4315254.0],[4896823.9,4315336.9],[4896839.5,4315381.3],[4896820.2,4315465.9],[4896773.9,4315467.6],[4896692.1,4315420.9],[4896587.0,4315358.9],[4896552.8,4315397.0],[4896573.4,4315469.2],[4896638.5,4315565.2],[4896694.2,4315828.3],[4896676.6,4315897.7],[4896625.3,4315890.3],[4896480.2,4315731.5],[4896359.5,4315555.2],[4896286.7,4315476.1],[4896238.2,4315472.3],[4896145.4,4315572.5],[4896127.5,4315628.1],[4896127.8,4315693.4],[4896172.9,4315817.9],[4896393.6,4315908.1],[4896501.0,4316004.7],[4896455.6,4316098.8],[4896433.2,4316178.3],[4896433.3,4316308.0],[4896415.8,4316375.4],[4896364.1,4316377.4],[4896287.9,4316410.0],[4896262.2,4316494.8],[4896266.2,4316595.7],[4896371.2,4316577.6],[4896489.0,4316549.9],[4896558.2,4316529.2],[4896669.0,4316515.3],[4896686.2,4316432.7],[4896672.3,4316352.9],[4896675.9,4316279.9],[4896677.4,4316196.4],[4896697.5,4316166.9],[4896798.2,4316055.3],[4896869.1,4316020.4]]]}},{"type":"Feature","properties":{"Vill_name":"Paschim Deogaon","Sub_dist":null,"District":"Alipurduar","Vill_LGD":"307375"},"geometry":{"type":"Polygon","coordinates":[[[4896284.1,4313273.1],[4896152.9,4313326.2],[4896031.9,4313359.2],[4895960.9,4313404.5],[4895910.2,4313447.2],[4895886.1,4313500.6],[4895794.1,4313635.2],[4895697.4,4313767.1],[4895625.1,4313881.0],[4895689.5,4313889.5],[4895706.1,4313932.6],[4895690.7,4313987.8],[4895656.2,4314039.7],[4895614.7,4314085.9],[4895587.2,4314147.9],[4895568.1,4314206.9],[4895561.2,4314277.8],[4895578.7,4314334.7],[4895604.6,4314357.0],[4895639.2,4314374.0],[4895678.6,4314380.8],[4895716.8,4314383.1],[4895785.9,4314254.8],[4895822.2,4314256.5],[4895869.0,4314284.3],[4895855.4,4314341.6],[4895827.5,4314360.4],[4895777.1,4314438.1],[4895863.8,4314514.0],[4895912.5,4314574.3],[4895960.0,4314586.4],[4896022.3,4314578.6],[4896094.7,4314533.9],[4896176.1,4314466.6],[4896236.9,4314428.3],[4896305.6,4314438.9],[4896355.9,4314476.7],[4896388.7,4314520.1],[4896383.7,4314583.2],[4896350.7,4314705.9],[4896366.2,4314792.6],[4896544.3,4314817.4],[4896626.5,4314764.9],[4896705.7,4314751.0],[4896774.8,4314754.3],[4896844.3,4314882.5],[4896868.2,4314958.8],[4896934.2,4315045.5],[4897101.0,4314980.3],[4897132.4,4314939.0],[4897118.3,4314722.2],[4897118.1,4314521.8],[4897156.5,4314501.0],[4897242.8,4314493.9],[4897370.7,4314459.3],[4897384.1,4314283.0],[4897401.6,4314194.5],[4897381.4,4314114.9],[4897360.5,4314038.7],[4897356.6,4313997.3],[4897426.1,4313931.4],[4897464.2,4313935.2],[4897481.1,4313920.8],[4897477.7,4313879.3],[4897495.4,4313817.3],[4897484.5,4313695.9],[4897455.1,4313633.6],[4897367.4,4313445.1],[4897311.8,4313438.0],[4897230.6,4313471.0],[4897152.7,4313507.0],[4897104.2,4313462.9],[4897107.8,4313429.7],[4897097.4,4313411.0],[4897033.3,4313384.8],[4896978.3,4313313.9],[4896972.7,4313267.5],[4897009.1,4313194.5],[4897035.2,4313061.2],[4896997.2,4313083.9],[4896941.8,4313091.1],[4896850.1,4313181.0],[4896806.8,4313202.5],[4896614.7,4313192.3],[4896505.6,4313233.7],[4896453.8,4313268.5],[4896400.1,4313271.8],[4896341.4,4313297.0],[4896284.1,4313273.1]]]}},{"type":"Feature","properties":{"Vill_name":"Mechhua Dhurabala Bathan","Sub_dist":null,"District":"Alipurduar","Vill_LGD":"307340"},"geometry":{"type":"Polygon","coordinates":[[[4885819.0,4319439.8],[4885939.3,4319440.7],[4885978.5,4319452.4],[4886124.7,4319446.2],[4886492.9,4319452.1],[4886524.7,4319435.0],[4886540.2,4319387.6],[4886579.2,4319355.1],[4886572.1,4319307.1],[4886635.5,4319265.9],[4886740.1,4319226.2],[4886882.8,4319272.4],[4886992.7,4319265.9],[4887111.3,4319232.3],[4887275.6,4319258.4],[4887383.7,4319268.5],[4887491.9,4319255.1],[4887571.3,4319249.1],[4887638.1,4319229.7],[4887709.9,4319237.1],[4887782.2,4319277.9],[4887830.2,4319279.7],[4887857.8,4319267.8],[4887910.6,4319212.8],[4887871.6,4319196.7],[4887856.0,4319172.9],[4887947.0,4319079.0],[4887981.9,4318956.4],[4888127.5,4318963.4],[4888131.2,4318927.2],[4888119.3,4318817.6],[4888076.1,4318784.5],[4888074.5,4318736.3],[4888090.2,4318564.1],[4888113.7,4318546.1],[4888119.3,4318480.5],[4888103.5,4318430.2],[4888098.1,4318246.6],[4887881.0,4318226.3],[4887829.7,4318200.3],[4887738.8,4318198.9],[4887498.2,4318197.1],[4887465.2,4318187.2],[4887389.8,4318171.7],[4887395.8,4318108.2],[4887271.7,4318105.1],[4887195.3,4318079.8],[4887159.2,4318114.5],[4887102.3,4318123.0],[4887057.6,4318133.6],[4886830.8,4318109.9],[4886706.8,4318082.3],[4886607.1,4318051.5],[4886593.1,4318096.5],[4886631.3,4318151.4],[4886710.2,4318308.0],[4886806.3,4318393.7],[4886968.3,4318590.2],[4886968.2,4318672.7],[4886916.0,4318748.3],[4886971.3,4318945.0],[4886992.1,4318962.2],[4886984.9,4319009.1],[4886962.4,4319017.3],[4886938.7,4319052.0],[4886887.2,4319050.0],[4886887.0,4319011.7],[4886859.8,4318976.0],[4886832.4,4318932.9],[4886763.2,4318869.7],[4886732.2,4318727.2],[4886725.2,4318660.0],[4886675.0,4318660.0],[4886661.7,4318641.2],[4886701.4,4318572.4],[4886747.8,4318577.6],[4886838.8,4318584.4],[4886845.7,4318545.0],[4886823.2,4318502.1],[4886756.1,4318466.0],[4886678.8,4318419.5],[4886632.0,4318370.1],[4886596.0,4318302.5],[4886561.8,4318266.5],[4886486.2,4318246.1],[4886465.7,4318201.4],[4886469.0,4318134.2],[4886501.7,4318046.9],[4886504.9,4318000.4],[4886496.6,4317927.8],[4886489.5,4317880.7],[4886448.8,4317839.5],[4886345.3,4317815.3],[4886355.5,4317746.5],[4886328.1,4317632.7],[4886238.6,4317622.5],[4886159.8,4317646.7],[4885980.7,4317643.5],[4885812.2,4317674.2],[4885588.6,4317715.5],[4885435.6,4317698.3],[4885399.9,4317686.2],[4885213.6,4317687.6],[4885162.3,4317660.5],[4885146.7,4317627.9],[4885097.2,4317595.5],[4885026.6,4317601.9],[4885011.2,4317656.7],[4884976.6,4317661.4],[4884947.5,4317632.5],[4884858.0,4317644.4],[4884842.8,4317663.3],[4884779.0,4317663.2],[4884722.2,4317689.0],[4884650.1,4317706.1],[4884657.0,4317838.6],[4884619.0,4317843.0],[4884618.4,4317898.0],[4884704.2,4318139.9],[4884818.0,4318347.5],[4884910.0,4318540.5],[4885057.6,4318759.8],[4885052.9,4318835.3],[4884992.0,4318896.3],[4884956.4,4318951.9],[4884940.3,4319010.5],[4884952.1,4319071.7],[4884876.0,4319114.7],[4884793.7,4319116.0],[4884795.8,4319167.2],[4884824.6,4319163.4],[4884871.1,4319166.1],[4884984.4,4319312.6],[4884998.4,4319317.7],[4885129.3,4319263.1],[4885172.5,4319242.6],[4885178.5,4319200.6],[4885314.6,4319189.5],[4885364.1,4319233.1],[4885370.4,4319246.2],[4885396.3,4319258.3],[4885411.6,4319247.7],[4885406.7,4319155.1],[4885432.0,4319109.2],[4885487.1,4319158.5],[4885551.8,4319201.9],[4885620.0,4319285.3],[4885661.1,4319351.6],[4885685.1,4319393.0],[4885698.1,4319450.2],[4885819.0,4319439.8]]]}},{"type":"Feature","properties":{"Vill_name":"Ghatpar Sarugram","Sub_dist":null,"District":"Alipurduar","Vill_LGD":"307349"},"geometry":{"type":"Polygon","coordinates":[[[4886306.9,4312955.5],[4886456.9,4312952.0],[4886498.2,4312991.3],[4886637.9,4312957.7],[4886748.1,4312964.5],[4886794.3,4312984.4],[4886864.3,4312960.3],[4886890.4,4312968.9],[4887005.7,4313011.8],[4887041.5,4313023.4],[4887083.0,4313018.5],[4887123.2,4312990.5],[4887174.7,4312950.7],[4887193.7,4312924.6],[4887240.3,4312874.8],[4887274.5,4312847.4],[4887349.0,4312800.9],[4887393.7,4312759.3],[4887412.8,4312741.1],[4887419.8,4312707.0],[4887411.0,4312665.3],[4887395.1,4312629.2],[4887369.7,4312605.4],[4887335.2,4312588.0],[4887276.3,4312586.1],[4887236.9,4312598.5],[4887198.7,4312646.3],[4887171.0,4312691.1],[4887131.8,4312720.7],[4887100.0,4312728.0],[4887033.0,4312691.3],[4886995.1,4312641.4],[4886976.4,4312591.3],[4886962.1,4312541.0],[4886969.3,4312483.9],[4886990.1,4312459.3],[4887028.0,4312428.2],[4887122.7,4312420.0],[4887198.8,4312430.1],[4887247.1,4312418.2],[4887326.5,4312381.7],[4887405.5,4312332.0],[4887476.4,4312298.6],[4887517.5,4312291.2],[4887590.5,4312286.4],[4887662.7,4312275.6],[4887733.1,4312241.2],[4887762.9,4312215.1],[4887780.2,4312181.0],[4887773.3,4312141.4],[4887730.0,4312111.8],[4887662.8,4312079.1],[4887566.5,4312090.2],[4887497.7,4312059.3],[4887473.9,4311983.5],[4887477.0,4311917.8],[4887497.7,4311865.8],[4887546.4,4311865.7],[4887646.2,4311883.3],[4887722.4,4311893.8],[4887749.9,4311873.0],[4887791.2,4311821.0],[4887815.2,4311751.9],[4887818.8,4311729.0],[4887835.8,4311691.0],[4887856.8,4311673.8],[4887932.0,4311632.2],[4887994.6,4311607.7],[4888029.2,4311581.9],[4888036.1,4311562.6],[4888032.5,4311533.9],[4887993.0,4311478.5],[4887919.0,4311464.6],[4887825.1,4311443.8],[4887746.4,4311405.7],[4887697.5,4311359.6],[4887685.8,4311308.4],[4887685.5,4311272.0],[4887704.6,4311233.7],[4887746.2,4311195.9],[4887801.2,4311175.4],[4887858.4,4311192.4],[4887911.7,4311207.8],[4887956.8,4311210.0],[4888003.3,4311182.2],[4888024.3,4311154.2],[4888015.7,4311119.0],[4887986.3,4311086.1],[4887915.6,4311054.7],[4887872.5,4311042.8],[4887786.2,4310988.0],[4887712.6,4310965.8],[4887790.4,4310930.7],[4887860.1,4310892.3],[4887941.6,4310791.1],[4887984.3,4310709.7],[4888003.9,4310589.3],[4888026.7,4310555.0],[4888061.8,4310541.2],[4888038.2,4310464.2],[4888013.4,4310363.9],[4887970.2,4310291.7],[4887937.8,4310254.4],[4887887.7,4310244.7],[4887815.5,4310278.6],[4887800.0,4310319.0],[4887833.4,4310485.7],[4887842.0,4310553.0],[4887837.2,4310629.0],[4887820.3,4310694.5],[4887739.9,4310758.8],[4887656.9,4310766.5],[4887611.6,4310687.2],[4887589.7,4310578.3],[4887560.3,4310487.1],[4887507.2,4310381.8],[4887436.8,4310295.3],[4887346.9,4310266.6],[4887227.4,4310292.4],[4887183.2,4310387.8],[4887184.6,4310565.5],[4887188.8,4310648.3],[4887155.0,4310726.1],[4887087.5,4310788.2],[4887047.5,4310817.5],[4886987.2,4310823.0],[4886909.8,4310792.1],[4886867.5,4310659.8],[4886838.0,4310571.6],[4886743.7,4310464.0],[4886634.2,4310336.4],[4886567.4,4310290.9],[4886483.5,4310269.5],[4886424.0,4310304.0],[4886395.1,4310356.0],[4886416.2,4310427.0],[4886485.9,4310473.2],[4886537.0,4310517.4],[4886590.5,4310572.1],[4886602.7,4310626.8],[4886542.4,4310676.6],[4886417.0,4310798.5],[4886340.8,4310850.8],[4886207.4,4310800.5],[4886054.4,4310721.1],[4885969.2,4310715.3],[4885861.0,4310722.6],[4885806.0,4310782.5],[4885789.9,4310931.1],[4885774.3,4311025.1],[4885703.7,4311188.4],[4885588.6,4311346.3],[4885548.2,4311435.5],[4885497.6,4311476.9],[4885411.8,4311481.0],[4885326.2,4311472.3],[4885305.3,4311484.8],[4885342.5,4311508.3],[4885432.4,4311570.2],[4885460.2,4311563.2],[4885554.8,4311476.3],[4885790.6,4311467.6],[4885827.6,4311494.4],[4885852.5,4311508.4],[4885894.0,4311512.3],[4885936.3,4311502.6],[4885975.2,4311470.1],[4885987.8,4311463.3],[4886003.1,4311482.2],[4886004.2,4311499.0],[4885968.3,4311541.0],[4885958.3,4311584.7],[4885968.4,4311681.5],[4885985.9,4311726.1],[4886027.3,4311826.3],[4886051.3,4311857.5],[4886133.8,4311929.7],[4886147.5,4312022.7],[4886099.2,4312026.3],[4886016.5,4311998.7],[4885999.0,4311933.0],[4885951.5,4311900.3],[4885868.0,4311898.2],[4885779.2,4311907.7],[4885749.0,4311931.3],[4885740.5,4311965.3],[4885833.9,4312055.8],[4885876.8,4312053.9],[4885896.4,4312074.0],[4885897.4,4312145.8],[4885922.6,4312255.1],[4885867.9,4312299.6],[4885839.7,4312353.3],[4885862.9,4312453.6],[4885875.4,4312489.1],[4885916.8,4312587.9],[4885933.9,4312622.1],[4885964.9,4312721.9],[4885983.7,4312761.1],[4886006.2,4312854.5],[4886014.9,4312907.5],[4886016.1,4312975.4],[4886139.8,4312967.1],[4886217.3,4312958.1],[4886306.9,4312955.5]]]}},{"type":"Feature","properties":{"Vill_name":"Malsagaon","Sub_dist":null,"District":"Alipurduar","Vill_LGD":"307351"},"geometry":{"type":"Polygon","coordinates":[[[4890204.0,4310085.2],[4890198.5,4310246.6],[4890173.1,4310358.8],[4890084.2,4310479.5],[4889946.6,4310547.2],[4889834.0,4310567.5],[4889823.2,4310657.3],[4889771.1,4310750.1],[4889759.2,4310855.2],[4889714.0,4311037.2],[4889636.5,4310994.2],[4889511.0,4310999.5],[4889449.4,4311023.5],[4889397.5,4311081.9],[4889288.8,4311125.3],[4889192.5,4311196.8],[4889106.3,4311293.4],[4889097.2,4311389.7],[4889117.6,4311485.5],[4889136.9,4311565.0],[4889176.6,4311688.8],[4889119.7,4311779.4],[4889064.8,4311827.8],[4889032.2,4311911.8],[4889092.1,4312025.7],[4889130.0,4312155.7],[4889207.7,4312317.7],[4889285.4,4312459.0],[4889405.5,4312545.3],[4889364.0,4312683.3],[4889381.8,4312845.3],[4889436.8,4313038.1],[4889502.1,4313131.2],[4889547.1,4313267.9],[4889702.2,4313391.8],[4889771.2,4313440.4],[4889860.7,4313457.5],[4889905.4,4313468.0],[4889960.8,4313440.2],[4890050.4,4313445.5],[4890126.7,4313433.9],[4890307.9,4313425.5],[4890321.6,4313364.7],[4890362.0,4313332.3],[4890397.5,4313307.5],[4890476.8,4313262.6],[4890563.3,4313221.1],[4890638.7,4313207.5],[4890763.1,4313193.9],[4890801.3,4313155.9],[4890835.3,4313093.2],[4890866.6,4313045.1],[4890842.4,4312976.2],[4890760.5,4312748.7],[4890772.6,4312630.4],[4890789.2,4312501.0],[4890800.3,4312443.5],[4890828.4,4312420.8],[4890902.8,4312416.1],[4890920.4,4312398.2],[4890935.7,4312354.8],[4890934.0,4312298.2],[4890931.7,4312244.0],[4890915.3,4312208.4],[4890916.6,4312170.1],[4890904.9,4312056.5],[4890904.9,4312004.5],[4890925.3,4311918.5],[4890948.0,4311784.5],[4890996.1,4311703.3],[4891021.9,4311667.2],[4891079.0,4311624.3],[4891134.1,4311570.9],[4891170.3,4311502.4],[4891196.1,4311385.3],[4891186.5,4311330.3],[4891132.9,4311280.5],[4891104.8,4311242.3],[4891089.3,4311187.0],[4891046.1,4311164.3],[4890987.9,4311170.4],[4890929.1,4311167.0],[4890917.3,4311125.2],[4890941.2,4311078.7],[4890986.0,4311025.3],[4891027.5,4310980.7],[4891037.9,4310927.6],[4891020.4,4310883.1],[4890996.3,4310812.1],[4890987.8,4310744.9],[4890997.9,4310666.3],[4891028.9,4310564.2],[4891058.3,4310503.7],[4891051.2,4310447.3],[4891011.6,4310433.1],[4890902.8,4310438.2],[4890862.7,4310464.8],[4890810.6,4310527.1],[4890755.5,4310568.2],[4890707.9,4310527.5],[4890676.8,4310447.9],[4890662.5,4310326.9],[4890648.7,4310257.9],[4890604.4,4310158.0],[4890517.6,4310102.8],[4890418.2,4310065.1],[4890352.7,4310078.6],[4890249.1,4310099.2],[4890204.0,4310085.2]]]}},{"type":"Feature","properties":{"Vill_name":"Sishabari Sarugaon","Sub_dist":null,"District":"Alipurduar","Vill_LGD":"307346"},"geometry":{"type":"Polygon","coordinates":[[[4889220.4,4313859.4],[4889199.2,4313983.7],[4889175.3,4314070.0],[4889064.7,4314093.6],[4889058.4,4314142.5],[4889023.6,4314180.6],[4888961.3,4314179.0],[4888955.3,4314221.5],[4888960.0,4314318.0],[4888955.4,4314444.1],[4888934.4,4314462.7],[4888958.1,4314592.5],[4888982.2,4314703.8],[4888985.6,4314776.2],[4889018.5,4314899.1],[4889044.8,4315044.8],[4889058.2,4315083.8],[4889058.2,4315133.9],[4889097.9,4315126.9],[4889085.7,4315175.5],[4889020.4,4315185.6],[4888940.8,4315175.4],[4888837.2,4315194.5],[4888697.9,4315240.8],[4888692.7,4315337.8],[4888914.5,4315353.4],[4889169.9,4315355.4],[4889242.2,4315374.1],[4889459.5,4315380.7],[4889480.1,4315443.1],[4889435.4,4315575.5],[4889400.6,4315614.6],[4889304.3,4315697.0],[4889275.1,4315874.4],[4889199.3,4315908.5],[4889192.1,4316035.9],[4889123.8,4316108.3],[4889137.0,4316170.4],[4889058.0,4316218.6],[4889064.7,4316284.3],[4888982.3,4316322.1],[4888981.9,4316381.0],[4889130.9,4316430.5],[4889314.8,4316499.2],[4889380.4,4316513.2],[4889523.1,4316559.9],[4889634.1,4316590.3],[4889651.0,4316535.6],[4889728.9,4316427.8],[4889870.6,4316260.2],[4889983.0,4316150.7],[4890050.2,4316092.5],[4890119.9,4316052.1],[4890143.8,4316005.6],[4890152.4,4315928.9],[4890169.8,4315882.6],[4890204.4,4315787.5],[4890211.3,4315746.0],[4890219.5,4315708.6],[4890202.6,4315671.0],[4890204.1,4315630.7],[4890226.7,4315569.0],[4890249.4,4315515.0],[4890294.0,4315406.1],[4890304.8,4315386.5],[4890339.4,4315309.1],[4890366.5,4315206.7],[4890375.1,4315149.7],[4890351.2,4315045.3],[4890344.4,4314970.8],[4890351.2,4314892.0],[4890353.1,4314810.6],[4890363.2,4314744.8],[4890391.0,4314687.1],[4890375.9,4314613.2],[4890341.5,4314573.7],[4890276.0,4314495.4],[4890286.3,4314474.8],[4890287.8,4314433.6],[4890330.8,4314418.0],[4890351.9,4314367.9],[4890384.2,4314328.2],[4890379.0,4314282.7],[4890349.6,4314261.7],[4890361.9,4314210.2],[4890373.7,4314180.8],[4890351.6,4314098.2],[4890335.2,4314080.7],[4890335.2,4314031.0],[4890381.8,4313971.4],[4890452.3,4313935.0],[4890502.4,4313915.8],[4890528.2,4313879.7],[4890510.9,4313819.4],[4890509.1,4313724.0],[4890466.2,4313677.2],[4890397.1,4313673.9],[4890362.6,4313655.1],[4890359.0,4313597.9],[4890345.5,4313540.8],[4890323.0,4313477.3],[4890307.9,4313425.5],[4890126.7,4313433.9],[4890050.4,4313445.5],[4890012.1,4313659.3],[4889474.7,4313648.6],[4889178.6,4313656.0],[4889199.0,4313711.0],[4889220.4,4313859.4]]]}},{"type":"Feature","properties":{"Vill_name":"Bengkandi","Sub_dist":null,"District":"Alipurduar","Vill_LGD":"307365"},"geometry":{"type":"Polygon","coordinates":[[[4893540.9,4314171.7],[4893473.7,4314178.8],[4893364.5,4314181.4],[4893314.9,4314181.5],[4893192.8,4314186.4],[4893120.3,4314203.0],[4892952.8,4314233.8],[4892875.7,4314252.7],[4892839.4,4314149.2],[4892843.0,4314085.5],[4892753.3,4314081.7],[4892758.0,4314135.5],[4892706.9,4314136.5],[4892247.5,4314128.1],[4892185.2,4314155.5],[4892116.4,4314114.9],[4891976.9,4314125.4],[4891744.6,4314133.8],[4891716.7,4314111.4],[4891654.9,4314088.7],[4891575.5,4314105.5],[4891499.9,4314103.9],[4891338.3,4314123.1],[4891245.4,4314134.8],[4891145.0,4314118.2],[4891022.5,4314111.3],[4890947.4,4314100.8],[4890711.1,4314079.1],[4890534.3,4314089.8],[4890351.6,4314098.2],[4890373.7,4314180.8],[4890361.9,4314210.2],[4890349.6,4314261.7],[4890379.0,4314282.7],[4890384.2,4314328.2],[4890351.9,4314367.9],[4890330.8,4314418.0],[4890287.8,4314433.6],[4890286.3,4314474.8],[4890276.0,4314495.4],[4890341.5,4314573.7],[4890375.9,4314613.2],[4890391.0,4314687.1],[4890641.5,4314718.9],[4890753.7,4314756.7],[4890900.8,4314772.1],[4891045.8,4314800.7],[4891206.5,4314830.6],[4891507.3,4314868.2],[4891590.4,4314867.2],[4891629.9,4314903.5],[4891851.5,4314934.8],[4892006.6,4314936.4],[4892015.3,4315001.7],[4892037.6,4315037.7],[4892086.2,4315119.6],[4892144.8,4315157.3],[4892319.6,4315160.8],[4892331.6,4315145.2],[4892487.1,4315150.2],[4892563.1,4315123.4],[4892744.8,4315113.5],[4892819.0,4315133.8],[4893026.4,4315122.1],[4893114.0,4315129.3],[4893143.8,4315132.7],[4893180.3,4315108.4],[4893238.9,4315096.5],[4893332.2,4315106.9],[4893320.3,4315200.6],[4893332.1,4315231.2],[4893378.5,4315288.4],[4893409.7,4315385.2],[4893435.8,4315476.4],[4893466.9,4315554.0],[4893535.8,4315654.6],[4893597.7,4315734.7],[4893828.9,4315658.4],[4893906.7,4315623.8],[4893954.5,4315630.1],[4894020.6,4315665.7],[4894096.4,4315641.8],[4894187.0,4315629.0],[4894289.9,4315643.3],[4894336.8,4315638.7],[4894373.8,4315614.9],[4894482.3,4315616.7],[4894517.2,4315595.3],[4894565.5,4315583.8],[4894609.7,4315582.5],[4894644.0,4315605.3],[4894651.1,4315611.5],[4894653.2,4315608.7],[4894682.5,4315499.6],[4894722.3,4315418.5],[4894758.2,4315294.4],[4894791.3,4315230.2],[4894886.0,4315232.3],[4894905.0,4315216.0],[4894889.2,4315184.8],[4894851.7,4315188.4],[4894818.7,4315160.8],[4894794.7,4315109.0],[4894779.4,4314956.5],[4894750.3,4314775.3],[4894755.4,4314700.3],[4894732.9,4314657.5],[4894708.7,4314548.2],[4894708.7,4314425.4],[4894679.1,4314387.2],[4894647.0,4314329.1],[4894713.8,4314226.7],[4894701.6,4314163.2],[4894617.2,4314151.3],[4894555.3,4314162.6],[4894439.8,4314172.8],[4894257.1,4314192.0],[4894229.8,4314126.3],[4894200.2,4314079.7],[4894145.4,4314084.9],[4894136.7,4314182.7],[4894090.2,4314189.8],[4894071.4,4314171.7],[4893942.1,4314183.7],[4893895.8,4314104.8],[4893778.3,4314106.5],[4893752.9,4314115.1],[4893757.7,4314147.8],[4893730.3,4314154.8],[4893668.0,4314132.2],[4893540.9,4314171.7]]]}},{"type":"Feature","properties":{"Vill_name":"Alinagar","Sub_dist":null,"District":"Alipurduar","Vill_LGD":"307364"},"geometry":{"type":"Polygon","coordinates":[[[4890904.9,4312056.5],[4890916.6,4312170.1],[4890915.3,4312208.4],[4890931.7,4312244.0],[4890934.0,4312298.2],[4890935.7,4312354.8],[4890920.4,4312398.2],[4890902.8,4312416.1],[4890828.4,4312420.8],[4890800.3,4312443.5],[4890789.2,4312501.0],[4890772.6,4312630.4],[4890760.5,4312748.7],[4890842.4,4312976.2],[4890866.6,4313045.1],[4890835.3,4313093.2],[4890801.3,4313155.9],[4890763.1,4313193.9],[4890638.7,4313207.5],[4890563.3,4313221.1],[4890476.8,4313262.6],[4890397.5,4313307.5],[4890362.0,4313332.3],[4890321.6,4313364.7],[4890307.9,4313425.5],[4890323.0,4313477.3],[4890345.5,4313540.8],[4890359.0,4313597.9],[4890362.6,4313655.1],[4890397.1,4313673.9],[4890466.2,4313677.2],[4890509.1,4313724.0],[4890510.9,4313819.4],[4890528.2,4313879.7],[4890502.4,4313915.8],[4890452.3,4313935.0],[4890381.8,4313971.4],[4890335.2,4314031.0],[4890335.2,4314080.7],[4890351.6,4314098.2],[4890534.3,4314089.8],[4890711.1,4314079.1],[4890947.4,4314100.8],[4891022.5,4314111.3],[4891145.0,4314118.2],[4891245.4,4314134.8],[4891338.3,4314123.1],[4891499.9,4314103.9],[4891575.5,4314105.5],[4891654.9,4314088.7],[4891716.7,4314111.4],[4891744.6,4314133.8],[4891976.9,4314125.4],[4892116.4,4314114.9],[4892185.2,4314155.5],[4892247.5,4314128.1],[4892706.9,4314136.5],[4892758.0,4314135.5],[4892753.3,4314081.7],[4892843.0,4314085.5],[4892863.8,4314052.1],[4892874.0,4313993.2],[4892870.2,4313948.3],[4892815.2,4313875.9],[4892797.8,4313821.0],[4892849.6,4313704.1],[4892881.3,4313503.8],[4892877.6,4313244.7],[4892808.1,4313177.0],[4892832.4,4312938.4],[4892887.9,4312918.0],[4892922.2,4312848.4],[4892884.1,4312813.7],[4892898.0,4312546.6],[4892857.0,4312366.8],[4892822.5,4312349.4],[4892822.0,4312256.5],[4892791.0,4312166.6],[4892711.0,4312031.6],[4892618.1,4311962.2],[4892580.0,4311996.8],[4892490.5,4311990.0],[4892416.1,4312013.9],[4892369.5,4311993.5],[4892460.7,4311915.3],[4892457.8,4311861.7],[4892447.1,4311818.9],[4892317.7,4311824.0],[4892283.4,4311842.5],[4892245.0,4311894.2],[4892217.5,4311936.1],[4892141.7,4311867.1],[4892078.0,4311854.2],[4891972.9,4311842.2],[4891927.8,4311861.2],[4891898.4,4311920.2],[4891760.2,4311923.4],[4891698.5,4312053.0],[4891620.8,4312064.0],[4891560.2,4312118.1],[4891542.8,4312183.6],[4891334.1,4312191.7],[4891164.7,4312200.2],[4891052.5,4312193.8],[4891054.9,4312134.0],[4891035.8,4312113.0],[4891007.7,4312105.7],[4890969.6,4312100.9],[4890954.0,4312056.0],[4890904.9,4312056.5]]]}},{"type":"Feature","properties":{"Vill_name":"Hedayet Nagar","Sub_dist":null,"District":"Alipurduar","Vill_LGD":"307363"},"geometry":{"type":"Polygon","coordinates":[[[4893473.7,4311812.8],[4893175.2,4311818.6],[4893136.7,4311833.0],[4893124.5,4312065.7],[4893131.1,4312131.9],[4893190.3,4312128.3],[4893183.1,4312225.3],[4893201.9,4312314.6],[4893073.7,4312345.3],[4892857.0,4312366.8],[4892898.0,4312546.6],[4892884.1,4312813.7],[4892922.2,4312848.4],[4892887.9,4312918.0],[4892832.4,4312938.4],[4892808.1,4313177.0],[4892877.6,4313244.7],[4892881.3,4313503.8],[4892849.6,4313704.1],[4892797.8,4313821.0],[4892815.2,4313875.9],[4892870.2,4313948.3],[4892874.0,4313993.2],[4892863.8,4314052.1],[4892843.0,4314085.5],[4892839.4,4314149.2],[4892875.7,4314252.7],[4892952.8,4314233.8],[4893120.3,4314203.0],[4893192.8,4314186.4],[4893314.9,4314181.5],[4893364.5,4314181.4],[4893473.7,4314178.8],[4893540.9,4314171.7],[4893668.0,4314132.2],[4893730.3,4314154.8],[4893757.7,4314147.8],[4893752.9,4314115.1],[4893778.3,4314106.5],[4893895.8,4314104.8],[4893942.1,4314183.7],[4894071.4,4314171.7],[4894090.2,4314189.8],[4894136.7,4314182.7],[4894145.4,4314084.9],[4894200.2,4314079.7],[4894229.8,4314126.3],[4894257.1,4314192.0],[4894439.8,4314172.8],[4894555.3,4314162.6],[4894617.2,4314151.3],[4894701.6,4314163.2],[4894724.2,4314071.5],[4894729.3,4313996.6],[4894698.4,4313894.4],[4894734.6,4313846.0],[4894727.9,4313749.9],[4894742.0,4313713.2],[4894779.6,4313697.8],[4894758.8,4313445.3],[4894776.0,4313414.2],[4894846.8,4313434.8],[4894952.2,4313438.4],[4895050.7,4313454.0],[4895137.2,4313503.3],[4895149.6,4313461.7],[4895185.8,4313413.3],[4895279.1,4313363.3],[4895367.5,4313343.0],[4895422.6,4313301.4],[4895428.0,4313239.3],[4895360.5,4313151.5],[4895315.5,4313087.5],[4895310.1,4313045.9],[4895344.8,4312989.1],[4895394.8,4312929.7],[4895405.4,4312862.4],[4895389.8,4312777.6],[4895353.2,4312650.6],[4895362.0,4312579.3],[4895387.9,4312480.8],[4895477.7,4312360.8],[4895686.6,4312164.1],[4895712.6,4312113.7],[4895681.6,4312073.9],[4895655.6,4312033.4],[4895669.9,4311969.7],[4895718.2,4311926.3],[4895730.3,4311890.1],[4895588.3,4311858.7],[4895564.2,4311828.1],[4895586.8,4311777.1],[4895685.4,4311709.6],[4895788.9,4311589.8],[4895804.5,4311541.9],[4895788.8,4311511.2],[4895669.8,4311492.2],[4895636.9,4311471.5],[4895638.5,4311307.5],[4895637.0,4311245.0],[4895607.2,4311212.6],[4895561.0,4311222.2],[4895524.4,4311257.3],[4895522.8,4311301.9],[4895505.2,4311340.3],[4895479.7,4311391.7],[4895444.6,4311426.3],[4895382.6,4311447.4],[4895327.0,4311438.9],[4895282.9,4311407.2],[4895265.5,4311350.9],[4895242.8,4311300.7],[4895206.9,4311261.1],[4895152.9,4311240.3],[4895068.1,4311216.1],[4895001.0,4311210.9],[4894963.0,4311235.1],[4894969.5,4311272.8],[4895026.6,4311343.8],[4895127.5,4311431.7],[4895139.2,4311463.2],[4895089.1,4311494.2],[4895040.9,4311484.0],[4894930.5,4311411.4],[4894867.8,4311397.6],[4894777.9,4311416.3],[4894719.4,4311408.1],[4894695.2,4311380.4],[4894695.4,4311335.2],[4894709.0,4311276.5],[4894689.7,4311249.0],[4894592.3,4311169.6],[4894592.1,4311439.8],[4894568.2,4311589.0],[4894535.2,4311632.1],[4894485.2,4311649.3],[4894490.3,4311768.5],[4894472.7,4311807.4],[4894369.3,4311801.0],[4894298.2,4311851.1],[4894241.2,4311850.8],[4894189.8,4311816.4],[4894044.3,4311796.6],[4893987.1,4311832.7],[4893864.2,4311814.0],[4893575.8,4311783.4],[4893544.7,4311797.6],[4893473.7,4311812.8]]]}},{"type":"Feature","properties":{"Vill_name":"Dakshin Deogaon","Sub_dist":null,"District":"Alipurduar","Vill_LGD":"307372"},"geometry":{"type":"Polygon","coordinates":[[[4897068.6,4312967.5],[4897054.9,4313048.9],[4897035.2,4313061.2],[4897009.1,4313194.5],[4896972.7,4313267.5],[4896978.3,4313313.9],[4897033.3,4313384.8],[4897097.4,4313411.0],[4897107.8,4313429.7],[4897104.2,4313462.9],[4897152.7,4313507.0],[4897230.6,4313471.0],[4897311.8,4313438.0],[4897367.4,4313445.1],[4897455.1,4313633.6],[4897484.5,4313695.9],[4897495.4,4313817.3],[4897477.7,4313879.3],[4897481.1,4313920.8],[4897464.2,4313935.2],[4897426.1,4313931.4],[4897356.6,4313997.3],[4897360.5,4314038.7],[4897381.4,4314114.9],[4897401.6,4314194.5],[4897384.1,4314283.0],[4897370.7,4314459.3],[4897242.8,4314493.9],[4897156.5,4314501.0],[4897118.1,4314521.8],[4897118.3,4314722.2],[4897132.4,4314939.0],[4897101.0,4314980.3],[4896934.2,4315045.5],[4897051.9,4315152.3],[4897075.6,4315170.2],[4897162.3,4315083.5],[4897200.4,4315027.8],[4897235.4,4314993.6],[4897321.8,4314924.1],[4897370.4,4314893.0],[4897446.1,4314892.7],[4897563.9,4314834.1],[4897785.1,4314840.8],[4897816.2,4315001.9],[4897868.2,4315012.3],[4898034.4,4315039.9],[4898169.2,4315016.0],[4898224.8,4314995.1],[4898284.4,4314980.7],[4898301.4,4315005.1],[4898401.8,4314990.8],[4898405.1,4314942.3],[4898650.6,4314904.5],[4898893.5,4314848.9],[4898882.9,4314814.5],[4898903.6,4314762.4],[4898889.8,4314721.0],[4898868.8,4314659.1],[4898877.4,4314591.2],[4898918.9,4314587.3],[4898963.8,4314552.6],[4898963.8,4314481.4],[4898941.5,4314383.0],[4899046.5,4314385.7],[4899053.4,4314363.9],[4899088.3,4314332.6],[4899115.3,4314281.9],[4899084.1,4314185.1],[4899037.5,4314030.0],[4899007.0,4313941.1],[4898987.1,4313863.5],[4899022.2,4313817.1],[4899080.2,4313816.9],[4899150.4,4313859.6],[4899192.7,4313878.8],[4899212.3,4313878.8],[4899235.8,4313840.1],[4899228.0,4313727.3],[4899154.1,4313588.1],[4899103.7,4313471.2],[4899061.2,4313405.8],[4899049.2,4313359.1],[4899084.1,4313327.8],[4899169.8,4313293.6],[4899255.0,4313247.1],[4899270.3,4313215.9],[4899259.0,4313153.5],[4899169.8,4313006.2],[4899131.4,4312978.8],[4899022.1,4313044.8],[4898882.7,4313103.0],[4898754.6,4313091.4],[4898685.1,4313013.9],[4898541.6,4312862.5],[4898444.7,4312824.0],[4898398.5,4312823.7],[4898301.2,4312866.2],[4898204.2,4312940.6],[4898103.7,4312979.0],[4898064.7,4312971.2],[4898041.6,4312940.7],[4898006.6,4312882.0],[4898003.0,4312804.7],[4897979.9,4312723.0],[4897960.1,4312603.2],[4897948.1,4312474.9],[4897950.4,4312418.0],[4897944.0,4312418.7],[4897822.8,4312444.3],[4897696.2,4312463.2],[4897625.2,4312477.5],[4897521.7,4312506.9],[4897447.2,4312531.8],[4897198.5,4312596.5],[4897163.1,4312597.7],[4897113.5,4312616.9],[4897070.4,4312636.0],[4897075.2,4312810.1],[4897068.6,4312967.5]]]}},{"type":"Feature","properties":{"Vill_name":"Jhar Beltali","Sub_dist":null,"District":"Alipurduar","Vill_LGD":"307376"},"geometry":{"type":"Polygon","coordinates":[[[4895804.5,4311541.9],[4895788.9,4311589.8],[4895685.4,4311709.6],[4895586.8,4311777.1],[4895564.2,4311828.1],[4895588.3,4311858.7],[4895730.3,4311890.1],[4895718.2,4311926.3],[4895669.9,4311969.7],[4895655.6,4312033.4],[4895681.6,4312073.9],[4895712.6,4312113.7],[4895686.6,4312164.1],[4895477.7,4312360.8],[4895387.9,4312480.8],[4895362.0,4312579.3],[4895353.2,4312650.6],[4895389.8,4312777.6],[4895405.4,4312862.4],[4895394.8,4312929.7],[4895344.8,4312989.1],[4895310.1,4313045.9],[4895315.5,4313087.5],[4895360.5,4313151.5],[4895428.0,4313239.3],[4895422.6,4313301.4],[4895367.5,4313343.0],[4895279.1,4313363.3],[4895185.8,4313413.3],[4895149.6,4313461.7],[4895137.2,4313503.3],[4895165.9,4313571.0],[4895198.8,4313602.1],[4895234.7,4313611.7],[4895304.3,4313605.2],[4895328.3,4313596.5],[4895398.7,4313541.5],[4895433.6,4313520.5],[4895473.4,4313510.2],[4895567.0,4313515.7],[4895613.1,4313507.1],[4895663.1,4313488.9],[4895716.8,4313485.5],[4895756.6,4313495.8],[4895773.8,4313516.8],[4895775.8,4313545.9],[4895758.4,4313580.4],[4895723.6,4313620.5],[4895678.9,4313651.2],[4895625.2,4313684.5],[4895575.2,4313712.1],[4895528.5,4313722.6],[4895454.4,4313722.5],[4895393.5,4313720.5],[4895366.4,4313742.8],[4895359.3,4313779.3],[4895373.4,4313801.6],[4895424.7,4313839.4],[4895469.8,4313870.6],[4895538.9,4313885.7],[4895625.1,4313881.0],[4895697.4,4313767.1],[4895794.1,4313635.2],[4895886.1,4313500.6],[4895910.2,4313447.2],[4895960.9,4313404.5],[4896031.9,4313359.2],[4896152.9,4313326.2],[4896284.1,4313273.1],[4896341.4,4313297.0],[4896400.1,4313271.8],[4896453.8,4313268.5],[4896505.6,4313233.7],[4896614.7,4313192.3],[4896806.8,4313202.5],[4896850.1,4313181.0],[4896941.8,4313091.1],[4896997.2,4313083.9],[4897035.2,4313061.2],[4897054.9,4313048.9],[4897068.6,4312967.5],[4897075.2,4312810.1],[4897070.4,4312636.0],[4897048.4,4312592.2],[4896930.1,4312609.6],[4896819.8,4312616.5],[4896787.5,4312459.8],[4896719.8,4312345.5],[4896728.6,4312255.5],[4896777.4,4312199.9],[4896808.2,4312019.1],[4896668.3,4311906.3],[4896663.3,4311826.0],[4896564.3,4311666.9],[4896476.4,4311545.3],[4896481.1,4311508.2],[4896504.0,4311472.0],[4896450.1,4311213.9],[4896288.0,4311183.5],[4896164.7,4311162.8],[4896144.3,4311035.1],[4896144.1,4310987.9],[4896080.5,4310738.8],[4896080.4,4310597.8],[4896064.6,4310477.1],[4895874.7,4310533.8],[4895835.3,4310525.5],[4895734.9,4310570.3],[4895584.4,4310573.9],[4895535.8,4310594.1],[4895411.5,4310594.0],[4895366.3,4310552.5],[4895288.2,4310563.0],[4895120.6,4310595.2],[4894753.6,4310615.4],[4894679.6,4310642.8],[4894475.6,4310676.2],[4894297.2,4310718.2],[4894230.0,4310737.1],[4894310.7,4310825.5],[4894352.2,4310881.5],[4894343.7,4310937.1],[4894312.3,4310986.7],[4894283.4,4311045.7],[4894270.7,4311114.8],[4894288.2,4311180.0],[4894317.3,4311199.1],[4894364.4,4311189.1],[4894376.3,4311145.5],[4894386.7,4311083.6],[4894421.5,4311055.3],[4894466.2,4311055.5],[4894516.5,4311081.5],[4894559.1,4311124.8],[4894592.3,4311169.6],[4894689.7,4311249.0],[4894709.0,4311276.5],[4894695.4,4311335.2],[4894695.2,4311380.4],[4894719.4,4311408.1],[4894777.9,4311416.3],[4894867.8,4311397.6],[4894930.5,4311411.4],[4895040.9,4311484.0],[4895089.1,4311494.2],[4895139.2,4311463.2],[4895127.5,4311431.7],[4895026.6,4311343.8],[4894969.5,4311272.8],[4894963.0,4311235.1],[4895001.0,4311210.9],[4895068.1,4311216.1],[4895152.9,4311240.3],[4895206.9,4311261.1],[4895242.8,4311300.7],[4895265.5,4311350.9],[4895282.9,4311407.2],[4895327.0,4311438.9],[4895382.6,4311447.4],[4895444.6,4311426.3],[4895479.7,4311391.7],[4895505.2,4311340.3],[4895522.8,4311301.9],[4895524.4,4311257.3],[4895561.0,4311222.2],[4895607.2,4311212.6],[4895637.0,4311245.0],[4895638.5,4311307.5],[4895636.9,4311471.5],[4895669.8,4311492.2],[4895788.8,4311511.2],[4895804.5,4311541.9]]]}},{"type":"Feature","properties":{"Vill_name":"Purba Jhar Beltali","Sub_dist":null,"District":"Alipurduar","Vill_LGD":"307377"},"geometry":{"type":"Polygon","coordinates":[[[4896290.0,4310182.9],[4896238.7,4310217.3],[4896145.4,4310257.5],[4896105.2,4310295.4],[4896095.8,4310307.2],[4896062.0,4310305.1],[4896061.5,4310437.7],[4896064.6,4310477.1],[4896080.4,4310597.8],[4896080.5,4310738.8],[4896144.1,4310987.9],[4896144.3,4311035.1],[4896164.7,4311162.8],[4896288.0,4311183.5],[4896450.1,4311213.9],[4896504.0,4311472.0],[4896481.1,4311508.2],[4896476.4,4311545.3],[4896564.3,4311666.9],[4896663.3,4311826.0],[4896668.3,4311906.3],[4896808.2,4312019.1],[4896777.4,4312199.9],[4896728.6,4312255.5],[4896719.8,4312345.5],[4896787.5,4312459.8],[4896819.8,4312616.5],[4896930.1,4312609.6],[4897048.4,4312592.2],[4897070.4,4312636.0],[4897113.5,4312616.9],[4897163.1,4312597.7],[4897198.5,4312596.5],[4897447.2,4312531.8],[4897521.7,4312506.9],[4897625.2,4312477.5],[4897696.2,4312463.2],[4897822.8,4312444.3],[4897944.0,4312418.7],[4897950.4,4312418.0],[4897952.4,4312366.5],[4897975.7,4312269.4],[4898049.1,4312184.0],[4898251.0,4312091.0],[4898332.2,4312048.3],[4898374.6,4312024.8],[4898390.5,4312009.3],[4898398.4,4311978.3],[4898382.6,4311939.2],[4898301.4,4311912.2],[4898135.0,4311908.6],[4897975.7,4311912.2],[4897890.3,4311900.8],[4897781.6,4311862.1],[4897766.3,4311854.5],[4897700.5,4311648.9],[4897661.6,4311497.2],[4897618.8,4311377.3],[4897622.6,4311338.7],[4897669.1,4311311.4],[4897925.2,4311319.3],[4897991.4,4311299.9],[4898014.5,4311218.5],[4898002.8,4311094.6],[4898069.0,4311055.6],[4898119.2,4311063.4],[4898223.9,4310982.0],[4898305.4,4310920.1],[4898343.9,4310865.4],[4898351.8,4310803.4],[4898351.9,4310761.2],[4898297.2,4310663.2],[4898212.1,4310562.4],[4898142.2,4310473.5],[4898099.8,4310415.5],[4898068.8,4310357.0],[4897989.3,4310323.2],[4897954.2,4310319.1],[4897852.8,4310292.1],[4897798.3,4310261.0],[4897679.0,4310147.6],[4897489.2,4309947.4],[4897404.6,4309847.5],[4897309.2,4309838.0],[4897198.1,4309860.2],[4896897.0,4309890.4],[4896800.9,4309886.2],[4896754.7,4309815.2],[4896710.6,4309731.6],[4896662.4,4309803.4],[4896665.7,4310040.9],[4896636.1,4310075.3],[4896598.5,4310100.5],[4896555.8,4310110.7],[4896439.8,4310163.1],[4896361.4,4310188.8],[4896332.4,4310157.9],[4896290.0,4310182.9]]]}},{"type":"Feature","properties":{"Vill_name":"Jateshwar","Sub_dist":null,"District":"Alipurduar","Vill_LGD":"307400"},"geometry":{"type":"Polygon","coordinates":[[[4892413.3,4310308.6],[4892400.7,4310336.0],[4892372.2,4310355.7],[4892310.6,4310400.9],[4892288.1,4310439.1],[4892278.7,4310481.4],[4892252.9,4310507.2],[4892202.5,4310524.9],[4892146.3,4310518.3],[4892117.0,4310493.3],[4892103.5,4310446.9],[4892096.3,4310392.6],[4892074.7,4310352.7],[4892035.8,4310333.6],[4892012.0,4310348.7],[4892003.5,4310444.1],[4891995.3,4310490.4],[4891967.7,4310534.2],[4891959.8,4310575.1],[4891967.9,4310641.8],[4891968.9,4310671.3],[4891942.8,4310734.9],[4891940.1,4310789.8],[4891952.4,4310810.1],[4891979.6,4310817.3],[4892056.6,4310798.9],[4892115.0,4310789.4],[4892130.3,4310808.3],[4892127.4,4310838.7],[4892105.3,4310879.3],[4892072.2,4310902.8],[4892017.8,4310931.6],[4891983.3,4310964.8],[4891983.1,4311070.5],[4892009.5,4311114.0],[4892074.9,4311132.8],[4892136.8,4311153.5],[4892156.0,4311182.9],[4892129.6,4311199.8],[4892060.5,4311206.8],[4891998.5,4311198.4],[4891967.7,4311225.9],[4891981.2,4311293.4],[4892062.8,4311393.1],[4892126.2,4311465.9],[4892160.8,4311521.6],[4892184.6,4311589.1],[4892148.8,4311647.8],[4892095.2,4311741.5],[4892078.0,4311854.2],[4892141.7,4311867.1],[4892217.5,4311936.1],[4892245.0,4311894.2],[4892283.4,4311842.5],[4892317.7,4311824.0],[4892447.1,4311818.9],[4892457.8,4311861.7],[4892460.7,4311915.3],[4892369.5,4311993.5],[4892416.1,4312013.9],[4892490.5,4311990.0],[4892580.0,4311996.8],[4892618.1,4311962.2],[4892711.0,4312031.6],[4892791.0,4312166.6],[4892822.0,4312256.5],[4892822.5,4312349.4],[4892857.0,4312366.8],[4893073.7,4312345.3],[4893201.9,4312314.6],[4893183.1,4312225.3],[4893190.3,4312128.3],[4893131.1,4312131.9],[4893124.5,4312065.7],[4893136.7,4311833.0],[4893175.2,4311818.6],[4893473.7,4311812.8],[4893544.7,4311797.6],[4893575.8,4311783.4],[4893864.2,4311814.0],[4893987.1,4311832.7],[4894044.3,4311796.6],[4894189.8,4311816.4],[4894241.2,4311850.8],[4894298.2,4311851.1],[4894369.3,4311801.0],[4894472.7,4311807.4],[4894490.3,4311768.5],[4894485.2,4311649.3],[4894535.2,4311632.1],[4894568.2,4311589.0],[4894592.1,4311439.8],[4894592.3,4311169.6],[4894559.1,4311124.8],[4894516.5,4311081.5],[4894466.2,4311055.5],[4894421.5,4311055.3],[4894386.7,4311083.6],[4894376.3,4311145.5],[4894364.4,4311189.1],[4894317.3,4311199.1],[4894288.2,4311180.0],[4894270.7,4311114.8],[4894283.4,4311045.7],[4894312.3,4310986.7],[4894343.7,4310937.1],[4894352.2,4310881.5],[4894310.7,4310825.5],[4894230.0,4310737.1],[4894181.2,4310667.9],[4894145.0,4310603.8],[4894084.4,4310556.6],[4894032.2,4310579.2],[4893985.9,4310602.0],[4893923.4,4310615.7],[4893880.3,4310581.7],[4893873.4,4310531.7],[4893735.0,4310538.8],[4893684.7,4310532.0],[4893607.3,4310476.2],[4893607.4,4310434.9],[4893672.7,4310445.4],[4893726.4,4310412.2],[4893697.0,4310379.3],[4893691.7,4310336.3],[4893733.5,4310325.0],[4893825.3,4310378.6],[4893909.6,4310442.6],[4893996.5,4310444.3],[4894079.2,4310460.1],[4894136.2,4310440.7],[4894181.4,4310410.0],[4894180.0,4310366.2],[4894162.4,4310334.9],[4894117.5,4310327.8],[4893992.6,4310331.1],[4893920.2,4310313.9],[4893906.8,4310275.9],[4893948.0,4310217.0],[4894065.8,4310117.0],[4894027.7,4310030.2],[4893965.5,4310037.5],[4893906.7,4310106.4],[4893788.9,4310113.5],[4893726.9,4310125.3],[4893529.8,4310118.2],[4893236.3,4310142.4],[4893029.1,4310129.5],[4892983.0,4310129.2],[4892918.7,4310036.2],[4892761.7,4310051.8],[4892561.2,4310113.8],[4892442.2,4310116.4],[4892427.2,4310143.7],[4892360.0,4310180.3],[4892294.4,4310208.0],[4892263.2,4310242.4],[4892265.2,4310273.5],[4892296.6,4310284.3],[4892361.9,4310284.5],[4892404.0,4310288.0],[4892413.3,4310308.6]]]}},{"type":"Feature","properties":{"Vill_name":"Guabar Nagar","Sub_dist":null,"District":"Alipurduar","Vill_LGD":"307362"},"geometry":{"type":"Polygon","coordinates":[[[4891001.2,4309497.8],[4890991.0,4309575.9],[4890970.3,4309639.7],[4890946.2,4309863.5],[4890932.2,4309899.7],[4890863.1,4309926.8],[4890835.8,4310035.6],[4890841.0,4310213.2],[4890878.7,4310276.4],[4890897.8,4310349.0],[4890902.8,4310438.2],[4891011.6,4310433.1],[4891051.2,4310447.3],[4891058.3,4310503.7],[4891028.9,4310564.2],[4890997.9,4310666.3],[4890987.8,4310744.9],[4890996.3,4310812.1],[4891020.4,4310883.1],[4891037.9,4310927.6],[4891027.5,4310980.7],[4890986.0,4311025.3],[4890941.2,4311078.7],[4890917.3,4311125.2],[4890929.1,4311167.0],[4890987.9,4311170.4],[4891046.1,4311164.3],[4891089.3,4311187.0],[4891104.8,4311242.3],[4891132.9,4311280.5],[4891186.5,4311330.3],[4891196.1,4311385.3],[4891170.3,4311502.4],[4891134.1,4311570.9],[4891079.0,4311624.3],[4891021.9,4311667.2],[4890996.1,4311703.3],[4890948.0,4311784.5],[4890925.3,4311918.5],[4890904.9,4312004.5],[4890904.9,4312056.5],[4890954.0,4312056.0],[4890969.6,4312100.9],[4891007.7,4312105.7],[4891035.8,4312113.0],[4891054.9,4312134.0],[4891052.5,4312193.8],[4891164.7,4312200.2],[4891334.1,4312191.7],[4891542.8,4312183.6],[4891560.2,4312118.1],[4891620.8,4312064.0],[4891698.5,4312053.0],[4891760.2,4311923.4],[4891898.4,4311920.2],[4891927.8,4311861.2],[4891972.9,4311842.2],[4892078.0,4311854.2],[4892095.2,4311741.5],[4892148.8,4311647.8],[4892184.6,4311589.1],[4892160.8,4311521.6],[4892126.2,4311465.9],[4892062.8,4311393.1],[4891981.2,4311293.4],[4891967.7,4311225.9],[4891998.5,4311198.4],[4892060.5,4311206.8],[4892129.6,4311199.8],[4892156.0,4311182.9],[4892136.8,4311153.5],[4892074.9,4311132.8],[4892009.5,4311114.0],[4891983.1,4311070.5],[4891983.3,4310964.8],[4892017.8,4310931.6],[4892072.2,4310902.8],[4892105.3,4310879.3],[4892127.4,4310838.7],[4892130.3,4310808.3],[4892115.0,4310789.4],[4892056.6,4310798.9],[4891979.6,4310817.3],[4891952.4,4310810.1],[4891940.1,4310789.8],[4891942.8,4310734.9],[4891968.9,4310671.3],[4891967.9,4310641.8],[4891959.8,4310575.1],[4891967.7,4310534.2],[4891995.3,4310490.4],[4892003.5,4310444.1],[4892012.0,4310348.7],[4892035.8,4310333.6],[4892074.7,4310352.7],[4892096.3,4310392.6],[4892103.5,4310446.9],[4892117.0,4310493.3],[4892146.3,4310518.3],[4892202.5,4310524.9],[4892252.9,4310507.2],[4892278.7,4310481.4],[4892288.1,4310439.1],[4892310.6,4310400.9],[4892372.2,4310355.7],[4892400.7,4310336.0],[4892413.3,4310308.6],[4892404.0,4310288.0],[4892361.9,4310284.5],[4892296.6,4310284.3],[4892265.2,4310273.5],[4892263.2,4310242.4],[4892294.4,4310208.0],[4892360.0,4310180.3],[4892427.2,4310143.7],[4892442.2,4310116.4],[4892431.9,4310095.8],[4892377.0,4310083.8],[4892307.7,4310114.9],[4892252.2,4310133.8],[4892218.0,4310111.5],[4892217.8,4310084.0],[4892256.0,4310046.0],[4892298.8,4310012.7],[4892311.0,4309964.2],[4892279.8,4309918.0],[4892249.0,4309885.1],[4892191.8,4309879.9],[4892152.2,4309895.1],[4892130.0,4309938.3],[4892115.9,4310016.7],[4892087.0,4310057.1],[4892024.2,4310073.7],[4891947.0,4310036.1],[4891884.9,4309968.2],[4891876.3,4309921.6],[4891896.6,4309826.8],[4891884.7,4309768.3],[4891829.4,4309702.2],[4891793.5,4309652.4],[4891775.7,4309604.8],[4891798.4,4309572.0],[4891846.9,4309563.6],[4891924.5,4309565.3],[4891990.4,4309543.0],[4892019.2,4309485.9],[4892019.5,4309428.9],[4891983.4,4309382.0],[4891900.4,4309360.3],[4891855.6,4309322.3],[4891808.6,4309278.8],[4891777.9,4309211.9],[4891727.7,4309182.5],[4891639.9,4309159.6],[4891591.4,4309106.2],[4891565.1,4309060.2],[4891542.8,4308983.0],[4891563.9,4308902.0],[4891601.7,4308822.2],[4891603.5,4308793.8],[4891551.7,4308728.4],[4891494.6,4308669.2],[4891479.5,4308624.2],[4891499.8,4308581.5],[4891513.8,4308565.0],[4891572.8,4308524.6],[4891639.9,4308518.0],[4891692.0,4308557.9],[4891726.3,4308611.1],[4891772.8,4308645.8],[4891815.7,4308652.7],[4891873.0,4308645.7],[4891929.6,4308613.0],[4891949.0,4308567.3],[4891950.3,4308498.1],[4891928.3,4308436.1],[4891884.8,4308401.6],[4891814.5,4308381.0],[4891747.5,4308384.7],[4891709.4,4308421.1],[4891621.4,4308453.7],[4891567.9,4308432.0],[4891533.5,4308402.3],[4891526.1,4308360.7],[4891428.0,4308348.6],[4891381.4,4308386.7],[4891287.6,4308407.2],[4891189.3,4308399.0],[4891129.0,4308376.0],[4891087.2,4308356.8],[4891056.2,4308367.5],[4891045.6,4308393.1],[4891030.5,4308492.1],[4890989.4,4308591.8],[4890999.2,4308712.6],[4890959.8,4309102.2],[4891021.8,4309151.4],[4891084.4,4309177.5],[4891075.4,4309251.8],[4891063.5,4309305.2],[4891030.8,4309372.9],[4891025.8,4309467.0],[4891001.2,4309497.8]]]}},{"type":"Feature","properties":{"Vill_name":"Pramode Nagar","Sub_dist":null,"District":"Alipurduar","Vill_LGD":"307352"},"geometry":{"type":"Polygon","coordinates":[[[4890841.0,4310213.2],[4890835.8,4310035.6],[4890863.1,4309926.8],[4890932.2,4309899.7],[4890946.2,4309863.5],[4890970.3,4309639.7],[4890991.0,4309575.9],[4891001.2,4309497.8],[4891025.8,4309467.0],[4891030.8,4309372.9],[4891063.5,4309305.2],[4891075.4,4309251.8],[4891084.4,4309177.5],[4891021.8,4309151.4],[4890959.8,4309102.2],[4890999.2,4308712.6],[4890989.4,4308591.8],[4891030.5,4308492.1],[4891045.6,4308393.1],[4891056.2,4308367.5],[4891087.2,4308356.8],[4891129.0,4308376.0],[4891189.3,4308399.0],[4891287.6,4308407.2],[4891381.4,4308386.7],[4891428.0,4308348.6],[4891526.1,4308360.7],[4891533.5,4308402.3],[4891567.9,4308432.0],[4891621.4,4308453.7],[4891709.4,4308421.1],[4891747.5,4308384.7],[4891698.6,4308379.8],[4891691.7,4308360.8],[4891665.9,4308315.9],[4891647.0,4308268.3],[4891626.4,4308237.3],[4891512.1,4308224.0],[4891474.1,4308216.7],[4891467.2,4308187.4],[4891460.9,4308084.0],[4891446.9,4307997.3],[4891464.3,4307910.7],[4891501.7,4307838.3],[4891488.1,4307794.0],[4891423.0,4307727.9],[4891415.7,4307676.5],[4891381.3,4307646.3],[4891343.3,4307587.5],[4891336.4,4307497.8],[4891370.7,4307428.2],[4891455.5,4307350.7],[4891362.2,4307287.8],[4891329.2,4307197.8],[4891338.2,4307083.7],[4891408.9,4307113.2],[4891457.1,4307153.3],[4891549.0,4307143.0],[4891569.4,4307117.0],[4891607.4,4307082.5],[4891619.2,4307061.9],[4891634.8,4306923.1],[4891571.4,4306912.2],[4891520.4,4306909.8],[4891421.2,4306869.1],[4891403.1,4306837.8],[4891315.8,4306863.5],[4891185.4,4306899.5],[4891129.3,4306861.4],[4891077.7,4306850.6],[4891006.7,4306877.6],[4890923.7,4306845.1],[4890829.7,4306850.4],[4890673.1,4306856.6],[4890628.8,4306870.2],[4890586.5,4306871.1],[4890542.1,4306863.6],[4890501.9,4306832.7],[4890393.5,4306834.0],[4890418.6,4306880.3],[4890434.2,4306935.3],[4890412.6,4307022.6],[4890296.7,4307151.9],[4890232.4,4307211.2],[4890160.8,4307285.4],[4890125.3,4307341.0],[4890071.7,4307384.7],[4890003.9,4307409.0],[4889969.9,4307392.8],[4889915.3,4307357.3],[4889826.4,4307259.4],[4889777.9,4307177.0],[4889727.8,4307113.7],[4889642.1,4307063.6],[4889571.9,4307068.5],[4889493.8,4307101.6],[4889436.2,4307164.2],[4889351.7,4307285.9],[4889293.6,4307349.1],[4889222.2,4307474.5],[4889175.1,4307559.9],[4889164.3,4307629.1],[4889175.4,4307712.3],[4889220.5,4307795.0],[4889276.3,4307817.3],[4889333.1,4307821.0],[4889424.6,4307776.5],[4889499.5,4307749.2],[4889556.5,4307749.9],[4889617.8,4307779.4],[4889659.0,4307832.8],[4889635.2,4307907.8],[4889576.4,4307983.2],[4889542.7,4308057.0],[4889500.6,4308124.0],[4889520.5,4308207.8],[4889560.2,4308280.3],[4889545.4,4308370.0],[4889441.3,4308455.2],[4889386.3,4308515.0],[4889375.9,4308577.9],[4889402.9,4308649.3],[4889459.8,4308704.1],[4889534.8,4308718.6],[4889646.7,4308703.7],[4889703.6,4308707.4],[4889731.8,4308721.8],[4889746.8,4308779.7],[4889742.0,4308855.6],[4889706.0,4309024.8],[4889690.1,4309082.6],[4889693.8,4309082.5],[4889718.2,4309056.1],[4889771.9,4308950.2],[4889771.9,4308919.2],[4889873.4,4308904.0],[4889871.8,4308876.4],[4889909.6,4308835.0],[4889942.4,4308653.8],[4890248.7,4308670.5],[4890263.0,4308780.3],[4890295.1,4308889.4],[4890323.2,4309243.5],[4890348.6,4309379.3],[4890359.2,4309445.7],[4890295.2,4309590.5],[4890210.9,4309678.3],[4890057.5,4309803.5],[4889995.2,4309851.1],[4889995.3,4309920.4],[4890036.8,4309977.9],[4890133.1,4310038.5],[4890204.0,4310085.2],[4890249.1,4310099.2],[4890352.7,4310078.6],[4890418.2,4310065.1],[4890517.6,4310102.8],[4890604.4,4310158.0],[4890648.7,4310257.9],[4890662.5,4310326.9],[4890676.8,4310447.9],[4890707.9,4310527.5],[4890755.5,4310568.2],[4890810.6,4310527.1],[4890862.7,4310464.8],[4890902.8,4310438.2],[4890897.8,4310349.0],[4890878.7,4310276.4],[4890841.0,4310213.2]]]}},{"type":"Feature","properties":{"Vill_name":"Kathalbari","Sub_dist":null,"District":"Alipurduar","Vill_LGD":"307361"},"geometry":{"type":"Polygon","coordinates":[[[4892354.9,4307626.0],[4892271.7,4307620.0],[4892217.1,4307652.7],[4892168.2,4307658.2],[4892073.2,4307652.2],[4892028.5,4307692.3],[4891983.5,4307708.8],[4891959.5,4307697.8],[4891882.5,4307612.5],[4891842.7,4307593.4],[4891796.3,4307586.3],[4891757.4,4307598.2],[4891661.3,4307595.0],[4891634.9,4307562.3],[4891586.3,4307590.9],[4891522.4,4307603.0],[4891381.3,4307646.3],[4891415.7,4307676.5],[4891423.0,4307727.9],[4891488.1,4307794.0],[4891501.7,4307838.3],[4891464.3,4307910.7],[4891446.9,4307997.3],[4891460.9,4308084.0],[4891467.2,4308187.4],[4891474.1,4308216.7],[4891512.1,4308224.0],[4891626.4,4308237.3],[4891647.0,4308268.3],[4891665.9,4308315.9],[4891691.7,4308360.8],[4891698.6,4308379.8],[4891747.5,4308384.7],[4891814.5,4308381.0],[4891884.8,4308401.6],[4891928.3,4308436.1],[4891950.3,4308498.1],[4891949.0,4308567.3],[4891929.6,4308613.0],[4891873.0,4308645.7],[4891815.7,4308652.7],[4891772.8,4308645.8],[4891726.3,4308611.1],[4891692.0,4308557.9],[4891639.9,4308518.0],[4891572.8,4308524.6],[4891513.8,4308565.0],[4891499.8,4308581.5],[4891479.5,4308624.2],[4891494.6,4308669.2],[4891551.7,4308728.4],[4891603.5,4308793.8],[4891601.7,4308822.2],[4891563.9,4308902.0],[4891542.8,4308983.0],[4891565.1,4309060.2],[4891591.4,4309106.2],[4891639.9,4309159.6],[4891727.7,4309182.5],[4891777.9,4309211.9],[4891808.6,4309278.8],[4891855.6,4309322.3],[4891900.4,4309360.3],[4891983.4,4309382.0],[4892019.5,4309428.9],[4892019.2,4309485.9],[4891990.4,4309543.0],[4891924.5,4309565.3],[4891846.9,4309563.6],[4891798.4,4309572.0],[4891775.7,4309604.8],[4891793.5,4309652.4],[4891829.4,4309702.2],[4891884.7,4309768.3],[4891896.6,4309826.8],[4891876.3,4309921.6],[4891884.9,4309968.2],[4891947.0,4310036.1],[4892024.2,4310073.7],[4892087.0,4310057.1],[4892115.9,4310016.7],[4892130.0,4309938.3],[4892152.2,4309895.1],[4892191.8,4309879.9],[4892249.0,4309885.1],[4892279.8,4309918.0],[4892311.0,4309964.2],[4892298.8,4310012.7],[4892256.0,4310046.0],[4892217.8,4310084.0],[4892218.0,4310111.5],[4892252.2,4310133.8],[4892307.7,4310114.9],[4892377.0,4310083.8],[4892431.9,4310095.8],[4892442.2,4310116.4],[4892561.2,4310113.8],[4892761.7,4310051.8],[4892918.7,4310036.2],[4892983.0,4310129.2],[4893029.1,4310129.5],[4893012.0,4309996.5],[4893040.0,4309965.4],[4893098.3,4309947.1],[4893194.9,4309931.6],[4893236.4,4309834.9],[4893372.9,4309826.2],[4893422.8,4309769.2],[4893510.6,4309700.2],[4893550.2,4309705.6],[4893595.2,4309699.4],[4893622.7,4309524.9],[4893646.6,4309477.9],[4893695.1,4309419.3],[4893717.9,4309416.0],[4893781.9,4309370.9],[4893855.9,4309315.0],[4893922.7,4309233.3],[4893932.0,4309183.6],[4893926.2,4309129.8],[4893902.3,4309044.1],[4893926.9,4308860.1],[4893893.6,4308807.9],[4893951.0,4308747.8],[4894004.9,4308658.0],[4894007.8,4308599.2],[4893992.3,4308552.8],[4893887.5,4308547.2],[4893870.0,4308471.2],[4893884.6,4308331.0],[4893725.8,4308323.3],[4893657.8,4308348.5],[4893560.3,4308353.2],[4893468.7,4308379.2],[4893374.7,4308401.7],[4893349.6,4308402.9],[4893340.8,4308268.9],[4893462.9,4308254.1],[4893488.0,4308233.7],[4893454.2,4308128.9],[4893439.8,4308041.3],[4893474.7,4307979.1],[4893469.9,4307956.3],[4893425.9,4307870.7],[4893424.2,4307833.7],[4893519.2,4307789.7],[4893549.4,4307753.8],[4893662.0,4307649.2],[4893705.7,4307610.5],[4893683.5,4307560.8],[4893507.4,4307555.8],[4893469.5,4307567.7],[4893426.9,4307605.4],[4893342.1,4307611.2],[4893207.3,4307645.9],[4893171.4,4307636.8],[4893153.6,4307597.2],[4893115.7,4307528.5],[4893088.1,4307479.5],[4893042.0,4307507.3],[4892941.0,4307595.8],[4892920.2,4307660.6],[4892852.5,4307677.5],[4892782.4,4307684.9],[4892708.6,4307698.0],[4892685.5,4307658.6],[4892650.6,4307627.9],[4892645.7,4307597.2],[4892604.2,4307590.3],[4892558.2,4307536.0],[4892481.8,4307530.9],[4892484.5,4307589.0],[4892489.3,4307640.3],[4892414.5,4307634.7],[4892354.9,4307626.0]]]}},{"type":"Feature","properties":{"Vill_name":"Nabanagar","Sub_dist":null,"District":"Alipurduar","Vill_LGD":"307379"},"geometry":{"type":"Polygon","coordinates":[[[4894238.3,4308177.5],[4894024.8,4308225.2],[4893984.8,4308249.8],[4893946.9,4308251.4],[4893910.1,4308280.6],[4893884.6,4308331.0],[4893870.0,4308471.2],[4893887.5,4308547.2],[4893992.3,4308552.8],[4894007.8,4308599.2],[4894004.9,4308658.0],[4893951.0,4308747.8],[4893893.6,4308807.9],[4893926.9,4308860.1],[4893902.3,4309044.1],[4893926.2,4309129.8],[4893932.0,4309183.6],[4893922.7,4309233.3],[4893855.9,4309315.0],[4893781.9,4309370.9],[4893717.9,4309416.0],[4893695.1,4309419.3],[4893646.6,4309477.9],[4893622.7,4309524.9],[4893595.2,4309699.4],[4893550.2,4309705.6],[4893510.6,4309700.2],[4893422.8,4309769.2],[4893372.9,4309826.2],[4893236.4,4309834.9],[4893194.9,4309931.6],[4893098.3,4309947.1],[4893040.0,4309965.4],[4893012.0,4309996.5],[4893029.1,4310129.5],[4893236.3,4310142.4],[4893529.8,4310118.2],[4893726.9,4310125.3],[4893788.9,4310113.5],[4893906.7,4310106.4],[4893965.5,4310037.5],[4894027.7,4310030.2],[4894065.8,4310117.0],[4893948.0,4310217.0],[4893906.8,4310275.9],[4893920.2,4310313.9],[4893992.6,4310331.1],[4894117.5,4310327.8],[4894162.4,4310334.9],[4894180.0,4310366.2],[4894181.4,4310410.0],[4894136.2,4310440.7],[4894079.2,4310460.1],[4893996.5,4310444.3],[4893909.6,4310442.6],[4893825.3,4310378.6],[4893733.5,4310325.0],[4893691.7,4310336.3],[4893697.0,4310379.3],[4893726.4,4310412.2],[4893672.7,4310445.4],[4893607.4,4310434.9],[4893607.3,4310476.2],[4893684.7,4310532.0],[4893735.0,4310538.8],[4893873.4,4310531.7],[4893880.3,4310581.7],[4893923.4,4310615.7],[4893985.9,4310602.0],[4894032.2,4310579.2],[4894084.4,4310556.6],[4894145.0,4310603.8],[4894181.2,4310667.9],[4894230.0,4310737.1],[4894297.2,4310718.2],[4894475.6,4310676.2],[4894679.6,4310642.8],[4894753.6,4310615.4],[4895120.6,4310595.2],[4895288.2,4310563.0],[4895366.3,4310552.5],[4895411.5,4310594.0],[4895535.8,4310594.1],[4895584.4,4310573.9],[4895734.9,4310570.3],[4895835.3,4310525.5],[4895874.7,4310533.8],[4896064.6,4310477.1],[4896061.5,4310437.7],[4896062.0,4310305.1],[4896095.8,4310307.2],[4896105.2,4310295.4],[4896145.4,4310257.5],[4896238.7,4310217.3],[4896290.0,4310182.9],[4896332.4,4310157.9],[4896361.4,4310188.8],[4896439.8,4310163.1],[4896555.8,4310110.7],[4896598.5,4310100.5],[4896636.1,4310075.3],[4896665.7,4310040.9],[4896662.4,4309803.4],[4896710.6,4309731.6],[4896645.7,4309610.5],[4896572.6,4309638.5],[4896503.7,4309641.5],[4896403.1,4309669.6],[4896268.0,4309679.8],[4896146.9,4309583.1],[4896109.0,4309513.5],[4896063.2,4309354.1],[4895963.3,4309213.2],[4896022.5,4309199.3],[4896029.4,4309157.9],[4895974.1,4309122.8],[4895932.2,4309064.3],[4895894.4,4309033.0],[4895828.3,4308946.3],[4895769.2,4308807.4],[4895772.6,4308726.0],[4895786.1,4308681.0],[4895817.9,4308632.4],[4895859.1,4308531.7],[4895866.2,4308465.7],[4895834.8,4308445.5],[4895803.9,4308393.5],[4895776.2,4308345.0],[4895679.1,4308148.2],[4895611.0,4308145.4],[4895537.7,4308055.0],[4895440.5,4307952.5],[4895315.2,4307819.7],[4895217.7,4307722.7],[4895019.7,4307580.5],[4894988.3,4307517.6],[4894967.3,4307434.0],[4894804.5,4307315.7],[4894776.5,4307326.6],[4894752.4,4307357.8],[4894724.3,4307399.7],[4894760.8,4307437.8],[4894816.9,4307456.8],[4894841.0,4307537.0],[4894821.9,4307597.0],[4894787.1,4307666.5],[4894750.7,4307710.0],[4894679.3,4307742.9],[4894593.0,4307779.5],[4894530.5,4307833.5],[4894539.1,4307849.6],[4894585.9,4307968.3],[4894618.6,4308054.9],[4894585.6,4308128.0],[4894535.1,4308135.8],[4894386.2,4308158.1],[4894313.2,4308164.0],[4894238.3,4308177.5]]]}},{"type":"Feature","properties":{"Vill_name":"Beltali Bhandani","Sub_dist":null,"District":"Alipurduar","Vill_LGD":"307378"},"geometry":{"type":"Polygon","coordinates":[[[4895776.2,4308345.0],[4895803.9,4308393.5],[4895834.8,4308445.5],[4895866.2,4308465.7],[4895859.1,4308531.7],[4895817.9,4308632.4],[4895786.1,4308681.0],[4895772.6,4308726.0],[4895769.2,4308807.4],[4895828.3,4308946.3],[4895894.4,4309033.0],[4895932.2,4309064.3],[4895974.1,4309122.8],[4896029.4,4309157.9],[4896022.5,4309199.3],[4895963.3,4309213.2],[4896063.2,4309354.1],[4896109.0,4309513.5],[4896146.9,4309583.1],[4896268.0,4309679.8],[4896403.1,4309669.6],[4896503.7,4309641.5],[4896572.6,4309638.5],[4896645.7,4309610.5],[4896710.6,4309731.6],[4896754.7,4309815.2],[4896800.9,4309886.2],[4896897.0,4309890.4],[4897198.1,4309860.2],[4897309.2,4309838.0],[4897404.6,4309847.5],[4897489.2,4309947.4],[4897679.0,4310147.6],[4897798.3,4310261.0],[4897852.8,4310292.1],[4897954.2,4310319.1],[4897989.3,4310323.2],[4897994.1,4310213.4],[4897996.3,4310116.7],[4898011.8,4310040.8],[4898058.5,4309968.4],[4898166.8,4309882.8],[4898266.1,4309798.6],[4898298.1,4309756.9],[4898311.3,4309696.7],[4898299.1,4309622.9],[4898253.0,4309509.6],[4898220.3,4309392.1],[4898198.0,4309275.6],[4898180.5,4309157.8],[4898175.6,4309056.4],[4898206.3,4308979.3],[4898257.7,4308922.3],[4898375.4,4308874.5],[4898456.2,4308818.9],[4898561.4,4308737.0],[4898598.9,4308681.4],[4898614.7,4308608.9],[4898592.4,4308551.8],[4898529.9,4308492.3],[4898464.3,4308457.8],[4898345.2,4308451.0],[4898210.8,4308497.6],[4898099.0,4308556.6],[4898054.0,4308602.1],[4897989.7,4308704.1],[4897946.7,4308779.6],[4897911.0,4308817.2],[4897845.3,4308855.3],[4897699.0,4308883.6],[4897558.8,4308889.7],[4897370.3,4308885.5],[4897206.5,4308840.3],[4897068.4,4308800.7],[4896958.1,4308755.1],[4896873.4,4308698.0],[4896811.3,4308641.0],[4896766.7,4308566.6],[4896737.2,4308486.6],[4896719.7,4308389.9],[4896711.5,4308263.8],[4896668.6,4308197.4],[4896680.2,4308036.8],[4896696.0,4307964.4],[4896597.4,4307961.1],[4896465.6,4307953.8],[4896421.0,4307902.0],[4896164.3,4307936.8],[4896081.2,4308092.9],[4895894.0,4308123.7],[4895832.0,4308155.6],[4895679.1,4308148.2],[4895776.2,4308345.0]]]}},{"type":"Feature","properties":{"Vill_name":"Satpukuria","Sub_dist":null,"District":"Alipurduar","Vill_LGD":"307382"},"geometry":{"type":"Polygon","coordinates":[[[4898017.9,4307832.0],[4897782.3,4307859.5],[4897769.8,4307904.6],[4897703.1,4307913.1],[4897703.0,4307823.2],[4897706.4,4307763.0],[4897655.0,4307666.2],[4897413.9,4307705.2],[4897343.2,4307723.9],[4897279.5,4307741.4],[4897119.5,4307820.7],[4896983.6,4307888.8],[4896862.8,4307928.2],[4896816.5,4307889.1],[4896781.9,4307823.6],[4896704.6,4307857.7],[4896696.0,4307964.4],[4896680.2,4308036.8],[4896668.6,4308197.4],[4896711.5,4308263.8],[4896719.7,4308389.9],[4896737.2,4308486.6],[4896766.7,4308566.6],[4896811.3,4308641.0],[4896873.4,4308698.0],[4896958.1,4308755.1],[4897068.4,4308800.7],[4897206.5,4308840.3],[4897370.3,4308885.5],[4897558.8,4308889.7],[4897699.0,4308883.6],[4897845.3,4308855.3],[4897911.0,4308817.2],[4897946.7,4308779.6],[4897989.7,4308704.1],[4898054.0,4308602.1],[4898099.0,4308556.6],[4898210.8,4308497.6],[4898345.2,4308451.0],[4898464.3,4308457.8],[4898529.9,4308492.3],[4898592.4,4308551.8],[4898614.7,4308608.9],[4898598.9,4308681.4],[4898561.4,4308737.0],[4898456.2,4308818.9],[4898375.4,4308874.5],[4898257.7,4308922.3],[4898206.3,4308979.3],[4898175.6,4309056.4],[4898180.5,4309157.8],[4898198.0,4309275.6],[4898220.3,4309392.1],[4898253.0,4309509.6],[4898299.1,4309622.9],[4898311.3,4309696.7],[4898298.1,4309756.9],[4898266.1,4309798.6],[4898166.8,4309882.8],[4898058.5,4309968.4],[4898011.8,4310040.8],[4897996.3,4310116.7],[4897994.1,4310213.4],[4897989.3,4310323.2],[4898068.8,4310357.0],[4898057.6,4310283.3],[4898060.8,4310225.5],[4898091.9,4310182.2],[4898281.7,4310179.1],[4898363.4,4310186.5],[4898499.0,4310174.8],[4898599.7,4310143.8],[4898723.7,4310140.0],[4898751.1,4310213.5],[4898801.5,4310310.2],[4898789.6,4310372.5],[4898701.0,4310418.9],[4898642.4,4310512.3],[4898619.1,4310659.6],[4898619.2,4310760.3],[4898704.3,4310869.0],[4898789.9,4310958.1],[4898797.9,4311058.7],[4898793.7,4311175.4],[4898809.1,4311233.7],[4898871.4,4311256.8],[4898999.2,4311284.1],[4899077.0,4311353.6],[4899142.8,4311404.0],[4899196.6,4311419.3],[4899258.8,4311412.0],[4899282.2,4311376.8],[4899324.7,4311217.7],[4899329.0,4311098.0],[4899344.4,4311043.3],[4899371.5,4311020.5],[4899357.5,4310924.5],[4899230.9,4310675.3],[4899255.2,4310610.6],[4899355.7,4310492.6],[4899397.2,4310426.4],[4899464.8,4310408.5],[4899517.0,4310406.6],[4899577.6,4310434.5],[4899738.8,4310422.2],[4899823.7,4310382.5],[4899713.8,4310093.3],[4899620.2,4310080.0],[4899595.7,4310027.2],[4899495.4,4310028.8],[4899449.7,4309977.9],[4899409.7,4309951.4],[4899400.8,4309922.0],[4899395.8,4309903.1],[4899484.2,4309852.4],[4899637.0,4309772.3],[4899721.9,4309722.3],[4899732.1,4309713.5],[4899616.5,4309675.5],[4899527.7,4309602.5],[4899552.5,4309536.3],[4899446.3,4309435.9],[4899299.1,4309310.9],[4899279.7,4309264.8],[4899265.8,4309195.4],[4899321.6,4309047.7],[4899365.6,4308959.5],[4899443.1,4308981.9],[4899529.5,4309014.5],[4899582.8,4309050.5],[4899672.3,4309098.5],[4899725.2,4309164.0],[4899808.5,4309138.5],[4899793.0,4309041.5],[4899775.7,4308962.5],[4899744.9,4308907.5],[4899655.2,4308779.9],[4899604.0,4308681.6],[4899617.3,4308559.0],[4899515.7,4308555.5],[4899534.7,4308304.5],[4899599.1,4308201.9],[4898976.7,4308211.3],[4898887.3,4308201.1],[4898763.6,4308128.3],[4898679.4,4308061.4],[4898627.4,4308038.7],[4898598.4,4308007.8],[4898508.8,4307962.3],[4898519.5,4307914.2],[4898537.7,4307870.8],[4898517.2,4307848.2],[4898074.8,4307845.1],[4898017.9,4307832.0]]]}},{"type":"Feature","properties":{"Vill_name":"Dalimpur","Sub_dist":null,"District":"Alipurduar","Vill_LGD":"307360"},"geometry":{"type":"Polygon","coordinates":[[[4892442.5,4306318.5],[4892449.4,4306380.8],[4892464.6,4306462.1],[4892426.4,4306500.5],[4892329.4,4306524.8],[4892233.9,4306498.6],[4892221.8,4306455.3],[4892218.4,4306403.5],[4892188.9,4306353.0],[4892107.4,4306371.7],[4892087.2,4306352.0],[4892029.7,4306301.6],[4891981.3,4306317.4],[4891962.5,4306351.9],[4891962.3,4306528.7],[4891932.7,4306551.9],[4891877.1,4306553.1],[4891833.7,4306535.8],[4891781.7,4306454.2],[4891750.7,4306454.2],[4891721.5,4306499.4],[4891669.5,4306538.2],[4891660.6,4306590.3],[4891670.7,4306667.0],[4891720.1,4306782.8],[4891663.6,4306794.3],[4891544.1,4306684.0],[4891521.5,4306695.1],[4891535.8,4306733.7],[4891556.6,4306781.3],[4891605.2,4306833.3],[4891634.8,4306923.1],[4891619.2,4307061.9],[4891607.4,4307082.5],[4891569.4,4307117.0],[4891549.0,4307143.0],[4891457.1,4307153.3],[4891408.9,4307113.2],[4891338.2,4307083.7],[4891329.2,4307197.8],[4891362.2,4307287.8],[4891455.5,4307350.7],[4891370.7,4307428.2],[4891336.4,4307497.8],[4891343.3,4307587.5],[4891381.3,4307646.3],[4891522.4,4307603.0],[4891586.3,4307590.9],[4891634.9,4307562.3],[4891661.3,4307595.0],[4891757.4,4307598.2],[4891796.3,4307586.3],[4891842.7,4307593.4],[4891882.5,4307612.5],[4891959.5,4307697.8],[4891983.5,4307708.8],[4892028.5,4307692.3],[4892073.2,4307652.2],[4892168.2,4307658.2],[4892217.1,4307652.7],[4892271.7,4307620.0],[4892354.9,4307626.0],[4892414.5,4307634.7],[4892489.3,4307640.3],[4892484.5,4307589.0],[4892481.8,4307530.9],[4892558.2,4307536.0],[4892604.2,4307590.3],[4892645.7,4307597.2],[4892650.6,4307627.9],[4892685.5,4307658.6],[4892708.6,4307698.0],[4892782.4,4307684.9],[4892852.5,4307677.5],[4892920.2,4307660.6],[4892941.0,4307595.8],[4893042.0,4307507.3],[4893088.1,4307479.5],[4893115.7,4307528.5],[4893153.6,4307597.2],[4893171.4,4307636.8],[4893207.3,4307645.9],[4893342.1,4307611.2],[4893426.9,4307605.4],[4893469.5,4307567.7],[4893507.4,4307555.8],[4893683.5,4307560.8],[4893705.7,4307610.5],[4893662.0,4307649.2],[4893549.4,4307753.8],[4893519.2,4307789.7],[4893424.2,4307833.7],[4893425.9,4307870.7],[4893469.9,4307956.3],[4893474.7,4307979.1],[4893439.8,4308041.3],[4893454.2,4308128.9],[4893488.0,4308233.7],[4893462.9,4308254.1],[4893340.8,4308268.9],[4893349.6,4308402.9],[4893374.7,4308401.7],[4893468.7,4308379.2],[4893560.3,4308353.2],[4893657.8,4308348.5],[4893725.8,4308323.3],[4893884.6,4308331.0],[4893910.1,4308280.6],[4893946.9,4308251.4],[4893984.8,4308249.8],[4894024.8,4308225.2],[4894238.3,4308177.5],[4894313.2,4308164.0],[4894386.2,4308158.1],[4894535.1,4308135.8],[4894585.6,4308128.0],[4894618.6,4308054.9],[4894585.9,4307968.3],[4894539.1,4307849.6],[4894530.5,4307833.5],[4894593.0,4307779.5],[4894679.3,4307742.9],[4894750.7,4307710.0],[4894787.1,4307666.5],[4894821.9,4307597.0],[4894841.0,4307537.0],[4894816.9,4307456.8],[4894760.8,4307437.8],[4894724.3,4307399.7],[4894642.6,4307423.8],[4894615.3,4307409.7],[4894601.3,4307352.5],[4894563.4,4307314.4],[4894542.4,4307260.3],[4894540.8,4307212.1],[4894542.5,4307084.9],[4894675.8,4307082.5],[4894636.2,4307017.7],[4894597.9,4306995.2],[4894504.2,4306932.8],[4894458.9,4306903.5],[4894384.3,4306841.0],[4894301.1,4306794.8],[4894234.7,4306786.1],[4894210.6,4306775.7],[4894176.0,4306728.8],[4894115.5,4306690.5],[4894054.3,4306674.8],[4893995.6,4306640.5],[4893887.3,4306572.4],[4893861.3,4306541.7],[4893725.8,4306448.2],[4893692.8,4306420.6],[4893677.5,4306208.1],[4893681.0,4306164.1],[4893668.8,4306092.7],[4893695.1,4306067.0],[4893694.8,4305950.5],[4893743.3,4305799.6],[4893767.7,4305762.0],[4893797.5,4305622.9],[4893804.4,4305613.4],[4893804.1,4305536.8],[4893785.6,4305524.6],[4893819.7,4305346.0],[4893849.4,4305320.9],[4893852.7,4305212.9],[4893852.7,4305182.0],[4893877.4,4305077.1],[4893906.6,4305010.2],[4893870.2,4304972.1],[4893809.8,4304940.7],[4893775.1,4304916.9],[4893682.7,4304908.0],[4893594.4,4304864.5],[4893549.0,4304836.8],[4893503.7,4304829.7],[4893455.5,4304902.0],[4893390.8,4304951.0],[4893316.3,4304945.4],[4893166.9,4304927.9],[4893036.3,4304926.5],[4892936.0,4304979.1],[4892895.9,4304984.1],[4892875.7,4304996.4],[4892851.3,4305043.8],[4892781.8,4305140.7],[4892772.8,4305215.9],[4892795.2,4305279.9],[4892849.4,4305317.8],[4892900.1,4305367.0],[4892918.6,4305420.4],[4892933.3,4305483.5],[4892944.0,4305524.8],[4892950.6,4305591.9],[4892960.9,4305644.0],[4892955.8,4305689.0],[4892931.2,4305739.3],[4892915.7,4305775.9],[4892867.3,4305801.6],[4892827.1,4305799.7],[4892732.2,4305782.8],[4892671.3,4305770.5],[4892614.2,4305763.4],[4892600.5,4305782.8],[4892656.0,4305833.7],[4892745.7,4305899.9],[4892808.5,4305941.2],[4892867.2,4306017.8],[4892931.4,4306082.7],[4893009.3,4306168.0],[4893013.0,4306234.0],[4893014.6,4306322.5],[4892983.3,4306350.5],[4892938.4,4306335.1],[4892884.3,4306326.6],[4892834.1,4306297.1],[4892802.8,4306264.2],[4892757.8,4306250.2],[4892716.4,4306263.0],[4892667.6,4306296.0],[4892626.0,4306292.5],[4892575.6,4306320.0],[4892516.9,4306335.4],[4892501.2,4306304.2],[4892462.9,4306294.0],[4892442.5,4306318.5]]]}},{"type":"Feature","properties":{"Vill_name":"Gokulnagar","Sub_dist":null,"District":"Alipurduar","Vill_LGD":"307353"},"geometry":{"type":"Polygon","coordinates":[[[4891634.8,4306923.1],[4891605.2,4306833.3],[4891556.6,4306781.3],[4891535.8,4306733.7],[4891521.5,4306695.1],[4891544.1,4306684.0],[4891663.6,4306794.3],[4891720.1,4306782.8],[4891670.7,4306667.0],[4891660.6,4306590.3],[4891669.5,4306538.2],[4891721.5,4306499.4],[4891750.7,4306454.2],[4891781.7,4306454.2],[4891833.7,4306535.8],[4891877.1,4306553.1],[4891932.7,4306551.9],[4891962.3,4306528.7],[4891962.5,4306351.9],[4891981.3,4306317.4],[4892029.7,4306301.6],[4892087.2,4306352.0],[4892107.4,4306371.7],[4892188.9,4306353.0],[4892218.4,4306403.5],[4892221.8,4306455.3],[4892233.9,4306498.6],[4892329.4,4306524.8],[4892426.4,4306500.5],[4892464.6,4306462.1],[4892449.4,4306380.8],[4892442.5,4306318.5],[4892462.9,4306294.0],[4892501.2,4306304.2],[4892516.9,4306335.4],[4892575.6,4306320.0],[4892626.0,4306292.5],[4892667.6,4306296.0],[4892716.4,4306263.0],[4892757.8,4306250.2],[4892802.8,4306264.2],[4892834.1,4306297.1],[4892884.3,4306326.6],[4892938.4,4306335.1],[4892983.3,4306350.5],[4893014.6,4306322.5],[4893013.0,4306234.0],[4893009.3,4306168.0],[4892931.4,4306082.7],[4892867.2,4306017.8],[4892808.5,4305941.2],[4892745.7,4305899.9],[4892656.0,4305833.7],[4892600.5,4305782.8],[4892614.2,4305763.4],[4892671.3,4305770.5],[4892732.2,4305782.8],[4892827.1,4305799.7],[4892867.3,4305801.6],[4892915.7,4305775.9],[4892931.2,4305739.3],[4892955.8,4305689.0],[4892960.9,4305644.0],[4892950.6,4305591.9],[4892944.0,4305524.8],[4892933.3,4305483.5],[4892918.6,4305420.4],[4892900.1,4305367.0],[4892849.4,4305317.8],[4892795.2,4305279.9],[4892772.8,4305215.9],[4892781.8,4305140.7],[4892851.3,4305043.8],[4892875.7,4304996.4],[4892835.7,4304857.4],[4892853.1,4304803.2],[4892896.3,4304793.0],[4892962.2,4304823.2],[4893003.7,4304826.7],[4893049.0,4304795.5],[4893031.9,4304751.9],[4892977.8,4304703.1],[4892929.2,4304691.4],[4892910.5,4304621.8],[4892870.2,4304569.7],[4892866.7,4304438.9],[4892808.0,4304433.1],[4892724.2,4304400.1],[4892667.1,4304402.2],[4892620.4,4304423.5],[4892590.6,4304438.8],[4892533.5,4304411.0],[4892450.2,4304416.3],[4892432.9,4304460.7],[4892343.7,4304497.6],[4892312.2,4304539.3],[4892238.0,4304591.3],[4892191.5,4304657.3],[4892160.0,4304690.2],[4892087.5,4304705.9],[4892036.7,4304740.7],[4891965.7,4304755.5],[4891927.7,4304861.2],[4891919.2,4304925.2],[4891872.3,4305023.1],[4891862.1,4305071.8],[4891790.6,4305127.3],[4891724.9,4305266.6],[4891684.8,4305303.5],[4891655.5,4305301.5],[4891596.8,4305327.2],[4891534.4,4305327.1],[4891524.0,4305368.9],[4891402.5,4305382.7],[4891382.0,4305400.4],[4891371.3,4305510.4],[4891195.0,4305600.6],[4891146.2,4305664.6],[4891083.8,4305665.0],[4890934.8,4305759.5],[4890922.4,4305701.9],[4890905.5,4305675.6],[4890906.6,4305570.5],[4890794.1,4305468.8],[4890690.1,4305526.2],[4890674.5,4305533.9],[4890698.5,4305647.6],[4890663.4,4305748.5],[4890602.7,4305804.6],[4890525.1,4305872.6],[4890366.4,4305976.3],[4890257.2,4306090.2],[4890196.3,4306149.8],[4890124.7,4306173.8],[4890026.3,4306173.7],[4889959.6,4306178.8],[4889890.1,4306225.1],[4889828.6,4306288.1],[4889769.3,4306423.5],[4889762.7,4306524.9],[4889789.7,4306604.6],[4889835.7,4306671.1],[4889893.0,4306719.6],[4889967.4,4306742.9],[4890068.1,4306762.3],[4890285.7,4306776.5],[4890384.7,4306817.9],[4890393.5,4306834.0],[4890501.9,4306832.7],[4890542.1,4306863.6],[4890586.5,4306871.1],[4890628.8,4306870.2],[4890673.1,4306856.6],[4890829.7,4306850.4],[4890923.7,4306845.1],[4891006.7,4306877.6],[4891077.7,4306850.6],[4891129.3,4306861.4],[4891185.4,4306899.5],[4891315.8,4306863.5],[4891403.1,4306837.8],[4891421.2,4306869.1],[4891520.4,4306909.8],[4891571.4,4306912.2],[4891634.8,4306923.1]]]}},{"type":"Feature","properties":{"Vill_name":"Balasundar","Sub_dist":null,"District":"Alipurduar","Vill_LGD":"307354"},"geometry":{"type":"Polygon","coordinates":[[[4891371.3,4305510.4],[4891382.0,4305400.4],[4891402.5,4305382.7],[4891524.0,4305368.9],[4891534.4,4305327.1],[4891596.8,4305327.2],[4891655.5,4305301.5],[4891684.8,4305303.5],[4891724.9,4305266.6],[4891790.6,4305127.3],[4891862.1,4305071.8],[4891872.3,4305023.1],[4891919.2,4304925.2],[4891927.7,4304861.2],[4891965.7,4304755.5],[4892036.7,4304740.7],[4892087.5,4304705.9],[4892160.0,4304690.2],[4892191.5,4304657.3],[4892238.0,4304591.3],[4892312.2,4304539.3],[4892343.7,4304497.6],[4892325.5,4304466.3],[4892320.9,4304399.8],[4892301.9,4304355.1],[4892299.4,4304213.0],[4892290.6,4304150.7],[4892232.2,4304139.1],[4892222.6,4304003.5],[4892166.9,4303995.9],[4892124.1,4303946.2],[4892056.8,4303947.4],[4892054.5,4303902.1],[4892112.2,4303837.1],[4892104.4,4303785.6],[4892126.9,4303675.7],[4892171.1,4303644.9],[4892237.1,4303641.7],[4892330.1,4303587.7],[4892337.2,4303632.7],[4892347.0,4303714.8],[4892378.0,4303745.7],[4892429.6,4303764.9],[4892451.9,4303832.8],[4892473.2,4303857.9],[4892586.6,4303932.6],[4892647.8,4303895.8],[4892724.9,4303896.6],[4892787.3,4303916.8],[4892837.7,4303920.2],[4892879.3,4303903.5],[4892940.6,4303875.0],[4892978.5,4303822.8],[4892999.8,4303768.3],[4893018.8,4303740.8],[4893061.2,4303715.8],[4893112.5,4303681.4],[4893164.5,4303674.1],[4893208.7,4303633.0],[4893286.1,4303556.2],[4893368.5,4303558.7],[4893420.3,4303594.1],[4893464.5,4303593.8],[4893539.5,4303566.4],[4893530.5,4303479.1],[4893551.2,4303437.8],[4893589.0,4303407.7],[4893647.0,4303386.4],[4893710.8,4303366.4],[4893713.6,4303339.5],[4893666.9,4303340.2],[4893630.2,4303326.2],[4893543.2,4303337.7],[4893464.9,4303351.1],[4893419.4,4303338.1],[4893408.3,4303312.5],[4893399.7,4303267.9],[4893439.3,4303250.2],[4893445.0,4303224.4],[4893485.1,4303198.3],[4893484.1,4303167.3],[4893544.4,4303160.9],[4893579.2,4303150.3],[4893618.6,4303150.2],[4893686.8,4303100.5],[4893707.4,4303090.7],[4893755.1,4303079.7],[4893754.5,4303020.2],[4893660.3,4302947.4],[4893653.5,4302924.5],[4893641.3,4302769.7],[4893596.4,4302625.2],[4893530.8,4302651.3],[4893446.5,4302672.7],[4893329.3,4302693.7],[4892791.3,4302673.9],[4892705.2,4302744.8],[4892597.3,4302828.3],[4892245.6,4302846.5],[4892169.9,4302855.1],[4892056.3,4302916.1],[4891868.3,4302971.0],[4891746.9,4303039.0],[4891671.4,4303132.7],[4891642.7,4303222.5],[4891648.0,4303296.1],[4891703.1,4303366.1],[4891816.0,4303440.3],[4891885.5,4303543.5],[4891883.8,4303670.3],[4891814.3,4303805.1],[4891753.7,4303912.4],[4891683.6,4303960.6],[4891530.4,4303982.0],[4891425.7,4304025.9],[4891352.7,4304126.0],[4891352.6,4304329.7],[4891372.9,4304600.3],[4891353.1,4304707.4],[4891319.3,4304784.2],[4891246.8,4304876.6],[4891183.0,4304881.9],[4891119.9,4304833.1],[4891105.3,4304759.0],[4891103.5,4304686.1],[4891133.4,4304520.0],[4891145.8,4304377.6],[4891110.7,4304292.5],[4891078.2,4304249.9],[4891007.5,4304213.5],[4890906.1,4304213.2],[4890767.0,4304248.2],[4890606.7,4304326.8],[4890451.9,4304412.1],[4890390.8,4304474.6],[4890332.8,4304632.7],[4890349.7,4304814.6],[4890394.9,4304903.7],[4890445.6,4304954.8],[4890544.3,4304992.7],[4890671.1,4304994.4],[4890751.4,4304984.1],[4890801.7,4304990.4],[4890865.6,4305035.8],[4890854.8,4305105.0],[4890771.4,4305162.8],[4890709.0,4305241.5],[4890650.4,4305364.6],[4890662.4,4305476.4],[4890674.5,4305533.9],[4890690.1,4305526.2],[4890794.1,4305468.8],[4890906.6,4305570.5],[4890905.5,4305675.6],[4890922.4,4305701.9],[4890934.8,4305759.5],[4891083.8,4305665.0],[4891146.2,4305664.6],[4891195.0,4305600.6],[4891371.3,4305510.4]]]}},{"type":"Feature","properties":{"Vill_name":"Kshirerkote","Sub_dist":null,"District":"Alipurduar","Vill_LGD":"307359"},"geometry":{"type":"Polygon","coordinates":[[[4893877.4,4305077.1],[4893852.7,4305182.0],[4893852.7,4305212.9],[4893849.4,4305320.9],[4893819.7,4305346.0],[4893785.6,4305524.6],[4893804.1,4305536.8],[4893804.4,4305613.4],[4893797.5,4305622.9],[4893767.7,4305762.0],[4893743.3,4305799.6],[4893694.8,4305950.5],[4893695.1,4306067.0],[4893668.8,4306092.7],[4893681.0,4306164.1],[4893677.5,4306208.1],[4893692.8,4306420.6],[4893725.8,4306448.2],[4893861.3,4306541.7],[4893887.3,4306572.4],[4893995.6,4306640.5],[4894054.3,4306674.8],[4894115.5,4306690.5],[4894176.0,4306728.8],[4894210.6,4306775.7],[4894234.7,4306786.1],[4894301.1,4306794.8],[4894384.3,4306841.0],[4894458.9,4306903.5],[4894504.2,4306932.8],[4894597.9,4306995.2],[4894636.2,4307017.7],[4894675.8,4307082.5],[4894753.6,4307108.4],[4894798.8,4307056.5],[4894829.8,4306974.0],[4894819.6,4306891.0],[4894809.6,4306762.8],[4894847.4,4306721.4],[4894899.0,4306700.8],[4894929.8,4306704.2],[4894950.9,4306724.9],[4894992.2,4306715.1],[4894992.2,4306673.3],[4894923.1,4306617.9],[4894860.9,4306624.7],[4894674.7,4306707.6],[4894506.0,4306701.0],[4894488.4,4306638.7],[4894477.6,4306586.6],[4894532.8,4306502.3],[4894567.5,4306453.9],[4894636.2,4306415.9],[4894843.3,4306388.6],[4894888.5,4306367.7],[4894905.8,4306326.3],[4894975.1,4306254.0],[4895006.1,4306201.9],[4895005.8,4306167.5],[4894964.2,4306143.4],[4894898.7,4306126.0],[4894867.8,4306105.3],[4894840.0,4306069.1],[4894850.5,4306024.4],[4894936.6,4305899.9],[4894981.4,4305786.1],[4895008.7,4305720.1],[4895064.2,4305627.5],[4895102.3,4305582.2],[4895136.7,4305560.2],[4895153.8,4305522.3],[4895140.1,4305449.9],[4895153.7,4305411.7],[4895185.1,4305432.9],[4895230.1,4305477.8],[4895261.0,4305498.5],[4895309.2,4305498.3],[4895346.7,4305463.8],[4895392.1,4305449.8],[4895437.1,4305432.8],[4895495.3,4305408.5],[4895529.7,4305377.3],[4895537.1,4305326.1],[4895495.5,4305270.5],[4895422.9,4305208.6],[4895436.7,4305094.3],[4895422.9,4304983.1],[4895336.8,4304985.8],[4895244.0,4305017.2],[4895205.9,4305051.7],[4895167.9,4305096.5],[4895112.5,4305034.4],[4895002.2,4305038.0],[4894912.3,4305100.0],[4894850.3,4305152.0],[4894767.5,4305200.5],[4894705.2,4305197.1],[4894681.1,4305187.5],[4894650.3,4305185.6],[4894582.3,4305220.1],[4894521.8,4305242.7],[4894426.5,4305243.1],[4894334.3,4305207.7],[4894282.2,4305157.0],[4894261.6,4305106.4],[4894231.9,4305069.6],[4894187.0,4305012.9],[4894119.4,4304959.1],[4894080.6,4304896.3],[4894057.0,4304846.0],[4894041.2,4304796.6],[4894046.6,4304736.0],[4894031.1,4304701.3],[4893987.6,4304666.3],[4893944.1,4304629.8],[4893897.4,4304549.5],[4893820.8,4304488.3],[4893765.2,4304469.4],[4893714.7,4304488.1],[4893666.4,4304521.1],[4893609.2,4304545.9],[4893578.1,4304530.1],[4893571.0,4304502.3],[4893584.8,4304462.2],[4893628.3,4304424.5],[4893657.6,4304387.6],[4893652.2,4304327.4],[4893622.8,4304274.9],[4893585.0,4304273.6],[4893525.9,4304287.4],[4893484.3,4304325.2],[4893477.2,4304348.9],[4893447.8,4304367.7],[4893406.4,4304360.7],[4893323.0,4304288.0],[4893251.6,4304260.4],[4893172.0,4304209.9],[4893076.4,4304256.9],[4893005.5,4304301.6],[4892939.5,4304386.9],[4892875.1,4304376.9],[4892866.7,4304438.9],[4892870.2,4304569.7],[4892910.5,4304621.8],[4892929.2,4304691.4],[4892977.8,4304703.1],[4893031.9,4304751.9],[4893049.0,4304795.5],[4893003.7,4304826.7],[4892962.2,4304823.2],[4892896.3,4304793.0],[4892853.1,4304803.2],[4892835.7,4304857.4],[4892875.7,4304996.4],[4892895.9,4304984.1],[4892936.0,4304979.1],[4893036.3,4304926.5],[4893166.9,4304927.9],[4893316.3,4304945.4],[4893390.8,4304951.0],[4893455.5,4304902.0],[4893503.7,4304829.7],[4893549.0,4304836.8],[4893594.4,4304864.5],[4893682.7,4304908.0],[4893775.1,4304916.9],[4893809.8,4304940.7],[4893870.2,4304972.1],[4893906.6,4305010.2],[4893877.4,4305077.1]]]}},{"type":"Feature","properties":{"Vill_name":"Jaychandpur","Sub_dist":null,"District":"Alipurduar","Vill_LGD":"307355"},"geometry":{"type":"Polygon","coordinates":[[[4894582.3,4305220.1],[4894650.3,4305185.6],[4894681.1,4305187.5],[4894691.7,4305110.9],[4894785.5,4305050.1],[4894854.8,4305009.2],[4894849.2,4304707.4],[4894790.6,4304679.5],[4894795.3,4304613.4],[4894816.4,4304552.5],[4894841.0,4304377.3],[4894814.8,4304126.5],[4894807.7,4304040.2],[4894769.9,4303978.0],[4894762.9,4303858.3],[4894748.7,4303837.0],[4894741.7,4303777.7],[4894598.0,4303661.2],[4894571.8,4303583.3],[4894523.5,4303535.8],[4894504.6,4303479.8],[4894530.5,4303452.1],[4894563.5,4303440.4],[4894578.7,4303471.1],[4894616.7,4303507.8],[4894667.6,4303511.3],[4894724.5,4303493.9],[4894841.0,4303470.0],[4894920.5,4303452.2],[4894956.7,4303384.7],[4894981.3,4303342.7],[4894997.0,4303301.2],[4895125.5,4303326.5],[4895216.1,4303362.8],[4895261.0,4303380.2],[4895330.3,4303367.9],[4895347.2,4303334.8],[4895344.3,4303270.8],[4895319.9,4303217.0],[4895298.7,4303189.5],[4895281.7,4303020.7],[4895134.2,4302931.5],[4895148.4,4302822.2],[4895178.0,4302789.2],[4895189.7,4302738.7],[4895215.7,4302729.2],[4895263.0,4302737.8],[4895288.7,4302661.9],[4895285.5,4302564.5],[4895273.4,4302479.4],[4895262.7,4302416.0],[4895276.7,4302349.9],[4895327.5,4302306.7],[4895412.4,4302298.0],[4895472.8,4302287.2],[4895484.7,4302264.6],[4895495.5,4302091.3],[4895492.9,4302057.4],[4895393.8,4302062.9],[4895376.9,4302208.1],[4895322.7,4302209.5],[4895318.1,4302256.9],[4895216.0,4302262.5],[4895068.8,4302281.8],[4894967.0,4302308.1],[4894899.0,4302354.0],[4894721.0,4302530.0],[4894685.1,4302521.1],[4894623.0,4302523.5],[4894518.8,4302558.0],[4894388.1,4302598.9],[4894244.8,4302672.0],[4894206.5,4302679.7],[4894102.1,4302672.9],[4894101.2,4302592.2],[4893990.3,4302588.0],[4893908.8,4302594.2],[4893692.6,4302608.7],[4893621.9,4302615.1],[4893596.4,4302625.2],[4893641.3,4302769.7],[4893653.5,4302924.5],[4893660.3,4302947.4],[4893754.5,4303020.2],[4893755.1,4303079.7],[4893707.4,4303090.7],[4893686.8,4303100.5],[4893618.6,4303150.2],[4893579.2,4303150.3],[4893544.4,4303160.9],[4893484.1,4303167.3],[4893485.1,4303198.3],[4893445.0,4303224.4],[4893439.3,4303250.2],[4893399.7,4303267.9],[4893408.3,4303312.5],[4893419.4,4303338.1],[4893464.9,4303351.1],[4893543.2,4303337.7],[4893630.2,4303326.2],[4893666.9,4303340.2],[4893713.6,4303339.5],[4893710.8,4303366.4],[4893647.0,4303386.4],[4893589.0,4303407.7],[4893551.2,4303437.8],[4893530.5,4303479.1],[4893539.5,4303566.4],[4893464.5,4303593.8],[4893420.3,4303594.1],[4893368.5,4303558.7],[4893286.1,4303556.2],[4893208.7,4303633.0],[4893164.5,4303674.1],[4893112.5,4303681.4],[4893061.2,4303715.8],[4893018.8,4303740.8],[4892999.8,4303768.3],[4892978.5,4303822.8],[4892940.6,4303875.0],[4892879.3,4303903.5],[4892837.7,4303920.2],[4892787.3,4303916.8],[4892724.9,4303896.6],[4892647.8,4303895.8],[4892586.6,4303932.6],[4892473.2,4303857.9],[4892451.9,4303832.8],[4892429.6,4303764.9],[4892378.0,4303745.7],[4892347.0,4303714.8],[4892337.2,4303632.7],[4892330.1,4303587.7],[4892237.1,4303641.7],[4892171.1,4303644.9],[4892126.9,4303675.7],[4892104.4,4303785.6],[4892112.2,4303837.1],[4892054.5,4303902.1],[4892056.8,4303947.4],[4892124.1,4303946.2],[4892166.9,4303995.9],[4892222.6,4304003.5],[4892232.2,4304139.1],[4892290.6,4304150.7],[4892299.4,4304213.0],[4892301.9,4304355.1],[4892320.9,4304399.8],[4892325.5,4304466.3],[4892343.7,4304497.6],[4892432.9,4304460.7],[4892450.2,4304416.3],[4892533.5,4304411.0],[4892590.6,4304438.8],[4892620.4,4304423.5],[4892667.1,4304402.2],[4892724.2,4304400.1],[4892808.0,4304433.1],[4892866.7,4304438.9],[4892875.1,4304376.9],[4892939.5,4304386.9],[4893005.5,4304301.6],[4893076.4,4304256.9],[4893172.0,4304209.9],[4893251.6,4304260.4],[4893323.0,4304288.0],[4893406.4,4304360.7],[4893447.8,4304367.7],[4893477.2,4304348.9],[4893484.3,4304325.2],[4893525.9,4304287.4],[4893585.0,4304273.6],[4893622.8,4304274.9],[4893652.2,4304327.4],[4893657.6,4304387.6],[4893628.3,4304424.5],[4893584.8,4304462.2],[4893571.0,4304502.3],[4893578.1,4304530.1],[4893609.2,4304545.9],[4893666.4,4304521.1],[4893714.7,4304488.1],[4893765.2,4304469.4],[4893820.8,4304488.3],[4893897.4,4304549.5],[4893944.1,4304629.8],[4893987.6,4304666.3],[4894031.1,4304701.3],[4894046.6,4304736.0],[4894041.2,4304796.6],[4894057.0,4304846.0],[4894080.6,4304896.3],[4894119.4,4304959.1],[4894187.0,4305012.9],[4894231.9,4305069.6],[4894261.6,4305106.4],[4894282.2,4305157.0],[4894334.3,4305207.7],[4894426.5,4305243.1],[4894521.8,4305242.7],[4894582.3,4305220.1]]]}},{"type":"Feature","properties":{"Vill_name":"Harinathpur","Sub_dist":null,"District":"Alipurduar","Vill_LGD":"307380"},"geometry":{"type":"Polygon","coordinates":[[[4895771.3,4306071.3],[4895532.7,4306364.8],[4894962.9,4306527.5],[4894983.8,4306440.1],[4894973.4,4306349.7],[4894888.5,4306367.7],[4894843.3,4306388.6],[4894636.2,4306415.9],[4894567.5,4306453.9],[4894532.8,4306502.3],[4894477.6,4306586.6],[4894488.4,4306638.7],[4894506.0,4306701.0],[4894674.7,4306707.6],[4894860.9,4306624.7],[4894923.1,4306617.9],[4894992.2,4306673.3],[4894992.2,4306715.1],[4894950.9,4306724.9],[4894929.8,4306704.2],[4894899.0,4306700.8],[4894847.4,4306721.4],[4894809.6,4306762.8],[4894819.6,4306891.0],[4894829.8,4306974.0],[4894798.8,4307056.5],[4894753.6,4307108.4],[4894675.8,4307082.5],[4894542.5,4307084.9],[4894540.8,4307212.1],[4894542.4,4307260.3],[4894563.4,4307314.4],[4894601.3,4307352.5],[4894615.3,4307409.7],[4894642.6,4307423.8],[4894724.3,4307399.7],[4894752.4,4307357.8],[4894776.5,4307326.6],[4894804.5,4307315.7],[4894967.3,4307434.0],[4894988.3,4307517.6],[4895019.7,4307580.5],[4895217.7,4307722.7],[4895315.2,4307819.7],[4895440.5,4307952.5],[4895537.7,4308055.0],[4895611.0,4308145.4],[4895679.1,4308148.2],[4895832.0,4308155.6],[4895894.0,4308123.7],[4896081.2,4308092.9],[4896164.3,4307936.8],[4896421.0,4307902.0],[4896465.6,4307953.8],[4896597.4,4307961.1],[4896696.0,4307964.4],[4896704.6,4307857.7],[4896781.9,4307823.6],[4896751.3,4307774.0],[4896726.8,4307742.8],[4896727.0,4307656.4],[4896802.9,4307611.4],[4896858.2,4307523.2],[4896948.3,4307468.1],[4897083.0,4307447.5],[4897321.6,4307409.4],[4897355.7,4307343.8],[4897452.3,4307347.0],[4897518.5,4307299.0],[4897625.5,4307178.0],[4897732.2,4307072.6],[4897825.8,4306965.6],[4897918.9,4306889.5],[4898029.5,4306837.3],[4898095.5,4306844.5],[4898223.0,4306827.0],[4898288.8,4306899.5],[4898385.2,4307010.2],[4898527.1,4307082.8],[4898609.7,4307090.8],[4898741.5,4307025.4],[4898828.1,4306932.3],[4898869.4,4306817.9],[4898851.8,4306673.1],[4898779.4,4306586.6],[4898600.0,4306475.8],[4898478.8,4306442.9],[4898361.2,4306406.3],[4898178.3,4306368.5],[4898077.7,4306326.8],[4897887.8,4306281.8],[4897691.4,4306289.0],[4897601.4,4306271.5],[4897483.7,4306216.2],[4897283.5,4306150.5],[4897180.3,4306100.3],[4897028.4,4306031.1],[4896952.2,4306000.5],[4896658.9,4306041.8],[4896455.4,4306066.4],[4896258.4,4306076.6],[4896095.6,4306080.0],[4895979.0,4306084.7],[4895771.3,4306071.3]]]}},{"type":"Feature","properties":{"Vill_name":"Jogendrapur","Sub_dist":null,"District":"Alipurduar","Vill_LGD":"307381"},"geometry":{"type":"Polygon","coordinates":[[[4901108.0,4307980.8],[4901114.7,4307810.7],[4901028.0,4307703.4],[4901045.5,4307614.3],[4901048.9,4307534.4],[4901059.2,4307188.1],[4901108.0,4307113.3],[4901173.7,4307075.2],[4901280.9,4307072.0],[4901371.0,4307047.4],[4901236.0,4306964.2],[4901187.3,4306915.7],[4901159.9,4306780.8],[4901118.4,4306784.2],[4901094.1,4306749.6],[4900806.3,4306787.8],[4900782.4,4306612.3],[4900761.6,4306512.6],[4900582.9,4306531.0],[4900534.8,4306551.3],[4900437.7,4306558.4],[4900410.6,4306375.3],[4900372.3,4306151.0],[4900172.3,4306100.5],[4899965.5,4306314.6],[4899948.1,4306380.1],[4899927.3,4306424.8],[4899900.0,4306462.7],[4899813.6,4306500.8],[4899627.4,4306552.8],[4899504.7,4306592.5],[4899330.6,4306656.4],[4899237.3,4306574.2],[4899182.6,4306496.5],[4899121.7,4306434.6],[4899025.1,4306401.4],[4898974.9,4306393.1],[4898878.5,4306406.2],[4898817.6,4306404.7],[4898782.9,4306380.4],[4898689.3,4306376.9],[4898568.2,4306401.5],[4898478.8,4306442.9],[4898600.0,4306475.8],[4898779.4,4306586.6],[4898851.8,4306673.1],[4898869.4,4306817.9],[4898828.1,4306932.3],[4898741.5,4307025.4],[4898609.7,4307090.8],[4898527.1,4307082.8],[4898385.2,4307010.2],[4898288.8,4306899.5],[4898223.0,4306827.0],[4898095.5,4306844.5],[4898029.5,4306837.3],[4897918.9,4306889.5],[4897825.8,4306965.6],[4897732.2,4307072.6],[4897625.5,4307178.0],[4897518.5,4307299.0],[4897452.3,4307347.0],[4897355.7,4307343.8],[4897321.6,4307409.4],[4897083.0,4307447.5],[4896948.3,4307468.1],[4896858.2,4307523.2],[4896802.9,4307611.4],[4896727.0,4307656.4],[4896726.8,4307742.8],[4896751.3,4307774.0],[4896781.9,4307823.6],[4896816.5,4307889.1],[4896862.8,4307928.2],[4896983.6,4307888.8],[4897119.5,4307820.7],[4897279.5,4307741.4],[4897343.2,4307723.9],[4897413.9,4307705.2],[4897655.0,4307666.2],[4897706.4,4307763.0],[4897703.0,4307823.2],[4897703.1,4307913.1],[4897769.8,4307904.6],[4897782.3,4307859.5],[4898017.9,4307832.0],[4898074.8,4307845.1],[4898517.2,4307848.2],[4898537.7,4307870.8],[4898519.5,4307914.2],[4898508.8,4307962.3],[4898598.4,4308007.8],[4898627.4,4308038.7],[4898679.4,4308061.4],[4898763.6,4308128.3],[4898887.3,4308201.1],[4898976.7,4308211.3],[4899599.1,4308201.9],[4899915.4,4308140.5],[4899957.1,4308121.9],[4900085.9,4308038.7],[4900106.3,4308022.0],[4900131.6,4308016.8],[4900158.1,4308049.5],[4900188.9,4308154.2],[4900205.8,4308180.5],[4900269.9,4308185.6],[4900305.8,4308204.5],[4900338.6,4308217.9],[4900479.3,4308100.9],[4900548.5,4308103.7],[4900646.5,4308088.3],[4900711.3,4308067.3],[4900760.0,4308047.1],[4901019.3,4307996.7],[4901108.0,4307980.8]]]}},{"type":"Feature","properties":{"Vill_name":"Kalipur","Sub_dist":null,"District":"Alipurduar","Vill_LGD":"307398"},"geometry":{"type":"Polygon","coordinates":[[[4906597.6,4302535.7],[4906514.6,4302360.8],[4906377.5,4302249.6],[4906246.9,4302137.2],[4906370.9,4301877.0],[4906345.3,4301797.6],[4906259.3,4301746.3],[4906202.0,4301682.7],[4906208.5,4301609.3],[4906202.0,4301529.4],[4906131.8,4301363.9],[4905988.3,4301081.5],[4905772.1,4300603.4],[4905731.5,4300487.5],[4905722.9,4300339.4],[4905711.4,4300336.3],[4905683.8,4300307.4],[4905529.7,4300302.0],[4905215.1,4300328.7],[4905023.2,4300330.7],[4904851.1,4300337.4],[4904699.5,4300347.0],[4904437.2,4300359.9],[4904277.4,4300332.8],[4904190.2,4300334.8],[4904118.1,4300341.1],[4903943.0,4300349.0],[4903843.5,4300396.1],[4903797.5,4300436.3],[4903767.3,4300492.7],[4903715.8,4300569.5],[4903665.3,4300637.0],[4903546.3,4300804.5],[4903485.5,4300871.9],[4903420.4,4300917.9],[4903276.2,4300999.9],[4903235.9,4301008.5],[4903170.7,4301012.7],[4903134.5,4301026.9],[4903074.3,4301074.7],[4902969.0,4301164.7],[4902862.1,4301236.4],[4902794.8,4301279.6],[4902637.1,4301364.8],[4902613.7,4301395.9],[4902566.0,4301422.8],[4902437.3,4301455.9],[4902360.0,4301465.9],[4902263.1,4301465.4],[4902223.8,4301474.0],[4902188.8,4301484.8],[4902177.3,4301484.1],[4902288.7,4301813.5],[4902205.3,4301841.4],[4902174.1,4301949.4],[4902211.6,4301976.3],[4902216.6,4302036.0],[4902233.0,4302072.6],[4902255.5,4302084.0],[4902319.4,4302083.2],[4902382.4,4302059.7],[4902414.7,4302042.5],[4902528.9,4302006.3],[4902563.4,4302024.7],[4902585.1,4302053.2],[4902678.4,4302023.8],[4902707.9,4302063.1],[4902773.9,4302049.5],[4902840.5,4302023.8],[4902962.5,4301988.4],[4903030.3,4301998.0],[4903164.9,4301989.3],[4903239.7,4301975.2],[4903239.3,4301911.3],[4903175.2,4301804.1],[4903120.2,4301693.9],[4903055.8,4301631.8],[4903030.0,4301617.8],[4902983.4,4301555.2],[4902950.5,4301462.7],[4903101.0,4301378.1],[4903142.3,4301336.4],[4903220.5,4301314.1],[4903222.2,4301289.1],[4903270.3,4301258.0],[4903324.6,4301304.4],[4903359.2,4301319.8],[4903404.2,4301364.7],[4903426.6,4301399.2],[4903510.9,4301434.2],[4903631.9,4301553.5],[4903645.9,4301577.7],[4903686.1,4301691.2],[4903694.6,4301729.4],[4903708.5,4301777.7],[4903728.9,4301812.6],[4903800.2,4301831.3],[4903830.9,4301877.4],[4903865.5,4301884.5],[4904058.1,4301903.6],[4904299.8,4301911.8],[4904417.7,4301922.9],[4904442.2,4301975.2],[4904461.0,4302042.4],[4904614.8,4302052.7],[4904619.8,4302090.8],[4904756.5,4302119.0],[4904761.6,4302176.7],[4904902.1,4302166.3],[4904908.3,4302220.1],[4905125.0,4302239.4],[4905261.4,4302252.8],[4905313.6,4302280.9],[4905364.4,4302214.1],[4905568.7,4302175.8],[4905654.4,4302201.5],[4905692.5,4302297.2],[4905708.3,4302418.3],[4905877.5,4302462.8],[4906154.5,4302504.6],[4906384.1,4302520.6],[4906530.3,4302535.9],[4906597.6,4302535.7]]]}},{"type":"Feature","properties":{"Vill_name":"Bangshidharpur","Sub_dist":null,"District":"Alipurduar","Vill_LGD":"307396"},"geometry":{"type":"Polygon","coordinates":[[[4904337.8,4303694.7],[4904095.2,4303895.8],[4904155.7,4304026.9],[4904253.2,4304186.3],[4904399.8,4304488.1],[4904486.8,4304700.5],[4904367.4,4304731.6],[4904305.1,4304874.0],[4904253.4,4305161.8],[4904336.2,4305095.1],[4904393.7,4305043.8],[4904648.4,4304996.2],[4904951.1,4304964.1],[4905183.6,4305012.1],[4905346.4,4305027.8],[4905486.3,4305018.3],[4905728.7,4304922.4],[4905783.0,4304865.6],[4905789.0,4304546.6],[4905804.6,4304334.7],[4906104.0,4304290.1],[4906550.0,4304341.0],[4906620.0,4304079.7],[4906623.7,4303779.2],[4906602.9,4303516.9],[4906581.2,4303386.2],[4906590.4,4303195.1],[4906420.1,4303161.3],[4906132.8,4303161.2],[4905918.1,4303109.7],[4905769.5,4303053.9],[4905603.0,4303064.5],[4905523.3,4303076.4],[4905399.2,4303083.7],[4905305.4,4303052.7],[4905166.8,4302993.4],[4905087.4,4302969.5],[4904921.0,4302965.9],[4904962.5,4303052.4],[4905046.0,4303166.4],[4905149.3,4303326.1],[4905163.5,4303419.6],[4904803.3,4303502.5],[4904693.0,4303509.5],[4904626.9,4303383.0],[4904591.5,4303383.7],[4904570.5,4303359.6],[4904567.2,4303327.1],[4904529.1,4303271.2],[4904381.8,4303269.5],[4904358.5,4303611.7],[4904337.8,4303694.7]]]}},{"type":"Feature","properties":{"Vill_name":"Dakshin Parangarpar","Sub_dist":null,"District":"Alipurduar","Vill_LGD":"307394"},"geometry":{"type":"Polygon","coordinates":[[[4900959.1,4302640.3],[4900954.9,4302655.0],[4900951.6,4302658.2],[4900946.0,4302665.4],[4900936.7,4302679.0],[4900923.0,4302699.4],[4900897.8,4302739.8],[4900870.3,4302779.4],[4900844.9,4302818.6],[4900836.3,4302830.0],[4900808.8,4302871.5],[4900799.6,4302884.5],[4900765.9,4302936.4],[4900737.4,4302978.8],[4900728.7,4302990.2],[4900720.6,4303003.6],[4900718.5,4303005.2],[4900718.5,4303009.0],[4900721.7,4303034.2],[4900723.7,4303046.1],[4900726.0,4303063.5],[4900726.5,4303074.2],[4900729.1,4303093.0],[4900730.2,4303105.8],[4900730.2,4303110.6],[4900824.0,4303086.4],[4901058.6,4303068.7],[4901062.0,4303151.9],[4901068.8,4303215.1],[4901096.5,4303444.3],[4901167.5,4303460.0],[4901219.0,4303461.0],[4901231.1,4303536.8],[4901262.0,4303538.8],[4901292.8,4303582.0],[4901350.0,4303586.7],[4901343.0,4303742.6],[4901291.4,4303763.7],[4901284.6,4303843.4],[4901229.5,4303844.7],[4901226.1,4304007.1],[4901065.6,4304036.2],[4901069.2,4304074.2],[4901018.8,4304068.4],[4900826.0,4304115.1],[4900796.4,4304148.0],[4900789.6,4304208.6],[4900784.3,4304348.8],[4900808.2,4304483.6],[4900865.4,4304480.0],[4900900.0,4304507.2],[4900965.5,4304512.3],[4901106.8,4304505.9],[4901145.0,4304670.8],[4901096.6,4304667.5],[4901065.2,4304787.8],[4901003.5,4304846.7],[4901020.8,4304926.1],[4901014.7,4305051.6],[4901091.4,4305070.5],[4901208.9,4305118.9],[4901340.6,4305077.6],[4901478.8,4304973.2],[4901742.5,4304842.0],[4901942.8,4304813.8],[4902226.8,4304719.4],[4902344.3,4304483.9],[4902427.5,4304275.7],[4902421.2,4304172.2],[4902296.2,4304054.2],[4902268.2,4303971.3],[4902157.3,4303847.1],[4902053.3,4303690.8],[4902018.3,4303469.6],[4902006.5,4303236.2],[4902021.7,4303164.7],[4902037.7,4303097.2],[4902112.0,4302992.7],[4902193.7,4302867.9],[4902269.7,4302759.1],[4902259.3,4302677.6],[4902194.8,4302630.7],[4902087.9,4302646.2],[4901960.0,4302649.9],[4901847.4,4302633.7],[4901744.8,4302610.0],[4901672.6,4302540.2],[4901575.2,4302450.6],[4901296.6,4302563.9],[4901127.0,4302598.5],[4900959.1,4302640.3]]]}},{"type":"Feature","properties":{"Vill_name":"Kunjanagar","Sub_dist":null,"District":"Alipurduar","Vill_LGD":"307392"},"geometry":{"type":"Polygon","coordinates":[[[4900806.6,4306404.7],[4900761.6,4306512.6],[4900782.4,4306612.3],[4900806.3,4306787.8],[4901094.1,4306749.6],[4901118.4,4306784.2],[4901159.9,4306780.8],[4901187.3,4306915.7],[4901236.0,4306964.2],[4901371.0,4307047.4],[4901280.9,4307072.0],[4901173.7,4307075.2],[4901108.0,4307113.3],[4901059.2,4307188.1],[4901048.9,4307534.4],[4901045.5,4307614.3],[4901028.0,4307703.4],[4901114.7,4307810.7],[4901108.0,4307980.8],[4901131.8,4308036.5],[4901156.5,4308053.4],[4901363.8,4307952.9],[4901547.5,4307932.2],[4901557.7,4307863.0],[4901589.0,4307866.4],[4901706.9,4308049.9],[4901706.8,4308133.4],[4901731.1,4308159.7],[4901772.2,4308142.5],[4901796.8,4308069.5],[4901831.3,4307934.6],[4901921.6,4307907.0],[4902243.5,4307903.3],[4902291.9,4307979.4],[4902351.0,4308027.9],[4902381.7,4308073.1],[4902524.0,4308086.8],[4902773.2,4308062.5],[4902825.2,4308054.6],[4902908.2,4308086.1],[4902953.3,4308005.8],[4903261.8,4308016.2],[4903462.3,4308023.4],[4903645.4,4308047.5],[4903664.2,4307993.3],[4903731.2,4307968.1],[4903900.2,4307948.7],[4903798.6,4307455.5],[4903731.3,4306957.1],[4903725.4,4306813.4],[4903791.8,4306759.6],[4903913.3,4306705.6],[4903954.2,4306641.2],[4903855.7,4306606.5],[4903779.2,4306533.1],[4903648.8,4306475.2],[4903584.7,4306399.0],[4903591.2,4306284.3],[4903635.7,4306166.6],[4903702.9,4306137.9],[4903875.0,4306134.4],[4904024.8,4306124.9],[4904039.7,4306110.4],[4904043.2,4305957.3],[4904036.3,4305886.2],[4903888.1,4305873.2],[4903763.0,4306001.3],[4903762.8,4306046.5],[4903659.3,4306053.3],[4903506.8,4306028.8],[4903462.2,4305996.1],[4903406.6,4305844.1],[4903323.6,4305681.0],[4903267.9,4305653.3],[4903202.3,4305618.7],[4903074.3,4305531.9],[4903043.1,4305538.8],[4903029.6,4305552.9],[4903039.3,4305677.6],[4903018.8,4305694.8],[4902977.6,4305663.3],[4902922.0,4305646.4],[4902804.6,4305604.9],[4902704.1,4305580.4],[4902599.8,4305727.2],[4902488.9,4305845.7],[4902443.7,4305918.1],[4902419.8,4305946.0],[4902308.8,4305924.9],[4902128.7,4305910.8],[4902049.3,4305917.8],[4901983.3,4305921.5],[4901907.4,4305966.5],[4901997.3,4306150.1],[4901976.7,4306170.7],[4901872.7,4306209.0],[4901779.2,4306231.5],[4901734.4,4306131.1],[4901682.6,4306085.8],[4901609.2,4306047.9],[4901543.8,4306009.9],[4901481.5,4305937.1],[4901457.3,4305878.0],[4901380.7,4305805.5],[4901322.5,4305850.4],[4901273.7,4305874.6],[4901273.8,4305943.8],[4901388.3,4306116.9],[4901443.7,4306220.7],[4901447.6,4306314.2],[4901163.2,4306384.0],[4900938.4,4306401.2],[4900806.6,4306404.7]]]}},{"type":"Feature","properties":{"Vill_name":"Mairadanga","Sub_dist":null,"District":"Alipurduar","Vill_LGD":"307383"},"geometry":{"type":"Polygon","coordinates":[[[4899915.4,4308140.5],[4899599.1,4308201.9],[4899534.7,4308304.5],[4899515.7,4308555.5],[4899617.3,4308559.0],[4899604.0,4308681.6],[4899655.2,4308779.9],[4899744.9,4308907.5],[4899775.7,4308962.5],[4899793.0,4309041.5],[4899808.5,4309138.5],[4899725.2,4309164.0],[4899672.3,4309098.5],[4899582.8,4309050.5],[4899529.5,4309014.5],[4899443.1,4308981.9],[4899365.6,4308959.5],[4899321.6,4309047.7],[4899265.8,4309195.4],[4899279.7,4309264.8],[4899299.1,4309310.9],[4899446.3,4309435.9],[4899552.5,4309536.3],[4899527.7,4309602.5],[4899616.5,4309675.5],[4899732.1,4309713.5],[4899721.9,4309722.3],[4899637.0,4309772.3],[4899484.2,4309852.4],[4899395.8,4309903.1],[4899400.8,4309922.0],[4899409.7,4309951.4],[4899449.7,4309977.9],[4899495.4,4310028.8],[4899595.7,4310027.2],[4899620.2,4310080.0],[4899713.8,4310093.3],[4899823.7,4310382.5],[4899972.7,4310400.5],[4900064.6,4310399.0],[4900194.7,4310369.5],[4900293.3,4310321.1],[4900383.5,4310325.5],[4900309.0,4310210.9],[4900286.5,4310146.4],[4900263.8,4310058.4],[4900248.2,4309922.5],[4900264.1,4309868.3],[4900301.9,4309816.6],[4900393.8,4309795.0],[4900644.9,4310049.2],[4900736.7,4310132.7],[4900797.5,4310134.2],[4900852.7,4310130.5],[4900941.2,4310098.8],[4901040.6,4310075.1],[4901189.6,4310031.2],[4901320.8,4309967.8],[4901383.2,4309947.2],[4901460.0,4309954.3],[4901487.4,4310007.7],[4901524.0,4310136.2],[4901579.5,4310196.9],[4901664.2,4310252.5],[4901673.3,4310300.1],[4901795.1,4310401.8],[4901832.8,4310414.4],[4901888.3,4310364.0],[4901943.9,4310260.1],[4902008.1,4310192.4],[4902099.7,4310166.4],[4902181.6,4310180.2],[4902244.0,4310178.2],[4902325.4,4310181.7],[4902388.0,4310238.7],[4902381.5,4310160.3],[4902380.8,4310091.5],[4902453.3,4310055.2],[4902624.8,4309983.9],[4902666.4,4310037.5],[4902714.8,4310022.1],[4902732.3,4310065.7],[4902702.7,4310079.0],[4902765.5,4310110.5],[4902824.4,4310101.5],[4902829.3,4310010.4],[4902893.8,4309925.6],[4903023.4,4309927.4],[4903082.2,4309899.3],[4903108.5,4309863.2],[4903111.7,4309746.0],[4903166.1,4309636.6],[4903174.4,4309577.5],[4903132.7,4309565.2],[4903056.7,4309551.2],[4902995.7,4309503.1],[4902942.5,4309476.0],[4902987.4,4309378.9],[4902997.7,4309328.3],[4902952.5,4309328.6],[4902942.5,4309231.4],[4903182.7,4309240.5],[4903238.1,4309211.7],[4903255.3,4309058.8],[4903142.8,4309019.0],[4903030.5,4308963.5],[4902839.9,4308892.9],[4902677.1,4308835.4],[4902663.4,4308802.8],[4902630.4,4308743.8],[4902651.1,4308712.4],[4902683.9,4308714.4],[4902715.3,4308695.3],[4902715.6,4308667.3],[4902676.8,4308657.1],[4902623.6,4308640.3],[4902610.9,4308567.5],[4902646.0,4308460.6],[4902737.2,4308432.6],[4902803.2,4308398.4],[4902859.1,4308320.5],[4902891.2,4308244.0],[4902898.2,4308171.6],[4902908.2,4308086.1],[4902825.2,4308054.6],[4902773.2,4308062.5],[4902524.0,4308086.8],[4902381.7,4308073.1],[4902351.0,4308027.9],[4902291.9,4307979.4],[4902243.5,4307903.3],[4901921.6,4307907.0],[4901831.3,4307934.6],[4901796.8,4308069.5],[4901772.2,4308142.5],[4901731.1,4308159.7],[4901706.8,4308133.4],[4901706.9,4308049.9],[4901589.0,4307866.4],[4901557.7,4307863.0],[4901547.5,4307932.2],[4901363.8,4307952.9],[4901156.5,4308053.4],[4901131.8,4308036.5],[4901108.0,4307980.8],[4901019.3,4307996.7],[4900760.0,4308047.1],[4900711.3,4308067.3],[4900646.5,4308088.3],[4900548.5,4308103.7],[4900479.3,4308100.9],[4900338.6,4308217.9],[4900305.8,4308204.5],[4900269.9,4308185.6],[4900205.8,4308180.5],[4900188.9,4308154.2],[4900158.1,4308049.5],[4900131.6,4308016.8],[4900106.3,4308022.0],[4900085.9,4308038.7],[4899957.1,4308121.9],[4899915.4,4308140.5]]]}},{"type":"Feature","properties":{"Vill_name":"Lachhmandabri","Sub_dist":null,"District":"Alipurduar","Vill_LGD":"307391"},"geometry":{"type":"Polygon","coordinates":[[[4903111.7,4309746.0],[4903108.5,4309863.2],[4903082.2,4309899.3],[4903023.4,4309927.4],[4902893.8,4309925.6],[4902829.3,4310010.4],[4902824.4,4310101.5],[4902765.5,4310110.5],[4902702.7,4310079.0],[4902732.3,4310065.7],[4902714.8,4310022.1],[4902666.4,4310037.5],[4902624.8,4309983.9],[4902453.3,4310055.2],[4902380.8,4310091.5],[4902381.5,4310160.3],[4902388.0,4310238.7],[4902400.4,4310339.0],[4902401.7,4310383.8],[4902455.9,4310410.0],[4902717.5,4310404.9],[4902725.8,4310498.6],[4902688.0,4310711.5],[4902584.3,4310691.8],[4902532.5,4310695.6],[4902530.7,4310814.9],[4902554.7,4310909.9],[4902546.2,4310964.0],[4902450.9,4311076.3],[4902449.2,4311121.5],[4902492.9,4311162.9],[4902553.2,4311236.0],[4902632.8,4311287.0],[4902714.5,4311293.9],[4902792.4,4311247.5],[4902833.9,4311221.5],[4902901.7,4311170.7],[4902943.1,4311146.7],[4903049.1,4311149.8],[4903144.2,4311183.9],[4903179.0,4311236.2],[4903202.7,4311285.9],[4903248.4,4311296.5],[4903329.2,4311299.9],[4903417.8,4311287.9],[4903490.8,4311249.7],[4903536.2,4311439.5],[4903490.8,4311567.5],[4903473.6,4311658.0],[4903470.2,4311720.3],[4903501.2,4311758.6],[4903488.1,4311807.1],[4903435.7,4311844.9],[4903252.1,4311881.7],[4903262.4,4312016.3],[4903449.6,4312034.2],[4903595.2,4312009.7],[4903657.8,4311996.0],[4903733.9,4312006.6],[4903765.6,4311982.1],[4903737.3,4311669.8],[4903945.5,4311611.0],[4903931.5,4311514.0],[4903855.2,4311343.8],[4903880.0,4311307.7],[4904090.8,4311144.4],[4904361.5,4311072.0],[4904361.5,4310898.6],[4904520.7,4310856.6],[4904655.7,4310878.8],[4904711.5,4310851.6],[4904780.9,4310910.4],[4904850.2,4310889.7],[4904988.9,4310875.7],[4905003.0,4310806.1],[4904916.0,4310716.0],[4904842.7,4310636.8],[4904824.1,4310574.5],[4904873.7,4310533.2],[4904816.3,4310449.9],[4904759.1,4310424.5],[4904682.6,4310431.2],[4904574.3,4310303.6],[4904484.6,4310278.2],[4904440.6,4310265.3],[4904427.8,4310233.7],[4904414.9,4310176.1],[4904416.6,4310130.0],[4904461.2,4310040.3],[4904487.0,4309973.2],[4904496.4,4309900.5],[4904445.4,4309757.1],[4904299.1,4309550.1],[4904206.5,4309473.5],[4904044.0,4309482.8],[4903932.3,4309384.1],[4903792.1,4309164.2],[4903712.3,4309014.5],[4903699.6,4308941.1],[4903702.8,4308854.8],[4903670.8,4308713.8],[4903671.1,4308615.1],[4903670.8,4308519.3],[4903651.9,4308401.4],[4903632.6,4308251.7],[4903645.4,4308047.5],[4903462.3,4308023.4],[4903261.8,4308016.2],[4902953.3,4308005.8],[4902908.2,4308086.1],[4902898.2,4308171.6],[4902891.2,4308244.0],[4902859.1,4308320.5],[4902803.2,4308398.4],[4902737.2,4308432.6],[4902646.0,4308460.6],[4902610.9,4308567.5],[4902623.6,4308640.3],[4902676.8,4308657.1],[4902715.6,4308667.3],[4902715.3,4308695.3],[4902683.9,4308714.4],[4902651.1,4308712.4],[4902630.4,4308743.8],[4902663.4,4308802.8],[4902677.1,4308835.4],[4902839.9,4308892.9],[4903030.5,4308963.5],[4903142.8,4309019.0],[4903255.3,4309058.8],[4903238.1,4309211.7],[4903182.7,4309240.5],[4902942.5,4309231.4],[4902952.5,4309328.6],[4902997.7,4309328.3],[4902987.4,4309378.9],[4902942.5,4309476.0],[4902995.7,4309503.1],[4903056.7,4309551.2],[4903132.7,4309565.2],[4903174.4,4309577.5],[4903166.1,4309636.6],[4903111.7,4309746.0]]]}},{"type":"Feature","properties":{"Vill_name":"Talukertari","Sub_dist":null,"District":"Alipurduar","Vill_LGD":"307384"},"geometry":{"type":"Polygon","coordinates":[[[4900194.7,4310369.5],[4900064.6,4310399.0],[4899972.7,4310400.5],[4899823.7,4310382.5],[4899738.8,4310422.2],[4899577.6,4310434.5],[4899517.0,4310406.6],[4899464.8,4310408.5],[4899397.2,4310426.4],[4899355.7,4310492.6],[4899255.2,4310610.6],[4899230.9,4310675.3],[4899357.5,4310924.5],[4899371.5,4311020.5],[4899406.5,4311039.4],[4899515.0,4311245.0],[4899611.7,4311481.6],[4899647.1,4311582.0],[4899653.6,4311579.9],[4899861.2,4311501.9],[4899923.8,4311446.5],[4900038.3,4311425.5],[4900117.6,4311543.2],[4900218.3,4311727.4],[4900350.4,4311921.9],[4900585.9,4312255.0],[4900838.7,4312555.0],[4901043.2,4312409.6],[4901112.6,4312416.4],[4901157.7,4312429.9],[4901220.4,4312412.8],[4901418.0,4312246.4],[4901584.5,4312328.1],[4901649.7,4312352.3],[4901837.2,4312334.8],[4901986.3,4312268.8],[4902159.4,4312224.1],[4902214.7,4312186.0],[4902322.5,4312120.0],[4902401.9,4312114.9],[4902453.8,4312097.3],[4902481.7,4312038.7],[4902474.9,4311965.7],[4902537.3,4311965.7],[4902610.8,4312050.3],[4902714.3,4312033.2],[4902846.3,4311984.5],[4902898.5,4311953.1],[4903002.4,4311946.3],[4903092.5,4311901.0],[4903252.1,4311881.7],[4903435.7,4311844.9],[4903488.1,4311807.1],[4903501.2,4311758.6],[4903470.2,4311720.3],[4903473.6,4311658.0],[4903490.8,4311567.5],[4903536.2,4311439.5],[4903490.8,4311249.7],[4903417.8,4311287.9],[4903329.2,4311299.9],[4903248.4,4311296.5],[4903202.7,4311285.9],[4903179.0,4311236.2],[4903144.2,4311183.9],[4903049.1,4311149.8],[4902943.1,4311146.7],[4902901.7,4311170.7],[4902833.9,4311221.5],[4902792.4,4311247.5],[4902714.5,4311293.9],[4902632.8,4311287.0],[4902553.2,4311236.0],[4902492.9,4311162.9],[4902449.2,4311121.5],[4902450.9,4311076.3],[4902546.2,4310964.0],[4902554.7,4310909.9],[4902530.7,4310814.9],[4902532.5,4310695.6],[4902584.3,4310691.8],[4902688.0,4310711.5],[4902725.8,4310498.6],[4902717.5,4310404.9],[4902455.9,4310410.0],[4902401.7,4310383.8],[4902400.4,4310339.0],[4902388.0,4310238.7],[4902325.4,4310181.7],[4902244.0,4310178.2],[4902181.6,4310180.2],[4902099.7,4310166.4],[4902008.1,4310192.4],[4901943.9,4310260.1],[4901888.3,4310364.0],[4901832.8,4310414.4],[4901795.1,4310401.8],[4901673.3,4310300.1],[4901664.2,4310252.5],[4901579.5,4310196.9],[4901524.0,4310136.2],[4901487.4,4310007.7],[4901460.0,4309954.3],[4901383.2,4309947.2],[4901320.8,4309967.8],[4901189.6,4310031.2],[4901040.6,4310075.1],[4900941.2,4310098.8],[4900852.7,4310130.5],[4900797.5,4310134.2],[4900736.7,4310132.7],[4900644.9,4310049.2],[4900393.8,4309795.0],[4900301.9,4309816.6],[4900264.1,4309868.3],[4900248.2,4309922.5],[4900263.8,4310058.4],[4900286.5,4310146.4],[4900309.0,4310210.9],[4900383.5,4310325.5],[4900293.3,4310321.1],[4900194.7,4310369.5]]]}},{"type":"Feature","properties":{"Vill_name":"Chhota Salkumar","Sub_dist":null,"District":"Alipurduar","Vill_LGD":"307385"},"geometry":{"type":"Polygon","coordinates":[[[4901418.0,4312246.4],[4901220.4,4312412.8],[4901157.7,4312429.9],[4901112.6,4312416.4],[4901043.2,4312409.6],[4900838.7,4312555.0],[4900585.9,4312255.0],[4900350.4,4311921.9],[4900218.3,4311727.4],[4900117.6,4311543.2],[4900038.3,4311425.5],[4899923.8,4311446.5],[4899861.2,4311501.9],[4899653.6,4311579.9],[4899647.1,4311582.0],[4899774.7,4311942.3],[4899848.4,4312186.6],[4899991.7,4312190.5],[4900018.9,4312237.0],[4899999.3,4312306.8],[4899902.7,4312496.7],[4899802.0,4312752.7],[4899821.5,4312806.7],[4900127.2,4312915.3],[4900186.0,4312950.5],[4900208.7,4313233.6],[4900208.6,4313357.4],[4900298.3,4313555.2],[4900360.3,4313718.4],[4900419.6,4313709.9],[4900527.1,4313619.3],[4900596.4,4313772.0],[4900710.6,4313767.2],[4901054.2,4313732.6],[4901064.9,4313683.5],[4901234.1,4313648.9],[4901331.1,4313735.6],[4901386.8,4313732.4],[4901490.7,4313677.0],[4901539.5,4313621.3],[4901577.6,4313718.5],[4901612.2,4313825.8],[4901695.1,4313919.6],[4901768.2,4314013.5],[4901858.4,4313997.2],[4901924.3,4313914.5],[4902059.7,4313907.7],[4902094.2,4313945.7],[4902146.5,4313952.7],[4902215.3,4313931.4],[4902291.6,4313876.1],[4902340.5,4313860.3],[4902468.9,4313888.1],[4902527.6,4313922.8],[4902583.0,4313905.4],[4902550.8,4313758.4],[4902401.8,4313557.7],[4902287.2,4313406.3],[4902395.0,4313177.6],[4902301.3,4313042.5],[4902367.3,4312863.9],[4902543.6,4312783.9],[4902596.0,4312746.2],[4902676.1,4312714.7],[4902679.9,4312555.2],[4902634.9,4312376.7],[4902482.4,4312248.0],[4902499.8,4312182.0],[4902610.8,4312050.3],[4902537.3,4311965.7],[4902474.9,4311965.7],[4902481.7,4312038.7],[4902453.8,4312097.3],[4902401.9,4312114.9],[4902322.5,4312120.0],[4902214.7,4312186.0],[4902159.4,4312224.1],[4901986.3,4312268.8],[4901837.2,4312334.8],[4901649.7,4312352.3],[4901584.5,4312328.1],[4901418.0,4312246.4]]]}},{"type":"Feature","properties":{"Vill_name":"Sibnathpur","Sub_dist":null,"District":"Alipurduar","Vill_LGD":"307390"},"geometry":{"type":"Polygon","coordinates":[[[4904361.5,4311072.0],[4904090.8,4311144.4],[4903880.0,4311307.7],[4903855.2,4311343.8],[4903931.5,4311514.0],[4903945.5,4311611.0],[4903737.3,4311669.8],[4903765.6,4311982.1],[4903733.9,4312006.6],[4903657.8,4311996.0],[4903595.2,4312009.7],[4903449.6,4312034.2],[4903262.4,4312016.3],[4903252.1,4311881.7],[4903092.5,4311901.0],[4903002.4,4311946.3],[4902898.5,4311953.1],[4902846.3,4311984.5],[4902714.3,4312033.2],[4902610.8,4312050.3],[4902499.8,4312182.0],[4902482.4,4312248.0],[4902634.9,4312376.7],[4902679.9,4312555.2],[4902676.1,4312714.7],[4902693.8,4312766.6],[4902898.3,4312742.5],[4903019.3,4312717.9],[4903161.6,4312742.4],[4903255.3,4312756.3],[4903321.2,4312742.7],[4903363.0,4312610.6],[4903414.7,4312617.5],[4903494.2,4312659.2],[4903535.9,4312692.2],[4903560.4,4312733.6],[4903480.2,4312747.4],[4903452.8,4312806.5],[4903417.7,4312820.6],[4903359.3,4312910.6],[4903359.2,4312986.2],[4903331.4,4313063.0],[4903324.3,4313139.3],[4903289.7,4313215.3],[4903349.0,4313258.9],[4903407.9,4313279.4],[4903521.9,4313269.7],[4903483.8,4313193.2],[4903490.7,4313151.7],[4903685.0,4313044.2],[4903774.8,4312995.4],[4903806.5,4313051.0],[4903941.3,4313210.7],[4904079.9,4313311.2],[4904101.1,4313064.7],[4904166.9,4313044.2],[4904180.8,4313052.3],[4904212.1,4313146.6],[4904620.9,4313063.1],[4905078.5,4312966.3],[4905365.6,4312908.8],[4905390.6,4313044.1],[4905397.6,4313235.1],[4905670.9,4313221.2],[4905861.9,4313203.4],[4905863.4,4313203.0],[4905823.4,4313053.2],[4905772.6,4312791.4],[4905683.3,4312676.5],[4905645.0,4312555.3],[4905644.7,4312447.2],[4905613.3,4312313.6],[4905594.0,4312205.1],[4905600.6,4312109.6],[4905670.6,4312001.0],[4905689.6,4311892.3],[4905728.1,4311735.0],[4905727.8,4311588.2],[4905765.9,4311511.4],[4905842.5,4311480.2],[4905893.3,4311435.0],[4905842.2,4311129.0],[4905798.1,4310963.8],[4905626.0,4310937.8],[4905454.0,4310969.8],[4905338.7,4310956.9],[4905256.4,4310848.3],[4905039.5,4310660.5],[4904956.2,4310616.2],[4904873.7,4310533.2],[4904824.1,4310574.5],[4904842.7,4310636.8],[4904916.0,4310716.0],[4905003.0,4310806.1],[4904988.9,4310875.7],[4904850.2,4310889.7],[4904780.9,4310910.4],[4904711.5,4310851.6],[4904655.7,4310878.8],[4904520.7,4310856.6],[4904361.5,4310898.6],[4904361.5,4311072.0]]]}},{"type":"Feature","properties":{"Vill_name":"Badaitari","Sub_dist":null,"District":"Alipurduar","Vill_LGD":"307389"},"geometry":{"type":"Polygon","coordinates":[[[4902395.0,4313177.6],[4902287.2,4313406.3],[4902401.8,4313557.7],[4902550.8,4313758.4],[4902583.0,4313905.4],[4902582.8,4314093.0],[4902548.4,4314165.5],[4902589.9,4314252.5],[4902621.6,4314349.3],[4902475.6,4314392.4],[4902205.2,4314468.8],[4902419.9,4314773.9],[4902392.4,4314947.5],[4902485.2,4315142.5],[4902623.9,4315138.9],[4902759.2,4315062.4],[4902756.0,4315027.8],[4903088.5,4314917.1],[4903164.8,4314934.5],[4903216.8,4314965.5],[4903299.8,4315139.0],[4903473.2,4315169.9],[4903594.2,4315319.7],[4903622.5,4315375.0],[4903712.2,4315451.1],[4903861.9,4315352.7],[4903851.4,4315140.9],[4903941.1,4315094.1],[4903903.3,4314757.3],[4903885.7,4314622.3],[4903878.6,4314473.7],[4903851.2,4314367.7],[4904017.2,4314256.3],[4904357.3,4314284.0],[4904520.3,4314277.1],[4904561.8,4314190.6],[4904569.0,4313999.9],[4904478.5,4313867.8],[4904374.4,4313837.3],[4904242.7,4313838.3],[4903992.7,4313765.8],[4903944.2,4313741.4],[4903944.5,4313716.9],[4904031.5,4313724.0],[4904055.4,4313626.9],[4903979.2,4313453.3],[4903979.4,4313439.5],[4904121.2,4313380.5],[4904128.2,4313349.4],[4904079.9,4313311.2],[4903941.3,4313210.7],[4903806.5,4313051.0],[4903774.8,4312995.4],[4903685.0,4313044.2],[4903490.7,4313151.7],[4903483.8,4313193.2],[4903521.9,4313269.7],[4903407.9,4313279.4],[4903349.0,4313258.9],[4903289.7,4313215.3],[4903324.3,4313139.3],[4903331.4,4313063.0],[4903359.2,4312986.2],[4903359.3,4312910.6],[4903417.7,4312820.6],[4903452.8,4312806.5],[4903480.2,4312747.4],[4903560.4,4312733.6],[4903535.9,4312692.2],[4903494.2,4312659.2],[4903414.7,4312617.5],[4903363.0,4312610.6],[4903321.2,4312742.7],[4903255.3,4312756.3],[4903161.6,4312742.4],[4903019.3,4312717.9],[4902898.3,4312742.5],[4902693.8,4312766.6],[4902676.1,4312714.7],[4902596.0,4312746.2],[4902543.6,4312783.9],[4902367.3,4312863.9],[4902301.3,4313042.5],[4902395.0,4313177.6]]]}},{"type":"Feature","properties":{"Vill_name":"Khauchandpara","Sub_dist":null,"District":"Alipurduar","Vill_LGD":"307388"},"geometry":{"type":"Polygon","coordinates":[[[4903878.6,4314473.7],[4903885.7,4314622.3],[4903903.3,4314757.3],[4903941.1,4315094.1],[4903851.4,4315140.9],[4903861.9,4315352.7],[4904079.8,4315182.4],[4904270.7,4315380.2],[4904246.5,4315404.5],[4904017.8,4315480.5],[4903920.5,4315543.1],[4903972.3,4315834.5],[4904014.0,4315978.5],[4904052.0,4316138.0],[4904079.2,4316196.8],[4904152.5,4316224.3],[4904284.0,4316186.5],[4904381.3,4316165.6],[4904478.1,4316186.5],[4904599.3,4316179.5],[4904575.5,4316009.4],[4904596.0,4315940.1],[4904595.9,4315902.3],[4904654.8,4315881.5],[4904699.7,4315940.2],[4904713.8,4316086.3],[4904783.4,4316130.9],[4904839.0,4316199.9],[4905001.6,4316219.5],[4905299.8,4316198.9],[4905476.5,4316202.0],[4905563.5,4316222.9],[4905580.3,4316209.0],[4905577.4,4316167.6],[4905636.0,4316164.0],[4905656.8,4316201.8],[4905795.2,4316164.3],[4905840.1,4316221.0],[4905937.4,4316221.2],[4905951.5,4316120.7],[4906093.1,4316148.6],[4906190.2,4316172.5],[4906450.5,4316235.1],[4906458.3,4316236.4],[4906462.1,4316167.8],[4906506.3,4316056.0],[4906590.8,4315893.5],[4906669.0,4315829.0],[4906752.9,4315646.4],[4906441.0,4315462.4],[4906001.4,4315093.0],[4905886.7,4314883.1],[4905861.5,4314713.9],[4905912.5,4314561.1],[4906008.4,4314427.2],[4906091.0,4314242.0],[4906135.5,4313796.2],[4906104.0,4313745.0],[4906116.3,4313694.1],[4906078.4,4313655.4],[4905995.6,4313630.3],[4905880.8,4313269.6],[4905863.4,4313203.0],[4905861.9,4313203.4],[4905670.9,4313221.2],[4905397.6,4313235.1],[4905390.6,4313044.1],[4905365.6,4312908.8],[4905078.5,4312966.3],[4904620.9,4313063.1],[4904212.1,4313146.6],[4904180.8,4313052.3],[4904166.9,4313044.2],[4904101.1,4313064.7],[4904079.9,4313311.2],[4904128.2,4313349.4],[4904121.2,4313380.5],[4903979.4,4313439.5],[4903979.2,4313453.3],[4904055.4,4313626.9],[4904031.5,4313724.0],[4903944.5,4313716.9],[4903944.2,4313741.4],[4903992.7,4313765.8],[4904242.7,4313838.3],[4904374.4,4313837.3],[4904478.5,4313867.8],[4904569.0,4313999.9],[4904561.8,4314190.6],[4904520.3,4314277.1],[4904357.3,4314284.0],[4904017.2,4314256.3],[4903851.2,4314367.7],[4903878.6,4314473.7]]]}},{"type":"Feature","properties":{"Vill_name":"Umacharanpur","Sub_dist":null,"District":"Alipurduar","Vill_LGD":"307387"},"geometry":{"type":"Polygon","coordinates":[[[4902458.0,4315238.0],[4902520.0,4315491.0],[4902562.0,4315639.9],[4902340.0,4315607.2],[4902194.3,4315603.6],[4902225.7,4315666.0],[4902197.7,4315686.8],[4902208.2,4315762.9],[4902250.0,4315815.0],[4902343.3,4315804.3],[4902336.1,4315933.2],[4902412.5,4315999.2],[4902485.5,4316054.3],[4902461.4,4316117.0],[4902485.1,4316176.1],[4902537.4,4316222.8],[4902610.4,4316205.7],[4902658.7,4316254.2],[4902665.3,4316372.0],[4902450.7,4316493.3],[4902149.3,4316642.4],[4902173.1,4316739.3],[4902236.0,4316790.0],[4902336.4,4316786.5],[4902374.3,4316918.0],[4902308.2,4316973.8],[4902301.2,4317087.9],[4902322.2,4317133.1],[4902384.7,4317119.4],[4902453.8,4317306.5],[4902450.5,4317488.5],[4902450.7,4317494.0],[4902736.1,4317493.9],[4903030.7,4317447.2],[4903271.0,4317413.5],[4904084.2,4317349.0],[4904445.3,4317329.0],[4904625.5,4317341.1],[4904798.6,4317407.9],[4904959.5,4317475.0],[4905086.5,4317408.0],[4905166.3,4317320.9],[4905327.0,4317340.9],[4905413.2,4317314.6],[4905433.5,4317200.6],[4905740.8,4317154.0],[4905928.0,4317100.6],[4906167.4,4316882.7],[4906228.1,4316764.2],[4906269.2,4316706.3],[4906336.7,4316570.5],[4906451.8,4316351.5],[4906458.3,4316236.4],[4906450.5,4316235.1],[4906190.2,4316172.5],[4906093.1,4316148.6],[4905951.5,4316120.7],[4905937.4,4316221.2],[4905840.1,4316221.0],[4905795.2,4316164.3],[4905656.8,4316201.8],[4905636.0,4316164.0],[4905577.4,4316167.6],[4905580.3,4316209.0],[4905563.5,4316222.9],[4905476.5,4316202.0],[4905299.8,4316198.9],[4905001.6,4316219.5],[4904839.0,4316199.9],[4904783.4,4316130.9],[4904713.8,4316086.3],[4904699.7,4315940.2],[4904654.8,4315881.5],[4904595.9,4315902.3],[4904596.0,4315940.1],[4904575.5,4316009.4],[4904599.3,4316179.5],[4904478.1,4316186.5],[4904381.3,4316165.6],[4904284.0,4316186.5],[4904152.5,4316224.3],[4904079.2,4316196.8],[4904052.0,4316138.0],[4904014.0,4315978.5],[4903972.3,4315834.5],[4903920.5,4315543.1],[4904017.8,4315480.5],[4904246.5,4315404.5],[4904270.7,4315380.2],[4904079.8,4315182.4],[4903861.9,4315352.7],[4903712.2,4315451.1],[4903622.5,4315375.0],[4903594.2,4315319.7],[4903473.2,4315169.9],[4903299.8,4315139.0],[4903216.8,4314965.5],[4903164.8,4314934.5],[4903088.5,4314917.1],[4902756.0,4315027.8],[4902759.2,4315062.4],[4902623.9,4315138.9],[4902485.2,4315142.5],[4902458.0,4315238.0]]]}},{"type":"Feature","properties":{"Vill_name":"Paschim Salkumar","Sub_dist":null,"District":"Alipurduar","Vill_LGD":"307386"},"geometry":{"type":"Polygon","coordinates":[[[4900419.6,4313709.9],[4900360.3,4313718.4],[4900445.1,4313966.6],[4900500.0,4314121.5],[4900518.8,4314160.3],[4900550.2,4314160.3],[4900612.3,4314105.8],[4900732.1,4314086.5],[4900739.6,4314113.9],[4900786.8,4314163.8],[4900802.3,4314210.7],[4900802.3,4314260.8],[4900774.6,4314295.9],[4900701.4,4314327.2],[4900685.6,4314388.9],[4900639.1,4314478.5],[4900604.4,4314586.8],[4900639.4,4314625.4],[4900813.7,4314637.7],[4900984.3,4314644.9],[4901054.3,4314629.6],[4901147.5,4314621.8],[4901174.3,4314656.5],[4901236.1,4314730.7],[4901306.3,4314812.2],[4901313.7,4314904.9],[4901271.3,4315020.8],[4901232.5,4315141.7],[4901232.5,4315265.5],[4901248.8,4315385.7],[4901376.2,4315443.4],[4901422.7,4315672.1],[4901516.2,4315924.7],[4901578.5,4316048.5],[4901621.0,4316063.8],[4901775.8,4316052.1],[4901822.5,4316051.9],[4901849.3,4316269.3],[4901884.4,4316634.1],[4901938.8,4316800.8],[4901989.3,4316893.6],[4902008.1,4316932.3],[4901965.8,4316963.7],[4901861.3,4317002.4],[4901783.8,4317071.8],[4901733.3,4317149.5],[4901741.0,4317203.9],[4901803.2,4317269.8],[4901865.2,4317359.2],[4901861.3,4317420.9],[4901791.6,4317522.2],[4901787.2,4317540.7],[4901914.5,4317581.2],[4902161.5,4317500.7],[4902382.4,4317494.1],[4902450.7,4317494.0],[4902450.5,4317488.5],[4902453.8,4317306.5],[4902384.7,4317119.4],[4902322.2,4317133.1],[4902301.2,4317087.9],[4902308.2,4316973.8],[4902374.3,4316918.0],[4902336.4,4316786.5],[4902236.0,4316790.0],[4902173.1,4316739.3],[4902149.3,4316642.4],[4902450.7,4316493.3],[4902665.3,4316372.0],[4902658.7,4316254.2],[4902610.4,4316205.7],[4902537.4,4316222.8],[4902485.1,4316176.1],[4902461.4,4316117.0],[4902485.5,4316054.3],[4902412.5,4315999.2],[4902336.1,4315933.2],[4902343.3,4315804.3],[4902250.0,4315815.0],[4902208.2,4315762.9],[4902197.7,4315686.8],[4902225.7,4315666.0],[4902194.3,4315603.6],[4902340.0,4315607.2],[4902562.0,4315639.9],[4902520.0,4315491.0],[4902458.0,4315238.0],[4902485.2,4315142.5],[4902392.4,4314947.5],[4902419.9,4314773.9],[4902205.2,4314468.8],[4902475.6,4314392.4],[4902621.6,4314349.3],[4902589.9,4314252.5],[4902548.4,4314165.5],[4902582.8,4314093.0],[4902583.0,4313905.4],[4902527.6,4313922.8],[4902468.9,4313888.1],[4902340.5,4313860.3],[4902291.6,4313876.1],[4902215.3,4313931.4],[4902146.5,4313952.7],[4902094.2,4313945.7],[4902059.7,4313907.7],[4901924.3,4313914.5],[4901858.4,4313997.2],[4901768.2,4314013.5],[4901695.1,4313919.6],[4901612.2,4313825.8],[4901577.6,4313718.5],[4901539.5,4313621.3],[4901490.7,4313677.0],[4901386.8,4313732.4],[4901331.1,4313735.6],[4901234.1,4313648.9],[4901064.9,4313683.5],[4901054.2,4313732.6],[4900710.6,4313767.2],[4900596.4,4313772.0],[4900527.1,4313619.3],[4900419.6,4313709.9]]]}},{"type":"Feature","properties":{"Vill_name":"Nurpur","Sub_dist":null,"District":"Alipurduar","Vill_LGD":"307316"},"geometry":{"type":"Polygon","coordinates":[[[4946594.4,4319166.8],[4946592.3,4319055.3],[4946628.1,4318727.4],[4946351.2,4318727.5],[4946323.3,4318774.8],[4946212.9,4318805.3],[4946073.8,4318868.0],[4946012.9,4318951.0],[4945907.8,4318878.7],[4946046.0,4318535.6],[4946029.4,4318327.6],[4945996.3,4318145.8],[4946234.8,4318098.7],[4946301.1,4317625.5],[4946306.7,4317313.4],[4946123.5,4317292.9],[4945752.5,4317298.2],[4945740.9,4317365.5],[4945602.4,4317365.7],[4945597.2,4317433.7],[4945237.0,4317396.9],[4945414.3,4317017.4],[4945142.4,4317063.8],[4944893.1,4317152.6],[4944893.3,4317355.4],[4944687.9,4317397.2],[4944621.7,4317334.6],[4944344.4,4317371.0],[4944278.0,4317241.1],[4943902.1,4317100.8],[4943902.3,4317127.3],[4943902.0,4317287.9],[4943945.1,4317434.4],[4943938.7,4317526.9],[4943969.7,4317699.8],[4943969.5,4317890.3],[4943963.6,4318013.8],[4943993.9,4318149.3],[4943993.9,4318273.1],[4944000.2,4318377.5],[4944049.4,4318457.9],[4944012.7,4318701.7],[4943963.6,4318855.6],[4943957.0,4318973.1],[4943889.5,4319102.5],[4943864.6,4319232.0],[4943791.2,4319410.7],[4943698.4,4319595.3],[4943459.5,4319910.0],[4944224.8,4319968.6],[4946263.1,4320067.0],[4946341.3,4319150.3],[4946594.4,4319166.8]]]}},{"type":"Feature","properties":{"Vill_name":"Turturi","Sub_dist":null,"District":"Alipurduar","Vill_LGD":"307317"},"geometry":{"type":"Polygon","coordinates":[[[4946777.9,4316887.1],[4946439.8,4316840.5],[4946334.2,4316871.8],[4946306.7,4317313.4],[4946301.1,4317625.5],[4946234.8,4318098.7],[4945996.3,4318145.8],[4946029.4,4318327.6],[4946046.0,4318535.6],[4945907.8,4318878.7],[4946012.9,4318951.0],[4946073.8,4318868.0],[4946212.9,4318805.3],[4946323.3,4318774.8],[4946351.2,4318727.5],[4946628.1,4318727.4],[4946592.3,4319055.3],[4946594.4,4319166.8],[4947091.3,4319199.4],[4948516.3,4319337.7],[4948365.8,4318591.9],[4948282.8,4317994.7],[4948543.3,4317958.0],[4948482.3,4317344.6],[4948443.0,4317333.9],[4948376.5,4317183.4],[4948060.8,4317027.4],[4947828.1,4316944.6],[4947778.3,4316897.5],[4947761.9,4316757.3],[4947426.0,4316767.7],[4947337.5,4316840.6],[4947398.6,4316980.5],[4947160.2,4316923.5],[4947138.3,4317011.8],[4947060.7,4317012.0],[4947010.6,4316960.0],[4946944.3,4316949.5],[4946944.4,4316897.5],[4946777.9,4316887.1]]]}},{"type":"Feature","properties":{"Vill_name":"Dhaolajhora","Sub_dist":null,"District":"Alipurduar","Vill_LGD":"307318"},"geometry":{"type":"Polygon","coordinates":[[[4949967.0,4317979.3],[4950014.4,4316327.1],[4949539.8,4316280.3],[4949091.8,4316334.6],[4948877.0,4316339.1],[4948848.0,4316227.2],[4948819.0,4316061.8],[4948804.1,4315880.8],[4948813.9,4315788.5],[4948620.8,4315780.2],[4948582.3,4316102.5],[4948238.3,4316055.7],[4948232.9,4316170.3],[4948083.1,4316148.9],[4948210.7,4316408.9],[4948166.2,4316435.2],[4948246.7,4316632.6],[4948376.5,4317183.4],[4948443.0,4317333.9],[4948482.3,4317344.6],[4948543.3,4317958.0],[4948282.8,4317994.7],[4948365.8,4318591.9],[4948516.3,4319337.7],[4949300.4,4319413.4],[4949363.1,4318212.7],[4949382.5,4317940.1],[4949967.0,4317979.3]]]}},{"type":"Feature","properties":{"Vill_name":"Damsibad","Sub_dist":null,"District":"Alipurduar","Vill_LGD":"307315"},"geometry":{"type":"Polygon","coordinates":[[[4946306.7,4317313.4],[4946334.2,4316871.8],[4946439.8,4316840.5],[4946777.9,4316887.1],[4946944.4,4316897.5],[4946944.3,4316949.5],[4947010.6,4316960.0],[4947060.7,4317012.0],[4947138.3,4317011.8],[4947160.2,4316923.5],[4947398.6,4316980.5],[4947337.5,4316840.6],[4947426.0,4316767.7],[4947761.9,4316757.3],[4947778.3,4316897.5],[4947828.1,4316944.6],[4948060.8,4317027.4],[4948376.5,4317183.4],[4948246.7,4316632.6],[4948166.2,4316435.2],[4948210.7,4316408.9],[4948083.1,4316148.9],[4948232.9,4316170.3],[4948238.3,4316055.7],[4947695.0,4316040.0],[4947581.9,4315868.6],[4947487.4,4316191.2],[4947254.6,4316180.5],[4947193.7,4316211.5],[4947171.4,4316185.4],[4947199.1,4316139.1],[4946988.8,4316029.4],[4946789.0,4315935.8],[4946805.7,4315853.2],[4946744.8,4315853.2],[4946728.1,4315925.6],[4946484.2,4315972.3],[4946406.7,4315868.5],[4946040.5,4315946.7],[4946007.6,4315894.6],[4945846.6,4315873.6],[4945863.2,4315629.4],[4945503.2,4315650.0],[4945511.7,4315728.0],[4945389.7,4315671.1],[4945378.7,4315623.9],[4945045.5,4315546.1],[4944863.1,4315499.1],[4944702.0,4315467.8],[4944669.0,4315790.3],[4944015.3,4315748.8],[4944031.7,4315806.1],[4943902.9,4316076.9],[4944010.2,4316174.3],[4943988.2,4316264.6],[4943963.8,4316394.1],[4943902.1,4316597.4],[4943895.9,4316788.7],[4943902.0,4316979.5],[4943902.1,4317100.8],[4944278.0,4317241.1],[4944344.4,4317371.0],[4944621.7,4317334.6],[4944687.9,4317397.2],[4944893.3,4317355.4],[4944893.1,4317152.6],[4945142.4,4317063.8],[4945414.3,4317017.4],[4945237.0,4317396.9],[4945597.2,4317433.7],[4945602.4,4317365.7],[4945740.9,4317365.5],[4945752.5,4317298.2],[4946123.5,4317292.9],[4946306.7,4317313.4]]]}},{"type":"Feature","properties":{"Vill_name":"Chuniajhora Tea Garden","Sub_dist":null,"District":"Alipurduar","Vill_LGD":"307153"},"geometry":{"type":"Polygon","coordinates":[[[4944433.0,4321707.3],[4944401.3,4321536.9],[4945492.2,4321587.0],[4946112.7,4321612.7],[4946137.8,4321416.9],[4946175.1,4321057.8],[4946217.9,4320612.9],[4946263.1,4320067.0],[4944224.8,4319968.6],[4943459.5,4319910.0],[4943416.0,4320358.3],[4943381.9,4320660.7],[4943333.2,4321031.1],[4943269.7,4321404.3],[4943226.0,4321570.1],[4943128.8,4321681.9],[4943007.4,4321826.9],[4942837.1,4321968.5],[4942769.1,4322066.0],[4942715.4,4322202.4],[4942486.6,4322387.4],[4942228.7,4322553.4],[4942077.4,4322645.9],[4941935.1,4322756.0],[4941955.8,4322979.9],[4943513.8,4323091.2],[4944276.6,4323130.5],[4944355.3,4322234.0],[4944433.0,4321707.3]]]}},{"type":"Feature","properties":{"Vill_name":"Turturi Tea Garden","Sub_dist":null,"District":"Alipurduar","Vill_LGD":"307159"},"geometry":{"type":"Polygon","coordinates":[[[4951470.9,4322597.1],[4951510.1,4322373.1],[4951524.0,4322102.7],[4951792.6,4321917.6],[4951878.0,4321743.9],[4951909.9,4321537.2],[4951970.8,4321363.3],[4952061.0,4321138.7],[4952228.4,4320718.5],[4952468.3,4320352.3],[4952695.9,4319936.4],[4952905.9,4319591.3],[4952082.8,4319519.6],[4951759.2,4319476.7],[4951240.2,4319444.6],[4950870.8,4319466.2],[4950868.7,4319511.8],[4950857.6,4319785.8],[4950841.4,4320350.8],[4950736.8,4321051.0],[4950683.6,4321321.5],[4950614.2,4321901.1],[4949839.2,4321872.5],[4949193.5,4321848.1],[4949092.8,4322527.9],[4949109.0,4322529.7],[4949343.7,4322572.3],[4949741.8,4322565.2],[4950367.2,4322529.8],[4950415.8,4322622.4],[4950417.3,4322622.0],[4950509.5,4322615.1],[4950612.8,4322611.7],[4950747.8,4322611.8],[4950751.2,4322529.4],[4950705.3,4322369.6],[4950882.7,4322305.8],[4950957.8,4322327.1],[4950943.1,4322430.0],[4950989.8,4322604.6],[4951284.5,4322561.7],[4951470.9,4322597.1]]]}},{"type":"Feature","properties":{"Vill_name":"Dimdima Tea Garden","Sub_dist":null,"District":"Alipurduar","Vill_LGD":"307062"},"geometry":{"type":"Polygon","coordinates":[[[4890954.2,4320285.0],[4890959.5,4319919.3],[4890971.4,4319855.5],[4890728.7,4319733.7],[4890266.3,4319519.4],[4889957.8,4319386.6],[4889898.1,4319393.1],[4889709.0,4319402.1],[4889577.0,4319397.8],[4889491.5,4319408.4],[4889368.5,4319574.9],[4889126.9,4319848.2],[4888914.4,4320047.8],[4888848.3,4320063.8],[4888727.3,4320086.9],[4888681.7,4320084.2],[4888654.0,4320068.2],[4888651.6,4320067.0],[4888636.2,4320090.9],[4888489.1,4320277.9],[4888098.3,4320802.4],[4887833.9,4321110.0],[4887740.5,4321274.1],[4887736.9,4321390.8],[4887750.6,4321606.2],[4887757.0,4322186.7],[4887762.7,4322333.4],[4887896.2,4322398.8],[4888009.5,4322566.4],[4888093.2,4322695.2],[4888088.5,4322954.9],[4888000.6,4323106.9],[4888045.5,4323308.5],[4888107.1,4323527.7],[4888181.5,4323778.4],[4888187.3,4323810.0],[4888193.8,4323809.0],[4890469.7,4323745.6],[4890555.0,4323555.1],[4890657.6,4323292.8],[4890734.9,4323073.9],[4890811.9,4322751.4],[4890836.7,4322571.3],[4890851.4,4322399.6],[4890837.4,4322108.0],[4890802.5,4321863.2],[4890745.5,4321589.2],[4890760.8,4321453.9],[4890803.5,4321292.3],[4890872.2,4321150.7],[4890914.1,4321045.6],[4890955.3,4320862.9],[4890975.5,4320710.0],[4890965.3,4320481.1],[4890954.2,4320285.0]]]}},{"type":"Feature","properties":{"Vill_name":"Jaybirpara Tea Garden","Sub_dist":null,"District":"Alipurduar","Vill_LGD":"307065"},"geometry":{"type":"Polygon","coordinates":[[[4887650.5,4326828.1],[4887489.8,4326899.9],[4887442.5,4326934.0],[4887464.8,4326990.6],[4887501.5,4327065.6],[4887530.7,4327103.3],[4887569.0,4327184.8],[4887576.1,4327241.6],[4887605.6,4327311.8],[4887625.7,4327477.4],[4887540.2,4327526.8],[4887151.0,4327712.5],[4887261.7,4327986.1],[4887293.5,4328142.4],[4887139.4,4328239.7],[4887212.2,4328402.3],[4887232.8,4328453.9],[4887010.6,4328578.4],[4887010.3,4328634.9],[4887081.1,4328727.2],[4887261.6,4329008.1],[4887299.9,4329019.3],[4887519.5,4328938.0],[4887668.4,4328865.5],[4887806.6,4328822.5],[4887858.3,4328901.7],[4887883.4,4328983.0],[4887914.8,4328983.0],[4888027.8,4329015.0],[4888169.6,4329009.0],[4888459.0,4329018.0],[4888696.5,4329025.0],[4888875.3,4329047.4],[4888877.1,4329081.4],[4888882.2,4329219.7],[4888866.0,4329373.2],[4888848.1,4329612.6],[4888957.0,4329636.5],[4889024.5,4329550.3],[4888951.8,4329335.6],[4889014.8,4329272.3],[4889073.9,4329258.9],[4889250.5,4329254.6],[4889318.7,4329154.7],[4889331.8,4328892.0],[4889110.3,4328482.4],[4889024.2,4328156.4],[4888892.5,4327993.8],[4889010.5,4327849.2],[4888942.6,4327789.9],[4888847.7,4327730.8],[4888806.4,4327495.9],[4888702.6,4327488.9],[4888578.2,4327327.2],[4888600.7,4327227.5],[4888618.5,4327132.6],[4888559.7,4326996.6],[4888563.8,4326891.7],[4888557.0,4326746.4],[4888582.0,4326594.8],[4888616.1,4326529.1],[4888656.4,4326428.4],[4888658.9,4326324.3],[4888602.7,4326317.7],[4888496.0,4326309.1],[4888460.2,4326256.3],[4888400.9,4326193.5],[4888408.2,4326132.0],[4888430.5,4326046.6],[4888303.9,4326084.7],[4888292.6,4326095.9],[4888281.6,4326139.1],[4888192.9,4326186.5],[4888102.5,4326207.2],[4887955.6,4326267.9],[4887962.4,4326392.5],[4888068.9,4326394.2],[4888086.8,4326419.6],[4888114.1,4326486.3],[4888130.2,4326621.7],[4888019.1,4326673.8],[4887861.1,4326760.1],[4887650.5,4326828.1]]]}},{"type":"Feature","properties":{"Vill_name":"Adma Phulbari","Sub_dist":null,"District":"Alipurduar","Vill_LGD":"307145N165"},"geometry":{"type":"Polygon","coordinates":[[[4930429.5,4333570.9],[4930228.0,4333809.3],[4930077.8,4334043.8],[4930051.7,4334095.6],[4930081.5,4334121.1],[4930279.5,4334139.4],[4930473.6,4334139.3],[4930638.2,4334146.7],[4930719.4,4334124.6],[4930955.0,4334179.5],[4931068.3,4334018.4],[4931112.1,4333882.5],[4931090.1,4333736.0],[4931101.4,4333644.2],[4931088.7,4333540.0],[4931121.8,4333463.0],[4931220.6,4333400.4],[4931345.4,4333338.1],[4931422.4,4333227.8],[4931525.0,4333096.1],[4931584.0,4333001.2],[4931670.5,4332846.2],[4931677.2,4332787.5],[4931571.5,4332625.8],[4931431.6,4332428.0],[4931222.9,4332200.5],[4930989.7,4332034.1],[4930722.3,4331862.2],[4930590.4,4331961.0],[4930462.5,4332056.1],[4930458.3,4332114.8],[4930429.4,4332235.8],[4930462.5,4332335.1],[4930528.5,4332599.1],[4930638.1,4332720.2],[4930671.1,4332800.4],[4930685.6,4332928.8],[4930649.5,4333108.8],[4930642.1,4333263.2],[4930605.4,4333446.6],[4930429.5,4333570.9]]]}},{"type":"Feature","properties":{"Vill_name":"Chilapata Kumari","Sub_dist":null,"District":"Alipurduar","Vill_LGD":"307218N187"},"geometry":{"type":"Polygon","coordinates":[[[4913978.0,4306230.7],[4913635.1,4306135.3],[4913258.0,4305999.7],[4913235.9,4305947.6],[4913368.8,4305615.1],[4913424.5,4305385.9],[4912814.9,4305479.4],[4912836.8,4305646.0],[4912603.9,4305719.3],[4912448.4,4306051.3],[4912636.9,4306556.3],[4912807.9,4306648.3],[4913325.9,4306742.5],[4913735.0,4306675.1],[4913967.8,4306246.8],[4913978.0,4306230.7]]]}},{"type":"Feature","properties":{"Vill_name":"Kurmai","Sub_dist":null,"District":"Alipurduar","Vill_LGD":"307218N188"},"geometry":{"type":"Polygon","coordinates":[[[4916454.7,4306614.7],[4916297.8,4306634.1],[4916109.7,4306644.7],[4915777.2,4306623.8],[4915688.4,4306550.8],[4915416.7,4306571.6],[4914979.0,4306521.7],[4915013.4,4306647.2],[4914979.2,4306958.6],[4915128.4,4307124.9],[4915608.0,4307221.7],[4915869.5,4307103.2],[4916276.0,4306807.1],[4916444.6,4306641.7],[4916454.7,4306614.7]]]}},{"type":"Feature","properties":{"Vill_name":"Andu Busti","Sub_dist":null,"District":"Alipurduar","Vill_LGD":"307218N189"},"geometry":{"type":"Polygon","coordinates":[[[4918303.8,4307206.0],[4917983.2,4307060.3],[4917661.6,4306914.7],[4917528.6,4306831.7],[4917218.3,4306675.8],[4917054.8,4306629.0],[4916917.2,4306766.6],[4916864.9,4306819.9],[4916968.0,4307242.9],[4917023.7,4307805.5],[4917437.0,4307852.4],[4917914.6,4307828.1],[4918227.2,4307741.5],[4918239.5,4307527.0],[4918303.8,4307206.0]]]}},{"type":"Feature","properties":{"Vill_name":"Bania","Sub_dist":null,"District":"Alipurduar","Vill_LGD":"307218N190"},"geometry":{"type":"Polygon","coordinates":[[[4920020.8,4307918.9],[4920009.6,4307881.7],[4919716.1,4307656.6],[4919390.5,4307765.2],[4919207.5,4307903.6],[4919346.7,4308209.3],[4919365.2,4308660.5],[4919282.6,4309130.4],[4919230.1,4309335.9],[4919317.2,4309586.6],[4919385.2,4309502.0],[4919455.4,4309471.9],[4919577.3,4309448.8],[4919679.0,4309418.3],[4919756.9,4309380.8],[4919787.5,4309346.9],[4919808.1,4309306.2],[4919797.3,4309265.3],[4919777.3,4309150.0],[4919773.8,4309048.1],[4919780.3,4308912.9],[4919827.8,4308773.7],[4919855.4,4308700.3],[4919868.8,4308594.4],[4919811.2,4308557.8],[4919760.4,4308459.0],[4919767.1,4308391.1],[4919800.8,4308343.6],[4919872.3,4308337.2],[4919957.0,4308323.6],[4920011.0,4308252.0],[4920011.1,4308187.7],[4919997.5,4308123.7],[4919974.1,4308059.2],[4919905.8,4307987.6],[4919906.0,4307943.4],[4919960.6,4307920.0],[4920008.2,4307920.3],[4920020.8,4307918.9]]]}},{"type":"Feature","properties":{"Vill_name":"Motharam","Sub_dist":null,"District":"Alipurduar","Vill_LGD":"307218N090"},"geometry":{"type":"Polygon","coordinates":[[[4918453.6,4314400.5],[4918486.9,4314299.5],[4918487.0,4314174.2],[4918473.6,4314035.0],[4918456.3,4313943.8],[4918429.6,4313916.5],[4918392.5,4313913.3],[4918317.5,4313950.5],[4918246.6,4314014.8],[4918151.3,4314014.7],[4917701.7,4313806.2],[4917084.9,4313848.3],[4916908.5,4314228.0],[4917067.1,4314615.5],[4917300.0,4314844.8],[4918111.5,4314616.9],[4918453.6,4314400.5]]]}},{"type":"Feature","properties":{"Vill_name":"Kodal Basti","Sub_dist":null,"District":"Alipurduar","Vill_LGD":"307218N191"},"geometry":{"type":"Polygon","coordinates":[[[4917249.9,4312373.9],[4916409.8,4312290.7],[4915953.6,4312589.9],[4916029.0,4313117.2],[4916727.0,4313482.0],[4917333.6,4313440.6],[4917655.1,4313252.7],[4917667.4,4312651.8],[4917249.9,4312373.9]]]}},{"type":"Feature","properties":{"Vill_name":"Satali Mandalpara","Sub_dist":null,"District":"Alipurduar","Vill_LGD":"307112"},"geometry":{"type":"Polygon","coordinates":[[[4916569.8,4322881.8],[4916544.0,4322793.6],[4916558.9,4322739.3],[4916562.3,4322534.6],[4916606.5,4322432.1],[4916686.4,4322344.6],[4916799.4,4322271.9],[4916930.8,4322246.3],[4917051.4,4322251.6],[4917077.3,4322233.7],[4917070.0,4322200.9],[4917051.2,4322164.1],[4917019.0,4322065.8],[4916963.7,4321959.5],[4916953.0,4321876.0],[4916971.4,4321788.4],[4917033.6,4321629.3],[4916800.1,4321622.0],[4916821.8,4321559.7],[4916814.2,4321501.9],[4916833.0,4321468.9],[4916828.7,4321435.8],[4916792.2,4321428.6],[4916738.0,4321432.4],[4916654.0,4321432.3],[4916533.3,4321417.7],[4916508.1,4321494.1],[4916453.5,4321494.4],[4916442.3,4321421.2],[4916420.3,4321399.0],[4916394.6,4321421.3],[4916383.7,4321362.9],[4916288.9,4321373.5],[4916285.6,4321421.0],[4916234.5,4321483.4],[4916164.8,4321534.1],[4916109.9,4321581.6],[4916018.9,4321574.8],[4915982.4,4321608.9],[4915913.4,4321623.2],[4915737.9,4321616.3],[4915599.1,4321590.0],[4915595.5,4321532.4],[4915621.2,4321477.1],[4915646.7,4321334.9],[4915496.9,4321323.8],[4915325.2,4321309.2],[4915299.9,4321243.6],[4915300.1,4321177.8],[4915194.3,4321181.5],[4915142.9,4321218.4],[4915121.3,4321218.3],[4915084.2,4321203.8],[4914985.9,4321174.0],[4914515.8,4321132.8],[4914519.4,4321180.1],[4914563.4,4321205.8],[4914537.7,4321289.6],[4914387.6,4321337.4],[4914241.7,4321388.3],[4914183.9,4321446.5],[4914179.7,4321534.2],[4914223.9,4321759.3],[4914223.7,4321927.3],[4914241.8,4322011.2],[4914252.8,4322087.9],[4914278.5,4322146.1],[4914292.9,4322164.5],[4914322.0,4322214.0],[4914275.0,4322250.6],[4914194.3,4322243.3],[4914132.6,4322250.6],[4914084.7,4322316.1],[4914070.2,4322382.2],[4913979.0,4322360.2],[4913965.3,4322532.4],[4914109.9,4322537.9],[4914134.2,4322584.2],[4914320.8,4322853.1],[4914206.5,4322952.7],[4913921.9,4323169.9],[4913987.9,4323228.1],[4914060.6,4323433.0],[4914076.0,4323440.1],[4914105.0,4323469.5],[4914148.8,4323550.2],[4914170.7,4323637.7],[4914199.6,4323711.3],[4914316.6,4323667.3],[4914404.9,4323659.8],[4914515.0,4323659.7],[4914646.3,4323645.3],[4914858.1,4323685.4],[4915015.2,4323707.2],[4915135.3,4323732.6],[4915274.3,4323652.3],[4915208.4,4323571.6],[4915081.0,4323491.8],[4915000.4,4323371.0],[4915011.5,4323199.6],[4915317.7,4323104.7],[4915559.0,4323020.5],[4915551.2,4323173.9],[4915566.1,4323374.5],[4915609.6,4323666.9],[4915850.9,4323685.4],[4915851.0,4323548.3],[4916139.2,4323471.3],[4916449.2,4323409.0],[4916457.1,4323182.9],[4916453.0,4322920.4],[4916569.8,4322881.8]]]}},{"type":"Feature","properties":{"Vill_name":"Dakshin Satali","Sub_dist":null,"District":"Alipurduar","Vill_LGD":"307123"},"geometry":{"type":"Polygon","coordinates":[[[4916587.3,4317803.4],[4916383.8,4318030.9],[4916034.7,4318305.0],[4915761.2,4318497.2],[4915327.5,4318608.5],[4914890.0,4318737.8],[4914680.8,4318808.9],[4914650.4,4318839.3],[4914609.8,4318886.5],[4914609.7,4318991.6],[4914583.0,4319219.2],[4914575.9,4319317.2],[4914572.3,4319392.1],[4914764.4,4319369.9],[4914903.0,4319358.9],[4915001.6,4319340.5],[4915085.2,4319318.5],[4915110.9,4319263.7],[4915111.1,4319209.2],[4915162.5,4319150.8],[4915195.1,4319147.4],[4915213.6,4319161.6],[4915220.2,4319187.4],[4915213.2,4319209.2],[4915220.2,4319278.8],[4915253.4,4319366.3],[4915289.8,4319395.1],[4915340.9,4319373.5],[4915362.7,4319360.8],[4915417.8,4319338.9],[4915461.4,4319371.9],[4915516.3,4319404.0],[4915556.5,4319426.1],[4915578.2,4319404.0],[4915614.9,4319335.1],[4915651.4,4319291.1],[4915687.8,4319291.4],[4915702.4,4319313.2],[4915742.2,4319324.0],[4915771.8,4319320.0],[4915797.4,4319298.6],[4915830.3,4319269.3],[4915899.3,4319243.6],[4915943.3,4319258.0],[4915969.0,4319305.9],[4915987.5,4319360.8],[4916027.2,4319382.8],[4916064.0,4319404.2],[4916067.2,4319429.5],[4916089.4,4319448.2],[4916118.2,4319422.6],[4916126.0,4319393.0],[4916118.3,4319367.6],[4916100.4,4319331.3],[4916096.5,4319280.1],[4916103.8,4319251.4],[4916144.1,4319240.1],[4916173.6,4319240.0],[4916221.0,4319254.6],[4916249.6,4319313.4],[4916246.5,4319389.9],[4916286.4,4319550.0],[4916319.3,4319590.9],[4916396.1,4319526.8],[4916429.0,4319486.6],[4916490.8,4319395.2],[4916542.0,4319362.8],[4916589.2,4319362.6],[4916622.2,4319369.6],[4916673.4,4319450.2],[4916680.3,4319501.1],[4916757.4,4319501.4],[4916815.6,4319526.8],[4916874.1,4319526.6],[4916899.3,4319501.3],[4916903.2,4319450.4],[4916917.7,4319395.1],[4916976.2,4319424.9],[4917016.2,4319431.7],[4917052.8,4319436.0],[4917111.2,4319435.8],[4917132.7,4319450.1],[4917129.2,4319512.3],[4917118.3,4319585.0],[4917194.7,4319570.5],[4917319.6,4319526.9],[4917348.3,4319490.4],[4917340.7,4319413.9],[4917330.4,4319351.5],[4917421.4,4319349.5],[4917531.1,4319305.6],[4917534.4,4319225.7],[4917541.9,4319152.9],[4917581.8,4319057.5],[4917549.6,4319053.5],[4917512.9,4319039.0],[4917494.2,4318999.3],[4917483.6,4318922.7],[4917538.3,4318878.6],[4917607.4,4318871.1],[4917604.1,4318705.4],[4917607.6,4318632.4],[4917582.0,4318632.2],[4917548.8,4318628.6],[4917519.8,4318588.9],[4917520.1,4318552.1],[4917519.7,4318508.3],[4917508.8,4318478.8],[4917501.4,4318438.7],[4917527.4,4318409.5],[4917563.8,4318376.8],[4917567.4,4318343.6],[4917567.4,4318281.7],[4917593.1,4318300.2],[4917629.6,4318296.0],[4917654.7,4318274.6],[4917677.1,4318237.9],[4917669.3,4318227.2],[4917629.4,4318187.0],[4917615.0,4318150.4],[4917618.5,4318057.2],[4917585.6,4317933.3],[4917655.1,4317907.7],[4917713.4,4317900.2],[4917764.3,4317863.8],[4917749.8,4317827.3],[4917746.0,4317732.3],[4917753.4,4317600.5],[4917822.8,4317575.3],[4917863.0,4317527.7],[4917855.5,4317509.6],[4917811.8,4317487.9],[4917749.9,4317487.8],[4917698.6,4317473.1],[4917694.7,4317440.0],[4917727.7,4317418.0],[4917793.2,4317414.8],[4917815.6,4317378.0],[4917840.8,4317324.7],[4917899.3,4317281.3],[4917987.0,4317193.7],[4918078.2,4317157.3],[4918151.2,4317149.5],[4918169.6,4317186.2],[4918206.0,4317215.5],[4918319.1,4317193.9],[4918326.2,4317219.3],[4918363.1,4317248.1],[4918377.4,4317248.3],[4918403.1,4317233.8],[4918410.3,4317186.0],[4918402.8,4317127.7],[4918465.0,4317120.8],[4918487.1,4317091.4],[4918483.6,4317062.3],[4918483.4,4317003.8],[4918498.0,4316956.4],[4918530.8,4316916.2],[4918556.2,4316868.8],[4918534.4,4316832.4],[4918509.2,4316825.3],[4918483.2,4316792.1],[4918497.9,4316773.7],[4918523.3,4316704.6],[4918512.3,4316616.7],[4918461.1,4316547.9],[4918424.5,4316481.8],[4918369.8,4316463.5],[4918311.3,4316434.1],[4918245.9,4316416.2],[4918213.1,4316361.1],[4918114.3,4316300.9],[4918070.5,4316334.7],[4918056.7,4316283.9],[4918033.6,4316253.3],[4917996.0,4316270.2],[4917900.9,4316399.2],[4917739.6,4316597.3],[4917597.0,4316814.4],[4917413.7,4317041.4],[4917156.4,4317275.2],[4916587.3,4317803.4]]]}},{"type":"Feature","properties":{"Vill_name":"Dakshin Latabari","Sub_dist":null,"District":"Alipurduar","Vill_LGD":"307129"},"geometry":{"type":"Polygon","coordinates":[[[4919676.1,4315630.7],[4919676.0,4315817.3],[4919716.3,4315846.3],[4919723.5,4315860.8],[4919712.3,4315879.0],[4919672.5,4315890.3],[4919606.8,4315866.5],[4919540.8,4315808.4],[4919475.6,4315775.3],[4919427.9,4315746.0],[4919372.9,4315756.6],[4919300.5,4315800.8],[4919227.3,4315862.6],[4919070.7,4315892.4],[4918990.0,4315987.3],[4918983.0,4316039.5],[4918986.6,4316087.3],[4918997.5,4316127.1],[4919128.8,4316145.7],[4919169.3,4316120.2],[4919191.4,4316120.2],[4919231.6,4316131.0],[4919249.8,4316171.2],[4919279.2,4316215.3],[4919322.8,4316237.0],[4919374.0,4316244.4],[4919414.4,4316262.6],[4919400.1,4316295.8],[4919381.4,4316306.7],[4919348.7,4316343.4],[4919319.3,4316423.5],[4919398.1,4316571.7],[4919496.4,4316692.9],[4919628.1,4316835.2],[4919723.6,4316934.1],[4919657.6,4317040.0],[4919616.7,4317124.0],[4919562.3,4317204.9],[4919512.8,4317305.2],[4919440.0,4317389.1],[4919447.0,4317436.6],[4919473.2,4317455.1],[4919527.3,4317473.4],[4919546.2,4317458.6],[4919567.9,4317414.9],[4919604.6,4317418.1],[4919622.4,4317436.7],[4919633.2,4317487.8],[4919626.4,4317546.9],[4919626.5,4317616.2],[4919677.3,4317663.8],[4919750.2,4317711.0],[4919812.9,4317755.3],[4919809.1,4317784.1],[4919779.9,4317828.3],[4919688.4,4317894.2],[4919705.1,4317975.6],[4919694.0,4318085.0],[4919632.1,4318114.5],[4919547.8,4318162.0],[4919449.0,4318235.4],[4919383.5,4318290.2],[4919325.2,4318308.5],[4919324.8,4318388.6],[4919273.3,4318498.6],[4919240.2,4318553.5],[4919236.8,4318604.9],[4919167.6,4318736.2],[4919171.2,4318824.3],[4919233.8,4318820.4],[4919255.7,4318783.7],[4919295.9,4318714.3],[4919310.5,4318685.1],[4919346.7,4318699.6],[4919384.1,4318728.9],[4919438.6,4318728.6],[4919485.8,4318728.9],[4919523.0,4318740.0],[4919559.2,4318743.7],[4919559.6,4318776.6],[4919562.7,4318835.2],[4919595.7,4318853.0],[4919643.2,4318846.4],[4919713.0,4318856.7],[4919815.2,4318875.3],[4919844.2,4318937.1],[4919840.8,4318955.6],[4919819.2,4318977.7],[4919848.3,4319025.2],[4919939.7,4318974.1],[4920147.8,4318904.5],[4920316.3,4318864.5],[4920656.5,4318754.5],[4920808.2,4318726.4],[4920837.1,4318697.9],[4920877.3,4318688.5],[4920937.0,4318693.3],[4920965.6,4318690.8],[4920979.7,4318674.2],[4920977.5,4318647.6],[4920996.2,4318626.4],[4921013.1,4318612.5],[4921012.9,4318595.8],[4921005.7,4318581.2],[4920984.2,4318569.3],[4920941.3,4318552.5],[4920913.0,4318517.3],[4920900.7,4318476.9],[4920891.3,4318426.9],[4920891.5,4318381.2],[4920889.4,4318271.5],[4920894.2,4318172.6],[4920899.0,4318113.3],[4920913.0,4318065.9],[4920944.2,4318041.8],[4920960.3,4318032.3],[4920981.7,4318037.2],[4920998.3,4318048.9],[4921008.0,4318042.0],[4921015.3,4318013.3],[4921015.4,4317970.1],[4921026.9,4317944.1],[4921046.3,4317908.7],[4921060.5,4317714.4],[4921094.0,4317590.7],[4921129.3,4317531.0],[4921134.5,4317483.6],[4921126.8,4317438.1],[4921107.7,4317396.4],[4921094.1,4317362.8],[4921096.2,4317308.4],[4921108.0,4317277.0],[4921126.8,4317224.9],[4921127.0,4317167.9],[4921113.0,4317143.7],[4921089.0,4317110.6],[4921084.2,4317077.5],[4921086.8,4317044.2],[4921082.0,4317011.0],[4921096.3,4316927.7],[4921082.0,4316877.9],[4921005.9,4316856.1],[4920944.5,4316856.1],[4920901.5,4316842.3],[4920858.3,4316811.2],[4920844.7,4316787.5],[4920768.4,4316727.8],[4920730.0,4316668.5],[4920730.0,4316628.2],[4920720.5,4316590.4],[4920701.5,4316566.4],[4920668.3,4316531.0],[4920630.6,4316457.0],[4920589.8,4316397.0],[4920556.9,4316293.3],[4920800.9,4316010.3],[4921385.9,4315293.7],[4921397.1,4314988.2],[4921272.4,4314924.3],[4920957.7,4314982.8],[4920738.2,4315012.1],[4920563.2,4315026.8],[4920453.2,4315056.4],[4920438.4,4314975.6],[4920438.3,4314895.1],[4920526.6,4314785.3],[4920420.7,4314750.8],[4920311.0,4314865.9],[4920187.0,4314993.5],[4920059.1,4315110.2],[4919946.0,4315194.2],[4919847.4,4315212.5],[4919690.5,4315351.4],[4919584.8,4315311.4],[4919530.1,4315274.9],[4919512.2,4315249.0],[4919482.6,4315230.9],[4919435.0,4315219.8],[4919391.2,4315271.2],[4919380.5,4315320.8],[4919377.1,4315371.7],[4919395.0,4315408.4],[4919417.2,4315437.0],[4919388.0,4315481.3],[4919355.0,4315514.1],[4919380.6,4315554.1],[4919427.9,4315572.1],[4919512.1,4315598.2],[4919596.0,4315620.0],[4919676.1,4315630.7]]]}},{"type":"Feature","properties":{"Vill_name":"Uttar Mandabari","Sub_dist":null,"District":"Alipurduar","Vill_LGD":"307125"},"geometry":{"type":"Polygon","coordinates":[[[4918239.6,4313649.0],[4918202.6,4313734.2],[4918114.4,4313872.9],[4918111.0,4313903.2],[4918121.2,4313977.9],[4918151.3,4314014.7],[4918246.6,4314014.8],[4918317.5,4313950.5],[4918392.5,4313913.3],[4918429.6,4313916.5],[4918456.3,4313943.8],[4918473.6,4314035.0],[4918487.0,4314174.2],[4918486.9,4314299.5],[4918453.6,4314400.5],[4918406.1,4314499.4],[4918396.0,4314567.2],[4918399.4,4314648.4],[4918416.7,4314709.2],[4918467.1,4314804.4],[4918494.6,4314865.7],[4918552.2,4314935.7],[4918558.2,4314983.2],[4918528.0,4315030.9],[4918480.7,4315085.1],[4918446.9,4315122.3],[4918426.5,4315149.8],[4918426.5,4315190.0],[4918483.8,4315264.5],[4918470.6,4315397.0],[4918484.0,4315434.0],[4918483.9,4315478.7],[4918457.0,4315515.7],[4918402.2,4315532.7],[4918341.6,4315546.0],[4918287.5,4315590.1],[4918287.5,4315772.8],[4918284.1,4315844.4],[4918232.7,4315901.8],[4918168.9,4315932.2],[4918114.4,4315932.0],[4918087.7,4315955.8],[4918063.8,4315993.4],[4918087.2,4316027.0],[4918141.6,4316050.7],[4918141.3,4316118.5],[4918138.2,4316243.1],[4918114.3,4316300.9],[4918213.1,4316361.1],[4918245.9,4316416.2],[4918311.3,4316434.1],[4918369.8,4316463.5],[4918424.5,4316481.8],[4918461.1,4316547.9],[4918522.7,4316430.5],[4918574.3,4316368.6],[4918581.4,4316302.7],[4918585.1,4316215.4],[4918628.8,4316195.4],[4918680.1,4316231.8],[4918731.0,4316224.4],[4918745.4,4316191.2],[4918745.5,4316148.0],[4918716.5,4316097.0],[4918734.4,4316081.6],[4918770.8,4316041.6],[4918789.4,4315979.6],[4918843.7,4315943.4],[4918928.1,4315946.5],[4918990.0,4315987.3],[4919070.7,4315892.4],[4919227.3,4315862.6],[4919300.5,4315800.8],[4919372.9,4315756.6],[4919427.9,4315746.0],[4919475.6,4315775.3],[4919540.8,4315808.4],[4919606.8,4315866.5],[4919672.5,4315890.3],[4919712.3,4315879.0],[4919723.5,4315860.8],[4919716.3,4315846.3],[4919676.0,4315817.3],[4919676.1,4315630.7],[4919596.0,4315620.0],[4919512.1,4315598.2],[4919427.9,4315572.1],[4919380.6,4315554.1],[4919355.0,4315514.1],[4919388.0,4315481.3],[4919417.2,4315437.0],[4919395.0,4315408.4],[4919377.1,4315371.7],[4919380.5,4315320.8],[4919391.2,4315271.2],[4919435.0,4315219.8],[4919482.6,4315230.9],[4919512.2,4315249.0],[4919530.1,4315274.9],[4919584.8,4315311.4],[4919690.5,4315351.4],[4919847.4,4315212.5],[4919946.0,4315194.2],[4920059.1,4315110.2],[4920187.0,4314993.5],[4920311.0,4314865.9],[4920420.7,4314750.8],[4920369.5,4314692.3],[4920347.5,4314627.0],[4920270.8,4314579.1],[4920208.3,4314539.2],[4920205.2,4314502.7],[4920215.8,4314466.4],[4920241.3,4314466.2],[4920267.2,4314469.8],[4920300.2,4314477.3],[4920336.3,4314502.6],[4920380.6,4314531.8],[4920482.4,4314528.3],[4920518.8,4314477.0],[4920497.0,4314429.8],[4920486.0,4314352.6],[4920431.5,4314331.3],[4920395.2,4314309.0],[4920362.0,4314265.1],[4920329.1,4314243.4],[4920292.3,4314221.0],[4920245.0,4314225.2],[4920194.0,4314254.1],[4920146.3,4314254.3],[4920103.1,4314214.4],[4920114.2,4314166.8],[4920128.4,4314126.7],[4920216.2,4314057.3],[4920256.0,4314068.0],[4920299.8,4314097.1],[4920362.2,4314126.6],[4920435.0,4314113.4],[4920460.3,4314069.0],[4920457.2,4314010.9],[4920427.5,4313923.0],[4920376.4,4313912.2],[4920321.9,4313912.0],[4920314.4,4313864.5],[4920303.5,4313835.5],[4920263.7,4313835.6],[4920215.9,4313868.6],[4920157.5,4313919.9],[4920146.7,4313970.9],[4920120.9,4314007.0],[4920095.2,4313978.3],[4920095.3,4313926.7],[4920098.9,4313901.3],[4920103.2,4313864.7],[4920102.8,4313810.2],[4920084.3,4313653.1],[4920011.6,4313561.7],[4919938.7,4313565.5],[4919872.8,4313558.0],[4919844.0,4313572.8],[4919807.5,4313576.9],[4919778.1,4313576.5],[4919752.5,4313536.0],[4919774.3,4313481.5],[4919869.5,4313401.1],[4919942.4,4313375.6],[4920015.5,4313408.6],[4920121.2,4313437.7],[4920179.4,4313401.2],[4920190.3,4313357.5],[4920182.8,4313310.0],[4920201.6,4313266.2],[4920285.3,4313251.6],[4920296.5,4313222.7],[4920281.6,4313186.1],[4920256.2,4313182.4],[4920212.7,4313178.8],[4920179.6,4313182.2],[4920161.4,4313193.1],[4920139.4,4313211.7],[4920102.9,4313215.3],[4920052.2,4313197.2],[4919978.8,4313109.2],[4919964.1,4313045.6],[4919810.2,4313140.9],[4919548.0,4313242.7],[4919284.9,4313330.3],[4919197.3,4313344.8],[4919131.8,4313337.7],[4919088.0,4313308.1],[4919080.9,4313242.9],[4919073.6,4313198.9],[4919036.8,4313147.5],[4919029.3,4313089.2],[4919029.6,4313030.7],[4919044.6,4312965.1],[4919044.7,4312921.4],[4918981.4,4312900.7],[4918933.7,4313012.9],[4918883.2,4313073.8],[4918717.2,4313134.6],[4918530.4,4313239.6],[4918422.7,4313273.2],[4918334.3,4313283.2],[4918293.9,4313449.3],[4918239.6,4313649.0]]]}},{"type":"Feature","properties":{"Vill_name":"Nimti Domohani","Sub_dist":null,"District":"Alipurduar","Vill_LGD":"307128"},"geometry":{"type":"Polygon","coordinates":[[[4921100.5,4312201.3],[4921029.3,4312373.7],[4920949.1,4312417.5],[4920890.7,4312417.6],[4920847.1,4312373.8],[4920796.0,4312373.8],[4920737.7,4312454.0],[4920707.8,4312534.1],[4920708.1,4312629.4],[4920715.5,4312680.4],[4920708.0,4312724.2],[4920649.8,4312760.7],[4920591.4,4312738.8],[4920569.3,4312665.5],[4920584.2,4312570.9],[4920525.3,4312549.4],[4920496.6,4312534.3],[4920467.6,4312534.4],[4920423.7,4312578.4],[4920394.5,4312643.8],[4920343.4,4312665.5],[4920299.6,4312636.8],[4920284.9,4312534.0],[4920197.6,4312468.9],[4920182.4,4312417.5],[4920139.2,4312417.9],[4920124.3,4312461.4],[4920139.0,4312534.3],[4920161.0,4312607.1],[4920190.1,4312636.5],[4920211.9,4312673.4],[4920212.2,4312687.6],[4920204.6,4312702.0],[4920168.2,4312724.3],[4920087.8,4312709.7],[4920014.9,4312673.3],[4919934.4,4312622.2],[4919891.0,4312614.8],[4919861.5,4312665.9],[4919898.0,4312775.2],[4919993.0,4312811.7],[4920058.5,4312870.4],[4920051.3,4312928.5],[4919964.1,4313045.6],[4919978.8,4313109.2],[4920052.2,4313197.2],[4920102.9,4313215.3],[4920139.4,4313211.7],[4920161.4,4313193.1],[4920179.6,4313182.2],[4920212.7,4313178.8],[4920256.2,4313182.4],[4920281.6,4313186.1],[4920296.5,4313222.7],[4920285.3,4313251.6],[4920201.6,4313266.2],[4920182.8,4313310.0],[4920190.3,4313357.5],[4920179.4,4313401.2],[4920121.2,4313437.7],[4920015.5,4313408.6],[4919942.4,4313375.6],[4919869.5,4313401.1],[4919774.3,4313481.5],[4919752.5,4313536.0],[4919778.1,4313576.5],[4919807.5,4313576.9],[4919844.0,4313572.8],[4919872.8,4313558.0],[4919938.7,4313565.5],[4920011.6,4313561.7],[4920084.3,4313653.1],[4920102.8,4313810.2],[4920103.2,4313864.7],[4920098.9,4313901.3],[4920095.3,4313926.7],[4920095.2,4313978.3],[4920120.9,4314007.0],[4920146.7,4313970.9],[4920157.5,4313919.9],[4920215.9,4313868.6],[4920263.7,4313835.6],[4920303.5,4313835.5],[4920314.4,4313864.5],[4920321.9,4313912.0],[4920376.4,4313912.2],[4920427.5,4313923.0],[4920457.2,4314010.9],[4920460.3,4314069.0],[4920435.0,4314113.4],[4920362.2,4314126.6],[4920299.8,4314097.1],[4920256.0,4314068.0],[4920216.2,4314057.3],[4920128.4,4314126.7],[4920114.2,4314166.8],[4920103.1,4314214.4],[4920146.3,4314254.3],[4920194.0,4314254.1],[4920245.0,4314225.2],[4920292.3,4314221.0],[4920329.1,4314243.4],[4920362.0,4314265.1],[4920395.2,4314309.0],[4920431.5,4314331.3],[4920486.0,4314352.6],[4920497.0,4314429.8],[4920518.8,4314477.0],[4920482.4,4314528.3],[4920380.6,4314531.8],[4920336.3,4314502.6],[4920300.2,4314477.3],[4920267.2,4314469.8],[4920241.3,4314466.2],[4920215.8,4314466.4],[4920205.2,4314502.7],[4920208.3,4314539.2],[4920270.8,4314579.1],[4920347.5,4314627.0],[4920369.5,4314692.3],[4920420.7,4314750.8],[4920526.6,4314785.3],[4920438.3,4314895.1],[4920438.4,4314975.6],[4920453.2,4315056.4],[4920563.2,4315026.8],[4920738.2,4315012.1],[4920957.7,4314982.8],[4921272.4,4314924.3],[4921397.1,4314988.2],[4921448.1,4314446.9],[4921476.4,4314399.6],[4921758.9,4314121.9],[4922119.8,4313673.1],[4922134.6,4313590.3],[4922188.0,4313521.7],[4922261.7,4313439.2],[4922304.9,4313356.3],[4922359.2,4313146.2],[4922597.5,4312560.9],[4922958.5,4312224.1],[4922947.3,4311331.1],[4922746.5,4311359.8],[4922109.9,4311308.6],[4921751.7,4311301.2],[4921386.0,4311286.6],[4921290.5,4311425.5],[4921202.9,4311418.3],[4921173.6,4311455.2],[4921064.1,4311791.8],[4921027.4,4312003.7],[4921049.4,4312047.5],[4921130.2,4312062.2],[4921130.1,4312106.4],[4921100.5,4312201.3]]]}},{"type":"Feature","properties":{"Vill_name":"Nimtijhora Tea Garden","Sub_dist":null,"District":"Alipurduar","Vill_LGD":"307127"},"geometry":{"type":"Polygon","coordinates":[[[4921100.5,4312201.3],[4921130.1,4312106.4],[4921130.2,4312062.2],[4921049.4,4312047.5],[4921027.4,4312003.7],[4921064.1,4311791.8],[4921173.6,4311455.2],[4921202.9,4311418.3],[4921290.5,4311425.5],[4921386.0,4311286.6],[4921751.7,4311301.2],[4922109.9,4311308.6],[4922746.5,4311359.8],[4922947.3,4311331.1],[4922938.8,4310688.2],[4922948.4,4309771.7],[4922665.9,4309415.8],[4922797.3,4309440.3],[4922839.0,4308929.5],[4922846.0,4308323.8],[4922544.5,4308292.1],[4922375.0,4308272.2],[4922344.4,4308366.5],[4922350.8,4308539.7],[4922398.6,4308824.4],[4922195.3,4308926.1],[4922036.2,4309027.5],[4921994.9,4309129.7],[4921968.3,4309193.7],[4922008.8,4309353.3],[4921898.2,4309446.7],[4921758.9,4309514.7],[4921681.2,4309413.2],[4921640.8,4309355.3],[4921606.7,4309440.1],[4921623.3,4309545.0],[4921657.5,4309579.1],[4921826.5,4309558.7],[4921904.8,4309555.1],[4922040.8,4309474.2],[4922081.0,4309463.9],[4922135.1,4309463.5],[4922128.4,4309501.0],[4922037.0,4309562.0],[4921935.2,4309606.2],[4921779.5,4309606.1],[4921728.5,4309687.6],[4921728.7,4309867.9],[4921758.8,4309955.8],[4921776.0,4309986.1],[4921409.8,4310064.3],[4921284.6,4310125.1],[4921172.7,4310040.1],[4921125.1,4310009.8],[4920877.9,4310053.5],[4920715.3,4310033.4],[4920739.2,4309965.3],[4920739.0,4309887.2],[4920712.1,4309853.5],[4920657.6,4309843.0],[4920617.2,4309806.2],[4920630.8,4309768.5],[4920695.1,4309748.0],[4920748.9,4309711.3],[4920732.7,4309681.6],[4920674.3,4309627.7],[4920445.4,4309710.0],[4920408.8,4309613.0],[4920372.6,4309671.7],[4920313.8,4309678.7],[4920262.9,4309613.3],[4920226.4,4309627.8],[4920233.8,4309708.2],[4920138.9,4309803.4],[4920299.5,4309956.0],[4920350.8,4310117.1],[4920481.9,4310219.2],[4920503.8,4310285.0],[4920620.5,4310350.6],[4920613.3,4310387.1],[4920723.2,4310533.3],[4920796.0,4310613.9],[4920511.2,4310847.3],[4920401.6,4310766.9],[4920343.5,4310759.7],[4920364.9,4310978.8],[4920386.8,4311157.7],[4920590.9,4311223.0],[4920693.6,4311223.0],[4920766.7,4311274.6],[4920773.7,4311354.5],[4920664.1,4311427.8],[4920576.5,4311442.3],[4920540.2,4311369.3],[4920488.8,4311354.6],[4920372.6,4311442.3],[4920328.6,4311530.1],[4920284.3,4311573.7],[4920240.8,4311610.4],[4920240.8,4311639.9],[4920328.5,4311727.1],[4920365.1,4311844.3],[4920554.7,4311844.0],[4920635.0,4311880.8],[4920700.6,4311895.2],[4920744.5,4311931.7],[4920736.9,4312019.3],[4920737.1,4312107.2],[4920817.3,4312165.1],[4920933.8,4312194.7],[4920985.5,4312253.2],[4921029.3,4312373.7],[4921100.5,4312201.3]]]}},{"type":"Feature","properties":{"Vill_name":"Chuapara","Sub_dist":null,"District":"Alipurduar","Vill_LGD":"307135"},"geometry":{"type":"Polygon","coordinates":[[[4917809.1,4327404.0],[4917809.1,4327681.1],[4917890.0,4327724.8],[4917823.6,4327848.8],[4917802.1,4328133.2],[4917714.6,4328176.7],[4917641.7,4328242.9],[4917670.8,4328382.4],[4918035.4,4328462.7],[4918465.9,4328622.8],[4918803.4,4328696.0],[4918798.6,4328642.2],[4918820.4,4328605.9],[4918881.5,4328551.9],[4918894.0,4328537.2],[4918864.3,4328491.1],[4918830.1,4328425.1],[4918735.4,4328452.5],[4918688.6,4328384.0],[4918688.7,4328342.2],[4918717.9,4328101.4],[4918732.5,4327991.6],[4918746.9,4327865.0],[4918790.8,4327818.5],[4918751.6,4327797.0],[4918780.9,4327728.2],[4918788.3,4327696.6],[4918815.3,4327677.2],[4918844.2,4327669.8],[4918834.6,4327642.8],[4918858.9,4327567.3],[4918856.3,4327508.7],[4918807.6,4327457.8],[4918741.7,4327348.0],[4918700.2,4327228.6],[4918666.4,4327104.2],[4918642.4,4326979.8],[4918627.2,4326897.0],[4918629.7,4326823.9],[4918586.0,4326762.9],[4918493.3,4326636.1],[4918412.7,4326514.3],[4918384.0,4326467.3],[4918349.5,4326396.9],[4918337.2,4326377.1],[4918283.7,4326377.5],[4918269.0,4326365.0],[4918268.7,4326350.3],[4918276.5,4326311.3],[4918285.8,4326270.0],[4918295.8,4326235.6],[4918293.5,4326203.6],[4918276.3,4326182.1],[4918259.4,4326155.3],[4918218.0,4326230.4],[4918130.5,4326252.3],[4918130.2,4326390.8],[4918049.6,4326536.3],[4917933.2,4326667.7],[4917802.4,4326784.3],[4917772.7,4326974.0],[4917809.1,4327404.0]]]}},{"type":"Feature","properties":{"Vill_name":"Simlabari","Sub_dist":null,"District":"Alipurduar","Vill_LGD":"307314"},"geometry":{"type":"Polygon","coordinates":[[[4946946.6,4314158.2],[4946647.5,4314199.4],[4946481.4,4314386.5],[4946270.7,4314386.7],[4946270.5,4314256.6],[4945882.8,4314314.2],[4945877.2,4314246.6],[4945699.9,4314256.3],[4945672.3,4314329.6],[4945378.2,4314267.0],[4945142.8,4314199.7],[4945098.0,4314314.0],[4945009.6,4314293.0],[4944937.7,4314329.4],[4944965.3,4314490.3],[4945048.3,4314490.4],[4945059.9,4314444.3],[4945126.2,4314444.0],[4945164.9,4314537.7],[4945214.8,4314542.5],[4945209.1,4314620.3],[4945076.0,4314579.1],[4945053.8,4314652.2],[4945048.1,4314813.0],[4945250.4,4314854.6],[4945295.2,4315119.5],[4945151.1,4315187.2],[4944840.9,4315275.5],[4944863.1,4315499.1],[4945045.5,4315546.1],[4945378.7,4315623.9],[4945389.7,4315671.1],[4945511.7,4315728.0],[4945503.2,4315650.0],[4945863.2,4315629.4],[4945846.6,4315873.6],[4946007.6,4315894.6],[4946040.5,4315946.7],[4946406.7,4315868.5],[4946484.2,4315972.3],[4946728.1,4315925.6],[4946744.8,4315853.2],[4946805.7,4315853.2],[4946789.0,4315935.8],[4946988.8,4316029.4],[4947199.1,4316139.1],[4947171.4,4316185.4],[4947193.7,4316211.5],[4947254.6,4316180.5],[4947487.4,4316191.2],[4947581.9,4315868.6],[4947481.5,4315369.3],[4947370.8,4314828.7],[4947631.3,4314823.5],[4947636.8,4314657.3],[4947670.0,4314464.9],[4947625.6,4314355.7],[4947584.0,4314220.6],[4947168.5,4314168.3],[4946946.6,4314158.2]]]}},{"type":"Feature","properties":{"Vill_name":"Loknathpur","Sub_dist":null,"District":"Alipurduar","Vill_LGD":"307320"},"geometry":{"type":"Polygon","coordinates":[[[4948813.9,4315788.5],[4948820.4,4315724.0],[4948727.7,4315650.8],[4948732.8,4315553.3],[4948703.2,4315504.8],[4948644.8,4315494.6],[4948644.6,4315353.6],[4948698.2,4315270.8],[4948727.6,4315158.7],[4948732.7,4315061.2],[4948727.8,4314949.0],[4948713.1,4314782.8],[4948591.0,4314768.7],[4948591.0,4314675.8],[4948683.8,4314388.6],[4948766.8,4314071.3],[4948824.6,4313971.0],[4948936.7,4313917.4],[4949082.7,4313810.0],[4949072.7,4313649.4],[4949029.1,4313493.6],[4948099.3,4313547.9],[4947672.3,4313532.4],[4947738.5,4313823.3],[4947700.0,4314042.0],[4947628.0,4313844.6],[4947589.0,4313735.2],[4947478.4,4313511.3],[4947317.8,4313459.5],[4947206.8,4313500.8],[4947057.1,4313283.0],[4946954.6,4313085.6],[4946882.7,4313069.9],[4946694.3,4313096.2],[4946866.2,4313464.9],[4946699.5,4313501.6],[4946533.0,4313491.2],[4946478.2,4313683.6],[4946466.6,4313771.4],[4946522.3,4313838.9],[4946583.1,4313922.3],[4946599.7,4314098.9],[4946647.5,4314199.4],[4946946.6,4314158.2],[4947168.5,4314168.3],[4947584.0,4314220.6],[4947625.6,4314355.7],[4947670.0,4314464.9],[4947636.8,4314657.3],[4947631.3,4314823.5],[4947370.8,4314828.7],[4947481.5,4315369.3],[4947581.9,4315868.6],[4947695.0,4316040.0],[4948238.3,4316055.7],[4948582.3,4316102.5],[4948620.8,4315780.2],[4948813.9,4315788.5]]]}},{"type":"Feature","properties":{"Vill_name":"Dangi","Sub_dist":null,"District":"Alipurduar","Vill_LGD":"307312"},"geometry":{"type":"Polygon","coordinates":[[[4942947.0,4313141.5],[4943218.8,4313723.2],[4943227.1,4313727.7],[4943678.6,4313823.8],[4943746.5,4313891.9],[4943807.5,4314013.1],[4943812.0,4314022.7],[4944095.1,4313996.4],[4944133.8,4314183.9],[4944388.7,4314204.4],[4944399.5,4314152.4],[4944582.4,4314189.2],[4944660.1,4314095.6],[4944826.6,4314022.5],[4944926.5,4314058.8],[4944915.2,4314214.9],[4945015.1,4314209.8],[4945037.0,4314152.4],[4945142.8,4314199.7],[4945378.2,4314267.0],[4945672.3,4314329.6],[4945699.9,4314256.3],[4945877.2,4314246.6],[4945882.8,4314314.2],[4946270.5,4314256.6],[4946270.7,4314386.7],[4946481.4,4314386.5],[4946647.5,4314199.4],[4946599.7,4314098.9],[4946583.1,4313922.3],[4946522.3,4313838.9],[4946466.6,4313771.4],[4946478.2,4313683.6],[4946533.0,4313491.2],[4946699.5,4313501.6],[4946866.2,4313464.9],[4946694.3,4313096.2],[4946882.7,4313069.9],[4946758.1,4312810.0],[4946591.8,4312805.0],[4946669.4,4312919.2],[4946658.0,4313022.8],[4946386.7,4313080.5],[4946403.0,4312903.5],[4946353.1,4312909.0],[4946275.7,4313028.6],[4946231.5,4313059.4],[4946070.9,4313080.7],[4945959.9,4313070.0],[4945904.4,4313121.8],[4945921.3,4313179.1],[4945971.3,4313262.5],[4945993.4,4313366.7],[4946065.1,4313386.8],[4946181.5,4313387.0],[4946248.0,4313402.5],[4946281.1,4313438.9],[4946176.2,4313475.6],[4945821.0,4313439.0],[4945533.2,4313418.4],[4945322.8,4313402.4],[4944978.8,4313387.0],[4944967.5,4313324.6],[4944430.0,4313267.4],[4943524.0,4313163.2],[4942947.0,4313141.5]]]}},{"type":"Feature","properties":{"Vill_name":"Uttar Rampur","Sub_dist":null,"District":"Alipurduar","Vill_LGD":"307319"},"geometry":{"type":"Polygon","coordinates":[[[4949796.5,4313938.8],[4949684.9,4314168.2],[4949772.7,4314304.5],[4949782.0,4314416.5],[4949792.4,4314528.4],[4949723.5,4314748.1],[4949645.5,4314787.1],[4949602.2,4314840.5],[4949573.8,4314931.5],[4949568.5,4315165.5],[4949520.2,4315312.0],[4949456.9,4315506.8],[4949466.7,4315580.0],[4949549.9,4315730.3],[4949588.8,4315852.0],[4949578.8,4316090.7],[4949539.8,4316280.3],[4950014.4,4316327.1],[4950093.5,4315997.4],[4950995.0,4316031.6],[4951846.0,4316002.5],[4950629.7,4314456.5],[4950108.7,4313808.4],[4950011.1,4313681.5],[4949972.4,4313711.0],[4949933.2,4313823.1],[4949860.3,4313847.6],[4949796.5,4313938.8]]]}},{"type":"Feature","properties":{"Vill_name":"Dhaola Jhora Tea Garden","Sub_dist":null,"District":"Alipurduar","Vill_LGD":"307321"},"geometry":{"type":"Polygon","coordinates":[[[4949042.4,4311046.7],[4948998.1,4310925.4],[4949029.8,4310798.4],[4949125.1,4310734.9],[4949281.3,4310763.5],[4949377.7,4310546.1],[4949301.5,4310455.6],[4949282.6,4310459.1],[4949385.8,4309986.2],[4949369.3,4309786.5],[4949365.5,4309577.2],[4949179.5,4309543.7],[4949186.8,4309637.4],[4949079.8,4309791.3],[4948908.5,4309851.9],[4948643.7,4309885.4],[4948421.7,4309925.4],[4948436.5,4310099.9],[4948414.9,4310274.7],[4948300.2,4310281.0],[4948315.0,4310536.1],[4948071.7,4310662.9],[4948093.2,4310931.6],[4947692.7,4310938.0],[4947678.2,4310831.2],[4947514.5,4310650.1],[4947506.7,4310730.2],[4947428.5,4310723.5],[4947453.1,4311132.3],[4947503.8,4311447.5],[4947717.8,4311441.1],[4947746.5,4311682.6],[4947732.0,4312231.9],[4947667.9,4312761.7],[4947582.3,4313123.9],[4947603.6,4313305.2],[4947672.3,4313532.4],[4948099.3,4313547.9],[4949029.1,4313493.6],[4949350.7,4313556.6],[4949350.6,4313444.6],[4949296.3,4313236.3],[4949281.7,4313007.2],[4949223.1,4312485.3],[4949209.0,4312082.5],[4949189.2,4311848.8],[4949164.6,4311736.6],[4949082.1,4311541.6],[4948994.0,4311380.3],[4948911.6,4311244.7],[4948931.1,4311166.6],[4949042.4,4311046.7]]]}},{"type":"Feature","properties":{"Vill_name":"Garokhuta","Sub_dist":null,"District":"Alipurduar","Vill_LGD":"307311"},"geometry":{"type":"Polygon","coordinates":[[[4945301.7,4310454.9],[4944696.6,4310444.6],[4944641.3,4310595.7],[4944674.1,4310730.3],[4944724.1,4310876.1],[4944801.9,4310954.0],[4944882.2,4310979.9],[4945009.5,4311151.5],[4944959.7,4311187.9],[4944926.8,4311156.9],[4944909.6,4311167.4],[4944876.7,4311146.6],[4944860.0,4311177.3],[4944815.9,4311390.8],[4944782.2,4311541.4],[4944815.6,4311551.8],[4944854.4,4311500.1],[4944904.0,4311489.2],[4945031.6,4311645.6],[4945076.0,4311630.1],[4945192.6,4311749.6],[4945331.0,4311946.7],[4945314.9,4312046.2],[4945220.1,4312170.3],[4945051.3,4312311.0],[4945064.8,4312430.5],[4945148.4,4312695.3],[4945220.4,4312945.2],[4945264.0,4313194.3],[4945322.8,4313402.4],[4945533.2,4313418.4],[4945821.0,4313439.0],[4946176.2,4313475.6],[4946281.1,4313438.9],[4946248.0,4313402.5],[4946181.5,4313387.0],[4946065.1,4313386.8],[4945993.4,4313366.7],[4945971.3,4313262.5],[4945921.3,4313179.1],[4945904.4,4313121.8],[4945959.9,4313070.0],[4946070.9,4313080.7],[4946231.5,4313059.4],[4946275.7,4313028.6],[4946353.1,4312909.0],[4946403.0,4312903.5],[4946386.7,4313080.5],[4946658.0,4313022.8],[4946669.4,4312919.2],[4946591.8,4312805.0],[4946499.3,4312808.5],[4946399.3,4312641.1],[4946341.8,4312466.5],[4946241.9,4312379.7],[4946127.3,4312218.6],[4946370.9,4312084.4],[4946420.9,4311984.1],[4946370.8,4311943.4],[4946263.2,4311923.5],[4946234.9,4311836.7],[4946148.5,4311815.9],[4945905.6,4311823.0],[4945834.3,4311762.6],[4945805.8,4311682.2],[4945841.5,4311601.4],[4945927.3,4311595.1],[4946120.4,4311695.7],[4946163.3,4311548.0],[4946263.2,4311460.9],[4946334.7,4311528.2],[4946356.4,4311494.4],[4946341.8,4311420.5],[4946188.1,4311286.4],[4946138.2,4311044.9],[4946095.3,4310823.3],[4946124.4,4310636.2],[4945981.3,4310589.0],[4945881.5,4310468.4],[4945301.7,4310454.9]]]}},{"type":"Feature","properties":{"Vill_name":"Sambalpur","Sub_dist":null,"District":"Alipurduar","Vill_LGD":"307310"},"geometry":{"type":"Polygon","coordinates":[[[4944590.9,4312337.1],[4944374.8,4312368.0],[4944152.6,4312425.2],[4943931.1,4312446.0],[4943787.0,4312420.0],[4943654.1,4312383.7],[4943476.6,4312378.6],[4943432.0,4312285.2],[4942659.7,4312669.6],[4942720.8,4312841.0],[4942947.0,4313141.5],[4943524.0,4313163.2],[4944430.0,4313267.4],[4944967.5,4313324.6],[4944978.8,4313387.0],[4945322.8,4313402.4],[4945264.0,4313194.3],[4945220.4,4312945.2],[4945148.4,4312695.3],[4945064.8,4312430.5],[4944954.0,4312425.2],[4944940.1,4312316.0],[4944590.9,4312337.1]]]}},{"type":"Feature","properties":{"Vill_name":"Purba Jitpur","Sub_dist":null,"District":"Alipurduar","Vill_LGD":"307309"},"geometry":{"type":"Polygon","coordinates":[[[4942737.4,4311291.8],[4942537.8,4311307.3],[4942246.6,4311276.2],[4942280.3,4311473.8],[4942363.2,4311754.2],[4942460.1,4312222.5],[4942582.2,4312502.8],[4942659.7,4312669.6],[4943432.0,4312285.2],[4943399.4,4312206.5],[4943305.2,4312009.0],[4943210.8,4311827.2],[4943105.7,4311713.1],[4943077.8,4311536.0],[4942969.7,4311260.2],[4942737.4,4311291.8]]]}},{"type":"Feature","properties":{"Vill_name":"Baniadabri","Sub_dist":null,"District":"Alipurduar","Vill_LGD":"307307"},"geometry":{"type":"Polygon","coordinates":[[[4943490.6,4309539.8],[4943368.5,4309534.5],[4943285.8,4309467.1],[4943119.8,4309508.3],[4943141.9,4309560.4],[4942980.5,4309618.0],[4942726.4,4309644.2],[4942620.8,4309622.9],[4942620.9,4309487.9],[4942526.4,4309482.4],[4942493.3,4309373.2],[4942415.9,4309378.9],[4942426.7,4309431.0],[4942454.4,4309467.2],[4942415.9,4309482.5],[4942371.3,4309633.6],[4942443.2,4309700.9],[4942443.5,4309737.2],[4942393.3,4309831.1],[4942410.2,4309887.9],[4942482.2,4309883.0],[4942609.9,4309851.7],[4942670.7,4309883.1],[4942731.6,4309903.7],[4942775.5,4310002.6],[4942748.4,4310241.4],[4942764.5,4310293.3],[4942737.3,4310329.8],[4942748.2,4310501.2],[4942842.3,4310865.7],[4942969.7,4311260.2],[4943077.8,4311536.0],[4943105.7,4311713.1],[4943210.8,4311827.2],[4943305.2,4312009.0],[4943399.4,4312206.5],[4943432.0,4312285.2],[4943476.6,4312378.6],[4943654.1,4312383.7],[4943787.0,4312420.0],[4943931.1,4312446.0],[4944152.6,4312425.2],[4944374.8,4312368.0],[4944590.9,4312337.1],[4944940.1,4312316.0],[4944954.0,4312425.2],[4945064.8,4312430.5],[4945051.3,4312311.0],[4945220.1,4312170.3],[4945314.9,4312046.2],[4945331.0,4311946.7],[4945192.6,4311749.6],[4945076.0,4311630.1],[4945031.6,4311645.6],[4944904.0,4311489.2],[4944854.4,4311500.1],[4944815.6,4311551.8],[4944782.2,4311541.4],[4944815.9,4311390.8],[4944860.0,4311177.3],[4944876.7,4311146.6],[4944909.6,4311167.4],[4944926.8,4311156.9],[4944959.7,4311187.9],[4945009.5,4311151.5],[4944882.2,4310979.9],[4944801.9,4310954.0],[4944724.1,4310876.1],[4944674.1,4310730.3],[4944641.3,4310595.7],[4944696.6,4310444.6],[4944685.4,4310309.5],[4944630.0,4310184.6],[4944563.5,4310086.1],[4944458.0,4310002.5],[4944258.9,4309924.2],[4943976.1,4309768.3],[4943887.0,4309732.6],[4943831.6,4309659.2],[4943551.7,4309648.8],[4943490.6,4309539.8]]]}},{"type":"Feature","properties":{"Vill_name":"Uttar Shibkata","Sub_dist":null,"District":"Alipurduar","Vill_LGD":"307284"},"geometry":{"type":"Polygon","coordinates":[[[4942363.2,4311754.2],[4942280.3,4311473.8],[4942246.6,4311276.2],[4942202.2,4311167.0],[4942152.5,4310943.7],[4942058.4,4310631.2],[4941936.3,4310329.8],[4941781.3,4310293.9],[4941592.5,4310247.0],[4941570.7,4310210.6],[4941653.5,4310173.8],[4941631.9,4310142.8],[4941515.3,4310117.1],[4941409.7,4310086.0],[4941359.5,4309914.2],[4941249.2,4309898.6],[4941127.2,4309914.4],[4940960.7,4309924.6],[4940789.3,4309945.4],[4940705.8,4309935.0],[4940656.0,4309867.3],[4940611.6,4309851.9],[4940578.4,4309836.5],[4940561.8,4309815.6],[4940561.5,4309747.8],[4940539.7,4309701.1],[4940545.2,4309659.6],[4940511.8,4309607.5],[4940478.9,4309524.4],[4940484.2,4309466.7],[4940451.0,4309451.3],[4940434.0,4309487.8],[4940367.7,4309560.8],[4940340.2,4309550.6],[4940306.8,4309529.4],[4940268.1,4309404.8],[4940284.8,4309321.6],[4940356.6,4309279.8],[4940356.6,4309217.5],[4940234.6,4309191.5],[4940035.2,4309150.0],[4939941.2,4309217.2],[4939907.9,4309337.4],[4939902.2,4309487.9],[4939891.0,4309587.1],[4939846.6,4309654.2],[4939891.8,4309868.0],[4940068.2,4309857.3],[4940414.0,4309896.5],[4940419.2,4310003.3],[4940443.6,4310037.8],[4940477.7,4310125.4],[4940526.7,4310189.1],[4940604.7,4310262.1],[4940589.7,4310349.8],[4940575.3,4310476.3],[4940741.2,4310437.6],[4940775.2,4310506.0],[4940711.6,4310554.0],[4940989.7,4310715.2],[4940960.6,4310768.3],[4940887.4,4310861.5],[4940867.6,4310987.8],[4940892.0,4311115.2],[4940941.2,4311256.5],[4940941.1,4311402.3],[4940819.0,4311480.5],[4940755.5,4311543.8],[4940784.6,4311675.3],[4940858.3,4311675.4],[4940931.4,4311768.3],[4941045.7,4311834.1],[4941445.9,4312204.4],[4941396.8,4312409.3],[4941611.4,4312428.9],[4942001.5,4312858.1],[4942488.7,4313443.2],[4942947.0,4313141.5],[4942720.8,4312841.0],[4942659.7,4312669.6],[4942582.2,4312502.8],[4942460.1,4312222.5],[4942363.2,4311754.2]]]}},{"type":"Feature","properties":{"Vill_name":"Jaypur","Sub_dist":null,"District":"Alipurduar","Vill_LGD":"307308"},"geometry":{"type":"Polygon","coordinates":[[[4941820.0,4309404.9],[4941808.8,4309618.0],[4941792.0,4309804.8],[4941786.7,4309945.5],[4941897.1,4310215.4],[4941936.3,4310329.8],[4942058.4,4310631.2],[4942152.5,4310943.7],[4942202.2,4311167.0],[4942246.6,4311276.2],[4942537.8,4311307.3],[4942737.4,4311291.8],[4942969.7,4311260.2],[4942842.3,4310865.7],[4942748.2,4310501.2],[4942737.3,4310329.8],[4942764.5,4310293.3],[4942748.4,4310241.4],[4942775.5,4310002.6],[4942731.6,4309903.7],[4942670.7,4309883.1],[4942609.9,4309851.7],[4942482.2,4309883.0],[4942410.2,4309887.9],[4942393.3,4309831.1],[4942443.5,4309737.2],[4942443.2,4309700.9],[4942371.3,4309633.6],[4942141.2,4309680.5],[4942113.6,4309519.1],[4942063.8,4309451.4],[4942063.8,4309368.4],[4941969.3,4309332.0],[4941947.2,4309238.6],[4941913.6,4309243.4],[4941875.2,4309399.7],[4941820.0,4309404.9]]]}},{"type":"Feature","properties":{"Vill_name":"Bairiguri","Sub_dist":null,"District":"Alipurduar","Vill_LGD":"307252"},"geometry":{"type":"Polygon","coordinates":[[[4928999.8,4308421.0],[4929416.7,4308526.0],[4929426.6,4308527.5],[4929459.1,4308531.5],[4929614.8,4308552.2],[4929606.5,4308222.7],[4929563.9,4308068.4],[4929506.4,4308007.7],[4929463.5,4308021.3],[4929370.7,4308061.6],[4929262.9,4308034.8],[4929127.6,4307907.5],[4929170.0,4307800.5],[4929263.0,4307726.4],[4929334.7,4307686.1],[4929384.5,4307598.6],[4929449.2,4307458.3],[4929542.0,4307438.2],[4929585.1,4307471.7],[4929634.9,4307498.2],[4929635.3,4307531.6],[4929599.3,4307585.8],[4929556.8,4307632.4],[4929635.2,4307666.1],[4929720.8,4307652.6],[4929792.4,4307645.7],[4929813.6,4307632.5],[4929806.6,4307511.8],[4929799.4,4307344.5],[4929720.6,4307236.6],[4929713.8,4307163.1],[4929763.5,4307029.4],[4929871.2,4306975.1],[4929906.9,4306834.9],[4929842.3,4306768.0],[4929806.6,4306754.5],[4929892.8,4306687.4],[4929989.4,4306446.0],[4930139.3,4306412.4],[4930175.1,4306312.0],[4930139.1,4306211.0],[4930024.7,4306190.8],[4929924.5,4306190.9],[4929903.2,4306123.6],[4929939.3,4306097.3],[4930010.5,4306056.5],[4930082.1,4305976.5],[4930053.7,4305842.5],[4930032.3,4305714.8],[4930017.5,4305614.4],[4930117.8,4305560.7],[4930217.5,4305580.7],[4930346.5,4305594.3],[4930439.5,4305580.6],[4930453.8,4305487.0],[4930446.8,4305386.4],[4930503.7,4305326.3],[4930596.9,4305319.5],[4930532.5,4305238.8],[4930489.9,4305246.1],[4930414.8,4305276.8],[4930357.8,4305256.9],[4930321.8,4305229.7],[4930282.6,4305186.0],[4930261.2,4305129.0],[4930261.2,4305058.8],[4930289.6,4305028.7],[4930354.3,4305021.5],[4930382.7,4304971.8],[4930407.6,4304934.7],[4930443.1,4304921.2],[4930511.3,4304891.0],[4930457.8,4304747.0],[4930361.2,4304743.9],[4930339.6,4304653.5],[4930207.8,4304657.0],[4930193.0,4304790.8],[4930078.5,4304780.9],[4930010.8,4304586.1],[4929939.2,4304562.5],[4929915.9,4304505.9],[4929801.6,4304576.1],[4929583.5,4304546.0],[4929305.3,4304498.7],[4929290.8,4304392.0],[4929125.9,4304378.2],[4929115.7,4304519.1],[4928556.3,4304458.9],[4928531.2,4304807.4],[4928594.9,4304830.5],[4928684.9,4304901.2],[4928641.7,4304991.9],[4928791.5,4305115.5],[4928942.4,4305266.6],[4929081.0,4305293.4],[4929170.8,4305296.8],[4929256.5,4305270.4],[4929288.8,4305273.4],[4929299.1,4305293.1],[4929306.5,4305467.8],[4929345.4,4305464.2],[4929417.3,4305471.1],[4929444.2,4305525.0],[4929412.4,4305635.4],[4929412.2,4305689.0],[4929376.0,4305759.4],[4929315.8,4305836.1],[4929254.5,4305916.6],[4929247.5,4305980.2],[4929294.0,4305983.9],[4929322.8,4305997.0],[4929258.4,4306121.1],[4929172.4,4306204.9],[4929097.6,4306278.9],[4929015.5,4306292.2],[4928947.7,4306302.2],[4928793.7,4306339.0],[4928774.3,4306436.3],[4928781.1,4306530.0],[4928752.6,4306560.0],[4928709.6,4306606.6],[4928724.3,4306751.2],[4928713.1,4306821.4],[4928699.0,4306838.4],[4928677.6,4306844.7],[4928641.4,4306841.5],[4928624.3,4306777.8],[4928602.9,4306764.5],[4928581.4,4306895.1],[4928584.5,4306942.4],[4928663.3,4307019.4],[4928695.6,4307073.0],[4928674.2,4307139.7],[4928624.3,4307186.9],[4928577.7,4307216.6],[4928491.4,4307223.8],[4928423.7,4307233.8],[4928416.5,4307280.6],[4928381.2,4307270.6],[4928345.2,4307273.7],[4928332.4,4307324.2],[4928282.5,4307391.1],[4928264.4,4307431.5],[4928272.0,4307468.2],[4928361.0,4307609.5],[4928361.1,4307699.8],[4928368.8,4307773.4],[4928429.3,4307783.2],[4928472.0,4307833.8],[4928483.2,4307867.3],[4928533.0,4307893.7],[4928575.6,4307968.0],[4928583.0,4308007.6],[4928658.2,4308068.2],[4928676.1,4308145.2],[4928614.3,4308327.4],[4928999.8,4308421.0]]]}},{"type":"Feature","properties":{"Vill_name":"Paschim Jitpur (CT)","Sub_dist":null,"District":"Alipurduar","Vill_LGD":"307254"},"geometry":{"type":"Polygon","coordinates":[[[4931836.9,4308128.2],[4931390.2,4308001.2],[4931418.8,4307813.5],[4931540.8,4307531.6],[4931662.2,4307049.2],[4931418.9,4307002.2],[4931147.3,4307002.4],[4930514.0,4306975.5],[4930528.6,4307102.9],[4930500.2,4307183.1],[4930421.6,4307163.1],[4930400.2,4307230.3],[4930221.4,4307210.5],[4930021.0,4307169.9],[4930064.1,4307029.1],[4930292.6,4307035.6],[4930285.7,4306975.4],[4930221.3,4306955.1],[4930221.0,4306787.6],[4930107.3,4306740.9],[4930035.4,4306693.7],[4929892.8,4306687.4],[4929806.6,4306754.5],[4929842.3,4306768.0],[4929906.9,4306834.9],[4929871.2,4306975.1],[4929763.5,4307029.4],[4929713.8,4307163.1],[4929720.6,4307236.6],[4929799.4,4307344.5],[4929806.6,4307511.8],[4929813.6,4307632.5],[4929792.4,4307645.7],[4929720.8,4307652.6],[4929635.2,4307666.1],[4929556.8,4307632.4],[4929599.3,4307585.8],[4929635.3,4307531.6],[4929634.9,4307498.2],[4929585.1,4307471.7],[4929542.0,4307438.2],[4929449.2,4307458.3],[4929384.5,4307598.6],[4929334.7,4307686.1],[4929263.0,4307726.4],[4929170.0,4307800.5],[4929127.6,4307907.5],[4929262.9,4308034.8],[4929370.7,4308061.6],[4929463.5,4308021.3],[4929506.4,4308007.7],[4929563.9,4308068.4],[4929606.5,4308222.7],[4929614.8,4308552.2],[4930231.1,4308653.7],[4930391.2,4308680.3],[4930447.1,4308689.3],[4931690.6,4308781.8],[4931836.9,4308128.2]]]}},{"type":"Feature","properties":{"Vill_name":"Paschim Majherdabri Tea Garden","Sub_dist":null,"District":"Alipurduar","Vill_LGD":"307253"},"geometry":{"type":"Polygon","coordinates":[[[4930117.8,4305560.7],[4930017.5,4305614.4],[4930032.3,4305714.8],[4930053.7,4305842.5],[4930082.1,4305976.5],[4930010.5,4306056.5],[4929939.3,4306097.3],[4929903.2,4306123.6],[4929924.5,4306190.9],[4930024.7,4306190.8],[4930139.1,4306211.0],[4930175.1,4306312.0],[4930139.3,4306412.4],[4929989.4,4306446.0],[4929892.8,4306687.4],[4930035.4,4306693.7],[4930107.3,4306740.9],[4930221.0,4306787.6],[4930221.3,4306955.1],[4930285.7,4306975.4],[4930292.6,4307035.6],[4930064.1,4307029.1],[4930021.0,4307169.9],[4930221.4,4307210.5],[4930400.2,4307230.3],[4930421.6,4307163.1],[4930500.2,4307183.1],[4930528.6,4307102.9],[4930514.0,4306975.5],[4930607.2,4306815.0],[4930693.1,4306774.4],[4930693.3,4306667.3],[4930807.8,4306553.5],[4930829.1,4306499.5],[4930814.5,4306445.7],[4930893.3,4306398.9],[4930879.3,4306332.0],[4930911.4,4306237.7],[4930911.1,4306170.9],[4931011.8,4306110.4],[4931011.5,4305983.2],[4931097.3,4305842.5],[4931133.2,4305708.1],[4930961.2,4305413.1],[4930847.2,4305292.7],[4930711.0,4305305.8],[4930711.2,4305138.3],[4930589.5,4305124.6],[4930532.5,4305238.8],[4930596.9,4305319.5],[4930503.7,4305326.3],[4930446.8,4305386.4],[4930453.8,4305487.0],[4930439.5,4305580.6],[4930346.5,4305594.3],[4930217.5,4305580.7],[4930117.8,4305560.7]]]}},{"type":"Feature","properties":{"Vill_name":"Kadampur","Sub_dist":null,"District":"Alipurduar","Vill_LGD":"307304"},"geometry":{"type":"Polygon","coordinates":[[[4944650.6,4304571.1],[4944350.1,4304744.8],[4944314.9,4305295.0],[4944278.8,4305496.1],[4944264.9,4305663.4],[4944389.9,4305831.0],[4944632.9,4306192.7],[4944539.7,4306273.2],[4944561.0,4307037.4],[4944346.8,4307071.3],[4944614.7,4307198.1],[4944679.2,4307278.3],[4945458.3,4307231.6],[4946273.8,4307224.9],[4946208.5,4307090.2],[4946137.4,4306955.7],[4946094.2,4306881.9],[4946151.4,4306868.4],[4946037.0,4306774.6],[4945951.3,4306687.5],[4945836.9,4306707.5],[4945822.3,4306634.2],[4945779.9,4306626.7],[4945772.4,4306526.7],[4945822.1,4306452.5],[4945793.6,4306412.3],[4945786.6,4306311.8],[4945843.7,4306237.9],[4945851.5,4306198.0],[4945908.5,4306104.0],[4945851.1,4305989.8],[4945718.6,4305875.9],[4945611.7,4305913.0],[4945551.0,4305919.4],[4945479.1,4305892.4],[4945447.2,4305882.5],[4945411.5,4305839.1],[4945432.5,4305788.5],[4945447.0,4305742.1],[4945425.7,4305685.1],[4945372.2,4305654.5],[4945318.3,4305537.5],[4945177.3,4305406.5],[4945127.3,4305282.4],[4945102.2,4305272.3],[4945088.0,4305302.6],[4944973.1,4305292.2],[4944891.4,4305121.3],[4944809.0,4304913.6],[4944791.5,4304735.9],[4944705.4,4304564.9],[4944648.7,4304548.9],[4944650.6,4304571.1]]]}},{"type":"Feature","properties":{"Vill_name":"Bakla","Sub_dist":null,"District":"Alipurduar","Vill_LGD":"307329"},"geometry":{"type":"Polygon","coordinates":[[[4947805.0,4304514.3],[4947590.4,4304749.1],[4947411.2,4304903.5],[4947386.2,4304860.1],[4947218.5,4304916.9],[4946968.2,4304997.2],[4946555.2,4305037.4],[4946326.9,4305057.9],[4946330.3,4305077.7],[4946319.2,4305218.6],[4946340.9,4305483.3],[4946392.4,4305771.6],[4946492.5,4305804.9],[4946492.1,4306428.5],[4946438.8,4306455.4],[4946445.7,4306535.8],[4946631.9,4306576.1],[4946653.3,4307072.7],[4947018.0,4307065.5],[4947318.3,4307132.5],[4947409.2,4307017.0],[4947423.6,4306943.5],[4947266.1,4306796.0],[4947230.9,4306607.7],[4947266.2,4306393.4],[4947348.1,4306293.2],[4947512.6,4306252.4],[4947627.4,4306285.9],[4947828.0,4306259.7],[4947999.3,4306158.8],[4948049.4,4306118.5],[4947977.8,4305971.2],[4947984.9,4305803.6],[4948070.7,4305682.5],[4948134.9,4305542.2],[4948299.4,4305387.5],[4948292.5,4305327.2],[4948220.9,4305293.4],[4948206.1,4305213.6],[4948256.3,4305119.3],[4948299.4,4304884.7],[4948263.9,4304703.2],[4948124.5,4304455.5],[4948074.5,4304165.3],[4947986.8,4304306.5],[4947805.0,4304514.3]]]}},{"type":"Feature","properties":{"Vill_name":"Chepani","Sub_dist":null,"District":"Alipurduar","Vill_LGD":"307330"},"geometry":{"type":"Polygon","coordinates":[[[4947009.9,4302873.0],[4946856.4,4303094.0],[4946752.6,4303191.6],[4946578.6,4303225.0],[4946410.7,4303224.8],[4946421.8,4303299.0],[4946500.2,4303436.4],[4946489.4,4303550.3],[4946403.9,4303539.8],[4946397.0,4303603.8],[4946010.3,4303567.1],[4945981.8,4303751.4],[4946221.6,4303851.7],[4946164.3,4304257.5],[4946030.1,4304240.3],[4946019.2,4304344.4],[4945751.4,4304308.0],[4945730.0,4304180.3],[4945615.6,4304180.2],[4945616.0,4304119.8],[4945465.2,4304110.2],[4945479.8,4303968.9],[4945497.6,4303905.5],[4945383.2,4303865.1],[4945375.7,4303989.5],[4945243.6,4303959.1],[4945240.5,4303911.8],[4945132.8,4303905.2],[4945122.1,4303942.5],[4945004.3,4303891.7],[4944804.1,4303827.1],[4944818.3,4304175.5],[4944736.3,4304175.5],[4944757.9,4304349.3],[4944629.1,4304342.7],[4944648.7,4304548.9],[4944705.4,4304564.9],[4944791.5,4304735.9],[4944809.0,4304913.6],[4944891.4,4305121.3],[4944973.1,4305292.2],[4945088.0,4305302.6],[4945102.2,4305272.3],[4945127.3,4305282.4],[4945177.3,4305406.5],[4945318.3,4305537.5],[4945372.2,4305654.5],[4945425.7,4305685.1],[4945447.0,4305742.1],[4945432.5,4305788.5],[4945411.5,4305839.1],[4945447.2,4305882.5],[4945479.1,4305892.4],[4945551.0,4305919.4],[4945611.7,4305913.0],[4945718.6,4305875.9],[4945865.3,4305805.3],[4946008.5,4305758.6],[4946144.2,4305765.6],[4946134.0,4305506.8],[4946340.9,4305483.3],[4946319.2,4305218.6],[4946330.3,4305077.7],[4946326.9,4305057.9],[4946555.2,4305037.4],[4946968.2,4304997.2],[4947218.5,4304916.9],[4947386.2,4304860.1],[4947411.2,4304903.5],[4947590.4,4304749.1],[4947805.0,4304514.3],[4947986.8,4304306.5],[4948074.5,4304165.3],[4948006.2,4304064.8],[4947853.0,4303921.0],[4947763.3,4303813.5],[4947723.9,4303652.5],[4947685.0,4303491.6],[4947566.7,4303367.6],[4947514.0,4303104.3],[4947102.7,4302986.9],[4947059.8,4302886.7],[4947009.9,4302873.0]]]}},{"type":"Feature","properties":{"Vill_name":"Chhipra","Sub_dist":null,"District":"Alipurduar","Vill_LGD":"307328"},"geometry":{"type":"Polygon","coordinates":[[[4948567.4,4306592.1],[4949182.4,4306598.4],[4949425.5,4306659.2],[4949511.3,4306497.8],[4949655.5,4306140.3],[4949636.0,4306003.9],[4949592.4,4305920.8],[4949543.2,4305901.7],[4949221.9,4305916.3],[4949168.4,4305823.4],[4949134.2,4305818.8],[4949065.8,4305843.0],[4948958.7,4305842.8],[4948861.1,4305799.3],[4948749.4,4305702.2],[4948700.8,4305609.5],[4948666.4,4305291.1],[4948627.4,4305018.7],[4948803.0,4304950.0],[4949094.8,4304867.2],[4949299.7,4304823.5],[4949376.5,4304809.0],[4949590.8,4304804.5],[4949664.0,4304711.3],[4949712.1,4304711.6],[4949999.9,4304730.8],[4950691.9,4304769.8],[4950969.5,4304716.2],[4950710.8,4304497.2],[4950443.6,4304263.4],[4950316.1,4304248.5],[4950282.2,4304219.3],[4950277.8,4304218.6],[4950153.4,4304293.7],[4949954.0,4304355.4],[4949853.9,4304293.6],[4949654.9,4304305.7],[4949468.1,4304393.0],[4949218.2,4304504.8],[4949118.7,4304479.9],[4949032.4,4304334.4],[4949096.7,4304160.7],[4949010.7,4304100.1],[4948853.6,4304046.4],[4948653.2,4304119.8],[4948503.2,4304207.4],[4948389.1,4303851.8],[4948374.7,4303577.1],[4948396.5,4303429.4],[4948288.8,4303268.6],[4948131.3,4303235.0],[4947995.8,4303275.2],[4947931.3,4303341.8],[4947895.9,4303536.5],[4947945.8,4303704.4],[4948088.8,4303878.2],[4948124.1,4304072.9],[4948074.5,4304165.3],[4948124.5,4304455.5],[4948263.9,4304703.2],[4948299.4,4304884.7],[4948256.3,4305119.3],[4948206.1,4305213.6],[4948220.9,4305293.4],[4948292.5,4305327.2],[4948299.4,4305387.5],[4948134.9,4305542.2],[4948070.7,4305682.5],[4947984.9,4305803.6],[4947977.8,4305971.2],[4948049.4,4306118.5],[4947999.3,4306158.8],[4947828.0,4306259.7],[4947823.6,4306598.3],[4948024.4,4306598.5],[4948567.4,4306592.1]]]}},{"type":"Feature","properties":{"Vill_name":"Uttar Parokata","Sub_dist":null,"District":"Alipurduar","Vill_LGD":"307332"},"geometry":{"type":"Polygon","coordinates":[[[4949654.9,4304305.7],[4949853.9,4304293.6],[4949954.0,4304355.4],[4950153.4,4304293.7],[4950277.8,4304218.6],[4950282.2,4304219.3],[4950282.2,4304217.9],[4950262.7,4304073.1],[4950263.0,4303984.7],[4950262.7,4303723.9],[4950384.3,4303675.2],[4950798.2,4303480.5],[4950906.1,4303402.6],[4950979.0,4303305.0],[4950993.5,4303207.4],[4951008.1,4303004.4],[4951041.9,4302658.3],[4951007.8,4302487.8],[4950929.8,4302322.5],[4950808.3,4302336.8],[4950603.9,4302400.7],[4950476.9,4302468.3],[4950374.8,4302561.1],[4950257.7,4302780.4],[4950038.7,4303048.3],[4949902.4,4302848.8],[4949838.9,4302697.5],[4949839.0,4302644.0],[4949989.9,4302498.0],[4950168.2,4302311.1],[4949966.1,4302235.6],[4949944.3,4302289.6],[4949815.3,4302255.9],[4949787.0,4302376.3],[4949715.3,4302376.3],[4949715.3,4302222.6],[4949618.9,4302195.4],[4949297.4,4302161.9],[4949268.4,4302376.6],[4949225.9,4302403.5],[4949226.1,4302450.7],[4949039.9,4302390.2],[4949039.9,4302329.8],[4948653.7,4302262.2],[4948482.1,4302216.2],[4948431.7,4302028.1],[4947572.9,4301913.9],[4947458.8,4301957.5],[4947379.8,4302027.9],[4947330.0,4302145.3],[4947354.8,4302346.4],[4947417.4,4302463.8],[4947614.0,4302574.3],[4947849.9,4302681.9],[4947971.5,4302768.7],[4948032.1,4302906.7],[4948035.9,4303013.4],[4948007.4,4303064.1],[4947925.0,4303094.0],[4947774.8,4303081.0],[4947525.0,4303057.2],[4947514.0,4303104.3],[4947566.7,4303367.6],[4947685.0,4303491.6],[4947723.9,4303652.5],[4947763.3,4303813.5],[4947853.0,4303921.0],[4948006.2,4304064.8],[4948074.5,4304165.3],[4948124.1,4304072.9],[4948088.8,4303878.2],[4947945.8,4303704.4],[4947895.9,4303536.5],[4947931.3,4303341.8],[4947995.8,4303275.2],[4948131.3,4303235.0],[4948288.8,4303268.6],[4948396.5,4303429.4],[4948374.7,4303577.1],[4948389.1,4303851.8],[4948503.2,4304207.4],[4948653.2,4304119.8],[4948853.6,4304046.4],[4949010.7,4304100.1],[4949096.7,4304160.7],[4949032.4,4304334.4],[4949118.7,4304479.9],[4949218.2,4304504.8],[4949468.1,4304393.0],[4949654.9,4304305.7]]]}},{"type":"Feature","properties":{"Vill_name":"Purba Chepani","Sub_dist":null,"District":"Alipurduar","Vill_LGD":"307331"},"geometry":{"type":"Polygon","coordinates":[[[4946981.2,4301102.3],[4946848.7,4301132.8],[4946802.2,4301199.8],[4946766.8,4301284.1],[4946784.5,4301447.9],[4946867.1,4301568.8],[4946945.1,4301722.8],[4946945.3,4301769.9],[4946909.7,4301807.0],[4946855.7,4301806.9],[4946777.4,4301780.0],[4946639.7,4301743.0],[4946432.5,4301763.0],[4946207.1,4301793.5],[4946218.0,4301863.3],[4946274.7,4301870.4],[4946264.4,4301910.7],[4946132.0,4301897.0],[4945720.7,4301860.6],[4945724.3,4301826.8],[4945635.3,4301820.1],[4945635.3,4301870.2],[4945352.7,4301762.9],[4945141.8,4301716.0],[4945008.4,4301662.0],[4945001.1,4301896.8],[4945037.0,4301977.6],[4945065.3,4302124.8],[4945029.3,4302292.5],[4944915.4,4302486.9],[4944779.1,4302419.5],[4944793.9,4302325.9],[4944636.2,4302306.1],[4944622.4,4302513.6],[4944393.4,4302487.0],[4944429.3,4302392.9],[4944307.5,4302393.0],[4944293.5,4302460.1],[4944175.5,4302453.0],[4944197.0,4302680.4],[4944318.1,4302673.9],[4944339.8,4302754.5],[4944546.7,4302781.6],[4944482.4,4303110.0],[4944339.7,4303042.7],[4944268.5,4303217.1],[4944282.2,4303311.0],[4944375.5,4303330.7],[4944468.1,4303572.3],[4944632.6,4303572.4],[4944589.9,4303766.8],[4944804.1,4303827.1],[4945004.3,4303891.7],[4945122.1,4303942.5],[4945132.8,4303905.2],[4945240.5,4303911.8],[4945243.6,4303959.1],[4945375.7,4303989.5],[4945383.2,4303865.1],[4945497.6,4303905.5],[4945479.8,4303968.9],[4945465.2,4304110.2],[4945616.0,4304119.8],[4945615.6,4304180.2],[4945730.0,4304180.3],[4945751.4,4304308.0],[4946019.2,4304344.4],[4946030.1,4304240.3],[4946164.3,4304257.5],[4946221.6,4303851.7],[4945981.8,4303751.4],[4946010.3,4303567.1],[4946397.0,4303603.8],[4946403.9,4303539.8],[4946489.4,4303550.3],[4946500.2,4303436.4],[4946421.8,4303299.0],[4946410.7,4303224.8],[4946578.6,4303225.0],[4946752.6,4303191.6],[4946856.4,4303094.0],[4947009.9,4302873.0],[4947059.8,4302886.7],[4947102.7,4302986.9],[4947514.0,4303104.3],[4947525.0,4303057.2],[4947774.8,4303081.0],[4947925.0,4303094.0],[4948007.4,4303064.1],[4948035.9,4303013.4],[4948032.1,4302906.7],[4947971.5,4302768.7],[4947849.9,4302681.9],[4947614.0,4302574.3],[4947417.4,4302463.8],[4947354.8,4302346.4],[4947330.0,4302145.3],[4947379.8,4302027.9],[4947458.8,4301957.5],[4947572.9,4301913.9],[4947658.8,4301863.5],[4947684.0,4301829.8],[4947676.9,4301679.2],[4947637.2,4301585.5],[4947462.3,4301525.1],[4947217.5,4301491.2],[4947131.3,4301434.6],[4947106.3,4301249.7],[4947113.2,4301176.4],[4947070.6,4301122.8],[4946981.2,4301102.3]]]}},{"type":"Feature","properties":{"Vill_name":"Uttar Majidkhana","Sub_dist":null,"District":"Alipurduar","Vill_LGD":"307290"},"geometry":{"type":"Polygon","coordinates":[[[4942033.0,4302524.2],[4941711.2,4302464.1],[4941711.5,4302357.0],[4941268.3,4302309.8],[4941075.1,4302262.7],[4940982.4,4302383.5],[4940889.3,4302390.3],[4940406.6,4302430.5],[4940320.7,4302624.8],[4940313.6,4302711.9],[4940363.6,4302846.4],[4940406.6,4303014.0],[4940449.0,4303194.7],[4940420.6,4303389.3],[4940327.8,4303429.6],[4940392.1,4303718.0],[4940617.4,4303811.8],[4940931.8,4303972.7],[4941174.5,4304073.2],[4941296.5,4304100.6],[4941403.7,4304067.0],[4941575.5,4304160.6],[4941580.2,4304042.0],[4941766.0,4303914.4],[4941848.2,4304054.8],[4941999.0,4304423.5],[4942270.3,4304356.5],[4942355.7,4304604.6],[4942506.1,4304571.0],[4942520.4,4304477.0],[4942591.9,4304470.5],[4942584.9,4304678.4],[4942548.6,4304832.4],[4942684.8,4304838.9],[4942692.0,4304892.8],[4942627.7,4304932.9],[4942678.0,4305053.2],[4942799.1,4305046.7],[4942770.7,4305207.9],[4942792.0,4305328.2],[4943077.6,4305362.0],[4943077.9,4305294.8],[4943270.8,4305348.2],[4943256.9,4305268.5],[4943513.8,4305227.7],[4943535.3,4305033.8],[4943442.1,4304919.8],[4943470.6,4304846.5],[4943585.0,4304846.6],[4943592.0,4304813.1],[4943499.3,4304718.8],[4943277.6,4304611.9],[4943170.7,4304557.7],[4943185.0,4304484.2],[4943349.2,4304396.8],[4943407.0,4304350.5],[4943413.6,4304262.9],[4943377.7,4304222.9],[4943184.8,4304323.6],[4943084.7,4304343.4],[4943021.0,4304330.0],[4942956.4,4304263.1],[4942970.9,4304155.8],[4943063.5,4304128.8],[4943213.6,4304142.3],[4943263.7,4304142.3],[4943277.5,4304088.9],[4943188.3,4304035.5],[4943059.9,4304008.8],[4942916.8,4303962.1],[4942916.7,4303646.9],[4942888.1,4303545.8],[4942945.5,4303425.3],[4942945.5,4303331.5],[4942974.0,4303177.2],[4943031.4,4303231.0],[4943117.0,4303391.8],[4943195.7,4303285.0],[4943131.5,4303150.4],[4943081.3,4302956.4],[4943009.7,4302842.5],[4942988.5,4302782.1],[4943059.9,4302748.2],[4943160.0,4302821.7],[4943252.8,4302862.5],[4943248.4,4302758.7],[4943069.1,4302699.0],[4942912.1,4302685.6],[4942912.3,4302732.3],[4942661.8,4302805.7],[4942661.9,4302752.2],[4942633.4,4302752.3],[4942568.6,4302772.3],[4942518.8,4302705.6],[4942440.4,4302732.3],[4942347.5,4302632.0],[4942333.4,4302577.8],[4942033.0,4302524.2]]]}},{"type":"Feature","properties":{"Vill_name":"Dakshin Majidkhana","Sub_dist":null,"District":"Alipurduar","Vill_LGD":"307291"},"geometry":{"type":"Polygon","coordinates":[[[4941245.7,4300896.9],[4941167.3,4300984.0],[4941102.9,4301017.2],[4940866.6,4300997.5],[4940631.3,4300990.7],[4940488.5,4300997.6],[4940281.0,4301198.3],[4940209.5,4301399.7],[4940184.2,4301661.2],[4940277.1,4301842.4],[4940299.0,4301909.8],[4940296.0,4301941.0],[4940403.1,4302001.2],[4940581.6,4302068.2],[4940796.2,4302108.9],[4940953.9,4302169.0],[4940996.4,4302235.9],[4940889.3,4302390.3],[4940982.4,4302383.5],[4941075.1,4302262.7],[4941268.3,4302309.8],[4941711.5,4302357.0],[4941711.2,4302464.1],[4942033.0,4302524.2],[4942333.4,4302577.8],[4942347.5,4302632.0],[4942440.4,4302732.3],[4942518.8,4302705.6],[4942568.6,4302772.3],[4942633.4,4302752.3],[4942661.9,4302752.2],[4942661.8,4302805.7],[4942912.3,4302732.3],[4942912.1,4302685.6],[4943069.1,4302699.0],[4943248.4,4302758.7],[4943205.3,4302685.4],[4943126.8,4302571.2],[4943119.5,4302457.4],[4943162.1,4302336.7],[4943062.5,4302396.7],[4942876.2,4302470.8],[4942776.1,4302470.9],[4942740.8,4302376.9],[4942754.6,4302303.4],[4943012.3,4302296.6],[4943012.2,4302256.3],[4942962.3,4302223.0],[4942876.2,4302122.6],[4942840.7,4302055.1],[4943091.0,4302129.0],[4943097.8,4301873.9],[4943227.0,4301873.7],[4943219.5,4301773.2],[4943047.9,4301706.5],[4943015.6,4301612.2],[4942879.7,4301639.6],[4942615.2,4301760.0],[4942551.1,4301846.8],[4942472.2,4301853.8],[4942358.3,4301759.9],[4942350.7,4301652.5],[4942300.7,4301558.8],[4942329.2,4301424.6],[4942286.8,4301337.1],[4942265.2,4301243.3],[4942294.0,4301176.4],[4942308.4,4301069.6],[4942247.1,4300914.9],[4942046.6,4300948.5],[4941918.1,4300995.4],[4941690.0,4301042.4],[4941603.8,4300894.9],[4941245.7,4300896.9]]]}},{"type":"Feature","properties":{"Vill_name":"Tatpara","Sub_dist":null,"District":"Alipurduar","Vill_LGD":"307289"},"geometry":{"type":"Polygon","coordinates":[[[4941296.5,4304100.6],[4941174.5,4304073.2],[4940931.8,4303972.7],[4940617.4,4303811.8],[4940392.1,4303718.0],[4940327.8,4303429.6],[4940420.6,4303389.3],[4940449.0,4303194.7],[4940406.6,4303014.0],[4940363.6,4302846.4],[4940313.6,4302711.9],[4940320.7,4302624.8],[4940406.6,4302430.5],[4940889.3,4302390.3],[4940996.4,4302235.9],[4940953.9,4302169.0],[4940796.2,4302108.9],[4940581.6,4302068.2],[4940403.1,4302001.2],[4940296.0,4301941.0],[4940299.0,4301909.8],[4940134.1,4301916.1],[4940077.2,4301936.5],[4940091.1,4302057.0],[4940048.2,4302070.1],[4940019.6,4301929.8],[4939813.0,4301936.6],[4939819.9,4302017.0],[4939655.2,4301969.8],[4939655.5,4301903.0],[4939490.8,4301876.0],[4939455.4,4301815.8],[4939302.0,4301787.8],[4939144.1,4301814.2],[4939194.1,4302123.0],[4939130.1,4302116.5],[4939058.6,4301988.8],[4938987.3,4301982.0],[4939008.6,4302049.3],[4938951.1,4302049.5],[4939009.0,4302317.4],[4939065.8,4302485.2],[4939215.5,4302465.3],[4939215.6,4302566.0],[4939187.3,4302572.5],[4939165.6,4302666.2],[4939129.6,4302679.7],[4939144.4,4302833.7],[4939222.9,4302834.0],[4939280.0,4302934.4],[4939208.2,4302988.0],[4939222.7,4303075.1],[4939172.7,4303061.9],[4939179.7,4303162.4],[4939237.3,4303209.4],[4939344.4,4303270.0],[4939365.7,4303350.1],[4939301.1,4303437.3],[4939230.0,4303404.0],[4939265.6,4303336.9],[4938965.4,4303309.8],[4938922.6,4303577.8],[4939137.1,4303611.2],[4939101.1,4303665.5],[4939158.5,4303892.6],[4939108.5,4303900.0],[4939173.0,4304215.0],[4939101.3,4304215.0],[4939065.8,4304617.5],[4938958.2,4304637.3],[4938800.0,4304762.4],[4938815.0,4304829.9],[4938785.8,4304916.9],[4938878.8,4304923.3],[4938993.4,4304816.3],[4939050.1,4304749.3],[4939150.5,4304775.7],[4939357.7,4304675.1],[4939493.5,4304648.2],[4939565.0,4304662.0],[4939593.6,4304722.3],[4939594.0,4304755.7],[4939515.0,4304782.9],[4939472.2,4304816.2],[4939487.0,4304856.2],[4939550.7,4304889.7],[4939679.8,4304890.0],[4939708.1,4304956.6],[4940102.8,4304978.5],[4940131.5,4304770.6],[4940381.9,4304791.0],[4940367.1,4304885.0],[4940810.3,4304952.0],[4940846.0,4304636.4],[4941182.1,4304817.5],[4941289.1,4304623.3],[4941468.2,4304730.5],[4941410.9,4304992.0],[4941582.4,4305031.7],[4941697.0,4304690.4],[4941768.2,4304421.8],[4941711.3,4304267.8],[4941575.5,4304160.6],[4941403.7,4304067.0],[4941296.5,4304100.6]]]}},{"type":"Feature","properties":{"Vill_name":"Saudpara","Sub_dist":null,"District":"Alipurduar","Vill_LGD":"307292"},"geometry":{"type":"Polygon","coordinates":[[[4940144.7,4299287.9],[4940094.6,4299482.4],[4940059.1,4299475.8],[4940066.5,4299361.7],[4939937.7,4299334.9],[4939987.6,4299173.8],[4939830.3,4299167.2],[4939830.2,4299415.2],[4939901.7,4299502.1],[4939930.8,4299569.3],[4939859.3,4299555.6],[4939859.5,4299623.4],[4939780.2,4299576.4],[4939677.0,4299589.1],[4939677.0,4299723.2],[4939819.6,4299770.3],[4939819.8,4299991.2],[4939719.8,4299977.6],[4939891.2,4300232.8],[4939834.3,4300272.8],[4939727.0,4300226.0],[4939626.8,4300031.6],[4939598.2,4300125.5],[4939469.7,4300165.0],[4939491.2,4300473.5],[4939348.3,4300453.3],[4939348.1,4300580.5],[4939519.8,4300553.9],[4939548.4,4300714.9],[4939512.6,4300714.6],[4939520.0,4300815.2],[4939434.2,4300821.8],[4939434.5,4300929.4],[4939226.6,4300922.4],[4939248.3,4301043.2],[4939212.3,4301036.1],[4939169.9,4301029.7],[4939194.1,4301345.1],[4939244.9,4301586.2],[4939280.1,4301580.0],[4939302.0,4301787.8],[4939455.4,4301815.8],[4939490.8,4301876.0],[4939655.5,4301903.0],[4939655.2,4301969.8],[4939819.9,4302017.0],[4939813.0,4301936.6],[4940019.6,4301929.8],[4940048.2,4302070.1],[4940091.1,4302057.0],[4940077.2,4301936.5],[4940134.1,4301916.1],[4940299.0,4301909.8],[4940277.1,4301842.4],[4940184.2,4301661.2],[4940209.5,4301399.7],[4940281.0,4301198.3],[4940488.5,4300997.6],[4940631.3,4300990.7],[4940866.6,4300997.5],[4941102.9,4301017.2],[4941167.3,4300984.0],[4941245.7,4300896.9],[4941224.4,4300715.6],[4941167.2,4300434.4],[4941067.2,4300172.8],[4940867.0,4299925.1],[4940652.2,4299609.8],[4940445.3,4299328.3],[4940445.2,4299053.3],[4940516.6,4298925.6],[4940573.7,4298831.6],[4940295.1,4298751.5],[4940216.4,4298724.6],[4940202.5,4298543.8],[4940059.5,4298483.4],[4939787.8,4298496.9],[4939758.7,4298664.4],[4939880.3,4298717.9],[4939859.5,4298825.4],[4939794.8,4298831.6],[4939966.3,4298932.7],[4939994.7,4298872.1],[4940094.7,4298865.2],[4940116.4,4298966.4],[4940173.9,4298966.2],[4940166.4,4299040.0],[4940116.3,4299059.7],[4940116.2,4299093.5],[4940323.7,4299180.6],[4940316.6,4299348.2],[4940266.5,4299308.0],[4940144.7,4299287.9]]]}},{"type":"Feature","properties":{"Vill_name":"Bindipara","Sub_dist":null,"District":"Alipurduar","Vill_LGD":"307274"},"geometry":{"type":"Polygon","coordinates":[[[4938504.8,4299507.9],[4938165.3,4299480.8],[4938215.4,4299581.4],[4938344.0,4299634.7],[4938408.5,4299661.9],[4938394.0,4299748.6],[4938215.5,4299755.2],[4938072.2,4299782.3],[4938043.6,4299990.1],[4938025.9,4300184.7],[4937962.0,4300238.6],[4937797.3,4300231.7],[4937675.8,4300245.5],[4937640.0,4300379.3],[4937614.1,4300446.8],[4937622.0,4300446.7],[4937950.6,4300527.3],[4937943.8,4300608.0],[4938015.3,4300621.2],[4938036.2,4300554.5],[4938265.4,4300547.3],[4938265.4,4300607.7],[4938644.5,4300761.9],[4938675.5,4301406.2],[4938822.7,4301378.9],[4939194.1,4301345.1],[4939169.9,4301029.7],[4939212.3,4301036.1],[4939248.3,4301043.2],[4939226.6,4300922.4],[4939434.5,4300929.4],[4939434.2,4300821.8],[4939520.0,4300815.2],[4939512.6,4300714.6],[4939548.4,4300714.9],[4939519.8,4300553.9],[4939348.1,4300580.5],[4939348.3,4300453.3],[4939491.2,4300473.5],[4939469.7,4300165.0],[4939313.0,4300124.6],[4939333.6,4299910.5],[4939155.3,4299910.3],[4939155.5,4299742.4],[4939027.0,4299708.7],[4938976.8,4299608.1],[4938905.1,4299588.4],[4938876.3,4299501.1],[4938504.8,4299507.9]]]}},{"type":"Feature","properties":{"Vill_name":"Karipara","Sub_dist":null,"District":"Alipurduar","Vill_LGD":"307275"},"geometry":{"type":"Polygon","coordinates":[[[4938036.2,4300554.5],[4938015.3,4300621.2],[4937943.8,4300608.0],[4937950.6,4300527.3],[4937622.0,4300446.7],[4937614.1,4300446.8],[4937604.5,4300473.4],[4937604.1,4300553.9],[4937661.3,4300681.4],[4937711.3,4300755.0],[4937747.4,4300822.0],[4937675.7,4300882.4],[4937639.9,4300922.5],[4937639.5,4301022.6],[4937754.4,4301197.5],[4937818.5,4301324.9],[4937854.2,4301451.8],[4937832.8,4301653.1],[4938072.2,4301667.0],[4938107.7,4301613.2],[4938293.7,4301606.9],[4938315.2,4301660.5],[4938429.6,4301680.2],[4938430.0,4301754.4],[4938579.9,4301720.8],[4938515.2,4301586.1],[4938608.1,4301573.4],[4938608.1,4301418.7],[4938675.5,4301406.2],[4938644.5,4300761.9],[4938265.4,4300607.7],[4938265.4,4300547.3],[4938036.2,4300554.5]]]}},{"type":"Feature","properties":{"Vill_name":"Chengpara","Sub_dist":null,"District":"Alipurduar","Vill_LGD":"307259"},"geometry":{"type":"Polygon","coordinates":[[[4933461.3,4301125.3],[4933389.8,4300803.6],[4933475.5,4300716.4],[4933632.5,4300729.8],[4933647.1,4300703.5],[4933761.7,4300555.8],[4933804.7,4300602.0],[4933883.2,4300817.4],[4933918.7,4300723.4],[4933926.4,4300562.2],[4933976.5,4300542.5],[4934097.8,4300602.3],[4934211.6,4300636.3],[4934297.7,4300582.4],[4934119.2,4300475.2],[4933911.5,4300401.4],[4933862.0,4300307.7],[4934012.0,4300119.9],[4934162.0,4300012.7],[4934276.1,4299844.8],[4934197.8,4299798.3],[4934136.7,4299791.9],[4934122.6,4299543.7],[4934044.4,4299443.2],[4934008.4,4299222.0],[4934029.9,4299081.1],[4934179.5,4299175.2],[4934201.3,4299181.7],[4934215.6,4299181.8],[4934229.6,4299134.9],[4933979.8,4298967.2],[4934036.5,4298859.9],[4934029.8,4298806.1],[4934022.9,4298745.8],[4933958.4,4298739.3],[4933815.3,4298772.7],[4933693.7,4298759.0],[4933572.5,4298685.9],[4933551.0,4298591.6],[4933593.8,4298518.0],[4933708.2,4298477.8],[4933744.0,4298437.8],[4933593.7,4298377.1],[4933544.0,4298277.0],[4933557.8,4298142.6],[4933575.8,4298002.0],[4933726.0,4297921.8],[4933840.1,4297888.5],[4933840.2,4297854.6],[4933804.3,4297774.3],[4933754.4,4297646.7],[4933833.0,4297452.0],[4933749.5,4297426.0],[4933738.7,4297437.0],[4933597.1,4297371.3],[4933508.6,4297313.1],[4933438.8,4297290.1],[4933279.0,4297240.3],[4933102.9,4297211.0],[4932983.9,4297202.9],[4932951.7,4297236.1],[4932949.1,4297359.8],[4932932.4,4297438.4],[4933016.5,4297495.3],[4933242.8,4297596.4],[4933318.0,4297639.9],[4933467.8,4297785.9],[4933510.4,4297932.9],[4933487.8,4298012.5],[4933424.3,4298069.2],[4933352.3,4298101.6],[4933193.0,4298100.6],[4932872.3,4298165.2],[4932798.6,4298164.6],[4932774.9,4298193.9],[4932879.2,4298293.5],[4933017.2,4298441.2],[4933081.5,4298493.8],[4933180.1,4298677.2],[4933204.8,4298790.0],[4933207.1,4298878.2],[4933144.6,4298965.4],[4932993.1,4299058.8],[4932837.0,4299128.0],[4932843.3,4299133.2],[4932864.7,4299260.4],[4932964.6,4299327.6],[4932943.1,4299367.8],[4932936.0,4299535.4],[4932971.8,4299609.3],[4932943.5,4299676.2],[4932950.1,4299723.2],[4933015.0,4299763.2],[4933000.2,4299803.7],[4932943.2,4299877.1],[4932971.8,4299904.5],[4933071.9,4299917.1],[4933186.3,4299877.5],[4933107.8,4300058.3],[4933021.6,4300433.8],[4933093.3,4300494.2],[4933100.1,4300547.6],[4933029.1,4300574.1],[4932950.3,4300547.8],[4932836.3,4300661.6],[4932793.1,4300681.7],[4932714.0,4300835.5],[4932986.2,4301110.8],[4933057.7,4301185.0],[4933043.5,4301318.8],[4933189.5,4301293.4],[4933339.5,4301259.4],[4933354.5,4301152.1],[4933461.3,4301125.3]]]}},{"type":"Feature","properties":{"Vill_name":"Chandirjhar","Sub_dist":null,"District":"Alipurduar","Vill_LGD":"307267"},"geometry":{"type":"Polygon","coordinates":[[[4937035.3,4299860.2],[4937099.7,4299591.7],[4936978.3,4299471.5],[4936828.5,4299390.7],[4936800.0,4299410.9],[4936785.1,4299484.8],[4936692.2,4299498.0],[4936520.6,4299471.2],[4936399.2,4299370.5],[4936370.6,4299189.9],[4936427.8,4299123.0],[4936513.6,4299095.6],[4936556.6,4299089.3],[4936478.0,4299028.6],[4936249.5,4298908.1],[4936134.8,4298760.7],[4936149.5,4298720.2],[4936227.6,4298700.3],[4936352.6,4298713.7],[4936402.6,4298532.9],[4936446.0,4298385.2],[4936389.0,4298345.2],[4936338.8,4298264.7],[4936367.4,4298190.9],[4936417.3,4298123.6],[4936460.2,4298130.5],[4936488.7,4297976.2],[4936560.5,4297942.9],[4936617.1,4297909.2],[4936603.5,4297795.1],[4936539.0,4297735.1],[4936445.9,4297721.8],[4936338.9,4297588.0],[4936331.5,4297507.1],[4936166.6,4297513.9],[4936081.4,4297426.8],[4936009.9,4297279.0],[4936016.9,4297185.1],[4936074.4,4297091.6],[4936009.7,4297058.0],[4935891.6,4297185.9],[4935677.5,4297186.0],[4935498.9,4297152.4],[4935391.5,4297273.4],[4935169.8,4297360.0],[4935020.0,4297360.2],[4934891.1,4297333.4],[4934755.5,4297232.6],[4934627.0,4297280.0],[4934519.4,4297353.4],[4934433.9,4297293.3],[4934376.5,4297159.4],[4934297.8,4297038.3],[4934133.2,4296957.7],[4934026.4,4296931.4],[4933962.8,4296907.5],[4933987.9,4297015.8],[4934031.7,4297152.1],[4934044.0,4297244.0],[4934027.0,4297298.9],[4933944.2,4297330.6],[4933857.8,4297335.0],[4933796.9,4297340.2],[4933778.8,4297396.0],[4933749.5,4297426.0],[4933833.0,4297452.0],[4933754.4,4297646.7],[4933804.3,4297774.3],[4933840.2,4297854.6],[4933840.1,4297888.5],[4933726.0,4297921.8],[4933575.8,4298002.0],[4933557.8,4298142.6],[4934086.9,4298076.1],[4934322.4,4298008.8],[4934365.4,4298116.5],[4934501.3,4298089.1],[4934623.0,4298183.4],[4934744.5,4298116.0],[4934922.8,4298096.1],[4935101.7,4298122.8],[4935237.3,4298183.4],[4935373.5,4298189.9],[4935495.0,4298196.7],[4935501.9,4298257.4],[4935437.8,4298283.8],[4935366.0,4298283.8],[4935316.5,4298344.3],[4935337.2,4298404.7],[4935423.2,4298545.4],[4935523.5,4298605.7],[4935616.4,4298726.0],[4935630.6,4298840.2],[4935580.7,4298947.8],[4935527.3,4298934.9],[4935377.3,4298807.4],[4935319.8,4298827.2],[4935291.1,4298874.5],[4935341.4,4298961.3],[4935405.6,4299035.1],[4935427.4,4299196.3],[4935398.3,4299270.0],[4935356.0,4299343.6],[4935320.0,4299397.4],[4935341.4,4299464.2],[4935420.0,4299524.9],[4935434.1,4299558.0],[4935391.2,4299612.0],[4935319.7,4299578.1],[4935234.4,4299564.7],[4935234.1,4299786.1],[4935248.3,4299879.6],[4935248.2,4299993.5],[4935212.9,4300074.3],[4935155.1,4300235.1],[4935323.4,4300248.6],[4935623.9,4300422.6],[4935680.5,4300389.5],[4935745.3,4300349.4],[4936059.6,4300349.2],[4936256.4,4300248.6],[4936506.6,4300255.7],[4936685.2,4300248.6],[4936863.6,4300255.7],[4936856.6,4299920.4],[4937035.3,4299860.2]]]}},{"type":"Feature","properties":{"Vill_name":"Paschim Barachouki","Sub_dist":null,"District":"Alipurduar","Vill_LGD":"307269"},"geometry":{"type":"Polygon","coordinates":[[[4936800.0,4299410.9],[4936828.5,4299390.7],[4936978.3,4299471.5],[4937071.8,4299447.5],[4937150.3,4299406.6],[4937214.4,4299279.5],[4937279.0,4299078.3],[4937300.5,4298917.3],[4937307.3,4298837.1],[4937400.2,4298702.6],[4937507.8,4298609.5],[4937607.6,4298595.6],[4937579.2,4298521.6],[4937543.3,4298421.2],[4937590.0,4298327.2],[4937611.2,4298233.4],[4937654.2,4298085.7],[4937711.5,4297770.7],[4937740.2,4297623.3],[4937811.3,4297562.8],[4938011.8,4297529.2],[4938176.5,4297536.2],[4938261.7,4297562.8],[4938361.8,4297603.5],[4938454.9,4297629.6],[4938512.3,4297629.9],[4938569.3,4297516.2],[4938597.9,4297442.5],[4938569.2,4297395.4],[4938562.1,4297308.2],[4938540.6,4297234.4],[4938491.0,4297234.5],[4938498.0,4297180.8],[4938547.9,4297154.2],[4938554.9,4297100.1],[4938512.5,4297053.4],[4938397.9,4297086.7],[4938283.2,4297154.3],[4938161.9,4297133.8],[4938126.3,4297066.8],[4938140.1,4296872.5],[4938218.8,4296684.7],[4938140.2,4296684.9],[4938025.7,4296698.0],[4937861.6,4296678.4],[4937854.3,4296718.3],[4937782.6,4296738.4],[4937740.3,4296657.8],[4937679.1,4296644.1],[4937629.2,4296517.0],[4937522.0,4296510.4],[4937507.7,4296469.9],[4937458.0,4296463.1],[4937436.1,4296335.8],[4937428.7,4296141.0],[4937378.6,4296141.1],[4937350.5,4296114.7],[4937364.7,4296094.7],[4937464.9,4296021.0],[4937428.8,4295893.0],[4937345.7,4295865.5],[4937397.2,4295807.4],[4937304.0,4295745.2],[4937183.5,4295658.7],[4937021.2,4295558.1],[4936911.3,4295482.2],[4936743.8,4295392.5],[4936586.8,4295336.0],[4936504.6,4295315.2],[4936458.7,4295317.4],[4936275.2,4295383.1],[4936011.1,4295540.1],[4935943.1,4295578.2],[4935863.7,4295574.3],[4935759.9,4295574.0],[4935717.8,4295607.1],[4935605.7,4295569.5],[4935588.5,4295572.5],[4935337.3,4295607.0],[4935406.0,4295691.9],[4935456.0,4295785.1],[4935520.2,4295839.3],[4935605.7,4295859.1],[4935670.4,4295932.9],[4935734.8,4296073.5],[4935798.9,4296120.8],[4935856.4,4296221.2],[4935878.0,4296241.4],[4935963.1,4296227.8],[4936013.4,4296194.4],[4936049.5,4296127.4],[4936070.8,4296134.3],[4936099.3,4296214.2],[4936063.4,4296288.2],[4936128.1,4296321.7],[4936199.5,4296328.1],[4936306.5,4296328.3],[4936327.7,4296408.9],[4936377.7,4296502.6],[4936406.7,4296542.8],[4936385.5,4296636.5],[4936199.3,4296811.3],[4936109.6,4296952.3],[4936009.7,4297058.0],[4936074.4,4297091.6],[4936016.9,4297185.1],[4936009.9,4297279.0],[4936081.4,4297426.8],[4936166.6,4297513.9],[4936331.5,4297507.1],[4936338.9,4297588.0],[4936445.9,4297721.8],[4936539.0,4297735.1],[4936603.5,4297795.1],[4936617.1,4297909.2],[4936560.5,4297942.9],[4936488.7,4297976.2],[4936460.2,4298130.5],[4936417.3,4298123.6],[4936367.4,4298190.9],[4936338.8,4298264.7],[4936389.0,4298345.2],[4936446.0,4298385.2],[4936402.6,4298532.9],[4936352.6,4298713.7],[4936227.6,4298700.3],[4936149.5,4298720.2],[4936134.8,4298760.7],[4936249.5,4298908.1],[4936478.0,4299028.6],[4936556.6,4299089.3],[4936513.6,4299095.6],[4936427.8,4299123.0],[4936370.6,4299189.9],[4936399.2,4299370.5],[4936520.6,4299471.2],[4936692.2,4299498.0],[4936785.1,4299484.8],[4936800.0,4299410.9]]]}},{"type":"Feature","properties":{"Vill_name":"Purba Barachouki","Sub_dist":null,"District":"Alipurduar","Vill_LGD":"307270"},"geometry":{"type":"Polygon","coordinates":[[[4937854.3,4296718.3],[4937861.6,4296678.4],[4938025.7,4296698.0],[4938140.2,4296684.9],[4938218.8,4296684.7],[4938287.0,4296605.0],[4938543.6,4296557.9],[4938944.2,4296591.3],[4938922.9,4296410.1],[4938887.2,4296141.7],[4938851.5,4295994.2],[4938929.8,4295826.5],[4939052.0,4295827.0],[4939122.6,4295860.4],[4939280.3,4295900.8],[4939388.2,4295893.2],[4939351.8,4295801.1],[4939237.5,4295533.4],[4939144.5,4295352.2],[4939165.9,4295245.2],[4939244.4,4295144.3],[4939322.7,4295057.2],[4939309.0,4294943.2],[4939458.8,4294340.0],[4939302.1,4294319.7],[4939315.8,4294239.3],[4939216.1,4294239.4],[4939097.2,4294204.5],[4938936.3,4294404.0],[4938825.0,4294557.2],[4938538.6,4294896.6],[4938388.2,4295038.3],[4938244.0,4295169.1],[4938170.5,4295264.9],[4938050.3,4295368.3],[4937917.9,4295470.9],[4937643.4,4295743.8],[4937525.0,4295906.9],[4937453.5,4295844.9],[4937397.2,4295807.4],[4937345.7,4295865.5],[4937428.8,4295893.0],[4937464.9,4296021.0],[4937364.7,4296094.7],[4937350.5,4296114.7],[4937378.6,4296141.1],[4937428.7,4296141.0],[4937436.1,4296335.8],[4937458.0,4296463.1],[4937507.7,4296469.9],[4937522.0,4296510.4],[4937629.2,4296517.0],[4937679.1,4296644.1],[4937740.3,4296657.8],[4937782.6,4296738.4],[4937854.3,4296718.3]]]}},{"type":"Feature","properties":{"Vill_name":"Karjeepara","Sub_dist":null,"District":"Alipurduar","Vill_LGD":"307273"},"geometry":{"type":"Polygon","coordinates":[[[4939573.5,4297793.7],[4939151.5,4297612.4],[4939015.9,4297666.3],[4938894.2,4297726.2],[4938786.6,4297900.8],[4938679.9,4297894.2],[4938672.7,4297766.7],[4938829.9,4297592.1],[4938787.0,4297471.7],[4938808.5,4297371.5],[4938686.8,4297330.8],[4938597.9,4297442.5],[4938569.3,4297516.2],[4938512.3,4297629.9],[4938454.9,4297629.6],[4938361.8,4297603.5],[4938261.7,4297562.8],[4938176.5,4297536.2],[4938011.8,4297529.2],[4937811.3,4297562.8],[4937740.2,4297623.3],[4937711.5,4297770.7],[4937654.2,4298085.7],[4937611.2,4298233.4],[4937590.0,4298327.2],[4937543.3,4298421.2],[4937579.2,4298521.6],[4937607.6,4298595.6],[4937793.5,4298702.8],[4937944.0,4298830.3],[4937957.7,4298944.4],[4937993.9,4299152.4],[4938086.8,4299272.7],[4938172.2,4299346.5],[4938165.3,4299480.8],[4938504.8,4299507.9],[4938876.3,4299501.1],[4938905.1,4299588.4],[4938976.8,4299608.1],[4939027.0,4299708.7],[4939155.5,4299742.4],[4939155.3,4299910.3],[4939333.6,4299910.5],[4939313.0,4300124.6],[4939469.7,4300165.0],[4939598.2,4300125.5],[4939626.8,4300031.6],[4939727.0,4300226.0],[4939834.3,4300272.8],[4939891.2,4300232.8],[4939719.8,4299977.6],[4939819.8,4299991.2],[4939819.6,4299770.3],[4939677.0,4299723.2],[4939677.0,4299589.1],[4939780.2,4299576.4],[4939859.5,4299623.4],[4939859.3,4299555.6],[4939930.8,4299569.3],[4939901.7,4299502.1],[4939830.2,4299415.2],[4939830.3,4299167.2],[4939987.6,4299173.8],[4939937.7,4299334.9],[4940066.5,4299361.7],[4940059.1,4299475.8],[4940094.6,4299482.4],[4940144.7,4299287.9],[4940266.5,4299308.0],[4940316.6,4299348.2],[4940323.7,4299180.6],[4940116.2,4299093.5],[4940116.3,4299059.7],[4940166.4,4299040.0],[4940173.9,4298966.2],[4940116.4,4298966.4],[4940094.7,4298865.2],[4939994.7,4298872.1],[4939966.3,4298932.7],[4939794.8,4298831.6],[4939859.5,4298825.4],[4939880.3,4298717.9],[4939758.7,4298664.4],[4939787.8,4298496.9],[4940059.5,4298483.4],[4940202.5,4298543.8],[4940216.4,4298724.6],[4940295.1,4298751.5],[4940573.7,4298831.6],[4940603.0,4298732.4],[4940559.6,4298530.9],[4940423.7,4298323.1],[4940259.1,4298202.2],[4940059.2,4298028.1],[4939944.6,4297961.3],[4939573.5,4297793.7]]]}},{"type":"Feature","properties":{"Vill_name":"Chilurghat","Sub_dist":null,"District":"Alipurduar","Vill_LGD":"307294"},"geometry":{"type":"Polygon","coordinates":[[[4940971.0,4297315.1],[4940648.8,4297355.7],[4940656.2,4297489.6],[4940463.2,4297509.8],[4940499.2,4297669.6],[4940685.4,4297770.4],[4940720.6,4297957.7],[4940792.4,4298407.5],[4941200.0,4298427.5],[4941724.6,4298424.2],[4941682.1,4298337.2],[4941503.6,4298364.0],[4941389.4,4298296.7],[4941346.4,4298129.1],[4941396.2,4298042.2],[4941510.7,4297948.4],[4941632.5,4297794.2],[4941682.4,4297727.3],[4941767.8,4297706.9],[4941889.2,4297592.9],[4941982.3,4297626.3],[4942118.5,4297593.1],[4942190.0,4297505.7],[4942222.0,4297369.2],[4941878.3,4297194.6],[4941578.2,4297114.4],[4941478.2,4297007.5],[4941263.9,4297074.3],[4941342.6,4297235.2],[4941328.3,4297235.5],[4941257.1,4297308.7],[4940971.0,4297315.1]]]}},{"type":"Feature","properties":{"Vill_name":"Uttar Bhatibari","Sub_dist":null,"District":"Alipurduar","Vill_LGD":"307293"},"geometry":{"type":"Polygon","coordinates":[[[4940012.6,4297013.8],[4940034.6,4297416.1],[4940041.1,4297442.9],[4939991.4,4297456.2],[4939998.5,4297483.1],[4940012.7,4297503.4],[4940049.0,4297503.2],[4940084.4,4297503.4],[4940084.2,4297516.7],[4940077.1,4297583.6],[4939969.8,4297784.7],[4939951.6,4297886.0],[4939944.6,4297961.3],[4940059.2,4298028.1],[4940259.1,4298202.2],[4940423.7,4298323.1],[4940559.6,4298530.9],[4940603.0,4298732.4],[4940573.7,4298831.6],[4940516.6,4298925.6],[4940445.2,4299053.3],[4940445.3,4299328.3],[4940652.2,4299609.8],[4940867.0,4299925.1],[4941067.2,4300172.8],[4941167.2,4300434.4],[4941224.4,4300715.6],[4941245.7,4300896.9],[4941603.8,4300894.9],[4941690.0,4301042.4],[4941918.1,4300995.4],[4942046.6,4300948.5],[4942247.1,4300914.9],[4942239.7,4300874.8],[4942176.0,4300841.3],[4942090.0,4300780.7],[4942061.5,4300646.7],[4942132.7,4300493.0],[4942125.7,4300425.4],[4941996.9,4300345.5],[4941932.8,4300157.3],[4941846.7,4299902.8],[4941703.6,4299836.0],[4941628.8,4299768.6],[4941507.2,4299446.5],[4941457.3,4299145.0],[4941435.6,4298849.9],[4941471.2,4298782.8],[4941646.5,4298833.5],[4941689.2,4298578.2],[4941724.6,4298424.2],[4941200.0,4298427.5],[4940792.4,4298407.5],[4940720.6,4297957.7],[4940685.4,4297770.4],[4940499.2,4297669.6],[4940463.2,4297509.8],[4940455.8,4297429.4],[4940427.3,4297429.5],[4940420.2,4297362.4],[4940327.5,4297349.1],[4940327.2,4297315.2],[4940306.0,4297295.5],[4940284.2,4297228.2],[4940220.4,4297228.1],[4940227.2,4297188.1],[4940262.7,4297174.6],[4940263.0,4297128.0],[4940448.6,4297147.7],[4940491.8,4297147.8],[4940413.1,4297007.5],[4940012.6,4297013.8]]]}},{"type":"Feature","properties":{"Vill_name":"Kumarijan","Sub_dist":null,"District":"Alipurduar","Vill_LGD":"307295"},"geometry":{"type":"Polygon","coordinates":[[[4941939.2,4298813.1],[4941989.6,4298766.4],[4942125.3,4298772.9],[4942125.6,4298705.7],[4942439.9,4298652.5],[4942432.6,4298497.9],[4942483.0,4298491.5],[4942496.7,4298391.0],[4942482.7,4298324.0],[4942525.9,4298263.2],[4942554.1,4298196.3],[4942561.2,4298069.0],[4942679.4,4298021.6],[4942736.5,4297894.2],[4942815.2,4297820.9],[4942922.6,4297813.8],[4942951.0,4297753.8],[4943000.9,4297707.1],[4942972.2,4297660.0],[4942986.7,4297552.2],[4943022.2,4297425.2],[4942843.7,4297471.7],[4942865.4,4297378.4],[4942807.9,4297378.1],[4942714.8,4297364.8],[4942729.3,4297338.0],[4942765.3,4297264.1],[4942865.2,4297157.0],[4942793.7,4297143.2],[4942707.9,4297190.2],[4942629.3,4297170.2],[4942601.0,4297116.8],[4942601.1,4297062.8],[4942679.5,4296983.1],[4942815.4,4296915.4],[4942807.9,4296835.5],[4942937.1,4296835.3],[4942907.7,4296802.0],[4942850.9,4296747.7],[4942922.4,4296701.1],[4942908.1,4296660.6],[4942879.5,4296654.3],[4942815.5,4296688.1],[4942765.2,4296680.8],[4942750.7,4296574.0],[4942636.3,4296573.9],[4942543.3,4296526.7],[4942522.1,4296446.2],[4942586.3,4296305.4],[4942704.5,4296258.5],[4942661.3,4296084.1],[4942740.0,4296050.5],[4942761.5,4295929.8],[4942804.2,4295929.8],[4942796.9,4295989.9],[4942847.3,4296064.0],[4943068.8,4296043.7],[4943061.2,4295956.4],[4943004.5,4295929.6],[4943069.0,4295487.3],[4943046.3,4295106.7],[4942834.8,4295064.2],[4942859.3,4294806.7],[4942770.2,4294800.6],[4942801.6,4294902.6],[4942795.6,4294969.1],[4942540.3,4294939.8],[4942382.4,4294919.2],[4942322.8,4294897.9],[4942142.4,4294788.6],[4942027.8,4294738.0],[4941978.2,4294737.6],[4941924.0,4294881.9],[4941873.3,4294940.9],[4941815.0,4294981.2],[4941794.6,4295005.4],[4941785.1,4295144.4],[4941531.5,4295091.6],[4941496.6,4295019.4],[4941458.4,4294908.6],[4941430.4,4294836.8],[4941451.4,4294802.8],[4941470.2,4294780.0],[4941450.1,4294742.7],[4941412.4,4294711.6],[4941440.2,4294657.0],[4941504.7,4294520.2],[4941546.8,4294386.4],[4941599.1,4294368.8],[4941637.4,4294327.2],[4941720.7,4294253.2],[4941824.0,4294194.8],[4941875.9,4294169.8],[4941898.3,4294130.1],[4941904.2,4294065.0],[4941929.8,4293964.5],[4941971.3,4293839.5],[4941932.2,4293764.0],[4941816.8,4293724.6],[4941812.6,4293643.2],[4941826.8,4293557.1],[4941803.3,4293426.1],[4941800.7,4293334.9],[4941767.9,4293232.8],[4941704.0,4293188.6],[4941625.3,4293095.2],[4941584.0,4293029.9],[4941618.7,4293005.2],[4941647.7,4293011.7],[4941665.4,4293048.3],[4941678.5,4293086.1],[4941719.1,4293090.3],[4941742.2,4293047.6],[4941720.5,4292969.4],[4941723.4,4292925.8],[4941670.1,4292914.8],[4941595.9,4292957.0],[4941556.3,4292938.5],[4941507.5,4292896.8],[4941404.0,4292915.3],[4941321.5,4292913.6],[4941236.2,4292895.0],[4941227.2,4292883.0],[4941245.8,4292818.9],[4941305.2,4292719.2],[4941353.6,4292631.0],[4941320.4,4292577.6],[4941267.2,4292542.5],[4941232.8,4292506.2],[4941213.8,4292430.6],[4941183.2,4292396.0],[4941110.0,4292430.9],[4940986.9,4292505.1],[4940832.4,4292620.9],[4940675.2,4292755.2],[4940608.2,4292816.4],[4940666.8,4292946.8],[4940667.0,4293106.5],[4940709.8,4293206.7],[4940788.6,4293253.7],[4940959.8,4293307.6],[4940996.1,4293381.5],[4941024.3,4293488.9],[4941017.6,4293669.8],[4941067.3,4293770.4],[4941124.5,4293877.2],[4941145.9,4293964.7],[4941089.0,4294065.1],[4940952.8,4294212.7],[4940927.9,4294373.1],[4940963.8,4294607.6],[4941042.5,4294922.7],[4941049.4,4295137.1],[4940956.6,4295198.0],[4940863.8,4295278.5],[4940799.3,4295345.1],[4940871.0,4295486.5],[4940978.1,4295620.3],[4940906.4,4295794.2],[4940963.1,4295901.0],[4941092.3,4295961.2],[4941249.5,4295941.2],[4941378.1,4295961.2],[4941442.4,4296115.5],[4941492.4,4296189.1],[4941663.6,4296202.7],[4941778.3,4296289.7],[4941842.9,4296417.5],[4941892.9,4296685.1],[4941928.5,4296813.0],[4942057.4,4296879.6],[4942064.3,4297054.2],[4942114.5,4297175.0],[4942222.0,4297369.2],[4942190.0,4297505.7],[4942118.5,4297593.1],[4941982.3,4297626.3],[4941889.2,4297592.9],[4941767.8,4297706.9],[4941682.4,4297727.3],[4941632.5,4297794.2],[4941510.7,4297948.4],[4941396.2,4298042.2],[4941346.4,4298129.1],[4941389.4,4298296.7],[4941503.6,4298364.0],[4941682.1,4298337.2],[4941724.6,4298424.2],[4941689.2,4298578.2],[4941646.5,4298833.5],[4941839.4,4298846.6],[4941832.2,4298833.5],[4941939.2,4298813.1]]]}},{"type":"Feature","properties":{"Vill_name":"Thanupara","Sub_dist":null,"District":"Alipurduar","Vill_LGD":"307300"},"geometry":{"type":"Polygon","coordinates":[[[4942983.9,4298910.8],[4942969.1,4298984.2],[4942876.4,4298950.8],[4942855.0,4298917.4],[4942904.6,4298803.4],[4942876.3,4298769.6],[4942748.0,4298823.4],[4942683.2,4298823.2],[4942626.3,4298729.7],[4942604.7,4298615.7],[4942583.5,4298474.7],[4942576.6,4298414.5],[4942496.7,4298391.0],[4942483.0,4298491.5],[4942432.6,4298497.9],[4942439.9,4298652.5],[4942125.6,4298705.7],[4942125.3,4298772.9],[4941989.6,4298766.4],[4941939.2,4298813.1],[4941832.2,4298833.5],[4941839.4,4298846.6],[4941646.5,4298833.5],[4941471.2,4298782.8],[4941435.6,4298849.9],[4941457.3,4299145.0],[4941507.2,4299446.5],[4941628.8,4299768.6],[4941703.6,4299836.0],[4941846.7,4299902.8],[4941932.8,4300157.3],[4941996.9,4300345.5],[4942125.7,4300425.4],[4942132.7,4300493.0],[4942061.5,4300646.7],[4942090.0,4300780.7],[4942176.0,4300841.3],[4942239.7,4300874.8],[4942247.1,4300914.9],[4942308.4,4301069.6],[4942294.0,4301176.4],[4942265.2,4301243.3],[4942286.8,4301337.1],[4942329.2,4301424.6],[4942300.7,4301558.8],[4942350.7,4301652.5],[4942358.3,4301759.9],[4942472.2,4301853.8],[4942551.1,4301846.8],[4942615.2,4301760.0],[4942879.7,4301639.6],[4943015.6,4301612.2],[4942994.3,4301451.6],[4942858.4,4301458.3],[4942830.0,4301243.3],[4942822.6,4301130.0],[4943073.1,4301129.8],[4943080.4,4301069.2],[4942915.8,4300988.7],[4942815.9,4300941.7],[4942851.2,4300747.4],[4942979.8,4300760.9],[4943073.0,4300834.6],[4943130.3,4300868.3],[4943215.9,4300874.9],[4943237.5,4300814.5],[4943187.5,4300780.7],[4943087.3,4300760.7],[4943066.1,4300640.3],[4943029.7,4300599.8],[4943051.4,4300566.5],[4943251.8,4300626.6],[4943323.5,4300452.3],[4943051.4,4300178.0],[4942937.3,4300037.0],[4942987.2,4300010.0],[4943094.3,4300030.3],[4943202.1,4299902.9],[4943401.7,4299835.8],[4943437.4,4299828.7],[4943451.7,4299775.4],[4943537.3,4299782.4],[4943558.7,4299695.1],[4943737.7,4299741.9],[4943744.8,4299561.1],[4943623.2,4299466.9],[4943645.0,4299205.2],[4943591.2,4299293.0],[4943519.8,4299359.8],[4943426.6,4299346.5],[4943369.9,4299299.6],[4943383.9,4299192.2],[4943455.3,4299044.9],[4943433.7,4299024.2],[4943355.3,4299091.6],[4943291.0,4299092.0],[4943269.2,4299004.5],[4943269.2,4298810.1],[4943127.0,4298763.5],[4943047.7,4298830.4],[4942983.9,4298910.8]]]}},{"type":"Feature","properties":{"Vill_name":"Paschim Khalishamari","Sub_dist":null,"District":"Alipurduar","Vill_LGD":"307301"},"geometry":{"type":"Polygon","coordinates":[[[4943645.0,4299205.2],[4943623.2,4299466.9],[4943744.8,4299561.1],[4943737.7,4299741.9],[4943558.7,4299695.1],[4943537.3,4299782.4],[4943451.7,4299775.4],[4943437.4,4299828.7],[4943401.7,4299835.8],[4943202.1,4299902.9],[4943094.3,4300030.3],[4942987.2,4300010.0],[4942937.3,4300037.0],[4943051.4,4300178.0],[4943323.5,4300452.3],[4943251.8,4300626.6],[4943051.4,4300566.5],[4943029.7,4300599.8],[4943066.1,4300640.3],[4943087.3,4300760.7],[4943187.5,4300780.7],[4943237.5,4300814.5],[4943215.9,4300874.9],[4943130.3,4300868.3],[4943073.0,4300834.6],[4942979.8,4300760.9],[4942851.2,4300747.4],[4942815.9,4300941.7],[4942915.8,4300988.7],[4943080.4,4301069.2],[4943073.1,4301129.8],[4942822.6,4301130.0],[4942830.0,4301243.3],[4942858.4,4301458.3],[4942994.3,4301451.6],[4943015.6,4301612.2],[4943385.3,4301521.4],[4943671.4,4301494.3],[4943943.0,4301441.0],[4944185.7,4301501.3],[4944471.7,4301547.9],[4944700.9,4301541.2],[4944761.7,4301286.8],[4944854.4,4300991.7],[4945047.2,4301005.3],[4944961.9,4300509.2],[4945054.9,4300496.0],[4945054.8,4300261.2],[4944854.5,4300281.6],[4944890.5,4300073.6],[4945068.7,4300012.9],[4945040.3,4299765.1],[4944507.8,4299718.4],[4944522.5,4299504.1],[4944529.3,4299423.4],[4943986.0,4299242.2],[4943645.0,4299205.2]]]}},{"type":"Feature","properties":{"Vill_name":"Purba Khalishamari","Sub_dist":null,"District":"Alipurduar","Vill_LGD":"307334"},"geometry":{"type":"Polygon","coordinates":[[[4945709.7,4299558.0],[4945480.9,4299537.7],[4945480.9,4299423.8],[4945273.8,4299390.3],[4945266.8,4299444.0],[4945174.0,4299443.9],[4945130.6,4299765.5],[4945040.3,4299765.1],[4945068.7,4300012.9],[4944890.5,4300073.6],[4944854.5,4300281.6],[4945054.8,4300261.2],[4945054.9,4300496.0],[4944961.9,4300509.2],[4945047.2,4301005.3],[4944854.4,4300991.7],[4944761.7,4301286.8],[4944700.9,4301541.2],[4944815.1,4301534.8],[4944800.8,4301588.2],[4945008.4,4301662.0],[4945141.8,4301716.0],[4945352.7,4301762.9],[4945635.3,4301870.2],[4945635.3,4301820.1],[4945724.3,4301826.8],[4945720.7,4301860.6],[4946132.0,4301897.0],[4946264.4,4301910.7],[4946274.7,4301870.4],[4946218.0,4301863.3],[4946207.1,4301793.5],[4946432.5,4301763.0],[4946639.7,4301743.0],[4946697.0,4301521.3],[4946721.8,4301340.3],[4946618.1,4301220.0],[4946466.6,4301092.4],[4946287.7,4300911.5],[4946298.2,4300854.5],[4946405.8,4300639.7],[4946470.6,4300619.2],[4946595.2,4300652.7],[4946670.2,4300706.9],[4946781.6,4300790.3],[4946863.3,4300817.3],[4946941.7,4300810.7],[4946996.0,4300783.8],[4947027.8,4300723.5],[4947024.1,4300606.5],[4946966.8,4300512.4],[4946881.6,4300445.4],[4946724.1,4300411.9],[4946573.8,4300412.0],[4946377.4,4300391.3],[4946345.0,4300196.8],[4946396.8,4300100.1],[4946536.5,4299908.9],[4946571.9,4299764.8],[4946153.1,4299691.7],[4945910.0,4299611.3],[4945709.7,4299558.0]]]}},{"type":"Feature","properties":{"Vill_name":"Uttar Chikliguri","Sub_dist":null,"District":"Alipurduar","Vill_LGD":"307299"},"geometry":{"type":"Polygon","coordinates":[[[4944869.7,4298806.2],[4944627.1,4298652.2],[4944377.0,4298451.1],[4944312.3,4298303.7],[4944277.0,4298149.3],[4944191.0,4297894.7],[4944112.5,4297820.7],[4944090.7,4297928.2],[4944005.6,4297921.7],[4943984.0,4297827.8],[4943933.8,4297821.0],[4943726.5,4297934.8],[4943590.4,4298049.1],[4943426.4,4298069.2],[4943247.3,4297975.2],[4943104.6,4297848.0],[4943000.9,4297707.1],[4942951.0,4297753.8],[4942922.6,4297813.8],[4942815.2,4297820.9],[4942736.5,4297894.2],[4942679.4,4298021.6],[4942561.2,4298069.0],[4942554.1,4298196.3],[4942525.9,4298263.2],[4942482.7,4298324.0],[4942496.7,4298391.0],[4942576.6,4298414.5],[4942583.5,4298474.7],[4942604.7,4298615.7],[4942626.3,4298729.7],[4942683.2,4298823.2],[4942748.0,4298823.4],[4942876.3,4298769.6],[4942904.6,4298803.4],[4942855.0,4298917.4],[4942876.4,4298950.8],[4942969.1,4298984.2],[4942983.9,4298910.8],[4943047.7,4298830.4],[4943127.0,4298763.5],[4943269.2,4298810.1],[4943269.2,4299004.5],[4943291.0,4299092.0],[4943355.3,4299091.6],[4943433.7,4299024.2],[4943455.3,4299044.9],[4943383.9,4299192.2],[4943369.9,4299299.6],[4943426.6,4299346.5],[4943519.8,4299359.8],[4943591.2,4299293.0],[4943645.0,4299205.2],[4943986.0,4299242.2],[4944529.3,4299423.4],[4944522.5,4299504.1],[4944507.8,4299718.4],[4945040.3,4299765.1],[4945130.6,4299765.5],[4945174.0,4299443.9],[4945266.8,4299444.0],[4945273.8,4299390.3],[4945480.9,4299423.8],[4945480.9,4299537.7],[4945709.7,4299558.0],[4945910.0,4299611.3],[4946153.1,4299691.7],[4946131.5,4299537.9],[4946252.7,4299477.4],[4946517.6,4299309.9],[4946438.8,4299202.5],[4946246.0,4299095.6],[4945931.5,4299048.6],[4945735.1,4299027.9],[4945470.2,4299001.0],[4945384.8,4298980.7],[4945220.2,4298920.2],[4945084.5,4298853.3],[4944869.7,4298806.2]]]}},{"type":"Feature","properties":{"Vill_name":"Brajerkuthi","Sub_dist":null,"District":"Alipurduar","Vill_LGD":"307336"},"geometry":{"type":"Polygon","coordinates":[[[4947487.0,4298035.4],[4947737.3,4298018.9],[4947982.5,4298066.0],[4948085.8,4298112.7],[4948275.0,4298037.8],[4948239.6,4297917.3],[4948210.3,4297789.7],[4948432.3,4297769.4],[4948568.1,4297763.1],[4948675.6,4297917.5],[4948947.1,4297897.2],[4949243.7,4297897.1],[4949258.3,4297889.0],[4949511.6,4297850.0],[4949677.3,4297528.5],[4949813.6,4297450.5],[4950235.1,4297424.6],[4950052.4,4297275.7],[4950052.1,4297275.9],[4950015.4,4297273.4],[4949904.9,4297262.9],[4949920.3,4297109.5],[4949926.9,4297006.7],[4949937.0,4296751.1],[4949934.3,4296480.4],[4949762.9,4296425.9],[4949578.0,4296339.5],[4949415.6,4296175.9],[4949412.1,4296126.0],[4949232.5,4296105.3],[4949152.1,4296072.8],[4949028.1,4295951.7],[4948907.0,4295809.6],[4948842.4,4295754.0],[4948663.3,4295775.7],[4948487.1,4295792.2],[4948177.6,4295822.2],[4948213.2,4295928.4],[4948226.9,4296000.7],[4948226.7,4296169.8],[4948223.1,4296307.8],[4948007.2,4296301.4],[4947816.4,4296299.7],[4947681.4,4296505.4],[4947639.2,4296561.0],[4947551.8,4296550.6],[4947411.0,4296531.2],[4947268.0,4296522.9],[4947157.0,4296520.7],[4947130.1,4296474.6],[4947108.4,4296418.0],[4946999.9,4296437.1],[4946616.0,4296476.3],[4946504.7,4296493.3],[4946558.2,4296623.8],[4946615.8,4296824.0],[4946629.4,4296877.6],[4946646.4,4296889.4],[4946690.6,4296886.5],[4946844.0,4296903.7],[4946907.1,4296938.7],[4946931.9,4296975.2],[4946943.3,4297002.8],[4947090.2,4297023.0],[4947069.1,4297073.6],[4946975.7,4297187.5],[4946957.7,4297267.1],[4946986.5,4297321.5],[4947083.1,4297374.8],[4947172.4,4297438.5],[4947233.5,4297516.0],[4947215.5,4297666.4],[4947151.1,4297760.5],[4946994.1,4297881.2],[4946958.1,4297925.1],[4946939.8,4298019.0],[4947015.1,4298169.5],[4947179.2,4298086.0],[4947487.0,4298035.4]]]}},{"type":"Feature","properties":{"Vill_name":"Uttar Chakirbas","Sub_dist":null,"District":"Alipurduar","Vill_LGD":"307322"},"geometry":{"type":"Polygon","coordinates":[[[4949377.7,4310546.1],[4949421.7,4310385.2],[4949460.9,4310078.2],[4949485.2,4309897.7],[4949606.7,4309678.5],[4949782.3,4309446.3],[4949714.2,4309319.3],[4949509.5,4309041.9],[4949423.2,4308884.1],[4949301.8,4308877.3],[4949266.0,4308875.6],[4949266.0,4308876.1],[4948929.8,4308862.0],[4948979.8,4308975.8],[4949265.6,4309109.8],[4949279.7,4309298.0],[4949494.1,4309291.1],[4949538.2,4309489.2],[4949488.1,4309652.2],[4949365.5,4309577.2],[4949369.3,4309786.5],[4949385.8,4309986.2],[4949282.6,4310459.1],[4949301.5,4310455.6],[4949377.7,4310546.1]]]}},{"type":"Feature","properties":{"Vill_name":"Jaldapara","Sub_dist":null,"District":"Alipurduar","Vill_LGD":"307216"},"geometry":{"type":"Polygon","coordinates":[[[4907945.6,4313367.9],[4907513.2,4313482.2],[4907646.2,4313659.0],[4907623.9,4313929.1],[4907701.9,4314023.2],[4907923.2,4314272.6],[4907979.0,4314552.8],[4908089.7,4314968.8],[4908056.1,4315197.6],[4908544.5,4315655.3],[4908666.0,4315919.0],[4908805.4,4315991.6],[4909069.3,4316133.9],[4909254.7,4316190.5],[4909522.4,4316323.2],[4909810.6,4316438.7],[4909848.8,4316461.7],[4909852.5,4316455.5],[4910040.8,4315624.0],[4910107.6,4315114.4],[4909907.7,4315072.9],[4909896.5,4314958.4],[4909597.3,4314989.7],[4909597.4,4314895.9],[4909353.2,4314927.4],[4909309.1,4314178.6],[4909031.6,4314023.3],[4909087.3,4313856.5],[4908976.3,4313856.6],[4909042.9,4313471.7],[4908777.0,4313607.3],[4908677.4,4313575.5],[4908500.0,4313627.4],[4908455.5,4313316.2],[4907945.6,4313367.9]]]}},{"type":"Feature","properties":{"Vill_name":"Nutanpara","Sub_dist":null,"District":"Alipurduar","Vill_LGD":"307217"},"geometry":{"type":"Polygon","coordinates":[[[4910157.7,4312057.5],[4909625.0,4312286.4],[4909547.5,4312151.0],[4909492.0,4312109.5],[4909326.0,4312140.8],[4909193.0,4311933.0],[4908655.0,4312016.2],[4908621.7,4312577.6],[4908733.0,4312858.5],[4908854.1,4313035.3],[4909165.1,4313045.8],[4909042.9,4313471.7],[4908976.3,4313856.6],[4909087.3,4313856.5],[4909031.6,4314023.3],[4909309.1,4314178.6],[4909353.2,4314927.4],[4909597.4,4314895.9],[4909597.3,4314989.7],[4909896.5,4314958.4],[4909907.7,4315072.9],[4910107.6,4315114.4],[4910218.2,4314958.6],[4910567.2,4314657.0],[4910867.1,4314396.9],[4910933.5,4314240.9],[4910899.8,4313980.9],[4910844.5,4313721.3],[4910844.7,4313544.5],[4910788.8,4313378.2],[4910711.3,4313242.9],[4910744.7,4313170.3],[4910921.7,4313024.6],[4911077.5,4312910.2],[4911110.7,4312588.1],[4911210.5,4312432.3],[4911143.8,4312276.3],[4910977.5,4312098.9],[4910700.4,4312089.0],[4910633.7,4311964.0],[4910390.0,4312099.1],[4910368.0,4311994.9],[4910157.7,4312057.5]]]}},{"type":"Feature","properties":{"Vill_name":"Prodhanpara","Sub_dist":null,"District":"Alipurduar","Vill_LGD":"307215"},"geometry":{"type":"Polygon","coordinates":[[[4906897.7,4310602.0],[4907008.8,4311049.0],[4907186.6,4311662.7],[4906986.7,4311673.2],[4907042.4,4311995.2],[4907264.0,4311953.3],[4907364.1,4312099.1],[4907152.8,4312099.3],[4907275.0,4312338.5],[4907252.7,4312484.3],[4907064.2,4312941.4],[4907264.0,4313107.7],[4907385.8,4313180.3],[4907513.2,4313482.2],[4907945.6,4313367.9],[4908455.5,4313316.2],[4908500.0,4313627.4],[4908677.4,4313575.5],[4908777.0,4313607.3],[4909042.9,4313471.7],[4909165.1,4313045.8],[4908854.1,4313035.3],[4908733.0,4312858.5],[4908621.7,4312577.6],[4908655.0,4312016.2],[4907918.1,4312202.8],[4907784.8,4311807.9],[4907784.9,4311662.5],[4907773.7,4311569.1],[4907652.0,4311475.3],[4907640.8,4311288.1],[4908394.5,4311131.8],[4908272.8,4310955.5],[4908117.6,4310955.4],[4908073.5,4310820.7],[4907662.7,4310924.7],[4907662.8,4310799.5],[4908018.1,4310653.9],[4907807.0,4310519.0],[4908017.9,4310300.7],[4907784.8,4310082.2],[4907906.7,4309895.1],[4907906.9,4309718.2],[4907718.2,4309791.2],[4907408.1,4309936.4],[4907075.6,4309916.0],[4906997.9,4310030.2],[4907119.9,4310321.4],[4907152.7,4310539.6],[4906897.7,4310602.0]]]}},{"type":"Feature","properties":{"Vill_name":"Munshipara","Sub_dist":null,"District":"Alipurduar","Vill_LGD":"307214"},"geometry":{"type":"Polygon","coordinates":[[[4909896.7,4309780.5],[4909232.1,4309842.8],[4908589.1,4309853.2],[4908422.5,4309874.2],[4908433.2,4309988.7],[4908334.0,4309988.3],[4908267.4,4309717.9],[4907906.9,4309718.2],[4907906.7,4309895.1],[4907784.8,4310082.2],[4908017.9,4310300.7],[4907807.0,4310519.0],[4908018.1,4310653.9],[4907662.8,4310799.5],[4907662.7,4310924.7],[4908073.5,4310820.7],[4908117.6,4310955.4],[4908272.8,4310955.5],[4908394.5,4311131.8],[4907640.8,4311288.1],[4907652.0,4311475.3],[4907773.7,4311569.1],[4907784.9,4311662.5],[4907784.8,4311807.9],[4907918.1,4312202.8],[4908655.0,4312016.2],[4909193.0,4311933.0],[4909326.0,4312140.8],[4909492.0,4312109.5],[4909547.5,4312151.0],[4909625.0,4312286.4],[4910157.7,4312057.5],[4910368.0,4311994.9],[4910390.0,4312099.1],[4910633.7,4311964.0],[4910700.4,4312089.0],[4910977.5,4312098.9],[4911016.5,4311776.5],[4911038.5,4311287.9],[4910661.8,4311298.7],[4910661.8,4311215.2],[4910716.9,4311111.8],[4910750.6,4310747.5],[4910994.4,4310632.9],[4910994.4,4310570.5],[4911082.8,4310560.1],[4911038.3,4310373.2],[4910960.8,4310279.6],[4911060.8,4309905.2],[4910883.5,4309822.0],[4910861.6,4309655.4],[4910728.5,4309655.4],[4910695.0,4309759.4],[4909952.6,4309895.2],[4909896.7,4309780.5]]]}},{"type":"Feature","properties":{"Vill_name":"Salkumarhat","Sub_dist":null,"District":"Alipurduar","Vill_LGD":"307213"},"geometry":{"type":"Polygon","coordinates":[[[4908802.4,4308276.9],[4908402.2,4308284.1],[4907980.2,4308203.4],[4908007.6,4308023.0],[4907685.9,4307950.5],[4907741.1,4307669.3],[4907486.2,4307680.1],[4907386.3,4307794.7],[4907375.3,4308054.5],[4907165.1,4308065.0],[4907153.6,4308221.1],[4907231.2,4308273.0],[4907264.4,4308491.2],[4907352.8,4308532.3],[4907009.3,4308688.7],[4906998.4,4308865.5],[4906854.5,4308865.5],[4906876.5,4308980.0],[4906898.4,4309167.2],[4906799.1,4309281.3],[4907031.4,4309323.0],[4907198.0,4309260.7],[4907186.9,4309572.6],[4906865.6,4309593.0],[4906837.4,4309863.3],[4907075.6,4309916.0],[4907408.1,4309936.4],[4907718.2,4309791.2],[4907906.9,4309718.2],[4908267.4,4309717.9],[4908334.0,4309988.3],[4908433.2,4309988.7],[4908422.5,4309874.2],[4908589.1,4309853.2],[4909232.1,4309842.8],[4909896.7,4309780.5],[4909830.5,4309645.2],[4909896.9,4309572.7],[4910041.4,4309530.5],[4910085.7,4309436.9],[4910329.4,4309271.3],[4910429.3,4309093.8],[4910440.2,4308886.1],[4910385.0,4308616.2],[4910363.1,4308283.1],[4910068.0,4308230.1],[4910068.1,4308351.0],[4909846.2,4308317.7],[4909818.1,4308411.2],[4909753.4,4308398.2],[4909753.5,4308458.2],[4909653.3,4308458.2],[4909596.0,4308404.4],[4909546.0,4308371.1],[4909438.9,4308391.0],[4909424.5,4308444.8],[4909367.3,4308491.7],[4909367.5,4308404.7],[4908873.9,4308404.6],[4908802.4,4308276.9]]]}},{"type":"Feature","properties":{"Vill_name":"Sidhabari","Sub_dist":null,"District":"Alipurduar","Vill_LGD":"307219"},"geometry":{"type":"Polygon","coordinates":[[[4911061.0,4308480.7],[4910927.9,4308469.9],[4910806.0,4308522.0],[4910717.6,4308542.8],[4910628.9,4308200.1],[4910340.7,4308168.6],[4910363.1,4308283.1],[4910385.0,4308616.2],[4910440.2,4308886.1],[4910429.3,4309093.8],[4910329.4,4309271.3],[4910085.7,4309436.9],[4910041.4,4309530.5],[4909896.9,4309572.7],[4909830.5,4309645.2],[4909952.6,4309895.2],[4910695.0,4309759.4],[4910728.5,4309655.4],[4910861.6,4309655.4],[4910883.5,4309822.0],[4911060.8,4309905.2],[4910960.8,4310279.6],[4911038.3,4310373.2],[4911082.8,4310560.1],[4910994.4,4310570.5],[4910994.4,4310632.9],[4910750.6,4310747.5],[4910716.9,4311111.8],[4910661.8,4311215.2],[4910661.8,4311298.7],[4911038.5,4311287.9],[4911016.5,4311776.5],[4911199.3,4311745.5],[4911332.4,4311735.2],[4911598.3,4311579.0],[4911865.1,4311485.8],[4912197.3,4311319.0],[4912408.0,4311298.2],[4912518.8,4310903.2],[4912585.6,4310383.7],[4912552.2,4309801.0],[4912429.9,4309146.3],[4912280.6,4308532.5],[4912169.7,4308345.4],[4911881.5,4308241.7],[4911770.3,4308356.2],[4911582.2,4308417.9],[4911504.5,4308542.8],[4911438.2,4308512.1],[4911272.2,4308480.6],[4911061.0,4308480.7]]]}},{"type":"Feature","properties":{"Vill_name":"Kalabaria","Sub_dist":null,"District":"Alipurduar","Vill_LGD":"307212"},"geometry":{"type":"Polygon","coordinates":[[[4910363.1,4308283.1],[4910340.7,4308168.6],[4910102.4,4308137.5],[4909958.5,4308106.5],[4909769.9,4308126.9],[4909581.3,4308023.5],[4909437.4,4308116.8],[4909303.8,4308065.2],[4908983.0,4308126.9],[4908860.8,4307971.7],[4908893.8,4307856.8],[4908816.3,4307700.9],[4908716.7,4307638.6],[4908916.7,4307576.0],[4908927.6,4307471.9],[4909060.3,4307357.9],[4909016.2,4307191.8],[4908982.9,4307035.4],[4908894.0,4307056.7],[4908794.7,4307160.5],[4908627.9,4306942.2],[4908583.3,4306744.6],[4908683.6,4306640.4],[4908905.2,4306609.8],[4909093.3,4306640.4],[4909371.0,4305216.0],[4909260.1,4305112.0],[4909060.6,4305215.8],[4908649.9,4305341.0],[4908649.8,4305434.3],[4908484.1,4305580.1],[4908073.9,4305694.5],[4907741.2,4305902.4],[4907674.2,4306057.9],[4907353.0,4306058.1],[4907458.3,4306349.1],[4907381.2,4306380.7],[4907347.3,4306951.8],[4907004.4,4307014.9],[4906987.5,4307191.4],[4907208.8,4307482.6],[4907408.7,4307565.9],[4907796.3,4307472.0],[4907940.7,4307524.2],[4908007.3,4307690.4],[4908074.0,4307867.5],[4908007.6,4308023.0],[4907980.2,4308203.4],[4908402.2,4308284.1],[4908802.4,4308276.9],[4908873.9,4308404.6],[4909367.5,4308404.7],[4909367.3,4308491.7],[4909424.5,4308444.8],[4909438.9,4308391.0],[4909546.0,4308371.1],[4909596.0,4308404.4],[4909653.3,4308458.2],[4909753.5,4308458.2],[4909753.4,4308398.2],[4909818.1,4308411.2],[4909846.2,4308317.7],[4910068.1,4308351.0],[4910068.0,4308230.1],[4910363.1,4308283.1]]]}},{"type":"Feature","properties":{"Vill_name":"Suripara","Sub_dist":null,"District":"Alipurduar","Vill_LGD":"307220"},"geometry":{"type":"Polygon","coordinates":[[[4911000.4,4305683.9],[4910257.7,4305725.3],[4910612.4,4306287.1],[4911155.4,4307139.4],[4910628.9,4308200.1],[4910717.6,4308542.8],[4910806.0,4308522.0],[4910927.9,4308469.9],[4911061.0,4308480.7],[4911272.2,4308480.6],[4911438.2,4308512.1],[4911504.5,4308542.8],[4911582.2,4308417.9],[4911770.3,4308356.2],[4911881.5,4308241.7],[4912169.7,4308345.4],[4912202.8,4308127.0],[4912280.6,4307929.8],[4912324.9,4307742.3],[4912380.7,4307430.6],[4912280.6,4307284.9],[4912269.6,4307003.9],[4912003.3,4306983.7],[4911770.4,4306536.3],[4912042.5,4306484.6],[4912064.7,4306422.3],[4911498.9,4305818.9],[4911332.8,4305870.8],[4911111.1,4305497.2],[4910922.4,4305538.7],[4911000.4,4305683.9]]]}},{"type":"Feature","properties":{"Vill_name":"Jogendranagar","Sub_dist":null,"District":"Alipurduar","Vill_LGD":"307211"},"geometry":{"type":"Polygon","coordinates":[[[4908589.3,4303791.3],[4908434.0,4303958.2],[4908256.6,4303989.0],[4908157.0,4303874.6],[4907758.1,4303906.0],[4907691.6,4304165.6],[4907425.3,4304197.0],[4907092.6,4304405.0],[4907048.4,4304363.6],[4906970.8,4304353.0],[4906794.2,4304706.5],[4906683.0,4304945.2],[4906704.9,4305174.7],[4906472.6,4305122.3],[4906383.5,4305278.6],[4906106.3,4305445.0],[4906239.2,4305694.6],[4906361.6,4305642.5],[4906417.0,4305714.9],[4906239.7,4305798.2],[4906272.5,4305871.1],[4906460.8,4306214.1],[4906605.2,4306224.5],[4906616.6,4306120.5],[4906771.3,4306161.8],[4906882.5,4306577.8],[4907004.4,4307014.9],[4907347.3,4306951.8],[4907381.2,4306380.7],[4907458.3,4306349.1],[4907353.0,4306058.1],[4907674.2,4306057.9],[4907741.2,4305902.4],[4908073.9,4305694.5],[4908484.1,4305580.1],[4908649.8,4305434.3],[4908649.9,4305341.0],[4909060.6,4305215.8],[4909260.1,4305112.0],[4909293.8,4304862.6],[4909194.3,4304571.4],[4909260.8,4304280.4],[4909283.2,4303957.8],[4909138.8,4304020.6],[4908939.4,4303999.7],[4908706.6,4303885.4],[4908589.3,4303791.3]]]}},{"type":"Feature","properties":{"Vill_name":"Sirubari","Sub_dist":null,"District":"Alipurduar","Vill_LGD":"307222"},"geometry":{"type":"Polygon","coordinates":[[[4910453.2,4303837.3],[4910043.1,4303743.4],[4909798.8,4303899.6],[4909521.8,4303951.6],[4909283.2,4303957.8],[4909260.8,4304280.4],[4909194.3,4304571.4],[4909293.8,4304862.6],[4909260.1,4305112.0],[4909371.0,4305216.0],[4909792.1,4305153.3],[4910013.3,4305497.0],[4910257.7,4305725.3],[4911000.4,4305683.9],[4910922.4,4305538.7],[4911111.1,4305497.2],[4910952.0,4305219.9],[4910873.9,4305209.7],[4910841.0,4305188.5],[4910863.0,4304814.3],[4911018.3,4304616.9],[4911040.8,4304253.1],[4911251.0,4304273.5],[4911306.3,4303858.2],[4910475.1,4303982.7],[4910453.2,4303837.3]]]}},{"type":"Feature","properties":{"Vill_name":"Parpatla Khawa","Sub_dist":null,"District":"Alipurduar","Vill_LGD":"307208"},"geometry":{"type":"Polygon","coordinates":[[[4905877.5,4302462.8],[4905708.3,4302418.3],[4905692.5,4302297.2],[4905654.4,4302201.5],[4905568.7,4302175.8],[4905364.4,4302214.1],[4905313.6,4302280.9],[4905300.4,4302360.8],[4905329.5,4302450.1],[4905383.2,4302568.2],[4905481.3,4302949.6],[4906074.6,4302930.0],[4906074.3,4302783.7],[4906641.3,4302799.7],[4906590.4,4303195.1],[4906581.2,4303386.2],[4906602.9,4303516.9],[4906718.9,4303249.9],[4906833.6,4302888.0],[4906733.7,4302565.9],[4906597.6,4302535.7],[4906530.3,4302535.9],[4906384.1,4302520.6],[4906154.5,4302504.6],[4905877.5,4302462.8]]]}},{"type":"Feature","properties":{"Vill_name":"Mejbil","Sub_dist":null,"District":"Alipurduar","Vill_LGD":"307209"},"geometry":{"type":"Polygon","coordinates":[[[4907309.1,4301785.1],[4907120.6,4301629.1],[4907209.3,4301296.0],[4907076.3,4301254.7],[4907020.8,4301192.1],[4907187.0,4301025.7],[4907021.1,4300869.9],[4906877.1,4300984.3],[4906488.9,4301109.0],[4905988.3,4301081.5],[4906131.8,4301363.9],[4906202.0,4301529.4],[4906208.5,4301609.3],[4906202.0,4301682.7],[4906259.3,4301746.3],[4906345.3,4301797.6],[4906370.9,4301877.0],[4906246.9,4302137.2],[4906377.5,4302249.6],[4906514.6,4302360.8],[4906597.6,4302535.7],[4906733.7,4302565.9],[4906833.6,4302888.0],[4906718.9,4303249.9],[4906602.9,4303516.9],[4906623.7,4303779.2],[4906755.5,4304062.1],[4906683.0,4304404.9],[4906583.0,4304695.8],[4906794.2,4304706.5],[4906970.8,4304353.0],[4907048.4,4304363.6],[4907092.6,4304405.0],[4907425.3,4304197.0],[4907691.6,4304165.6],[4907758.1,4303906.0],[4908157.0,4303874.6],[4908256.6,4303989.0],[4908434.0,4303958.2],[4908589.3,4303791.3],[4908489.5,4303386.2],[4908450.9,4303188.3],[4908351.1,4302668.3],[4908262.6,4302252.4],[4908284.7,4301691.5],[4907963.0,4301659.9],[4907930.2,4301493.2],[4907785.8,4301514.3],[4907730.4,4301379.5],[4907630.7,4301399.7],[4907574.8,4301306.7],[4907375.3,4301337.8],[4907309.1,4301785.1]]]}},{"type":"Feature","properties":{"Vill_name":"Paschim Khatalbari","Sub_dist":null,"District":"Alipurduar","Vill_LGD":"307210"},"geometry":{"type":"Polygon","coordinates":[[[4909154.5,4301589.5],[4909165.5,4301413.2],[4909354.2,4301381.5],[4909785.8,4301444.0],[4910041.2,4301568.8],[4910240.6,4301485.6],[4910373.4,4301381.4],[4910418.2,4301235.8],[4910329.5,4301048.8],[4910185.6,4300976.0],[4909864.0,4300841.2],[4909808.5,4300747.7],[4909830.4,4300477.1],[4910019.1,4300415.0],[4910074.8,4300165.7],[4910089.5,4300054.9],[4910222.2,4300072.1],[4910346.2,4300056.6],[4910322.1,4300029.1],[4910272.3,4299949.5],[4910219.3,4299807.3],[4910140.8,4299730.2],[4909999.0,4299695.7],[4909876.3,4299699.3],[4909784.3,4299758.6],[4909667.3,4299898.3],[4909545.0,4299955.6],[4909287.2,4300178.4],[4909237.0,4300201.1],[4909180.7,4300196.4],[4909037.7,4300209.0],[4908886.7,4300260.4],[4908761.1,4300308.6],[4908620.5,4300300.2],[4908513.5,4300281.2],[4908468.8,4300258.6],[4908437.0,4300256.5],[4908278.8,4300275.4],[4908235.6,4300260.2],[4908155.8,4300203.3],[4908101.9,4300199.7],[4907962.0,4300239.5],[4907837.6,4300247.0],[4907716.3,4300184.8],[4907593.7,4300113.2],[4907430.5,4300023.6],[4907400.5,4300031.4],[4906998.6,4300113.8],[4906879.6,4300135.3],[4906556.1,4300199.8],[4906207.2,4300261.2],[4906058.7,4300275.8],[4905963.0,4300279.3],[4905920.5,4300364.5],[4905769.3,4300351.9],[4905722.9,4300339.4],[4905731.5,4300487.5],[4905772.1,4300603.4],[4905988.3,4301081.5],[4906488.9,4301109.0],[4906877.1,4300984.3],[4907021.1,4300869.9],[4907187.0,4301025.7],[4907020.8,4301192.1],[4907076.3,4301254.7],[4907209.3,4301296.0],[4907120.6,4301629.1],[4907309.1,4301785.1],[4907375.3,4301337.8],[4907574.8,4301306.7],[4907630.7,4301399.7],[4907730.4,4301379.5],[4907785.8,4301514.3],[4907930.2,4301493.2],[4907963.0,4301659.9],[4908284.7,4301691.5],[4908262.6,4302252.4],[4908351.1,4302668.3],[4908450.9,4303188.3],[4908489.5,4303386.2],[4908589.3,4303791.3],[4908706.6,4303885.4],[4908939.4,4303999.7],[4909138.8,4304020.6],[4909283.2,4303957.8],[4909465.0,4303825.1],[4909609.0,4303731.3],[4909631.2,4303638.1],[4909553.7,4303554.3],[4909542.4,4303460.9],[4909620.1,4303346.8],[4909719.4,4303232.7],[4909708.7,4303149.2],[4909553.6,4303055.7],[4909509.0,4302951.4],[4909497.9,4302753.9],[4909553.5,4302556.7],[4909753.0,4302483.8],[4909919.6,4302431.8],[4909952.6,4302286.1],[4909875.2,4302088.3],[4909808.4,4302005.6],[4909609.0,4301974.3],[4909487.3,4301953.3],[4909331.7,4301828.4],[4909232.0,4301724.9],[4909154.5,4301589.5]]]}},{"type":"Feature","properties":{"Vill_name":"Purba Kathalbari","Sub_dist":null,"District":"Alipurduar","Vill_LGD":"307223"},"geometry":{"type":"Polygon","coordinates":[[[4911306.3,4303858.2],[4911378.9,4303483.4],[4911551.2,4303535.4],[4911560.2,4303307.5],[4911438.1,4303151.3],[4911560.1,4302912.6],[4911493.5,4302652.5],[4911427.2,4302122.2],[4911682.1,4302070.2],[4911681.9,4301809.8],[4911637.4,4301570.9],[4911565.7,4301487.9],[4911509.8,4301332.5],[4911399.1,4301040.8],[4911143.9,4300791.3],[4910877.9,4300552.5],[4911010.9,4300237.7],[4910919.4,4300150.3],[4910625.9,4300071.1],[4910558.2,4300086.6],[4910457.0,4300100.5],[4910376.9,4300091.7],[4910346.2,4300056.6],[4910222.2,4300072.1],[4910089.5,4300054.9],[4910074.8,4300165.7],[4910019.1,4300415.0],[4909830.4,4300477.1],[4909808.5,4300747.7],[4909864.0,4300841.2],[4910185.6,4300976.0],[4910329.5,4301048.8],[4910418.2,4301235.8],[4910373.4,4301381.4],[4910240.6,4301485.6],[4910041.2,4301568.8],[4909785.8,4301444.0],[4909354.2,4301381.5],[4909165.5,4301413.2],[4909154.5,4301589.5],[4909232.0,4301724.9],[4909331.7,4301828.4],[4909487.3,4301953.3],[4909609.0,4301974.3],[4909808.4,4302005.6],[4909875.2,4302088.3],[4909952.6,4302286.1],[4909919.6,4302431.8],[4909753.0,4302483.8],[4909553.5,4302556.7],[4909497.9,4302753.9],[4909509.0,4302951.4],[4909553.6,4303055.7],[4909708.7,4303149.2],[4909719.4,4303232.7],[4909620.1,4303346.8],[4909542.4,4303460.9],[4909553.7,4303554.3],[4909631.2,4303638.1],[4909609.0,4303731.3],[4909465.0,4303825.1],[4909283.2,4303957.8],[4909521.8,4303951.6],[4909798.8,4303899.6],[4910043.1,4303743.4],[4910453.2,4303837.3],[4910475.1,4303982.7],[4911306.3,4303858.2]]]}},{"type":"Feature","properties":{"Vill_name":"Paschim Simlabari","Sub_dist":null,"District":"Alipurduar","Vill_LGD":"307228"},"geometry":{"type":"Polygon","coordinates":[[[4914708.2,4305012.4],[4914608.6,4304950.2],[4914264.7,4304991.6],[4914165.3,4304659.2],[4914253.7,4304617.8],[4914198.3,4304565.5],[4914109.6,4304264.1],[4914100.7,4304214.0],[4913732.4,4304295.1],[4913954.5,4304680.0],[4913366.5,4304846.3],[4913256.1,4304679.8],[4913062.1,4304638.6],[4912906.9,4304638.5],[4912685.0,4304493.2],[4912082.8,4304523.2],[4912105.7,4304752.2],[4912027.7,4305209.7],[4912204.8,4305448.6],[4912360.5,4305469.3],[4912482.2,4305646.1],[4912603.9,4305719.3],[4912836.8,4305646.0],[4912814.9,4305479.4],[4913424.5,4305385.9],[4913368.8,4305615.1],[4913235.9,4305947.6],[4913258.0,4305999.7],[4913635.1,4306135.3],[4914119.3,4306270.0],[4914396.7,4306353.6],[4914442.1,4306062.5],[4914608.3,4305865.2],[4914708.0,4305875.4],[4914708.2,4305012.4]]]}},{"type":"Feature","properties":{"Vill_name":"Patlakhawa","Sub_dist":null,"District":"Alipurduar","Vill_LGD":"307224"},"geometry":{"type":"Polygon","coordinates":[[[4912629.9,4301747.9],[4912020.3,4301820.7],[4911886.9,4301508.8],[4911637.4,4301570.9],[4911681.9,4301809.8],[4911682.1,4302070.2],[4911427.2,4302122.2],[4911493.5,4302652.5],[4911560.1,4302912.6],[4911438.1,4303151.3],[4911560.2,4303307.5],[4911551.2,4303535.4],[4912072.2,4303712.3],[4912161.3,4304107.5],[4912161.1,4304283.9],[4912082.8,4304523.2],[4912685.0,4304493.2],[4912906.9,4304638.5],[4913062.1,4304638.6],[4913256.1,4304679.8],[4913366.5,4304846.3],[4913954.5,4304680.0],[4913732.4,4304295.1],[4914100.7,4304214.0],[4914053.8,4303962.8],[4913943.1,4303723.2],[4914209.0,4303536.0],[4914065.2,4303390.6],[4914087.3,4302694.2],[4913582.9,4302683.7],[4913550.2,4302496.5],[4913583.0,4302018.7],[4913649.5,4301779.2],[4913150.8,4301935.0],[4912929.1,4302184.7],[4912696.8,4302205.4],[4912629.9,4301747.9]]]}},{"type":"Feature","properties":{"Vill_name":"Dakshin Chakoakheti","Sub_dist":null,"District":"Alipurduar","Vill_LGD":"307226"},"geometry":{"type":"Polygon","coordinates":[[[4918649.5,4303047.6],[4917972.1,4303058.8],[4917872.6,4302808.9],[4917617.7,4302808.9],[4917639.4,4302653.3],[4917695.0,4302580.8],[4917739.8,4302507.8],[4917296.3,4302465.9],[4916874.4,4302466.2],[4916807.9,4302081.4],[4916642.2,4301686.4],[4916531.0,4301374.6],[4916753.0,4301301.7],[4916686.4,4301156.1],[4916542.0,4301073.0],[4916555.5,4300854.1],[4916506.0,4300771.2],[4916422.7,4300510.8],[4916340.3,4300363.7],[4916259.0,4300455.4],[4915856.6,4300928.8],[4915571.0,4301162.5],[4915546.1,4301175.8],[4915661.3,4301238.9],[4915683.7,4301415.3],[4915550.8,4301779.8],[4915217.4,4302299.1],[4915040.7,4302776.9],[4914996.7,4303015.9],[4915040.7,4303275.9],[4915351.3,4303733.4],[4915661.8,4304159.9],[4915672.7,4304045.5],[4915794.7,4303817.1],[4915961.2,4303765.2],[4915794.5,4303401.0],[4915805.6,4303078.4],[4916237.9,4303057.9],[4916304.7,4302974.7],[4916504.1,4303078.6],[4916658.9,4302953.9],[4916847.8,4303172.2],[4916914.3,4303515.8],[4916825.3,4303598.4],[4916969.4,4304024.8],[4917247.0,4303858.4],[4917346.5,4304160.3],[4917540.5,4304211.9],[4917729.2,4304045.6],[4917784.4,4303816.4],[4917884.7,4303723.0],[4917939.8,4303536.1],[4918361.3,4303505.2],[4918627.0,4303484.1],[4918649.5,4303047.6]]]}},{"type":"Feature","properties":{"Vill_name":"Uttar Chokowakhati","Sub_dist":null,"District":"Alipurduar","Vill_LGD":"307242"},"geometry":{"type":"Polygon","coordinates":[[[4919784.4,4306915.0],[4919829.3,4306644.5],[4919995.9,4306478.7],[4920251.1,4306208.0],[4920538.9,4306166.8],[4920550.4,4305969.0],[4920383.9,4305989.5],[4920383.9,4305896.1],[4920617.1,4305407.8],[4920805.3,4305334.8],[4919852.2,4305074.4],[4919319.8,4304991.9],[4919253.0,4305084.9],[4918943.1,4305033.2],[4918837.8,4305292.9],[4918505.1,4306010.7],[4919103.4,4305990.3],[4919025.9,4306509.7],[4918637.9,4306489.1],[4917562.8,4306322.5],[4917563.0,4306790.6],[4917684.8,4306800.9],[4917661.6,4306914.7],[4917983.2,4307060.3],[4918326.4,4307216.3],[4918881.2,4307497.4],[4919058.5,4307549.1],[4919180.4,4307413.5],[4919302.2,4307413.5],[4919446.6,4307434.6],[4919446.4,4307050.0],[4919601.7,4306946.0],[4919662.7,4306842.3],[4919784.4,4306915.0]]]}},{"type":"Feature","properties":{"Vill_name":"Uttar Patkapara","Sub_dist":null,"District":"Alipurduar","Vill_LGD":"307244"},"geometry":{"type":"Polygon","coordinates":[[[4920777.6,4306821.7],[4920611.6,4306821.6],[4920566.9,4306842.5],[4920578.0,4307050.8],[4920234.7,4307019.1],[4920212.7,4306936.0],[4920128.7,4306894.2],[4919973.0,4306987.4],[4919829.0,4307143.5],[4919828.8,4307330.7],[4920028.6,4307424.8],[4920205.9,4307466.2],[4920305.6,4307538.7],[4920250.0,4307653.0],[4920217.0,4307778.1],[4920301.1,4307856.8],[4920431.5,4307831.6],[4920601.2,4307743.5],[4920682.5,4307780.8],[4920733.1,4307882.5],[4920702.6,4308004.8],[4920624.6,4308177.8],[4920587.8,4308198.2],[4920417.8,4308198.4],[4920238.4,4308242.3],[4920150.1,4308259.2],[4920086.1,4308323.9],[4920075.7,4308388.2],[4920112.9,4308411.6],[4920167.1,4308449.1],[4920255.0,4308499.0],[4920563.7,4308577.2],[4920604.3,4308631.7],[4920586.7,4308712.4],[4920515.6,4308698.6],[4920488.5,4308875.1],[4920508.5,4308898.2],[4920569.4,4308908.5],[4920566.6,4308996.8],[4920444.0,4308993.3],[4920444.0,4309115.2],[4920498.4,4309149.2],[4920620.4,4309166.3],[4920702.1,4309213.5],[4920677.9,4309369.5],[4920610.6,4309440.9],[4920691.3,4309457.6],[4920674.3,4309627.7],[4920732.7,4309681.6],[4920748.9,4309711.3],[4920695.1,4309748.0],[4920630.8,4309768.5],[4920617.2,4309806.2],[4920657.6,4309843.0],[4920712.1,4309853.5],[4920739.0,4309887.2],[4920739.2,4309965.3],[4920715.3,4310033.4],[4920877.9,4310053.5],[4921125.1,4310009.8],[4921172.7,4310040.1],[4921284.6,4310125.1],[4921409.8,4310064.3],[4921776.0,4309986.1],[4921758.8,4309955.8],[4921728.7,4309867.9],[4921728.5,4309687.6],[4921779.5,4309606.1],[4921935.2,4309606.2],[4922037.0,4309562.0],[4922128.4,4309501.0],[4922135.1,4309463.5],[4922081.0,4309463.9],[4922040.8,4309474.2],[4921904.8,4309555.1],[4921826.5,4309558.7],[4921657.5,4309579.1],[4921623.3,4309545.0],[4921606.7,4309440.1],[4921640.8,4309355.3],[4921681.2,4309413.2],[4921758.9,4309514.7],[4921898.2,4309446.7],[4922008.8,4309353.3],[4921968.3,4309193.7],[4921994.9,4309129.7],[4922036.2,4309027.5],[4922195.3,4308926.1],[4922398.6,4308824.4],[4922350.8,4308539.7],[4922344.4,4308366.5],[4922185.6,4308319.1],[4921897.3,4308277.2],[4921875.1,4308402.4],[4921919.8,4308485.1],[4921897.5,4308620.6],[4921509.5,4308682.5],[4921509.4,4308786.6],[4921342.9,4308807.6],[4921088.0,4308838.6],[4921098.9,4308693.2],[4921076.8,4308568.9],[4921143.7,4308558.3],[4921254.7,4308474.8],[4921276.7,4308610.4],[4921487.0,4308568.5],[4921598.0,4308568.9],[4921620.1,4308516.9],[4921565.2,4308381.1],[4921531.5,4308204.7],[4921653.4,4307996.9],[4921653.5,4307861.8],[4921620.2,4307747.2],[4921642.5,4307549.9],[4921486.8,4307445.6],[4921731.3,4307060.5],[4921598.3,4306863.1],[4921198.9,4306905.3],[4921298.4,4307216.6],[4921066.1,4307248.1],[4920988.6,4307123.1],[4921021.7,4306873.7],[4920855.6,4306884.4],[4920777.6,4306821.7]]]}},{"type":"Feature","properties":{"Vill_name":"Mechiabasti (CT)","Sub_dist":null,"District":"Alipurduar","Vill_LGD":"307148"},"geometry":{"type":"Polygon","coordinates":[[[4913263.3,4336650.1],[4911758.1,4336708.7],[4911764.9,4336863.8],[4911765.0,4337026.4],[4911831.7,4337100.3],[4911957.2,4337342.2],[4912016.1,4337549.4],[4912023.7,4337667.2],[4912089.9,4337740.6],[4912215.2,4338029.1],[4912363.2,4338375.1],[4912694.4,4338773.7],[4912761.2,4339009.8],[4912783.8,4339216.2],[4912813.3,4339378.8],[4912887.3,4339577.4],[4913086.0,4339573.6],[4913252.2,4339611.1],[4913325.4,4339530.0],[4913384.7,4339522.6],[4913458.4,4339522.2],[4913687.4,4339758.1],[4913714.1,4339742.7],[4913762.2,4339713.6],[4913808.8,4339694.7],[4913972.2,4339586.1],[4913872.6,4339489.9],[4913821.3,4339443.7],[4913822.9,4339419.7],[4913815.1,4339409.5],[4913779.4,4339374.4],[4913705.6,4339233.8],[4913713.2,4339167.4],[4913769.1,4339106.7],[4913721.6,4339012.5],[4913645.1,4339008.9],[4913619.5,4338917.2],[4913535.8,4338880.8],[4913484.7,4338880.8],[4913430.1,4338902.8],[4913382.4,4338902.9],[4913346.0,4338862.9],[4913327.7,4338782.9],[4913324.1,4338695.3],[4913327.4,4338625.7],[4913422.5,4338618.9],[4913422.5,4338557.0],[4913539.2,4338582.3],[4913619.8,4338633.3],[4913768.6,4338655.1],[4913911.4,4338648.2],[4913906.5,4338504.5],[4913764.1,4338472.2],[4913753.8,4338554.2],[4913717.3,4338505.8],[4913550.8,4338289.0],[4913462.3,4338148.2],[4913484.2,4338089.3],[4913558.3,4338133.6],[4913735.0,4338178.5],[4913793.9,4338178.3],[4913727.8,4337949.2],[4913683.5,4337735.3],[4913550.4,4337661.1],[4913521.1,4337513.8],[4913476.8,4337535.8],[4913410.5,4337536.0],[4913358.8,4337506.5],[4913358.5,4337432.3],[4913366.3,4337351.2],[4913373.6,4337218.4],[4913395.4,4337071.0],[4913381.3,4336893.5],[4913314.7,4336694.3],[4913263.3,4336650.1]]]}},{"type":"Feature","properties":{"Vill_name":"Beech Tea Garden","Sub_dist":null,"District":"Alipurduar","Vill_LGD":"307116"},"geometry":{"type":"Polygon","coordinates":[[[4911430.0,4328279.3],[4911181.5,4328450.7],[4911006.9,4328538.1],[4910824.3,4328676.7],[4910766.4,4328757.5],[4910802.7,4328852.0],[4910882.8,4328881.4],[4910977.9,4328895.8],[4911028.5,4328895.8],[4911072.1,4328888.5],[4911101.7,4328947.0],[4911079.7,4329027.4],[4910824.2,4329202.4],[4910504.8,4329408.1],[4910545.5,4329523.6],[4910616.2,4329627.7],[4910705.8,4329653.6],[4910765.2,4329683.9],[4910780.3,4329739.2],[4910780.3,4329914.1],[4910750.1,4330040.8],[4910746.5,4330208.2],[4910750.3,4330375.9],[4910709.2,4330587.6],[4910612.6,4330747.6],[4910627.8,4330829.9],[4910653.9,4330982.4],[4910709.9,4331227.8],[4910765.2,4331570.4],[4910765.1,4331942.8],[4910951.5,4331886.9],[4911204.6,4331812.1],[4911256.9,4331767.9],[4911252.5,4331745.1],[4911226.5,4331652.5],[4911204.8,4331522.2],[4911208.0,4331361.7],[4911211.7,4331071.1],[4911204.2,4330795.6],[4911219.2,4330494.2],[4911877.5,4330513.0],[4912220.0,4330512.7],[4912621.6,4330528.0],[4912923.0,4330542.4],[4912931.5,4330180.3],[4912953.6,4329833.5],[4912961.4,4329454.2],[4913004.7,4329104.5],[4913048.5,4328334.3],[4913077.8,4327998.7],[4912946.7,4327958.0],[4912786.3,4327973.0],[4912669.2,4328089.2],[4912618.4,4328155.0],[4912502.0,4328155.3],[4912254.0,4328133.1],[4912115.3,4328228.2],[4912005.5,4328293.7],[4911976.5,4328242.7],[4911976.9,4328184.2],[4911998.6,4328140.5],[4911969.2,4328089.0],[4911911.3,4328096.6],[4911889.5,4328009.1],[4911852.5,4327980.3],[4911430.0,4328279.3]]]}},{"type":"Feature","properties":{"Vill_name":"Malangi Tea Garden","Sub_dist":null,"District":"Alipurduar","Vill_LGD":"307115"},"geometry":{"type":"Polygon","coordinates":[[[4910442.5,4326086.6],[4910444.6,4326136.4],[4910453.8,4326190.8],[4910470.3,4326203.4],[4910501.2,4326205.4],[4910519.9,4326225.5],[4910523.1,4326250.7],[4910516.0,4326287.2],[4910497.5,4326292.7],[4910450.4,4326291.4],[4910408.2,4326291.3],[4910381.7,4326341.6],[4910374.3,4326669.4],[4910374.0,4326788.3],[4910284.7,4326918.6],[4910202.7,4327000.7],[4910165.6,4327149.7],[4910199.2,4327298.2],[4910314.6,4327391.7],[4910325.8,4327454.6],[4910322.2,4327510.9],[4910322.0,4327596.4],[4910307.3,4327779.0],[4910307.2,4327916.0],[4910337.0,4328031.9],[4910381.8,4328202.5],[4910463.7,4328545.0],[4910501.2,4328757.0],[4910542.1,4328898.0],[4910601.6,4328987.8],[4910601.8,4329036.5],[4910575.9,4329125.1],[4910530.7,4329330.3],[4910504.8,4329408.1],[4910824.2,4329202.4],[4911079.7,4329027.4],[4911101.7,4328947.0],[4911072.1,4328888.5],[4911028.5,4328895.8],[4910977.9,4328895.8],[4910882.8,4328881.4],[4910802.7,4328852.0],[4910766.4,4328757.5],[4910824.3,4328676.7],[4911006.9,4328538.1],[4911181.5,4328450.7],[4911430.0,4328279.3],[4911852.5,4327980.3],[4911889.5,4328009.1],[4911911.3,4328096.6],[4911969.2,4328089.0],[4911998.6,4328140.5],[4911976.9,4328184.2],[4911976.5,4328242.7],[4912005.5,4328293.7],[4912115.3,4328228.2],[4912254.0,4328133.1],[4912502.0,4328155.3],[4912618.4,4328155.0],[4912669.2,4328089.2],[4912786.3,4327973.0],[4912946.7,4327958.0],[4913077.8,4327998.7],[4913143.5,4327684.5],[4913238.3,4327429.2],[4913376.9,4327181.4],[4913712.1,4326973.4],[4913391.7,4327005.7],[4913136.0,4327021.0],[4912881.2,4327027.9],[4912705.7,4327021.0],[4912654.7,4326947.8],[4912698.8,4326663.0],[4912728.0,4326371.1],[4912822.8,4325714.9],[4912691.3,4325763.2],[4912560.4,4325778.0],[4912494.1,4325573.9],[4912582.5,4325522.6],[4912574.7,4325427.9],[4912538.2,4325391.3],[4912538.1,4325311.2],[4912502.0,4325245.1],[4912502.0,4325194.0],[4912560.2,4325136.4],[4912494.5,4324960.8],[4912472.9,4324888.1],[4912377.9,4324851.6],[4912290.1,4324909.8],[4912297.8,4325128.8],[4912246.1,4325376.8],[4911932.8,4325435.0],[4911816.4,4325486.4],[4911830.9,4325675.7],[4911831.0,4325756.3],[4911859.7,4325792.5],[4911896.0,4325843.9],[4911903.8,4325887.0],[4911830.7,4325945.9],[4911735.9,4325945.8],[4911385.8,4325931.5],[4911086.8,4326011.4],[4911006.0,4326004.1],[4910991.9,4325931.2],[4910940.8,4325931.2],[4910853.3,4326033.2],[4910802.2,4326106.3],[4910729.1,4326084.2],[4910590.6,4325979.8],[4910512.0,4326021.2],[4910442.5,4326086.6]]]}},{"type":"Feature","properties":{"Vill_name":"Parmalangi","Sub_dist":null,"District":"Alipurduar","Vill_LGD":"307107"},"geometry":{"type":"Polygon","coordinates":[[[4910353.6,4326118.7],[4910258.9,4326166.8],[4910251.4,4326230.3],[4910292.1,4326304.9],[4910381.7,4326341.6],[4910408.2,4326291.3],[4910450.4,4326291.4],[4910497.5,4326292.7],[4910516.0,4326287.2],[4910523.1,4326250.7],[4910519.9,4326225.5],[4910501.2,4326205.4],[4910470.3,4326203.4],[4910453.8,4326190.8],[4910444.6,4326136.4],[4910442.5,4326086.6],[4910353.6,4326118.7]]]}},{"type":"Feature","properties":{"Vill_name":"Satali Tea Garden (CT)","Sub_dist":null,"District":"Alipurduar","Vill_LGD":"307114"},"geometry":{"type":"Polygon","coordinates":[[[4913442.9,4325393.9],[4913442.6,4325452.4],[4913409.9,4325488.6],[4913365.7,4325489.0],[4913347.7,4325484.7],[4913314.8,4325536.1],[4913274.3,4325602.5],[4913285.3,4325678.7],[4913315.0,4325726.2],[4913259.8,4325770.3],[4913129.6,4325750.8],[4913030.5,4325757.8],[4912964.7,4325717.8],[4912932.2,4325655.8],[4912899.2,4325648.3],[4912862.9,4325648.1],[4912822.8,4325714.9],[4912728.0,4326371.1],[4912698.8,4326663.0],[4912654.7,4326947.8],[4912705.7,4327021.0],[4912881.2,4327027.9],[4913136.0,4327021.0],[4913391.7,4327005.7],[4913712.1,4326973.4],[4914207.6,4326965.7],[4914652.6,4326987.5],[4914966.2,4326973.1],[4915192.4,4326958.9],[4915440.2,4326965.8],[4915936.3,4326976.8],[4916043.6,4326940.7],[4916003.5,4326874.9],[4915996.5,4326816.6],[4916000.2,4326728.9],[4915992.9,4326573.8],[4915945.5,4326241.4],[4915902.0,4325847.3],[4915905.1,4325752.2],[4915857.7,4325735.6],[4915825.3,4325735.6],[4915796.0,4325743.0],[4915774.0,4325761.1],[4915733.6,4325772.4],[4915654.0,4325805.0],[4915445.8,4325885.4],[4915186.3,4326031.1],[4915146.1,4325998.2],[4915106.3,4325947.2],[4915000.3,4325954.9],[4914850.7,4325950.7],[4914829.0,4325613.1],[4914832.4,4325215.4],[4914548.4,4325175.8],[4914150.4,4325157.7],[4913905.6,4325139.0],[4913662.3,4325152.4],[4913669.8,4325192.1],[4913665.8,4325232.7],[4913643.6,4325276.3],[4913559.6,4325316.5],[4913442.9,4325393.9]]]}},{"type":"Feature","properties":{"Vill_name":"Uttar Satali (CT)","Sub_dist":null,"District":"Alipurduar","Vill_LGD":"307149"},"geometry":{"type":"Polygon","coordinates":[[[4912715.9,4323734.5],[4912730.5,4323818.7],[4912712.3,4324023.7],[4912706.7,4324069.6],[4912658.8,4324106.1],[4912677.5,4324146.8],[4912702.6,4324164.7],[4912706.8,4324201.2],[4912666.4,4324234.2],[4912629.7,4324201.0],[4912604.3,4324237.6],[4912618.5,4324289.4],[4912630.0,4324358.7],[4912593.4,4324413.9],[4912552.9,4324439.0],[4912516.1,4324417.1],[4912490.9,4324358.9],[4912446.6,4324340.1],[4912402.5,4324398.9],[4912384.6,4324475.6],[4912329.9,4324581.6],[4912205.3,4324640.4],[4912000.9,4324640.0],[4911975.4,4324640.2],[4911993.3,4324819.9],[4912031.7,4324950.4],[4912020.6,4325008.9],[4912006.3,4325071.0],[4911977.0,4325129.6],[4911910.9,4325184.9],[4911892.9,4325294.0],[4911932.8,4325435.0],[4912246.1,4325376.8],[4912297.8,4325128.8],[4912290.1,4324909.8],[4912377.9,4324851.6],[4912472.9,4324888.1],[4912494.5,4324960.8],[4912560.2,4325136.4],[4912502.0,4325194.0],[4912502.0,4325245.1],[4912538.1,4325311.2],[4912538.2,4325391.3],[4912574.7,4325427.9],[4912582.5,4325522.6],[4912494.1,4325573.9],[4912560.4,4325778.0],[4912691.3,4325763.2],[4912822.8,4325714.9],[4912862.9,4325648.1],[4912899.2,4325648.3],[4912932.2,4325655.8],[4912964.7,4325717.8],[4913030.5,4325757.8],[4913129.6,4325750.8],[4913259.8,4325770.3],[4913315.0,4325726.2],[4913285.3,4325678.7],[4913274.3,4325602.5],[4913314.8,4325536.1],[4913347.7,4325484.7],[4913365.7,4325489.0],[4913409.9,4325488.6],[4913442.6,4325452.4],[4913442.9,4325393.9],[4913559.6,4325316.5],[4913643.6,4325276.3],[4913665.8,4325232.7],[4913669.8,4325192.1],[4913662.3,4325152.4],[4913905.6,4325139.0],[4914150.4,4325157.7],[4914548.4,4325175.8],[4914832.4,4325215.4],[4914821.2,4324935.8],[4914781.3,4324599.9],[4914741.4,4324212.8],[4914741.2,4324135.7],[4914781.4,4324126.8],[4914905.8,4324123.5],[4914960.5,4324068.6],[4914968.0,4324035.6],[4914927.5,4323918.7],[4914858.1,4323685.4],[4914646.3,4323645.3],[4914515.0,4323659.7],[4914404.9,4323659.8],[4914316.6,4323667.3],[4914199.6,4323711.3],[4914170.7,4323637.7],[4914148.8,4323550.2],[4914105.0,4323469.5],[4914076.0,4323440.1],[4914060.6,4323433.0],[4913987.9,4323228.1],[4913921.9,4323169.9],[4914206.5,4322952.7],[4914320.8,4322853.1],[4914134.2,4322584.2],[4914109.9,4322537.9],[4913965.3,4322532.4],[4913979.0,4322360.2],[4913920.7,4322367.2],[4913924.2,4322272.1],[4913792.8,4322287.4],[4913756.3,4322301.8],[4913759.6,4322345.2],[4913781.7,4322385.6],[4913785.4,4322411.3],[4913759.6,4322436.6],[4913727.1,4322469.9],[4913708.8,4322502.5],[4913708.9,4322542.7],[4913719.9,4322568.3],[4913694.1,4322604.9],[4913679.7,4322659.7],[4913708.9,4322696.0],[4913727.5,4322747.0],[4913734.3,4322790.5],[4913687.0,4322854.6],[4913705.5,4322920.3],[4913694.4,4322967.9],[4913573.6,4322997.0],[4913387.7,4323022.5],[4913332.7,4323011.5],[4913329.2,4323073.7],[4913365.9,4323128.0],[4913398.2,4323172.3],[4913450.0,4323197.9],[4913475.3,4323234.0],[4913442.2,4323278.1],[4913405.6,4323303.8],[4913343.7,4323263.5],[4913299.8,4323267.3],[4913299.9,4323325.8],[4913311.0,4323402.0],[4913329.2,4323442.7],[4913340.4,4323484.9],[4913300.3,4323532.1],[4912946.4,4323495.5],[4912800.3,4323459.0],[4912632.5,4323444.6],[4912566.9,4323419.3],[4912609.7,4323500.0],[4912646.2,4323518.5],[4912668.3,4323569.6],[4912657.5,4323621.2],[4912643.0,4323676.0],[4912653.7,4323709.4],[4912660.6,4323771.2],[4912686.2,4323760.1],[4912715.9,4323734.5]]]}},{"type":"Feature","properties":{"Vill_name":"Madhu Tea Garden","Sub_dist":null,"District":"Alipurduar","Vill_LGD":"307113"},"geometry":{"type":"Polygon","coordinates":[[[4914741.4,4324212.8],[4914781.3,4324599.9],[4914821.2,4324935.8],[4914832.4,4325215.4],[4914829.0,4325613.1],[4914850.7,4325950.7],[4915000.3,4325954.9],[4915106.3,4325947.2],[4915146.1,4325998.2],[4915186.3,4326031.1],[4915445.8,4325885.4],[4915654.0,4325805.0],[4915733.6,4325772.4],[4915774.0,4325761.1],[4915796.0,4325743.0],[4915825.3,4325735.6],[4915857.7,4325735.6],[4915905.1,4325752.2],[4915902.0,4325847.3],[4915945.5,4326241.4],[4915992.9,4326573.8],[4916000.2,4326728.9],[4915996.5,4326816.6],[4916003.5,4326874.9],[4916043.6,4326940.7],[4916296.7,4326765.7],[4916519.8,4326641.3],[4916519.6,4326582.8],[4916520.0,4326462.0],[4916514.2,4326357.1],[4916602.0,4326247.3],[4916627.7,4326152.3],[4916645.8,4326060.8],[4916657.0,4325940.0],[4916656.9,4325870.2],[4916627.6,4325804.5],[4916554.4,4325712.5],[4916526.6,4325473.0],[4916534.2,4325417.8],[4916559.9,4325351.7],[4916592.8,4325260.5],[4916596.4,4325205.1],[4916567.5,4325102.5],[4916548.8,4325070.2],[4916462.7,4324962.0],[4916404.4,4324866.8],[4916382.3,4324753.2],[4916334.7,4324680.2],[4916206.2,4324500.7],[4916058.3,4324297.1],[4916025.5,4324121.1],[4916043.7,4324059.1],[4916087.9,4323996.9],[4916138.8,4323971.3],[4916193.7,4323901.8],[4916226.9,4323865.0],[4916376.8,4323832.4],[4916519.3,4323832.4],[4916629.5,4323828.3],[4916760.8,4323784.5],[4916801.4,4323725.5],[4916865.1,4323596.0],[4916865.2,4323512.0],[4916879.8,4323413.0],[4916857.8,4323266.5],[4916868.7,4323204.1],[4916898.3,4323046.9],[4916854.5,4322936.7],[4916569.8,4322881.8],[4916453.0,4322920.4],[4916457.1,4323182.9],[4916449.2,4323409.0],[4916139.2,4323471.3],[4915851.0,4323548.3],[4915850.9,4323685.4],[4915609.6,4323666.9],[4915566.1,4323374.5],[4915551.2,4323173.9],[4915559.0,4323020.5],[4915317.7,4323104.7],[4915011.5,4323199.6],[4915000.4,4323371.0],[4915081.0,4323491.8],[4915208.4,4323571.6],[4915274.3,4323652.3],[4915135.3,4323732.6],[4915015.2,4323707.2],[4914858.1,4323685.4],[4914927.5,4323918.7],[4914968.0,4324035.6],[4914960.5,4324068.6],[4914905.8,4324123.5],[4914781.4,4324126.8],[4914741.2,4324135.7],[4914741.4,4324212.8]]]}},{"type":"Feature","properties":{"Vill_name":"Parmalangi","Sub_dist":null,"District":"Alipurduar","Vill_LGD":"307107"},"geometry":{"type":"Polygon","coordinates":[[[4910569.6,4324298.2],[4910569.6,4324400.8],[4910533.5,4324437.4],[4910474.8,4324452.3],[4910401.5,4324473.8],[4910364.9,4324488.8],[4910342.9,4324517.7],[4910321.5,4324657.2],[4910321.1,4324737.7],[4910225.6,4324935.5],[4910116.3,4325052.6],[4910035.4,4325111.1],[4910057.2,4325147.5],[4910101.0,4325177.2],[4910233.0,4325221.3],[4910299.5,4325331.1],[4910332.5,4325503.6],[4910368.6,4325569.2],[4910387.0,4325666.9],[4910482.2,4325659.2],[4910679.9,4325644.6],[4910760.2,4325630.3],[4910833.7,4325571.9],[4910833.8,4325447.1],[4910848.1,4325293.1],[4910800.7,4325091.8],[4910793.3,4324805.6],[4910837.5,4324776.7],[4910917.7,4324732.9],[4911042.2,4324615.1],[4911100.6,4324483.8],[4911115.3,4324351.9],[4911071.6,4324227.0],[4910969.5,4324227.0],[4910873.8,4324131.5],[4910785.7,4324073.2],[4910709.1,4323961.0],[4910599.5,4323931.7],[4910522.2,4323781.6],[4910412.7,4323708.0],[4910482.4,4323873.0],[4910482.1,4324012.0],[4910569.6,4324298.2]]]}},{"type":"Feature","properties":{"Vill_name":"Parmalangi","Sub_dist":null,"District":"Alipurduar","Vill_LGD":"307107"},"geometry":{"type":"Polygon","coordinates":[[[4910046.3,4322887.7],[4910024.4,4322924.5],[4910061.4,4323012.8],[4910090.4,4323115.3],[4910046.3,4323195.8],[4910119.7,4323283.8],[4910185.7,4323422.5],[4910192.8,4323510.8],[4910229.3,4323598.5],[4910412.7,4323708.0],[4910522.2,4323781.6],[4910599.5,4323931.7],[4910709.1,4323961.0],[4910785.7,4324073.2],[4910895.9,4324051.0],[4910954.0,4324087.7],[4910998.0,4324051.0],[4911100.7,4324051.0],[4911115.4,4323846.4],[4911042.2,4323816.8],[4910928.9,4323813.3],[4910943.4,4323644.6],[4910928.6,4323461.6],[4910870.2,4323388.1],[4910870.1,4323359.1],[4910811.6,4323278.7],[4910863.0,4323241.8],[4910936.5,4323205.1],[4910936.4,4323176.1],[4910870.5,4323146.9],[4910687.3,4322992.7],[4910680.0,4322868.0],[4910657.8,4322736.3],[4910566.4,4322572.8],[4910500.4,4322485.1],[4910405.5,4322455.5],[4910280.9,4322492.2],[4910163.9,4322565.7],[4910112.3,4322638.9],[4910046.3,4322887.7]]]}},{"type":"Feature","properties":{"Vill_name":"Dakshin Dhalkar","Sub_dist":null,"District":"Alipurduar","Vill_LGD":"307281"},"geometry":{"type":"Polygon","coordinates":[[[4938151.0,4306675.5],[4937621.6,4306696.3],[4937660.0,4306826.3],[4937300.0,4306909.3],[4937061.8,4306920.0],[4936734.8,4306909.2],[4936626.7,4306857.4],[4936643.4,4306951.0],[4936621.4,4307091.4],[4936576.7,4307164.4],[4936482.8,4307268.4],[4936405.0,4307304.5],[4936388.6,4307460.4],[4936416.1,4307554.0],[4936471.8,4307622.0],[4936471.7,4307715.3],[4936488.3,4307861.0],[4936427.1,4307918.0],[4936349.5,4307938.8],[4936288.8,4308006.1],[4936299.6,4308089.1],[4936263.5,4308146.3],[4936460.3,4308208.8],[4936704.1,4308255.8],[4936698.7,4307990.9],[4936853.6,4307974.7],[4936867.5,4308125.7],[4937322.3,4308104.7],[4937327.8,4308421.8],[4937521.5,4308416.8],[4937499.8,4308141.2],[4937854.1,4308167.5],[4938419.6,4308224.5],[4938414.2,4308266.5],[4938757.7,4308240.2],[4938768.8,4307855.3],[4938652.4,4307782.9],[4938530.4,4307756.9],[4938519.4,4307657.7],[4938580.3,4307657.7],[4938619.4,4307642.3],[4938638.6,4307538.2],[4938533.2,4307522.8],[4938422.7,4307554.3],[4938394.9,4307642.4],[4938345.1,4307637.5],[4938345.2,4307522.6],[4938333.9,4307440.1],[4938311.9,4307377.2],[4938372.7,4307377.6],[4938345.4,4307138.6],[4938411.7,4307148.7],[4938428.5,4307075.8],[4938478.0,4307075.7],[4938505.8,4307028.9],[4938533.1,4306992.9],[4938583.2,4307034.6],[4938622.2,4306987.3],[4938705.2,4307028.6],[4938716.3,4306992.8],[4938611.0,4306873.4],[4938622.1,4306837.1],[4938688.6,4306862.8],[4938821.9,4306909.5],[4938843.6,4306826.5],[4938788.1,4306826.3],[4938760.6,4306774.5],[4938832.6,4306748.4],[4938771.8,4306644.3],[4938638.7,4306634.0],[4938151.0,4306675.5]]]}},{"type":"Feature","properties":{"Vill_name":"Uttar Dhalkar","Sub_dist":null,"District":"Alipurduar","Vill_LGD":"307283"},"geometry":{"type":"Polygon","coordinates":[[[4940110.3,4308885.0],[4940010.2,4308770.7],[4939866.3,4308687.2],[4939834.1,4308683.2],[4939801.8,4308702.8],[4939727.6,4308734.1],[4939694.5,4308655.9],[4939575.2,4308593.2],[4939530.5,4308582.7],[4939519.7,4308614.6],[4939530.9,4308729.1],[4939536.0,4308775.5],[4939420.1,4308734.1],[4939364.5,4308624.8],[4939281.5,4308624.8],[4939264.8,4308603.9],[4939259.4,4308531.4],[4939181.6,4308484.5],[4939109.9,4308515.4],[4939070.9,4308437.4],[4939131.6,4308380.4],[4939104.4,4308333.5],[4938965.6,4308349.4],[4938904.8,4308203.6],[4939004.3,4308177.4],[4939026.6,4308152.0],[4938993.0,4308115.5],[4938946.4,4308094.6],[4938984.5,4308026.7],[4938912.8,4307985.4],[4938890.7,4307944.1],[4938901.6,4307923.0],[4938962.7,4307897.0],[4938973.8,4307850.3],[4938935.3,4307834.8],[4938863.3,4307850.5],[4938857.4,4307839.9],[4938896.2,4307798.5],[4938935.0,4307788.1],[4938935.1,4307746.3],[4938901.7,4307735.9],[4938818.7,4307777.6],[4938790.7,4307766.9],[4938808.0,4307662.7],[4938685.7,4307662.7],[4938619.4,4307642.3],[4938580.3,4307657.7],[4938519.4,4307657.7],[4938530.4,4307756.9],[4938652.4,4307782.9],[4938768.8,4307855.3],[4938757.7,4308240.2],[4938414.2,4308266.5],[4938419.6,4308224.5],[4937854.1,4308167.5],[4937499.8,4308141.2],[4937521.5,4308416.8],[4937327.8,4308421.8],[4937322.3,4308104.7],[4936867.5,4308125.7],[4936853.6,4307974.7],[4936698.7,4307990.9],[4936704.1,4308255.8],[4936460.3,4308208.8],[4936343.9,4308250.9],[4936327.0,4308286.9],[4936438.4,4308380.1],[4936499.0,4308427.2],[4936465.6,4308458.5],[4936421.6,4308494.7],[4936432.9,4308557.2],[4936499.4,4308562.3],[4936565.7,4308531.6],[4936643.0,4308588.3],[4936693.4,4308593.7],[4936720.6,4308609.2],[4936731.9,4308651.0],[4936815.1,4308708.1],[4936876.2,4308713.5],[4936925.6,4308729.1],[4936931.2,4308796.1],[4937142.1,4308843.5],[4937247.3,4308892.3],[4937248.6,4308864.4],[4937507.2,4308889.0],[4937716.4,4308981.6],[4938072.9,4309250.1],[4938345.5,4309444.8],[4938770.0,4309707.8],[4939096.9,4309854.5],[4939311.3,4309879.0],[4939483.1,4309891.2],[4939891.8,4309868.0],[4939846.6,4309654.2],[4939891.0,4309587.1],[4939902.2,4309487.9],[4939907.9,4309337.4],[4939941.2,4309217.2],[4940035.2,4309150.0],[4940016.1,4309087.2],[4939960.9,4309030.6],[4939871.6,4308998.8],[4939871.6,4308936.9],[4939913.3,4308915.8],[4940110.3,4308885.0]]]}},{"type":"Feature","properties":{"Vill_name":"Madhya Shibkata","Sub_dist":null,"District":"Alipurduar","Vill_LGD":"307286"},"geometry":{"type":"Polygon","coordinates":[[[4940383.9,4307713.1],[4940190.9,4307693.0],[4940021.7,4307720.3],[4939949.4,4307772.3],[4939888.7,4307871.1],[4939849.6,4307948.8],[4939849.6,4308000.8],[4939905.1,4308011.3],[4939910.5,4307990.5],[4939927.2,4307949.0],[4939977.3,4307949.0],[4940010.4,4307995.7],[4939982.7,4308032.2],[4940021.9,4308052.8],[4940065.7,4308011.2],[4940146.4,4308037.6],[4940173.9,4308141.6],[4940218.0,4308152.0],[4940262.5,4308188.5],[4940251.6,4308323.5],[4940301.2,4308375.5],[4940378.7,4308479.4],[4940390.2,4308578.2],[4940451.0,4308672.0],[4940534.0,4308672.0],[4940550.9,4308739.6],[4940617.2,4308729.0],[4940600.8,4308692.4],[4940628.0,4308656.4],[4940711.8,4308651.0],[4940872.2,4308182.8],[4940983.2,4308162.6],[4941044.1,4308110.5],[4940998.5,4308027.8],[4940848.0,4307866.9],[4940755.2,4307846.7],[4940598.3,4307779.8],[4940512.3,4307739.8],[4940383.9,4307713.1]]]}},{"type":"Feature","properties":{"Vill_name":"Bhasardabri","Sub_dist":null,"District":"Alipurduar","Vill_LGD":"307280"},"geometry":{"type":"Polygon","coordinates":[[[4937681.8,4305265.7],[4937209.6,4305238.7],[4937152.6,4304943.7],[4936709.1,4305004.5],[4936344.5,4305111.2],[4936358.8,4305192.0],[4936366.0,4305379.9],[4936451.8,4305372.8],[4936523.2,4305379.6],[4936530.5,4305453.1],[4936459.0,4305580.8],[4936480.7,4305681.6],[4936609.2,4305809.0],[4936616.4,4305842.3],[4936573.4,4305868.7],[4936501.6,4305882.4],[4936487.7,4305915.7],[4936509.2,4305969.7],[4936616.3,4306029.9],[4936659.1,4306090.4],[4936673.8,4306151.0],[4936587.8,4306204.3],[4936594.6,4306257.7],[4936616.1,4306331.9],[4936673.6,4306391.6],[4936730.6,4306452.3],[4936730.8,4306519.6],[4936730.6,4306586.4],[4936759.0,4306700.2],[4936709.2,4306807.8],[4936626.7,4306857.4],[4936734.8,4306909.2],[4937061.8,4306920.0],[4937300.0,4306909.3],[4937660.0,4306826.3],[4937621.6,4306696.3],[4938151.0,4306675.5],[4938638.7,4306634.0],[4938642.7,4306519.3],[4938778.5,4306492.4],[4938735.9,4306358.3],[4938685.9,4306345.1],[4938664.5,4306136.8],[4938614.0,4306143.7],[4938542.7,4306023.0],[4938571.1,4305983.1],[4938550.3,4305935.9],[4938421.1,4305989.1],[4938392.8,4305942.6],[4938292.7,4305983.0],[4938335.7,4306070.0],[4938256.7,4306130.5],[4938099.8,4305949.2],[4937992.1,4305727.9],[4938056.7,4305721.2],[4937985.1,4305627.4],[4937992.1,4305553.6],[4938049.7,4305560.3],[4938099.9,4305701.2],[4938163.6,4305715.0],[4938178.3,4305674.5],[4938164.0,4305554.0],[4938221.0,4305460.0],[4938299.9,4305453.4],[4938364.1,4305446.2],[4938328.1,4305325.6],[4938414.1,4305386.2],[4938457.3,4305365.7],[4938417.6,4305312.2],[4938339.1,4305178.3],[4938232.0,4305178.1],[4938189.1,4305131.4],[4938039.2,4305124.7],[4937903.0,4305547.4],[4937738.8,4305560.6],[4937681.8,4305265.7]]]}},{"type":"Feature","properties":{"Vill_name":"Jashodanga","Sub_dist":null,"District":"Alipurduar","Vill_LGD":"307288"},"geometry":{"type":"Polygon","coordinates":[[[4940846.0,4304636.4],[4940810.3,4304952.0],[4940367.1,4304885.0],[4940381.9,4304791.0],[4940131.5,4304770.6],[4940102.8,4304978.5],[4939708.1,4304956.6],[4939629.9,4305070.7],[4939522.1,4305158.4],[4939507.6,4305245.6],[4939479.4,4305352.3],[4939415.1,4305392.9],[4939229.2,4305419.9],[4939121.7,4305480.0],[4939100.3,4305546.8],[4939151.0,4305627.3],[4939293.6,4305694.5],[4939343.9,4305741.1],[4939343.7,4305808.4],[4939214.5,4305869.0],[4939214.6,4305908.8],[4939272.1,4305929.2],[4939372.2,4305929.6],[4939422.0,4305935.9],[4939458.0,4306016.2],[4939507.9,4306069.7],[4939543.8,4306090.0],[4939658.2,4306089.6],[4939736.8,4306090.0],[4939786.6,4306096.8],[4939793.8,4306130.5],[4939743.8,4306170.3],[4939729.5,4306210.9],[4939729.6,4306250.7],[4939801.4,4306392.1],[4939801.3,4306485.9],[4939843.5,4306620.0],[4940009.8,4306614.8],[4940260.0,4306567.8],[4940288.9,4306527.9],[4940260.3,4306501.0],[4940188.9,4306474.0],[4940188.5,4306420.5],[4940217.1,4306346.7],[4940295.6,4306326.4],[4940388.9,4306420.3],[4940510.3,4306601.4],[4940438.8,4306648.5],[4940488.6,4306789.4],[4940403.2,4306849.2],[4940474.7,4306997.0],[4940410.1,4307044.0],[4940474.7,4307151.2],[4940596.4,4307110.8],[4940667.8,4307251.8],[4940893.0,4307164.3],[4940921.4,4306929.5],[4941014.2,4306755.2],[4941264.0,4306480.3],[4941371.8,4306547.4],[4941657.6,4305943.8],[4941904.1,4305420.8],[4941596.7,4305327.0],[4941582.4,4305031.7],[4941410.9,4304992.0],[4941468.2,4304730.5],[4941289.1,4304623.3],[4941182.1,4304817.5],[4940846.0,4304636.4]]]}},{"type":"Feature","properties":{"Vill_name":"Pukhuria","Sub_dist":null,"District":"Alipurduar","Vill_LGD":"307287"},"geometry":{"type":"Polygon","coordinates":[[[4943006.2,4305993.1],[4942716.5,4305744.5],[4942309.2,4305309.0],[4942073.4,4305094.4],[4941904.1,4305420.8],[4941657.6,4305943.8],[4941371.8,4306547.4],[4941264.0,4306480.3],[4941014.2,4306755.2],[4940921.4,4306929.5],[4940893.0,4307164.3],[4940667.8,4307251.8],[4940596.4,4307110.8],[4940474.7,4307151.2],[4940410.1,4307044.0],[4940474.7,4306997.0],[4940403.2,4306849.2],[4940488.6,4306789.4],[4940438.8,4306648.5],[4940510.3,4306601.4],[4940388.9,4306420.3],[4940295.6,4306326.4],[4940217.1,4306346.7],[4940188.5,4306420.5],[4940188.9,4306474.0],[4940260.3,4306501.0],[4940288.9,4306527.9],[4940260.0,4306567.8],[4940009.8,4306614.8],[4939843.5,4306620.0],[4939808.4,4306706.8],[4939708.0,4306793.8],[4939686.6,4306861.5],[4939686.7,4306941.6],[4939693.6,4307042.6],[4939740.2,4307116.5],[4939894.0,4307267.8],[4939943.6,4307351.2],[4939977.1,4307419.1],[4939932.6,4307549.0],[4939966.4,4307663.1],[4940021.7,4307720.3],[4940190.9,4307693.0],[4940383.9,4307713.1],[4940512.3,4307739.8],[4940598.3,4307779.8],[4940755.2,4307846.7],[4941077.4,4307773.3],[4941105.6,4307666.1],[4941384.2,4307632.3],[4941713.4,4307619.1],[4942106.8,4307659.5],[4942571.4,4307699.4],[4943125.4,4307780.0],[4943654.4,4307820.0],[4944362.1,4307921.1],[4944308.0,4307707.9],[4944308.0,4307533.5],[4944393.4,4307399.6],[4944346.8,4307071.3],[4944278.6,4307038.6],[4943949.8,4306776.8],[4943685.1,4306583.0],[4943392.2,4306341.6],[4943006.2,4305993.1]]]}},{"type":"Feature","properties":{"Vill_name":"Baniagaon","Sub_dist":null,"District":"Alipurduar","Vill_LGD":"307306"},"geometry":{"type":"Polygon","coordinates":[[[4943654.4,4307820.0],[4943125.4,4307780.0],[4942571.4,4307699.4],[4942106.8,4307659.5],[4941713.4,4307619.1],[4941384.2,4307632.3],[4941105.6,4307666.1],[4941077.4,4307773.3],[4940755.2,4307846.7],[4940848.0,4307866.9],[4940998.5,4308027.8],[4941044.1,4308110.5],[4941105.2,4308105.1],[4941226.6,4307991.1],[4941265.9,4308001.3],[4941221.2,4308104.8],[4941420.8,4308344.7],[4941509.7,4308427.5],[4941614.9,4308703.1],[4941692.7,4308708.3],[4941797.7,4308916.1],[4941858.6,4308905.8],[4941936.4,4308994.0],[4941964.3,4309077.3],[4941913.6,4309243.4],[4941947.2,4309238.6],[4941969.3,4309332.0],[4942063.8,4309368.4],[4942063.8,4309451.4],[4942113.6,4309519.1],[4942141.2,4309680.5],[4942371.3,4309633.6],[4942415.9,4309482.5],[4942454.4,4309467.2],[4942426.7,4309431.0],[4942415.9,4309378.9],[4942493.3,4309373.2],[4942526.4,4309482.4],[4942620.9,4309487.9],[4942620.8,4309622.9],[4942726.4,4309644.2],[4942980.5,4309618.0],[4943141.9,4309560.4],[4943119.8,4309508.3],[4943285.8,4309467.1],[4943368.5,4309534.5],[4943490.6,4309539.8],[4943551.7,4309648.8],[4943831.6,4309659.2],[4943887.0,4309732.6],[4943976.1,4309768.3],[4944258.9,4309924.2],[4944458.0,4310002.5],[4944436.7,4309851.2],[4944408.1,4309690.2],[4944401.4,4309523.0],[4944333.0,4309442.6],[4944276.4,4309281.8],[4944269.4,4309141.0],[4944247.6,4308845.8],[4944312.0,4308732.0],[4944333.1,4308577.8],[4944426.5,4308557.2],[4944419.0,4308517.6],[4944340.6,4308504.0],[4944376.3,4308403.6],[4944376.2,4308242.5],[4944304.7,4308075.0],[4944362.1,4307921.1],[4943654.4,4307820.0]]]}},{"type":"Feature","properties":{"Vill_name":"Samuktala","Sub_dist":null,"District":"Alipurduar","Vill_LGD":"307337"},"geometry":{"type":"Polygon","coordinates":[[[4945244.0,4308385.2],[4944557.8,4308398.5],[4944376.3,4308403.6],[4944340.6,4308504.0],[4944419.0,4308517.6],[4944426.5,4308557.2],[4944333.1,4308577.8],[4944312.0,4308732.0],[4944247.6,4308845.8],[4944269.4,4309141.0],[4944276.4,4309281.8],[4944333.0,4309442.6],[4944401.4,4309523.0],[4944408.1,4309690.2],[4944436.7,4309851.2],[4944458.0,4310002.5],[4944563.5,4310086.1],[4944630.0,4310184.6],[4944685.4,4310309.5],[4944696.6,4310444.6],[4945301.7,4310454.9],[4945881.5,4310468.4],[4945873.3,4310290.2],[4945951.7,4310129.0],[4946094.7,4310055.2],[4946380.5,4310035.0],[4946377.2,4309961.2],[4946212.6,4309961.2],[4946184.0,4309820.4],[4946255.5,4309639.6],[4946248.4,4309337.3],[4946076.7,4309270.6],[4946134.3,4309082.8],[4946013.0,4309022.5],[4946019.6,4308914.8],[4946184.1,4308895.2],[4946305.5,4308707.0],[4946156.0,4308619.8],[4945962.2,4308606.6],[4945827.0,4308486.2],[4945640.9,4308331.5],[4945244.0,4308385.2]]]}},{"type":"Feature","properties":{"Vill_name":"Kohinoor Tea Garden","Sub_dist":null,"District":"Alipurduar","Vill_LGD":"307323"},"geometry":{"type":"Polygon","coordinates":[[[4946595.2,4309961.3],[4946380.5,4310035.0],[4946094.7,4310055.2],[4945951.7,4310129.0],[4945873.3,4310290.2],[4945881.5,4310468.4],[4945981.3,4310589.0],[4946124.4,4310636.2],[4946095.3,4310823.3],[4946138.2,4311044.9],[4946188.1,4311286.4],[4946341.8,4311420.5],[4946356.4,4311494.4],[4946334.7,4311528.2],[4946263.2,4311460.9],[4946163.3,4311548.0],[4946120.4,4311695.7],[4945927.3,4311595.1],[4945841.5,4311601.4],[4945805.8,4311682.2],[4945834.3,4311762.6],[4945905.6,4311823.0],[4946148.5,4311815.9],[4946234.9,4311836.7],[4946263.2,4311923.5],[4946370.8,4311943.4],[4946420.9,4311984.1],[4946370.9,4312084.4],[4946127.3,4312218.6],[4946241.9,4312379.7],[4946341.8,4312466.5],[4946399.3,4312641.1],[4946499.3,4312808.5],[4946591.8,4312805.0],[4946758.1,4312810.0],[4946882.7,4313069.9],[4946954.6,4313085.6],[4947057.1,4313283.0],[4947206.8,4313500.8],[4947317.8,4313459.5],[4947478.4,4313511.3],[4947589.0,4313735.2],[4947628.0,4313844.6],[4947700.0,4314042.0],[4947738.5,4313823.3],[4947672.3,4313532.4],[4947603.6,4313305.2],[4947582.3,4313123.9],[4947667.9,4312761.7],[4947732.0,4312231.9],[4947746.5,4311682.6],[4947717.8,4311441.1],[4947503.8,4311447.5],[4947453.1,4311132.3],[4947428.5,4310723.5],[4947506.7,4310730.2],[4947514.5,4310650.1],[4947678.2,4310831.2],[4947692.7,4310938.0],[4948093.2,4310931.6],[4948071.7,4310662.9],[4948315.0,4310536.1],[4948300.2,4310281.0],[4948414.9,4310274.7],[4948436.5,4310099.9],[4948421.7,4309925.4],[4948643.7,4309885.4],[4948908.5,4309851.9],[4949079.8,4309791.3],[4949186.8,4309637.4],[4949179.5,4309543.7],[4949365.5,4309577.2],[4949488.1,4309652.2],[4949538.2,4309489.2],[4949494.1,4309291.1],[4949279.7,4309298.0],[4949265.6,4309109.8],[4948979.8,4308975.8],[4948929.8,4308862.0],[4949266.0,4308876.1],[4949266.0,4308875.6],[4949301.8,4308877.3],[4949423.2,4308884.1],[4949509.5,4309041.9],[4949382.9,4308793.2],[4949358.4,4308627.6],[4949359.7,4308620.8],[4949336.8,4308586.8],[4948844.0,4308654.1],[4948693.6,4308614.0],[4948693.6,4308707.8],[4948629.2,4308708.1],[4948672.1,4309177.2],[4948886.6,4309270.9],[4948850.9,4309371.3],[4948243.1,4309203.8],[4948236.5,4309445.6],[4947599.5,4309425.0],[4947285.3,4309465.4],[4947163.5,4309310.8],[4947113.6,4309123.3],[4946906.1,4309190.5],[4946734.6,4309244.1],[4947002.9,4309465.7],[4947095.7,4309794.2],[4947131.6,4309928.0],[4946831.5,4309887.7],[4946595.2,4309961.3]]]}},{"type":"Feature","properties":{"Vill_name":"Kayakhata","Sub_dist":null,"District":"Alipurduar","Vill_LGD":"307278"},"geometry":{"type":"Polygon","coordinates":[[[4938779.9,4302619.3],[4938436.0,4302652.9],[4938279.4,4302713.2],[4938072.5,4302840.2],[4938107.7,4302967.2],[4938115.4,4303061.3],[4938007.8,4303175.5],[4937914.7,4303161.7],[4937793.3,4303101.9],[4937729.2,4303108.1],[4937664.5,4303175.3],[4937664.9,4303249.4],[4937650.2,4303289.5],[4937450.4,4303309.4],[4937318.2,4303383.1],[4937267.8,4303450.4],[4937303.6,4303544.5],[4937389.0,4303544.1],[4937496.9,4303517.4],[4937639.9,4303484.0],[4937668.4,4303483.8],[4937697.0,4303564.3],[4937675.4,4303644.8],[4937547.0,4303672.0],[4937396.7,4303651.5],[4937275.0,4303658.5],[4937146.2,4303745.1],[4937199.7,4303825.8],[4937378.7,4303872.7],[4937435.6,4303986.9],[4937557.0,4304147.9],[4937657.5,4304368.8],[4937764.8,4304476.5],[4937864.5,4304536.8],[4937943.2,4304617.2],[4938036.4,4304577.0],[4938114.7,4304603.8],[4938193.3,4304643.9],[4938329.1,4304751.1],[4938472.1,4304851.7],[4938621.1,4304930.6],[4938800.0,4304762.4],[4938958.2,4304637.3],[4939065.8,4304617.5],[4939101.3,4304215.0],[4939173.0,4304215.0],[4939108.5,4303900.0],[4939158.5,4303892.6],[4939101.1,4303665.5],[4939137.1,4303611.2],[4938922.6,4303577.8],[4938965.4,4303309.8],[4939265.6,4303336.9],[4939230.0,4303404.0],[4939301.1,4303437.3],[4939365.7,4303350.1],[4939344.4,4303270.0],[4939237.3,4303209.4],[4939179.7,4303162.4],[4939172.7,4303061.9],[4939222.7,4303075.1],[4939208.2,4302988.0],[4939280.0,4302934.4],[4939222.9,4302834.0],[4939144.4,4302833.7],[4939129.6,4302679.7],[4939165.6,4302666.2],[4939187.3,4302572.5],[4939215.6,4302566.0],[4939215.5,4302465.3],[4939065.8,4302485.2],[4938901.4,4302492.0],[4938908.4,4302552.2],[4938815.4,4302545.3],[4938779.9,4302619.3]]]}},{"type":"Feature","properties":{"Vill_name":"Putimari","Sub_dist":null,"District":"Alipurduar","Vill_LGD":"307279"},"geometry":{"type":"Polygon","coordinates":[[[4937003.1,4303624.8],[4936924.6,4303705.5],[4936753.4,4303712.1],[4936710.1,4303436.9],[4936427.8,4303333.0],[4936234.6,4303286.5],[4935927.5,4303279.1],[4935748.9,4303286.3],[4935788.1,4303430.6],[4935852.8,4303504.4],[4935967.1,4303497.6],[4936052.7,4303504.1],[4936038.6,4303605.1],[4936017.1,4303725.9],[4936095.5,4303779.2],[4936017.5,4303973.9],[4935938.7,4303987.3],[4935867.3,4303980.5],[4935817.2,4303980.5],[4935817.3,4304060.6],[4935874.0,4304108.0],[4936002.7,4304127.9],[4936010.3,4304195.0],[4935874.5,4304241.6],[4935824.1,4304308.9],[4935909.5,4304402.9],[4936153.2,4304584.0],[4936088.9,4304624.1],[4936095.7,4304657.8],[4936267.2,4304603.7],[4936353.2,4304684.4],[4936403.0,4304751.1],[4936374.6,4304851.9],[4936367.1,4304979.2],[4936338.8,4305026.5],[4936344.5,4305111.2],[4936709.1,4305004.5],[4937152.6,4304943.7],[4937209.6,4305238.7],[4937681.8,4305265.7],[4937738.8,4305560.6],[4937903.0,4305547.4],[4938039.2,4305124.7],[4938189.1,4305131.4],[4938232.0,4305178.1],[4938339.1,4305178.3],[4938364.4,4305071.0],[4938428.0,4305044.1],[4938421.0,4304903.3],[4938621.1,4304930.6],[4938472.1,4304851.7],[4938329.1,4304751.1],[4938193.3,4304643.9],[4938114.7,4304603.8],[4938036.4,4304577.0],[4937943.2,4304617.2],[4937864.5,4304536.8],[4937764.8,4304476.5],[4937657.5,4304368.8],[4937557.0,4304147.9],[4937435.6,4303986.9],[4937378.7,4303872.7],[4937199.7,4303825.8],[4937146.2,4303745.1],[4937103.8,4303665.0],[4937003.1,4303624.8]]]}},{"type":"Feature","properties":{"Vill_name":"Bhelukdabri","Sub_dist":null,"District":"Alipurduar","Vill_LGD":"307266"},"geometry":{"type":"Polygon","coordinates":[[[4935101.8,4300885.7],[4935101.7,4300939.2],[4934944.1,4300999.9],[4934908.7,4301019.8],[4934965.9,4301240.6],[4934994.6,4301522.4],[4935023.3,4301683.4],[4935051.9,4301804.1],[4935044.5,4301844.0],[4934923.2,4301844.1],[4934765.8,4301830.7],[4934651.1,4301824.2],[4934508.2,4301763.8],[4934423.0,4301830.9],[4934301.3,4301848.7],[4934294.4,4301889.1],[4934236.6,4302029.7],[4934308.3,4302143.7],[4934508.7,4302204.3],[4934615.8,4302224.2],[4934651.7,4302324.6],[4934580.3,4302378.7],[4934544.1,4302418.7],[4934622.8,4302599.8],[4934637.3,4302666.7],[4934608.5,4302774.4],[4934637.1,4302814.1],[4934844.8,4302834.3],[4934980.2,4302807.9],[4934966.3,4302881.4],[4934837.2,4302942.0],[4934783.8,4303082.4],[4934990.8,4303273.0],[4935148.0,4303373.4],[4935205.5,4303332.9],[4935198.3,4303226.0],[4935212.0,4303165.3],[4935298.3,4303198.9],[4935362.9,4303286.4],[4935448.3,4303266.0],[4935534.2,4303205.8],[4935569.7,4303326.3],[4935641.2,4303319.9],[4935748.9,4303286.3],[4935927.5,4303279.1],[4936234.6,4303286.5],[4936427.8,4303333.0],[4936427.6,4303131.7],[4936534.5,4302816.6],[4936492.1,4302749.8],[4936449.5,4302696.2],[4936206.3,4302595.6],[4936098.5,4302528.1],[4936045.0,4302414.5],[4936009.6,4302058.8],[4936224.3,4302065.1],[4936231.1,4301616.1],[4936159.9,4301576.3],[4936152.7,4301254.3],[4936216.7,4301240.7],[4936224.3,4300898.8],[4936159.5,4300825.4],[4936145.4,4300597.4],[4936102.4,4300389.1],[4936059.6,4300349.2],[4935745.3,4300349.4],[4935680.5,4300389.5],[4935623.9,4300422.6],[4935323.4,4300248.6],[4935155.1,4300235.1],[4935191.4,4300349.3],[4935191.5,4300489.8],[4935198.2,4300637.4],[4935101.8,4300885.7]]]}},{"type":"Feature","properties":{"Vill_name":"Dakshin Majherdabri","Sub_dist":null,"District":"Alipurduar","Vill_LGD":"307261"},"geometry":{"type":"Polygon","coordinates":[[[4934783.8,4303082.4],[4934837.2,4302942.0],[4934966.3,4302881.4],[4934980.2,4302807.9],[4934844.8,4302834.3],[4934637.1,4302814.1],[4934608.5,4302774.4],[4934637.3,4302666.7],[4934622.8,4302599.8],[4934544.1,4302418.7],[4934580.3,4302378.7],[4934651.7,4302324.6],[4934615.8,4302224.2],[4934508.7,4302204.3],[4934308.3,4302143.7],[4934236.6,4302029.7],[4934294.4,4301889.1],[4934301.3,4301848.7],[4934172.7,4301775.2],[4933972.3,4301755.3],[4933879.8,4301728.3],[4933865.3,4301815.5],[4933800.5,4301835.9],[4933679.0,4301788.9],[4933593.9,4301667.9],[4933550.8,4301440.4],[4933482.6,4301326.7],[4933547.1,4301179.5],[4933461.3,4301125.3],[4933354.5,4301152.1],[4933339.5,4301259.4],[4933189.5,4301293.4],[4933043.5,4301318.8],[4932986.3,4301352.5],[4933000.4,4301439.1],[4933039.9,4301526.9],[4933068.0,4301513.0],[4933146.5,4301453.0],[4933196.7,4301533.4],[4933132.2,4301546.5],[4933153.6,4301654.2],[4933046.7,4301640.7],[4933047.0,4301747.8],[4933103.8,4301781.4],[4933118.3,4301868.5],[4933196.8,4301868.9],[4933296.6,4301928.7],[4933311.4,4302069.8],[4933289.7,4302103.2],[4933382.9,4302391.5],[4933268.4,4302404.7],[4933304.0,4302532.1],[4933354.5,4302606.2],[4933461.4,4302639.8],[4933568.6,4302606.2],[4933532.7,4302679.6],[4933454.3,4302726.9],[4933418.4,4302840.6],[4933461.3,4302947.7],[4933611.0,4303021.7],[4933539.7,4303075.3],[4933604.2,4303216.3],[4933643.5,4303296.8],[4933800.7,4303317.1],[4933879.1,4303371.0],[4933929.2,4303524.6],[4934086.8,4303524.8],[4934151.2,4303565.2],[4934165.0,4303645.9],[4934108.0,4303719.3],[4934122.2,4303779.9],[4934294.2,4303800.0],[4934447.7,4303772.9],[4934440.9,4303699.4],[4934612.3,4303699.3],[4934819.6,4303719.1],[4934855.5,4303759.6],[4935048.3,4303733.0],[4935069.6,4303625.5],[4934948.3,4303565.1],[4934783.8,4303082.4]]]}},{"type":"Feature","properties":{"Vill_name":"Chaparerpar","Sub_dist":null,"District":"Alipurduar","Vill_LGD":"307260"},"geometry":{"type":"Polygon","coordinates":[[[4934322.4,4298008.8],[4934086.9,4298076.1],[4933557.8,4298142.6],[4933544.0,4298277.0],[4933593.7,4298377.1],[4933744.0,4298437.8],[4933708.2,4298477.8],[4933593.8,4298518.0],[4933551.0,4298591.6],[4933572.5,4298685.9],[4933693.7,4298759.0],[4933815.3,4298772.7],[4933958.4,4298739.3],[4934022.9,4298745.8],[4934029.8,4298806.1],[4934036.5,4298859.9],[4933979.8,4298967.2],[4934229.6,4299134.9],[4934215.6,4299181.8],[4934201.3,4299181.7],[4934179.5,4299175.2],[4934029.9,4299081.1],[4934008.4,4299222.0],[4934044.4,4299443.2],[4934122.6,4299543.7],[4934136.7,4299791.9],[4934197.8,4299798.3],[4934276.1,4299844.8],[4934162.0,4300012.7],[4934012.0,4300119.9],[4933862.0,4300307.7],[4933911.5,4300401.4],[4934119.2,4300475.2],[4934297.7,4300582.4],[4934211.6,4300636.3],[4934097.8,4300602.3],[4933976.5,4300542.5],[4933926.4,4300562.2],[4933918.7,4300723.4],[4933883.2,4300817.4],[4933804.7,4300602.0],[4933761.7,4300555.8],[4933647.1,4300703.5],[4933632.5,4300729.8],[4933475.5,4300716.4],[4933389.8,4300803.6],[4933461.3,4301125.3],[4933547.1,4301179.5],[4933482.6,4301326.7],[4933550.8,4301440.4],[4933593.9,4301667.9],[4933679.0,4301788.9],[4933800.5,4301835.9],[4933865.3,4301815.5],[4933879.8,4301728.3],[4933972.3,4301755.3],[4934172.7,4301775.2],[4934301.3,4301848.7],[4934423.0,4301830.9],[4934508.2,4301763.8],[4934651.1,4301824.2],[4934765.8,4301830.7],[4934923.2,4301844.1],[4935044.5,4301844.0],[4935051.9,4301804.1],[4935023.3,4301683.4],[4934994.6,4301522.4],[4934965.9,4301240.6],[4934908.7,4301019.8],[4934944.1,4300999.9],[4935101.7,4300939.2],[4935101.8,4300885.7],[4935198.2,4300637.4],[4935191.5,4300489.8],[4935191.4,4300349.3],[4935155.1,4300235.1],[4935212.9,4300074.3],[4935248.2,4299993.5],[4935248.3,4299879.6],[4935234.1,4299786.1],[4935234.4,4299564.7],[4935319.7,4299578.1],[4935391.2,4299612.0],[4935434.1,4299558.0],[4935420.0,4299524.9],[4935341.4,4299464.2],[4935320.0,4299397.4],[4935356.0,4299343.6],[4935398.3,4299270.0],[4935427.4,4299196.3],[4935405.6,4299035.1],[4935341.4,4298961.3],[4935291.1,4298874.5],[4935319.8,4298827.2],[4935377.3,4298807.4],[4935527.3,4298934.9],[4935580.7,4298947.8],[4935630.6,4298840.2],[4935616.4,4298726.0],[4935523.5,4298605.7],[4935423.2,4298545.4],[4935337.2,4298404.7],[4935316.5,4298344.3],[4935366.0,4298283.8],[4935437.8,4298283.8],[4935501.9,4298257.4],[4935495.0,4298196.7],[4935373.5,4298189.9],[4935237.3,4298183.4],[4935101.7,4298122.8],[4934922.8,4298096.1],[4934744.5,4298116.0],[4934623.0,4298183.4],[4934501.3,4298089.1],[4934365.4,4298116.5],[4934322.4,4298008.8]]]}},{"type":"Feature","properties":{"Vill_name":"Uttar Majherdabri","Sub_dist":null,"District":"Alipurduar","Vill_LGD":"307265"},"geometry":{"type":"Polygon","coordinates":[[[4934990.8,4303273.0],[4934783.8,4303082.4],[4934948.3,4303565.1],[4935069.6,4303625.5],[4935048.3,4303733.0],[4934855.5,4303759.6],[4934819.6,4303719.1],[4934612.3,4303699.3],[4934440.9,4303699.4],[4934447.7,4303772.9],[4934294.2,4303800.0],[4934322.6,4303913.8],[4934344.3,4304054.8],[4934329.6,4304115.0],[4934301.2,4304155.4],[4934251.2,4304195.2],[4934229.8,4304302.7],[4934329.5,4304342.8],[4934286.9,4304443.5],[4934208.5,4304409.7],[4934151.0,4304409.9],[4934086.8,4304436.8],[4934101.0,4304570.6],[4934043.6,4304570.8],[4934015.3,4304484.0],[4933936.7,4304443.4],[4933872.1,4304450.1],[4933858.4,4304570.7],[4933793.9,4304584.3],[4933786.7,4304704.8],[4933872.4,4304771.8],[4933786.7,4304859.0],[4933853.3,4304984.5],[4933989.4,4304850.1],[4934253.7,4304890.2],[4934275.4,4305051.4],[4934582.8,4305125.0],[4934861.0,4305232.2],[4935104.3,4305339.6],[4935383.0,4305366.2],[4935747.8,4305420.0],[4935837.4,4305292.2],[4935880.3,4305164.6],[4935822.9,4305030.8],[4935965.5,4305077.9],[4936037.4,4305084.8],[4936015.5,4305171.6],[4936065.5,4305225.1],[4936137.4,4305272.2],[4936108.7,4305379.9],[4936108.8,4305439.8],[4936158.5,4305446.6],[4936366.0,4305379.9],[4936358.8,4305192.0],[4936344.5,4305111.2],[4936338.8,4305026.5],[4936367.1,4304979.2],[4936374.6,4304851.9],[4936403.0,4304751.1],[4936353.2,4304684.4],[4936267.2,4304603.7],[4936095.7,4304657.8],[4936088.9,4304624.1],[4936153.2,4304584.0],[4935909.5,4304402.9],[4935824.1,4304308.9],[4935874.5,4304241.6],[4936010.3,4304195.0],[4936002.7,4304127.9],[4935874.0,4304108.0],[4935817.3,4304060.6],[4935817.2,4303980.5],[4935867.3,4303980.5],[4935938.7,4303987.3],[4936017.5,4303973.9],[4936095.5,4303779.2],[4936017.1,4303725.9],[4936038.6,4303605.1],[4936052.7,4303504.1],[4935967.1,4303497.6],[4935852.8,4303504.4],[4935788.1,4303430.6],[4935748.9,4303286.3],[4935641.2,4303319.9],[4935569.7,4303326.3],[4935534.2,4303205.8],[4935448.3,4303266.0],[4935362.9,4303286.4],[4935298.3,4303198.9],[4935212.0,4303165.3],[4935198.3,4303226.0],[4935205.5,4303332.9],[4935148.0,4303373.4],[4934990.8,4303273.0]]]}},{"type":"Feature","properties":{"Vill_name":"Sobhaganj (CT)","Sub_dist":null,"District":"Alipurduar","Vill_LGD":"307338"},"geometry":{"type":"Polygon","coordinates":[[[4932714.0,4300835.5],[4932793.1,4300681.7],[4932836.3,4300661.6],[4932950.3,4300547.8],[4933029.1,4300574.1],[4933100.1,4300547.6],[4933093.3,4300494.2],[4933021.6,4300433.8],[4933107.8,4300058.3],[4933186.3,4299877.5],[4933071.9,4299917.1],[4932971.8,4299904.5],[4932943.2,4299877.1],[4933000.2,4299803.7],[4933015.0,4299763.2],[4932950.1,4299723.2],[4932943.5,4299676.2],[4932971.8,4299609.3],[4932936.0,4299535.4],[4932943.1,4299367.8],[4932964.6,4299327.6],[4932864.7,4299260.4],[4932843.3,4299133.2],[4932837.0,4299128.0],[4932809.4,4299140.2],[4932599.5,4299152.9],[4932487.8,4299161.0],[4932471.7,4299174.1],[4932525.8,4299274.7],[4932622.5,4299399.4],[4932638.5,4299603.6],[4932664.8,4299823.3],[4932690.0,4299950.0],[4932667.1,4300055.2],[4932578.2,4300168.6],[4932534.3,4300227.1],[4932467.6,4300202.4],[4932353.9,4300117.8],[4932290.4,4300068.2],[4932243.6,4300005.0],[4932201.9,4299989.4],[4932092.5,4299984.8],[4932039.1,4299995.7],[4932039.1,4300152.4],[4932013.9,4300279.9],[4932014.0,4300574.1],[4932056.6,4300708.7],[4932242.6,4300856.1],[4932714.0,4300835.5]]]}},{"type":"Feature","properties":{"Vill_name":"Buxa Duar","Sub_dist":null,"District":"Alipurduar","Vill_LGD":"307145N157"},"geometry":{"type":"Polygon","coordinates":[[[4935874.1,4331645.2],[4935457.9,4331080.7],[4934627.0,4331170.2],[4933902.2,4331255.3],[4933987.9,4331890.2],[4935258.0,4332016.6],[4935874.1,4331645.2]]]}},{"type":"Feature","properties":{"Vill_name":"Dara Gaon Buxa Duar","Sub_dist":null,"District":"Alipurduar","Vill_LGD":"307145N158"},"geometry":{"type":"Polygon","coordinates":[[[4934887.3,4330439.4],[4933780.3,4330166.3],[4933025.4,4330349.6],[4933139.6,4330758.9],[4933683.3,4330931.9],[4934733.6,4330902.7],[4934887.3,4330439.4]]]}},{"type":"Feature","properties":{"Vill_name":"Chuna Bhati","Sub_dist":null,"District":"Alipurduar","Vill_LGD":"307145N160"},"geometry":{"type":"Polygon","coordinates":[[[4932123.8,4329597.2],[4931242.0,4329577.9],[4931222.3,4330049.6],[4931171.1,4330204.0],[4931421.2,4330466.5],[4931934.8,4330643.6],[4932472.3,4330552.3],[4932555.6,4330050.3],[4932123.8,4329597.2]]]}},{"type":"Feature","properties":{"Vill_name":"Adma Busti","Sub_dist":null,"District":"Alipurduar","Vill_LGD":"307145N161"},"geometry":{"type":"Polygon","coordinates":[[[4931171.1,4330204.0],[4931176.2,4330188.7],[4930882.9,4330345.1],[4930849.6,4331080.5],[4931145.4,4331373.0],[4931672.6,4331356.0],[4932122.2,4331319.1],[4931934.8,4330643.6],[4931421.2,4330466.5],[4931171.1,4330204.0]]]}},{"type":"Feature","properties":{"Vill_name":"Lamna","Sub_dist":null,"District":"Alipurduar","Vill_LGD":"307145N162"},"geometry":{"type":"Polygon","coordinates":[[[4932213.5,4331610.8],[4932122.2,4331319.1],[4931672.6,4331356.0],[4931145.4,4331373.0],[4930862.0,4331606.2],[4931013.5,4331989.8],[4931268.2,4332178.3],[4931625.7,4332133.5],[4932227.4,4332062.6],[4932213.5,4331610.8]]]}},{"type":"Feature","properties":{"Vill_name":"Pakriguri","Sub_dist":null,"District":"Alipurduar","Vill_LGD":"307201"},"geometry":{"type":"Polygon","coordinates":[[[4964164.2,4301722.6],[4964291.8,4301601.1],[4964624.2,4301653.3],[4964759.2,4301375.0],[4964866.1,4301090.9],[4964951.2,4301026.2],[4964976.0,4300990.1],[4965333.3,4300950.3],[4965293.4,4300754.7],[4965361.9,4300543.1],[4965395.4,4300479.0],[4965447.3,4300391.7],[4965496.0,4300264.7],[4965490.5,4300189.6],[4965431.9,4300113.6],[4965335.9,4300037.5],[4965152.8,4299912.5],[4964912.7,4299681.7],[4964761.1,4299633.6],[4964750.8,4299591.6],[4964750.6,4299524.7],[4964704.0,4299347.7],[4964639.1,4299206.9],[4964553.8,4299174.9],[4964495.0,4299135.8],[4964360.2,4298968.9],[4964309.4,4298893.5],[4964264.2,4298815.6],[4964243.0,4298704.4],[4964253.2,4298636.2],[4964334.2,4298470.8],[4964308.5,4298380.9],[4964266.9,4298293.3],[4964193.7,4298194.2],[4964123.4,4298125.4],[4963838.5,4298159.7],[4963836.1,4298158.6],[4963754.0,4298151.8],[4963668.6,4298140.8],[4963654.7,4298204.5],[4963590.4,4298297.6],[4963554.9,4298290.0],[4963562.1,4298201.0],[4963562.2,4298126.4],[4963433.8,4298123.2],[4963408.8,4298264.9],[4963280.7,4298254.8],[4963241.3,4298112.0],[4963038.6,4298090.6],[4962976.7,4298163.2],[4963012.0,4298276.8],[4963001.7,4298391.2],[4962994.6,4298558.8],[4962944.3,4298708.1],[4962902.2,4298921.7],[4962875.3,4299042.6],[4962907.4,4299088.8],[4962968.0,4299064.2],[4962904.0,4299159.9],[4962882.4,4299242.3],[4962908.2,4299349.1],[4962817.2,4299436.5],[4963001.2,4299435.3],[4963148.2,4299288.7],[4963599.0,4299300.6],[4963772.0,4299316.7],[4963777.7,4299403.7],[4963776.7,4299550.2],[4963762.2,4299645.6],[4963601.1,4299614.2],[4963551.1,4299625.4],[4963441.4,4299666.9],[4963453.2,4299786.8],[4963471.0,4299896.2],[4963483.8,4299995.5],[4963464.1,4300086.1],[4963443.3,4300151.1],[4963554.5,4300164.3],[4963547.1,4300214.5],[4963567.9,4300240.0],[4963604.0,4300258.8],[4963594.8,4300368.8],[4963584.2,4300463.0],[4963593.4,4300500.6],[4963638.7,4300521.0],[4963774.2,4300532.0],[4963836.0,4300528.4],[4963911.8,4300526.9],[4963979.5,4300536.0],[4964027.3,4300556.6],[4964068.6,4300598.4],[4964096.2,4300620.0],[4964126.0,4300607.3],[4964153.4,4300582.7],[4964173.4,4300542.8],[4964191.1,4300521.4],[4964234.0,4300498.8],[4964334.7,4300487.2],[4964416.3,4300481.1],[4964476.1,4300483.8],[4964513.4,4300583.9],[4964566.7,4300699.8],[4964584.2,4300751.7],[4964586.8,4300805.5],[4964572.0,4300918.6],[4964544.2,4300992.9],[4964534.6,4301073.8],[4964540.3,4301124.9],[4964582.8,4301219.9],[4964622.2,4301303.8],[4964633.8,4301383.4],[4964642.2,4301475.0],[4964621.2,4301527.6],[4964578.5,4301547.2],[4964363.4,4301521.3],[4964319.0,4301523.6],[4964267.2,4301540.1],[4964208.4,4301538.0],[4964164.2,4301722.6]]]}},{"type":"Feature","properties":{"Vill_name":"Baruipara","Sub_dist":null,"District":"Alipurduar","Vill_LGD":"307202"},"geometry":{"type":"Polygon","coordinates":[[[4961394.7,4299503.0],[4961598.7,4299490.7],[4961740.0,4299475.1],[4962001.9,4299452.2],[4962202.5,4299446.1],[4962419.1,4299444.1],[4962586.3,4299438.1],[4962817.2,4299436.5],[4962908.2,4299349.1],[4962882.4,4299242.3],[4962904.0,4299159.9],[4962968.0,4299064.2],[4962907.4,4299088.8],[4962875.3,4299042.6],[4962902.2,4298921.7],[4962944.3,4298708.1],[4962994.6,4298558.8],[4963001.7,4298391.2],[4963012.0,4298276.8],[4962976.7,4298163.2],[4962775.5,4298131.0],[4962586.3,4297938.3],[4962387.5,4297999.1],[4962280.4,4297960.1],[4962341.1,4298220.2],[4961913.8,4298109.5],[4961903.0,4298049.0],[4961567.0,4298061.5],[4961321.7,4298049.2],[4961282.7,4297970.3],[4961310.7,4297858.2],[4961278.7,4297712.1],[4960835.3,4297682.9],[4960852.5,4297740.2],[4960891.2,4297832.4],[4960907.4,4297945.7],[4960931.3,4298059.6],[4960941.4,4298218.2],[4960937.6,4298348.8],[4960943.2,4298534.6],[4960959.2,4298615.9],[4960985.2,4298700.9],[4961174.0,4298673.8],[4961349.5,4298640.9],[4961482.9,4298604.5],[4961565.5,4298570.5],[4961601.4,4298514.0],[4961619.4,4298488.7],[4961705.5,4298593.6],[4961714.3,4298658.1],[4961720.5,4298758.0],[4961762.0,4298776.6],[4961803.7,4298827.7],[4961805.2,4298883.9],[4961740.2,4298898.1],[4961650.9,4298950.8],[4961610.4,4298988.8],[4961581.1,4299069.4],[4961572.2,4299105.7],[4961598.6,4299127.7],[4961617.9,4299154.6],[4961612.5,4299218.2],[4961613.6,4299293.0],[4961589.2,4299317.9],[4961553.1,4299363.1],[4961529.0,4299397.3],[4961449.3,4299468.0],[4961394.7,4299503.0]]]}},{"type":"Feature","properties":{"Vill_name":"Majherdabri","Sub_dist":null,"District":"Alipurduar","Vill_LGD":"307203"},"geometry":{"type":"Polygon","coordinates":[[[4963654.7,4298204.5],[4963668.6,4298140.8],[4963754.0,4298151.8],[4963836.1,4298158.6],[4963838.5,4298159.7],[4964123.4,4298125.4],[4964036.3,4298040.1],[4964090.6,4297973.5],[4964200.4,4297832.7],[4964255.8,4297764.2],[4964262.3,4297630.9],[4964241.4,4297514.8],[4964181.8,4297340.9],[4964113.4,4297207.7],[4964024.3,4297117.3],[4963928.1,4297072.2],[4963854.1,4297027.2],[4963796.0,4296977.8],[4963735.0,4296936.2],[4963565.5,4296953.8],[4963473.7,4296931.1],[4963516.7,4296773.8],[4963550.7,4296682.2],[4963639.0,4296601.3],[4963773.7,4296489.8],[4963944.2,4296346.3],[4964041.7,4296260.2],[4964090.3,4296241.0],[4964125.6,4296235.6],[4964183.1,4296215.5],[4964271.7,4296130.7],[4964319.9,4296053.9],[4964347.7,4295923.5],[4964368.6,4295815.3],[4964258.9,4295781.0],[4964117.3,4295744.5],[4964069.9,4295775.7],[4963982.2,4295825.6],[4963825.4,4295851.9],[4963702.5,4295851.2],[4963578.0,4295837.0],[4963489.3,4295812.1],[4963398.5,4295773.8],[4963328.8,4295736.9],[4963209.9,4295685.7],[4963010.4,4295647.6],[4962692.5,4295649.4],[4962197.8,4295667.8],[4962127.1,4296002.7],[4962097.3,4296161.0],[4962074.8,4296172.7],[4962004.2,4296154.5],[4961895.6,4296104.0],[4961839.6,4296068.1],[4961825.5,4296072.5],[4961768.8,4296124.6],[4961660.3,4296260.2],[4961627.0,4296657.8],[4961566.7,4296717.5],[4961564.5,4296749.8],[4961588.8,4296788.9],[4961657.1,4296838.9],[4961728.5,4296921.7],[4961740.4,4296984.0],[4961760.2,4297038.0],[4961758.0,4297069.8],[4961736.1,4297114.1],[4961725.3,4297156.1],[4961742.1,4297183.8],[4961762.2,4297198.5],[4961765.7,4297225.8],[4961793.0,4297256.8],[4961814.1,4297258.3],[4961842.9,4297268.2],[4961824.1,4297347.0],[4961833.4,4297403.8],[4961927.9,4297500.9],[4961977.1,4297563.4],[4962046.0,4297647.4],[4962099.0,4297691.5],[4962126.5,4297677.2],[4962134.6,4297562.6],[4962129.4,4297524.9],[4962133.3,4297504.0],[4962139.8,4297488.2],[4962172.0,4297485.1],[4962201.2,4297490.1],[4962211.6,4297530.7],[4962206.8,4297634.6],[4962205.6,4297693.5],[4962202.0,4297744.0],[4962022.5,4297750.1],[4961905.0,4297749.7],[4961774.0,4297716.4],[4961676.9,4297733.7],[4961520.8,4297728.1],[4961278.7,4297712.1],[4961310.7,4297858.2],[4961282.7,4297970.3],[4961321.7,4298049.2],[4961567.0,4298061.5],[4961903.0,4298049.0],[4961913.8,4298109.5],[4962341.1,4298220.2],[4962280.4,4297960.1],[4962387.5,4297999.1],[4962586.3,4297938.3],[4962775.5,4298131.0],[4962976.7,4298163.2],[4963038.6,4298090.6],[4963241.3,4298112.0],[4963280.7,4298254.8],[4963408.8,4298264.9],[4963433.8,4298123.2],[4963562.2,4298126.4],[4963562.1,4298201.0],[4963554.9,4298290.0],[4963590.4,4298297.6],[4963654.7,4298204.5]]]}},{"type":"Feature","properties":{"Vill_name":"Mechpara Tea Garden","Sub_dist":null,"District":"Alipurduar","Vill_LGD":"307136"},"geometry":{"type":"Polygon","coordinates":[[[4919679.2,4324983.4],[4919290.8,4324939.3],[4918856.6,4324948.0],[4918854.1,4324979.3],[4918835.0,4324999.0],[4918802.9,4325013.2],[4918710.3,4325018.1],[4918676.4,4325049.8],[4918617.9,4325133.0],[4918569.2,4325216.2],[4918503.4,4325297.0],[4918464.5,4325350.2],[4918449.8,4325440.8],[4918408.3,4325550.3],[4918374.3,4325572.3],[4918283.6,4325589.1],[4918293.1,4325770.3],[4918288.3,4325911.0],[4918254.4,4326075.0],[4918252.0,4326126.0],[4918259.4,4326155.3],[4918276.3,4326182.1],[4918293.5,4326203.6],[4918295.8,4326235.6],[4918285.8,4326270.0],[4918276.5,4326311.3],[4918268.7,4326350.3],[4918269.0,4326365.0],[4918283.7,4326377.5],[4918337.2,4326377.1],[4918349.5,4326396.9],[4918384.0,4326467.3],[4918412.7,4326514.3],[4918493.3,4326636.1],[4918586.0,4326762.9],[4918629.7,4326823.9],[4918627.2,4326897.0],[4918642.4,4326979.8],[4918666.4,4327104.2],[4918700.2,4327228.6],[4918741.7,4327348.0],[4918807.6,4327457.8],[4918856.3,4327508.7],[4918858.9,4327567.3],[4918834.6,4327642.8],[4918844.2,4327669.8],[4918815.3,4327677.2],[4918788.3,4327696.6],[4918780.9,4327728.2],[4918751.6,4327797.0],[4918790.8,4327818.5],[4918746.9,4327865.0],[4918732.5,4327991.6],[4919131.5,4328049.5],[4919599.8,4328107.8],[4919511.9,4327748.9],[4919248.3,4327015.6],[4920057.8,4327099.6],[4920907.8,4326109.7],[4921024.8,4326191.0],[4921024.6,4326256.8],[4921215.5,4326579.3],[4921544.6,4327348.6],[4921618.2,4327370.8],[4921698.8,4327143.3],[4921670.0,4326842.8],[4921586.5,4326832.9],[4921641.2,4326674.8],[4921597.5,4326285.7],[4921604.8,4325926.5],[4921568.5,4325412.4],[4921575.3,4325096.8],[4921014.3,4325034.6],[4920574.6,4325027.3],[4920112.3,4324997.8],[4919679.2,4324983.4]]]}},{"type":"Feature","properties":{"Vill_name":"Bhatpara Tea Garden","Sub_dist":null,"District":"Alipurduar","Vill_LGD":"307137"},"geometry":{"type":"Polygon","coordinates":[[[4921568.5,4325412.4],[4921604.8,4325926.5],[4921597.5,4326285.7],[4921641.2,4326674.8],[4921586.5,4326832.9],[4921670.0,4326842.8],[4921853.0,4326755.2],[4922057.7,4326593.6],[4922167.8,4326623.4],[4922292.6,4326725.7],[4922490.3,4326997.0],[4922574.2,4327132.2],[4923189.7,4327154.2],[4923724.7,4327234.9],[4923878.3,4327228.0],[4924798.0,4327326.5],[4924809.7,4327135.0],[4924912.9,4326753.3],[4925023.1,4326195.7],[4925088.6,4325718.9],[4925176.9,4325322.8],[4924336.7,4325254.6],[4923984.7,4325239.7],[4923574.2,4325217.6],[4923053.5,4325166.1],[4922698.1,4325140.8],[4922323.3,4325118.9],[4922015.3,4325118.9],[4921575.3,4325096.8],[4921568.5,4325412.4]]]}},{"type":"Feature","properties":{"Vill_name":"Bhatkhawa Tea Garden","Sub_dist":null,"District":"Alipurduar","Vill_LGD":"307141"},"geometry":{"type":"Polygon","coordinates":[[[4925844.5,4319453.0],[4926167.7,4319114.4],[4926552.8,4318681.4],[4926552.9,4318680.9],[4926394.0,4318676.3],[4925739.1,4318648.3],[4925313.3,4318615.2],[4924357.3,4318608.7],[4923990.3,4318590.6],[4923601.6,4318583.3],[4923123.9,4318568.7],[4922348.0,4318534.0],[4922354.7,4318680.7],[4922443.1,4319194.3],[4922590.0,4319869.9],[4922010.1,4319855.3],[4921753.3,4319836.2],[4921721.5,4319852.9],[4921623.3,4319898.6],[4921450.4,4320150.2],[4921273.2,4320142.4],[4921288.5,4320125.2],[4921316.1,4320112.1],[4921339.6,4320059.7],[4921360.3,4320037.0],[4921348.1,4320008.0],[4921323.4,4319990.6],[4921285.2,4319900.0],[4921285.3,4319861.8],[4921270.8,4319841.8],[4921289.0,4319818.9],[4921328.9,4319809.2],[4921372.9,4319812.1],[4921385.0,4319817.9],[4921381.1,4319806.5],[4920808.3,4319737.8],[4920822.8,4319773.9],[4920841.9,4319847.5],[4920853.3,4319875.5],[4920856.0,4319902.2],[4920853.6,4319930.6],[4920834.6,4320082.4],[4920849.6,4320117.0],[4920891.8,4320148.0],[4920915.8,4320150.2],[4920947.1,4320183.6],[4920956.5,4320243.5],[4920941.9,4320302.7],[4920922.8,4320331.3],[4920673.5,4320367.5],[4920659.0,4320436.0],[4920659.1,4320628.6],[4920659.5,4320650.7],[4920665.4,4320650.5],[4920930.1,4320661.2],[4921522.4,4320673.9],[4921970.5,4320680.6],[4922808.7,4320708.5],[4923062.6,4320708.4],[4924054.8,4320761.3],[4924476.0,4320776.1],[4924526.6,4320734.8],[4924735.0,4320547.3],[4925183.0,4320136.0],[4925511.2,4319786.3],[4925844.5,4319453.0]]]}},{"type":"Feature","properties":{"Vill_name":"Madhya Patkapara","Sub_dist":null,"District":"Alipurduar","Vill_LGD":"307243"},"geometry":{"type":"Polygon","coordinates":[[[4921947.1,4305501.2],[4921714.3,4305418.3],[4921580.9,4305189.4],[4921503.8,4305189.1],[4921547.9,4305428.0],[4921536.8,4305688.2],[4921825.0,4305958.4],[4921769.7,4306291.2],[4921470.5,4306312.2],[4921514.8,4306249.5],[4921614.6,4306114.8],[4921614.8,4305927.2],[4921470.4,4305906.5],[4921348.5,4305979.3],[4921226.5,4306208.2],[4921015.9,4306114.6],[4920805.1,4306197.8],[4920694.8,4306000.0],[4920550.4,4305969.0],[4920538.9,4306166.8],[4920251.1,4306208.0],[4919995.9,4306478.7],[4919829.3,4306644.5],[4919784.4,4306915.0],[4919983.8,4306904.4],[4920128.7,4306894.2],[4920212.7,4306936.0],[4920234.7,4307019.1],[4920578.0,4307050.8],[4920566.9,4306842.5],[4920611.6,4306821.6],[4920777.6,4306821.7],[4920855.6,4306884.4],[4921021.7,4306873.7],[4920988.6,4307123.1],[4921066.1,4307248.1],[4921298.4,4307216.6],[4921198.9,4306905.3],[4921598.3,4306863.1],[4921731.3,4307060.5],[4921958.3,4306956.5],[4921769.7,4306884.1],[4921836.1,4306790.0],[4922013.4,4306769.5],[4922180.0,4306644.4],[4922146.7,4306520.0],[4922091.3,4306405.9],[4922124.7,4306405.5],[4922191.0,4306374.8],[4922201.9,4306312.0],[4922279.5,4306322.6],[4922368.5,4306187.4],[4922346.1,4305885.7],[4922412.5,4305823.1],[4922268.7,4305605.0],[4922102.8,4305553.3],[4921947.1,4305501.2]]]}},{"type":"Feature","properties":{"Vill_name":"Foskadanga","Sub_dist":null,"District":"Alipurduar","Vill_LGD":"307246"},"geometry":{"type":"Polygon","coordinates":[[[4926871.3,4305828.8],[4926921.1,4305312.1],[4926410.2,4305305.8],[4926081.4,4305258.5],[4926124.0,4305446.2],[4925867.3,4305453.1],[4925638.2,4305386.1],[4925602.8,4305211.5],[4925645.3,4304950.3],[4925631.3,4304742.4],[4925545.1,4304695.0],[4925473.6,4304782.9],[4925402.0,4304883.1],[4925280.4,4304889.6],[4925144.8,4304889.9],[4925087.8,4305064.0],[4925237.4,4305191.5],[4925266.5,4305372.7],[4925158.9,4305506.5],[4925002.0,4305439.5],[4924808.7,4305446.0],[4924744.5,4305647.7],[4924679.9,4305888.7],[4924601.7,4306197.3],[4924565.8,4306271.2],[4924351.2,4306291.4],[4924365.8,4306599.5],[4924086.4,4306599.9],[4924064.9,4306626.9],[4924065.2,4306673.0],[4924259.6,4306797.3],[4924557.0,4306894.6],[4924556.9,4306948.1],[4924503.8,4307368.0],[4924718.0,4307397.4],[4926410.1,4307825.8],[4927107.6,4307977.1],[4927259.9,4308008.0],[4927150.3,4307384.4],[4927035.8,4306874.5],[4926671.2,4306908.1],[4926742.8,4306438.6],[4926871.3,4305828.8]]]}},{"type":"Feature","properties":{"Vill_name":"Banchukamari","Sub_dist":null,"District":"Alipurduar","Vill_LGD":"307248"},"geometry":{"type":"Polygon","coordinates":[[[4927511.1,4303703.0],[4927368.0,4303810.0],[4927175.1,4303857.3],[4927081.9,4303803.7],[4926960.6,4303803.8],[4927053.6,4304004.7],[4927217.9,4304071.5],[4927253.5,4304159.2],[4927260.8,4304313.2],[4927110.8,4304480.9],[4927117.8,4304662.0],[4926839.0,4304782.7],[4926921.1,4305312.1],[4926871.3,4305828.8],[4927361.0,4305808.6],[4927375.0,4305587.3],[4927843.8,4305634.3],[4928301.3,4305607.2],[4928865.7,4305493.3],[4928851.8,4305292.2],[4928942.4,4305266.6],[4928791.5,4305115.5],[4928641.7,4304991.9],[4928684.9,4304901.2],[4928594.9,4304830.5],[4928531.2,4304807.4],[4928556.3,4304458.9],[4928675.9,4304166.5],[4928761.2,4304139.7],[4928697.1,4304072.7],[4928732.5,4303938.9],[4928747.3,4303824.7],[4928768.7,4303737.8],[4928622.0,4303570.2],[4928600.5,4303476.8],[4928772.1,4303329.3],[4928822.1,4303268.9],[4928829.4,4303208.3],[4928793.6,4303188.4],[4928686.9,4303282.0],[4928557.8,4303322.0],[4928443.7,4303315.5],[4928372.3,4303308.7],[4928379.3,4303255.0],[4928529.2,4303181.6],[4928593.6,4303148.4],[4928572.0,4303087.9],[4928435.9,4303087.8],[4928386.2,4303060.8],[4928400.5,4303027.2],[4928394.0,4302959.1],[4928243.8,4302925.8],[4928100.8,4302979.4],[4928072.2,4302878.8],[4928008.2,4302912.1],[4927807.8,4303046.3],[4927807.8,4303160.3],[4927822.2,4303247.4],[4927650.6,4303374.7],[4927686.0,4303528.7],[4927672.3,4303609.0],[4927539.8,4303636.1],[4927511.1,4303703.0]]]}},{"type":"Feature","properties":{"Vill_name":"Chapatali","Sub_dist":null,"District":"Alipurduar","Vill_LGD":"307249"},"geometry":{"type":"Polygon","coordinates":[[[4926338.7,4303274.4],[4925945.9,4303354.8],[4925995.9,4303622.9],[4925988.1,4303937.8],[4925616.6,4304045.2],[4925620.3,4304152.5],[4925627.3,4304293.3],[4925713.3,4304414.3],[4925799.1,4304427.3],[4925877.7,4304467.9],[4925863.0,4304507.9],[4925777.6,4304527.9],[4925727.9,4304581.5],[4925727.7,4304688.5],[4925677.5,4304709.2],[4925631.3,4304742.4],[4925645.3,4304950.3],[4925602.8,4305211.5],[4925638.2,4305386.1],[4925867.3,4305453.1],[4926124.0,4305446.2],[4926081.4,4305258.5],[4926410.2,4305305.8],[4926921.1,4305312.1],[4926839.0,4304782.7],[4927117.8,4304662.0],[4927110.8,4304480.9],[4927260.8,4304313.2],[4927253.5,4304159.2],[4927217.9,4304071.5],[4927053.6,4304004.7],[4926960.6,4303803.8],[4927081.9,4303803.7],[4927175.1,4303857.3],[4927368.0,4303810.0],[4927511.1,4303703.0],[4927539.8,4303636.1],[4927672.3,4303609.0],[4927686.0,4303528.7],[4927650.6,4303374.7],[4927822.2,4303247.4],[4927807.8,4303160.3],[4927807.8,4303046.3],[4928008.2,4302912.1],[4928072.2,4302878.8],[4928100.8,4302979.4],[4928243.8,4302925.8],[4928394.0,4302959.1],[4928400.5,4303027.2],[4928593.5,4302946.5],[4928822.1,4302859.8],[4929051.1,4302826.1],[4929208.3,4302538.0],[4929289.9,4302404.8],[4929169.8,4302348.5],[4929141.0,4302241.5],[4929248.3,4302074.3],[4929334.1,4301872.6],[4929341.2,4301846.5],[4929005.2,4301644.7],[4928812.2,4301705.2],[4928655.1,4301825.8],[4928526.4,4301919.8],[4928454.6,4302053.9],[4928383.2,4302221.9],[4928240.0,4302503.3],[4928190.3,4302556.9],[4927954.1,4302556.8],[4927739.5,4302596.6],[4927411.2,4302550.4],[4927203.6,4302690.8],[4927046.7,4302778.0],[4926896.4,4302778.2],[4926810.7,4302690.5],[4926760.6,4302476.0],[4926553.0,4302576.5],[4926481.8,4303026.4],[4926446.4,4303180.4],[4926338.7,4303274.4]]]}},{"type":"Feature","properties":{"Vill_name":"Dakshin Paitkapara","Sub_dist":null,"District":"Alipurduar","Vill_LGD":"307239"},"geometry":{"type":"Polygon","coordinates":[[[4924340.7,4303388.2],[4924104.6,4303488.9],[4923833.3,4303461.6],[4923818.8,4303569.0],[4923883.2,4303689.5],[4924047.5,4303736.6],[4924240.7,4303803.8],[4924404.7,4303877.5],[4924483.8,4304018.4],[4924404.8,4304119.2],[4924340.7,4304125.4],[4924133.0,4303971.1],[4923840.2,4303756.6],[4923590.1,4303596.3],[4923482.8,4303354.9],[4923295.2,4302934.8],[4923162.2,4302851.8],[4923084.1,4302934.5],[4923017.7,4302986.8],[4923017.6,4303090.4],[4923128.4,4303340.3],[4923261.4,4303537.8],[4923405.5,4303849.7],[4923439.3,4304016.3],[4923372.5,4304068.2],[4923272.8,4304036.8],[4923228.6,4304005.7],[4923173.3,4303776.7],[4923150.8,4303620.9],[4923028.6,4303527.1],[4922873.4,4303465.1],[4922818.3,4303558.8],[4922784.9,4303641.6],[4922774.0,4303704.0],[4922862.4,4303776.5],[4923006.6,4303953.8],[4922984.4,4304088.8],[4922918.0,4304203.0],[4922785.0,4304182.4],[4922429.9,4304140.8],[4922358.2,4304129.5],[4922313.9,4304265.3],[4922280.4,4304369.3],[4922131.0,4304514.9],[4921931.6,4304535.8],[4922031.2,4304660.9],[4922164.2,4304733.1],[4922308.2,4304691.9],[4922463.4,4304691.5],[4922607.8,4304722.5],[4922718.6,4304858.0],[4922718.5,4304972.4],[4922607.5,4305024.0],[4922441.0,4305003.8],[4922230.4,4304847.8],[4922108.7,4304837.0],[4922086.5,4304889.0],[4922131.1,4304982.5],[4922086.4,4305045.2],[4921919.9,4305076.0],[4921687.5,4305097.2],[4921580.9,4305189.4],[4921714.3,4305418.3],[4921947.1,4305501.2],[4922102.8,4305553.3],[4922268.7,4305605.0],[4922412.5,4305823.1],[4922599.8,4305553.6],[4923271.5,4305587.3],[4923314.7,4305446.0],[4923529.3,4305486.7],[4923536.1,4305560.2],[4923457.8,4305748.0],[4923836.5,4305768.2],[4924386.9,4305781.8],[4924387.3,4305620.8],[4924744.5,4305647.7],[4924808.7,4305446.0],[4925002.0,4305439.5],[4925158.9,4305506.5],[4925266.5,4305372.7],[4925237.4,4305191.5],[4925087.8,4305064.0],[4925144.8,4304889.9],[4925280.4,4304889.6],[4925402.0,4304883.1],[4925473.6,4304782.9],[4925545.1,4304695.0],[4925631.3,4304742.4],[4925677.5,4304709.2],[4925727.7,4304688.5],[4925727.9,4304581.5],[4925777.6,4304527.9],[4925863.0,4304507.9],[4925877.7,4304467.9],[4925799.1,4304427.3],[4925713.3,4304414.3],[4925627.3,4304293.3],[4925620.3,4304152.5],[4925616.6,4304045.2],[4925591.8,4303803.9],[4925455.7,4303743.8],[4925241.0,4303756.6],[4925155.8,4303770.2],[4925026.4,4303877.4],[4924984.1,4304165.7],[4924819.7,4303937.7],[4924612.2,4303696.5],[4924590.6,4303676.3],[4924690.5,4303428.1],[4924748.3,4303347.9],[4924748.3,4303247.2],[4924626.6,4303193.7],[4924483.8,4303293.9],[4924340.7,4303388.2]]]}},{"type":"Feature","properties":{"Vill_name":"Nathawatari","Sub_dist":null,"District":"Alipurduar","Vill_LGD":"307241"},"geometry":{"type":"Polygon","coordinates":[[[4920539.1,4302839.8],[4920306.6,4303120.3],[4919741.2,4303837.8],[4919408.8,4304336.5],[4919264.4,4304274.1],[4919109.3,4304097.7],[4919009.7,4304014.3],[4918965.0,4304617.3],[4918787.6,4304721.2],[4918837.8,4305292.9],[4918943.1,4305033.2],[4919253.0,4305084.9],[4919319.8,4304991.9],[4919852.2,4305074.4],[4920805.3,4305334.8],[4920617.1,4305407.8],[4920383.9,4305896.1],[4920383.9,4305989.5],[4920550.4,4305969.0],[4920694.8,4306000.0],[4920805.1,4306197.8],[4921015.9,4306114.6],[4921226.5,4306208.2],[4921348.5,4305979.3],[4921470.4,4305906.5],[4921614.8,4305927.2],[4921614.6,4306114.8],[4921514.8,4306249.5],[4921470.5,4306312.2],[4921769.7,4306291.2],[4921825.0,4305958.4],[4921536.8,4305688.2],[4921547.9,4305428.0],[4921503.8,4305189.1],[4921580.9,4305189.4],[4921687.5,4305097.2],[4921919.9,4305076.0],[4922086.4,4305045.2],[4922131.1,4304982.5],[4922086.5,4304889.0],[4922108.7,4304837.0],[4922230.4,4304847.8],[4922441.0,4305003.8],[4922607.5,4305024.0],[4922718.5,4304972.4],[4922718.6,4304858.0],[4922607.8,4304722.5],[4922463.4,4304691.5],[4922308.2,4304691.9],[4922164.2,4304733.1],[4922031.2,4304660.9],[4921931.6,4304535.8],[4922131.0,4304514.9],[4922280.4,4304369.3],[4922313.9,4304265.3],[4922358.2,4304129.5],[4922169.6,4304129.7],[4921981.5,4304150.7],[4921748.8,4304057.0],[4921549.2,4304233.5],[4921316.0,4304088.3],[4921216.5,4303942.5],[4921183.3,4303672.3],[4921061.0,4303662.0],[4920983.4,4303610.1],[4920928.1,4303339.8],[4920895.0,4303048.4],[4920795.3,4302986.2],[4920539.1,4302839.8]]]}},{"type":"Feature","properties":{"Vill_name":"Silbarihat","Sub_dist":null,"District":"Alipurduar","Vill_LGD":"307225"},"geometry":{"type":"Polygon","coordinates":[[[4915040.7,4302776.9],[4915217.4,4302299.1],[4915550.8,4301779.8],[4915683.7,4301415.3],[4915661.3,4301238.9],[4915546.1,4301175.8],[4915516.9,4301191.4],[4915476.6,4301214.2],[4915332.5,4301264.7],[4915178.2,4301322.7],[4915090.0,4301361.6],[4915037.4,4301412.7],[4914990.2,4301464.6],[4914859.2,4301652.1],[4914774.2,4301656.8],[4914696.2,4301639.8],[4914327.8,4301160.3],[4914263.0,4301084.7],[4914002.6,4300792.9],[4913925.3,4300735.1],[4913785.1,4300618.0],[4913679.4,4300550.5],[4913630.2,4300513.8],[4913449.5,4300494.3],[4913291.2,4300538.4],[4913163.3,4300582.5],[4912854.8,4300717.3],[4912770.4,4300759.4],[4912329.3,4301001.0],[4912203.2,4301077.7],[4912043.0,4301179.6],[4911832.2,4301264.4],[4911801.4,4301187.6],[4911734.7,4301009.0],[4911662.5,4300844.4],[4911605.5,4300703.4],[4911553.2,4300558.2],[4911476.4,4300456.2],[4911419.1,4300393.9],[4911236.9,4300183.0],[4911135.8,4300121.7],[4910897.0,4300059.0],[4910671.1,4300060.7],[4910625.9,4300071.1],[4910919.4,4300150.3],[4911010.9,4300237.7],[4910877.9,4300552.5],[4911143.9,4300791.3],[4911399.1,4301040.8],[4911509.8,4301332.5],[4911565.7,4301487.9],[4911637.4,4301570.9],[4911886.9,4301508.8],[4912020.3,4301820.7],[4912629.9,4301747.9],[4912696.8,4302205.4],[4912929.1,4302184.7],[4913150.8,4301935.0],[4913649.5,4301779.2],[4913583.0,4302018.7],[4913550.2,4302496.5],[4913582.9,4302683.7],[4914087.3,4302694.2],[4914287.2,4302714.6],[4914375.5,4302922.7],[4914718.8,4302881.3],[4915040.7,4302776.9]]]}},{"type":"Feature","properties":{"Vill_name":"Uttar Sonapur","Sub_dist":null,"District":"Alipurduar","Vill_LGD":"307232"},"geometry":{"type":"Polygon","coordinates":[[[4918173.9,4299596.0],[4918052.0,4299689.4],[4917830.5,4299710.6],[4917664.1,4299574.9],[4917431.7,4299648.2],[4917409.0,4299855.9],[4917243.0,4299887.2],[4917276.3,4299991.0],[4917176.4,4300188.5],[4917242.9,4300541.9],[4916555.5,4300854.1],[4916542.0,4301073.0],[4916686.4,4301156.1],[4916753.0,4301301.7],[4916531.0,4301374.6],[4916642.2,4301686.4],[4916807.9,4302081.4],[4916874.4,4302466.2],[4917296.3,4302465.9],[4917739.8,4302507.8],[4917695.0,4302580.8],[4917639.4,4302653.3],[4917617.7,4302808.9],[4917872.6,4302808.9],[4917972.1,4303058.8],[4918649.5,4303047.6],[4918727.1,4303037.1],[4918793.6,4302808.0],[4918782.4,4302641.9],[4918971.1,4302496.3],[4918915.8,4302267.7],[4918948.4,4302028.6],[4919015.2,4302049.0],[4919070.4,4301820.8],[4919115.2,4301675.1],[4919037.8,4301519.1],[4918988.6,4301488.3],[4919010.9,4301311.5],[4919110.6,4301249.0],[4919088.8,4300937.1],[4919144.0,4300739.4],[4919277.1,4300719.2],[4919398.9,4300708.4],[4919498.5,4300781.5],[4919576.2,4300718.9],[4919609.7,4300614.9],[4919609.8,4300480.3],[4919642.8,4300396.5],[4919709.1,4300313.7],[4919631.5,4300272.2],[4919487.7,4300281.9],[4919487.7,4300240.7],[4919453.9,4300095.2],[4918889.0,4300199.1],[4918722.6,4299544.3],[4918706.0,4299377.5],[4918329.6,4299668.3],[4918274.1,4299595.9],[4918173.9,4299596.0]]]}},{"type":"Feature","properties":{"Vill_name":"Uttar Kamsing Gram","Sub_dist":null,"District":"Alipurduar","Vill_LGD":"307236"},"geometry":{"type":"Polygon","coordinates":[[[4920274.6,4300739.7],[4919964.2,4300770.9],[4919920.0,4300698.1],[4919609.7,4300614.9],[4919576.2,4300718.9],[4919498.5,4300781.5],[4919398.9,4300708.4],[4919277.1,4300719.2],[4919144.0,4300739.4],[4919088.8,4300937.1],[4919110.6,4301249.0],[4919010.9,4301311.5],[4918988.6,4301488.3],[4919037.8,4301519.1],[4920024.1,4301435.4],[4919990.4,4301757.9],[4919880.3,4301799.8],[4919946.4,4302080.5],[4920168.2,4302371.6],[4920312.0,4302434.0],[4920550.6,4302621.3],[4920539.1,4302839.8],[4920795.3,4302986.2],[4920895.0,4303048.4],[4921066.5,4302893.1],[4921078.3,4302830.8],[4921089.2,4302706.1],[4921199.7,4302778.7],[4921288.6,4302737.3],[4921366.3,4302643.8],[4921277.5,4302487.7],[4921255.0,4302383.5],[4921321.8,4302383.8],[4921366.0,4302321.0],[4921477.0,4302311.2],[4921560.0,4302372.6],[4921604.8,4302268.7],[4921671.3,4302050.8],[4921660.3,4301717.3],[4921416.7,4301727.7],[4921294.9,4301747.9],[4921250.2,4301644.1],[4921072.4,4301675.8],[4921006.2,4301550.8],[4921194.8,4301560.9],[4921150.2,4301509.1],[4920995.0,4301478.1],[4920984.0,4301134.8],[4920973.2,4301072.8],[4920352.4,4301134.4],[4920330.2,4301134.8],[4920274.6,4300739.7]]]}},{"type":"Feature","properties":{"Vill_name":"Pakuritala","Sub_dist":null,"District":"Alipurduar","Vill_LGD":"307238"},"geometry":{"type":"Polygon","coordinates":[[[4925241.0,4303756.6],[4924998.1,4303240.5],[4925098.0,4303133.3],[4925177.2,4303140.1],[4925219.5,4303220.7],[4925334.2,4303327.9],[4925427.0,4303307.8],[4925470.4,4303254.4],[4925491.7,4303146.8],[4925491.5,4303059.9],[4925420.0,4303046.2],[4925355.5,4303079.9],[4925241.2,4303026.3],[4925177.3,4302985.9],[4925048.1,4303026.3],[4924991.4,4303032.5],[4924898.0,4303032.9],[4924848.2,4303006.0],[4924954.9,4302932.0],[4925062.9,4302831.6],[4925041.4,4302757.9],[4925155.6,4302730.9],[4925276.9,4302731.4],[4925362.5,4302717.8],[4925434.1,4302670.6],[4925434.2,4302637.2],[4925327.1,4302576.6],[4925184.2,4302402.8],[4925180.7,4302342.2],[4925295.0,4302282.3],[4925359.2,4302295.2],[4925502.3,4302436.2],[4925559.5,4302522.9],[4925666.4,4302577.2],[4925738.3,4302429.8],[4925695.0,4302308.4],[4925695.3,4302181.2],[4925588.0,4302174.6],[4925530.8,4302067.8],[4925488.1,4301933.1],[4925495.0,4301779.2],[4925588.2,4301873.1],[4925673.8,4301799.1],[4925666.5,4301604.7],[4925663.2,4301533.4],[4925580.7,4301530.3],[4925324.3,4301525.1],[4925116.6,4301542.2],[4924994.2,4301562.6],[4924765.1,4301599.0],[4924598.5,4301618.9],[4924478.0,4301649.2],[4924437.5,4301636.2],[4924439.1,4301442.5],[4924418.9,4301125.4],[4924415.8,4300980.6],[4924406.6,4300882.1],[4924357.0,4300814.4],[4924302.5,4300724.2],[4924309.2,4300527.9],[4924305.4,4300371.3],[4924326.3,4300137.6],[4924294.2,4300095.6],[4924192.2,4300076.0],[4924129.1,4300089.0],[4924010.6,4300342.6],[4923917.3,4300341.0],[4923838.5,4300274.9],[4923760.3,4300287.8],[4923703.6,4300312.6],[4923647.1,4300312.8],[4923637.8,4300394.4],[4923577.5,4300391.5],[4923474.3,4300363.0],[4923414.6,4300338.0],[4923386.1,4300306.7],[4923373.8,4300256.0],[4923354.8,4300202.5],[4923320.0,4300199.4],[4923266.9,4300212.1],[4923295.3,4300243.4],[4923317.4,4300274.9],[4923285.7,4300331.8],[4923241.8,4300366.1],[4923191.0,4300341.0],[4923112.5,4300338.2],[4922996.4,4300331.7],[4922905.3,4300306.7],[4922876.9,4300253.2],[4922842.6,4300262.4],[4922801.7,4300306.6],[4922801.5,4300432.3],[4922811.1,4300611.1],[4922716.7,4300633.1],[4922610.3,4300629.9],[4922594.2,4300649.3],[4922603.8,4300693.0],[4922638.0,4300749.6],[4922679.2,4300759.0],[4922691.5,4300800.3],[4922726.1,4300805.9],[4922817.2,4300830.9],[4922877.0,4300834.8],[4922924.2,4300925.4],[4922977.6,4300947.6],[4923053.3,4300947.8],[4923100.3,4300969.8],[4923134.8,4301070.1],[4923134.7,4301133.0],[4923030.9,4301208.0],[4922864.6,4301287.0],[4922792.3,4301349.8],[4922735.4,4301368.7],[4922679.2,4301353.2],[4922663.2,4301368.7],[4922678.9,4301400.4],[4922651.0,4301459.9],[4922720.3,4301560.5],[4922732.9,4301667.2],[4922717.0,4301865.3],[4922673.3,4302006.7],[4922569.9,4302167.2],[4922531.7,4302267.5],[4922528.9,4302346.0],[4922594.5,4302430.7],[4922670.3,4302468.7],[4922698.2,4302512.7],[4922692.3,4302562.5],[4922654.0,4302603.4],[4922654.0,4302654.0],[4922688.7,4302669.5],[4922757.1,4302767.5],[4923139.7,4302789.3],[4923350.3,4302830.9],[4923295.2,4302934.8],[4923482.8,4303354.9],[4923590.1,4303596.3],[4923840.2,4303756.6],[4924133.0,4303971.1],[4924340.7,4304125.4],[4924404.8,4304119.2],[4924483.8,4304018.4],[4924404.7,4303877.5],[4924240.7,4303803.8],[4924047.5,4303736.6],[4923883.2,4303689.5],[4923818.8,4303569.0],[4923833.3,4303461.6],[4924104.6,4303488.9],[4924340.7,4303388.2],[4924483.8,4303293.9],[4924626.6,4303193.7],[4924748.3,4303247.2],[4924748.3,4303347.9],[4924690.5,4303428.1],[4924590.6,4303676.3],[4924612.2,4303696.5],[4924819.7,4303937.7],[4924984.1,4304165.7],[4925026.4,4303877.4],[4925155.8,4303770.2],[4925241.0,4303756.6]]]}},{"type":"Feature","properties":{"Vill_name":"Pararpar","Sub_dist":null,"District":"Alipurduar","Vill_LGD":"307250"},"geometry":{"type":"Polygon","coordinates":[[[4925988.1,4303937.8],[4925995.9,4303622.9],[4925945.9,4303354.8],[4926338.7,4303274.4],[4926446.4,4303180.4],[4926481.8,4303026.4],[4926553.0,4302576.5],[4926760.6,4302476.0],[4926810.7,4302690.5],[4926896.4,4302778.2],[4927046.7,4302778.0],[4927203.6,4302690.8],[4927411.2,4302550.4],[4927739.5,4302596.6],[4927954.1,4302556.8],[4928190.3,4302556.9],[4928240.0,4302503.3],[4928383.2,4302221.9],[4928454.6,4302053.9],[4928082.8,4302074.3],[4927825.8,4302087.5],[4927603.5,4302094.6],[4927546.7,4301926.8],[4927525.2,4301638.5],[4927511.1,4301430.5],[4927632.6,4301377.0],[4927646.5,4301249.4],[4927611.3,4301176.0],[4927611.0,4301053.5],[4927570.5,4301074.6],[4927564.9,4301120.4],[4927622.0,4301230.5],[4927613.2,4301245.1],[4927555.9,4301138.0],[4927516.4,4301073.4],[4927470.4,4301070.4],[4927435.7,4301088.7],[4927388.7,4301137.2],[4927364.8,4301223.7],[4927339.7,4301252.5],[4927331.7,4301218.5],[4927356.2,4301116.9],[4927350.9,4301003.4],[4927286.2,4300970.6],[4927193.0,4301010.6],[4927101.7,4301105.3],[4926998.6,4301130.9],[4926943.3,4301142.5],[4926903.8,4301188.6],[4926904.4,4301297.3],[4926871.1,4301333.4],[4926818.8,4301343.2],[4926699.8,4301350.6],[4926583.0,4301361.0],[4926517.5,4301413.2],[4926335.9,4301414.9],[4926267.4,4301417.7],[4926194.6,4301425.1],[4926151.8,4301506.4],[4926092.8,4301543.8],[4925908.4,4301557.1],[4925732.8,4301536.0],[4925663.2,4301533.4],[4925666.5,4301604.7],[4925673.8,4301799.1],[4925588.2,4301873.1],[4925495.0,4301779.2],[4925488.1,4301933.1],[4925530.8,4302067.8],[4925588.0,4302174.6],[4925695.3,4302181.2],[4925695.0,4302308.4],[4925738.3,4302429.8],[4925666.4,4302577.2],[4925559.5,4302522.9],[4925502.3,4302436.2],[4925359.2,4302295.2],[4925295.0,4302282.3],[4925180.7,4302342.2],[4925184.2,4302402.8],[4925327.1,4302576.6],[4925434.2,4302637.2],[4925434.1,4302670.6],[4925362.5,4302717.8],[4925276.9,4302731.4],[4925155.6,4302730.9],[4925041.4,4302757.9],[4925062.9,4302831.6],[4924954.9,4302932.0],[4924848.2,4303006.0],[4924898.0,4303032.9],[4924991.4,4303032.5],[4925048.1,4303026.3],[4925177.3,4302985.9],[4925241.2,4303026.3],[4925355.5,4303079.9],[4925420.0,4303046.2],[4925491.5,4303059.9],[4925491.7,4303146.8],[4925470.4,4303254.4],[4925427.0,4303307.8],[4925334.2,4303327.9],[4925219.5,4303220.7],[4925177.2,4303140.1],[4925098.0,4303133.3],[4924998.1,4303240.5],[4925241.0,4303756.6],[4925455.7,4303743.8],[4925591.8,4303803.9],[4925616.6,4304045.2],[4925988.1,4303937.8]]]}},{"type":"Feature","properties":{"Vill_name":"Tapshikhata","Sub_dist":null,"District":"Alipurduar","Vill_LGD":"307237"},"geometry":{"type":"Polygon","coordinates":[[[4924129.1,4300089.0],[4924116.4,4300091.6],[4924065.2,4300085.3],[4924045.1,4300040.2],[4924038.1,4299990.5],[4924041.1,4299864.3],[4924016.1,4299855.3],[4923997.5,4299861.4],[4923904.5,4299943.2],[4923819.5,4299942.5],[4923705.5,4299970.3],[4923489.4,4299980.5],[4923491.7,4299819.8],[4923450.2,4299741.3],[4923426.7,4299703.4],[4923429.6,4299659.8],[4923366.7,4299637.4],[4923343.9,4299418.0],[4923162.4,4299395.6],[4923149.9,4299273.3],[4923085.1,4299235.5],[4922941.8,4299259.4],[4922832.7,4299236.9],[4922755.1,4299197.8],[4922627.0,4299223.2],[4922520.4,4299236.8],[4922449.8,4299211.4],[4922450.9,4299121.0],[4922412.6,4299038.3],[4922348.5,4299034.0],[4922267.9,4299092.1],[4922054.9,4299099.5],[4921954.1,4299095.1],[4921959.5,4299190.6],[4922147.9,4299346.5],[4921981.8,4299523.6],[4921871.1,4299773.2],[4921793.3,4299929.1],[4921604.6,4300074.7],[4921505.2,4300272.3],[4921449.7,4300396.8],[4921449.6,4300490.2],[4921582.6,4300614.9],[4921781.9,4300708.5],[4921882.0,4300823.3],[4921815.7,4300895.8],[4921671.2,4300999.8],[4921649.0,4301031.2],[4921638.2,4301134.8],[4921671.0,4301249.3],[4921793.1,4301384.8],[4921804.9,4301488.0],[4921704.7,4301509.2],[4921682.5,4301530.3],[4921660.3,4301717.3],[4921671.3,4302050.8],[4921604.8,4302268.7],[4921560.0,4302372.6],[4921559.9,4302570.0],[4921881.5,4302601.7],[4921926.1,4302726.1],[4922247.9,4302715.6],[4922757.1,4302767.5],[4922688.7,4302669.5],[4922654.0,4302654.0],[4922654.0,4302603.4],[4922692.3,4302562.5],[4922698.2,4302512.7],[4922670.3,4302468.7],[4922594.5,4302430.7],[4922528.9,4302346.0],[4922531.7,4302267.5],[4922569.9,4302167.2],[4922673.3,4302006.7],[4922717.0,4301865.3],[4922732.9,4301667.2],[4922720.3,4301560.5],[4922651.0,4301459.9],[4922678.9,4301400.4],[4922663.2,4301368.7],[4922679.2,4301353.2],[4922735.4,4301368.7],[4922792.3,4301349.8],[4922864.6,4301287.0],[4923030.9,4301208.0],[4923134.7,4301133.0],[4923134.8,4301070.1],[4923100.3,4300969.8],[4923053.3,4300947.8],[4922977.6,4300947.6],[4922924.2,4300925.4],[4922877.0,4300834.8],[4922817.2,4300830.9],[4922726.1,4300805.9],[4922691.5,4300800.3],[4922679.2,4300759.0],[4922638.0,4300749.6],[4922603.8,4300693.0],[4922594.2,4300649.3],[4922610.3,4300629.9],[4922716.7,4300633.1],[4922811.1,4300611.1],[4922801.5,4300432.3],[4922801.7,4300306.6],[4922842.6,4300262.4],[4922876.9,4300253.2],[4922905.3,4300306.7],[4922996.4,4300331.7],[4923112.5,4300338.2],[4923191.0,4300341.0],[4923241.8,4300366.1],[4923285.7,4300331.8],[4923317.4,4300274.9],[4923295.3,4300243.4],[4923266.9,4300212.1],[4923320.0,4300199.4],[4923354.8,4300202.5],[4923373.8,4300256.0],[4923386.1,4300306.7],[4923414.6,4300338.0],[4923474.3,4300363.0],[4923577.5,4300391.5],[4923637.8,4300394.4],[4923647.1,4300312.8],[4923703.6,4300312.6],[4923760.3,4300287.8],[4923838.5,4300274.9],[4923917.3,4300341.0],[4924010.6,4300342.6],[4924129.1,4300089.0]]]}},{"type":"Feature","properties":{"Vill_name":"Birpara (CT)","Sub_dist":null,"District":"Alipurduar","Vill_LGD":"307258"},"geometry":{"type":"Polygon","coordinates":[[[4930298.2,4300949.4],[4930319.7,4300748.1],[4930362.7,4300352.9],[4930354.6,4300318.8],[4930336.9,4300380.5],[4930336.4,4300488.7],[4930257.3,4300566.0],[4930140.4,4300613.5],[4930120.4,4300612.2],[4930146.3,4300585.4],[4930200.6,4300560.6],[4930205.5,4300511.2],[4930180.2,4300442.6],[4930081.6,4300309.0],[4930051.8,4300198.7],[4929972.2,4300075.2],[4929922.6,4300030.5],[4929831.6,4300045.4],[4929807.6,4300043.8],[4929806.6,4300001.4],[4929810.6,4299980.1],[4929803.8,4299967.0],[4929759.4,4299957.8],[4929724.5,4299907.2],[4929625.4,4299795.2],[4929604.4,4299706.7],[4929598.6,4299626.6],[4929573.9,4299592.4],[4929520.5,4299581.9],[4929455.6,4299595.6],[4929394.2,4299681.0],[4929327.5,4299743.3],[4929249.1,4299802.3],[4929256.2,4299871.2],[4929301.2,4299896.9],[4929359.3,4299881.2],[4929423.8,4299872.8],[4929467.4,4299882.7],[4929511.8,4299938.4],[4929545.7,4300003.7],[4929523.7,4300037.6],[4929481.0,4300036.1],[4929403.5,4299983.6],[4929322.2,4299985.4],[4929262.8,4300026.6],[4929228.6,4300131.0],[4929226.1,4300188.9],[4929219.3,4300195.3],[4929211.8,4300189.8],[4929187.0,4300099.1],[4929169.0,4300082.1],[4929135.3,4300077.4],[4929083.3,4300097.4],[4929040.8,4300143.2],[4929016.6,4300188.3],[4928987.5,4300225.6],[4928954.7,4300238.2],[4928930.8,4300234.0],[4928899.8,4300219.6],[4928876.5,4300200.8],[4928869.2,4300186.0],[4928875.2,4300162.4],[4928928.2,4300128.1],[4928967.3,4300082.1],[4928976.9,4300042.4],[4928963.6,4299992.3],[4928932.0,4299944.4],[4928862.6,4299894.4],[4928738.7,4299859.8],[4928664.7,4299886.4],[4928582.7,4299912.9],[4928490.6,4299973.7],[4928452.6,4300086.7],[4928470.3,4300146.4],[4928519.5,4300219.5],[4928536.5,4300290.0],[4928530.0,4300313.2],[4928500.7,4300347.1],[4928444.1,4300391.6],[4928263.5,4300496.6],[4928224.2,4300592.3],[4928244.0,4300642.3],[4928308.3,4300644.2],[4928416.7,4300604.7],[4928498.4,4300632.2],[4928552.4,4300715.5],[4928524.4,4300818.9],[4928504.7,4300885.5],[4928468.8,4300885.5],[4928426.4,4300828.6],[4928352.4,4300772.0],[4928225.7,4300739.5],[4928104.6,4300778.7],[4927999.4,4300851.8],[4927947.1,4300935.9],[4927921.9,4301047.8],[4927876.8,4301082.2],[4927771.9,4301069.8],[4927645.3,4301035.8],[4927611.0,4301053.5],[4927611.3,4301176.0],[4927646.5,4301249.4],[4927632.6,4301377.0],[4927511.1,4301430.5],[4927525.2,4301638.5],[4927546.7,4301926.8],[4927603.5,4302094.6],[4927825.8,4302087.5],[4928082.8,4302074.3],[4928454.6,4302053.9],[4928526.4,4301919.8],[4928655.1,4301825.8],[4928812.2,4301705.2],[4929005.2,4301644.7],[4929341.2,4301846.5],[4929334.1,4301872.6],[4929248.3,4302074.3],[4929141.0,4302241.5],[4929169.8,4302348.5],[4929289.9,4302404.8],[4929294.2,4302397.2],[4929465.5,4302296.9],[4929580.1,4302149.2],[4929644.3,4301968.1],[4929604.7,4301646.9],[4929547.6,4301485.6],[4929597.8,4301452.1],[4929283.0,4301277.9],[4929118.9,4301117.3],[4929083.1,4300983.0],[4929240.3,4300848.6],[4929426.0,4300755.3],[4929562.1,4300795.3],[4929705.2,4300902.8],[4929776.5,4301076.7],[4929797.7,4301391.5],[4929819.4,4301572.8],[4929912.2,4301727.0],[4929919.1,4301881.1],[4929940.5,4302089.3],[4929998.2,4302310.2],[4930055.2,4302390.5],[4930183.6,4302417.8],[4930248.0,4302303.5],[4930233.8,4301975.2],[4930569.7,4301780.7],[4930762.5,4301559.6],[4930777.3,4301485.6],[4930734.2,4301371.6],[4930419.5,4301123.7],[4930298.2,4300949.4]]]}},{"type":"Feature","properties":{"Vill_name":"Dakshin Kamsing Gram","Sub_dist":null,"District":"Alipurduar","Vill_LGD":"307235"},"geometry":{"type":"Polygon","coordinates":[[[4921095.1,4299721.2],[4920817.6,4299741.8],[4920884.3,4299845.6],[4920873.0,4299877.0],[4920762.5,4299814.7],[4920662.9,4299762.8],[4920629.6,4299658.5],[4920474.3,4299710.5],[4920308.3,4299689.8],[4920064.1,4299876.9],[4919820.0,4299824.9],[4919698.2,4299886.9],[4919587.7,4299877.1],[4919554.2,4299960.0],[4919487.4,4299980.4],[4919453.9,4300095.2],[4919487.7,4300240.7],[4919487.7,4300281.9],[4919631.5,4300272.2],[4919709.1,4300313.7],[4919642.8,4300396.5],[4919609.8,4300480.3],[4919609.7,4300614.9],[4919920.0,4300698.1],[4919964.2,4300770.9],[4920274.6,4300739.7],[4920330.2,4301134.8],[4920352.4,4301134.4],[4920973.2,4301072.8],[4920984.0,4301134.8],[4920995.0,4301478.1],[4921150.2,4301509.1],[4921194.8,4301560.9],[4921006.2,4301550.8],[4921072.4,4301675.8],[4921250.2,4301644.1],[4921294.9,4301747.9],[4921416.7,4301727.7],[4921660.3,4301717.3],[4921682.5,4301530.3],[4921704.7,4301509.2],[4921804.9,4301488.0],[4921793.1,4301384.8],[4921671.0,4301249.3],[4921638.2,4301134.8],[4921649.0,4301031.2],[4921671.2,4300999.8],[4921815.7,4300895.8],[4921882.0,4300823.3],[4921781.9,4300708.5],[4921582.6,4300614.9],[4921449.6,4300490.2],[4921449.7,4300396.8],[4921505.2,4300272.3],[4921604.6,4300074.7],[4921793.3,4299929.1],[4921871.1,4299773.2],[4921749.3,4299752.1],[4921704.7,4299627.7],[4921671.3,4299565.2],[4921538.3,4299544.1],[4921538.1,4299731.2],[4921250.3,4299783.2],[4921095.1,4299721.2]]]}},{"type":"Feature","properties":{"Vill_name":"Panchkal Guri","Sub_dist":null,"District":"Alipurduar","Vill_LGD":"307234"},"geometry":{"type":"Polygon","coordinates":[[[4919453.9,4300095.2],[4919487.4,4299980.4],[4919554.2,4299960.0],[4919587.7,4299877.1],[4919698.2,4299886.9],[4919820.0,4299824.9],[4920064.1,4299876.9],[4920308.3,4299689.8],[4920474.3,4299710.5],[4920629.6,4299658.5],[4920662.9,4299762.8],[4920762.5,4299814.7],[4920873.0,4299877.0],[4920884.3,4299845.6],[4920817.6,4299741.8],[4921095.1,4299721.2],[4921250.3,4299783.2],[4921538.1,4299731.2],[4921538.3,4299544.1],[4921671.3,4299565.2],[4921704.7,4299627.7],[4921749.3,4299752.1],[4921871.1,4299773.2],[4921981.8,4299523.6],[4922147.9,4299346.5],[4921959.5,4299190.6],[4921954.1,4299095.1],[4921820.1,4299058.3],[4921666.8,4299086.5],[4921384.4,4299065.2],[4921319.9,4299065.8],[4921288.6,4299107.5],[4921264.5,4299182.1],[4921173.6,4299269.0],[4921035.8,4299285.4],[4920916.5,4299259.3],[4920843.1,4299239.2],[4920759.8,4299248.8],[4920603.9,4299308.3],[4920420.0,4299300.0],[4920309.8,4299248.9],[4920166.1,4299162.1],[4920037.9,4299070.9],[4919944.0,4298974.2],[4919885.0,4298893.0],[4919817.8,4298758.2],[4919675.4,4298614.5],[4919595.4,4298596.8],[4919451.8,4298486.4],[4919292.3,4298457.9],[4919207.3,4298492.5],[4919205.4,4298951.6],[4918983.9,4298941.0],[4918917.0,4299003.6],[4918817.2,4299210.9],[4918706.0,4299377.5],[4918722.6,4299544.3],[4918889.0,4300199.1],[4919453.9,4300095.2]]]}},{"type":"Feature","properties":{"Vill_name":"Dakshin Sonapur","Sub_dist":null,"District":"Alipurduar","Vill_LGD":"307233"},"geometry":{"type":"Polygon","coordinates":[[[4917431.7,4299648.2],[4917664.1,4299574.9],[4917830.5,4299710.6],[4918052.0,4299689.4],[4918173.9,4299596.0],[4918274.1,4299595.9],[4918329.6,4299668.3],[4918706.0,4299377.5],[4918817.2,4299210.9],[4918917.0,4299003.6],[4918983.9,4298941.0],[4919205.4,4298951.6],[4919207.3,4298492.5],[4919292.3,4298457.9],[4919228.2,4298446.5],[4918921.2,4298418.6],[4918750.0,4298396.9],[4918703.2,4298405.1],[4918379.4,4298474.5],[4918135.1,4298531.5],[4918046.1,4298685.9],[4917957.4,4298814.8],[4917839.9,4298925.0],[4917609.2,4299014.3],[4917562.4,4299132.7],[4917488.9,4299334.8],[4917138.7,4299365.6],[4917087.0,4299594.3],[4917035.7,4299641.5],[4916872.2,4299770.8],[4916555.7,4300120.5],[4916340.3,4300363.7],[4916422.7,4300510.8],[4916506.0,4300771.2],[4916555.5,4300854.1],[4917242.9,4300541.9],[4917176.4,4300188.5],[4917276.3,4299991.0],[4917243.0,4299887.2],[4917409.0,4299855.9],[4917431.7,4299648.2]]]}},{"type":"Feature","properties":{"Vill_name":"Nepania","Sub_dist":null,"District":"Alipurduar","Vill_LGD":"307056"},"geometry":{"type":"Polygon","coordinates":[[[4888471.6,4334734.5],[4888169.9,4334509.7],[4887962.9,4334522.8],[4887794.5,4334550.6],[4887617.2,4334588.8],[4887423.5,4334660.9],[4887424.3,4334669.1],[4887449.8,4334713.9],[4887448.5,4334780.7],[4887462.1,4334819.8],[4887516.8,4334870.1],[4887392.8,4334924.2],[4887300.3,4334940.7],[4886985.0,4334966.8],[4886798.7,4335000.2],[4886800.1,4335088.8],[4886803.0,4335160.3],[4886780.1,4335199.4],[4886749.7,4335286.2],[4886742.9,4335389.7],[4886701.7,4335510.3],[4886660.2,4335637.4],[4886658.7,4335707.7],[4886667.3,4335800.7],[4886691.7,4335962.9],[4886677.5,4336022.1],[4886660.4,4336099.4],[4886658.9,4336223.3],[4886698.9,4336229.5],[4886800.1,4336275.5],[4887122.0,4336528.6],[4887208.5,4336556.6],[4887256.3,4336880.5],[4887313.4,4337257.6],[4887357.2,4337486.4],[4887420.5,4337558.0],[4887435.7,4337554.1],[4887526.4,4337538.0],[4887583.9,4337517.2],[4887620.4,4337475.4],[4887692.4,4337373.1],[4887739.7,4337299.4],[4887821.2,4337193.9],[4887897.1,4337091.1],[4887990.1,4336967.0],[4888057.3,4336876.0],[4888090.2,4336830.1],[4888244.2,4336626.2],[4888269.7,4336585.2],[4888316.5,4336529.4],[4888390.7,4336428.8],[4888473.3,4336318.8],[4888638.5,4336100.1],[4888683.6,4336034.8],[4888738.4,4335965.6],[4888887.4,4335766.0],[4888960.7,4335666.9],[4889022.7,4335649.6],[4889107.3,4335630.7],[4889250.2,4335603.6],[4889361.0,4335578.0],[4889389.7,4335572.6],[4889088.6,4335216.7],[4888822.1,4334996.5],[4888471.6,4334734.5]]]}},{"type":"Feature","properties":{"Vill_name":"Sarugaon","Sub_dist":null,"District":"Alipurduar","Vill_LGD":"307059"},"geometry":{"type":"Polygon","coordinates":[[[4886605.1,4326681.9],[4886658.8,4326566.6],[4886747.5,4326388.6],[4886858.3,4326239.2],[4886928.8,4326347.7],[4886849.1,4326431.3],[4886881.0,4326472.7],[4886935.1,4326452.2],[4886971.8,4326465.2],[4886980.7,4326504.0],[4887014.6,4326585.2],[4887054.9,4326576.3],[4887146.2,4326567.5],[4887202.7,4326547.1],[4887222.9,4326576.6],[4887279.6,4326603.4],[4887340.4,4326595.5],[4887337.9,4326555.1],[4887372.0,4326529.7],[4887449.3,4326507.4],[4887430.9,4326389.5],[4887405.9,4326224.2],[4887408.3,4326063.2],[4887406.0,4325784.5],[4887387.7,4325562.5],[4887362.7,4325376.1],[4887469.2,4325308.0],[4887595.4,4325237.4],[4887765.4,4325155.7],[4887881.1,4325068.9],[4887953.7,4324878.3],[4888023.6,4324885.6],[4888216.3,4324873.8],[4888306.4,4324849.1],[4888361.3,4324851.3],[4888395.3,4324890.7],[4888495.2,4324877.4],[4888590.2,4324873.1],[4888753.0,4324859.3],[4888725.1,4324662.4],[4888534.4,4324440.5],[4888475.6,4324426.9],[4888344.1,4324422.5],[4888195.0,4324467.4],[4887948.6,4324535.1],[4887771.8,4324532.5],[4887767.7,4324588.8],[4887773.9,4324684.0],[4887737.8,4324718.1],[4887677.3,4324720.6],[4887577.6,4324769.8],[4887371.5,4324878.3],[4887294.7,4324921.3],[4887299.3,4324989.3],[4887263.2,4325014.6],[4887169.9,4325053.3],[4887170.4,4325054.3],[4887150.3,4325196.3],[4887129.8,4325255.3],[4887056.9,4325289.6],[4887011.5,4325314.5],[4886857.5,4325369.0],[4886751.6,4325425.3],[4886696.8,4325450.2],[4886697.0,4325498.8],[4886690.4,4325603.6],[4886703.8,4325682.4],[4886726.6,4325771.0],[4886717.3,4325840.8],[4886686.1,4325897.2],[4886735.5,4325942.9],[4886751.6,4325955.4],[4886747.1,4325967.0],[4886686.0,4326021.5],[4886711.1,4326102.8],[4886702.1,4326136.8],[4886593.0,4326168.4],[4886305.7,4326216.0],[4886301.0,4326202.5],[4886274.3,4326114.2],[4886244.7,4326095.1],[4886151.5,4326102.0],[4886126.7,4326025.1],[4886040.5,4326029.3],[4885988.5,4326058.7],[4885889.0,4326083.9],[4885875.5,4326140.2],[4885871.7,4326141.7],[4885868.5,4326167.8],[4885821.9,4326323.6],[4885813.5,4326359.5],[4885790.1,4326427.1],[4885721.2,4326409.9],[4885652.8,4326417.9],[4885662.1,4326490.2],[4885688.7,4326568.5],[4885716.5,4326635.0],[4885744.5,4326667.2],[4885767.3,4326663.7],[4885776.2,4326620.9],[4885789.3,4326552.8],[4885839.6,4326539.5],[4885859.8,4326580.2],[4885921.1,4326693.2],[4885912.0,4326729.7],[4885981.9,4326798.4],[4886120.3,4326811.9],[4886331.2,4326830.4],[4886534.7,4326819.1],[4886555.0,4326795.0],[4886605.1,4326681.9]]]}},{"type":"Feature","properties":{"Vill_name":"Ballalguri","Sub_dist":null,"District":"Alipurduar","Vill_LGD":"307088"},"geometry":{"type":"Polygon","coordinates":[[[4905760.5,4329092.7],[4905770.4,4329120.2],[4905877.0,4329612.1],[4905903.7,4329856.1],[4905928.5,4330013.0],[4906003.7,4330237.7],[4906215.6,4330788.3],[4906354.5,4331159.0],[4906370.9,4331310.6],[4906420.3,4331385.2],[4906513.3,4331485.0],[4906651.8,4331649.3],[4906723.2,4331770.2],[4906730.1,4331994.5],[4906742.8,4332171.0],[4906828.3,4332702.3],[4906872.8,4333024.7],[4906897.6,4333163.5],[4907086.0,4333178.4],[4907406.9,4333146.2],[4907636.8,4333126.7],[4908000.2,4333529.3],[4908188.5,4333782.0],[4908286.6,4333898.2],[4908436.0,4334083.7],[4908478.2,4333940.3],[4908489.3,4333862.3],[4908457.0,4333787.0],[4908423.3,4333692.5],[4908373.2,4333557.0],[4908319.8,4333350.1],[4908207.6,4332995.9],[4908143.8,4332849.8],[4908050.9,4332707.3],[4907983.5,4332607.3],[4907955.1,4332411.4],[4907953.2,4332256.1],[4907882.0,4332142.1],[4907821.5,4332020.8],[4907732.4,4331871.1],[4907731.9,4331664.8],[4907682.7,4331635.9],[4907531.1,4331581.0],[4907228.6,4331445.1],[4906986.0,4331309.7],[4906979.2,4331206.7],[4906934.6,4330844.9],[4906888.8,4330427.6],[4906867.4,4330402.5],[4906831.7,4330409.6],[4906749.9,4330281.4],[4906852.5,4330231.3],[4906845.5,4330192.1],[4906813.8,4330188.6],[4906785.1,4330131.7],[4906769.1,4330065.6],[4906715.7,4329919.1],[4906555.6,4329374.0],[4906448.6,4329106.5],[4906395.3,4328885.8],[4905760.5,4329092.7]]]}},{"type":"Feature","properties":{"Vill_name":"Uttar Khairbari","Sub_dist":null,"District":"Alipurduar","Vill_LGD":"307091"},"geometry":{"type":"Polygon","coordinates":[[[4904939.7,4325332.8],[4904790.0,4325380.6],[4904623.1,4325449.8],[4904540.6,4325489.0],[4904454.3,4325497.2],[4904371.9,4325494.2],[4904308.9,4325505.9],[4904222.3,4325344.5],[4904080.9,4325354.4],[4903891.8,4325352.7],[4903856.1,4325359.4],[4903813.4,4325400.5],[4903872.3,4325522.8],[4903974.3,4325629.4],[4904090.2,4325692.4],[4904147.2,4325712.8],[4904216.2,4325759.9],[4904296.7,4325822.7],[4904340.2,4325877.8],[4904355.5,4325999.4],[4904359.3,4326052.2],[4904291.1,4326133.9],[4904287.5,4326187.8],[4904378.4,4326197.0],[4904449.4,4326202.4],[4904458.4,4326239.7],[4904456.2,4326284.8],[4904513.1,4326307.6],[4904582.7,4326321.8],[4904638.0,4326408.9],[4904661.1,4326500.0],[4904732.3,4326541.2],[4904812.7,4326566.2],[4904985.3,4326624.6],[4905052.7,4326652.4],[4905305.6,4326338.3],[4905428.7,4326208.1],[4905496.3,4326140.2],[4905738.1,4326179.8],[4906019.7,4326239.9],[4906105.8,4326105.0],[4906145.2,4325957.6],[4906164.8,4325898.6],[4906263.3,4325863.0],[4906398.5,4325829.7],[4906448.2,4325808.0],[4906416.7,4325625.2],[4906412.9,4325539.6],[4906401.0,4325460.4],[4906214.2,4325452.9],[4906054.6,4325441.3],[4905995.6,4325421.8],[4905940.8,4325130.3],[4905840.4,4325123.0],[4905527.8,4325137.0],[4905429.4,4325067.9],[4905360.2,4325291.6],[4905317.5,4325374.0],[4905061.9,4325356.3],[4905073.1,4325307.3],[4905051.5,4325265.5],[4905008.1,4325258.0],[4904939.7,4325332.8]]]}},{"type":"Feature","properties":{"Vill_name":"Madhya Khairbari","Sub_dist":null,"District":"Alipurduar","Vill_LGD":"307092"},"geometry":{"type":"Polygon","coordinates":[[[4903171.1,4323645.3],[4903099.5,4323641.4],[4902978.8,4323597.3],[4902904.1,4323568.6],[4902783.3,4323587.9],[4902727.6,4323611.2],[4902677.0,4323601.0],[4902620.5,4323622.8],[4902547.2,4323572.6],[4902500.5,4323531.6],[4902434.6,4323482.2],[4902370.5,4323465.9],[4902322.5,4323474.4],[4902267.9,4323433.9],[4902196.4,4323471.3],[4902070.6,4323440.2],[4902024.1,4323436.5],[4902029.8,4323554.2],[4902058.3,4323615.9],[4902090.1,4323647.9],[4902056.5,4323682.2],[4901988.7,4323683.8],[4901933.8,4323712.6],[4901906.5,4323748.2],[4901930.2,4323766.0],[4902008.3,4323787.0],[4902069.7,4323786.0],[4902085.5,4323816.7],[4902050.2,4323855.8],[4901975.2,4323882.7],[4901921.6,4323925.3],[4901946.6,4323956.9],[4901911.2,4324017.6],[4901847.1,4324094.6],[4901850.8,4324171.0],[4901851.5,4324218.1],[4901905.2,4324286.1],[4901967.2,4324346.5],[4902011.7,4324390.9],[4902054.8,4324474.5],[4902042.2,4324523.1],[4901987.8,4324582.3],[4901945.4,4324625.5],[4901936.0,4324677.1],[4901968.2,4324775.0],[4902046.6,4324850.0],[4902101.1,4324883.0],[4902241.9,4324886.4],[4902400.1,4324856.1],[4902553.2,4324890.0],[4902771.1,4324996.3],[4902935.2,4325069.0],[4903036.5,4325087.2],[4903350.9,4325178.4],[4903518.0,4325259.1],[4903682.8,4325326.0],[4903813.4,4325400.5],[4903856.1,4325359.4],[4903891.8,4325352.7],[4904080.9,4325354.4],[4904222.3,4325344.5],[4904308.9,4325505.9],[4904371.9,4325494.2],[4904454.3,4325497.2],[4904540.6,4325489.0],[4904623.1,4325449.8],[4904790.0,4325380.6],[4904939.7,4325332.8],[4905008.1,4325258.0],[4905051.5,4325265.5],[4905073.1,4325307.3],[4905061.9,4325356.3],[4905317.5,4325374.0],[4905360.2,4325291.6],[4905429.4,4325067.9],[4905472.7,4324760.0],[4905567.4,4324394.1],[4905610.8,4324216.4],[4905642.4,4324120.7],[4905654.2,4324050.0],[4905366.9,4324057.3],[4905290.2,4324049.7],[4905270.9,4323877.8],[4905252.9,4323802.8],[4905225.4,4323710.1],[4905214.0,4323682.5],[4904988.5,4323712.0],[4904835.1,4323756.7],[4904682.2,4323819.1],[4904533.8,4323870.4],[4904426.8,4323890.3],[4904412.6,4323899.0],[4904400.2,4324065.9],[4904371.8,4324103.4],[4904307.7,4324067.9],[4904209.6,4323941.8],[4904169.9,4323889.3],[4904016.8,4323907.0],[4903875.7,4323928.2],[4903813.9,4323926.8],[4903728.3,4323765.9],[4903659.6,4323651.1],[4903570.7,4323672.4],[4903490.9,4323685.2],[4903437.0,4323672.3],[4903389.1,4323647.5],[4903364.0,4323658.0],[4903307.1,4323677.9],[4903230.7,4323621.2],[4903171.1,4323645.3]]]}},{"type":"Feature","properties":{"Vill_name":"Purba Khairbari","Sub_dist":null,"District":"Alipurduar","Vill_LGD":"307090"},"geometry":{"type":"Polygon","coordinates":[[[4905610.8,4324216.4],[4905567.4,4324394.1],[4905472.7,4324760.0],[4905429.4,4325067.9],[4905527.8,4325137.0],[4905840.4,4325123.0],[4905940.8,4325130.3],[4905995.6,4325421.8],[4906054.6,4325441.3],[4906214.2,4325452.9],[4906401.0,4325460.4],[4906412.9,4325539.6],[4906416.7,4325625.2],[4906448.2,4325808.0],[4906398.5,4325829.7],[4906263.3,4325863.0],[4906164.8,4325898.6],[4906145.2,4325957.6],[4906105.8,4326105.0],[4906019.7,4326239.9],[4906276.1,4326353.9],[4906473.7,4326402.2],[4906694.7,4326434.0],[4906826.8,4326466.8],[4906936.6,4326502.1],[4907058.1,4326509.4],[4907164.0,4326514.5],[4907136.8,4326199.2],[4907126.8,4325897.1],[4907163.5,4325683.7],[4907245.1,4325498.5],[4907200.7,4325339.1],[4907024.9,4324979.4],[4906827.7,4324533.7],[4906655.5,4324129.5],[4906512.6,4323851.5],[4906478.5,4323722.6],[4906153.1,4323768.4],[4906035.5,4323792.7],[4905948.9,4324296.0],[4905892.0,4324284.9],[4905742.1,4324244.3],[4905610.8,4324216.4]]]}},{"type":"Feature","properties":{"Vill_name":"Dangapara","Sub_dist":null,"District":"Alipurduar","Vill_LGD":"307061"},"geometry":{"type":"Polygon","coordinates":[[[4887959.8,4324343.6],[4887901.1,4324143.7],[4887966.6,4324130.7],[4888054.7,4324116.7],[4888100.3,4324098.8],[4888134.1,4324130.4],[4888188.5,4324164.4],[4888206.4,4324180.5],[4888272.0,4324216.6],[4888326.7,4324253.1],[4888394.7,4324280.0],[4888390.0,4324243.9],[4888326.8,4324159.8],[4888236.2,4324051.3],[4888181.4,4323954.8],[4888202.1,4323891.4],[4888181.5,4323778.4],[4888107.1,4323527.7],[4888045.5,4323308.5],[4888000.6,4323106.9],[4888088.5,4322954.9],[4888093.2,4322695.2],[4888009.5,4322566.4],[4887896.2,4322398.8],[4887762.7,4322333.4],[4887770.5,4322551.0],[4887648.4,4322585.4],[4887649.7,4322589.4],[4887663.1,4322657.3],[4887715.0,4322743.3],[4887735.6,4322764.0],[4887816.9,4322779.2],[4887898.8,4322824.9],[4887937.1,4322854.3],[4887971.2,4322922.2],[4887973.7,4322951.8],[4887953.3,4323049.1],[4887887.5,4323119.6],[4887814.9,4323149.1],[4887710.8,4323178.4],[4887636.3,4323214.7],[4887599.9,4323266.5],[4887588.7,4323304.7],[4887585.2,4323367.0],[4887714.5,4323377.1],[4887759.6,4323408.3],[4887751.7,4323451.6],[4887694.0,4323466.0],[4887649.0,4323471.7],[4887564.2,4323477.5],[4887456.8,4323494.4],[4887413.5,4323504.6],[4887424.3,4323668.2],[4887411.4,4323701.5],[4887360.4,4323719.2],[4887277.9,4323739.3],[4887219.6,4323756.2],[4887147.3,4323767.4],[4887078.6,4323777.4],[4886982.4,4323804.7],[4886946.2,4323811.3],[4886950.0,4323875.8],[4886976.2,4323965.5],[4886999.4,4323983.4],[4887125.3,4323950.6],[4887207.8,4323930.0],[4887264.1,4323892.9],[4887326.4,4323864.5],[4887346.6,4323903.8],[4887418.3,4323915.6],[4887485.5,4323948.3],[4887476.3,4324005.8],[4887414.5,4324025.0],[4887285.7,4324047.8],[4887151.0,4324059.0],[4887037.3,4324074.1],[4886980.6,4324087.6],[4886965.0,4324094.7],[4886975.2,4324179.2],[4887017.0,4324188.6],[4887058.5,4324194.5],[4887061.3,4324249.2],[4887147.0,4324243.0],[4887254.4,4324217.7],[4887367.4,4324176.0],[4887471.6,4324145.6],[4887548.1,4324137.5],[4887602.6,4324158.8],[4887676.5,4324205.6],[4887768.8,4324197.3],[4887781.2,4324257.3],[4887764.9,4324288.0],[4887721.1,4324300.6],[4887641.6,4324348.9],[4887578.4,4324376.8],[4887229.3,4324515.2],[4887059.7,4324567.5],[4887025.8,4324587.5],[4887052.7,4324692.0],[4887331.0,4324625.8],[4887466.6,4324596.9],[4887652.0,4324542.5],[4887771.8,4324532.5],[4887948.6,4324535.1],[4887953.0,4324474.9],[4887959.8,4324343.6]]]}},{"type":"Feature","properties":{"Vill_name":"Purba Madarihat","Sub_dist":null,"District":"Alipurduar","Vill_LGD":"307103"},"geometry":{"type":"Polygon","coordinates":[[[4904935.8,4317527.9],[4904761.4,4317599.1],[4904825.2,4317642.0],[4904903.5,4317802.0],[4904814.1,4318108.6],[4904786.5,4318447.3],[4904752.1,4318755.1],[4904770.1,4318982.9],[4904789.9,4319174.0],[4904927.0,4319162.4],[4904951.6,4319009.3],[4905086.9,4318963.3],[4905272.5,4318945.7],[4905300.6,4318942.1],[4905293.2,4318995.3],[4905339.9,4319177.3],[4905467.7,4319227.2],[4905917.0,4319098.5],[4906189.1,4319029.0],[4906313.6,4318982.4],[4906548.8,4318965.2],[4906557.1,4318965.6],[4906556.6,4318945.4],[4906556.7,4318708.2],[4906526.2,4318616.8],[4906370.2,4318194.2],[4906269.4,4317920.2],[4906130.1,4317465.5],[4906113.1,4317204.8],[4906167.4,4316882.7],[4905928.0,4317100.6],[4905740.8,4317154.0],[4905433.5,4317200.6],[4905413.2,4317314.6],[4905327.0,4317340.9],[4905166.3,4317320.9],[4905086.5,4317408.0],[4904959.5,4317475.0],[4904935.8,4317527.9]]]}},{"type":"Feature","properties":{"Vill_name":"Dakshin Madarihat","Sub_dist":null,"District":"Alipurduar","Vill_LGD":"307102"},"geometry":{"type":"Polygon","coordinates":[[[4903373.6,4317763.3],[4903293.2,4317801.2],[4903246.4,4317833.8],[4903230.5,4317899.9],[4903203.5,4317930.0],[4903187.2,4317962.2],[4903107.0,4317964.2],[4903039.6,4317967.3],[4903023.8,4318019.2],[4903079.0,4318067.5],[4903146.4,4318136.6],[4903172.3,4318158.9],[4903183.1,4318241.0],[4903250.9,4318292.4],[4903284.2,4318386.8],[4903220.3,4318438.3],[4903127.9,4318470.7],[4903051.4,4318477.8],[4902919.8,4318506.4],[4902909.8,4318521.6],[4902925.7,4318619.7],[4903000.2,4318612.5],[4903067.9,4318635.3],[4903148.3,4318628.4],[4903258.2,4318651.4],[4903310.2,4318673.0],[4903383.4,4318735.0],[4903432.8,4318822.4],[4903454.3,4318874.0],[4903424.4,4318894.2],[4903357.3,4318900.3],[4903312.6,4318919.8],[4903310.6,4318982.0],[4903357.4,4319030.0],[4903321.6,4319039.1],[4903273.8,4319033.3],[4903245.2,4319055.0],[4903266.5,4319103.2],[4903294.6,4319151.3],[4903318.3,4319209.9],[4903369.7,4319286.5],[4903415.7,4319309.4],[4903450.0,4319281.0],[4903471.2,4319219.2],[4903530.8,4319225.0],[4903628.8,4319219.4],[4903724.6,4319221.0],[4903778.5,4319173.0],[4903851.4,4319156.9],[4903963.9,4319148.0],[4904013.2,4319143.0],[4904087.5,4319202.6],[4904128.2,4319286.1],[4904154.7,4319357.7],[4904209.7,4319440.9],[4904238.0,4319494.8],[4904296.2,4319593.4],[4904383.3,4319712.5],[4904481.2,4319801.7],[4904522.5,4319955.0],[4904571.2,4319913.1],[4904662.3,4319877.7],[4904827.7,4319829.7],[4904845.9,4319786.8],[4904847.4,4319685.2],[4904819.5,4319579.2],[4904826.8,4319500.5],[4904939.0,4319505.9],[4904969.5,4319505.9],[4904954.9,4319440.3],[4904903.9,4319337.6],[4904789.9,4319174.0],[4904770.1,4318982.9],[4904752.1,4318755.1],[4904786.5,4318447.3],[4904814.1,4318108.6],[4904903.5,4317802.0],[4904825.2,4317642.0],[4904761.4,4317599.1],[4904935.8,4317527.9],[4904959.5,4317475.0],[4904798.6,4317407.9],[4904625.5,4317341.1],[4904445.3,4317329.0],[4904084.2,4317349.0],[4903271.0,4317413.5],[4903311.4,4317494.6],[4903369.8,4317546.5],[4903442.8,4317580.0],[4903496.2,4317624.3],[4903492.8,4317685.5],[4903439.4,4317722.8],[4903373.6,4317763.3]]]}},{"type":"Feature","properties":{"Vill_name":"Madhya Madarihat","Sub_dist":null,"District":"Alipurduar","Vill_LGD":"307100"},"geometry":{"type":"Polygon","coordinates":[[[4904662.3,4319877.7],[4904571.2,4319913.1],[4904522.5,4319955.0],[4904532.0,4320064.0],[4904492.1,4320178.0],[4904396.3,4320238.8],[4904353.8,4320295.7],[4904385.9,4320477.0],[4904282.4,4320534.0],[4904094.0,4320591.2],[4903857.8,4320660.9],[4903904.3,4320735.9],[4904086.7,4320988.3],[4904184.7,4321125.7],[4904346.0,4321368.7],[4904472.3,4321541.3],[4904513.2,4321619.5],[4904513.3,4321710.8],[4904514.8,4321821.9],[4904631.9,4321736.7],[4904774.0,4321733.2],[4904877.6,4321715.1],[4904937.1,4321723.3],[4904972.7,4321698.0],[4904996.5,4321623.0],[4904989.4,4321577.0],[4905095.9,4321598.8],[4905117.2,4321594.9],[4905147.5,4321516.8],[4905225.8,4321513.2],[4905273.5,4321459.5],[4905366.9,4321429.1],[4905500.1,4321376.0],[4905647.2,4321329.5],[4905794.8,4321285.0],[4905896.3,4321228.0],[4906019.2,4321174.5],[4906272.2,4321132.6],[4906137.3,4320954.7],[4905930.6,4320666.2],[4905815.3,4320418.5],[4905778.1,4320252.1],[4905801.8,4320105.9],[4905845.8,4319926.7],[4905889.8,4319838.0],[4905990.8,4319660.0],[4906038.1,4319574.9],[4906251.6,4319517.3],[4906499.3,4319473.7],[4906563.8,4319347.6],[4906557.1,4318965.6],[4906548.8,4318965.2],[4906313.6,4318982.4],[4906189.1,4319029.0],[4905917.0,4319098.5],[4905467.7,4319227.2],[4905339.9,4319177.3],[4905293.2,4318995.3],[4905300.6,4318942.1],[4905272.5,4318945.7],[4905086.9,4318963.3],[4904951.6,4319009.3],[4904927.0,4319162.4],[4904789.9,4319174.0],[4904903.9,4319337.6],[4904954.9,4319440.3],[4904969.5,4319505.9],[4904939.0,4319505.9],[4904826.8,4319500.5],[4904819.5,4319579.2],[4904847.4,4319685.2],[4904845.9,4319786.8],[4904827.7,4319829.7],[4904662.3,4319877.7]]]}},{"type":"Feature","properties":{"Vill_name":"Islamabad","Sub_dist":null,"District":"Alipurduar","Vill_LGD":"307096"},"geometry":{"type":"Polygon","coordinates":[[[4899985.4,4318428.2],[4899881.6,4318481.2],[4899846.2,4318472.6],[4899810.8,4318422.3],[4899742.3,4318446.5],[4899669.3,4318514.2],[4899669.2,4318567.3],[4899701.3,4318644.0],[4899730.9,4318815.9],[4899737.8,4318908.5],[4899689.9,4318942.6],[4899581.5,4319022.4],[4899606.0,4319083.0],[4899650.6,4319147.5],[4899662.3,4319210.0],[4899710.4,4319293.4],[4899783.5,4319316.5],[4899859.9,4319279.4],[4899920.1,4319243.5],[4899923.6,4319192.1],[4899993.1,4319145.8],[4900027.0,4319093.9],[4900052.0,4319064.2],[4900098.3,4319092.4],[4900150.8,4319207.5],[4900156.0,4319353.6],[4900206.0,4319407.1],[4900302.3,4319520.8],[4900326.0,4319557.3],[4900167.8,4319537.4],[4900091.4,4319532.8],[4899971.7,4319539.3],[4899886.3,4319537.6],[4899781.0,4319552.2],[4899729.7,4319566.0],[4899710.2,4319625.0],[4899721.5,4319746.9],[4899748.4,4319852.3],[4899819.7,4319973.6],[4899853.7,4320051.9],[4899855.2,4320153.7],[4899916.9,4320168.4],[4900028.9,4320158.1],[4900133.5,4320148.9],[4900155.2,4320168.6],[4900199.8,4320221.8],[4900242.6,4320190.0],[4900279.7,4320174.1],[4900288.9,4320197.1],[4900287.4,4320249.1],[4900319.3,4320249.2],[4900407.4,4320276.5],[4900442.5,4320210.4],[4900537.1,4320265.5],[4900637.0,4320264.0],[4900674.1,4320248.1],[4900699.4,4320313.6],[4900743.8,4320351.1],[4900779.0,4320354.3],[4900918.2,4320362.0],[4900914.8,4320319.1],[4900901.3,4320222.1],[4901079.1,4320161.4],[4901291.2,4320092.0],[4901300.4,4320115.1],[4901350.0,4320198.5],[4901378.1,4320277.0],[4901416.9,4320277.9],[4901536.7,4320260.0],[4901618.5,4320264.0],[4901746.8,4320231.3],[4901684.9,4320026.9],[4901602.8,4319742.0],[4901478.3,4319400.0],[4901401.9,4319302.0],[4901387.3,4319013.4],[4901243.0,4318651.8],[4901011.8,4318249.6],[4900937.0,4318110.4],[4900687.8,4317878.8],[4900688.0,4317772.2],[4900744.8,4317683.1],[4900838.6,4317550.6],[4900797.6,4317586.4],[4900694.4,4317618.3],[4900573.3,4317643.4],[4900399.8,4317687.2],[4900419.0,4317868.4],[4900441.8,4318049.3],[4900400.5,4318090.0],[4900326.3,4318101.2],[4900319.0,4318130.8],[4900333.1,4318266.6],[4900327.6,4318380.3],[4900268.3,4318397.6],[4900195.0,4318409.8],[4900109.6,4318408.1],[4899985.4,4318428.2]]]}},{"type":"Feature","properties":{"Vill_name":"Dakshin Khairbari","Sub_dist":null,"District":"Alipurduar","Vill_LGD":"307079"},"geometry":{"type":"Polygon","coordinates":[[[4899260.7,4318306.4],[4899070.3,4318507.0],[4898900.5,4318697.3],[4898879.7,4318709.6],[4898881.1,4318712.1],[4898871.2,4318755.4],[4898883.8,4318819.3],[4898845.0,4318860.7],[4898805.0,4318925.1],[4898778.7,4318971.0],[4898823.2,4319007.0],[4898862.3,4319040.4],[4898859.9,4319070.2],[4898868.6,4319155.6],[4898851.0,4319214.2],[4898811.6,4319226.6],[4898753.2,4319246.4],[4898681.7,4319292.5],[4898692.7,4319319.6],[4898736.1,4319407.7],[4898756.4,4319567.3],[4898825.3,4319637.0],[4898843.3,4319660.4],[4898857.3,4319696.0],[4898869.0,4319749.1],[4898871.3,4319784.6],[4898931.7,4319794.9],[4898981.4,4319752.5],[4899002.7,4319677.4],[4898988.6,4319633.0],[4898963.5,4319613.6],[4898967.4,4319582.9],[4899006.2,4319542.0],[4899045.5,4319541.9],[4899125.8,4319650.9],[4899139.5,4319743.4],[4899150.5,4319841.7],[4899161.2,4319864.3],[4899262.8,4319857.4],[4899342.9,4319845.1],[4899408.5,4319861.0],[4899504.6,4319802.8],[4899550.3,4319813.8],[4899560.6,4319762.7],[4899608.8,4319730.6],[4899660.6,4319768.0],[4899649.9,4319867.7],[4899640.5,4319990.6],[4899616.2,4320067.0],[4899598.2,4320093.7],[4899653.3,4320143.5],[4899704.0,4320234.8],[4899759.3,4320228.2],[4899800.2,4320215.4],[4899844.7,4320169.4],[4899855.2,4320153.7],[4899853.7,4320051.9],[4899819.7,4319973.6],[4899748.4,4319852.3],[4899721.5,4319746.9],[4899710.2,4319625.0],[4899729.7,4319566.0],[4899781.0,4319552.2],[4899886.3,4319537.6],[4899971.7,4319539.3],[4900091.4,4319532.8],[4900167.8,4319537.4],[4900326.0,4319557.3],[4900302.3,4319520.8],[4900206.0,4319407.1],[4900156.0,4319353.6],[4900150.8,4319207.5],[4900098.3,4319092.4],[4900052.0,4319064.2],[4900027.0,4319093.9],[4899993.1,4319145.8],[4899923.6,4319192.1],[4899920.1,4319243.5],[4899859.9,4319279.4],[4899783.5,4319316.5],[4899710.4,4319293.4],[4899662.3,4319210.0],[4899650.6,4319147.5],[4899606.0,4319083.0],[4899581.5,4319022.4],[4899689.9,4318942.6],[4899737.8,4318908.5],[4899730.9,4318815.9],[4899701.3,4318644.0],[4899669.2,4318567.3],[4899669.3,4318514.2],[4899742.3,4318446.5],[4899810.8,4318422.3],[4899846.2,4318472.6],[4899881.6,4318481.2],[4899985.4,4318428.2],[4900109.6,4318408.1],[4900195.0,4318409.8],[4900268.3,4318397.6],[4900327.6,4318380.3],[4900333.1,4318266.6],[4900319.0,4318130.8],[4900326.3,4318101.2],[4900400.5,4318090.0],[4900441.8,4318049.3],[4900419.0,4317868.4],[4900399.8,4317687.2],[4900573.3,4317643.4],[4900694.4,4317618.3],[4900797.6,4317586.4],[4900838.6,4317550.6],[4900840.3,4317444.0],[4900665.9,4317353.1],[4900602.9,4317313.3],[4900494.0,4317240.2],[4900378.2,4317174.2],[4900283.7,4317086.7],[4900242.7,4317010.0],[4900232.8,4316970.2],[4900215.7,4316877.1],[4900001.7,4317057.4],[4899894.8,4317205.0],[4899835.0,4317295.0],[4899821.1,4317348.4],[4899818.0,4317475.5],[4899868.0,4317629.7],[4899902.5,4317771.3],[4899902.1,4317881.3],[4899849.4,4317945.1],[4899745.3,4318015.3],[4899595.2,4318082.3],[4899461.3,4318179.5],[4899260.7,4318306.4]]]}},{"type":"Feature","properties":{"Vill_name":"Uttar Madarihat (CT)","Sub_dist":null,"District":"Alipurduar","Vill_LGD":"307105"},"geometry":{"type":"Polygon","coordinates":[[[4904996.5,4321623.0],[4904972.7,4321698.0],[4904937.1,4321723.3],[4904877.6,4321715.1],[4904774.0,4321733.2],[4904631.9,4321736.7],[4904514.8,4321821.9],[4904500.3,4321879.2],[4904478.8,4321989.7],[4904411.1,4322068.0],[4904205.0,4322146.0],[4904112.1,4322228.0],[4903918.9,4322314.0],[4903949.7,4322356.8],[4903985.4,4322431.7],[4904010.3,4322506.1],[4904016.5,4322542.7],[4904171.2,4322553.1],[4904352.9,4322503.4],[4904481.0,4322443.2],[4904521.4,4322410.3],[4904565.6,4322441.9],[4904699.3,4322380.0],[4904790.0,4322351.5],[4904907.7,4322326.7],[4905002.0,4322347.4],[4905070.2,4322409.1],[4905116.8,4322462.5],[4905146.8,4322583.8],[4905136.1,4322663.8],[4905106.7,4322703.7],[4904980.2,4322718.2],[4904913.0,4322737.6],[4904889.8,4322728.6],[4904913.0,4322819.6],[4904925.0,4322855.1],[4904934.1,4322972.5],[4904934.4,4323049.1],[4904901.7,4323065.7],[4904857.0,4323085.2],[4904817.5,4323119.2],[4904817.9,4323213.5],[4904780.1,4323315.3],[4904792.6,4323352.8],[4904835.5,4323398.6],[4904872.4,4323490.7],[4904852.8,4323652.9],[4904835.1,4323756.7],[4904988.5,4323712.0],[4905214.0,4323682.5],[4905225.4,4323710.1],[4905252.9,4323802.8],[4905270.9,4323877.8],[4905290.2,4324049.7],[4905366.9,4324057.3],[4905654.2,4324050.0],[4905642.4,4324120.7],[4905610.8,4324216.4],[4905742.1,4324244.3],[4905892.0,4324284.9],[4905948.9,4324296.0],[4906035.5,4323792.7],[4906153.1,4323768.4],[4906478.5,4323722.6],[4906492.2,4323530.7],[4906574.0,4323340.5],[4906620.8,4323164.0],[4906604.0,4322837.0],[4906620.7,4322725.3],[4906675.0,4322402.7],[4906655.0,4322246.5],[4906472.2,4321757.2],[4906343.2,4321393.9],[4906272.2,4321132.6],[4906019.2,4321174.5],[4905896.3,4321228.0],[4905794.8,4321285.0],[4905647.2,4321329.5],[4905500.1,4321376.0],[4905366.9,4321429.1],[4905273.5,4321459.5],[4905225.8,4321513.2],[4905147.5,4321516.8],[4905117.2,4321594.9],[4905095.9,4321598.8],[4904989.4,4321577.0],[4904996.5,4321623.0]]]}},{"type":"Feature","properties":{"Vill_name":"Madhya Chhekamari","Sub_dist":null,"District":"Alipurduar","Vill_LGD":"307098"},"geometry":{"type":"Polygon","coordinates":[[[4901369.3,4321156.4],[4901357.9,4321260.5],[4901288.4,4321316.1],[4901293.8,4321408.8],[4901279.1,4321529.4],[4901371.0,4321683.7],[4901406.9,4321815.6],[4901429.5,4321895.8],[4901546.3,4322051.7],[4901603.0,4322140.4],[4901624.7,4322231.3],[4901627.0,4322273.7],[4901582.6,4322340.8],[4901574.0,4322385.6],[4901581.2,4322419.4],[4901616.5,4322461.8],[4901636.0,4322496.2],[4901636.3,4322540.4],[4901663.1,4322565.8],[4901710.8,4322555.3],[4901719.5,4322547.4],[4901771.4,4322490.4],[4901792.5,4322480.1],[4901871.4,4322515.3],[4901947.9,4322517.5],[4901974.4,4322508.5],[4902009.9,4322423.3],[4902061.4,4322385.5],[4902127.1,4322346.4],[4902193.1,4322424.7],[4902250.4,4322510.0],[4902335.9,4322581.4],[4902394.1,4322608.3],[4902479.7,4322574.5],[4902501.1,4322498.0],[4902543.9,4322485.8],[4902602.5,4322462.0],[4902641.7,4322537.1],[4902679.0,4322546.3],[4902736.0,4322546.1],[4902761.0,4322517.8],[4902819.9,4322558.5],[4902880.1,4322584.9],[4902940.7,4322571.1],[4903007.5,4322550.8],[4903091.2,4322557.7],[4903153.0,4322589.7],[4903187.3,4322622.3],[4903238.8,4322582.5],[4903262.1,4322609.7],[4903333.2,4322611.1],[4903365.1,4322591.5],[4903395.9,4322584.7],[4903363.8,4322508.0],[4903320.8,4322440.1],[4903301.4,4322344.3],[4903327.6,4322278.3],[4903365.0,4322246.2],[4903420.9,4322218.9],[4903335.2,4322151.4],[4903251.5,4322051.6],[4903228.5,4321969.4],[4903233.9,4321877.3],[4903245.5,4321840.5],[4903236.4,4321764.0],[4903188.2,4321723.3],[4903145.6,4321700.1],[4903038.7,4321666.0],[4902962.1,4321593.1],[4902930.2,4321552.2],[4902929.1,4321451.5],[4902836.8,4321419.5],[4902722.8,4321369.3],[4902560.6,4321300.1],[4902452.4,4321250.2],[4902406.9,4321236.8],[4902318.0,4321258.0],[4902275.1,4321281.0],[4902175.4,4321301.3],[4902125.9,4321288.6],[4902061.1,4321236.3],[4901963.9,4321090.7],[4901946.6,4321011.2],[4901938.0,4320956.3],[4901998.5,4320934.7],[4902018.2,4320851.1],[4901972.0,4320760.0],[4901931.9,4320663.2],[4901885.2,4320572.0],[4901848.7,4320504.0],[4901830.6,4320562.5],[4901773.9,4320578.5],[4901686.5,4320607.2],[4901572.7,4320634.2],[4901551.1,4320655.2],[4901581.5,4320797.7],[4901571.9,4320866.0],[4901456.3,4320909.1],[4901352.6,4320951.8],[4901303.4,4320983.8],[4901255.0,4320998.2],[4901269.2,4321051.4],[4901369.3,4321156.4]]]}},{"type":"Feature","properties":{"Vill_name":"Uttar Rangalibazna","Sub_dist":null,"District":"Alipurduar","Vill_LGD":"307094"},"geometry":{"type":"Polygon","coordinates":[[[4901906.5,4323748.2],[4901933.8,4323712.6],[4901988.7,4323683.8],[4902056.5,4323682.2],[4902090.1,4323647.9],[4902058.3,4323615.9],[4902029.8,4323554.2],[4902024.1,4323436.5],[4902008.5,4323362.5],[4901987.0,4323330.5],[4901944.8,4323318.2],[4901887.8,4323328.7],[4901818.2,4323305.7],[4901766.8,4323291.0],[4901773.9,4323266.7],[4901821.9,4323218.0],[4901782.8,4323193.0],[4901722.2,4323197.0],[4901676.5,4323186.9],[4901632.2,4323137.1],[4901612.7,4323053.6],[4901577.1,4323017.5],[4901514.6,4322987.5],[4901489.9,4322939.7],[4901484.1,4322876.5],[4901398.9,4322901.4],[4901280.1,4322890.3],[4901241.2,4322870.7],[4901141.8,4322824.2],[4901100.7,4322788.3],[4901018.8,4322704.8],[4900975.6,4322611.8],[4900997.3,4322548.0],[4901035.5,4322438.3],[4901133.0,4322331.5],[4901131.7,4322308.3],[4901078.4,4322270.9],[4901031.7,4322242.6],[4900987.3,4322205.1],[4900945.1,4322204.1],[4900888.4,4322207.7],[4900868.7,4322209.7],[4900811.8,4322175.6],[4900744.4,4322117.3],[4900706.7,4322113.5],[4900657.3,4322129.3],[4900594.6,4322147.0],[4900551.5,4322143.4],[4900518.4,4322106.0],[4900501.4,4322062.4],[4900458.5,4322003.3],[4900517.3,4321977.2],[4900508.4,4321885.9],[4900479.7,4321829.0],[4900437.0,4321826.9],[4900412.0,4321795.3],[4900399.8,4321713.1],[4900409.5,4321674.3],[4900395.0,4321648.0],[4900332.9,4321621.5],[4900334.8,4321541.0],[4900389.6,4321484.2],[4900388.4,4321417.8],[4900361.2,4321391.5],[4900337.3,4321367.7],[4900333.6,4321332.2],[4900392.1,4321269.6],[4900385.2,4321250.1],[4900372.8,4321231.8],[4900326.9,4321235.5],[4900264.2,4321221.7],[4900221.6,4321187.7],[4900207.1,4321142.8],[4900136.2,4321186.1],[4900077.4,4321203.9],[4900015.2,4321250.0],[4899968.6,4321259.1],[4899919.5,4321239.5],[4899867.1,4321266.0],[4899838.6,4321245.0],[4899808.5,4321218.0],[4899774.6,4321217.8],[4899730.3,4321157.7],[4899679.8,4321125.8],[4899637.1,4321104.6],[4899604.8,4321121.2],[4899567.9,4321152.9],[4899580.4,4321211.4],[4899656.6,4321352.2],[4899685.4,4321448.4],[4899653.3,4321503.3],[4899618.6,4321508.5],[4899529.8,4321547.5],[4899465.2,4321563.5],[4899383.9,4321619.1],[4899317.9,4321643.9],[4899262.0,4321681.0],[4899251.9,4321718.4],[4899292.5,4321823.5],[4899315.2,4321861.9],[4899338.1,4321917.1],[4899327.3,4321979.4],[4899315.0,4322061.4],[4899355.7,4322113.0],[4899347.0,4322182.3],[4899339.3,4322239.9],[4899362.5,4322290.1],[4899410.9,4322323.9],[4899476.7,4322377.2],[4899492.7,4322442.8],[4899530.0,4322462.8],[4899599.2,4322486.2],[4899633.4,4322468.2],[4899654.5,4322468.3],[4899668.8,4322478.8],[4899638.6,4322525.0],[4899579.1,4322565.3],[4899518.9,4322592.4],[4899440.0,4322659.9],[4899377.5,4322702.5],[4899337.6,4322735.0],[4899351.0,4322773.0],[4899431.7,4322833.4],[4899483.2,4322885.0],[4899586.4,4322945.5],[4899632.7,4322963.4],[4899700.3,4322947.5],[4899709.1,4322999.0],[4899695.5,4323138.9],[4899736.8,4323251.4],[4899832.4,4323356.7],[4899976.6,4323474.2],[4900033.7,4323513.3],[4900152.1,4323564.2],[4900228.5,4323701.5],[4900217.2,4323743.2],[4900370.3,4323737.7],[4900679.1,4323761.4],[4900899.5,4323766.6],[4901278.0,4323760.7],[4901463.2,4323741.1],[4901836.0,4323733.0],[4901906.5,4323748.2]]]}},{"type":"Feature","properties":{"Vill_name":"Madhya Rangalibazna","Sub_dist":null,"District":"Alipurduar","Vill_LGD":"307080"},"geometry":{"type":"Polygon","coordinates":[[[4897945.8,4319904.7],[4897924.9,4319971.9],[4897885.3,4320048.6],[4897824.7,4320052.6],[4897806.5,4320013.9],[4897804.7,4319937.7],[4897715.5,4319923.5],[4897596.4,4319877.0],[4897562.2,4319841.5],[4897521.3,4319773.7],[4897487.7,4319766.7],[4897382.8,4319731.2],[4897311.2,4319718.9],[4897237.9,4319740.4],[4897218.4,4319758.2],[4897390.9,4320073.5],[4897322.0,4320116.8],[4897267.1,4320176.1],[4897211.5,4320207.8],[4897204.7,4320227.6],[4897229.5,4320274.0],[4897199.1,4320312.9],[4897105.3,4320425.3],[4897060.0,4320447.7],[4897079.5,4320511.5],[4897352.2,4320511.3],[4897446.8,4320504.6],[4897499.8,4320506.6],[4897496.1,4320593.4],[4897451.8,4320636.0],[4897377.1,4320635.8],[4897323.6,4320645.1],[4897222.2,4320640.2],[4897122.3,4320654.0],[4897102.8,4320741.5],[4897072.3,4320854.5],[4897124.7,4320838.4],[4897204.6,4320831.9],[4897280.3,4320820.3],[4897318.8,4320836.4],[4897305.1,4320856.9],[4897243.4,4320913.9],[4897156.7,4320948.5],[4897045.8,4321068.5],[4897011.3,4321152.8],[4897057.2,4321199.2],[4897107.0,4321237.9],[4897109.6,4321274.4],[4897141.9,4321399.8],[4897278.8,4321361.7],[4897409.0,4321363.5],[4897470.9,4321393.5],[4897508.4,4321358.5],[4897773.5,4321322.1],[4897981.7,4321242.7],[4898025.2,4321227.6],[4898029.6,4321309.8],[4898076.8,4321432.0],[4898206.8,4321568.9],[4898273.4,4321674.8],[4898339.0,4321761.0],[4898427.4,4321853.6],[4898525.1,4321947.7],[4898568.6,4321993.1],[4898559.9,4322091.4],[4898623.8,4322152.9],[4898642.1,4322222.1],[4898647.5,4322302.9],[4898646.3,4322317.1],[4898694.2,4322344.5],[4898758.4,4322386.9],[4898808.2,4322383.4],[4898804.6,4322427.9],[4898858.3,4322424.6],[4898913.2,4322397.7],[4898941.5,4322381.4],[4898961.0,4322394.2],[4898997.7,4322448.5],[4899040.8,4322492.8],[4899060.2,4322548.3],[4899099.4,4322580.1],[4899159.8,4322612.5],[4899197.0,4322594.6],[4899254.4,4322607.2],[4899289.9,4322665.4],[4899337.6,4322735.0],[4899377.5,4322702.5],[4899440.0,4322659.9],[4899518.9,4322592.4],[4899579.1,4322565.3],[4899638.6,4322525.0],[4899668.8,4322478.8],[4899654.5,4322468.3],[4899633.4,4322468.2],[4899599.2,4322486.2],[4899530.0,4322462.8],[4899492.7,4322442.8],[4899476.7,4322377.2],[4899410.9,4322323.9],[4899362.5,4322290.1],[4899339.3,4322239.9],[4899347.0,4322182.3],[4899355.7,4322113.0],[4899315.0,4322061.4],[4899327.3,4321979.4],[4899338.1,4321917.1],[4899315.2,4321861.9],[4899292.5,4321823.5],[4899251.9,4321718.4],[4899262.0,4321681.0],[4899317.9,4321643.9],[4899383.9,4321619.1],[4899465.2,4321563.5],[4899529.8,4321547.5],[4899618.6,4321508.5],[4899653.3,4321503.3],[4899685.4,4321448.4],[4899656.6,4321352.2],[4899580.4,4321211.4],[4899567.9,4321152.9],[4899604.8,4321121.2],[4899637.1,4321104.6],[4899679.8,4321125.8],[4899730.3,4321157.7],[4899774.6,4321217.8],[4899808.5,4321218.0],[4899838.6,4321245.0],[4899867.1,4321266.0],[4899919.5,4321239.5],[4899968.6,4321259.1],[4900015.2,4321250.0],[4900077.4,4321203.9],[4900136.2,4321186.1],[4900207.1,4321142.8],[4900204.5,4321022.8],[4900169.2,4320969.5],[4900067.7,4320916.0],[4900076.8,4320837.4],[4900135.3,4320714.4],[4900115.7,4320673.7],[4900078.8,4320673.4],[4900011.9,4320686.4],[4899983.8,4320636.4],[4899935.1,4320618.3],[4899890.5,4320533.7],[4899862.3,4320476.3],[4899812.5,4320449.3],[4899747.0,4320505.1],[4899707.3,4320512.1],[4899664.9,4320444.2],[4899680.5,4320375.2],[4899711.2,4320338.8],[4899727.1,4320253.6],[4899704.0,4320234.8],[4899653.3,4320143.5],[4899598.2,4320093.7],[4899616.2,4320067.0],[4899640.5,4319990.6],[4899649.9,4319867.7],[4899660.6,4319768.0],[4899608.8,4319730.6],[4899560.6,4319762.7],[4899550.3,4319813.8],[4899504.6,4319802.8],[4899408.5,4319861.0],[4899342.9,4319845.1],[4899262.8,4319857.4],[4899161.2,4319864.3],[4899150.5,4319841.7],[4899139.5,4319743.4],[4899125.8,4319650.9],[4899045.5,4319541.9],[4899006.2,4319542.0],[4898967.4,4319582.9],[4898963.5,4319613.6],[4898988.6,4319633.0],[4899002.7,4319677.4],[4898981.4,4319752.5],[4898931.7,4319794.9],[4898871.3,4319784.6],[4898869.0,4319749.1],[4898857.3,4319696.0],[4898806.9,4319723.5],[4898708.5,4319746.8],[4898659.3,4319738.0],[4898584.3,4319764.4],[4898450.9,4319832.7],[4898415.2,4319818.2],[4898372.4,4319789.6],[4898337.7,4319774.6],[4898262.7,4319803.0],[4898152.9,4319828.2],[4898143.8,4319803.1],[4898113.0,4319778.1],[4898006.7,4319804.4],[4897967.2,4319828.1],[4897945.8,4319904.7]]]}},{"type":"Feature","properties":{"Vill_name":"Dakshin Sisubari","Sub_dist":null,"District":"Alipurduar","Vill_LGD":"307077"},"geometry":{"type":"Polygon","coordinates":[[[4895962.3,4319337.6],[4895792.2,4319575.1],[4895638.2,4319835.4],[4895468.7,4320181.5],[4895371.5,4320344.8],[4895191.2,4320609.3],[4895063.0,4320792.8],[4895141.6,4320813.3],[4895250.0,4320827.3],[4895293.1,4320839.2],[4895385.8,4320854.0],[4895423.3,4320828.8],[4895433.9,4320721.7],[4895472.7,4320671.0],[4895544.9,4320682.3],[4895578.8,4320722.3],[4895565.3,4320777.6],[4895685.3,4320784.9],[4895774.8,4320784.8],[4895838.7,4320803.1],[4895903.9,4320807.7],[4895947.0,4320820.1],[4895952.2,4320844.4],[4895978.4,4320913.0],[4895984.1,4320977.1],[4896010.2,4320987.2],[4896098.0,4320999.8],[4896254.1,4321003.3],[4896333.3,4321000.8],[4896406.1,4320987.6],[4896416.0,4320996.4],[4896459.7,4321038.3],[4896498.5,4321050.0],[4896538.7,4321020.5],[4896613.0,4321048.1],[4896630.9,4321023.0],[4896598.9,4320922.7],[4896560.4,4320753.3],[4896605.5,4320745.6],[4896645.2,4320747.5],[4896667.6,4320782.0],[4896707.7,4320774.1],[4896811.2,4320779.1],[4896877.5,4320840.8],[4896902.7,4320868.5],[4896964.6,4320868.5],[4897072.3,4320854.5],[4897102.8,4320741.5],[4897122.3,4320654.0],[4897222.2,4320640.2],[4897323.6,4320645.1],[4897377.1,4320635.8],[4897451.8,4320636.0],[4897496.1,4320593.4],[4897499.8,4320506.6],[4897446.8,4320504.6],[4897352.2,4320511.3],[4897079.5,4320511.5],[4897060.0,4320447.7],[4897105.3,4320425.3],[4897199.1,4320312.9],[4897229.5,4320274.0],[4897204.7,4320227.6],[4897211.5,4320207.8],[4897267.1,4320176.1],[4897322.0,4320116.8],[4897390.9,4320073.5],[4897218.4,4319758.2],[4897237.9,4319740.4],[4897311.2,4319718.9],[4897302.4,4319636.9],[4897327.4,4319513.8],[4897330.6,4319428.5],[4897270.0,4319400.0],[4897208.5,4319392.2],[4897196.2,4319342.0],[4897174.9,4319222.5],[4897135.9,4319021.7],[4897022.7,4319036.4],[4896816.2,4319102.1],[4896775.2,4319085.9],[4896700.4,4319027.3],[4896597.2,4319048.8],[4896398.9,4319095.8],[4896136.9,4319138.7],[4896125.1,4319138.6],[4896112.7,4319153.2],[4895962.3,4319337.6]]]}},{"type":"Feature","properties":{"Vill_name":"Dakshin Rangalibazna","Sub_dist":null,"District":"Alipurduar","Vill_LGD":"307078"},"geometry":{"type":"Polygon","coordinates":[[[4896993.9,4318195.4],[4896886.7,4318268.8],[4896779.7,4318409.6],[4896652.9,4318553.3],[4896239.9,4318999.7],[4896125.1,4319138.6],[4896136.9,4319138.7],[4896398.9,4319095.8],[4896597.2,4319048.8],[4896700.4,4319027.3],[4896775.2,4319085.9],[4896816.2,4319102.1],[4897022.7,4319036.4],[4897135.9,4319021.7],[4897174.9,4319222.5],[4897196.2,4319342.0],[4897208.5,4319392.2],[4897270.0,4319400.0],[4897330.6,4319428.5],[4897327.4,4319513.8],[4897302.4,4319636.9],[4897311.2,4319718.9],[4897382.8,4319731.2],[4897487.7,4319766.7],[4897521.3,4319773.7],[4897562.2,4319841.5],[4897596.4,4319877.0],[4897715.5,4319923.5],[4897804.7,4319937.7],[4897806.5,4320013.9],[4897824.7,4320052.6],[4897885.3,4320048.6],[4897924.9,4319971.9],[4897945.8,4319904.7],[4897967.2,4319828.1],[4898006.7,4319804.4],[4898113.0,4319778.1],[4898143.8,4319803.1],[4898152.9,4319828.2],[4898262.7,4319803.0],[4898337.7,4319774.6],[4898372.4,4319789.6],[4898415.2,4319818.2],[4898450.9,4319832.7],[4898584.3,4319764.4],[4898659.3,4319738.0],[4898708.5,4319746.8],[4898806.9,4319723.5],[4898857.3,4319696.0],[4898843.3,4319660.4],[4898825.3,4319637.0],[4898756.4,4319567.3],[4898736.1,4319407.7],[4898692.7,4319319.6],[4898681.7,4319292.5],[4898753.2,4319246.4],[4898811.6,4319226.6],[4898851.0,4319214.2],[4898868.6,4319155.6],[4898859.9,4319070.2],[4898862.3,4319040.4],[4898823.2,4319007.0],[4898778.7,4318971.0],[4898805.0,4318925.1],[4898845.0,4318860.7],[4898883.8,4318819.3],[4898871.2,4318755.4],[4898881.1,4318712.1],[4898879.7,4318709.6],[4898826.6,4318740.9],[4898747.9,4318754.3],[4898614.4,4318781.3],[4898507.4,4318718.2],[4898426.6,4318611.2],[4898403.7,4318577.6],[4898360.1,4318583.9],[4898296.8,4318633.9],[4898276.7,4318633.9],[4898203.2,4318617.6],[4898146.2,4318597.7],[4898035.6,4318590.4],[4897959.2,4318544.0],[4897895.6,4318467.2],[4897775.4,4318473.7],[4897671.8,4318504.1],[4897611.8,4318504.2],[4897571.8,4318457.0],[4897581.6,4318416.8],[4897658.0,4318339.8],[4897715.1,4318246.3],[4897711.9,4318189.7],[4897638.2,4318099.2],[4897558.3,4318095.8],[4897457.7,4318082.6],[4897397.7,4318011.9],[4897374.4,4317905.2],[4897330.7,4317925.2],[4897254.2,4317991.8],[4897190.6,4318088.9],[4897087.2,4318155.7],[4896993.9,4318195.4]]]}},{"type":"Feature","properties":{"Vill_name":"Lankapara Hat","Sub_dist":null,"District":"Alipurduar","Vill_LGD":"307075"},"geometry":{"type":"Polygon","coordinates":[[[4901170.2,4333343.2],[4901113.1,4333416.2],[4901091.0,4333487.8],[4901031.7,4333618.1],[4900972.6,4333651.6],[4900987.9,4333671.5],[4901098.9,4333693.1],[4901174.1,4333723.2],[4901301.2,4333746.5],[4901332.8,4333733.3],[4901346.5,4333570.8],[4901342.5,4333489.6],[4901213.7,4333358.6],[4901170.2,4333343.2]]]}},{"type":"Feature","properties":{"Vill_name":"Turturi Khanda","Sub_dist":null,"District":"Alipurduar","Vill_LGD":"307157"},"geometry":{"type":"Polygon","coordinates":[[[4951470.9,4322597.1],[4951284.5,4322561.7],[4950989.8,4322604.6],[4950943.1,4322430.0],[4950957.8,4322327.1],[4950882.7,4322305.8],[4950705.3,4322369.6],[4950751.2,4322529.4],[4950747.8,4322611.8],[4950612.8,4322611.7],[4950509.5,4322615.1],[4950417.3,4322622.0],[4950415.8,4322622.4],[4950456.3,4322700.0],[4950505.6,4323539.7],[4950427.6,4323611.1],[4950413.2,4323881.0],[4950313.5,4323995.1],[4949844.7,4323980.6],[4948461.7,4324042.4],[4948452.5,4324244.8],[4948417.3,4324767.1],[4948404.5,4325055.8],[4948713.8,4325233.6],[4949531.3,4325361.4],[4949637.7,4325859.6],[4950825.2,4325902.0],[4950766.4,4325692.9],[4950734.5,4325456.1],[4950819.8,4325335.0],[4950791.2,4325079.2],[4950848.3,4324830.0],[4951032.9,4324574.1],[4951161.2,4324353.8],[4951171.6,4324218.7],[4951050.4,4324154.5],[4950872.4,4324026.2],[4950837.1,4323890.9],[4950858.7,4323663.6],[4951043.1,4323279.0],[4951342.0,4322973.1],[4951470.9,4322597.1]]]}},{"type":"Feature","properties":{"Vill_name":"Amarpur","Sub_dist":null,"District":"Alipurduar","Vill_LGD":"307179"},"geometry":{"type":"Polygon","coordinates":[[[4957342.0,4319020.6],[4957117.9,4319084.5],[4956968.5,4319202.1],[4956808.5,4319251.5],[4956794.5,4318999.4],[4956875.5,4318782.3],[4956747.6,4318757.0],[4956520.5,4318792.8],[4956492.5,4318770.9],[4956402.0,4318888.3],[4956334.6,4319076.6],[4956366.9,4319201.9],[4956338.2,4319411.7],[4956222.6,4319571.7],[4956094.9,4319767.0],[4956197.7,4319835.2],[4956150.3,4320056.4],[4956345.8,4320098.6],[4957025.3,4320131.0],[4957059.4,4320230.8],[4957425.5,4320245.3],[4957560.8,4320230.7],[4957688.5,4320259.4],[4957710.4,4320191.7],[4957870.3,4320227.3],[4958383.4,4320258.6],[4958731.8,4320276.2],[4958696.5,4320213.1],[4958735.2,4320142.3],[4958814.0,4320035.0],[4958895.9,4319964.3],[4958927.6,4319885.8],[4959023.9,4319853.5],[4959073.1,4319811.2],[4959107.2,4319672.4],[4959057.2,4319515.3],[4959107.2,4319383.6],[4959188.7,4319323.2],[4959331.3,4319216.0],[4959338.5,4319116.7],[4959306.5,4319056.3],[4959196.2,4319102.6],[4959139.4,4319059.6],[4959082.3,4319081.4],[4959057.3,4318967.3],[4958975.1,4318910.3],[4958859.2,4318931.8],[4958852.1,4319152.0],[4958784.3,4319173.8],[4958792.0,4319002.8],[4958695.7,4318992.3],[4958656.0,4319041.5],[4958435.5,4319041.8],[4958322.0,4318992.2],[4958268.9,4318963.6],[4958211.6,4319041.9],[4958037.1,4319066.5],[4957991.5,4319024.0],[4957941.4,4319034.9],[4957937.8,4318935.0],[4957941.3,4318778.6],[4957888.1,4318760.8],[4957820.2,4318796.3],[4957699.4,4318938.9],[4957539.1,4319006.4],[4957482.0,4318885.3],[4957406.0,4318913.6],[4957342.0,4319020.6]]]}},{"type":"Feature","properties":{"Vill_name":"Pukharigaon","Sub_dist":null,"District":"Alipurduar","Vill_LGD":"307185"},"geometry":{"type":"Polygon","coordinates":[[[4959524.7,4320845.8],[4959732.9,4320845.9],[4959978.4,4320877.7],[4959917.5,4320382.8],[4959903.6,4320283.4],[4959935.6,4320251.0],[4959985.3,4320237.2],[4960020.6,4320238.4],[4960021.6,4320227.6],[4960025.2,4320164.0],[4959964.7,4320135.0],[4959936.5,4320046.3],[4959857.6,4319960.5],[4959875.8,4319857.3],[4959943.5,4319786.4],[4959954.1,4319697.0],[4960050.2,4319586.7],[4960210.3,4319380.2],[4960060.9,4319352.5],[4960018.2,4319248.8],[4960096.3,4318939.2],[4960130.2,4318650.6],[4960251.0,4318597.9],[4960436.1,4318423.1],[4960482.3,4318124.3],[4960427.2,4318074.0],[4960512.3,4317907.2],[4960508.6,4317860.9],[4960548.4,4317736.1],[4960608.7,4317697.2],[4960572.7,4317618.9],[4960605.5,4317487.4],[4960647.8,4317423.1],[4960610.1,4317266.6],[4960642.5,4317092.4],[4960692.5,4316917.5],[4960667.2,4316768.0],[4960660.1,4316629.2],[4960558.8,4316550.7],[4960373.7,4316600.8],[4960192.2,4316597.0],[4960003.6,4316607.7],[4959961.3,4316590.0],[4959837.5,4316786.9],[4959745.0,4316882.6],[4959716.9,4317050.2],[4959744.8,4317153.7],[4959841.4,4317249.6],[4959905.2,4317271.3],[4959897.8,4317292.1],[4959938.9,4317388.3],[4960048.5,4317509.4],[4960091.9,4317619.5],[4960123.9,4317690.8],[4960077.4,4317779.9],[4960056.2,4317854.5],[4960059.7,4317965.2],[4960123.5,4318068.4],[4960157.8,4318132.4],[4960057.9,4318199.8],[4960026.0,4318271.5],[4960082.6,4318402.8],[4960093.8,4318466.7],[4960033.2,4318541.9],[4959926.4,4318527.5],[4959862.4,4318591.7],[4959844.1,4318698.4],[4959751.8,4318698.4],[4959634.6,4318684.5],[4959502.8,4318698.3],[4959424.8,4318644.5],[4959356.9,4318708.5],[4959335.6,4318826.3],[4959319.7,4318965.1],[4959306.5,4319056.3],[4959338.5,4319116.7],[4959331.3,4319216.0],[4959188.7,4319323.2],[4959107.2,4319383.6],[4959057.2,4319515.3],[4959107.2,4319672.4],[4959073.1,4319811.2],[4959023.9,4319853.5],[4958927.6,4319885.8],[4958895.9,4319964.3],[4958814.0,4320035.0],[4958735.2,4320142.3],[4958696.5,4320213.1],[4958731.8,4320276.2],[4959346.8,4320322.7],[4959297.0,4320831.5],[4959311.4,4320849.4],[4959524.7,4320845.8]]]}},{"type":"Feature","properties":{"Vill_name":"Jaydebpur","Sub_dist":null,"District":"Alipurduar","Vill_LGD":"307178"},"geometry":{"type":"Polygon","coordinates":[[[4956364.7,4317189.4],[4956368.5,4317201.4],[4956361.0,4317357.7],[4956430.9,4317478.9],[4956402.3,4317635.2],[4956324.1,4317688.9],[4956174.8,4317905.7],[4956165.8,4318137.0],[4956251.1,4318500.1],[4956503.5,4318663.8],[4956492.5,4318770.9],[4956520.5,4318792.8],[4956747.6,4318757.0],[4956875.5,4318782.3],[4956794.5,4318999.4],[4956808.5,4319251.5],[4956968.5,4319202.1],[4957117.9,4319084.5],[4957342.0,4319020.6],[4957406.0,4318913.6],[4957482.0,4318885.3],[4957539.1,4319006.4],[4957699.4,4318938.9],[4957820.2,4318796.3],[4957888.1,4318760.8],[4957941.3,4318778.6],[4957937.8,4318935.0],[4957941.4,4319034.9],[4957991.5,4319024.0],[4958037.1,4319066.5],[4958211.6,4319041.9],[4958268.9,4318963.6],[4958322.0,4318992.2],[4958435.5,4319041.8],[4958656.0,4319041.5],[4958695.7,4318992.3],[4958792.0,4319002.8],[4958784.3,4319173.8],[4958852.1,4319152.0],[4958859.2,4318931.8],[4958763.1,4318917.4],[4958681.4,4318828.1],[4958613.9,4318678.5],[4958583.4,4318493.9],[4958611.7,4318230.1],[4958672.4,4317874.0],[4958686.3,4317664.0],[4958645.4,4317616.4],[4958601.0,4317621.6],[4958590.2,4317662.4],[4958592.1,4317724.8],[4958526.5,4317721.2],[4958508.2,4317610.8],[4958529.8,4317568.2],[4958570.9,4317459.6],[4958596.2,4317381.3],[4958624.8,4317297.7],[4958599.9,4317221.4],[4958588.6,4317169.3],[4958608.8,4317126.5],[4958724.2,4317128.1],[4958767.0,4317116.4],[4958801.3,4317025.2],[4958819.0,4316920.0],[4958787.2,4316845.3],[4958753.2,4316818.7],[4958707.3,4316751.2],[4958737.3,4316708.4],[4958684.3,4316665.6],[4958536.5,4316615.8],[4958331.0,4316640.9],[4958195.3,4316664.4],[4958152.9,4316544.5],[4958138.2,4316482.9],[4958070.9,4316482.6],[4958070.9,4316555.8],[4958126.5,4316687.1],[4958061.9,4316703.2],[4957985.8,4316680.4],[4957884.4,4316697.7],[4957817.7,4316654.7],[4957671.9,4316672.8],[4957554.6,4316693.7],[4957433.9,4316701.2],[4957383.8,4316733.2],[4957410.1,4316818.4],[4957381.6,4316861.3],[4957378.1,4316964.7],[4957336.0,4317003.5],[4957232.8,4317035.9],[4957229.1,4317103.0],[4957172.5,4317188.7],[4957164.8,4317288.0],[4957150.6,4317380.6],[4957115.1,4317434.4],[4957095.6,4317441.3],[4957060.4,4317387.6],[4956910.6,4317377.0],[4956818.3,4317345.1],[4956700.8,4317245.7],[4956579.6,4317213.4],[4956473.0,4317202.5],[4956370.1,4317188.7],[4956364.7,4317189.4]]]}},{"type":"Feature","properties":{"Vill_name":"Dhantali","Sub_dist":null,"District":"Alipurduar","Vill_LGD":"307177"},"geometry":{"type":"Polygon","coordinates":[[[4957164.8,4317288.0],[4957172.5,4317188.7],[4957229.1,4317103.0],[4957232.8,4317035.9],[4957336.0,4317003.5],[4957378.1,4316964.7],[4957381.6,4316861.3],[4957410.1,4316818.4],[4957383.8,4316733.2],[4957433.9,4316701.2],[4957554.6,4316693.7],[4957671.9,4316672.8],[4957817.7,4316654.7],[4957799.9,4316512.4],[4957835.5,4316444.9],[4957889.0,4316405.7],[4957939.0,4316469.5],[4957967.3,4316462.5],[4958002.9,4316405.7],[4957956.3,4316363.2],[4957913.6,4316341.6],[4957853.2,4316352.0],[4957821.3,4316309.7],[4957799.6,4316188.8],[4957767.9,4316163.7],[4957750.5,4316117.7],[4957782.4,4316025.0],[4957835.8,4316078.1],[4957920.8,4316078.2],[4958022.4,4316007.0],[4957986.7,4315921.8],[4957940.0,4315808.1],[4957951.1,4315679.5],[4957965.3,4315566.2],[4957961.6,4315480.6],[4957912.0,4315470.4],[4957908.2,4315373.5],[4957997.3,4315349.2],[4957989.8,4315237.4],[4957978.0,4315238.8],[4957812.3,4315231.9],[4957734.4,4315270.9],[4957702.1,4315309.6],[4957719.5,4315345.3],[4957492.5,4315338.4],[4957421.4,4315398.8],[4957381.8,4315384.7],[4957410.8,4315353.7],[4957321.8,4315325.3],[4957289.9,4315271.8],[4957140.1,4315293.1],[4957072.9,4315374.8],[4956731.5,4315357.1],[4956759.7,4315474.8],[4956380.8,4315531.9],[4956018.0,4315592.2],[4955881.5,4315624.0],[4955799.4,4315645.6],[4955749.6,4315794.9],[4955635.5,4315745.3],[4955589.8,4315787.8],[4955614.4,4316044.3],[4955740.6,4316076.4],[4955805.0,4316435.5],[4955754.7,4316542.1],[4955792.1,4316745.2],[4955842.5,4316966.1],[4955906.0,4317055.1],[4956009.4,4317112.1],[4956151.6,4317044.2],[4956130.0,4316898.8],[4956293.9,4316891.4],[4956311.5,4317037.1],[4956364.7,4317189.4],[4956370.1,4317188.7],[4956473.0,4317202.5],[4956579.6,4317213.4],[4956700.8,4317245.7],[4956818.3,4317345.1],[4956910.6,4317377.0],[4957060.4,4317387.6],[4957095.6,4317441.3],[4957115.1,4317434.4],[4957150.6,4317380.6],[4957164.8,4317288.0]]]}},{"type":"Feature","properties":{"Vill_name":"Madhya Haldibari","Sub_dist":null,"District":"Alipurduar","Vill_LGD":"307187"},"geometry":{"type":"Polygon","coordinates":[[[4962832.1,4318860.9],[4962837.0,4318752.8],[4962974.5,4318525.3],[4963367.5,4318023.1],[4963454.3,4317971.6],[4963477.4,4317968.4],[4963068.8,4317689.2],[4963080.9,4317692.2],[4962977.2,4317487.5],[4962609.0,4316846.8],[4962163.7,4316155.8],[4961895.3,4315780.1],[4961808.5,4315869.3],[4961634.1,4315861.9],[4961417.5,4315883.0],[4961306.8,4315929.8],[4961257.4,4315986.4],[4961221.8,4315972.4],[4961118.2,4315858.0],[4960997.1,4315854.6],[4960901.5,4315922.3],[4960844.2,4315940.2],[4960769.7,4315886.5],[4960748.3,4315819.2],[4960597.5,4315790.9],[4960486.7,4315754.7],[4960472.7,4315708.8],[4960376.8,4315701.8],[4960373.3,4315641.2],[4960288.0,4315637.7],[4960227.2,4315594.5],[4960074.4,4315669.7],[4959821.7,4315747.5],[4959715.5,4315708.6],[4959753.4,4315831.7],[4959836.8,4315924.1],[4959847.5,4316031.1],[4959868.9,4316127.4],[4959918.2,4316134.2],[4959929.1,4316162.7],[4959914.7,4316248.4],[4959861.4,4316429.5],[4959886.1,4316508.3],[4959943.2,4316536.5],[4959961.3,4316590.0],[4960003.6,4316607.7],[4960192.2,4316597.0],[4960373.7,4316600.8],[4960558.8,4316550.7],[4960660.1,4316629.2],[4960667.2,4316768.0],[4960692.5,4316917.5],[4960642.5,4317092.4],[4960610.1,4317266.6],[4960647.8,4317423.1],[4960605.5,4317487.4],[4960572.7,4317618.9],[4960608.7,4317697.2],[4960548.4,4317736.1],[4960508.6,4317860.9],[4960512.3,4317907.2],[4960427.2,4318074.0],[4960482.3,4318124.3],[4960707.0,4318170.8],[4960771.0,4318227.9],[4960846.0,4318252.1],[4960859.6,4318305.8],[4960891.9,4318309.3],[4960948.9,4318245.2],[4961020.1,4318245.2],[4961023.7,4318284.6],[4961087.6,4318313.2],[4961091.3,4318380.7],[4961106.0,4318473.2],[4961080.9,4318526.5],[4961023.9,4318537.0],[4961012.8,4318637.2],[4961062.6,4318683.3],[4961123.4,4318726.4],[4961112.7,4318786.8],[4961109.5,4318854.4],[4961145.0,4318861.0],[4961187.4,4318897.4],[4961187.1,4318946.5],[4961267.2,4318953.8],[4961271.0,4318886.2],[4961363.2,4318857.7],[4961377.7,4318779.3],[4961445.3,4318761.9],[4961587.9,4318747.1],[4961705.1,4318750.7],[4961791.0,4318875.6],[4961840.1,4319010.5],[4961936.3,4318989.1],[4961966.4,4318945.8],[4962832.1,4318860.9]]]}},{"type":"Feature","properties":{"Vill_name":"Paglarhat","Sub_dist":null,"District":"Alipurduar","Vill_LGD":"307189"},"geometry":{"type":"Polygon","coordinates":[[[4959293.7,4315615.8],[4959276.3,4315537.9],[4959318.8,4315459.4],[4959521.2,4315438.1],[4959553.5,4315306.6],[4959674.2,4315246.0],[4959741.9,4315267.9],[4959752.3,4315246.3],[4959723.8,4315175.2],[4959723.8,4315093.2],[4959876.6,4314936.5],[4959951.5,4314858.1],[4959542.5,4314858.2],[4959513.9,4314705.1],[4959560.1,4314694.5],[4959563.9,4314655.9],[4959547.8,4314634.0],[4959359.4,4314630.5],[4959134.6,4314627.1],[4959074.7,4314648.3],[4958989.2,4314804.8],[4958839.7,4314776.6],[4958839.6,4314748.1],[4958904.0,4314602.4],[4958929.0,4314531.4],[4958917.8,4314488.1],[4958822.0,4314509.6],[4958786.2,4314570.2],[4958615.8,4314498.8],[4958676.4,4314392.1],[4958683.2,4314331.6],[4958662.0,4314303.1],[4958626.4,4314257.2],[4958583.9,4314189.3],[4958450.5,4314239.0],[4958378.9,4314256.7],[4958282.6,4314175.0],[4958137.3,4314143.0],[4957910.2,4314168.0],[4957747.0,4314307.0],[4957600.8,4314591.8],[4957526.1,4314830.3],[4957577.8,4314837.2],[4957584.9,4314976.0],[4957510.4,4315004.8],[4957453.2,4315164.7],[4957428.2,4315225.3],[4957410.8,4315353.7],[4957381.8,4315384.7],[4957421.4,4315398.8],[4957492.5,4315338.4],[4957719.5,4315345.3],[4957702.1,4315309.6],[4957734.4,4315270.9],[4957812.3,4315231.9],[4957978.0,4315238.8],[4958141.4,4315220.6],[4958255.1,4315267.2],[4958301.8,4315327.9],[4958354.8,4315370.2],[4958418.8,4315366.9],[4958461.9,4315388.1],[4958465.3,4315452.1],[4958518.4,4315490.9],[4958493.8,4315534.0],[4958536.3,4315662.2],[4958635.7,4315605.0],[4958714.3,4315594.6],[4958877.7,4315587.1],[4958970.2,4315594.5],[4958934.8,4315665.5],[4958991.8,4315697.7],[4959020.2,4315647.5],[4959101.7,4315626.8],[4959293.7,4315615.8]]]}},{"type":"Feature","properties":{"Vill_name":"Lalchandpur","Sub_dist":null,"District":"Alipurduar","Vill_LGD":"307176"},"geometry":{"type":"Polygon","coordinates":[[[4956172.6,4314431.3],[4955781.7,4314556.0],[4955744.1,4314716.3],[4955765.4,4314887.2],[4955904.2,4315292.6],[4955801.3,4315317.6],[4955881.5,4315624.0],[4956018.0,4315592.2],[4956380.8,4315531.9],[4956759.7,4315474.8],[4956731.5,4315357.1],[4957072.9,4315374.8],[4957140.1,4315293.1],[4957289.9,4315271.8],[4957321.8,4315325.3],[4957410.8,4315353.7],[4957428.2,4315225.3],[4957453.2,4315164.7],[4957510.4,4315004.8],[4957584.9,4314976.0],[4957577.8,4314837.2],[4957526.1,4314830.3],[4957600.8,4314591.8],[4957747.0,4314307.0],[4957910.2,4314168.0],[4957689.8,4314011.7],[4957398.5,4314036.5],[4956884.4,4314200.1],[4956614.0,4314267.7],[4956172.6,4314431.3]]]}},{"type":"Feature","properties":{"Vill_name":"Paschim Chengmari","Sub_dist":null,"District":"Alipurduar","Vill_LGD":"307175"},"geometry":{"type":"Polygon","coordinates":[[[4957931.5,4312548.6],[4957824.8,4312345.6],[4957742.6,4312196.8],[4957628.9,4312037.2],[4957561.6,4311781.1],[4957487.0,4311624.8],[4957564.8,4311496.4],[4957660.6,4311382.7],[4957603.7,4311187.0],[4957612.6,4311020.0],[4957474.5,4310838.5],[4957385.2,4310774.4],[4957243.3,4310774.5],[4957033.5,4310767.4],[4956891.4,4310728.7],[4956674.5,4310717.4],[4956621.0,4310622.5],[4956623.0,4310621.6],[4956512.2,4310557.4],[4956441.3,4310550.6],[4956137.1,4310607.8],[4956012.9,4310771.2],[4955977.4,4310927.7],[4956066.5,4311016.9],[4956272.4,4311116.1],[4956277.3,4311240.5],[4956270.1,4311585.4],[4956327.4,4311681.4],[4956451.1,4311703.0],[4956511.9,4311777.6],[4956639.7,4311806.3],[4956806.7,4311948.8],[4956671.7,4312214.9],[4956526.4,4312368.1],[4956454.8,4312304.3],[4956416.0,4312211.6],[4956307.3,4312144.0],[4956232.8,4312212.2],[4956151.3,4312233.3],[4956165.5,4312439.7],[4956271.7,4312457.1],[4956261.1,4312638.8],[4956069.5,4312702.8],[4956019.9,4312763.3],[4955990.5,4313040.3],[4955898.6,4313608.5],[4955846.8,4313941.4],[4955768.1,4314326.5],[4955781.7,4314556.0],[4956172.6,4314431.3],[4956614.0,4314267.7],[4956884.4,4314200.1],[4957398.5,4314036.5],[4957352.9,4313911.6],[4957292.3,4313801.7],[4957274.2,4313655.5],[4957334.7,4313520.8],[4957448.6,4313428.1],[4957587.2,4313363.5],[4957800.8,4313342.7],[4957868.1,4313271.3],[4957937.9,4313136.2],[4957991.3,4312933.0],[4957987.6,4312773.2],[4958030.2,4312744.8],[4958041.6,4312712.4],[4957917.0,4312605.8],[4957931.5,4312548.6]]]}},{"type":"Feature","properties":{"Vill_name":"Chengmari","Sub_dist":null,"District":"Alipurduar","Vill_LGD":"307190"},"geometry":{"type":"Polygon","coordinates":[[[4959986.0,4314772.8],[4959982.1,4314648.4],[4959974.6,4314538.0],[4960042.5,4314484.8],[4960131.3,4314434.5],[4960169.0,4314303.2],[4960147.3,4314079.3],[4960122.9,4313766.3],[4960133.2,4313613.1],[4960136.4,4313607.3],[4960138.8,4313608.5],[4960081.6,4313448.6],[4960039.2,4313452.0],[4960010.6,4313320.5],[4959733.5,4313324.0],[4959726.5,4313459.2],[4959658.6,4313452.0],[4959644.2,4313342.3],[4959615.8,4313331.1],[4959531.0,4313441.5],[4959427.4,4313398.7],[4959363.1,4313470.3],[4959192.7,4313409.6],[4959164.3,4313356.2],[4959153.7,4313260.0],[4959031.1,4313235.0],[4958835.2,4313256.5],[4958810.2,4313409.5],[4958754.0,4313423.6],[4958678.6,4313192.6],[4958632.9,4313110.9],[4958675.4,4313043.2],[4958860.2,4312875.7],[4958856.9,4312800.9],[4958773.2,4312733.6],[4958631.2,4312693.9],[4958513.7,4312687.3],[4958454.0,4312609.3],[4958375.4,4312548.6],[4958282.7,4312516.7],[4958268.9,4312466.5],[4958230.1,4312466.6],[4958140.8,4312598.3],[4957931.5,4312548.6],[4957917.0,4312605.8],[4958041.6,4312712.4],[4958030.2,4312744.8],[4957987.6,4312773.2],[4957991.3,4312933.0],[4957937.9,4313136.2],[4957868.1,4313271.3],[4957800.8,4313342.7],[4957587.2,4313363.5],[4957448.6,4313428.1],[4957334.7,4313520.8],[4957274.2,4313655.5],[4957292.3,4313801.7],[4957352.9,4313911.6],[4957398.5,4314036.5],[4957689.8,4314011.7],[4957910.2,4314168.0],[4958137.3,4314143.0],[4958282.6,4314175.0],[4958378.9,4314256.7],[4958450.5,4314239.0],[4958583.9,4314189.3],[4958626.4,4314257.2],[4958662.0,4314303.1],[4958683.2,4314331.6],[4958676.4,4314392.1],[4958615.8,4314498.8],[4958786.2,4314570.2],[4958822.0,4314509.6],[4958917.8,4314488.1],[4958929.0,4314531.4],[4958904.0,4314602.4],[4958839.6,4314748.1],[4958839.7,4314776.6],[4958989.2,4314804.8],[4959074.7,4314648.3],[4959134.6,4314627.1],[4959359.4,4314630.5],[4959547.8,4314634.0],[4959563.9,4314655.9],[4959560.1,4314694.5],[4959513.9,4314705.1],[4959542.5,4314858.2],[4959951.5,4314858.1],[4959986.0,4314772.8]]]}},{"type":"Feature","properties":{"Vill_name":"Dakshin Haldibari","Sub_dist":null,"District":"Alipurduar","Vill_LGD":"307188"},"geometry":{"type":"Polygon","coordinates":[[[4961895.3,4315780.1],[4961735.4,4315488.7],[4961529.2,4315054.1],[4961282.2,4314705.5],[4961011.9,4314225.1],[4960554.8,4313442.2],[4960421.8,4313316.5],[4960418.3,4313430.8],[4960229.9,4313437.5],[4960211.8,4313601.6],[4960138.8,4313608.5],[4960136.4,4313607.3],[4960133.2,4313613.1],[4960122.9,4313766.3],[4960147.3,4314079.3],[4960169.0,4314303.2],[4960131.3,4314434.5],[4960042.5,4314484.8],[4959974.6,4314538.0],[4959982.1,4314648.4],[4959986.0,4314772.8],[4959951.5,4314858.1],[4959876.6,4314936.5],[4959723.8,4315093.2],[4959723.8,4315175.2],[4959752.3,4315246.3],[4959741.9,4315267.9],[4959674.2,4315246.0],[4959553.5,4315306.6],[4959521.2,4315438.1],[4959551.5,4315534.3],[4959594.3,4315605.1],[4959693.9,4315616.2],[4959732.6,4315669.6],[4959715.5,4315708.6],[4959821.7,4315747.5],[4960074.4,4315669.7],[4960227.2,4315594.5],[4960288.0,4315637.7],[4960373.3,4315641.2],[4960376.8,4315701.8],[4960472.7,4315708.8],[4960486.7,4315754.7],[4960597.5,4315790.9],[4960748.3,4315819.2],[4960769.7,4315886.5],[4960844.2,4315940.2],[4960901.5,4315922.3],[4960997.1,4315854.6],[4961118.2,4315858.0],[4961221.8,4315972.4],[4961257.4,4315986.4],[4961306.8,4315929.8],[4961417.5,4315883.0],[4961634.1,4315861.9],[4961808.5,4315869.3],[4961895.3,4315780.1]]]}},{"type":"Feature","properties":{"Vill_name":"Dakshin Chengmari","Sub_dist":null,"District":"Alipurduar","Vill_LGD":"307191"},"geometry":{"type":"Polygon","coordinates":[[[4960421.8,4313316.5],[4960503.2,4313256.1],[4960592.4,4313291.8],[4960699.4,4313199.2],[4960745.2,4313217.0],[4960834.3,4313213.4],[4960891.5,4313135.1],[4960926.8,4313053.8],[4960959.0,4312925.2],[4961008.9,4312815.2],[4961072.8,4312783.4],[4961157.7,4312815.4],[4961163.4,4312758.2],[4961205.8,4312640.4],[4961280.7,4312605.2],[4961383.8,4312573.3],[4961405.2,4312537.5],[4961497.9,4312466.3],[4961504.8,4312405.8],[4961636.3,4312313.3],[4961743.5,4312341.5],[4961811.0,4312131.6],[4961894.5,4311996.7],[4961830.5,4311957.8],[4960786.2,4311359.5],[4960266.9,4311035.7],[4959404.7,4310478.4],[4959273.5,4310656.8],[4959245.0,4310667.2],[4959127.2,4310603.2],[4959071.0,4310639.3],[4959031.2,4310752.8],[4958960.6,4310823.5],[4958960.3,4310870.2],[4959152.5,4310877.4],[4959198.5,4310930.7],[4959230.2,4311151.2],[4959224.8,4311285.9],[4959075.9,4311225.8],[4958908.7,4311272.3],[4958915.9,4311400.3],[4958798.2,4311364.8],[4958745.5,4311400.1],[4958749.1,4311499.4],[4958788.0,4311528.3],[4958759.5,4311663.0],[4958759.3,4311819.6],[4958807.4,4311933.8],[4958896.1,4311937.1],[4958999.4,4311933.7],[4958949.5,4312054.0],[4958814.2,4312068.7],[4958771.8,4312114.8],[4958800.2,4312228.6],[4958942.2,4312288.9],[4958949.5,4312321.2],[4958832.2,4312381.9],[4958810.7,4312555.7],[4958773.2,4312733.6],[4958856.9,4312800.9],[4958860.2,4312875.7],[4958675.4,4313043.2],[4958632.9,4313110.9],[4958678.6,4313192.6],[4958754.0,4313423.6],[4958810.2,4313409.5],[4958835.2,4313256.5],[4959031.1,4313235.0],[4959153.7,4313260.0],[4959164.3,4313356.2],[4959192.7,4313409.6],[4959363.1,4313470.3],[4959427.4,4313398.7],[4959531.0,4313441.5],[4959615.8,4313331.1],[4959644.2,4313342.3],[4959658.6,4313452.0],[4959726.5,4313459.2],[4959733.5,4313324.0],[4960010.6,4313320.5],[4960039.2,4313452.0],[4960081.6,4313448.6],[4960138.8,4313608.5],[4960211.8,4313601.6],[4960229.9,4313437.5],[4960418.3,4313430.8],[4960421.8,4313316.5]]]}},{"type":"Feature","properties":{"Vill_name":"Hemaguri","Sub_dist":null,"District":"Alipurduar","Vill_LGD":"307192"},"geometry":{"type":"Polygon","coordinates":[[[4956764.8,4310141.3],[4956629.7,4310173.1],[4956643.7,4310426.2],[4956623.0,4310621.6],[4956621.0,4310622.5],[4956674.5,4310717.4],[4956891.4,4310728.7],[4957033.5,4310767.4],[4957243.3,4310774.5],[4957385.2,4310774.4],[4957474.5,4310838.5],[4957612.6,4311020.0],[4957603.7,4311187.0],[4957660.6,4311382.7],[4957564.8,4311496.4],[4957487.0,4311624.8],[4957561.6,4311781.1],[4957628.9,4312037.2],[4957742.6,4312196.8],[4957824.8,4312345.6],[4957931.5,4312548.6],[4958140.8,4312598.3],[4958230.1,4312466.6],[4958268.9,4312466.5],[4958282.7,4312516.7],[4958375.4,4312548.6],[4958454.0,4312609.3],[4958513.7,4312687.3],[4958631.2,4312693.9],[4958773.2,4312733.6],[4958810.7,4312555.7],[4958832.2,4312381.9],[4958949.5,4312321.2],[4958942.2,4312288.9],[4958800.2,4312228.6],[4958771.8,4312114.8],[4958814.2,4312068.7],[4958949.5,4312054.0],[4958999.4,4311933.7],[4958896.1,4311937.1],[4958807.4,4311933.8],[4958759.3,4311819.6],[4958759.5,4311663.0],[4958788.0,4311528.3],[4958749.1,4311499.4],[4958745.5,4311400.1],[4958798.2,4311364.8],[4958915.9,4311400.3],[4958908.7,4311272.3],[4959075.9,4311225.8],[4959224.8,4311285.9],[4959230.2,4311151.2],[4959198.5,4310930.7],[4959152.5,4310877.4],[4958960.3,4310870.2],[4958960.6,4310823.5],[4959031.2,4310752.8],[4959071.0,4310639.3],[4959127.2,4310603.2],[4959245.0,4310667.2],[4959273.5,4310656.8],[4959404.7,4310478.4],[4959299.9,4310400.8],[4959119.1,4310208.5],[4959012.3,4310098.8],[4958784.7,4310013.3],[4958589.5,4310048.7],[4958152.0,4310038.1],[4957773.8,4310020.0],[4957268.8,4309993.0],[4957247.6,4310076.9],[4957006.2,4310134.1],[4956764.8,4310141.3]]]}},{"type":"Feature","properties":{"Vill_name":"Ghaksapara","Sub_dist":null,"District":"Alipurduar","Vill_LGD":"307194"},"geometry":{"type":"Polygon","coordinates":[[[4958524.1,4307715.6],[4958609.0,4307829.2],[4958506.0,4308433.6],[4958541.7,4308838.9],[4958264.6,4308832.1],[4958157.9,4309195.3],[4957972.9,4309244.4],[4957958.8,4309343.9],[4958079.7,4309515.1],[4958328.3,4309472.5],[4958278.9,4309785.9],[4958115.5,4309764.3],[4957930.5,4309863.5],[4957830.9,4309842.1],[4957773.8,4310020.0],[4958152.0,4310038.1],[4958589.5,4310048.7],[4958784.7,4310013.3],[4959012.3,4310098.8],[4959119.1,4310208.5],[4959218.0,4310110.6],[4959318.0,4310042.7],[4959328.5,4309925.8],[4959257.5,4309736.8],[4959253.2,4309651.2],[4959338.9,4309377.3],[4959532.8,4309092.0],[4959689.2,4308982.1],[4959774.6,4308932.2],[4959728.3,4308843.0],[4959660.8,4308786.3],[4959678.2,4308658.0],[4959761.9,4308601.1],[4959811.8,4308647.7],[4959861.2,4308619.1],[4959897.2,4308658.1],[4959978.9,4308551.0],[4960050.1,4308458.7],[4959971.9,4308316.5],[4959925.5,4308209.7],[4959914.7,4308095.8],[4959861.6,4308035.3],[4959784.9,4307996.3],[4959742.2,4307892.6],[4959596.4,4307800.2],[4959525.6,4307689.8],[4959539.6,4307519.1],[4959418.2,4307419.0],[4959359.9,4307333.7],[4959374.1,4307251.4],[4959341.8,4307177.2],[4959292.0,4307141.4],[4959384.2,4306999.0],[4959438.0,4306963.8],[4959459.6,4306789.0],[4959393.2,4306532.5],[4959272.9,4306451.1],[4959119.8,4306429.6],[4959052.0,4306440.1],[4958895.3,4306564.7],[4958792.3,4306643.2],[4958660.7,4306664.5],[4958641.0,4306727.3],[4958587.4,4307068.0],[4958524.1,4307715.6]]]}},{"type":"Feature","properties":{"Vill_name":"Chhoto Daldali","Sub_dist":null,"District":"Alipurduar","Vill_LGD":"307171"},"geometry":{"type":"Polygon","coordinates":[[[4957080.9,4308374.9],[4957102.3,4308215.3],[4957074.0,4308108.4],[4957184.0,4307913.3],[4957123.5,4307905.5],[4957002.7,4308048.0],[4956935.3,4308062.0],[4956942.6,4308196.9],[4956853.5,4308211.8],[4956722.1,4308104.9],[4956679.2,4308097.4],[4956531.7,4308133.1],[4956482.2,4307884.2],[4956450.4,4307728.0],[4956521.4,4307628.3],[4956677.6,4307536.1],[4956653.1,4307411.7],[4956715.0,4307276.2],[4956824.9,4307166.0],[4956924.2,4307123.1],[4956998.7,4307062.8],[4957116.4,4306974.2],[4957137.4,4306831.8],[4957030.7,4306753.5],[4957055.8,4306629.0],[4957139.6,4306611.0],[4957171.2,4306433.2],[4957171.3,4306255.5],[4957189.3,4306106.1],[4957071.7,4306060.2],[4957058.1,4305974.6],[4957112.8,4305856.9],[4957080.8,4305828.4],[4957038.3,4305864.2],[4956896.5,4305831.9],[4956675.7,4305899.9],[4956537.6,4305892.8],[4956045.2,4305931.6],[4956088.0,4305661.6],[4955686.2,4305654.2],[4955670.6,4305241.5],[4955478.1,4305220.0],[4955421.8,4305248.8],[4955396.1,4305313.8],[4955284.9,4305307.5],[4955076.1,4305372.7],[4954971.4,4305477.2],[4954840.8,4305712.5],[4954769.6,4305888.3],[4954736.5,4306117.1],[4954775.7,4306365.4],[4954834.6,4306541.6],[4954906.2,4306737.5],[4954887.0,4306913.8],[4954873.9,4307188.7],[4954893.4,4307417.0],[4954964.8,4307515.2],[4955010.9,4307528.2],[4955141.2,4307626.2],[4955193.2,4307678.3],[4955259.0,4307782.6],[4955441.9,4307972.0],[4955532.7,4308128.6],[4955592.0,4308233.1],[4955605.1,4308441.9],[4955741.9,4308507.3],[4955931.1,4308535.0],[4956307.9,4308624.2],[4956567.4,4308670.5],[4956595.9,4308866.3],[4956719.7,4308844.7],[4956936.8,4308823.2],[4957031.0,4308762.4],[4957055.8,4308673.7],[4957112.8,4308592.0],[4957112.8,4308499.7],[4957080.9,4308374.9]]]}},{"type":"Feature","properties":{"Vill_name":"Nararthali","Sub_dist":null,"District":"Alipurduar","Vill_LGD":"307172"},"geometry":{"type":"Polygon","coordinates":[[[4953047.4,4306876.0],[4953026.3,4307029.2],[4953088.4,4307220.7],[4953287.5,4307565.1],[4953559.2,4307984.7],[4953605.9,4308240.3],[4953634.2,4308809.3],[4953669.7,4308969.6],[4953737.5,4308958.6],[4953723.0,4308749.2],[4953795.7,4308706.1],[4953905.8,4308663.7],[4953984.0,4308795.1],[4954015.8,4308816.8],[4954143.6,4308784.6],[4954264.7,4308787.9],[4954261.1,4308802.0],[4954182.8,4308919.5],[4954190.1,4309033.3],[4954250.5,4309075.9],[4954300.4,4308976.7],[4954499.2,4309029.4],[4954856.1,4309072.0],[4954966.9,4308983.0],[4955105.1,4309040.2],[4955225.8,4309103.9],[4955225.8,4308990.4],[4955265.5,4308983.0],[4955332.9,4308908.6],[4955397.0,4308923.0],[4955567.2,4309008.2],[4955833.7,4309001.3],[4955931.1,4308535.0],[4955741.9,4308507.3],[4955605.1,4308441.9],[4955592.0,4308233.1],[4955532.7,4308128.6],[4955441.9,4307972.0],[4955259.0,4307782.6],[4955193.2,4307678.3],[4955141.2,4307626.2],[4955010.9,4307528.2],[4954964.8,4307515.2],[4954893.4,4307417.0],[4954873.9,4307188.7],[4954887.0,4306913.8],[4954906.2,4306737.5],[4954834.6,4306541.6],[4954775.7,4306365.4],[4954736.5,4306117.1],[4954769.6,4305888.3],[4954840.8,4305712.5],[4954971.4,4305477.2],[4955076.1,4305372.7],[4955284.9,4305307.5],[4955396.1,4305313.8],[4955421.8,4305248.8],[4955478.1,4305220.0],[4955424.8,4305010.3],[4955250.9,4305084.9],[4955009.2,4305077.3],[4954955.8,4304878.4],[4954714.5,4304953.7],[4954490.6,4304964.2],[4954427.0,4305074.0],[4954290.5,4305073.4],[4954304.9,4305254.8],[4954299.3,4305720.5],[4954288.7,4305994.0],[4954128.7,4306054.6],[4954206.8,4306413.4],[4953985.1,4306459.8],[4953629.1,4306540.9],[4953597.6,4306420.1],[4953295.3,4306416.5],[4953299.3,4306559.1],[4953124.9,4306580.2],[4953078.9,4306658.5],[4952965.3,4306651.6],[4952947.3,4306690.5],[4952851.4,4306693.8],[4952780.2,4306743.4],[4952827.4,4306826.2],[4953047.4,4306876.0]]]}},{"type":"Feature","properties":{"Vill_name":"Madhya Nararthali","Sub_dist":null,"District":"Alipurduar","Vill_LGD":"307162"},"geometry":{"type":"Polygon","coordinates":[[[4950263.0,4303984.7],[4950262.7,4304073.1],[4950282.2,4304217.9],[4950282.2,4304219.3],[4950316.1,4304248.5],[4950443.6,4304263.4],[4950710.8,4304497.2],[4950969.5,4304716.2],[4951172.2,4304748.5],[4952152.7,4304812.6],[4952646.7,4304812.7],[4952772.7,4305082.9],[4952641.2,4305182.6],[4952591.9,4305505.8],[4952504.8,4305520.3],[4952540.1,4305726.3],[4952607.8,4305830.2],[4952593.8,4305908.1],[4952650.3,4305979.1],[4952594.0,4306018.1],[4952593.6,4306199.3],[4952631.2,4306327.3],[4952609.9,4306515.8],[4952553.1,4306636.8],[4952780.2,4306743.4],[4952851.4,4306693.8],[4952947.3,4306690.5],[4952965.3,4306651.6],[4953078.9,4306658.5],[4953124.9,4306580.2],[4953299.3,4306559.1],[4953295.3,4306416.5],[4953597.6,4306420.1],[4953629.1,4306540.9],[4953985.1,4306459.8],[4954206.8,4306413.4],[4954128.7,4306054.6],[4954288.7,4305994.0],[4954299.3,4305720.5],[4954304.9,4305254.8],[4954290.5,4305073.4],[4954263.7,4304853.6],[4954292.4,4304601.1],[4954320.5,4304362.4],[4954325.8,4304241.8],[4954167.1,4304232.8],[4953865.3,4304260.6],[4953843.8,4304196.7],[4953670.1,4304225.2],[4953435.5,4304253.8],[4953432.0,4304335.6],[4953329.1,4304342.5],[4953236.2,4304189.7],[4953126.2,4304189.4],[4953096.5,4304143.8],[4952733.8,4304161.3],[4952683.8,4304107.8],[4952413.9,4304104.7],[4952360.7,4304015.3],[4952065.8,4304104.3],[4952024.9,4304055.2],[4951574.0,4304119.1],[4951513.2,4304076.4],[4951275.5,4304129.4],[4951239.8,4304093.8],[4951176.0,4303837.8],[4950635.9,4304040.8],[4950595.0,4303962.8],[4950449.1,4303973.5],[4950263.0,4303984.7]]]}},{"type":"Feature","properties":{"Vill_name":"Radhanagar","Sub_dist":null,"District":"Alipurduar","Vill_LGD":"307195"},"geometry":{"type":"Polygon","coordinates":[[[4958450.2,4305478.4],[4958393.3,4305550.3],[4958311.2,4305614.2],[4958290.0,4305656.4],[4958300.7,4305802.7],[4958368.2,4305931.1],[4958439.2,4306059.2],[4958526.2,4306098.3],[4958573.1,4306155.0],[4958683.5,4306176.5],[4958736.5,4306158.4],[4958797.0,4306215.8],[4958811.4,4306265.6],[4958815.0,4306322.7],[4958793.3,4306397.8],[4958747.3,4306465.3],[4958722.4,4306515.2],[4958725.8,4306575.7],[4958792.3,4306643.2],[4958895.3,4306564.7],[4959052.0,4306440.1],[4959119.8,4306429.6],[4959272.9,4306451.1],[4959393.2,4306532.5],[4959459.6,4306789.0],[4959438.0,4306963.8],[4959384.2,4306999.0],[4959292.0,4307141.4],[4959341.8,4307177.2],[4959374.1,4307251.4],[4959359.9,4307333.7],[4959418.2,4307419.0],[4959539.6,4307519.1],[4959670.8,4307610.8],[4959741.8,4307543.0],[4959877.5,4307127.2],[4959919.8,4306878.3],[4959966.6,4306618.8],[4960096.6,4306374.1],[4960281.4,4305794.2],[4960389.7,4305449.3],[4960331.9,4305435.2],[4960306.7,4305346.1],[4960242.8,4305307.2],[4959911.7,4305310.5],[4959890.6,4305228.5],[4959616.5,4305200.2],[4959602.1,4305357.1],[4959509.3,4305367.4],[4959488.5,4305382.2],[4959452.2,4305442.8],[4959370.7,4305421.2],[4959391.8,4305196.4],[4959168.0,4305132.6],[4959155.3,4305079.0],[4958878.1,4305114.4],[4958785.2,4305239.6],[4958710.5,4305189.3],[4958661.1,4305114.8],[4958540.0,4305100.7],[4958373.8,4305157.1],[4958375.5,4305161.6],[4958443.6,4305236.5],[4958471.7,4305357.7],[4958517.8,4305432.5],[4958517.9,4305460.5],[4958450.2,4305478.4]]]}},{"type":"Feature","properties":{"Vill_name":"Laskarpara (CT)","Sub_dist":null,"District":"Alipurduar","Vill_LGD":"307204"},"geometry":{"type":"Polygon","coordinates":[[[4958543.1,4302732.7],[4958607.0,4303359.8],[4958619.5,4303509.2],[4958733.5,4303680.1],[4959078.5,4303715.7],[4959124.7,4303786.7],[4959523.2,4303719.3],[4959564.6,4303797.4],[4960198.1,4303847.3],[4960194.2,4303733.2],[4960333.0,4303715.7],[4960372.7,4303883.1],[4960642.8,4303911.7],[4960640.9,4304085.9],[4960815.4,4304082.5],[4960833.6,4303516.2],[4960670.3,4303346.4],[4960613.7,4303133.1],[4960524.7,4302818.5],[4960614.1,4302694.6],[4960703.9,4302571.2],[4960726.5,4302458.4],[4960670.4,4302357.5],[4960502.0,4302132.5],[4960417.1,4301966.9],[4960371.4,4302008.9],[4960152.3,4302020.0],[4960147.0,4302070.3],[4960040.2,4302137.9],[4959950.0,4302278.4],[4959747.8,4302317.9],[4959567.9,4302290.1],[4959534.6,4302267.4],[4959528.7,4302205.8],[4959494.8,4301969.5],[4959197.7,4301941.5],[4958815.2,4301981.2],[4958443.6,4302020.4],[4958543.1,4302732.7]]]}},{"type":"Feature","properties":{"Vill_name":"Bhalka","Sub_dist":null,"District":"Alipurduar","Vill_LGD":"307200"},"geometry":{"type":"Polygon","coordinates":[[[4962180.6,4303954.2],[4962333.4,4303911.4],[4962400.9,4304018.3],[4962553.9,4303847.8],[4962580.7,4303894.3],[4963025.7,4303726.5],[4963089.6,4303662.8],[4963046.7,4303306.7],[4962978.8,4302940.1],[4962898.8,4302620.1],[4962867.1,4302513.0],[4962916.9,4302467.3],[4963148.0,4302356.6],[4963204.8,4302637.7],[4963357.9,4302630.8],[4963614.0,4302541.8],[4963784.4,4302541.6],[4963852.1,4302655.8],[4964005.0,4302630.7],[4964008.8,4302580.8],[4964205.3,4302476.3],[4964589.0,4302477.8],[4964641.2,4302182.8],[4964651.5,4302063.5],[4964763.5,4301981.8],[4965027.4,4302034.8],[4965224.7,4301901.0],[4965372.2,4301720.0],[4965430.3,4301614.4],[4965494.9,4301416.3],[4965467.2,4301355.8],[4965409.4,4301204.1],[4965339.1,4300978.8],[4965333.3,4300950.3],[4964976.0,4300990.1],[4964951.2,4301026.2],[4964866.1,4301090.9],[4964759.2,4301375.0],[4964624.2,4301653.3],[4964291.8,4301601.1],[4964164.2,4301722.6],[4964208.4,4301538.0],[4964151.4,4301535.9],[4964025.9,4301528.6],[4963983.6,4301557.6],[4963866.9,4301664.0],[4963766.4,4301742.5],[4963704.7,4301787.9],[4963614.6,4301838.1],[4963538.3,4301859.8],[4963468.0,4301873.6],[4963381.5,4301886.2],[4963324.1,4301890.1],[4963314.2,4301898.7],[4963275.4,4301995.8],[4963237.5,4302044.3],[4963197.7,4302078.9],[4963162.9,4302099.1],[4963124.9,4302107.3],[4963077.7,4302100.0],[4962994.9,4302039.1],[4962925.1,4301967.8],[4962605.6,4301965.0],[4962315.0,4301970.2],[4962091.7,4301975.7],[4961577.9,4301986.3],[4961480.5,4301986.4],[4961158.1,4301988.8],[4960830.7,4301986.0],[4960776.4,4301882.8],[4960765.2,4301858.0],[4960759.4,4301862.4],[4960490.6,4301692.0],[4960396.5,4301740.0],[4960417.1,4301966.9],[4960502.0,4302132.5],[4960670.4,4302357.5],[4960726.5,4302458.4],[4960703.9,4302571.2],[4960614.1,4302694.6],[4960524.7,4302818.5],[4960613.7,4303133.1],[4960670.3,4303346.4],[4960833.6,4303516.2],[4961006.0,4303473.9],[4961073.6,4303331.8],[4961109.2,4303164.1],[4961152.2,4303096.4],[4961294.4,4303057.6],[4961479.6,4303139.1],[4961621.3,4303203.8],[4961689.3,4303167.8],[4961753.7,4303075.1],[4961788.8,4303018.3],[4961846.1,4303011.2],[4961888.4,4303071.7],[4961853.1,4303192.8],[4961796.2,4303274.5],[4961707.2,4303370.4],[4961621.3,4303431.1],[4961568.4,4303541.5],[4961557.3,4303702.0],[4961511.7,4303773.0],[4961575.5,4303887.0],[4961618.7,4303968.6],[4961991.8,4303907.9],[4962059.6,4304060.9],[4962169.3,4304046.5],[4962180.6,4303954.2]]]}},{"type":"Feature","properties":{"Vill_name":"Purba Salbari","Sub_dist":null,"District":"Alipurduar","Vill_LGD":"307197"},"geometry":{"type":"Polygon","coordinates":[[[4963824.7,4305332.4],[4963660.5,4305044.4],[4963630.9,4304905.6],[4963603.0,4304833.2],[4963519.4,4304734.9],[4963445.9,4304625.5],[4963430.2,4304534.3],[4963419.6,4304453.4],[4963463.7,4304057.0],[4963629.4,4303847.8],[4963698.3,4303771.0],[4964115.0,4303664.4],[4964266.5,4303629.8],[4964301.7,4303612.1],[4964253.9,4303522.7],[4964239.0,4303425.7],[4964265.7,4303312.5],[4964324.2,4303096.2],[4964372.8,4302936.3],[4964437.9,4302772.6],[4964560.4,4302597.2],[4964584.1,4302505.4],[4964589.0,4302477.8],[4964205.3,4302476.3],[4964008.8,4302580.8],[4964005.0,4302630.7],[4963852.1,4302655.8],[4963784.4,4302541.6],[4963614.0,4302541.8],[4963357.9,4302630.8],[4963204.8,4302637.7],[4963148.0,4302356.6],[4962916.9,4302467.3],[4962867.1,4302513.0],[4962898.8,4302620.1],[4962978.8,4302940.1],[4963046.7,4303306.7],[4963089.6,4303662.8],[4963025.7,4303726.5],[4962580.7,4303894.3],[4962553.9,4303847.8],[4962400.9,4304018.3],[4962333.4,4303911.4],[4962180.6,4303954.2],[4962169.3,4304046.5],[4962059.6,4304060.9],[4961991.8,4303907.9],[4961618.7,4303968.6],[4961643.7,4304196.2],[4961430.0,4304207.1],[4961291.1,4304278.0],[4961302.1,4304377.8],[4961401.7,4304523.4],[4961476.2,4304691.0],[4961636.7,4304815.5],[4961885.2,4304783.7],[4961956.0,4304769.9],[4961988.2,4304837.2],[4961980.8,4304951.2],[4961899.2,4305097.1],[4961852.7,4305257.4],[4961923.8,4305403.7],[4962034.5,4305503.2],[4962210.5,4305620.7],[4962378.0,4305773.5],[4962463.3,4305941.1],[4962513.2,4306162.0],[4962549.1,4306283.0],[4962575.6,4306561.2],[4962625.5,4306689.2],[4962696.4,4306756.5],[4962864.0,4306835.2],[4962995.3,4306913.6],[4963053.8,4306952.7],[4963455.1,4307027.1],[4963446.5,4306956.8],[4963626.4,4306860.7],[4963730.8,4306739.6],[4963728.4,4306501.8],[4963579.3,4306074.7],[4963618.7,4305786.2],[4963660.9,4305641.6],[4963617.1,4305536.2],[4963643.8,4305482.7],[4963630.3,4305440.9],[4963710.5,4305431.9],[4963724.6,4305352.8],[4963833.5,4305362.5],[4963824.7,4305332.4]]]}},{"type":"Feature","properties":{"Vill_name":"Purbba Narathali","Sub_dist":null,"District":"Alipurduar","Vill_LGD":"307169"},"geometry":{"type":"Polygon","coordinates":[[[4954479.7,4303282.3],[4954380.6,4303342.9],[4954337.8,4303375.2],[4954348.4,4303552.5],[4954407.0,4303673.7],[4954456.7,4303762.5],[4954445.9,4303887.1],[4954403.3,4303997.1],[4954449.9,4304121.5],[4954194.0,4304164.3],[4954167.1,4304232.8],[4954325.8,4304241.8],[4954320.5,4304362.4],[4954292.4,4304601.1],[4954263.7,4304853.6],[4954290.5,4305073.4],[4954427.0,4305074.0],[4954490.6,4304964.2],[4954714.5,4304953.7],[4954955.8,4304878.4],[4955009.2,4305077.3],[4955250.9,4305084.9],[4955424.8,4305010.3],[4955434.2,4304947.4],[4955498.5,4304794.8],[4955640.5,4304627.3],[4955763.2,4304516.8],[4956055.6,4304459.5],[4956304.2,4304385.0],[4956528.6,4304302.9],[4956674.6,4304370.8],[4956953.8,4304395.4],[4957117.0,4304309.9],[4957308.7,4304274.4],[4957394.6,4304181.8],[4957380.3,4304081.9],[4957273.3,4304017.9],[4957180.9,4304011.0],[4956974.5,4304053.7],[4956875.2,4303996.4],[4956874.8,4303910.9],[4956925.1,4303783.2],[4957002.9,4303605.2],[4957024.4,4303462.4],[4956989.1,4303277.1],[4956846.8,4303142.1],[4956622.3,4303142.2],[4956409.2,4303113.3],[4956200.8,4303014.0],[4956143.9,4302961.2],[4956075.7,4302950.1],[4955997.7,4302999.9],[4955873.3,4303064.2],[4955769.8,4303135.3],[4955680.9,4303135.5],[4955563.3,4303099.4],[4955378.4,4303074.4],[4955211.5,4303053.6],[4955165.1,4302974.8],[4955101.2,4302967.8],[4954994.1,4302956.8],[4954936.8,4302871.6],[4954458.4,4302792.2],[4954465.5,4303005.2],[4954479.7,4303282.3]]]}},{"type":"Feature","properties":{"Vill_name":"Paschim Narathali","Sub_dist":null,"District":"Alipurduar","Vill_LGD":"307163"},"geometry":{"type":"Polygon","coordinates":[[[4951041.9,4302658.3],[4951008.1,4303004.4],[4950993.5,4303207.4],[4950979.0,4303305.0],[4950906.1,4303402.6],[4950798.2,4303480.5],[4950384.3,4303675.2],[4950262.7,4303723.9],[4950263.0,4303984.7],[4950449.1,4303973.5],[4950595.0,4303962.8],[4950635.9,4304040.8],[4951176.0,4303837.8],[4951239.8,4304093.8],[4951275.5,4304129.4],[4951513.2,4304076.4],[4951574.0,4304119.1],[4952024.9,4304055.2],[4952065.8,4304104.3],[4952360.7,4304015.3],[4952413.9,4304104.7],[4952683.8,4304107.8],[4952733.8,4304161.3],[4953096.5,4304143.8],[4953126.2,4304189.4],[4953236.2,4304189.7],[4953329.1,4304342.5],[4953432.0,4304335.6],[4953435.5,4304253.8],[4953670.1,4304225.2],[4953843.8,4304196.7],[4953865.3,4304260.6],[4954167.1,4304232.8],[4954194.0,4304164.3],[4954449.9,4304121.5],[4954403.3,4303997.1],[4954445.9,4303887.1],[4954456.7,4303762.5],[4954407.0,4303673.7],[4954348.4,4303552.5],[4954337.8,4303375.2],[4954380.6,4303342.9],[4954479.7,4303282.3],[4954465.5,4303005.2],[4954458.4,4302792.2],[4954483.3,4302653.0],[4954472.9,4302603.4],[4954483.5,4302536.2],[4954256.1,4302546.4],[4954223.7,4302628.3],[4954181.2,4302664.1],[4954174.5,4302784.6],[4954095.7,4302809.3],[4954098.1,4302852.1],[4953522.3,4302674.3],[4953174.6,4302787.8],[4953202.6,4302695.4],[4952904.0,4302727.7],[4952812.1,4302574.6],[4952547.2,4302569.8],[4952074.6,4302655.7],[4951992.9,4302435.2],[4951780.0,4302481.5],[4951598.5,4302488.5],[4951385.3,4302406.6],[4950987.7,4302445.6],[4951007.8,4302487.8],[4951041.9,4302658.3]]]}},{"type":"Feature","properties":{"Vill_name":"Telipara","Sub_dist":null,"District":"Alipurduar","Vill_LGD":"307167"},"geometry":{"type":"Polygon","coordinates":[[[4955153.4,4302593.7],[4955324.5,4302454.6],[4955513.0,4302355.1],[4955598.3,4302212.3],[4955641.0,4302059.7],[4955573.5,4301930.8],[4955379.4,4301892.0],[4955372.4,4301792.5],[4955429.6,4301757.0],[4955425.8,4301714.1],[4955269.2,4301682.0],[4955212.6,4301479.0],[4955184.0,4300988.1],[4955173.5,4300915.3],[4954937.3,4300899.4],[4954645.5,4300872.5],[4954314.4,4300859.5],[4954222.1,4300829.0],[4953826.2,4300715.0],[4953707.7,4300694.4],[4953366.8,4300637.0],[4953355.0,4300594.8],[4953368.4,4300558.4],[4953389.2,4300507.7],[4953398.3,4300454.7],[4953398.3,4300420.3],[4953423.6,4300381.7],[4953438.2,4300300.1],[4953436.8,4300265.1],[4953419.5,4300209.3],[4953414.1,4300170.6],[4953341.6,4300189.0],[4953256.5,4300213.3],[4953061.0,4300224.1],[4952989.9,4300458.4],[4952815.9,4300473.1],[4952845.8,4300813.9],[4952810.6,4301066.5],[4952826.2,4301429.2],[4952783.6,4301539.1],[4952630.7,4301552.9],[4952513.3,4301656.3],[4952545.5,4301752.6],[4952659.4,4301980.0],[4952659.5,4302193.1],[4952645.0,4302321.1],[4952526.1,4302374.3],[4952547.2,4302569.8],[4952812.1,4302574.6],[4952904.0,4302727.7],[4953202.6,4302695.4],[4953174.6,4302787.8],[4953522.3,4302674.3],[4954098.1,4302852.1],[4954095.7,4302809.3],[4954174.5,4302784.6],[4954181.2,4302664.1],[4954223.7,4302628.3],[4954256.1,4302546.4],[4954483.5,4302536.2],[4954472.9,4302603.4],[4954483.3,4302653.0],[4954458.4,4302792.2],[4954936.8,4302871.6],[4954994.1,4302956.8],[4955101.2,4302967.8],[4955102.0,4302960.5],[4955076.8,4302871.4],[4955062.6,4302746.5],[4955153.4,4302593.7]]]}},{"type":"Feature","properties":{"Vill_name":"Madhya Kamakhyaguri","Sub_dist":null,"District":"Alipurduar","Vill_LGD":"307165"},"geometry":{"type":"Polygon","coordinates":[[[4948749.5,4299296.5],[4948570.0,4299383.6],[4948379.9,4299436.9],[4948082.7,4299490.4],[4947912.6,4299578.0],[4947824.9,4299655.8],[4947825.0,4299733.9],[4947839.6,4299860.8],[4947897.8,4299958.4],[4947960.8,4300036.5],[4948014.9,4300065.6],[4948068.2,4300060.8],[4948301.8,4299919.3],[4948526.0,4299812.2],[4948594.6,4299783.0],[4948647.8,4299953.5],[4949188.6,4299519.3],[4949237.1,4299583.0],[4949111.0,4299900.1],[4949091.4,4300021.9],[4949168.6,4300172.9],[4949347.9,4300193.3],[4949482.8,4300186.0],[4949674.9,4300214.3],[4949692.8,4300374.3],[4949831.5,4300378.0],[4949964.6,4300306.8],[4950053.6,4300210.8],[4950333.8,4300246.3],[4950337.3,4300101.2],[4950486.3,4300087.2],[4950497.4,4299915.8],[4950592.7,4299894.9],[4950703.2,4300264.5],[4950937.4,4300232.5],[4950933.8,4300513.2],[4951001.3,4300683.9],[4951090.3,4300691.1],[4951023.0,4300609.3],[4951012.2,4300413.8],[4951074.3,4300328.4],[4951283.8,4300197.0],[4951458.0,4300222.1],[4951717.1,4300399.5],[4952157.5,4300492.2],[4952269.7,4300395.9],[4952337.0,4300190.0],[4952351.5,4299823.9],[4952353.1,4299492.5],[4951943.4,4299394.8],[4951912.2,4299513.6],[4951765.7,4299548.4],[4951594.5,4299614.8],[4951472.3,4299552.0],[4951234.7,4299499.4],[4951099.1,4299408.9],[4951088.6,4299310.7],[4951119.7,4299265.6],[4951074.5,4299196.1],[4951074.4,4299115.6],[4951130.2,4299108.4],[4951134.1,4298923.5],[4951308.3,4298752.6],[4951081.3,4298560.6],[4951043.6,4298487.1],[4950784.7,4298724.6],[4950596.5,4298696.5],[4950557.8,4298756.0],[4950324.6,4298745.3],[4950322.3,4298743.2],[4950303.5,4298765.4],[4950089.0,4298897.0],[4949874.3,4298950.6],[4949742.9,4299019.0],[4949606.4,4299018.8],[4949377.7,4299048.1],[4949231.3,4299121.2],[4948963.2,4299213.4],[4948749.5,4299296.5]]]}},{"type":"Feature","properties":{"Vill_name":"Uttar Kamakhyaguri (CT)","Sub_dist":null,"District":"Alipurduar","Vill_LGD":"307206"},"geometry":{"type":"Polygon","coordinates":[[[4949183.0,4300591.0],[4949100.3,4300862.0],[4949085.7,4300993.4],[4949046.8,4301086.3],[4948910.4,4301217.8],[4948832.4,4301349.5],[4948794.0,4301495.5],[4948803.3,4301578.5],[4948847.2,4301637.0],[4948901.1,4301700.5],[4948993.2,4301734.4],[4949188.1,4301714.7],[4949334.4,4301705.5],[4949499.7,4301598.0],[4949758.3,4301354.6],[4949889.8,4301213.1],[4950026.0,4301086.5],[4950074.8,4301081.5],[4950230.8,4301115.5],[4950367.1,4301222.7],[4950483.8,4301329.9],[4950527.9,4301393.4],[4950612.6,4301418.0],[4950797.3,4301396.4],[4950888.0,4301471.0],[4950990.7,4301694.9],[4951118.7,4301790.9],[4951413.5,4301798.1],[4951683.7,4301826.3],[4951984.0,4301819.0],[4952111.5,4301680.3],[4952218.6,4301431.5],[4952215.0,4301292.4],[4952076.0,4301076.1],[4951870.8,4300902.3],[4951675.8,4300769.2],[4951590.5,4300767.6],[4951475.0,4300717.3],[4951313.4,4300760.2],[4951223.1,4300769.1],[4951090.3,4300691.1],[4951001.3,4300683.9],[4950933.8,4300513.2],[4950937.4,4300232.5],[4950703.2,4300264.5],[4950592.7,4299894.9],[4950497.4,4299915.8],[4950486.3,4300087.2],[4950337.3,4300101.2],[4950333.8,4300246.3],[4950053.6,4300210.8],[4949964.6,4300306.8],[4949831.5,4300378.0],[4949692.8,4300374.3],[4949674.9,4300214.3],[4949482.8,4300186.0],[4949347.9,4300193.3],[4949168.6,4300172.9],[4949227.0,4300390.8],[4949183.0,4300591.0]]]}},{"type":"Feature","properties":{"Vill_name":"Paschim Chakchaka","Sub_dist":null,"District":"Alipurduar","Vill_LGD":"307168"},"geometry":{"type":"Polygon","coordinates":[[[4956846.8,4303142.1],[4956790.0,4302921.4],[4956690.6,4302711.4],[4956491.0,4302469.1],[4956391.4,4302344.5],[4956473.4,4302191.3],[4956532.0,4301991.8],[4956599.9,4301917.5],[4956681.6,4301800.1],[4956681.6,4301718.1],[4956639.0,4301664.5],[4956457.5,4301639.7],[4956411.0,4301575.6],[4956350.3,4301386.6],[4956330.8,4301187.3],[4956174.6,4301158.7],[4956224.3,4300910.6],[4956250.1,4300882.6],[4956064.3,4300927.9],[4955690.5,4301010.9],[4955579.5,4300981.4],[4955452.4,4300934.1],[4955173.5,4300915.3],[4955184.0,4300988.1],[4955212.6,4301479.0],[4955269.2,4301682.0],[4955425.8,4301714.1],[4955429.6,4301757.0],[4955372.4,4301792.5],[4955379.4,4301892.0],[4955573.5,4301930.8],[4955641.0,4302059.7],[4955598.3,4302212.3],[4955513.0,4302355.1],[4955324.5,4302454.6],[4955153.4,4302593.7],[4955062.6,4302746.5],[4955076.8,4302871.4],[4955102.0,4302960.5],[4955101.2,4302967.8],[4955165.1,4302974.8],[4955211.5,4303053.6],[4955378.4,4303074.4],[4955563.3,4303099.4],[4955680.9,4303135.5],[4955769.8,4303135.3],[4955873.3,4303064.2],[4955997.7,4302999.9],[4956075.7,4302950.1],[4956143.9,4302961.2],[4956200.8,4303014.0],[4956409.2,4303113.3],[4956622.3,4303142.2],[4956846.8,4303142.1]]]}},{"type":"Feature","properties":{"Vill_name":"Dakshin Rampur (CT)","Sub_dist":null,"District":"Alipurduar","Vill_LGD":"307205"},"geometry":{"type":"Polygon","coordinates":[[[4960371.4,4302008.9],[4960417.1,4301966.9],[4960396.5,4301740.0],[4960490.6,4301692.0],[4960759.4,4301862.4],[4960765.2,4301858.0],[4960734.7,4301790.3],[4960721.2,4301717.1],[4960861.4,4301695.4],[4960943.2,4301686.4],[4960937.7,4301751.5],[4960995.5,4301818.0],[4961071.0,4301827.7],[4961182.3,4301832.6],[4961226.5,4301644.8],[4961416.7,4301655.2],[4961444.7,4301459.0],[4961372.4,4301347.1],[4961396.9,4301138.3],[4961365.4,4301089.4],[4961213.5,4300898.7],[4961107.0,4300755.4],[4960764.5,4300763.3],[4960627.3,4300756.1],[4960517.2,4300755.3],[4960190.9,4300749.6],[4959160.3,4300771.1],[4959075.7,4300764.2],[4958979.2,4300772.2],[4958891.0,4300773.9],[4958771.5,4300780.2],[4958665.0,4300776.7],[4958565.4,4300780.5],[4958349.2,4300784.0],[4958248.8,4300783.8],[4958033.3,4300787.5],[4958022.9,4300817.4],[4958280.5,4301343.8],[4958351.3,4301486.6],[4958443.6,4302020.4],[4958815.2,4301981.2],[4959197.7,4301941.5],[4959494.8,4301969.5],[4959528.7,4302205.8],[4959534.6,4302267.4],[4959567.9,4302290.1],[4959747.8,4302317.9],[4959950.0,4302278.4],[4960040.2,4302137.9],[4960147.0,4302070.3],[4960152.3,4302020.0],[4960371.4,4302008.9]]]}},{"type":"Feature","properties":{"Vill_name":"Purba Chakchaka","Sub_dist":null,"District":"Alipurduar","Vill_LGD":"307199"},"geometry":{"type":"Polygon","coordinates":[[[4957024.4,4303462.4],[4957656.2,4303444.5],[4958447.2,4303487.7],[4958619.5,4303509.2],[4958607.0,4303359.8],[4958543.1,4302732.7],[4958443.6,4302020.4],[4958351.3,4301486.6],[4958280.5,4301343.8],[4958022.9,4300817.4],[4958033.3,4300787.5],[4957916.4,4300789.5],[4957850.0,4300789.3],[4957410.4,4300764.8],[4957037.8,4300733.7],[4956915.4,4300732.0],[4956725.5,4300773.2],[4956447.8,4300840.3],[4956357.1,4300856.5],[4956250.1,4300882.6],[4956224.3,4300910.6],[4956174.6,4301158.7],[4956330.8,4301187.3],[4956350.3,4301386.6],[4956411.0,4301575.6],[4956457.5,4301639.7],[4956639.0,4301664.5],[4956681.6,4301718.1],[4956681.6,4301800.1],[4956599.9,4301917.5],[4956532.0,4301991.8],[4956473.4,4302191.3],[4956391.4,4302344.5],[4956491.0,4302469.1],[4956690.6,4302711.4],[4956790.0,4302921.4],[4956846.8,4303142.1],[4956989.1,4303277.1],[4957024.4,4303462.4]]]}},{"type":"Feature","properties":{"Vill_name":"Newlands Tea Garden","Sub_dist":null,"District":"Alipurduar","Vill_LGD":"307180"},"geometry":{"type":"Polygon","coordinates":[[[4957870.3,4320227.3],[4957710.4,4320191.7],[4957688.5,4320259.4],[4957560.8,4320230.7],[4957425.5,4320245.3],[4957059.4,4320230.8],[4957025.3,4320131.0],[4956345.8,4320098.6],[4956150.3,4320056.4],[4956004.1,4320116.7],[4955929.9,4320323.3],[4955872.9,4320355.0],[4955803.2,4320622.3],[4955604.0,4320825.4],[4955412.2,4320892.9],[4955156.1,4320835.5],[4955070.5,4320796.5],[4954722.3,4320963.6],[4954711.0,4321035.2],[4954634.6,4321309.1],[4954702.4,4321679.1],[4954830.0,4321917.5],[4954901.8,4321935.7],[4955132.6,4322038.5],[4955194.7,4322209.9],[4955201.7,4322434.2],[4955112.8,4322651.4],[4955162.7,4322747.1],[4955139.0,4323007.2],[4955224.2,4323281.4],[4955537.0,4323384.2],[4955615.9,4323501.9],[4955780.8,4323761.7],[4955894.8,4323904.1],[4955837.9,4323964.8],[4955602.5,4323925.6],[4955368.0,4324075.0],[4955321.7,4324316.3],[4955347.4,4324313.2],[4956236.0,4324370.2],[4957175.1,4324377.1],[4958003.6,4324377.3],[4958009.1,4324157.1],[4958049.9,4323651.7],[4958060.4,4323452.4],[4958054.5,4323028.8],[4958040.1,4322815.5],[4958008.1,4322673.0],[4957910.2,4322388.4],[4957746.4,4322074.7],[4957693.0,4321907.6],[4957829.5,4321619.0],[4957868.5,4321305.6],[4957866.6,4320757.9],[4957841.7,4320476.8],[4957870.3,4320227.3]]]}},{"type":"Feature","properties":{"Vill_name":"Kumargram Tea Garden","Sub_dist":null,"District":"Alipurduar","Vill_LGD":"307182"},"geometry":{"type":"Polygon","coordinates":[[[4960047.6,4323847.0],[4960024.6,4323711.9],[4959828.7,4323722.7],[4959846.6,4323170.6],[4959894.5,4322711.8],[4959926.7,4322334.2],[4959988.6,4321899.6],[4960031.6,4321565.3],[4960172.1,4320913.9],[4960245.3,4320429.8],[4960252.1,4320265.6],[4960195.2,4320244.2],[4959985.3,4320237.2],[4959935.6,4320251.0],[4959903.6,4320283.4],[4959917.5,4320382.8],[4959978.4,4320877.7],[4959732.9,4320845.9],[4959524.7,4320845.8],[4959311.4,4320849.4],[4959297.0,4320831.5],[4959346.8,4320322.7],[4958731.8,4320276.2],[4958383.4,4320258.6],[4957870.3,4320227.3],[4957841.7,4320476.8],[4957866.6,4320757.9],[4957868.5,4321305.6],[4957829.5,4321619.0],[4957693.0,4321907.6],[4957746.4,4322074.7],[4957910.2,4322388.4],[4958008.1,4322673.0],[4958040.1,4322815.5],[4958054.5,4323028.8],[4958060.4,4323452.4],[4958049.9,4323651.7],[4958009.1,4324157.1],[4958003.6,4324377.3],[4958779.0,4324355.8],[4959945.8,4324398.6],[4959979.9,4324124.7],[4960047.6,4323847.0]]]}},{"type":"Feature","properties":{"Vill_name":"Sankos Tea Garden","Sub_dist":null,"District":"Alipurduar","Vill_LGD":"307183"},"geometry":{"type":"Polygon","coordinates":[[[4963747.9,4322493.4],[4963784.3,4322302.7],[4964121.4,4322063.7],[4964302.5,4321768.4],[4964467.4,4321606.8],[4964331.9,4321167.8],[4963995.7,4320932.1],[4963615.0,4320068.5],[4963339.6,4319850.0],[4962840.4,4320317.7],[4962780.0,4320319.2],[4962110.7,4320298.2],[4962000.6,4320639.6],[4961646.8,4320604.1],[4960999.3,4320547.2],[4960579.9,4320487.0],[4960245.3,4320429.8],[4960172.1,4320913.9],[4960031.6,4321565.3],[4959988.6,4321899.6],[4959926.7,4322334.2],[4959894.5,4322711.8],[4959846.6,4323170.6],[4959828.7,4323722.7],[4960024.6,4323711.9],[4960047.6,4323847.0],[4959979.9,4324124.7],[4959945.8,4324398.6],[4960646.1,4324427.5],[4961186.7,4323459.3],[4961599.7,4322768.9],[4961717.0,4322491.2],[4962222.1,4322434.2],[4962768.6,4322486.7],[4962770.1,4322486.3],[4963747.9,4322493.4]]]}},{"type":"Feature","properties":{"Vill_name":"Phaskhawa Tea Garden","Sub_dist":null,"District":"Alipurduar","Vill_LGD":"307152"},"geometry":{"type":"Polygon","coordinates":[[[4944724.7,4323251.6],[4944276.6,4323130.5],[4943513.8,4323091.2],[4941955.8,4322979.9],[4941924.1,4323439.1],[4941911.4,4323808.8],[4941876.2,4324153.9],[4941860.0,4324669.3],[4941874.0,4324900.8],[4942522.5,4324947.0],[4943101.9,4324929.5],[4943736.4,4324961.7],[4944031.7,4325022.0],[4944127.6,4324648.4],[4944561.0,4324673.5],[4944648.0,4324282.8],[4944698.2,4323877.0],[4944739.3,4323418.8],[4944724.7,4323251.6]]]}},{"type":"Feature","properties":{"Vill_name":"Parmalangi","Sub_dist":null,"District":"Alipurduar","Vill_LGD":"307107"},"geometry":{"type":"Polygon","coordinates":[[[4911042.2,4321677.5],[4910972.8,4321864.7],[4910965.4,4321967.0],[4910877.3,4322062.5],[4910789.9,4322216.0],[4910815.4,4322483.0],[4910873.6,4322395.4],[4910903.3,4322227.4],[4910991.1,4322168.7],[4910991.2,4322073.4],[4911042.3,4322022.3],[4911100.9,4322051.2],[4911174.4,4321992.8],[4911218.5,4321934.0],[4911247.3,4321875.4],[4911262.1,4321772.5],[4911211.0,4321721.9],[4911130.1,4321707.2],[4911042.2,4321677.5]]]}},{"type":"Feature","properties":{"Vill_name":"Parmalangi","Sub_dist":null,"District":"Alipurduar","Vill_LGD":"307107"},"geometry":{"type":"Polygon","coordinates":[[[4911419.2,4320310.2],[4911434.0,4320544.8],[4911455.9,4320793.9],[4911367.7,4320903.2],[4911287.4,4320969.1],[4911273.0,4321166.8],[4911207.0,4321415.7],[4911360.6,4321408.8],[4911346.0,4321232.7],[4911433.7,4321196.2],[4911492.1,4321166.5],[4911507.0,4321123.0],[4911492.5,4321035.4],[4911506.8,4320983.5],[4911565.7,4320983.9],[4911653.5,4320976.8],[4911631.1,4320910.9],[4911660.9,4320852.4],[4911748.6,4320786.3],[4911843.9,4320786.0],[4911916.9,4320800.8],[4911983.0,4320866.8],[4911917.0,4320961.5],[4911938.7,4321124.1],[4912070.2,4320932.4],[4912121.4,4320837.6],[4912209.2,4320738.7],[4912138.0,4320697.9],[4912019.4,4320620.0],[4911928.0,4320538.5],[4911863.5,4320450.0],[4911754.8,4320308.2],[4911707.2,4320196.3],[4911572.7,4320193.3],[4911455.8,4320244.2],[4911419.2,4320310.2]]]}},{"type":"Feature","properties":{"Vill_name":"Radharani Tea Garden","Sub_dist":null,"District":"Alipurduar","Vill_LGD":"307133"},"geometry":{"type":"Polygon","coordinates":[[[4921310.5,4330454.3],[4920029.7,4330364.0],[4920025.8,4330660.5],[4919981.5,4330908.9],[4919981.7,4330987.0],[4920011.4,4331074.9],[4920025.7,4331177.3],[4920001.3,4331255.2],[4919962.2,4331313.8],[4919918.2,4331338.2],[4919908.7,4331342.7],[4919909.0,4331367.2],[4919938.0,4331460.0],[4919923.3,4331508.9],[4919908.7,4331548.0],[4919913.0,4331611.6],[4919935.9,4331728.6],[4921788.6,4331282.3],[4924119.6,4330736.5],[4923211.1,4330648.4],[4922859.7,4330663.0],[4922720.8,4330619.0],[4922661.7,4330560.2],[4922332.1,4330560.1],[4921310.5,4330454.3]]]}},{"type":"Feature","properties":{"Vill_name":"Chuapara Tea Garden","Sub_dist":null,"District":"Alipurduar","Vill_LGD":"307134"},"geometry":{"type":"Polygon","coordinates":[[[4920907.8,4326109.7],[4920057.8,4327099.6],[4919248.3,4327015.6],[4919511.9,4327748.9],[4919599.8,4328107.8],[4919131.5,4328049.5],[4918732.5,4327991.6],[4918717.9,4328101.4],[4918688.7,4328342.2],[4918688.6,4328384.0],[4918735.4,4328452.5],[4918830.1,4328425.1],[4918864.3,4328491.1],[4918894.0,4328537.2],[4918881.5,4328551.9],[4918820.4,4328605.9],[4918798.6,4328642.2],[4918803.4,4328696.0],[4918827.7,4328751.7],[4918891.5,4328815.2],[4918986.3,4328866.4],[4919091.1,4328944.1],[4919183.7,4329041.8],[4919244.7,4329122.4],[4919295.8,4329266.3],[4919307.5,4329359.2],[4919302.7,4329501.0],[4919351.7,4329534.8],[4919439.3,4329623.0],[4919510.2,4329712.8],[4919605.1,4329844.6],[4919683.5,4329952.0],[4919831.6,4329976.3],[4919905.5,4330034.8],[4919970.6,4330100.8],[4920023.2,4330243.3],[4920029.7,4330364.0],[4921310.5,4330454.3],[4922332.1,4330560.1],[4922661.7,4330560.2],[4922720.8,4330619.0],[4922859.7,4330663.0],[4923211.1,4330648.4],[4924119.6,4330736.5],[4924332.5,4329725.5],[4924464.5,4328897.2],[4924702.1,4327780.7],[4924798.0,4327326.5],[4923878.3,4327228.0],[4923724.7,4327234.9],[4923189.7,4327154.2],[4922574.2,4327132.2],[4922490.3,4326997.0],[4922292.6,4326725.7],[4922167.8,4326623.4],[4922057.7,4326593.6],[4921853.0,4326755.2],[4921670.0,4326842.8],[4921698.8,4327143.3],[4921618.2,4327370.8],[4921544.6,4327348.6],[4921215.5,4326579.3],[4921024.6,4326256.8],[4921024.8,4326191.0],[4920907.8,4326109.7]]]}},{"type":"Feature","properties":{"Vill_name":"Rajabhat Tea Garden","Sub_dist":null,"District":"Alipurduar","Vill_LGD":"307143"},"geometry":{"type":"Polygon","coordinates":[[[4927262.1,4320794.1],[4927317.5,4320551.1],[4927370.6,4320343.9],[4927351.8,4320130.8],[4927352.1,4320013.5],[4927370.6,4319841.0],[4927414.7,4319741.9],[4927482.7,4319603.7],[4927592.6,4319299.0],[4927669.6,4319034.5],[4927768.4,4318664.0],[4927368.7,4318670.9],[4926801.6,4318687.5],[4926552.9,4318680.9],[4926552.8,4318681.4],[4926167.7,4319114.4],[4925844.5,4319453.0],[4925511.2,4319786.3],[4925183.0,4320136.0],[4924735.0,4320547.3],[4924526.6,4320734.8],[4924476.0,4320776.1],[4924572.1,4320779.7],[4925080.5,4320788.8],[4925410.9,4320792.9],[4925858.6,4320778.0],[4926220.0,4320801.2],[4926568.5,4320805.1],[4926899.0,4320797.3],[4927262.1,4320794.1]]]}},{"type":"Feature","properties":{"Vill_name":"Mathura Tea Garden","Sub_dist":null,"District":"Alipurduar","Vill_LGD":"307231"},"geometry":{"type":"Polygon","coordinates":[[[4919115.2,4301675.1],[4919070.4,4301820.8],[4919015.2,4302049.0],[4918948.4,4302028.6],[4918915.8,4302267.7],[4918971.1,4302496.3],[4918782.4,4302641.9],[4918793.6,4302808.0],[4918727.1,4303037.1],[4918649.5,4303047.6],[4918627.0,4303484.1],[4918361.3,4303505.2],[4917939.8,4303536.1],[4917884.7,4303723.0],[4917784.4,4303816.4],[4917729.2,4304045.6],[4917540.5,4304211.9],[4917673.4,4304409.8],[4917662.5,4304627.4],[4917419.0,4305043.5],[4917407.5,4305209.9],[4916947.4,4305739.9],[4917035.9,4306218.6],[4917562.8,4306322.5],[4918637.9,4306489.1],[4919025.9,4306509.7],[4919103.4,4305990.3],[4918505.1,4306010.7],[4918837.8,4305292.9],[4918787.6,4304721.2],[4918965.0,4304617.3],[4919009.7,4304014.3],[4919109.3,4304097.7],[4919264.4,4304274.1],[4919408.8,4304336.5],[4919741.2,4303837.8],[4920306.6,4303120.3],[4920539.1,4302839.8],[4920550.6,4302621.3],[4920312.0,4302434.0],[4920168.2,4302371.6],[4919946.4,4302080.5],[4919880.3,4301799.8],[4919990.4,4301757.9],[4920024.1,4301435.4],[4919037.8,4301519.1],[4919115.2,4301675.1]]]}},{"type":"Feature","properties":{"Vill_name":"Patkapara Tea Garden","Sub_dist":null,"District":"Alipurduar","Vill_LGD":"307245"},"geometry":{"type":"Polygon","coordinates":[[[4922844.0,4308121.2],[4922717.7,4308098.7],[4922564.2,4308093.4],[4922442.9,4308142.6],[4922421.4,4307977.0],[4922447.8,4307744.2],[4922564.2,4307484.9],[4922838.0,4307524.0],[4922836.3,4307348.8],[4922918.5,4307314.0],[4923304.1,4307231.3],[4923689.0,4307143.2],[4923752.6,4306758.2],[4924259.6,4306797.3],[4924065.2,4306673.0],[4924064.9,4306626.9],[4924086.4,4306599.9],[4924365.8,4306599.5],[4924351.2,4306291.4],[4924565.8,4306271.2],[4924601.7,4306197.3],[4924679.9,4305888.7],[4924744.5,4305647.7],[4924387.3,4305620.8],[4924386.9,4305781.8],[4923836.5,4305768.2],[4923457.8,4305748.0],[4923536.1,4305560.2],[4923529.3,4305486.7],[4923314.7,4305446.0],[4923271.5,4305587.3],[4922599.8,4305553.6],[4922412.5,4305823.1],[4922346.1,4305885.7],[4922368.5,4306187.4],[4922279.5,4306322.6],[4922201.9,4306312.0],[4922191.0,4306374.8],[4922124.7,4306405.5],[4922091.3,4306405.9],[4922146.7,4306520.0],[4922180.0,4306644.4],[4922013.4,4306769.5],[4921836.1,4306790.0],[4921769.7,4306884.1],[4921958.3,4306956.5],[4921731.3,4307060.5],[4921486.8,4307445.6],[4921642.5,4307549.9],[4921620.2,4307747.2],[4921653.5,4307861.8],[4921653.4,4307996.9],[4921531.5,4308204.7],[4921565.2,4308381.1],[4921620.1,4308516.9],[4921598.0,4308568.9],[4921487.0,4308568.5],[4921276.7,4308610.4],[4921254.7,4308474.8],[4921143.7,4308558.3],[4921076.8,4308568.9],[4921098.9,4308693.2],[4921088.0,4308838.6],[4921342.9,4308807.6],[4921509.4,4308786.6],[4921509.5,4308682.5],[4921897.5,4308620.6],[4921919.8,4308485.1],[4921875.1,4308402.4],[4921897.3,4308277.2],[4922185.6,4308319.1],[4922344.4,4308366.5],[4922375.0,4308272.2],[4922544.5,4308292.1],[4922846.0,4308323.8],[4922844.0,4308121.2]]]}},{"type":"Feature","properties":{"Vill_name":"Kadambini Tea Garden","Sub_dist":null,"District":"Alipurduar","Vill_LGD":"307395"},"geometry":{"type":"Polygon","coordinates":[[[4904036.3,4305886.2],[4904026.9,4305785.1],[4904027.2,4305718.3],[4904158.0,4305266.8],[4904192.9,4305184.0],[4904253.4,4305161.8],[4904305.1,4304874.0],[4904367.4,4304731.6],[4904486.8,4304700.5],[4904399.8,4304488.1],[4904253.2,4304186.3],[4904155.7,4304026.9],[4904095.2,4303895.8],[4904337.8,4303694.7],[4904358.5,4303611.7],[4904381.8,4303269.5],[4904381.3,4303168.3],[4904371.7,4303112.8],[4904362.5,4303080.0],[4904272.6,4303078.6],[4904224.0,4303048.7],[4904216.8,4303014.5],[4904171.9,4302976.5],[4904178.8,4302936.5],[4904204.9,4302913.7],[4904194.6,4302872.5],[4904028.2,4302869.8],[4903910.3,4302880.4],[4903889.8,4302909.3],[4903827.5,4302916.7],[4903820.6,4302968.4],[4903749.5,4302986.1],[4903651.0,4302981.8],[4903626.8,4302922.7],[4903436.6,4302966.6],[4903430.9,4302941.8],[4903406.8,4302922.9],[4903212.8,4302973.5],[4903183.4,4302971.1],[4903169.3,4302946.9],[4903133.4,4302948.6],[4903034.2,4302977.7],[4902977.3,4302997.0],[4902939.6,4303024.7],[4902901.6,4303029.8],[4902887.3,4302999.1],[4902764.3,4303043.8],[4902769.2,4303095.6],[4902546.5,4303150.2],[4902357.5,4303168.1],[4902295.6,4303179.8],[4902195.2,4303213.8],[4902006.5,4303236.2],[4902018.3,4303469.6],[4902053.3,4303690.8],[4902157.3,4303847.1],[4902268.2,4303971.3],[4902296.2,4304054.2],[4902421.2,4304172.2],[4902427.5,4304275.7],[4902344.3,4304483.9],[4902226.8,4304719.4],[4901942.8,4304813.8],[4901742.5,4304842.0],[4901478.8,4304973.2],[4901340.6,4305077.6],[4901208.9,4305118.9],[4901091.4,4305070.5],[4901014.7,4305051.6],[4900948.7,4305085.7],[4900931.6,4305176.3],[4900914.4,4305370.5],[4900979.9,4305529.3],[4901059.8,4305654.5],[4901174.0,4305761.7],[4901322.5,4305850.4],[4901380.7,4305805.5],[4901457.3,4305878.0],[4901481.5,4305937.1],[4901543.8,4306009.9],[4901609.2,4306047.9],[4901682.6,4306085.8],[4901734.4,4306131.1],[4901779.2,4306231.5],[4901872.7,4306209.0],[4901976.7,4306170.7],[4901997.3,4306150.1],[4901907.4,4305966.5],[4901983.3,4305921.5],[4902049.3,4305917.8],[4902128.7,4305910.8],[4902308.8,4305924.9],[4902419.8,4305946.0],[4902443.7,4305918.1],[4902488.9,4305845.7],[4902599.8,4305727.2],[4902704.1,4305580.4],[4902804.6,4305604.9],[4902922.0,4305646.4],[4902977.6,4305663.3],[4903018.8,4305694.8],[4903039.3,4305677.6],[4903029.6,4305552.9],[4903043.1,4305538.8],[4903074.3,4305531.9],[4903202.3,4305618.7],[4903267.9,4305653.3],[4903323.6,4305681.0],[4903406.6,4305844.1],[4903462.2,4305996.1],[4903506.8,4306028.8],[4903659.3,4306053.3],[4903762.8,4306046.5],[4903763.0,4306001.3],[4903888.1,4305873.2],[4904036.3,4305886.2]]]}},{"type":"Feature","properties":{"Vill_name":"Ethelbari Tea Garden","Sub_dist":null,"District":"Alipurduar","Vill_LGD":"307342"},"geometry":{"type":"Polygon","coordinates":[[[4886362.1,4315702.5],[4886298.3,4315712.2],[4886308.8,4315769.3],[4886316.9,4315845.3],[4886165.8,4316014.9],[4886138.4,4316124.6],[4886134.8,4316169.1],[4886143.3,4316277.6],[4886072.9,4316291.4],[4885993.5,4316287.6],[4885995.0,4316541.2],[4886067.6,4316624.8],[4886105.4,4316626.1],[4886160.0,4316583.5],[4886191.0,4316530.5],[4886217.1,4316499.3],[4886251.5,4316499.5],[4886282.4,4316540.3],[4886351.8,4316761.8],[4886289.6,4317216.7],[4886358.6,4317283.9],[4886375.7,4317511.2],[4886343.4,4317558.8],[4886328.1,4317632.7],[4886355.5,4317746.5],[4886345.3,4317815.3],[4886448.8,4317839.5],[4886489.5,4317880.7],[4886496.6,4317927.8],[4886504.9,4318000.4],[4886501.7,4318046.9],[4886469.0,4318134.2],[4886465.7,4318201.4],[4886486.2,4318246.1],[4886561.8,4318266.5],[4886596.0,4318302.5],[4886632.0,4318370.1],[4886678.8,4318419.5],[4886756.1,4318466.0],[4886823.2,4318502.1],[4886845.7,4318545.0],[4886838.8,4318584.4],[4886747.8,4318577.6],[4886701.4,4318572.4],[4886661.7,4318641.2],[4886675.0,4318660.0],[4886725.2,4318660.0],[4886732.2,4318727.2],[4886763.2,4318869.7],[4886832.4,4318932.9],[4886859.8,4318976.0],[4886887.0,4319011.7],[4886887.2,4319050.0],[4886938.7,4319052.0],[4886962.4,4319017.3],[4886984.9,4319009.1],[4886992.1,4318962.2],[4886971.3,4318945.0],[4886916.0,4318748.3],[4886968.2,4318672.7],[4886968.3,4318590.2],[4886806.3,4318393.7],[4886710.2,4318308.0],[4886631.3,4318151.4],[4886593.1,4318096.5],[4886607.1,4318051.5],[4886706.8,4318082.3],[4886830.8,4318109.9],[4887057.6,4318133.6],[4887102.3,4318123.0],[4887159.2,4318114.5],[4887195.3,4318079.8],[4887235.3,4317993.8],[4887235.4,4317859.2],[4887228.1,4317816.1],[4887197.0,4317717.3],[4887152.5,4317581.5],[4887102.9,4317397.4],[4887118.4,4317351.0],[4887204.0,4317317.8],[4887305.7,4317298.1],[4887315.9,4317208.2],[4887333.0,4317180.5],[4887436.0,4317153.0],[4887446.5,4317118.2],[4887584.0,4317108.6],[4887735.4,4317025.5],[4887711.6,4316815.5],[4887687.7,4316752.0],[4887622.0,4316677.6],[4887505.0,4316606.6],[4887498.2,4316514.9],[4887498.3,4316378.8],[4887481.0,4316291.0],[4887486.3,4316241.6],[4887494.7,4316117.8],[4887493.2,4316088.2],[4887477.9,4315946.5],[4887467.0,4315703.7],[4887494.7,4315638.2],[4887508.6,4315584.9],[4887499.5,4315538.3],[4887480.6,4315493.6],[4887374.3,4315383.8],[4887331.1,4315424.5],[4887107.6,4315393.1],[4887102.0,4315365.8],[4887021.1,4315333.4],[4886971.5,4315312.4],[4886916.2,4315388.3],[4886911.0,4315434.7],[4886856.2,4315471.9],[4886777.3,4315498.0],[4886746.0,4315484.2],[4886653.3,4315501.4],[4886647.5,4315562.0],[4886594.3,4315626.3],[4886535.5,4315662.3],[4886480.8,4315655.7],[4886434.0,4315649.0],[4886362.1,4315702.5]]]}},{"type":"Feature","properties":{"Vill_name":"Dalgaon Tea Garden","Sub_dist":null,"District":"Alipurduar","Vill_LGD":"307367"},"geometry":{"type":"Polygon","coordinates":[[[4893724.5,4320623.2],[4893805.8,4320525.9],[4893867.5,4320460.6],[4893923.1,4320417.6],[4893983.4,4320398.4],[4894044.0,4320384.6],[4894099.0,4320365.6],[4894128.8,4320338.1],[4894113.0,4320269.5],[4894090.6,4320224.2],[4894077.1,4320156.8],[4894059.8,4320026.2],[4894071.6,4319985.0],[4894066.5,4319784.4],[4894078.8,4319754.0],[4894114.7,4319691.4],[4894118.0,4319644.8],[4894104.7,4319593.1],[4894106.1,4319503.8],[4894137.4,4319466.0],[4894199.5,4319431.1],[4894272.1,4319412.0],[4894315.1,4319377.2],[4894339.0,4319328.8],[4894346.0,4319285.9],[4894318.9,4319257.5],[4894272.3,4319214.0],[4894277.2,4319174.5],[4894299.6,4319137.7],[4894427.8,4319055.0],[4894455.3,4319056.8],[4894515.8,4319014.5],[4894621.2,4318927.7],[4894676.1,4318868.9],[4894700.8,4318814.1],[4894709.1,4318733.0],[4894724.7,4318561.8],[4894719.7,4318442.6],[4894602.1,4318343.6],[4894596.9,4318287.9],[4894564.1,4318234.2],[4894529.3,4318151.5],[4894509.0,4318074.3],[4894484.8,4317994.6],[4894472.4,4317956.7],[4894446.7,4317897.9],[4894425.7,4317834.5],[4894412.1,4317778.9],[4894419.4,4317688.8],[4894441.2,4317592.6],[4893443.9,4317634.0],[4892915.0,4317660.1],[4892721.6,4317656.2],[4892517.8,4317656.2],[4892463.5,4317690.5],[4892310.1,4318886.7],[4892267.2,4319595.6],[4892217.2,4319899.2],[4892157.1,4320106.6],[4892127.4,4320223.6],[4892083.8,4320334.0],[4892083.6,4320377.2],[4892086.6,4320427.5],[4892096.5,4320457.4],[4892133.7,4320480.8],[4892280.8,4320487.4],[4892504.8,4320507.5],[4892735.3,4320557.5],[4892899.0,4320616.4],[4893006.5,4320668.8],[4893130.7,4320772.5],[4893210.5,4320933.1],[4893290.7,4321113.3],[4893377.4,4321220.7],[4893648.1,4321434.6],[4893614.5,4321408.0],[4893619.2,4321393.4],[4893657.3,4321171.7],[4893650.0,4321069.2],[4893620.7,4321004.9],[4893610.3,4320923.3],[4893620.7,4320768.6],[4893679.5,4320690.8],[4893724.5,4320623.2]]]}},{"type":"Feature","properties":{"Vill_name":"Tasti Tea Garden","Sub_dist":null,"District":"Alipurduar","Vill_LGD":"307366"},"geometry":{"type":"Polygon","coordinates":[[[4892463.5,4317690.5],[4892517.8,4317656.2],[4892721.6,4317656.2],[4892915.0,4317660.1],[4893443.9,4317634.0],[4894441.2,4317592.6],[4894461.9,4317531.2],[4894466.8,4317459.7],[4894460.3,4317432.4],[4894415.4,4317364.9],[4894328.9,4317272.3],[4894247.7,4317174.0],[4894195.6,4317102.8],[4894157.9,4317039.0],[4894131.9,4316967.0],[4894124.8,4316939.7],[4894147.3,4316880.8],[4894164.3,4316823.7],[4894166.2,4316764.8],[4894159.2,4316715.8],[4894116.4,4316645.0],[4894090.4,4316593.1],[4894074.8,4316531.0],[4894064.0,4316438.6],[4894054.4,4316393.4],[4894026.3,4316333.1],[4893990.2,4316286.2],[4893900.0,4316180.1],[4893841.8,4316104.1],[4893807.1,4316040.1],[4893789.9,4315988.2],[4893755.2,4315933.4],[4893712.3,4315876.3],[4893597.7,4315734.7],[4893535.8,4315654.6],[4893466.9,4315554.0],[4893435.8,4315476.4],[4893409.7,4315385.2],[4893378.5,4315288.4],[4893332.1,4315231.2],[4893320.3,4315200.6],[4893332.2,4315106.9],[4893238.9,4315096.5],[4893180.3,4315108.4],[4893143.8,4315132.7],[4893114.0,4315129.3],[4893026.4,4315122.1],[4892819.0,4315133.8],[4892744.8,4315113.5],[4892563.1,4315123.4],[4892487.1,4315150.2],[4892331.6,4315145.2],[4892319.6,4315160.8],[4892144.8,4315157.3],[4892086.2,4315119.6],[4892037.6,4315037.7],[4892015.3,4315001.7],[4892006.6,4314936.4],[4891916.3,4314935.5],[4891916.1,4314939.4],[4891921.9,4314971.7],[4891919.6,4315018.7],[4891900.8,4315062.0],[4891866.3,4315105.1],[4891831.6,4315132.9],[4891798.7,4315193.2],[4891798.9,4315229.5],[4891805.5,4315255.4],[4891826.2,4315286.4],[4891850.7,4315317.5],[4891847.3,4315367.5],[4891807.6,4315428.0],[4891759.2,4315472.8],[4891683.3,4315508.9],[4891638.3,4315534.8],[4891622.6,4315565.4],[4891591.1,4315617.5],[4891570.8,4315662.2],[4891556.7,4315688.5],[4891544.6,4315705.1],[4891518.7,4315814.4],[4891487.9,4315872.4],[4891444.4,4315940.1],[4891409.5,4315961.0],[4891318.2,4315969.3],[4891297.1,4315988.5],[4891273.1,4316048.7],[4891273.3,4316065.5],[4891268.3,4316107.0],[4891252.6,4316167.6],[4891230.0,4316240.2],[4891214.5,4316295.5],[4891219.9,4316328.2],[4891249.4,4316337.9],[4891282.3,4316358.2],[4891304.9,4316387.8],[4891309.6,4316432.7],[4891309.9,4316467.6],[4891334.1,4316485.0],[4891354.9,4316522.8],[4891339.2,4316572.7],[4891329.4,4316613.5],[4891325.6,4316661.9],[4891346.2,4316683.1],[4891384.3,4316738.0],[4891408.8,4316800.5],[4891432.7,4316846.9],[4891480.6,4316902.3],[4891539.7,4316950.8],[4891695.2,4317037.4],[4891743.9,4317095.7],[4891781.7,4317189.4],[4891816.2,4317268.7],[4891850.9,4317332.8],[4891912.9,4317391.8],[4891971.8,4317443.7],[4891999.1,4317530.0],[4892006.0,4317682.2],[4892086.1,4317744.0],[4892166.3,4317710.5],[4892353.5,4317680.2],[4892463.5,4317690.5]]]}},{"type":"Feature","properties":{"Vill_name":"Nangdala Tea Garden","Sub_dist":null,"District":"Alipurduar","Vill_LGD":"307064"},"geometry":{"type":"Polygon","coordinates":[[[4891193.4,4327237.8],[4891219.8,4326894.7],[4891016.4,4326894.7],[4890770.0,4326910.4],[4890507.5,4326921.8],[4890421.2,4326917.7],[4890425.4,4326800.9],[4890424.8,4326619.6],[4890445.0,4326414.7],[4890485.2,4326048.1],[4890521.8,4325900.0],[4890546.5,4325723.9],[4890586.5,4325565.1],[4890609.5,4325220.4],[4890447.8,4325222.4],[4890313.3,4325229.7],[4890057.5,4325236.5],[4890089.8,4325085.3],[4890113.1,4324988.6],[4890133.4,4324883.5],[4890179.2,4324789.9],[4890252.0,4324664.7],[4890288.5,4324591.2],[4890303.8,4324487.3],[4890326.2,4324297.8],[4890353.7,4324104.0],[4890386.4,4323995.6],[4890469.7,4323745.6],[4888193.8,4323809.0],[4888187.3,4323810.0],[4888202.1,4323891.4],[4888181.4,4323954.8],[4888236.2,4324051.3],[4888326.8,4324159.8],[4888390.0,4324243.9],[4888394.7,4324280.0],[4888326.7,4324253.1],[4888272.0,4324216.6],[4888206.4,4324180.5],[4888188.5,4324164.4],[4888134.1,4324130.4],[4888100.3,4324098.8],[4888054.7,4324116.7],[4887966.6,4324130.7],[4887901.1,4324143.7],[4887959.8,4324343.6],[4887953.0,4324474.9],[4887948.6,4324535.1],[4888195.0,4324467.4],[4888344.1,4324422.5],[4888475.6,4324426.9],[4888534.4,4324440.5],[4888725.1,4324662.4],[4888753.0,4324859.3],[4888775.5,4324973.4],[4888766.5,4325129.7],[4888759.7,4325301.8],[4888655.4,4325427.5],[4888553.6,4325470.3],[4888542.1,4325545.4],[4888617.2,4325740.6],[4888603.7,4325838.7],[4888536.2,4325973.5],[4888430.5,4326046.6],[4888408.2,4326132.0],[4888400.9,4326193.5],[4888460.2,4326256.3],[4888496.0,4326309.1],[4888602.7,4326317.7],[4888658.9,4326324.3],[4888656.4,4326428.4],[4888616.1,4326529.1],[4888582.0,4326594.8],[4888557.0,4326746.4],[4888563.8,4326891.7],[4888559.7,4326996.6],[4888618.5,4327132.6],[4888600.7,4327227.5],[4888578.2,4327327.2],[4888702.6,4327488.9],[4888806.4,4327495.9],[4888847.7,4327730.8],[4888942.6,4327789.9],[4889010.5,4327849.2],[4888892.5,4327993.8],[4889024.2,4328156.4],[4889110.3,4328482.4],[4889368.3,4328439.3],[4889900.7,4328445.2],[4890366.7,4328410.2],[4890710.5,4328380.5],[4891097.7,4328381.4],[4891099.6,4328269.5],[4891132.5,4328044.6],[4891172.7,4327545.9],[4891193.4,4327237.8]]]}},{"type":"Feature","properties":{"Vill_name":"Garganda Tea Garden","Sub_dist":null,"District":"Alipurduar","Vill_LGD":"307085"},"geometry":{"type":"Polygon","coordinates":[[[4901429.0,4329793.7],[4900973.1,4329814.0],[4900745.0,4329825.7],[4900573.3,4329819.9],[4900415.8,4329835.9],[4900230.9,4329831.0],[4900078.0,4329842.8],[4899691.8,4329864.5],[4899454.5,4329873.8],[4898675.4,4329902.7],[4898163.6,4329899.2],[4898112.7,4329894.3],[4898004.2,4329883.2],[4897964.2,4329886.7],[4897936.5,4330168.4],[4897952.7,4330280.2],[4898098.4,4330305.3],[4898044.3,4330745.9],[4898028.0,4330860.1],[4897873.1,4330873.8],[4897867.7,4331016.5],[4897889.9,4331137.5],[4897908.7,4331176.2],[4897967.4,4331212.9],[4897970.2,4331297.1],[4897941.6,4331412.6],[4897957.5,4331551.9],[4897916.6,4331615.8],[4897850.2,4331657.3],[4897827.8,4331663.6],[4897845.5,4331807.5],[4897999.5,4331813.4],[4898081.4,4331836.5],[4898156.5,4331786.5],[4898453.9,4331763.5],[4898974.2,4331731.5],[4899401.0,4331713.6],[4899465.4,4331724.6],[4899486.5,4331592.4],[4899546.9,4331193.4],[4899682.4,4331165.1],[4899873.1,4331174.2],[4900985.7,4331229.1],[4902158.5,4331309.0],[4903381.7,4331303.8],[4903483.5,4330892.1],[4903690.9,4330357.7],[4903833.0,4330179.8],[4903833.0,4329730.7],[4902614.7,4329737.6],[4901429.0,4329793.7]]]}},{"type":"Feature","properties":{"Vill_name":"Hantupara Tea Garden","Sub_dist":null,"District":"Alipurduar","Vill_LGD":"307084"},"geometry":{"type":"Polygon","coordinates":[[[4902970.1,4326173.1],[4901987.2,4326291.0],[4901653.2,4326362.9],[4901625.6,4326660.3],[4901630.3,4326870.3],[4901608.5,4327273.1],[4901598.3,4327525.1],[4901561.8,4327876.6],[4901530.8,4328165.0],[4901508.0,4328496.0],[4901432.7,4329470.6],[4901429.0,4329793.7],[4902614.7,4329737.6],[4903833.0,4329730.7],[4903787.9,4329677.9],[4903844.6,4329478.2],[4904200.6,4329164.7],[4904321.9,4328929.8],[4904400.1,4328651.5],[4904564.3,4328466.3],[4904706.8,4328373.5],[4905134.2,4328188.1],[4905269.5,4327960.3],[4905358.7,4327985.2],[4905374.3,4328028.7],[4905699.1,4327812.4],[4905823.7,4327744.2],[4905891.0,4327683.5],[4905912.5,4327234.5],[4905932.2,4327111.7],[4905903.6,4327051.4],[4905789.6,4326969.3],[4905287.7,4326751.6],[4905052.7,4326652.4],[4904985.3,4326624.6],[4904812.7,4326566.2],[4904732.3,4326541.2],[4904661.1,4326500.0],[4904638.0,4326408.9],[4904582.7,4326321.8],[4904513.1,4326307.6],[4904456.2,4326284.8],[4904458.4,4326239.7],[4904449.4,4326202.4],[4904378.4,4326197.0],[4904287.5,4326187.8],[4904291.1,4326133.9],[4904359.3,4326052.2],[4904298.6,4326038.0],[4903976.1,4326093.2],[4903513.1,4326139.3],[4902970.1,4326173.1]]]}},{"type":"Feature","properties":{"Vill_name":"Hossenabad Tea Garden","Sub_dist":null,"District":"Alipurduar","Vill_LGD":"307070"},"geometry":{"type":"Polygon","coordinates":[[[4893394.4,4325074.8],[4893376.6,4325260.6],[4893190.3,4325272.8],[4892676.1,4325280.0],[4892485.2,4325285.5],[4892446.8,4325409.0],[4892431.4,4325555.6],[4892431.8,4325701.6],[4892436.2,4326355.2],[4892416.2,4326894.2],[4892927.5,4326875.6],[4892947.0,4326676.0],[4892952.7,4326547.1],[4892950.5,4326366.7],[4892940.7,4326131.4],[4892945.2,4326088.4],[4893008.9,4326051.6],[4893361.0,4326035.6],[4893646.6,4326063.1],[4893951.5,4326078.3],[4894107.2,4326078.4],[4894141.2,4325892.8],[4894161.7,4325751.3],[4894164.3,4325626.2],[4894185.7,4325487.7],[4894213.2,4325334.7],[4894256.6,4325321.1],[4894466.7,4325314.0],[4894562.8,4325309.3],[4894713.8,4325316.6],[4894777.5,4325307.8],[4894786.5,4325274.4],[4894848.5,4325098.5],[4894893.4,4324932.6],[4894968.0,4324616.9],[4894813.3,4324605.5],[4894607.3,4324598.5],[4894561.5,4324589.5],[4894577.8,4324383.9],[4894548.4,4324371.2],[4894439.0,4324378.2],[4894292.9,4324393.8],[4894146.8,4324386.8],[4893986.8,4324403.1],[4893870.2,4324437.3],[4893850.7,4324475.2],[4893830.3,4324715.0],[4893814.9,4324974.6],[4893691.8,4324990.3],[4893483.4,4325052.5],[4893394.4,4325074.8]]]}},{"type":"Feature","properties":{"Vill_name":"Birpara Tea Garden (CT)","Sub_dist":null,"District":"Alipurduar","Vill_LGD":"307063"},"geometry":{"type":"Polygon","coordinates":[[[4891219.8,4326894.7],[4891355.6,4326880.1],[4892091.4,4326893.8],[4892416.2,4326894.2],[4892436.2,4326355.2],[4892431.8,4325701.6],[4892431.4,4325555.6],[4892446.8,4325409.0],[4892485.2,4325285.5],[4892676.1,4325280.0],[4893190.3,4325272.8],[4893376.6,4325260.6],[4893394.4,4325074.8],[4893424.8,4324718.1],[4893444.2,4324508.7],[4893444.2,4324172.7],[4893454.8,4323962.9],[4893468.2,4323775.4],[4893758.1,4323775.5],[4894083.2,4323777.9],[4894203.2,4323765.5],[4894235.2,4323641.8],[4894234.9,4323484.0],[4894212.3,4323371.9],[4894208.7,4323283.8],[4894254.5,4323190.2],[4894311.9,4323139.9],[4894460.4,4323025.7],[4894535.8,4322927.2],[4894598.6,4322816.7],[4894640.2,4322576.5],[4894651.2,4322427.6],[4894647.5,4322321.3],[4894656.7,4322273.6],[4894757.7,4322257.4],[4894869.6,4322259.3],[4894932.9,4322250.6],[4894938.1,4322193.3],[4894934.2,4322163.2],[4894810.5,4322109.6],[4894109.9,4321722.1],[4893648.1,4321434.6],[4893377.4,4321220.7],[4893290.7,4321113.3],[4893210.5,4320933.1],[4893130.7,4320772.5],[4893006.5,4320668.8],[4892899.0,4320616.4],[4892735.3,4320557.5],[4892504.8,4320507.5],[4892280.8,4320487.4],[4892133.7,4320480.8],[4892096.5,4320457.4],[4892086.6,4320427.5],[4892083.6,4320377.2],[4892083.8,4320334.0],[4892127.4,4320223.6],[4892157.1,4320106.6],[4892217.2,4319899.2],[4892267.2,4319595.6],[4892310.1,4318886.7],[4892463.5,4317690.5],[4892353.5,4317680.2],[4892166.3,4317710.5],[4892086.1,4317744.0],[4892056.2,4317783.8],[4892079.5,4317831.1],[4892133.2,4317907.9],[4892169.5,4318011.4],[4892163.2,4318061.2],[4892119.5,4318121.5],[4892046.0,4318168.5],[4891922.4,4318225.0],[4891805.9,4318298.5],[4891722.3,4318331.8],[4891611.8,4318319.1],[4891487.0,4318299.3],[4891059.9,4318222.2],[4890802.2,4318185.8],[4890635.0,4318148.7],[4890471.7,4318092.2],[4890384.8,4318048.7],[4890220.5,4317991.7],[4890060.8,4317971.7],[4889943.5,4317928.2],[4889799.5,4317868.2],[4889666.2,4317821.5],[4889522.5,4317724.2],[4889465.5,4317724.4],[4889432.3,4317761.1],[4889432.3,4317831.4],[4889449.0,4317904.9],[4889488.9,4317952.0],[4889609.3,4317961.8],[4889706.2,4318001.8],[4889776.6,4318058.8],[4889779.8,4318115.4],[4889679.5,4318279.6],[4889636.3,4318359.5],[4889635.9,4318419.5],[4889669.6,4318536.5],[4889683.3,4318639.9],[4889662.9,4318717.0],[4889632.7,4318813.8],[4889606.2,4318903.9],[4889585.8,4319031.2],[4889562.1,4319115.0],[4889508.8,4319141.5],[4889452.3,4319141.2],[4889361.7,4319125.0],[4889160.9,4319111.4],[4888924.2,4319141.3],[4888867.4,4319208.3],[4888813.6,4319365.4],[4888756.9,4319502.2],[4888715.3,4319560.0],[4888715.8,4319560.2],[4888670.0,4319622.8],[4888616.2,4319699.8],[4888626.0,4319803.5],[4888652.7,4319880.4],[4888672.8,4320033.7],[4888651.6,4320067.0],[4888654.0,4320068.2],[4888681.7,4320084.2],[4888727.3,4320086.9],[4888848.3,4320063.8],[4888914.4,4320047.8],[4889126.9,4319848.2],[4889368.5,4319574.9],[4889491.5,4319408.4],[4889577.0,4319397.8],[4889709.0,4319402.1],[4889898.1,4319393.1],[4889957.8,4319386.6],[4890266.3,4319519.4],[4890728.7,4319733.7],[4890971.4,4319855.5],[4890959.5,4319919.3],[4890954.2,4320285.0],[4890965.3,4320481.1],[4890975.5,4320710.0],[4890955.3,4320862.9],[4890914.1,4321045.6],[4890872.2,4321150.7],[4890803.5,4321292.3],[4890760.8,4321453.9],[4890745.5,4321589.2],[4890802.5,4321863.2],[4890837.4,4322108.0],[4890851.4,4322399.6],[4890836.7,4322571.3],[4890811.9,4322751.4],[4890734.9,4323073.9],[4890657.6,4323292.8],[4890555.0,4323555.1],[4890469.7,4323745.6],[4890386.4,4323995.6],[4890353.7,4324104.0],[4890326.2,4324297.8],[4890303.8,4324487.3],[4890288.5,4324591.2],[4890252.0,4324664.7],[4890179.2,4324789.9],[4890133.4,4324883.5],[4890113.1,4324988.6],[4890089.8,4325085.3],[4890057.5,4325236.5],[4890313.3,4325229.7],[4890447.8,4325222.4],[4890609.5,4325220.4],[4890586.5,4325565.1],[4890546.5,4325723.9],[4890521.8,4325900.0],[4890485.2,4326048.1],[4890445.0,4326414.7],[4890424.8,4326619.6],[4890425.4,4326800.9],[4890421.2,4326917.7],[4890507.5,4326921.8],[4890770.0,4326910.4],[4891016.4,4326894.7],[4891219.8,4326894.7]]]}},{"type":"Feature","properties":{"Vill_name":"Gopalpur Tea Garden","Sub_dist":null,"District":"Alipurduar","Vill_LGD":"307071"},"geometry":{"type":"Polygon","coordinates":[[[4895577.5,4323058.8],[4895492.1,4323035.0],[4895309.0,4322980.5],[4895290.8,4323012.6],[4895277.3,4323108.7],[4895279.6,4323224.8],[4895247.8,4323416.8],[4895158.1,4323421.3],[4895176.7,4323279.8],[4895033.5,4323275.8],[4894995.4,4323362.9],[4894958.1,4323534.6],[4894786.8,4323541.5],[4894738.9,4323598.7],[4894616.8,4324114.6],[4894349.2,4324121.4],[4894272.7,4324118.2],[4894215.7,4324262.3],[4894135.7,4324331.2],[4894146.8,4324386.8],[4894292.9,4324393.8],[4894439.0,4324378.2],[4894548.4,4324371.2],[4894577.8,4324383.9],[4894561.5,4324589.5],[4894607.3,4324598.5],[4894813.3,4324605.5],[4894968.0,4324616.9],[4894893.4,4324932.6],[4894848.5,4325098.5],[4894786.5,4325274.4],[4894777.5,4325307.8],[4894788.4,4325306.4],[4895017.1,4325302.2],[4895569.8,4325281.6],[4895915.7,4325271.2],[4896047.9,4325259.8],[4896226.0,4325255.1],[4896567.8,4325217.5],[4896692.9,4325210.3],[4896739.0,4325212.5],[4896750.0,4325361.4],[4896773.3,4325377.2],[4896814.1,4325356.6],[4896874.2,4325281.4],[4896939.2,4325186.7],[4897022.3,4325000.6],[4897114.2,4324745.1],[4897150.9,4324636.3],[4897149.2,4324538.5],[4897121.7,4324426.6],[4897060.7,4324263.5],[4896998.6,4324155.9],[4896972.6,4324052.0],[4896997.1,4324002.1],[4897065.9,4323910.5],[4897302.6,4323727.9],[4897452.6,4323643.2],[4897644.5,4323525.7],[4897665.5,4323486.9],[4897638.5,4323415.8],[4897606.5,4323314.5],[4897612.4,4323231.8],[4897400.4,4323217.7],[4897168.4,4323209.5],[4897174.3,4323066.3],[4896912.3,4323057.6],[4896910.7,4323019.7],[4896937.2,4322940.4],[4897009.7,4322811.8],[4897104.9,4322649.3],[4897156.4,4322477.9],[4897044.7,4322491.2],[4896913.9,4322494.7],[4896822.9,4322506.0],[4896734.1,4322504.7],[4896731.4,4322528.7],[4896734.8,4322623.2],[4896740.2,4322715.3],[4896709.1,4322849.4],[4896672.8,4322889.4],[4896643.8,4322890.0],[4896541.7,4322889.5],[4896466.8,4322903.1],[4896457.2,4322918.8],[4896423.4,4322999.2],[4896413.5,4323133.9],[4896377.0,4323145.4],[4896212.6,4323143.4],[4896163.2,4323127.7],[4896122.0,4323086.5],[4896108.3,4322971.8],[4896142.8,4322878.7],[4896115.2,4322878.3],[4896005.5,4322832.3],[4895948.3,4322876.2],[4895689.6,4322871.6],[4895641.7,4322887.5],[4895644.1,4322919.5],[4895628.1,4322997.4],[4895577.5,4323058.8]]]}},{"type":"Feature","properties":{"Vill_name":"Mujnai Tea Garden","Sub_dist":null,"District":"Alipurduar","Vill_LGD":"307093"},"geometry":{"type":"Polygon","coordinates":[[[4901653.2,4326362.9],[4901987.2,4326291.0],[4902970.1,4326173.1],[4903513.1,4326139.3],[4903976.1,4326093.2],[4904298.6,4326038.0],[4904359.3,4326052.2],[4904355.5,4325999.4],[4904340.2,4325877.8],[4904296.7,4325822.7],[4904216.2,4325759.9],[4904147.2,4325712.8],[4904090.2,4325692.4],[4903974.3,4325629.4],[4903872.3,4325522.8],[4903813.4,4325400.5],[4903682.8,4325326.0],[4903518.0,4325259.1],[4903350.9,4325178.4],[4903036.5,4325087.2],[4902935.2,4325069.0],[4902771.1,4324996.3],[4902553.2,4324890.0],[4902400.1,4324856.1],[4902241.9,4324886.4],[4902101.1,4324883.0],[4902046.6,4324850.0],[4901968.2,4324775.0],[4901936.0,4324677.1],[4901945.4,4324625.5],[4901987.8,4324582.3],[4902042.2,4324523.1],[4902054.8,4324474.5],[4902011.7,4324390.9],[4901967.2,4324346.5],[4901905.2,4324286.1],[4901851.5,4324218.1],[4901850.8,4324171.0],[4901847.1,4324094.6],[4901911.2,4324017.6],[4901946.6,4323956.9],[4901921.6,4323925.3],[4901975.2,4323882.7],[4902050.2,4323855.8],[4902085.5,4323816.7],[4902069.7,4323786.0],[4902008.3,4323787.0],[4901930.2,4323766.0],[4901906.5,4323748.2],[4901836.0,4323733.0],[4901463.2,4323741.1],[4901278.0,4323760.7],[4900899.5,4323766.6],[4900679.1,4323761.4],[4900370.3,4323737.7],[4900217.2,4323743.2],[4900302.7,4323844.5],[4900325.5,4323963.5],[4900252.5,4324124.1],[4900242.6,4324217.5],[4900360.3,4324394.1],[4900554.0,4324586.2],[4900665.6,4324635.3],[4900740.3,4324768.5],[4900699.4,4324862.9],[4900540.7,4325087.6],[4900279.9,4325455.4],[4900042.0,4325795.2],[4899827.6,4326166.2],[4899615.4,4326534.7],[4899596.7,4326596.7],[4899740.3,4326583.0],[4899957.1,4326560.0],[4900116.6,4326533.3],[4900624.4,4326465.8],[4900797.5,4326452.0],[4901077.0,4326432.5],[4901241.4,4326405.0],[4901387.3,4326384.5],[4901515.1,4326373.5],[4901653.2,4326362.9]]]}},{"type":"Feature","properties":{"Vill_name":"Paschim Khairbari","Sub_dist":null,"District":"Alipurduar","Vill_LGD":"307095"},"geometry":{"type":"Polygon","coordinates":[[[4900028.9,4320158.1],[4899916.9,4320168.4],[4899855.2,4320153.7],[4899844.7,4320169.4],[4899800.2,4320215.4],[4899759.3,4320228.2],[4899704.0,4320234.8],[4899727.1,4320253.6],[4899711.2,4320338.8],[4899680.5,4320375.2],[4899664.9,4320444.2],[4899707.3,4320512.1],[4899747.0,4320505.1],[4899812.5,4320449.3],[4899862.3,4320476.3],[4899890.5,4320533.7],[4899935.1,4320618.3],[4899983.8,4320636.4],[4900011.9,4320686.4],[4900078.8,4320673.4],[4900115.7,4320673.7],[4900135.3,4320714.4],[4900076.8,4320837.4],[4900067.7,4320916.0],[4900169.2,4320969.5],[4900204.5,4321022.8],[4900207.1,4321142.8],[4900221.6,4321187.7],[4900264.2,4321221.7],[4900326.9,4321235.5],[4900372.8,4321231.8],[4900385.2,4321250.1],[4900392.1,4321269.6],[4900333.6,4321332.2],[4900337.3,4321367.7],[4900361.2,4321391.5],[4900388.4,4321417.8],[4900389.6,4321484.2],[4900334.8,4321541.0],[4900332.9,4321621.5],[4900395.0,4321648.0],[4900409.5,4321674.3],[4900399.8,4321713.1],[4900412.0,4321795.3],[4900437.0,4321826.9],[4900479.7,4321829.0],[4900508.4,4321885.9],[4900517.3,4321977.2],[4900458.5,4322003.3],[4900501.4,4322062.4],[4900518.4,4322106.0],[4900551.5,4322143.4],[4900594.6,4322147.0],[4900657.3,4322129.3],[4900706.7,4322113.5],[4900744.4,4322117.3],[4900811.8,4322175.6],[4900868.7,4322209.7],[4900888.4,4322207.7],[4900945.1,4322204.1],[4900987.3,4322205.1],[4901031.7,4322242.6],[4901078.4,4322270.9],[4901131.7,4322308.3],[4901133.0,4322331.5],[4901035.5,4322438.3],[4900997.3,4322548.0],[4900975.6,4322611.8],[4901018.8,4322704.8],[4901100.7,4322788.3],[4901141.8,4322824.2],[4901241.2,4322870.7],[4901280.1,4322890.3],[4901398.9,4322901.4],[4901484.1,4322876.5],[4901539.6,4322846.2],[4901603.9,4322785.5],[4901573.4,4322664.6],[4901584.0,4322626.8],[4901628.9,4322612.8],[4901663.1,4322565.8],[4901636.3,4322540.4],[4901636.0,4322496.2],[4901616.5,4322461.8],[4901581.2,4322419.4],[4901574.0,4322385.6],[4901582.6,4322340.8],[4901627.0,4322273.7],[4901624.7,4322231.3],[4901603.0,4322140.4],[4901546.3,4322051.7],[4901429.5,4321895.8],[4901406.9,4321815.6],[4901371.0,4321683.7],[4901279.1,4321529.4],[4901293.8,4321408.8],[4901288.4,4321316.1],[4901357.9,4321260.5],[4901369.3,4321156.4],[4901269.2,4321051.4],[4901255.0,4320998.2],[4901303.4,4320983.8],[4901352.6,4320951.8],[4901456.3,4320909.1],[4901571.9,4320866.0],[4901581.5,4320797.7],[4901551.1,4320655.2],[4901572.7,4320634.2],[4901686.5,4320607.2],[4901773.9,4320578.5],[4901830.6,4320562.5],[4901848.7,4320504.0],[4901833.0,4320422.2],[4901813.3,4320361.8],[4901809.0,4320265.3],[4901746.8,4320231.3],[4901618.5,4320264.0],[4901536.7,4320260.0],[4901416.9,4320277.9],[4901378.1,4320277.0],[4901350.0,4320198.5],[4901300.4,4320115.1],[4901291.2,4320092.0],[4901079.1,4320161.4],[4900901.3,4320222.1],[4900914.8,4320319.1],[4900918.2,4320362.0],[4900779.0,4320354.3],[4900743.8,4320351.1],[4900699.4,4320313.6],[4900674.1,4320248.1],[4900637.0,4320264.0],[4900537.1,4320265.5],[4900442.5,4320210.4],[4900407.4,4320276.5],[4900319.3,4320249.2],[4900287.4,4320249.1],[4900288.9,4320197.1],[4900279.7,4320174.1],[4900242.6,4320190.0],[4900199.8,4320221.8],[4900155.2,4320168.6],[4900133.5,4320148.9],[4900028.9,4320158.1]]]}},{"type":"Feature","properties":{"Vill_name":"Paschim Salbari","Sub_dist":null,"District":"Alipurduar","Vill_LGD":"307240"},"geometry":{"type":"Polygon","coordinates":[[[4921881.5,4302601.7],[4921559.9,4302570.0],[4921560.0,4302372.6],[4921477.0,4302311.2],[4921366.0,4302321.0],[4921321.8,4302383.8],[4921255.0,4302383.5],[4921277.5,4302487.7],[4921366.3,4302643.8],[4921288.6,4302737.3],[4921199.7,4302778.7],[4921089.2,4302706.1],[4921078.3,4302830.8],[4921066.5,4302893.1],[4920895.0,4303048.4],[4920928.1,4303339.8],[4920983.4,4303610.1],[4921061.0,4303662.0],[4921183.3,4303672.3],[4921216.5,4303942.5],[4921316.0,4304088.3],[4921549.2,4304233.5],[4921748.8,4304057.0],[4921981.5,4304150.7],[4922169.6,4304129.7],[4922358.2,4304129.5],[4922429.9,4304140.8],[4922785.0,4304182.4],[4922918.0,4304203.0],[4922984.4,4304088.8],[4923006.6,4303953.8],[4922862.4,4303776.5],[4922774.0,4303704.0],[4922784.9,4303641.6],[4922818.3,4303558.8],[4922873.4,4303465.1],[4923028.6,4303527.1],[4923150.8,4303620.9],[4923173.3,4303776.7],[4923228.6,4304005.7],[4923272.8,4304036.8],[4923372.5,4304068.2],[4923439.3,4304016.3],[4923405.5,4303849.7],[4923261.4,4303537.8],[4923128.4,4303340.3],[4923017.6,4303090.4],[4923017.7,4302986.8],[4923084.1,4302934.5],[4923162.2,4302851.8],[4923295.2,4302934.8],[4923350.3,4302830.9],[4923139.7,4302789.3],[4922757.1,4302767.5],[4922247.9,4302715.6],[4921926.1,4302726.1],[4921881.5,4302601.7]]]}},{"type":"Feature","properties":{"Vill_name":"Gopimohan Tea Garden (CT)","Sub_dist":null,"District":"Alipurduar","Vill_LGD":"307120"},"geometry":{"type":"Polygon","coordinates":[[[4913327.4,4338625.7],[4913324.1,4338695.3],[4913327.7,4338782.9],[4913346.0,4338862.9],[4913382.4,4338902.9],[4913430.1,4338902.8],[4913484.7,4338880.8],[4913535.8,4338880.8],[4913619.5,4338917.2],[4913645.1,4339008.9],[4913721.6,4339012.5],[4913769.1,4339106.7],[4913874.8,4339065.0],[4913937.2,4339053.8],[4914075.2,4339087.4],[4914100.2,4338984.5],[4914277.6,4339014.1],[4914299.3,4338806.8],[4914294.6,4338700.0],[4914273.2,4338696.0],[4914232.6,4338692.1],[4914147.5,4338673.3],[4914077.5,4338658.6],[4913941.4,4338658.0],[4913911.4,4338648.2],[4913768.6,4338655.1],[4913619.8,4338633.3],[4913539.2,4338582.3],[4913422.5,4338557.0],[4913422.5,4338618.9],[4913327.4,4338625.7]]]}},{"type":"Feature","properties":{"Vill_name":"Paschim Satali","Sub_dist":null,"District":"Alipurduar","Vill_LGD":"307111"},"geometry":{"type":"Polygon","coordinates":[[[4913626.6,4319628.2],[4913202.0,4319858.4],[4912625.9,4320315.6],[4912209.2,4320738.7],[4912338.1,4320745.4],[4912404.1,4320752.0],[4912448.0,4320818.4],[4912488.0,4320887.2],[4912513.4,4320971.4],[4912498.7,4321022.8],[4912447.6,4321062.5],[4912429.4,4321084.8],[4912447.6,4321113.6],[4912488.0,4321121.0],[4912549.8,4321102.8],[4912743.3,4321093.4],[4912878.3,4321086.2],[4912936.5,4321020.7],[4912962.0,4320991.0],[4913031.3,4320947.6],[4913093.2,4320936.8],[4913129.8,4320911.1],[4913173.6,4320900.4],[4913191.9,4320918.0],[4913180.7,4320936.6],[4913169.8,4320969.0],[4913151.6,4321009.9],[4913155.6,4321071.5],[4913170.0,4321148.3],[4913221.1,4321148.3],[4913341.7,4321144.8],[4913436.2,4321130.1],[4913549.6,4321100.7],[4913600.9,4321086.0],[4913710.1,4321082.8],[4913706.2,4320958.9],[4913710.2,4320896.2],[4913768.8,4320892.6],[4913779.2,4320881.8],[4913761.3,4320845.1],[4913750.5,4320834.2],[4913739.2,4320805.2],[4913739.1,4320754.1],[4913768.7,4320732.0],[4913823.3,4320741.0],[4913888.8,4320748.0],[4914020.4,4320788.7],[4914217.4,4320810.0],[4914458.3,4320825.0],[4914458.4,4320763.1],[4914447.2,4320668.2],[4914502.2,4320657.1],[4914531.4,4320664.4],[4914560.4,4320664.3],[4914612.1,4320620.6],[4914626.3,4320569.2],[4914669.9,4320562.0],[4914640.6,4320496.2],[4914633.6,4320448.8],[4914688.4,4320412.1],[4914742.8,4320383.2],[4914769.0,4320379.6],[4914860.0,4320388.9],[4914892.4,4320377.7],[4914921.8,4320370.2],[4914965.3,4320333.5],[4915005.7,4320290.2],[4915027.6,4320293.8],[4915045.9,4320311.8],[4915056.9,4320348.2],[4915093.5,4320363.2],[4915137.2,4320363.4],[4915195.4,4320370.1],[4915210.1,4320370.3],[4915213.7,4320337.1],[4915210.3,4320315.8],[4915213.8,4320293.8],[4915225.0,4320275.2],[4915217.2,4320253.7],[4915199.4,4320235.2],[4915191.8,4320198.5],[4915228.4,4320162.4],[4915268.4,4320169.7],[4915268.1,4320195.3],[4915268.4,4320260.6],[4915305.0,4320359.1],[4915348.8,4320366.6],[4915381.8,4320344.6],[4915407.1,4320359.1],[4915410.8,4320384.8],[4915444.0,4320388.9],[4915487.5,4320403.3],[4915494.8,4320425.2],[4915476.1,4320436.1],[4915458.3,4320479.5],[4915498.5,4320512.8],[4915538.1,4320465.1],[4915567.8,4320410.5],[4915658.9,4320333.9],[4915717.3,4320333.7],[4915790.5,4320344.6],[4915892.4,4320279.2],[4915899.9,4320276.7],[4915899.9,4320255.0],[4915888.9,4320218.7],[4915914.4,4320178.1],[4915972.9,4320167.7],[4916031.5,4320163.6],[4916060.6,4320131.1],[4916049.5,4320054.4],[4916093.3,4320054.1],[4916078.5,4320014.1],[4916074.7,4319981.0],[4916104.4,4319933.8],[4916144.4,4319890.0],[4916151.3,4319857.4],[4916173.3,4319839.3],[4916217.5,4319839.0],[4916253.7,4319853.5],[4916246.5,4319890.0],[4916276.1,4319919.4],[4916297.3,4319999.5],[4916417.7,4319988.6],[4916509.2,4319974.3],[4916549.3,4319948.7],[4916568.1,4319893.6],[4916608.1,4319788.0],[4916633.5,4319707.6],[4916713.8,4319704.1],[4916779.4,4319707.8],[4916841.5,4319704.3],[4916976.6,4319641.6],[4917118.3,4319585.0],[4917129.2,4319512.3],[4917132.7,4319450.1],[4917111.2,4319435.8],[4917052.8,4319436.0],[4917016.2,4319431.7],[4916976.2,4319424.9],[4916917.7,4319395.1],[4916903.2,4319450.4],[4916899.3,4319501.3],[4916874.1,4319526.6],[4916815.6,4319526.8],[4916757.4,4319501.4],[4916680.3,4319501.1],[4916673.4,4319450.2],[4916622.2,4319369.6],[4916589.2,4319362.6],[4916542.0,4319362.8],[4916490.8,4319395.2],[4916429.0,4319486.6],[4916396.1,4319526.8],[4916319.3,4319590.9],[4916286.4,4319550.0],[4916246.5,4319389.9],[4916249.6,4319313.4],[4916221.0,4319254.6],[4916173.6,4319240.0],[4916144.1,4319240.1],[4916103.8,4319251.4],[4916096.5,4319280.1],[4916100.4,4319331.3],[4916118.3,4319367.6],[4916126.0,4319393.0],[4916118.2,4319422.6],[4916089.4,4319448.2],[4916067.2,4319429.5],[4916064.0,4319404.2],[4916027.2,4319382.8],[4915987.5,4319360.8],[4915969.0,4319305.9],[4915943.3,4319258.0],[4915899.3,4319243.6],[4915830.3,4319269.3],[4915797.4,4319298.6],[4915771.8,4319320.0],[4915742.2,4319324.0],[4915702.4,4319313.2],[4915687.8,4319291.4],[4915651.4,4319291.1],[4915614.9,4319335.1],[4915578.2,4319404.0],[4915556.5,4319426.1],[4915516.3,4319404.0],[4915461.4,4319371.9],[4915417.8,4319338.9],[4915362.7,4319360.8],[4915340.9,4319373.5],[4915289.8,4319395.1],[4915253.4,4319366.3],[4915220.2,4319278.8],[4915213.2,4319209.2],[4915220.2,4319187.4],[4915213.6,4319161.6],[4915195.1,4319147.4],[4915162.5,4319150.8],[4915111.1,4319209.2],[4915110.9,4319263.7],[4915085.2,4319318.5],[4915001.6,4319340.5],[4914903.0,4319358.9],[4914764.4,4319369.9],[4914572.3,4319392.1],[4914596.5,4319634.5],[4914596.4,4319709.2],[4914552.5,4319773.8],[4914454.1,4319716.1],[4914341.7,4319641.9],[4914169.1,4319583.5],[4914091.5,4319533.1],[4914019.8,4319482.0],[4913844.1,4319509.0],[4913626.6,4319628.2]]]}},{"type":"Feature","properties":{"Vill_name":"Purba Satali","Sub_dist":null,"District":"Alipurduar","Vill_LGD":"307130"},"geometry":{"type":"Polygon","coordinates":[[[4917068.7,4321521.9],[4917105.5,4321389.6],[4917068.7,4321327.9],[4917004.6,4321259.5],[4916972.0,4321182.8],[4916997.1,4321098.5],[4917019.4,4321054.9],[4917070.6,4321022.0],[4917132.9,4320992.0],[4917176.2,4320948.9],[4917224.4,4320886.4],[4917235.3,4320824.0],[4917245.8,4320758.2],[4917278.7,4320717.6],[4917312.0,4320659.2],[4917456.2,4320621.0],[4917518.8,4320668.7],[4917595.4,4320720.0],[4917642.8,4320756.2],[4917712.3,4320781.6],[4917770.8,4320760.3],[4917833.3,4320697.5],[4918165.9,4320727.2],[4918418.3,4320727.0],[4918593.7,4320738.4],[4918677.7,4320738.5],[4918813.3,4320716.5],[4918828.1,4320705.4],[4918816.9,4320661.1],[4918776.8,4320646.9],[4918758.6,4320617.1],[4918744.0,4320573.2],[4918721.7,4320547.5],[4918685.3,4320547.8],[4918644.8,4320573.3],[4918601.6,4320614.0],[4918519.0,4320615.4],[4918442.3,4320545.9],[4918384.0,4320428.7],[4918409.5,4320359.2],[4918518.9,4320300.5],[4918606.9,4320227.2],[4918694.3,4320165.0],[4918756.8,4320183.3],[4918811.3,4320194.2],[4918862.8,4320165.2],[4918888.5,4320132.1],[4918917.4,4320143.3],[4918957.9,4320179.6],[4919009.0,4320179.6],[4919045.4,4320168.6],[4919111.3,4320124.6],[4919323.3,4320099.4],[4919383.8,4319994.7],[4919379.8,4319936.1],[4919332.5,4319764.3],[4919581.2,4319669.2],[4919595.9,4319464.1],[4919475.2,4319460.7],[4919289.1,4319449.9],[4919076.4,4319409.2],[4919080.6,4319372.6],[4919009.0,4319359.3],[4918829.8,4319359.1],[4918767.9,4319377.7],[4918723.7,4319377.6],[4918705.6,4319315.3],[4918705.5,4319235.2],[4918676.6,4319110.5],[4918679.9,4319012.0],[4918669.0,4318891.1],[4918552.0,4318872.7],[4918479.1,4319008.2],[4918423.8,4319004.6],[4918277.6,4319041.3],[4918219.1,4319114.2],[4918200.9,4319165.8],[4918178.9,4319183.9],[4918156.8,4319183.9],[4918145.9,4319136.2],[4918142.5,4319063.3],[4918116.6,4319019.3],[4918094.8,4319011.9],[4918068.7,4319033.7],[4917999.5,4319063.3],[4917864.6,4319121.7],[4917692.3,4319180.2],[4917656.1,4319249.7],[4917648.2,4319300.9],[4917531.1,4319305.6],[4917421.4,4319349.5],[4917330.4,4319351.5],[4917340.7,4319413.9],[4917348.3,4319490.4],[4917319.6,4319526.9],[4917194.7,4319570.5],[4917118.3,4319585.0],[4916976.6,4319641.6],[4916841.5,4319704.3],[4916779.4,4319707.8],[4916713.8,4319704.1],[4916633.5,4319707.6],[4916608.1,4319788.0],[4916568.1,4319893.6],[4916549.3,4319948.7],[4916509.2,4319974.3],[4916417.7,4319988.6],[4916297.3,4319999.5],[4916276.1,4319919.4],[4916246.5,4319890.0],[4916253.7,4319853.5],[4916217.5,4319839.0],[4916173.3,4319839.3],[4916151.3,4319857.4],[4916144.4,4319890.0],[4916104.4,4319933.8],[4916074.7,4319981.0],[4916078.5,4320014.1],[4916093.3,4320054.1],[4916049.5,4320054.4],[4916060.6,4320131.1],[4916031.5,4320163.6],[4915972.9,4320167.7],[4915914.4,4320178.1],[4915888.9,4320218.7],[4915899.9,4320255.0],[4915899.9,4320276.7],[4915892.4,4320279.2],[4915790.5,4320344.6],[4915717.3,4320333.7],[4915658.9,4320333.9],[4915567.8,4320410.5],[4915538.1,4320465.1],[4915498.5,4320512.8],[4915458.3,4320479.5],[4915476.1,4320436.1],[4915494.8,4320425.2],[4915487.5,4320403.3],[4915444.0,4320388.9],[4915410.8,4320384.8],[4915407.1,4320359.1],[4915381.8,4320344.6],[4915348.8,4320366.6],[4915305.0,4320359.1],[4915268.4,4320260.6],[4915268.1,4320195.3],[4915268.4,4320169.7],[4915228.4,4320162.4],[4915191.8,4320198.5],[4915199.4,4320235.2],[4915217.2,4320253.7],[4915225.0,4320275.2],[4915213.8,4320293.8],[4915210.3,4320315.8],[4915213.7,4320337.1],[4915210.1,4320370.3],[4915195.4,4320370.1],[4915137.2,4320363.4],[4915093.5,4320363.2],[4915056.9,4320348.2],[4915045.9,4320311.8],[4915027.6,4320293.8],[4915005.7,4320290.2],[4914965.3,4320333.5],[4914921.8,4320370.2],[4914892.4,4320377.7],[4914860.0,4320388.9],[4914769.0,4320379.6],[4914742.8,4320383.2],[4914688.4,4320412.1],[4914633.6,4320448.8],[4914640.6,4320496.2],[4914669.9,4320562.0],[4914626.3,4320569.2],[4914612.1,4320620.6],[4914560.4,4320664.3],[4914531.4,4320664.4],[4914502.2,4320657.1],[4914447.2,4320668.2],[4914458.4,4320763.1],[4914458.3,4320825.0],[4914508.4,4320979.2],[4914515.8,4321132.8],[4914985.9,4321174.0],[4915084.2,4321203.8],[4915121.3,4321218.3],[4915142.9,4321218.4],[4915194.3,4321181.5],[4915300.1,4321177.8],[4915299.9,4321243.6],[4915325.2,4321309.2],[4915496.9,4321323.8],[4915646.7,4321334.9],[4915621.2,4321477.1],[4915595.5,4321532.4],[4915599.1,4321590.0],[4915737.9,4321616.3],[4915913.4,4321623.2],[4915982.4,4321608.9],[4916018.9,4321574.8],[4916109.9,4321581.6],[4916164.8,4321534.1],[4916234.5,4321483.4],[4916285.6,4321421.0],[4916288.9,4321373.5],[4916383.7,4321362.9],[4916394.6,4321421.3],[4916420.3,4321399.0],[4916442.3,4321421.2],[4916453.5,4321494.4],[4916508.1,4321494.1],[4916533.3,4321417.7],[4916654.0,4321432.3],[4916738.0,4321432.4],[4916792.2,4321428.6],[4916828.7,4321435.8],[4916833.0,4321468.9],[4916814.2,4321501.9],[4916821.8,4321559.7],[4916800.1,4321622.0],[4917033.6,4321629.3],[4917068.7,4321521.9]]]}},{"type":"Feature","properties":{"Vill_name":"Ramjhora Tea Garden","Sub_dist":null,"District":"Alipurduar","Vill_LGD":"307073"},"geometry":{"type":"Polygon","coordinates":[[[4896373.5,4327287.4],[4896328.1,4327454.2],[4896317.6,4327612.4],[4896247.0,4327783.4],[4896203.5,4327973.0],[4896191.3,4328102.1],[4896184.6,4328232.4],[4896207.3,4328332.8],[4896259.7,4328458.1],[4896303.0,4328579.1],[4896283.7,4328614.5],[4896251.6,4328781.0],[4896274.4,4328867.6],[4896313.0,4329057.1],[4896332.6,4329170.1],[4896307.5,4329232.3],[4896273.1,4329375.6],[4896267.8,4329629.8],[4896317.4,4329917.2],[4896341.9,4329918.3],[4896458.5,4329913.6],[4896742.8,4329887.5],[4896898.3,4329862.0],[4897345.9,4329872.7],[4897455.7,4329877.5],[4897601.4,4329882.0],[4897763.8,4329866.3],[4897964.2,4329886.7],[4898004.2,4329883.2],[4898112.7,4329894.3],[4898108.1,4329744.7],[4898135.4,4329607.5],[4898254.4,4329329.2],[4898362.3,4329157.5],[4898435.1,4329034.3],[4898476.0,4328682.5],[4898398.6,4328330.5],[4898341.5,4328250.6],[4898186.4,4328187.1],[4898104.3,4327739.0],[4898079.1,4327393.9],[4898097.4,4327023.4],[4898138.4,4326732.5],[4897910.2,4326726.0],[4897455.0,4326742.4],[4897247.9,4326758.5],[4897035.8,4326774.4],[4896847.2,4326805.1],[4896671.0,4326832.0],[4896586.6,4326850.0],[4896493.3,4326848.0],[4896440.6,4326944.2],[4896403.3,4327147.8],[4896373.5,4327287.4]]]}},{"type":"Feature","properties":{"Vill_name":"Jagijhora Barabak (CT)","Sub_dist":null,"District":"Alipurduar","Vill_LGD":"307399"},"geometry":{"type":"Polygon","coordinates":[[[4887833.9,4321110.0],[4887901.6,4321031.2],[4887883.4,4321022.0],[4887902.7,4320824.9],[4887618.9,4320841.7],[4887266.3,4320868.0],[4887160.7,4320888.9],[4887112.1,4320867.9],[4887026.9,4320800.5],[4886933.8,4320805.8],[4886745.2,4320812.9],[4886714.2,4320784.9],[4886657.2,4320814.1],[4886539.8,4320823.7],[4886542.7,4320875.9],[4886504.6,4320882.9],[4886466.7,4320761.7],[4886179.7,4320803.4],[4886091.5,4320808.0],[4886027.5,4320739.0],[4885946.0,4320719.4],[4885863.3,4320721.3],[4885730.0,4320755.7],[4885627.4,4320753.2],[4885528.0,4320818.2],[4885356.0,4320919.9],[4885353.6,4320898.7],[4885285.9,4320908.2],[4885221.4,4320870.2],[4885162.1,4320874.5],[4885192.9,4320931.8],[4885153.2,4320981.7],[4885061.6,4321018.4],[4885005.5,4321055.1],[4885059.2,4321106.3],[4885168.0,4321359.3],[4885228.1,4321488.7],[4885299.9,4321656.0],[4885335.1,4321793.2],[4885345.7,4321876.5],[4885354.7,4321951.8],[4885338.0,4322038.9],[4885321.8,4322196.3],[4885294.0,4322350.2],[4885292.5,4322396.4],[4885374.2,4322554.0],[4885422.9,4322682.1],[4885704.9,4322745.8],[4885979.1,4322786.0],[4886273.2,4322819.3],[4886574.2,4322812.7],[4886820.9,4322792.7],[4887194.9,4322719.3],[4887616.5,4322594.6],[4887648.4,4322585.4],[4887770.5,4322551.0],[4887762.7,4322333.4],[4887757.0,4322186.7],[4887750.6,4321606.2],[4887736.9,4321390.8],[4887740.5,4321274.1],[4887833.9,4321110.0]]]}},{"type":"Feature","properties":{"Vill_name":"Dalgaon","Sub_dist":null,"District":"Alipurduar","Vill_LGD":"307368"},"geometry":{"type":"Polygon","coordinates":[[[4895388.2,4319149.3],[4895427.8,4319031.9],[4895429.8,4318968.6],[4895451.9,4318897.9],[4895470.5,4318754.9],[4895484.7,4318511.4],[4895491.3,4318353.5],[4895498.0,4318275.2],[4895498.0,4318132.8],[4895513.8,4317967.5],[4895527.1,4317917.5],[4895558.2,4317688.1],[4895546.0,4317645.8],[4895525.6,4317590.7],[4895443.8,4317504.8],[4895402.2,4317460.5],[4895341.0,4317344.1],[4895286.2,4317225.5],[4895274.2,4317158.6],[4895253.5,4317109.0],[4895222.7,4317004.3],[4895217.5,4316958.4],[4895186.7,4316853.2],[4895186.7,4316793.3],[4895159.3,4316728.1],[4895162.6,4316619.2],[4895210.8,4316578.3],[4895258.9,4316518.2],[4895277.7,4316464.1],[4895288.3,4316385.5],[4895270.8,4316332.1],[4895228.4,4316283.9],[4895183.2,4316191.3],[4895127.0,4316186.6],[4895072.0,4316155.0],[4895001.0,4316098.5],[4894908.7,4315943.8],[4894891.6,4315902.2],[4894943.0,4315843.2],[4894932.9,4315819.7],[4894891.6,4315819.6],[4894727.4,4315679.1],[4894644.0,4315605.3],[4894609.7,4315582.5],[4894565.5,4315583.8],[4894517.2,4315595.3],[4894482.3,4315616.7],[4894373.8,4315614.9],[4894336.8,4315638.7],[4894289.9,4315643.3],[4894187.0,4315629.0],[4894096.4,4315641.8],[4894020.6,4315665.7],[4893954.5,4315630.1],[4893906.7,4315623.8],[4893828.9,4315658.4],[4893597.7,4315734.7],[4893712.3,4315876.3],[4893755.2,4315933.4],[4893789.9,4315988.2],[4893807.1,4316040.1],[4893841.8,4316104.1],[4893900.0,4316180.1],[4893990.2,4316286.2],[4894026.3,4316333.1],[4894054.4,4316393.4],[4894064.0,4316438.6],[4894074.8,4316531.0],[4894090.4,4316593.1],[4894116.4,4316645.0],[4894159.2,4316715.8],[4894166.2,4316764.8],[4894164.3,4316823.7],[4894147.3,4316880.8],[4894124.8,4316939.7],[4894131.9,4316967.0],[4894157.9,4317039.0],[4894195.6,4317102.8],[4894247.7,4317174.0],[4894328.9,4317272.3],[4894415.4,4317364.9],[4894460.3,4317432.4],[4894466.8,4317459.7],[4894461.9,4317531.2],[4894441.2,4317592.6],[4894419.4,4317688.8],[4894412.1,4317778.9],[4894425.7,4317834.5],[4894446.7,4317897.9],[4894472.4,4317956.7],[4894484.8,4317994.6],[4894509.0,4318074.3],[4894529.3,4318151.5],[4894564.1,4318234.2],[4894596.9,4318287.9],[4894602.1,4318343.6],[4894719.7,4318442.6],[4894724.7,4318561.8],[4894709.1,4318733.0],[4894700.8,4318814.1],[4894676.1,4318868.9],[4894621.2,4318927.7],[4894515.8,4319014.5],[4894455.3,4319056.8],[4894427.8,4319055.0],[4894299.6,4319137.7],[4894277.2,4319174.5],[4894272.3,4319214.0],[4894318.9,4319257.5],[4894346.0,4319285.9],[4894339.0,4319328.8],[4894315.1,4319377.2],[4894272.1,4319412.0],[4894199.5,4319431.1],[4894137.4,4319466.0],[4894106.1,4319503.8],[4894104.7,4319593.1],[4894118.0,4319644.8],[4894114.7,4319691.4],[4894078.8,4319754.0],[4894066.5,4319784.4],[4894071.6,4319985.0],[4894059.8,4320026.2],[4894077.1,4320156.8],[4894090.6,4320224.2],[4894113.0,4320269.5],[4894128.8,4320338.1],[4894099.0,4320365.6],[4894044.0,4320384.6],[4893983.4,4320398.4],[4893923.1,4320417.6],[4893867.5,4320460.6],[4893805.8,4320525.9],[4893724.5,4320623.2],[4893679.5,4320690.8],[4893620.7,4320768.6],[4893610.3,4320923.3],[4893620.7,4321004.9],[4893650.0,4321069.2],[4893657.3,4321171.7],[4893619.2,4321393.4],[4893614.5,4321408.0],[4893648.1,4321434.6],[4894109.9,4321722.1],[4894810.5,4322109.6],[4894534.4,4321956.3],[4894723.8,4321725.6],[4894773.5,4321663.7],[4894799.3,4321577.0],[4894821.4,4321373.2],[4894812.8,4321245.0],[4894827.8,4321106.7],[4894834.4,4321070.7],[4894872.5,4320943.3],[4894886.1,4320906.6],[4894983.5,4320750.6],[4895023.0,4320673.4],[4895076.1,4320591.0],[4895112.1,4320516.6],[4895132.9,4320453.2],[4895155.2,4320265.1],[4895157.0,4320105.6],[4895199.8,4319992.7],[4895302.5,4319898.8],[4895333.5,4319825.7],[4895378.0,4319656.3],[4895379.6,4319502.2],[4895390.3,4319319.4],[4895388.2,4319149.3]]]}},{"type":"Feature","properties":{"Vill_name":"Uttar Deogaon","Sub_dist":null,"District":"Alipurduar","Vill_LGD":"307370"},"geometry":{"type":"Polygon","coordinates":[[[4897682.1,4316582.8],[4897504.0,4316578.1],[4897419.2,4316565.7],[4897355.3,4316575.9],[4897339.9,4316558.9],[4897308.6,4316464.6],[4897301.9,4316348.3],[4897336.4,4316315.6],[4897381.3,4316331.0],[4897421.2,4316319.2],[4897467.6,4316294.9],[4897462.8,4316210.1],[4897436.7,4316149.4],[4897343.1,4316165.1],[4897208.2,4316181.7],[4897145.9,4316149.2],[4897106.1,4316109.0],[4897043.8,4316045.0],[4896959.0,4315999.7],[4896869.1,4316020.4],[4896798.2,4316055.3],[4896697.5,4316166.9],[4896677.4,4316196.4],[4896675.9,4316279.9],[4896672.3,4316352.9],[4896686.2,4316432.7],[4896669.0,4316515.3],[4896558.2,4316529.2],[4896489.0,4316549.9],[4896371.2,4316577.6],[4896266.2,4316595.7],[4896267.3,4316623.2],[4896262.2,4316698.2],[4896187.7,4316725.5],[4896190.0,4316770.3],[4896207.2,4316862.1],[4896251.7,4316958.5],[4896296.8,4317021.1],[4896358.7,4317113.5],[4896381.4,4317140.6],[4896484.4,4317216.8],[4896666.5,4317302.2],[4896793.0,4317407.6],[4896877.1,4317478.4],[4896954.9,4317515.1],[4897014.9,4317524.8],[4897145.5,4317516.4],[4897247.7,4317535.5],[4897276.9,4317582.2],[4897339.0,4317609.7],[4897347.1,4317654.8],[4897338.8,4317756.6],[4897374.4,4317905.2],[4897397.7,4318011.9],[4897457.7,4318082.6],[4897558.3,4318095.8],[4897638.2,4318099.2],[4897711.9,4318189.7],[4897715.1,4318246.3],[4897658.0,4318339.8],[4897581.6,4318416.8],[4897571.8,4318457.0],[4897611.8,4318504.2],[4897671.8,4318504.1],[4897775.4,4318473.7],[4897895.6,4318467.2],[4897959.2,4318544.0],[4898035.6,4318590.4],[4898146.2,4318597.7],[4898203.2,4318617.6],[4898276.7,4318633.9],[4898296.8,4318633.9],[4898360.1,4318583.9],[4898403.7,4318577.6],[4898426.6,4318611.2],[4898507.4,4318718.2],[4898614.4,4318781.3],[4898747.9,4318754.3],[4898826.6,4318740.9],[4898900.5,4318697.3],[4899070.3,4318507.0],[4899260.7,4318306.4],[4899223.7,4318196.5],[4899196.4,4318132.3],[4899189.0,4318080.4],[4899158.1,4318059.8],[4899095.8,4317977.2],[4899081.9,4317907.7],[4899120.1,4317889.9],[4899109.7,4317790.2],[4899064.9,4317637.7],[4899144.1,4317604.7],[4899130.6,4317517.6],[4899175.8,4317486.3],[4899099.0,4317265.0],[4899106.1,4317230.5],[4899168.7,4317216.3],[4899227.0,4317157.7],[4899282.8,4317171.7],[4899286.5,4317045.1],[4899269.0,4316847.7],[4899251.5,4316802.7],[4899310.1,4316788.8],[4899341.3,4316764.3],[4899355.2,4316719.2],[4899317.1,4316654.0],[4899234.5,4316532.7],[4899206.1,4316449.2],[4899137.3,4316460.2],[4899047.0,4316487.3],[4898898.5,4316532.7],[4898788.0,4316522.0],[4898854.0,4316487.3],[4898811.8,4316415.0],[4898701.5,4316420.5],[4898609.8,4316427.4],[4898531.9,4316442.8],[4898471.2,4316346.1],[4898467.7,4316295.8],[4898430.0,4316273.4],[4898339.9,4316328.5],[4898303.7,4316367.0],[4898244.7,4316377.9],[4898139.3,4316402.3],[4898132.1,4316451.1],[4898082.2,4316457.6],[4897910.7,4316509.2],[4897736.1,4316574.5],[4897682.1,4316582.8]]]}},{"type":"Feature","properties":{"Vill_name":"Dhulagaon","Sub_dist":null,"District":"Alipurduar","Vill_LGD":"307374"},"geometry":{"type":"Polygon","coordinates":[[[4896455.6,4316098.8],[4896501.0,4316004.7],[4896393.6,4315908.1],[4896172.9,4315817.9],[4896127.8,4315693.4],[4896127.5,4315628.1],[4896145.4,4315572.5],[4896238.2,4315472.3],[4896286.7,4315476.1],[4896359.5,4315555.2],[4896480.2,4315731.5],[4896625.3,4315890.3],[4896676.6,4315897.7],[4896694.2,4315828.3],[4896638.5,4315565.2],[4896573.4,4315469.2],[4896552.8,4315397.0],[4896587.0,4315358.9],[4896692.1,4315420.9],[4896773.9,4315467.6],[4896820.2,4315465.9],[4896839.5,4315381.3],[4896823.9,4315336.9],[4896756.7,4315254.0],[4896659.6,4315178.1],[4896566.5,4315162.4],[4896519.5,4315190.1],[4896478.6,4315182.7],[4896464.9,4315131.4],[4896487.2,4315095.2],[4896530.2,4315079.6],[4896545.9,4315029.2],[4896534.0,4315002.1],[4896488.7,4315003.4],[4896423.0,4315071.5],[4896333.0,4314992.0],[4896343.6,4314945.3],[4896388.5,4314920.9],[4896465.0,4314924.6],[4896500.7,4314907.7],[4896545.8,4314869.5],[4896544.3,4314817.4],[4896366.2,4314792.6],[4896350.7,4314705.9],[4896383.7,4314583.2],[4896388.7,4314520.1],[4896355.9,4314476.7],[4896305.6,4314438.9],[4896236.9,4314428.3],[4896176.1,4314466.6],[4896094.7,4314533.9],[4896022.3,4314578.6],[4895960.0,4314586.4],[4895912.5,4314574.3],[4895863.8,4314514.0],[4895777.1,4314438.1],[4895827.5,4314360.4],[4895855.4,4314341.6],[4895869.0,4314284.3],[4895822.2,4314256.5],[4895785.9,4314254.8],[4895716.8,4314383.1],[4895678.6,4314380.8],[4895639.2,4314374.0],[4895604.6,4314357.0],[4895578.7,4314334.7],[4895561.2,4314277.8],[4895568.1,4314206.9],[4895587.2,4314147.9],[4895614.7,4314085.9],[4895656.2,4314039.7],[4895690.7,4313987.8],[4895706.1,4313932.6],[4895689.5,4313889.5],[4895625.1,4313881.0],[4895538.9,4313885.7],[4895469.8,4313870.6],[4895424.7,4313839.4],[4895373.4,4313801.6],[4895359.3,4313779.3],[4895366.4,4313742.8],[4895393.5,4313720.5],[4895454.4,4313722.5],[4895528.5,4313722.6],[4895575.2,4313712.1],[4895625.2,4313684.5],[4895678.9,4313651.2],[4895723.6,4313620.5],[4895758.4,4313580.4],[4895775.8,4313545.9],[4895773.8,4313516.8],[4895756.6,4313495.8],[4895716.8,4313485.5],[4895663.1,4313488.9],[4895613.1,4313507.1],[4895567.0,4313515.7],[4895473.4,4313510.2],[4895433.6,4313520.5],[4895398.7,4313541.5],[4895328.3,4313596.5],[4895304.3,4313605.2],[4895234.7,4313611.7],[4895198.8,4313602.1],[4895165.9,4313571.0],[4895137.2,4313503.3],[4895050.7,4313454.0],[4894952.2,4313438.4],[4894846.8,4313434.8],[4894776.0,4313414.2],[4894758.8,4313445.3],[4894779.6,4313697.8],[4894742.0,4313713.2],[4894727.9,4313749.9],[4894734.6,4313846.0],[4894698.4,4313894.4],[4894729.3,4313996.6],[4894724.2,4314071.5],[4894701.6,4314163.2],[4894713.8,4314226.7],[4894647.0,4314329.1],[4894679.1,4314387.2],[4894708.7,4314425.4],[4894708.7,4314548.2],[4894732.9,4314657.5],[4894755.4,4314700.3],[4894750.3,4314775.3],[4894779.4,4314956.5],[4894794.7,4315109.0],[4894818.7,4315160.8],[4894851.7,4315188.4],[4894889.2,4315184.8],[4894905.0,4315216.0],[4894886.0,4315232.3],[4894791.3,4315230.2],[4894758.2,4315294.4],[4894722.3,4315418.5],[4894682.5,4315499.6],[4894653.2,4315608.7],[4894651.1,4315611.5],[4894727.4,4315679.1],[4894891.6,4315819.6],[4894932.9,4315819.7],[4894943.0,4315843.2],[4894891.6,4315902.2],[4894908.7,4315943.8],[4895001.0,4316098.5],[4895072.0,4316155.0],[4895127.0,4316186.6],[4895183.2,4316191.3],[4895228.4,4316283.9],[4895270.8,4316332.1],[4895288.3,4316385.5],[4895277.7,4316464.1],[4895258.9,4316518.2],[4895210.8,4316578.3],[4895162.6,4316619.2],[4895159.3,4316728.1],[4895186.7,4316793.3],[4895186.7,4316853.2],[4895217.5,4316958.4],[4895222.7,4317004.3],[4895253.5,4317109.0],[4895274.2,4317158.6],[4895286.2,4317225.5],[4895588.9,4317213.5],[4895670.5,4317182.6],[4895724.2,4317109.0],[4895823.7,4317133.0],[4895928.5,4317110.5],[4895950.6,4317140.5],[4895948.6,4317212.7],[4895995.2,4317224.2],[4896194.2,4317202.4],[4896245.5,4317188.6],[4896381.4,4317140.6],[4896358.7,4317113.5],[4896296.8,4317021.1],[4896251.7,4316958.5],[4896207.2,4316862.1],[4896190.0,4316770.3],[4896187.7,4316725.5],[4896262.2,4316698.2],[4896267.3,4316623.2],[4896262.2,4316494.8],[4896287.9,4316410.0],[4896364.1,4316377.4],[4896415.8,4316375.4],[4896433.3,4316308.0],[4896433.2,4316178.3],[4896455.6,4316098.8]]]}},{"type":"Feature","properties":{"Vill_name":"Bhutnir Ghat","Sub_dist":null,"District":"Alipurduar","Vill_LGD":"307356"},"geometry":{"type":"Polygon","coordinates":[[[4895002.2,4305038.0],[4895112.5,4305034.4],[4895167.9,4305096.5],[4895205.9,4305051.7],[4895244.0,4305017.2],[4895336.8,4304985.8],[4895422.9,4304983.1],[4895460.3,4304930.8],[4895502.0,4304891.1],[4895525.8,4304887.8],[4895579.5,4304904.7],[4895618.8,4304904.6],[4895634.3,4304847.9],[4895666.1,4304789.5],[4895665.7,4304695.6],[4895681.5,4304611.4],[4895603.9,4304560.5],[4895574.4,4304520.8],[4895524.2,4304451.5],[4895468.7,4304401.2],[4895437.0,4304355.0],[4895475.1,4304319.0],[4895562.9,4304301.1],[4895617.8,4304282.2],[4895654.3,4304259.8],[4895671.6,4304227.3],[4895682.1,4304111.4],[4895705.9,4304086.0],[4895752.8,4304090.7],[4895780.4,4304120.5],[4895792.3,4304147.6],[4895790.4,4304208.4],[4895769.8,4304278.7],[4895755.8,4304323.7],[4895759.4,4304372.5],[4895780.5,4304413.8],[4895830.6,4304413.8],[4896007.8,4304385.5],[4896030.5,4304393.9],[4896061.4,4304425.4],[4896068.6,4304480.2],[4896075.5,4304520.4],[4896102.8,4304534.0],[4896147.7,4304499.3],[4896184.0,4304480.4],[4896213.5,4304449.4],[4896206.3,4304365.0],[4896184.0,4304317.8],[4896171.6,4304268.1],[4896225.5,4304251.0],[4896266.8,4304271.2],[4896311.7,4304286.6],[4896479.3,4304244.1],[4896475.9,4304171.7],[4896441.3,4304126.8],[4896415.3,4304083.8],[4896392.8,4304031.7],[4896364.0,4303986.5],[4896362.0,4303937.8],[4896372.6,4303889.7],[4896415.4,4303848.5],[4896481.4,4303813.9],[4896517.3,4303772.4],[4896565.8,4303723.1],[4896568.4,4303721.3],[4896527.1,4303670.2],[4896398.8,4303621.8],[4896312.5,4303556.7],[4896303.8,4303482.1],[4896292.0,4303340.0],[4896295.3,4303210.5],[4896217.6,4303201.9],[4896194.8,4303146.2],[4896210.5,4303094.9],[4896103.2,4303019.0],[4895957.4,4302964.3],[4895885.0,4302959.4],[4895824.3,4302943.7],[4895790.1,4302910.6],[4895729.3,4302784.9],[4895732.8,4302693.2],[4895742.9,4302687.3],[4895817.5,4302656.5],[4895903.2,4302631.6],[4896010.6,4302585.2],[4896100.6,4302522.3],[4896141.8,4302472.2],[4896153.8,4302417.2],[4896154.0,4302291.0],[4896131.5,4302238.3],[4896123.1,4302167.7],[4896095.2,4302082.8],[4896086.9,4302010.2],[4896164.6,4301988.9],[4896216.0,4301981.6],[4896307.6,4301997.3],[4896352.3,4302007.8],[4896457.9,4302089.5],[4896497.2,4302130.2],[4896563.3,4302165.3],[4896609.9,4302177.4],[4896597.8,4302060.9],[4896556.5,4302020.6],[4896544.3,4301886.4],[4896575.3,4301846.1],[4896563.3,4301777.8],[4896542.4,4301743.4],[4896542.2,4301696.7],[4896567.0,4301610.4],[4896559.8,4301555.1],[4896559.4,4301549.1],[4896504.7,4301572.7],[4896427.1,4301623.4],[4896348.0,4301710.5],[4896251.1,4301790.7],[4896152.3,4301841.7],[4896052.0,4301849.4],[4896001.0,4301856.8],[4895943.0,4301891.5],[4895902.2,4301961.5],[4895860.5,4301984.7],[4895818.0,4302005.5],[4895730.6,4302039.5],[4895595.9,4302055.5],[4895526.1,4302055.6],[4895492.9,4302057.4],[4895495.5,4302091.3],[4895484.7,4302264.6],[4895472.8,4302287.2],[4895412.4,4302298.0],[4895327.5,4302306.7],[4895276.7,4302349.9],[4895262.7,4302416.0],[4895273.4,4302479.4],[4895285.5,4302564.5],[4895288.7,4302661.9],[4895263.0,4302737.8],[4895215.7,4302729.2],[4895189.7,4302738.7],[4895178.0,4302789.2],[4895148.4,4302822.2],[4895134.2,4302931.5],[4895281.7,4303020.7],[4895298.7,4303189.5],[4895319.9,4303217.0],[4895344.3,4303270.8],[4895347.2,4303334.8],[4895330.3,4303367.9],[4895261.0,4303380.2],[4895216.1,4303362.8],[4895125.5,4303326.5],[4894997.0,4303301.2],[4894981.3,4303342.7],[4894956.7,4303384.7],[4894920.5,4303452.2],[4894841.0,4303470.0],[4894724.5,4303493.9],[4894667.6,4303511.3],[4894616.7,4303507.8],[4894578.7,4303471.1],[4894563.5,4303440.4],[4894530.5,4303452.1],[4894504.6,4303479.8],[4894523.5,4303535.8],[4894571.8,4303583.3],[4894598.0,4303661.2],[4894741.7,4303777.7],[4894748.7,4303837.0],[4894762.9,4303858.3],[4894769.9,4303978.0],[4894807.7,4304040.2],[4894814.8,4304126.5],[4894841.0,4304377.3],[4894816.4,4304552.5],[4894795.3,4304613.4],[4894790.6,4304679.5],[4894849.2,4304707.4],[4894854.8,4305009.2],[4894785.5,4305050.1],[4894691.7,4305110.9],[4894681.1,4305187.5],[4894705.2,4305197.1],[4894767.5,4305200.5],[4894850.3,4305152.0],[4894912.3,4305100.0],[4895002.2,4305038.0]]]}},{"type":"Feature","properties":{"Vill_name":"Falakata (M)","Sub_dist":null,"District":"Alipurduar","Vill_LGD":"307402"},"geometry":{"type":"Polygon","coordinates":[[[4899927.3,4306424.8],[4899948.1,4306380.1],[4899965.5,4306314.6],[4900172.3,4306100.5],[4900372.3,4306151.0],[4900386.4,4306233.3],[4900398.0,4306218.6],[4900406.5,4306209.1],[4900424.2,4306187.5],[4900434.5,4306172.5],[4900498.8,4306175.9],[4900522.5,4306177.5],[4900530.2,4306177.2],[4900575.7,4306177.9],[4900617.9,4306177.8],[4900613.8,4306159.2],[4900609.8,4306146.4],[4900607.8,4306138.0],[4900605.8,4306127.5],[4900601.8,4306113.6],[4900596.1,4306089.6],[4900594.2,4306079.0],[4900591.5,4306070.5],[4900587.9,4306052.2],[4900585.2,4306042.0],[4900581.1,4306022.9],[4900578.8,4306014.2],[4900575.3,4305997.2],[4900573.5,4305989.7],[4900569.7,4305970.4],[4900562.5,4305910.0],[4900559.2,4305884.2],[4900557.0,4305869.2],[4900555.0,4305850.3],[4900554.0,4305826.8],[4900553.5,4305782.8],[4900552.4,4305729.6],[4900550.5,4305714.0],[4900546.5,4305692.2],[4900540.0,4305650.4],[4900537.7,4305632.0],[4900535.3,4305621.3],[4900531.9,4305598.2],[4900528.7,4305586.5],[4900522.3,4305553.9],[4900517.5,4305541.4],[4900507.1,4305505.2],[4900502.8,4305492.1],[4900499.4,4305479.0],[4900488.1,4305445.8],[4900483.1,4305429.4],[4900476.5,4305411.0],[4900465.6,4305377.2],[4900460.3,4305362.5],[4900457.4,4305352.9],[4900453.3,4305341.2],[4900449.7,4305328.8],[4900445.2,4305316.3],[4900440.2,4305301.1],[4900435.2,4305288.6],[4900431.1,4305274.4],[4900427.1,4305262.8],[4900421.3,4305242.5],[4900417.8,4305229.0],[4900412.5,4305211.4],[4900402.9,4305174.2],[4900396.6,4305154.4],[4900393.2,4305140.1],[4900377.0,4305082.3],[4900366.7,4305042.6],[4900363.7,4305027.0],[4900356.8,4304995.8],[4900353.0,4304976.3],[4900348.8,4304960.7],[4900345.8,4304946.6],[4900342.7,4304934.8],[4900329.3,4304872.3],[4900324.5,4304853.9],[4900318.1,4304820.7],[4900314.5,4304804.8],[4900309.3,4304769.3],[4900307.0,4304757.3],[4900306.4,4304751.0],[4900309.0,4304738.3],[4900312.7,4304715.9],[4900319.8,4304697.7],[4900321.8,4304689.5],[4900326.0,4304679.0],[4900330.1,4304666.9],[4900339.5,4304644.9],[4900348.1,4304631.9],[4900357.9,4304613.1],[4900361.8,4304609.0],[4900368.2,4304596.7],[4900374.3,4304586.3],[4900378.5,4304577.0],[4900384.7,4304567.1],[4900396.1,4304547.5],[4900409.7,4304528.5],[4900417.5,4304515.2],[4900425.5,4304503.0],[4900440.4,4304481.9],[4900445.7,4304471.2],[4900451.1,4304461.8],[4900454.6,4304456.8],[4900461.4,4304453.0],[4900494.5,4304430.5],[4900517.2,4304415.9],[4900526.1,4304409.4],[4900547.4,4304398.5],[4900561.4,4304392.8],[4900576.4,4304384.4],[4900587.6,4304377.7],[4900589.5,4304353.3],[4900587.2,4304341.2],[4900584.6,4304322.1],[4900587.1,4304281.1],[4900586.8,4304268.3],[4900583.2,4304235.0],[4900580.7,4304218.5],[4900578.4,4304193.4],[4900573.8,4304153.8],[4900569.2,4304119.9],[4900567.1,4304094.8],[4900562.1,4304048.2],[4900558.8,4304012.5],[4900551.3,4303937.8],[4900549.9,4303919.1],[4900548.3,4303906.0],[4900539.6,4303807.6],[4900537.4,4303791.4],[4900535.4,4303764.2],[4900533.2,4303749.4],[4900530.0,4303714.9],[4900527.1,4303692.7],[4900523.9,4303673.6],[4900523.6,4303656.1],[4900522.4,4303639.7],[4900522.4,4303628.4],[4900522.0,4303620.3],[4900525.3,4303604.4],[4900531.8,4303577.4],[4900536.5,4303553.6],[4900542.9,4303527.5],[4900547.4,4303506.6],[4900560.9,4303450.7],[4900580.3,4303375.8],[4900584.2,4303357.9],[4900595.6,4303293.1],[4900601.6,4303253.6],[4900642.8,4303250.7],[4900692.2,4303247.8],[4900711.1,4303247.1],[4900714.6,4303246.4],[4900718.7,4303242.3],[4900720.3,4303238.9],[4900714.5,4303185.8],[4900691.6,4303183.6],[4900690.9,4303176.2],[4900691.1,4303167.3],[4900698.8,4303167.5],[4900707.5,4303166.9],[4900709.4,4303165.1],[4900711.1,4303138.8],[4900712.3,4303130.9],[4900722.2,4303122.0],[4900729.0,4303114.0],[4900730.2,4303110.4],[4900730.2,4303105.8],[4900729.1,4303093.0],[4900726.5,4303074.2],[4900726.0,4303063.5],[4900723.7,4303046.1],[4900721.7,4303034.2],[4900718.5,4303009.0],[4900718.5,4303005.2],[4900720.6,4303003.6],[4900728.7,4302990.2],[4900737.4,4302978.8],[4900765.9,4302936.4],[4900799.6,4302884.5],[4900808.8,4302871.5],[4900836.3,4302830.0],[4900844.9,4302818.6],[4900870.3,4302779.4],[4900897.8,4302739.8],[4900923.0,4302699.4],[4900936.7,4302679.0],[4900946.0,4302665.4],[4900951.6,4302658.2],[4900954.9,4302655.0],[4900959.1,4302640.3],[4901127.0,4302598.5],[4901296.6,4302563.9],[4901575.2,4302450.6],[4901672.6,4302540.2],[4901744.8,4302610.0],[4901847.4,4302633.7],[4901960.0,4302649.9],[4902087.9,4302646.2],[4902194.8,4302630.7],[4902259.3,4302677.6],[4902269.7,4302759.1],[4902193.7,4302867.9],[4902112.0,4302992.7],[4902037.7,4303097.2],[4902021.7,4303164.7],[4902006.5,4303236.2],[4902195.2,4303213.8],[4902295.6,4303179.8],[4902357.5,4303168.1],[4902546.5,4303150.2],[4902769.2,4303095.6],[4902764.3,4303043.8],[4902887.3,4302999.1],[4902901.6,4303029.8],[4902939.6,4303024.7],[4902977.3,4302997.0],[4903034.2,4302977.7],[4903133.4,4302948.6],[4903169.3,4302946.9],[4903183.4,4302971.1],[4903212.8,4302973.5],[4903406.8,4302922.9],[4903430.9,4302941.8],[4903436.6,4302966.6],[4903513.2,4302948.9],[4903601.4,4302758.7],[4903673.1,4302459.7],[4903567.5,4302269.2],[4903239.7,4301975.2],[4903164.9,4301989.3],[4903030.3,4301998.0],[4902962.5,4301988.4],[4902840.5,4302023.8],[4902773.9,4302049.5],[4902707.9,4302063.1],[4902678.4,4302023.8],[4902585.1,4302053.2],[4902563.4,4302024.7],[4902528.9,4302006.3],[4902414.7,4302042.5],[4902382.4,4302059.7],[4902319.4,4302083.2],[4902255.5,4302084.0],[4902233.0,4302072.6],[4902216.6,4302036.0],[4902211.6,4301976.3],[4902174.1,4301949.4],[4902205.3,4301841.4],[4902288.7,4301813.5],[4902177.3,4301484.1],[4902137.8,4301481.5],[4902104.7,4301492.9],[4902068.5,4301506.7],[4902026.6,4301525.5],[4901964.6,4301526.9],[4901880.7,4301513.9],[4901820.4,4301511.0],[4901779.4,4301505.8],[4901733.9,4301536.2],[4901726.3,4301557.4],[4901456.8,4301619.1],[4901030.2,4301640.5],[4900904.7,4301667.4],[4900620.2,4301699.2],[4900205.1,4301742.5],[4899696.2,4301854.2],[4899462.1,4301889.3],[4898943.6,4302005.5],[4898620.2,4302054.3],[4898603.5,4301967.3],[4898634.8,4301829.4],[4898656.4,4301704.8],[4898649.2,4301694.8],[4898642.5,4301684.8],[4898633.2,4301673.1],[4898616.7,4301653.2],[4898609.3,4301646.6],[4898599.1,4301639.5],[4898579.8,4301628.8],[4898571.0,4301622.9],[4898554.2,4301615.1],[4898541.4,4301606.7],[4898537.5,4301609.6],[4898541.1,4301614.2],[4898528.6,4301618.6],[4898510.2,4301626.0],[4898491.4,4301634.3],[4898473.0,4301643.3],[4898456.3,4301655.3],[4898442.8,4301664.0],[4898403.9,4301663.9],[4898381.8,4301664.6],[4898376.8,4301665.1],[4898371.2,4301667.4],[4898348.6,4301674.7],[4898330.5,4301681.7],[4898325.9,4301683.1],[4898324.0,4301682.6],[4898321.7,4301680.8],[4898307.3,4301691.4],[4898297.9,4301696.1],[4898267.8,4301708.4],[4898252.3,4301715.3],[4898236.6,4301723.1],[4898237.3,4301725.6],[4898207.3,4301733.6],[4898177.3,4301742.2],[4898153.9,4301749.5],[4898123.0,4301758.6],[4898060.9,4301773.4],[4897963.9,4301799.0],[4897959.4,4301790.6],[4897937.2,4301793.2],[4897908.9,4301797.1],[4897857.2,4301805.1],[4897784.5,4301819.2],[4897743.5,4301826.2],[4897704.6,4301834.1],[4897690.0,4301837.9],[4897640.9,4301848.3],[4897630.7,4301836.6],[4897624.3,4301830.4],[4897621.3,4301828.0],[4897613.6,4301824.2],[4897598.4,4301818.2],[4897594.0,4301816.1],[4897583.0,4301812.0],[4897574.0,4301807.7],[4897548.7,4301793.7],[4897522.5,4301780.7],[4897512.4,4301776.2],[4897498.5,4301768.5],[4897480.7,4301762.4],[4897469.4,4301758.0],[4897455.9,4301753.4],[4897437.4,4301746.4],[4897420.4,4301741.7],[4897411.6,4301737.3],[4897384.7,4301733.1],[4897367.2,4301731.6],[4897347.9,4301729.4],[4897323.5,4301725.5],[4897296.0,4301722.6],[4897269.6,4301720.9],[4897221.9,4301716.8],[4897189.4,4301715.0],[4897174.5,4301713.6],[4897155.3,4301712.8],[4897132.5,4301711.4],[4897119.4,4301710.2],[4897110.6,4301707.9],[4897091.1,4301704.3],[4897047.5,4301692.6],[4897025.0,4301688.0],[4897023.9,4301688.8],[4897022.1,4301702.8],[4896981.7,4301700.5],[4896980.9,4301710.3],[4896970.5,4301709.4],[4896965.8,4301728.5],[4896960.0,4301746.2],[4896956.6,4301760.1],[4896947.6,4301789.1],[4896946.3,4301794.5],[4896945.2,4301813.5],[4896945.7,4301816.1],[4896946.6,4301818.6],[4896949.5,4301823.5],[4896953.8,4301833.2],[4896961.3,4301844.5],[4896977.4,4301872.5],[4896983.7,4301882.5],[4896990.8,4301894.4],[4897003.1,4301912.9],[4897011.2,4301918.8],[4897020.0,4301924.5],[4897027.1,4301928.4],[4897045.7,4301941.5],[4897052.6,4301946.7],[4897063.4,4301957.7],[4897065.9,4301963.5],[4897067.3,4301973.2],[4897064.5,4302025.9],[4897060.5,4302026.5],[4897038.2,4302028.2],[4897035.3,4302028.7],[4897033.9,4302030.0],[4897031.3,4302034.0],[4897026.4,4302038.7],[4897023.5,4302042.2],[4897020.5,4302043.9],[4897016.0,4302045.7],[4896992.2,4302051.7],[4896979.5,4302056.0],[4896965.1,4302059.3],[4896953.4,4302061.5],[4896937.5,4302063.6],[4896924.1,4302065.8],[4896911.2,4302067.1],[4896882.7,4302068.7],[4896872.9,4302068.0],[4896867.1,4302063.6],[4896855.8,4302052.5],[4896852.0,4302048.1],[4896844.6,4302040.7],[4896840.0,4302034.0],[4896835.2,4302026.2],[4896828.9,4302012.6],[4896822.1,4301992.2],[4896818.8,4301979.8],[4896817.0,4301969.7],[4896811.0,4301944.5],[4896805.7,4301920.0],[4896802.6,4301904.5],[4896799.8,4301888.7],[4896797.4,4301879.0],[4896791.3,4301858.9],[4896787.1,4301849.6],[4896772.7,4301831.7],[4896767.0,4301823.3],[4896758.9,4301815.0],[4896754.1,4301808.7],[4896746.6,4301802.0],[4896730.9,4301792.3],[4896724.5,4301789.2],[4896715.2,4301787.5],[4896709.0,4301786.8],[4896678.5,4301785.2],[4896670.7,4301785.8],[4896660.7,4301789.0],[4896654.8,4301791.7],[4896639.7,4301800.2],[4896633.4,4301804.6],[4896619.9,4301812.5],[4896613.1,4301817.0],[4896595.0,4301827.8],[4896573.7,4301837.4],[4896575.3,4301846.1],[4896544.3,4301886.4],[4896556.5,4302020.6],[4896597.8,4302060.9],[4896609.9,4302177.4],[4896563.3,4302165.3],[4896497.2,4302130.2],[4896457.9,4302089.5],[4896352.3,4302007.8],[4896307.6,4301997.3],[4896216.0,4301981.6],[4896164.6,4301988.9],[4896086.9,4302010.2],[4896095.2,4302082.8],[4896123.1,4302167.7],[4896131.5,4302238.3],[4896154.0,4302291.0],[4896153.8,4302417.2],[4896141.8,4302472.2],[4896100.6,4302522.3],[4896010.6,4302585.2],[4895903.2,4302631.6],[4895817.5,4302656.5],[4895742.9,4302687.3],[4895732.8,4302693.2],[4895729.3,4302784.9],[4895790.1,4302910.6],[4895824.3,4302943.7],[4895885.0,4302959.4],[4895957.4,4302964.3],[4896103.2,4303019.0],[4896210.5,4303094.9],[4896194.8,4303146.2],[4896217.6,4303201.9],[4896295.3,4303210.5],[4896292.0,4303340.0],[4896303.8,4303482.1],[4896312.5,4303556.7],[4896398.8,4303621.8],[4896527.1,4303670.2],[4896568.4,4303721.3],[4896565.8,4303723.1],[4896517.3,4303772.4],[4896481.4,4303813.9],[4896415.4,4303848.5],[4896372.6,4303889.7],[4896362.0,4303937.8],[4896364.0,4303986.5],[4896392.8,4304031.7],[4896415.3,4304083.8],[4896441.3,4304126.8],[4896475.9,4304171.7],[4896479.3,4304244.1],[4896311.7,4304286.6],[4896266.8,4304271.2],[4896225.5,4304251.0],[4896171.6,4304268.1],[4896184.0,4304317.8],[4896206.3,4304365.0],[4896213.5,4304449.4],[4896184.0,4304480.4],[4896147.7,4304499.3],[4896102.8,4304534.0],[4896075.5,4304520.4],[4896068.6,4304480.2],[4896061.4,4304425.4],[4896030.5,4304393.9],[4896007.8,4304385.5],[4895830.6,4304413.8],[4895780.5,4304413.8],[4895759.4,4304372.5],[4895755.8,4304323.7],[4895769.8,4304278.7],[4895790.4,4304208.4],[4895792.3,4304147.6],[4895780.4,4304120.5],[4895752.8,4304090.7],[4895705.9,4304086.0],[4895682.1,4304111.4],[4895671.6,4304227.3],[4895654.3,4304259.8],[4895617.8,4304282.2],[4895562.9,4304301.1],[4895475.1,4304319.0],[4895437.0,4304355.0],[4895468.7,4304401.2],[4895524.2,4304451.5],[4895574.4,4304520.8],[4895603.9,4304560.5],[4895681.5,4304611.4],[4895665.7,4304695.6],[4895666.1,4304789.5],[4895634.3,4304847.9],[4895618.8,4304904.6],[4895579.5,4304904.7],[4895525.8,4304887.8],[4895502.0,4304891.1],[4895460.3,4304930.8],[4895422.9,4304983.1],[4895436.7,4305094.3],[4895422.9,4305208.6],[4895495.5,4305270.5],[4895537.1,4305326.1],[4895529.7,4305377.3],[4895495.3,4305408.5],[4895437.1,4305432.8],[4895392.1,4305449.8],[4895346.7,4305463.8],[4895309.2,4305498.3],[4895261.0,4305498.5],[4895230.1,4305477.8],[4895185.1,4305432.9],[4895153.7,4305411.7],[4895140.1,4305449.9],[4895153.8,4305522.3],[4895136.7,4305560.2],[4895102.3,4305582.2],[4895064.2,4305627.5],[4895008.7,4305720.1],[4894981.4,4305786.1],[4894936.6,4305899.9],[4894850.5,4306024.4],[4894840.0,4306069.1],[4894867.8,4306105.3],[4894898.7,4306126.0],[4894964.2,4306143.4],[4895005.8,4306167.5],[4895006.1,4306201.9],[4894975.1,4306254.0],[4894905.8,4306326.3],[4894888.5,4306367.7],[4894973.4,4306349.7],[4894983.8,4306440.1],[4894962.9,4306527.5],[4895532.7,4306364.8],[4895771.3,4306071.3],[4895979.0,4306084.7],[4896095.6,4306080.0],[4896258.4,4306076.6],[4896455.4,4306066.4],[4896658.9,4306041.8],[4896952.2,4306000.5],[4897028.4,4306031.1],[4897180.3,4306100.3],[4897283.5,4306150.5],[4897483.7,4306216.2],[4897601.4,4306271.5],[4897691.4,4306289.0],[4897887.8,4306281.8],[4898077.7,4306326.8],[4898178.3,4306368.5],[4898361.2,4306406.3],[4898478.8,4306442.9],[4898568.2,4306401.5],[4898689.3,4306376.9],[4898782.9,4306380.4],[4898817.6,4306404.7],[4898878.5,4306406.2],[4898974.9,4306393.1],[4899025.1,4306401.4],[4899121.7,4306434.6],[4899182.6,4306496.5],[4899237.3,4306574.2],[4899330.6,4306656.4],[4899504.7,4306592.5],[4899627.4,4306552.8],[4899813.6,4306500.8],[4899900.0,4306462.7],[4899927.3,4306424.8]]]}},{"type":"Feature","properties":{"Vill_name":"Karaibari","Sub_dist":null,"District":"Alipurduar","Vill_LGD":"307369"},"geometry":{"type":"Polygon","coordinates":[[[4895724.2,4317109.0],[4895670.5,4317182.6],[4895588.9,4317213.5],[4895286.2,4317225.5],[4895341.0,4317344.1],[4895402.2,4317460.5],[4895443.8,4317504.8],[4895525.6,4317590.7],[4895546.0,4317645.8],[4895558.2,4317688.1],[4895527.1,4317917.5],[4895513.8,4317967.5],[4895498.0,4318132.8],[4895498.0,4318275.2],[4895491.3,4318353.5],[4895484.7,4318511.4],[4895470.5,4318754.9],[4895451.9,4318897.9],[4895429.8,4318968.6],[4895427.8,4319031.9],[4895388.2,4319149.3],[4895390.3,4319319.4],[4895379.6,4319502.2],[4895378.0,4319656.3],[4895333.5,4319825.7],[4895302.5,4319898.8],[4895199.8,4319992.7],[4895157.0,4320105.6],[4895155.2,4320265.1],[4895132.9,4320453.2],[4895112.1,4320516.6],[4895076.1,4320591.0],[4895023.0,4320673.4],[4894983.5,4320750.6],[4894886.1,4320906.6],[4894872.5,4320943.3],[4894834.4,4321070.7],[4894827.8,4321106.7],[4894812.8,4321245.0],[4894821.4,4321373.2],[4894799.3,4321577.0],[4894773.5,4321663.7],[4894723.8,4321725.6],[4894534.4,4321956.3],[4894810.5,4322109.6],[4894934.2,4322163.2],[4894954.0,4321985.3],[4894947.4,4321755.1],[4894924.2,4321554.0],[4894894.0,4321353.6],[4894880.7,4321253.7],[4894880.5,4321186.4],[4894931.0,4321066.0],[4895037.6,4320829.9],[4895063.0,4320792.8],[4895191.2,4320609.3],[4895371.5,4320344.8],[4895468.7,4320181.5],[4895638.2,4319835.4],[4895792.2,4319575.1],[4895962.3,4319337.6],[4896112.7,4319153.2],[4896125.1,4319138.6],[4896239.9,4318999.7],[4896652.9,4318553.3],[4896779.7,4318409.6],[4896886.7,4318268.8],[4896993.9,4318195.4],[4897087.2,4318155.7],[4897190.6,4318088.9],[4897254.2,4317991.8],[4897330.7,4317925.2],[4897374.4,4317905.2],[4897338.8,4317756.6],[4897347.1,4317654.8],[4897339.0,4317609.7],[4897276.9,4317582.2],[4897247.7,4317535.5],[4897145.5,4317516.4],[4897014.9,4317524.8],[4896954.9,4317515.1],[4896877.1,4317478.4],[4896793.0,4317407.6],[4896666.5,4317302.2],[4896484.4,4317216.8],[4896381.4,4317140.6],[4896245.5,4317188.6],[4896194.2,4317202.4],[4895995.2,4317224.2],[4895948.6,4317212.7],[4895950.6,4317140.5],[4895928.5,4317110.5],[4895823.7,4317133.0],[4895724.2,4317109.0]]]}},{"type":"Feature","properties":{"Vill_name":"Panbari","Sub_dist":null,"District":"Alipurduar","Vill_LGD":"307313"},"geometry":{"type":"Polygon","coordinates":[[[4944863.1,4315499.1],[4944840.9,4315275.5],[4945151.1,4315187.2],[4945295.2,4315119.5],[4945250.4,4314854.6],[4945048.1,4314813.0],[4945053.8,4314652.2],[4945076.0,4314579.1],[4945209.1,4314620.3],[4945214.8,4314542.5],[4945164.9,4314537.7],[4945126.2,4314444.0],[4945059.9,4314444.3],[4945048.3,4314490.4],[4944965.3,4314490.3],[4944937.7,4314329.4],[4945009.6,4314293.0],[4945098.0,4314314.0],[4945142.8,4314199.7],[4945037.0,4314152.4],[4945015.1,4314209.8],[4944915.2,4314214.9],[4944926.5,4314058.8],[4944826.6,4314022.5],[4944660.1,4314095.6],[4944582.4,4314189.2],[4944399.5,4314152.4],[4944388.7,4314204.4],[4944133.8,4314183.9],[4944095.1,4313996.4],[4943812.0,4314022.7],[4943807.5,4314013.1],[4943746.5,4313891.9],[4943581.4,4314233.6],[4943288.6,4314945.5],[4943649.2,4315218.6],[4943629.4,4315355.6],[4943581.3,4315550.3],[4943522.1,4316009.1],[4943756.7,4315970.2],[4943902.9,4316076.9],[4944031.7,4315806.1],[4944015.3,4315748.8],[4944669.0,4315790.3],[4944702.0,4315467.8],[4944863.1,4315499.1]]]}},{"type":"Feature","properties":{"Vill_name":"Kartika Tea Garden","Sub_dist":null,"District":"Alipurduar","Vill_LGD":"307154"},"geometry":{"type":"Polygon","coordinates":[[[4951236.2,4319444.8],[4951198.6,4319355.0],[4950972.9,4319097.4],[4950859.8,4319083.8],[4950730.9,4319063.9],[4950586.5,4319071.0],[4950439.4,4318980.5],[4950358.2,4318883.2],[4950310.1,4318633.2],[4950274.0,4318097.8],[4950253.1,4318020.3],[4950119.4,4317965.8],[4949968.6,4317924.5],[4949967.0,4317979.3],[4949382.5,4317940.1],[4949363.1,4318212.7],[4949300.4,4319413.4],[4948516.3,4319337.7],[4947091.3,4319199.4],[4946341.3,4319150.3],[4946263.1,4320067.0],[4946217.9,4320612.9],[4946175.1,4321057.8],[4946137.8,4321416.9],[4946112.7,4321612.7],[4946731.3,4321648.6],[4947164.7,4321705.1],[4947967.6,4321747.9],[4949193.5,4321848.1],[4949839.2,4321872.5],[4950614.2,4321901.1],[4950683.6,4321321.5],[4950736.8,4321051.0],[4950841.4,4320350.8],[4950857.6,4319785.8],[4950868.7,4319511.8],[4950870.8,4319466.2],[4951236.2,4319444.8]]]}},{"type":"Feature","properties":{"Vill_name":"Dheklapara Tea Garden","Sub_dist":null,"District":"Alipurduar","Vill_LGD":"307058"},"geometry":{"type":"Polygon","coordinates":[[[4888882.2,4329219.7],[4888877.1,4329081.4],[4888875.3,4329047.4],[4888696.5,4329025.0],[4888459.0,4329018.0],[4888169.6,4329009.0],[4888027.8,4329015.0],[4887914.8,4328983.0],[4887883.4,4328983.0],[4887858.3,4328901.7],[4887806.6,4328822.5],[4887668.4,4328865.5],[4887519.5,4328938.0],[4887299.9,4329019.3],[4887261.6,4329008.1],[4887081.1,4328727.2],[4887010.3,4328634.9],[4887010.6,4328578.4],[4887232.8,4328453.9],[4887212.2,4328402.3],[4887139.4,4328239.7],[4887293.5,4328142.4],[4887261.7,4327986.1],[4887151.0,4327712.5],[4887540.2,4327526.8],[4887625.7,4327477.4],[4887605.6,4327311.8],[4887576.1,4327241.6],[4887569.0,4327184.8],[4887530.7,4327103.3],[4887501.5,4327065.6],[4887464.8,4326990.6],[4887442.5,4326934.0],[4887489.8,4326899.9],[4887650.5,4326828.1],[4887861.1,4326760.1],[4888019.1,4326673.8],[4888130.2,4326621.7],[4888114.1,4326486.3],[4888086.8,4326419.6],[4888068.9,4326394.2],[4887962.4,4326392.5],[4887955.6,4326267.9],[4888102.5,4326207.2],[4888192.9,4326186.5],[4888281.6,4326139.1],[4888292.6,4326095.9],[4888303.9,4326084.7],[4888430.5,4326046.6],[4888536.2,4325973.5],[4888603.7,4325838.7],[4888617.2,4325740.6],[4888542.1,4325545.4],[4888553.6,4325470.3],[4888655.4,4325427.5],[4888759.7,4325301.8],[4888766.5,4325129.7],[4888775.5,4324973.4],[4888753.0,4324859.3],[4888590.2,4324873.1],[4888495.2,4324877.4],[4888395.3,4324890.7],[4888361.3,4324851.3],[4888306.4,4324849.1],[4888216.3,4324873.8],[4888023.6,4324885.6],[4887953.7,4324878.3],[4887881.1,4325068.9],[4887765.4,4325155.7],[4887595.4,4325237.4],[4887469.2,4325308.0],[4887362.7,4325376.1],[4887387.7,4325562.5],[4887406.0,4325784.5],[4887408.3,4326063.2],[4887405.9,4326224.2],[4887430.9,4326389.5],[4887449.3,4326507.4],[4887372.0,4326529.7],[4887337.9,4326555.1],[4887340.4,4326595.5],[4887279.6,4326603.4],[4887222.9,4326576.6],[4887202.7,4326547.1],[4887146.2,4326567.5],[4887054.9,4326576.3],[4887014.6,4326585.2],[4886980.7,4326504.0],[4886971.8,4326465.2],[4886935.1,4326452.2],[4886881.0,4326472.7],[4886849.1,4326431.3],[4886928.8,4326347.7],[4886858.3,4326239.2],[4886747.5,4326388.6],[4886658.8,4326566.6],[4886605.1,4326681.9],[4886555.0,4326795.0],[4886534.7,4326819.1],[4886331.2,4326830.4],[4886120.3,4326811.9],[4885981.9,4326798.4],[4885912.0,4326729.7],[4885921.1,4326693.2],[4885859.8,4326580.2],[4885839.6,4326539.5],[4885789.3,4326552.8],[4885776.2,4326620.9],[4885767.3,4326663.7],[4885744.5,4326667.2],[4885750.2,4326673.7],[4885809.7,4326761.7],[4885900.5,4326906.5],[4886009.2,4326986.8],[4886032.2,4327009.1],[4886211.0,4326968.1],[4886321.4,4326941.0],[4886489.1,4326918.6],[4886498.0,4326968.2],[4886523.0,4327091.2],[4886565.7,4327358.6],[4886586.0,4327496.6],[4886611.2,4327698.8],[4886633.5,4327807.5],[4886649.3,4327979.2],[4886710.3,4328365.9],[4886778.7,4328803.5],[4886809.9,4328929.8],[4886837.0,4329133.1],[4886848.4,4329293.3],[4886877.4,4329447.0],[4886909.6,4329675.6],[4886927.6,4329853.8],[4887759.1,4329788.7],[4887934.9,4329761.8],[4888104.7,4329755.7],[4888303.3,4329732.8],[4888448.4,4329709.8],[4888611.0,4329699.0],[4888742.2,4329698.9],[4888793.4,4329667.0],[4888848.1,4329612.6],[4888866.0,4329373.2],[4888882.2,4329219.7]]]}},{"type":"Feature","properties":{"Vill_name":"Bandapani Tea Garden","Sub_dist":null,"District":"Alipurduar","Vill_LGD":"307066"},"geometry":{"type":"Polygon","coordinates":[[[4892499.0,4334573.2],[4892527.2,4334500.0],[4892549.6,4334380.2],[4892572.7,4334115.5],[4892573.3,4334113.1],[4892580.7,4333927.2],[4892575.8,4333701.9],[4892616.7,4333209.6],[4892641.6,4332926.3],[4892655.2,4332613.0],[4892650.8,4332081.2],[4892678.2,4332040.7],[4892843.2,4332023.6],[4893046.6,4332044.2],[4893187.0,4332077.4],[4893216.4,4331987.0],[4893257.1,4331998.8],[4893268.7,4332084.3],[4893377.0,4332101.3],[4893458.6,4331701.8],[4893573.9,4331234.7],[4893454.1,4331110.1],[4893153.0,4330904.0],[4893062.4,4330805.3],[4892926.4,4330670.0],[4892847.6,4330459.4],[4892822.6,4330284.2],[4892530.3,4330292.8],[4892177.4,4330296.5],[4891663.9,4330318.0],[4891333.5,4330313.4],[4890965.1,4330320.2],[4890958.0,4330142.0],[4890977.9,4329615.8],[4890995.9,4329353.3],[4891036.4,4328961.2],[4891097.7,4328381.4],[4890710.5,4328380.5],[4890366.7,4328410.2],[4889900.7,4328445.2],[4889368.3,4328439.3],[4889110.3,4328482.4],[4889331.8,4328892.0],[4889318.7,4329154.7],[4889250.5,4329254.6],[4889073.9,4329258.9],[4889014.8,4329272.3],[4888951.8,4329335.6],[4889024.5,4329550.3],[4888957.0,4329636.5],[4888848.1,4329612.6],[4888793.4,4329667.0],[4888742.2,4329698.9],[4888611.0,4329699.0],[4888448.4,4329709.8],[4888303.3,4329732.8],[4888104.7,4329755.7],[4887934.9,4329761.8],[4887759.1,4329788.7],[4886927.6,4329853.8],[4886922.8,4329892.4],[4887011.2,4329965.0],[4887112.8,4330098.6],[4887273.8,4330308.3],[4887433.8,4330493.8],[4887533.7,4330624.9],[4887620.5,4330811.4],[4887701.9,4330967.6],[4887889.6,4331376.6],[4888179.1,4332048.5],[4888255.3,4332210.8],[4888323.7,4332373.8],[4888429.5,4332573.0],[4888508.4,4332752.7],[4888600.9,4332912.9],[4888679.9,4333069.0],[4888749.8,4333269.9],[4888705.0,4333385.2],[4888675.5,4333456.5],[4888625.6,4333544.5],[4888467.6,4333856.3],[4888244.0,4334306.4],[4888169.9,4334509.7],[4888471.6,4334734.5],[4888822.1,4334996.5],[4889088.6,4335216.7],[4889389.7,4335572.6],[4889471.5,4335557.1],[4889678.2,4335509.6],[4889825.0,4335481.2],[4889894.4,4335392.8],[4889991.9,4335260.4],[4890024.1,4335212.8],[4890096.0,4335121.5],[4890148.8,4335048.1],[4890244.4,4334919.5],[4890377.0,4334753.8],[4890406.4,4334713.1],[4890489.3,4334610.0],[4890553.1,4334523.5],[4890622.9,4334429.6],[4890719.1,4334293.2],[4890833.6,4334140.3],[4890881.1,4334074.4],[4890938.6,4333989.0],[4890984.7,4334009.4],[4891082.7,4334043.7],[4891183.8,4334087.5],[4891264.0,4334121.3],[4891345.0,4334153.5],[4891425.8,4334176.5],[4891545.2,4334216.2],[4891603.6,4334238.2],[4891649.8,4334257.1],[4891874.6,4334336.3],[4891980.1,4334374.2],[4892064.8,4334409.1],[4892138.4,4334436.2],[4892283.9,4334491.7],[4892405.2,4334537.0],[4892453.7,4334556.0],[4892499.0,4334573.2]]]}},{"type":"Feature","properties":{"Vill_name":"Rangamati Tea Garden","Sub_dist":null,"District":"Alipurduar","Vill_LGD":"307131"},"geometry":{"type":"Polygon","coordinates":[[[4922501.7,4336192.1],[4922180.5,4334991.8],[4922118.2,4334847.8],[4921928.4,4334604.4],[4921782.0,4334399.4],[4921703.9,4334316.6],[4921388.5,4334318.2],[4921213.1,4334347.7],[4920586.1,4334424.3],[4919930.3,4334504.9],[4919522.0,4334650.4],[4919390.8,4334497.3],[4919143.2,4334198.5],[4919055.5,4334081.3],[4918931.8,4334110.8],[4918858.7,4334088.6],[4918815.3,4334008.9],[4918764.2,4333855.2],[4918618.0,4333789.7],[4918188.2,4333479.8],[4917999.0,4333297.8],[4917882.4,4333188.6],[4918203.0,4333151.9],[4918305.0,4333122.8],[4918319.9,4332976.7],[4918349.0,4332780.1],[4918399.6,4332554.1],[4918428.8,4332466.5],[4918356.2,4332422.3],[4918137.3,4332327.8],[4918006.3,4332240.5],[4917845.8,4332094.3],[4917663.8,4332058.1],[4917590.6,4331955.8],[4917583.3,4331831.7],[4917597.6,4331708.1],[4917605.1,4331591.0],[4917568.7,4331489.0],[4917496.0,4331357.3],[4917372.2,4331109.2],[4917393.9,4331765.6],[4917415.5,4332134.1],[4917481.7,4332783.8],[4917561.7,4333545.6],[4917583.6,4334165.7],[4917394.3,4334260.2],[4917029.9,4334391.7],[4917029.5,4334596.0],[4917204.5,4334829.4],[4917197.4,4334997.6],[4917248.3,4335124.8],[4917408.8,4335548.6],[4917627.3,4335869.0],[4917846.0,4336124.1],[4918108.8,4336474.2],[4918327.1,4336768.6],[4918458.5,4337030.8],[4918677.3,4337264.3],[4918925.3,4337460.9],[4919129.0,4337628.3],[4919245.8,4337796.5],[4919428.0,4337847.5],[4919632.2,4337934.9],[4919785.1,4338066.0],[4919930.9,4338212.0],[4919979.0,4338334.7],[4921147.8,4338865.1],[4921170.7,4338845.7],[4921311.7,4338724.3],[4921427.7,4338627.3],[4921512.1,4338555.9],[4921536.8,4338529.4],[4921488.0,4338308.6],[4921458.8,4338188.7],[4921431.0,4338049.8],[4921440.1,4337999.4],[4921484.1,4337707.0],[4921531.2,4337516.3],[4921563.9,4337349.5],[4921599.0,4337143.3],[4921756.9,4336988.0],[4921895.2,4336826.3],[4921926.2,4336795.6],[4922038.3,4336694.5],[4922237.4,4336476.8],[4922414.3,4336281.5],[4922501.7,4336192.1]]]}},{"type":"Feature","properties":{"Vill_name":"Dima Tea Garden","Sub_dist":null,"District":"Alipurduar","Vill_LGD":"307140"},"geometry":{"type":"Polygon","coordinates":[[[4925500.7,4320789.9],[4925410.9,4320792.9],[4925080.5,4320788.8],[4924572.1,4320779.7],[4924476.0,4320776.1],[4924054.8,4320761.3],[4923062.6,4320708.4],[4922808.7,4320708.5],[4921970.5,4320680.6],[4921522.4,4320673.9],[4920930.1,4320661.2],[4920665.4,4320650.5],[4920659.5,4320650.7],[4920661.4,4320773.6],[4920706.3,4320800.3],[4920808.9,4320864.2],[4920849.0,4320887.2],[4920881.9,4320909.0],[4920887.0,4320947.0],[4920868.1,4320970.7],[4920812.8,4320997.0],[4920784.6,4321022.7],[4920763.3,4321056.0],[4920763.6,4321082.1],[4920770.2,4321118.2],[4920815.3,4321151.4],[4920881.7,4321159.0],[4920943.8,4321175.2],[4920984.3,4321191.9],[4921024.7,4321229.7],[4921069.9,4321291.8],[4921072.3,4321353.8],[4921053.6,4321406.4],[4921053.3,4321463.4],[4921096.4,4321496.4],[4921210.1,4321522.0],[4921250.2,4321536.2],[4921279.0,4321572.0],[4921283.5,4321631.1],[4921281.1,4321681.1],[4921286.1,4321709.8],[4921314.2,4321759.8],[4921310.0,4321795.5],[4921288.3,4321828.8],[4921257.3,4321850.4],[4921209.9,4321876.1],[4921183.6,4321912.2],[4921181.6,4321942.6],[4921207.5,4321976.2],[4921243.2,4322061.0],[4921250.2,4322132.0],[4921254.8,4322210.3],[4921236.1,4322250.7],[4921238.2,4322268.0],[4921276.5,4322289.5],[4921319.1,4322322.5],[4921347.9,4322358.2],[4921360.0,4322403.5],[4921335.5,4322451.5],[4921287.8,4322485.0],[4921271.5,4322527.5],[4921268.7,4322565.2],[4921644.2,4322623.0],[4922440.4,4322685.2],[4923004.3,4322761.5],[4923873.4,4322043.4],[4925120.7,4321191.8],[4925489.8,4320810.4],[4925500.7,4320789.9]]]}},{"type":"Feature","properties":{"Vill_name":"Satali Nakadala","Sub_dist":null,"District":"Alipurduar","Vill_LGD":"307124"},"geometry":{"type":"Polygon","coordinates":[[[4918928.1,4315946.5],[4918843.7,4315943.4],[4918789.4,4315979.6],[4918770.8,4316041.6],[4918734.4,4316081.6],[4918716.5,4316097.0],[4918745.5,4316148.0],[4918745.4,4316191.2],[4918731.0,4316224.4],[4918680.1,4316231.8],[4918628.8,4316195.4],[4918585.1,4316215.4],[4918581.4,4316302.7],[4918574.3,4316368.6],[4918522.7,4316430.5],[4918461.1,4316547.9],[4918512.3,4316616.7],[4918523.3,4316704.6],[4918497.9,4316773.7],[4918483.2,4316792.1],[4918509.2,4316825.3],[4918534.4,4316832.4],[4918556.2,4316868.8],[4918530.8,4316916.2],[4918498.0,4316956.4],[4918483.4,4317003.8],[4918483.6,4317062.3],[4918487.1,4317091.4],[4918465.0,4317120.8],[4918402.8,4317127.7],[4918410.3,4317186.0],[4918403.1,4317233.8],[4918377.4,4317248.3],[4918363.1,4317248.1],[4918326.2,4317219.3],[4918319.1,4317193.9],[4918206.0,4317215.5],[4918169.6,4317186.2],[4918151.2,4317149.5],[4918078.2,4317157.3],[4917987.0,4317193.7],[4917899.3,4317281.3],[4917840.8,4317324.7],[4917815.6,4317378.0],[4917793.2,4317414.8],[4917727.7,4317418.0],[4917694.7,4317440.0],[4917698.6,4317473.1],[4917749.9,4317487.8],[4917811.8,4317487.9],[4917855.5,4317509.6],[4917863.0,4317527.7],[4917822.8,4317575.3],[4917753.4,4317600.5],[4917746.0,4317732.3],[4917749.8,4317827.3],[4917764.3,4317863.8],[4917713.4,4317900.2],[4917655.1,4317907.7],[4917585.6,4317933.3],[4917618.5,4318057.2],[4917615.0,4318150.4],[4917629.4,4318187.0],[4917669.3,4318227.2],[4917677.1,4318237.9],[4917654.7,4318274.6],[4917629.6,4318296.0],[4917593.1,4318300.2],[4917567.4,4318281.7],[4917567.4,4318343.6],[4917563.8,4318376.8],[4917527.4,4318409.5],[4917501.4,4318438.7],[4917508.8,4318478.8],[4917519.7,4318508.3],[4917520.1,4318552.1],[4917519.8,4318588.9],[4917548.8,4318628.6],[4917582.0,4318632.2],[4917607.6,4318632.4],[4917604.1,4318705.4],[4917607.4,4318871.1],[4917538.3,4318878.6],[4917483.6,4318922.7],[4917494.2,4318999.3],[4917512.9,4319039.0],[4917549.6,4319053.5],[4917581.8,4319057.5],[4917541.9,4319152.9],[4917534.4,4319225.7],[4917531.1,4319305.6],[4917648.2,4319300.9],[4917656.1,4319249.7],[4917692.3,4319180.2],[4917864.6,4319121.7],[4917999.5,4319063.3],[4918068.7,4319033.7],[4918094.8,4319011.9],[4918116.6,4319019.3],[4918142.5,4319063.3],[4918145.9,4319136.2],[4918156.8,4319183.9],[4918178.9,4319183.9],[4918200.9,4319165.8],[4918219.1,4319114.2],[4918277.6,4319041.3],[4918423.8,4319004.6],[4918479.1,4319008.2],[4918552.0,4318872.7],[4918669.0,4318891.1],[4918679.9,4319012.0],[4918676.6,4319110.5],[4918705.5,4319235.2],[4918705.6,4319315.3],[4918723.7,4319377.6],[4918767.9,4319377.7],[4918829.8,4319359.1],[4919009.0,4319359.3],[4919080.6,4319372.6],[4919076.4,4319409.2],[4919289.1,4319449.9],[4919475.2,4319460.7],[4919449.2,4319347.0],[4919420.6,4319277.8],[4919346.9,4319208.0],[4919281.2,4319164.1],[4919233.7,4319160.8],[4919175.3,4319087.3],[4919160.5,4319006.5],[4919131.2,4318900.5],[4919171.2,4318824.3],[4919167.6,4318736.2],[4919236.8,4318604.9],[4919240.2,4318553.5],[4919273.3,4318498.6],[4919324.8,4318388.6],[4919325.2,4318308.5],[4919383.5,4318290.2],[4919449.0,4318235.4],[4919547.8,4318162.0],[4919632.1,4318114.5],[4919694.0,4318085.0],[4919705.1,4317975.6],[4919688.4,4317894.2],[4919779.9,4317828.3],[4919809.1,4317784.1],[4919812.9,4317755.3],[4919750.2,4317711.0],[4919677.3,4317663.8],[4919626.5,4317616.2],[4919626.4,4317546.9],[4919633.2,4317487.8],[4919622.4,4317436.7],[4919604.6,4317418.1],[4919567.9,4317414.9],[4919546.2,4317458.6],[4919527.3,4317473.4],[4919473.2,4317455.1],[4919447.0,4317436.6],[4919440.0,4317389.1],[4919512.8,4317305.2],[4919562.3,4317204.9],[4919616.7,4317124.0],[4919657.6,4317040.0],[4919723.6,4316934.1],[4919628.1,4316835.2],[4919496.4,4316692.9],[4919398.1,4316571.7],[4919319.3,4316423.5],[4919348.7,4316343.4],[4919381.4,4316306.7],[4919400.1,4316295.8],[4919414.4,4316262.6],[4919374.0,4316244.4],[4919322.8,4316237.0],[4919279.2,4316215.3],[4919249.8,4316171.2],[4919231.6,4316131.0],[4919191.4,4316120.2],[4919169.3,4316120.2],[4919128.8,4316145.7],[4918997.5,4316127.1],[4918986.6,4316087.3],[4918983.0,4316039.5],[4918990.0,4315987.3],[4918928.1,4315946.5]]]}},{"type":"Feature","properties":{"Vill_name":"Uttar Latabari (CT)","Sub_dist":null,"District":"Alipurduar","Vill_LGD":"307150"},"geometry":{"type":"Polygon","coordinates":[[[4918862.8,4320165.2],[4918811.3,4320194.2],[4918756.8,4320183.3],[4918694.3,4320165.0],[4918606.9,4320227.2],[4918518.9,4320300.5],[4918409.5,4320359.2],[4918384.0,4320428.7],[4918442.3,4320545.9],[4918519.0,4320615.4],[4918601.6,4320614.0],[4918644.8,4320573.3],[4918685.3,4320547.8],[4918721.7,4320547.5],[4918744.0,4320573.2],[4918758.6,4320617.1],[4918776.8,4320646.9],[4918816.9,4320661.1],[4918828.1,4320705.4],[4918813.3,4320716.5],[4918677.7,4320738.5],[4918593.7,4320738.4],[4918560.7,4320954.4],[4918522.2,4321061.6],[4918536.8,4321237.2],[4918537.0,4321592.8],[4918581.8,4321559.1],[4918728.5,4321471.3],[4918835.4,4321402.8],[4919001.2,4321398.4],[4919420.7,4321407.7],[4919742.5,4321417.8],[4919756.8,4321466.1],[4919757.0,4321749.0],[4919737.2,4322265.8],[4919708.9,4322528.3],[4919877.8,4322540.3],[4920071.0,4322526.0],[4920657.7,4322532.5],[4921031.0,4322553.8],[4921268.7,4322565.2],[4921271.5,4322527.5],[4921287.8,4322485.0],[4921335.5,4322451.5],[4921360.0,4322403.5],[4921347.9,4322358.2],[4921319.1,4322322.5],[4921276.5,4322289.5],[4921238.2,4322268.0],[4921236.1,4322250.7],[4921254.8,4322210.3],[4921250.2,4322132.0],[4921243.2,4322061.0],[4921207.5,4321976.2],[4921181.6,4321942.6],[4921183.6,4321912.2],[4921209.9,4321876.1],[4921257.3,4321850.4],[4921288.3,4321828.8],[4921310.0,4321795.5],[4921314.2,4321759.8],[4921286.1,4321709.8],[4921281.1,4321681.1],[4921283.5,4321631.1],[4921279.0,4321572.0],[4921250.2,4321536.2],[4921210.1,4321522.0],[4921096.4,4321496.4],[4921053.3,4321463.4],[4921053.6,4321406.4],[4921072.3,4321353.8],[4921069.9,4321291.8],[4921024.7,4321229.7],[4920984.3,4321191.9],[4920943.8,4321175.2],[4920881.7,4321159.0],[4920815.3,4321151.4],[4920770.2,4321118.2],[4920763.6,4321082.1],[4920763.3,4321056.0],[4920784.6,4321022.7],[4920812.8,4320997.0],[4920868.1,4320970.7],[4920887.0,4320947.0],[4920881.9,4320909.0],[4920849.0,4320887.2],[4920808.9,4320864.2],[4920706.3,4320800.3],[4920661.4,4320773.6],[4920659.1,4320628.6],[4920659.0,4320436.0],[4920673.5,4320367.5],[4920922.8,4320331.3],[4920941.9,4320302.7],[4920956.5,4320243.5],[4920947.1,4320183.6],[4920915.8,4320150.2],[4920891.8,4320148.0],[4920849.6,4320117.0],[4920834.6,4320082.4],[4920853.6,4319930.6],[4920856.0,4319902.2],[4920853.3,4319875.5],[4920841.9,4319847.5],[4920822.8,4319773.9],[4920808.3,4319737.8],[4920837.0,4319600.7],[4920839.3,4319553.1],[4920834.4,4319491.0],[4920849.0,4319453.4],[4920891.9,4319429.9],[4920908.5,4319431.7],[4920930.0,4319453.4],[4920944.1,4319477.1],[4920965.4,4319474.7],[4920965.6,4319448.7],[4920955.7,4319429.5],[4920965.2,4319405.9],[4920969.7,4319384.0],[4920962.8,4319374.9],[4920939.4,4319329.5],[4920939.6,4319284.3],[4920953.2,4319246.2],[4920955.8,4319203.1],[4920955.8,4319172.2],[4920939.2,4319139.4],[4920898.8,4319111.0],[4920853.3,4319096.0],[4920827.3,4319065.3],[4920827.6,4319039.3],[4920827.3,4319015.2],[4920825.2,4318977.3],[4920808.4,4318916.5],[4920789.6,4318857.2],[4920789.4,4318800.2],[4920791.7,4318762.5],[4920808.2,4318726.4],[4920656.5,4318754.5],[4920316.3,4318864.5],[4920147.8,4318904.5],[4919939.7,4318974.1],[4919848.3,4319025.2],[4919819.2,4318977.7],[4919840.8,4318955.6],[4919844.2,4318937.1],[4919815.2,4318875.3],[4919713.0,4318856.7],[4919643.2,4318846.4],[4919595.7,4318853.0],[4919562.7,4318835.2],[4919559.6,4318776.6],[4919559.2,4318743.7],[4919523.0,4318740.0],[4919485.8,4318728.9],[4919438.6,4318728.6],[4919384.1,4318728.9],[4919346.7,4318699.6],[4919310.5,4318685.1],[4919295.9,4318714.3],[4919255.7,4318783.7],[4919233.8,4318820.4],[4919171.2,4318824.3],[4919131.2,4318900.5],[4919160.5,4319006.5],[4919175.3,4319087.3],[4919233.7,4319160.8],[4919281.2,4319164.1],[4919346.9,4319208.0],[4919420.6,4319277.8],[4919449.2,4319347.0],[4919475.2,4319460.7],[4919595.9,4319464.1],[4919581.2,4319669.2],[4919332.5,4319764.3],[4919379.8,4319936.1],[4919383.8,4319994.7],[4919323.3,4320099.4],[4919111.3,4320124.6],[4919045.4,4320168.6],[4919009.0,4320179.6],[4918957.9,4320179.6],[4918917.4,4320143.3],[4918888.5,4320132.1],[4918862.8,4320165.2]]]}},{"type":"Feature","properties":{"Vill_name":"Dakshin Mandabari","Sub_dist":null,"District":"Alipurduar","Vill_LGD":"307126"},"geometry":{"type":"Polygon","coordinates":[[[4919964.1,4313045.6],[4920051.3,4312928.5],[4920058.5,4312870.4],[4919993.0,4312811.7],[4919898.0,4312775.2],[4919861.5,4312665.9],[4919891.0,4312614.8],[4919934.4,4312622.2],[4920014.9,4312673.3],[4920087.8,4312709.7],[4920168.2,4312724.3],[4920204.6,4312702.0],[4920212.2,4312687.6],[4920211.9,4312673.4],[4920190.1,4312636.5],[4920161.0,4312607.1],[4920139.0,4312534.3],[4920124.3,4312461.4],[4920139.2,4312417.9],[4920182.4,4312417.5],[4920197.6,4312468.9],[4920284.9,4312534.0],[4920299.6,4312636.8],[4920343.4,4312665.5],[4920394.5,4312643.8],[4920423.7,4312578.4],[4920467.6,4312534.4],[4920496.6,4312534.3],[4920525.3,4312549.4],[4920584.2,4312570.9],[4920569.3,4312665.5],[4920591.4,4312738.8],[4920649.8,4312760.7],[4920708.0,4312724.2],[4920715.5,4312680.4],[4920708.1,4312629.4],[4920707.8,4312534.1],[4920737.7,4312454.0],[4920796.0,4312373.8],[4920847.1,4312373.8],[4920890.7,4312417.6],[4920949.1,4312417.5],[4921029.3,4312373.7],[4920985.5,4312253.2],[4920933.8,4312194.7],[4920817.3,4312165.1],[4920737.1,4312107.2],[4920736.9,4312019.3],[4920744.5,4311931.7],[4920700.6,4311895.2],[4920635.0,4311880.8],[4920554.7,4311844.0],[4920365.1,4311844.3],[4920328.5,4311727.1],[4920240.8,4311639.9],[4920240.8,4311610.4],[4920284.3,4311573.7],[4920328.6,4311530.1],[4920372.6,4311442.3],[4920488.8,4311354.6],[4920540.2,4311369.3],[4920576.5,4311442.3],[4920664.1,4311427.8],[4920773.7,4311354.5],[4920766.7,4311274.6],[4920693.6,4311223.0],[4920590.9,4311223.0],[4920386.8,4311157.7],[4920364.9,4310978.8],[4920343.5,4310759.7],[4920401.6,4310766.9],[4920511.2,4310847.3],[4920796.0,4310613.9],[4920723.2,4310533.3],[4920613.3,4310387.1],[4920620.5,4310350.6],[4920503.8,4310285.0],[4920481.9,4310219.2],[4920350.8,4310117.1],[4920299.5,4309956.0],[4920138.9,4309803.4],[4920233.8,4309708.2],[4920226.4,4309627.8],[4920262.9,4309613.3],[4920313.8,4309678.7],[4920372.6,4309671.7],[4920408.8,4309613.0],[4920445.4,4309710.0],[4920674.3,4309627.7],[4920691.3,4309457.6],[4920610.6,4309440.9],[4920677.9,4309369.5],[4920702.1,4309213.5],[4920620.4,4309166.3],[4920498.4,4309149.2],[4920444.0,4309115.2],[4920444.0,4308993.3],[4920566.6,4308996.8],[4920569.4,4308908.5],[4920508.5,4308898.2],[4920488.5,4308875.1],[4920515.6,4308698.6],[4920586.7,4308712.4],[4920604.3,4308631.7],[4920563.7,4308577.2],[4920255.0,4308499.0],[4920167.1,4308449.1],[4920112.9,4308411.6],[4920075.7,4308388.2],[4920086.1,4308323.9],[4920150.1,4308259.2],[4920238.4,4308242.3],[4920417.8,4308198.4],[4920587.8,4308198.2],[4920624.6,4308177.8],[4920702.6,4308004.8],[4920733.1,4307882.5],[4920682.5,4307780.8],[4920601.2,4307743.5],[4920431.5,4307831.6],[4920255.5,4307865.4],[4920174.0,4307875.7],[4920102.6,4307909.7],[4920008.2,4307920.3],[4919960.6,4307920.0],[4919906.0,4307943.4],[4919905.8,4307987.6],[4919974.1,4308059.2],[4919997.5,4308123.7],[4920011.1,4308187.7],[4920011.0,4308252.0],[4919957.0,4308323.6],[4919872.3,4308337.2],[4919800.8,4308343.6],[4919767.1,4308391.1],[4919760.4,4308459.0],[4919811.2,4308557.8],[4919868.8,4308594.4],[4919855.4,4308700.3],[4919827.8,4308773.7],[4919780.3,4308912.9],[4919773.8,4309048.1],[4919777.3,4309150.0],[4919797.3,4309265.3],[4919808.1,4309306.2],[4919787.5,4309346.9],[4919756.9,4309380.8],[4919679.0,4309418.3],[4919577.3,4309448.8],[4919455.4,4309471.9],[4919385.2,4309502.0],[4919317.2,4309586.6],[4919290.1,4309712.0],[4919296.5,4309834.2],[4919354.3,4309939.6],[4919463.3,4310075.0],[4919564.6,4310204.1],[4919612.0,4310322.8],[4919642.3,4310519.7],[4919652.3,4310772.2],[4919652.3,4310945.1],[4919744.0,4311081.1],[4919780.9,4311162.0],[4919736.9,4311250.7],[4919588.2,4311514.2],[4919469.4,4311666.7],[4919439.0,4311766.9],[4919449.1,4311895.6],[4919412.2,4311905.6],[4919306.8,4311892.2],[4919252.7,4312160.2],[4919231.8,4312350.3],[4919174.5,4312367.2],[4919184.8,4312499.3],[4919174.7,4312679.1],[4919201.7,4312771.8],[4919120.5,4312775.2],[4919025.7,4312805.6],[4918987.8,4312849.4],[4918981.4,4312900.7],[4919044.7,4312921.4],[4919044.6,4312965.1],[4919029.6,4313030.7],[4919029.3,4313089.2],[4919036.8,4313147.5],[4919073.6,4313198.9],[4919080.9,4313242.9],[4919088.0,4313308.1],[4919131.8,4313337.7],[4919197.3,4313344.8],[4919284.9,4313330.3],[4919548.0,4313242.7],[4919810.2,4313140.9],[4919964.1,4313045.6]]]}},{"type":"Feature","properties":{"Vill_name":"Shrinathpur Tea Garden","Sub_dist":null,"District":"Alipurduar","Vill_LGD":"307285"},"geometry":{"type":"Polygon","coordinates":[[[4939871.6,4308936.9],[4939871.6,4308998.8],[4939960.9,4309030.6],[4940016.1,4309087.2],[4940035.2,4309150.0],[4940234.6,4309191.5],[4940356.6,4309217.5],[4940356.6,4309279.8],[4940284.8,4309321.6],[4940268.1,4309404.8],[4940306.8,4309529.4],[4940340.2,4309550.6],[4940367.7,4309560.8],[4940434.0,4309487.8],[4940451.0,4309451.3],[4940484.2,4309466.7],[4940478.9,4309524.4],[4940511.8,4309607.5],[4940545.2,4309659.6],[4940539.7,4309701.1],[4940561.5,4309747.8],[4940561.8,4309815.6],[4940578.4,4309836.5],[4940611.6,4309851.9],[4940656.0,4309867.3],[4940705.8,4309935.0],[4940789.3,4309945.4],[4940960.7,4309924.6],[4941127.2,4309914.4],[4941249.2,4309898.6],[4941359.5,4309914.2],[4941409.7,4310086.0],[4941515.3,4310117.1],[4941631.9,4310142.8],[4941653.5,4310173.8],[4941570.7,4310210.6],[4941592.5,4310247.0],[4941781.3,4310293.9],[4941936.3,4310329.8],[4941897.1,4310215.4],[4941786.7,4309945.5],[4941792.0,4309804.8],[4941808.8,4309618.0],[4941820.0,4309404.9],[4941875.2,4309399.7],[4941913.6,4309243.4],[4941964.3,4309077.3],[4941936.4,4308994.0],[4941858.6,4308905.8],[4941797.7,4308916.1],[4941692.7,4308708.3],[4941614.9,4308703.1],[4941509.7,4308427.5],[4941420.8,4308344.7],[4941221.2,4308104.8],[4941265.9,4308001.3],[4941226.6,4307991.1],[4941105.2,4308105.1],[4941044.1,4308110.5],[4940983.2,4308162.6],[4940872.2,4308182.8],[4940711.8,4308651.0],[4940628.0,4308656.4],[4940600.8,4308692.4],[4940617.2,4308729.0],[4940550.9,4308739.6],[4940534.0,4308672.0],[4940451.0,4308672.0],[4940390.2,4308578.2],[4940378.7,4308479.4],[4940301.2,4308375.5],[4940251.6,4308323.5],[4940262.5,4308188.5],[4940218.0,4308152.0],[4940173.9,4308141.6],[4940146.4,4308037.6],[4940065.7,4308011.2],[4940021.9,4308052.8],[4939982.7,4308032.2],[4940010.4,4307995.7],[4939977.3,4307949.0],[4939927.2,4307949.0],[4939910.5,4307990.5],[4939905.1,4308011.3],[4939849.6,4308000.8],[4939849.6,4307948.8],[4939888.7,4307871.1],[4939949.4,4307772.3],[4940021.7,4307720.3],[4939966.4,4307663.1],[4939932.6,4307549.0],[4939977.1,4307419.1],[4939943.6,4307351.2],[4939894.0,4307267.8],[4939810.6,4307440.1],[4939666.7,4307492.1],[4939661.1,4307866.1],[4939611.4,4308021.8],[4939716.6,4308245.4],[4939838.6,4308589.1],[4939755.9,4308634.3],[4939694.5,4308655.9],[4939727.6,4308734.1],[4939801.8,4308702.8],[4939834.1,4308683.2],[4939866.3,4308687.2],[4940010.2,4308770.7],[4940110.3,4308885.0],[4939913.3,4308915.8],[4939871.6,4308936.9]]]}},{"type":"Feature","properties":{"Vill_name":"Dakshin Shibkata","Sub_dist":null,"District":"Alipurduar","Vill_LGD":"307282"},"geometry":{"type":"Polygon","coordinates":[[[4938345.4,4307138.6],[4938372.7,4307377.6],[4938311.9,4307377.2],[4938333.9,4307440.1],[4938345.2,4307522.6],[4938345.1,4307637.5],[4938394.9,4307642.4],[4938422.7,4307554.3],[4938533.2,4307522.8],[4938638.6,4307538.2],[4938619.4,4307642.3],[4938685.7,4307662.7],[4938808.0,4307662.7],[4938790.7,4307766.9],[4938818.7,4307777.6],[4938901.7,4307735.9],[4938935.1,4307746.3],[4938935.0,4307788.1],[4938896.2,4307798.5],[4938857.4,4307839.9],[4938863.3,4307850.5],[4938935.3,4307834.8],[4938973.8,4307850.3],[4938962.7,4307897.0],[4938901.6,4307923.0],[4938890.7,4307944.1],[4938912.8,4307985.4],[4938984.5,4308026.7],[4938946.4,4308094.6],[4938993.0,4308115.5],[4939026.6,4308152.0],[4939004.3,4308177.4],[4938904.8,4308203.6],[4938965.6,4308349.4],[4939104.4,4308333.5],[4939131.6,4308380.4],[4939070.9,4308437.4],[4939109.9,4308515.4],[4939181.6,4308484.5],[4939259.4,4308531.4],[4939264.8,4308603.9],[4939281.5,4308624.8],[4939364.5,4308624.8],[4939420.1,4308734.1],[4939536.0,4308775.5],[4939530.9,4308729.1],[4939519.7,4308614.6],[4939530.5,4308582.7],[4939575.2,4308593.2],[4939694.5,4308655.9],[4939755.9,4308634.3],[4939838.6,4308589.1],[4939716.6,4308245.4],[4939611.4,4308021.8],[4939661.1,4307866.1],[4939666.7,4307492.1],[4939810.6,4307440.1],[4939894.0,4307267.8],[4939740.2,4307116.5],[4939693.6,4307042.6],[4939686.7,4306941.6],[4939686.6,4306861.5],[4939708.0,4306793.8],[4939808.4,4306706.8],[4939843.5,4306620.0],[4939801.3,4306485.9],[4939801.4,4306392.1],[4939729.6,4306250.7],[4939729.5,4306210.9],[4939743.8,4306170.3],[4939793.8,4306130.5],[4939786.6,4306096.8],[4939736.8,4306090.0],[4939658.2,4306089.6],[4939543.8,4306090.0],[4939507.9,4306069.7],[4939458.0,4306016.2],[4939422.0,4305935.9],[4939372.2,4305929.6],[4939272.1,4305929.2],[4939214.6,4305908.8],[4939214.5,4305869.0],[4939343.7,4305808.4],[4939343.9,4305741.1],[4939293.6,4305694.5],[4939151.0,4305627.3],[4939100.3,4305546.8],[4939121.7,4305480.0],[4939229.2,4305419.9],[4939415.1,4305392.9],[4939479.4,4305352.3],[4939507.6,4305245.6],[4939522.1,4305158.4],[4939629.9,4305070.7],[4939708.1,4304956.6],[4939679.8,4304890.0],[4939550.7,4304889.7],[4939487.0,4304856.2],[4939472.2,4304816.2],[4939515.0,4304782.9],[4939594.0,4304755.7],[4939593.6,4304722.3],[4939565.0,4304662.0],[4939493.5,4304648.2],[4939357.7,4304675.1],[4939150.5,4304775.7],[4939050.1,4304749.3],[4938993.4,4304816.3],[4938878.8,4304923.3],[4938785.8,4304916.9],[4938815.0,4304829.9],[4938800.0,4304762.4],[4938621.1,4304930.6],[4938421.0,4304903.3],[4938428.0,4305044.1],[4938364.4,4305071.0],[4938339.1,4305178.3],[4938417.6,4305312.2],[4938457.3,4305365.7],[4938414.1,4305386.2],[4938328.1,4305325.6],[4938364.1,4305446.2],[4938299.9,4305453.4],[4938221.0,4305460.0],[4938164.0,4305554.0],[4938178.3,4305674.5],[4938163.6,4305715.0],[4938099.9,4305701.2],[4938049.7,4305560.3],[4937992.1,4305553.6],[4937985.1,4305627.4],[4938056.7,4305721.2],[4937992.1,4305727.9],[4938099.8,4305949.2],[4938256.7,4306130.5],[4938335.7,4306070.0],[4938292.7,4305983.0],[4938392.8,4305942.6],[4938421.1,4305989.1],[4938550.3,4305935.9],[4938571.1,4305983.1],[4938542.7,4306023.0],[4938614.0,4306143.7],[4938664.5,4306136.8],[4938685.9,4306345.1],[4938735.9,4306358.3],[4938778.5,4306492.4],[4938642.7,4306519.3],[4938638.7,4306634.0],[4938771.8,4306644.3],[4938832.6,4306748.4],[4938760.6,4306774.5],[4938788.1,4306826.3],[4938843.6,4306826.5],[4938821.9,4306909.5],[4938688.6,4306862.8],[4938622.1,4306837.1],[4938611.0,4306873.4],[4938716.3,4306992.8],[4938705.2,4307028.6],[4938622.2,4306987.3],[4938583.2,4307034.6],[4938533.1,4306992.9],[4938505.8,4307028.9],[4938478.0,4307075.7],[4938428.5,4307075.8],[4938411.7,4307148.7],[4938345.4,4307138.6]]]}},{"type":"Feature","properties":{"Vill_name":"Paschim Chepani","Sub_dist":null,"District":"Alipurduar","Vill_LGD":"307302"},"geometry":{"type":"Polygon","coordinates":[[[4944185.7,4301501.3],[4943943.0,4301441.0],[4943671.4,4301494.3],[4943385.3,4301521.4],[4943015.6,4301612.2],[4943047.9,4301706.5],[4943219.5,4301773.2],[4943227.0,4301873.7],[4943097.8,4301873.9],[4943091.0,4302129.0],[4942840.7,4302055.1],[4942876.2,4302122.6],[4942962.3,4302223.0],[4943012.2,4302256.3],[4943012.3,4302296.6],[4942754.6,4302303.4],[4942740.8,4302376.9],[4942776.1,4302470.9],[4942876.2,4302470.8],[4943062.5,4302396.7],[4943162.1,4302336.7],[4943119.5,4302457.4],[4943126.8,4302571.2],[4943205.3,4302685.4],[4943248.4,4302758.7],[4943252.8,4302862.5],[4943160.0,4302821.7],[4943059.9,4302748.2],[4942988.5,4302782.1],[4943009.7,4302842.5],[4943081.3,4302956.4],[4943131.5,4303150.4],[4943195.7,4303285.0],[4943117.0,4303391.8],[4943031.4,4303231.0],[4942974.0,4303177.2],[4942945.5,4303331.5],[4942945.5,4303425.3],[4942888.1,4303545.8],[4942916.7,4303646.9],[4942916.8,4303962.1],[4943059.9,4304008.8],[4943188.3,4304035.5],[4943277.5,4304088.9],[4943263.7,4304142.3],[4943213.6,4304142.3],[4943063.5,4304128.8],[4942970.9,4304155.8],[4942956.4,4304263.1],[4943021.0,4304330.0],[4943084.7,4304343.4],[4943184.8,4304323.6],[4943377.7,4304222.9],[4943413.6,4304262.9],[4943407.0,4304350.5],[4943349.2,4304396.8],[4943185.0,4304484.2],[4943170.7,4304557.7],[4943277.6,4304611.9],[4943499.3,4304718.8],[4943592.0,4304813.1],[4943585.0,4304846.6],[4943470.6,4304846.5],[4943442.1,4304919.8],[4943535.3,4305033.8],[4943513.8,4305227.7],[4943563.6,4305294.9],[4943521.1,4305362.1],[4943506.7,4305436.1],[4943664.5,4305536.5],[4943750.0,4305576.4],[4943814.1,4305723.8],[4943606.9,4305723.8],[4943585.3,4305784.6],[4943678.5,4305797.9],[4943921.4,4305790.9],[4944060.7,4305744.0],[4944103.8,4305878.2],[4944389.9,4305831.0],[4944264.9,4305663.4],[4944278.8,4305496.1],[4944314.9,4305295.0],[4944350.1,4304744.8],[4944650.6,4304571.1],[4944629.1,4304342.7],[4944757.9,4304349.3],[4944736.3,4304175.5],[4944818.3,4304175.5],[4944804.1,4303827.1],[4944589.9,4303766.8],[4944632.6,4303572.4],[4944468.1,4303572.3],[4944375.5,4303330.7],[4944282.2,4303311.0],[4944268.5,4303217.1],[4944339.7,4303042.7],[4944482.4,4303110.0],[4944546.7,4302781.6],[4944339.8,4302754.5],[4944318.1,4302673.9],[4944197.0,4302680.4],[4944175.5,4302453.0],[4944293.5,4302460.1],[4944307.5,4302393.0],[4944429.3,4302392.9],[4944393.4,4302487.0],[4944622.4,4302513.6],[4944636.2,4302306.1],[4944793.9,4302325.9],[4944779.1,4302419.5],[4944915.4,4302486.9],[4945029.3,4302292.5],[4945065.3,4302124.8],[4945037.0,4301977.6],[4945001.1,4301896.8],[4945008.4,4301662.0],[4944800.8,4301588.2],[4944815.1,4301534.8],[4944700.9,4301541.2],[4944471.7,4301547.9],[4944185.7,4301501.3]]]}},{"type":"Feature","properties":{"Vill_name":"Khatopara","Sub_dist":null,"District":"Alipurduar","Vill_LGD":"307276"},"geometry":{"type":"Polygon","coordinates":[[[4939194.1,4301345.1],[4938822.7,4301378.9],[4938608.1,4301418.7],[4938608.1,4301573.4],[4938515.2,4301586.1],[4938579.9,4301720.8],[4938430.0,4301754.4],[4938429.6,4301680.2],[4938315.2,4301660.5],[4938293.7,4301606.9],[4938107.7,4301613.2],[4938072.2,4301667.0],[4937832.8,4301653.1],[4937850.9,4301941.7],[4937829.4,4302122.9],[4937714.7,4302149.8],[4937636.3,4302216.8],[4937693.1,4302323.6],[4937764.9,4302444.9],[4937900.9,4302639.0],[4937972.2,4302780.0],[4938072.5,4302840.2],[4938279.4,4302713.2],[4938436.0,4302652.9],[4938779.9,4302619.3],[4938815.4,4302545.3],[4938908.4,4302552.2],[4938901.4,4302492.0],[4939065.8,4302485.2],[4939009.0,4302317.4],[4938951.1,4302049.5],[4939008.6,4302049.3],[4938987.3,4301982.0],[4939058.6,4301988.8],[4939130.1,4302116.5],[4939194.1,4302123.0],[4939144.1,4301814.2],[4939302.0,4301787.8],[4939280.1,4301580.0],[4939244.9,4301586.2],[4939194.1,4301345.1]]]}},{"type":"Feature","properties":{"Vill_name":"Salsalabari","Sub_dist":null,"District":"Alipurduar","Vill_LGD":"307277"},"geometry":{"type":"Polygon","coordinates":[[[4936856.6,4299920.4],[4936863.6,4300255.7],[4936685.2,4300248.6],[4936506.6,4300255.7],[4936256.4,4300248.6],[4936059.6,4300349.2],[4936102.4,4300389.1],[4936145.4,4300597.4],[4936159.5,4300825.4],[4936224.3,4300898.8],[4936216.7,4301240.7],[4936152.7,4301254.3],[4936159.9,4301576.3],[4936231.1,4301616.1],[4936224.3,4302065.1],[4936009.6,4302058.8],[4936045.0,4302414.5],[4936098.5,4302528.1],[4936206.3,4302595.6],[4936449.5,4302696.2],[4936492.1,4302749.8],[4936534.5,4302816.6],[4936427.6,4303131.7],[4936427.8,4303333.0],[4936710.1,4303436.9],[4936753.4,4303712.1],[4936924.6,4303705.5],[4937003.1,4303624.8],[4937103.8,4303665.0],[4937146.2,4303745.1],[4937275.0,4303658.5],[4937396.7,4303651.5],[4937547.0,4303672.0],[4937675.4,4303644.8],[4937697.0,4303564.3],[4937668.4,4303483.8],[4937639.9,4303484.0],[4937496.9,4303517.4],[4937389.0,4303544.1],[4937303.6,4303544.5],[4937267.8,4303450.4],[4937318.2,4303383.1],[4937450.4,4303309.4],[4937650.2,4303289.5],[4937664.9,4303249.4],[4937664.5,4303175.3],[4937729.2,4303108.1],[4937793.3,4303101.9],[4937914.7,4303161.7],[4938007.8,4303175.5],[4938115.4,4303061.3],[4938107.7,4302967.2],[4938072.5,4302840.2],[4937972.2,4302780.0],[4937900.9,4302639.0],[4937764.9,4302444.9],[4937693.1,4302323.6],[4937636.3,4302216.8],[4937714.7,4302149.8],[4937829.4,4302122.9],[4937850.9,4301941.7],[4937832.8,4301653.1],[4937854.2,4301451.8],[4937818.5,4301324.9],[4937754.4,4301197.5],[4937639.5,4301022.6],[4937639.9,4300922.5],[4937675.7,4300882.4],[4937747.4,4300822.0],[4937711.3,4300755.0],[4937661.3,4300681.4],[4937604.1,4300553.9],[4937604.5,4300473.4],[4937614.1,4300446.8],[4937640.0,4300379.3],[4937675.8,4300245.5],[4937797.3,4300231.7],[4937962.0,4300238.6],[4938025.9,4300184.7],[4938043.6,4299990.1],[4938072.2,4299782.3],[4938215.5,4299755.2],[4938394.0,4299748.6],[4938408.5,4299661.9],[4938344.0,4299634.7],[4938215.4,4299581.4],[4938165.3,4299480.8],[4938172.2,4299346.5],[4938086.8,4299272.7],[4937993.9,4299152.4],[4937957.7,4298944.4],[4937944.0,4298830.3],[4937793.5,4298702.8],[4937607.6,4298595.6],[4937507.8,4298609.5],[4937400.2,4298702.6],[4937307.3,4298837.1],[4937300.5,4298917.3],[4937279.0,4299078.3],[4937214.4,4299279.5],[4937150.3,4299406.6],[4937071.8,4299447.5],[4936978.3,4299471.5],[4937099.7,4299591.7],[4937035.3,4299860.2],[4936856.6,4299920.4]]]}},{"type":"Feature","properties":{"Vill_name":"Alipurduar (M)","Sub_dist":null,"District":"Alipurduar","Vill_LGD":"801642"},"geometry":{"type":"Polygon","coordinates":[[[4931101.5,4303985.3],[4931106.5,4303985.6],[4931113.5,4303985.3],[4931134.7,4303982.7],[4931152.2,4303982.9],[4931159.0,4303983.3],[4931167.7,4303983.2],[4931181.5,4303982.2],[4931193.4,4303981.7],[4931199.6,4303982.2],[4931210.9,4303982.0],[4931223.3,4303981.1],[4931239.4,4303979.3],[4931252.2,4303977.3],[4931263.5,4303973.7],[4931267.2,4303973.2],[4931279.4,4303972.6],[4931288.7,4303970.7],[4931294.1,4303968.7],[4931301.0,4303968.3],[4931335.6,4303967.4],[4931355.1,4303968.1],[4931363.2,4303967.9],[4931368.9,4303967.4],[4931375.1,4303967.7],[4931391.8,4303967.8],[4931407.0,4303966.4],[4931419.6,4303965.7],[4931427.9,4303965.9],[4931450.6,4303964.7],[4931475.7,4303962.4],[4931496.9,4303959.3],[4931507.7,4303958.5],[4931515.5,4303958.5],[4931530.0,4303956.8],[4931536.3,4303955.1],[4931545.5,4303953.6],[4931549.8,4303953.6],[4931561.6,4303951.6],[4931566.0,4303951.4],[4931567.7,4303951.4],[4931567.6,4303956.5],[4931568.2,4303961.3],[4931568.3,4303968.2],[4931569.0,4303972.2],[4931569.1,4303975.5],[4931570.2,4303976.4],[4931572.9,4303975.8],[4931581.2,4303975.0],[4931593.1,4303972.7],[4931599.8,4303970.7],[4931616.9,4303967.7],[4931626.6,4303966.5],[4931630.4,4303965.6],[4931644.7,4303964.0],[4931656.4,4303963.5],[4931661.2,4303963.7],[4931665.5,4303963.3],[4931668.2,4303961.4],[4931671.3,4303942.5],[4931672.5,4303932.4],[4931674.7,4303924.5],[4931675.5,4303916.2],[4931680.5,4303895.2],[4931685.3,4303881.0],[4931688.9,4303873.6],[4931701.9,4303849.9],[4931705.9,4303840.5],[4931712.5,4303829.6],[4931716.8,4303823.4],[4931722.8,4303811.5],[4931729.2,4303802.2],[4931738.8,4303790.5],[4931759.3,4303770.0],[4931767.7,4303763.8],[4931773.2,4303759.0],[4931787.4,4303745.6],[4931797.3,4303738.2],[4931805.6,4303728.8],[4931806.4,4303724.6],[4931806.4,4303721.7],[4931789.8,4303704.9],[4931776.2,4303689.5],[4931764.1,4303673.4],[4931755.0,4303656.6],[4931742.7,4303639.9],[4931736.8,4303630.4],[4931729.0,4303621.4],[4931729.2,4303619.6],[4931737.0,4303619.8],[4931753.5,4303621.5],[4931766.8,4303621.4],[4931775.7,4303622.4],[4931787.1,4303622.0],[4931796.0,4303622.3],[4931806.0,4303623.1],[4931825.6,4303623.6],[4931841.4,4303625.2],[4931851.4,4303625.2],[4931867.8,4303627.0],[4931880.4,4303628.0],[4931899.4,4303628.0],[4931932.8,4303629.5],[4931946.8,4303630.8],[4931955.5,4303630.5],[4931973.5,4303630.8],[4932013.6,4303633.2],[4932039.0,4303634.1],[4932074.0,4303636.4],[4932089.3,4303638.5],[4932094.2,4303639.4],[4932097.3,4303639.2],[4932102.5,4303636.8],[4932110.1,4303636.0],[4932125.8,4303635.6],[4932143.2,4303637.2],[4932154.5,4303637.6],[4932174.8,4303639.3],[4932184.5,4303639.8],[4932204.3,4303641.9],[4932225.7,4303642.9],[4932234.2,4303644.2],[4932249.3,4303644.6],[4932261.9,4303646.2],[4932271.1,4303646.3],[4932277.2,4303646.0],[4932279.2,4303644.2],[4932279.6,4303641.9],[4932276.1,4303625.9],[4932273.5,4303618.0],[4932268.2,4303606.3],[4932268.0,4303602.5],[4932263.7,4303582.5],[4932258.5,4303573.9],[4932257.7,4303570.8],[4932258.8,4303569.0],[4932262.1,4303568.8],[4932305.5,4303570.5],[4932328.0,4303570.7],[4932335.1,4303569.8],[4932348.6,4303568.8],[4932357.3,4303568.5],[4932392.6,4303566.0],[4932403.6,4303564.3],[4932457.8,4303563.6],[4932472.9,4303562.4],[4932537.7,4303561.3],[4932549.2,4303560.3],[4932569.2,4303559.6],[4932590.1,4303558.4],[4932598.9,4303557.5],[4932605.3,4303555.6],[4932608.8,4303552.1],[4932610.5,4303547.1],[4932611.2,4303540.8],[4932611.2,4303530.4],[4932612.7,4303517.2],[4932613.6,4303502.9],[4932612.5,4303465.0],[4932612.7,4303460.5],[4932615.1,4303459.5],[4932644.3,4303461.2],[4932681.6,4303458.3],[4932704.7,4303459.0],[4932729.7,4303461.8],[4932753.6,4303465.2],[4932771.8,4303466.8],[4932786.7,4303469.6],[4932801.7,4303470.7],[4932808.3,4303470.9],[4932832.5,4303474.2],[4932838.5,4303474.1],[4932852.0,4303475.0],[4932859.8,4303476.8],[4932887.7,4303477.7],[4932893.5,4303478.3],[4932897.4,4303479.4],[4932900.6,4303482.1],[4932900.7,4303485.2],[4932900.3,4303505.7],[4932900.6,4303545.4],[4932901.5,4303558.7],[4932902.4,4303583.5],[4932902.2,4303591.9],[4932902.8,4303628.3],[4932903.3,4303638.6],[4932907.8,4303651.2],[4932910.8,4303657.1],[4932913.0,4303659.4],[4932917.4,4303659.6],[4932929.7,4303658.9],[4932939.6,4303658.9],[4932954.8,4303657.8],[4932965.7,4303657.2],[4932971.8,4303657.2],[4932991.4,4303654.8],[4933005.0,4303654.2],[4933036.1,4303651.5],[4933070.8,4303649.2],[4933085.1,4303649.2],[4933101.1,4303648.3],[4933113.9,4303648.5],[4933135.0,4303650.6],[4933139.1,4303626.1],[4933143.9,4303602.1],[4933149.7,4303578.5],[4933156.6,4303555.7],[4933164.8,4303533.9],[4933175.9,4303514.1],[4933195.7,4303500.0],[4933218.0,4303487.4],[4933234.6,4303471.0],[4933243.0,4303448.5],[4933249.2,4303413.2],[4933258.2,4303415.0],[4933276.0,4303419.6],[4933295.7,4303424.1],[4933326.8,4303430.8],[4933362.1,4303439.9],[4933377.9,4303444.5],[4933438.2,4303458.4],[4933463.3,4303465.8],[4933492.2,4303471.9],[4933509.2,4303476.0],[4933566.1,4303487.0],[4933580.5,4303490.3],[4933616.4,4303499.7],[4933635.1,4303503.2],[4933647.4,4303506.6],[4933658.3,4303509.2],[4933664.0,4303510.2],[4933666.4,4303520.8],[4933668.9,4303540.3],[4933671.7,4303555.2],[4933675.3,4303577.9],[4933677.5,4303601.7],[4933680.0,4303616.9],[4933681.7,4303623.2],[4933684.7,4303626.8],[4933688.6,4303629.8],[4933692.5,4303631.2],[4933693.8,4303632.7],[4933694.6,4303635.3],[4933694.4,4303638.9],[4933693.0,4303642.1],[4933690.9,4303646.0],[4933687.3,4303650.8],[4933685.6,4303654.6],[4933685.4,4303659.0],[4933685.8,4303665.6],[4933687.7,4303676.3],[4933691.1,4303689.8],[4933694.9,4303698.5],[4933697.0,4303702.4],[4933698.9,4303705.0],[4933704.3,4303704.7],[4933717.5,4303704.7],[4933740.6,4303704.1],[4933765.8,4303703.2],[4933798.8,4303703.0],[4933829.1,4303701.8],[4933853.0,4303702.5],[4933885.0,4303701.4],[4933916.5,4303701.2],[4933956.6,4303700.3],[4934006.2,4303700.9],[4934010.8,4303700.6],[4934015.1,4303697.6],[4934015.8,4303692.8],[4934015.7,4303679.0],[4934014.8,4303669.1],[4934011.3,4303657.8],[4934011.2,4303653.2],[4934012.2,4303646.7],[4934014.2,4303642.1],[4934013.5,4303638.7],[4934011.3,4303634.1],[4934008.1,4303630.0],[4934005.4,4303625.1],[4934002.3,4303621.3],[4933998.9,4303617.9],[4933995.8,4303617.6],[4933990.6,4303622.8],[4933986.2,4303623.2],[4933981.0,4303622.8],[4933975.9,4303621.6],[4933963.1,4303617.3],[4933955.2,4303615.2],[4933949.6,4303611.5],[4933945.5,4303607.3],[4933943.2,4303602.0],[4933940.1,4303598.1],[4933932.8,4303594.2],[4933927.7,4303589.7],[4933923.8,4303584.9],[4933922.1,4303581.2],[4933921.1,4303577.4],[4933948.8,4303524.7],[4933929.2,4303524.6],[4933879.1,4303371.0],[4933800.7,4303317.1],[4933643.5,4303296.8],[4933604.2,4303216.3],[4933539.7,4303075.3],[4933611.0,4303021.7],[4933461.3,4302947.7],[4933418.4,4302840.6],[4933454.3,4302726.9],[4933532.7,4302679.6],[4933568.6,4302606.2],[4933461.4,4302639.8],[4933354.5,4302606.2],[4933304.0,4302532.1],[4933268.4,4302404.7],[4933382.9,4302391.5],[4933289.7,4302103.2],[4933311.4,4302069.8],[4933296.6,4301928.7],[4933196.8,4301868.9],[4933118.3,4301868.5],[4933103.8,4301781.4],[4933047.0,4301747.8],[4933046.7,4301640.7],[4933153.6,4301654.2],[4933132.2,4301546.5],[4933196.7,4301533.4],[4933146.5,4301453.0],[4933068.0,4301513.0],[4933039.9,4301526.9],[4933000.4,4301439.1],[4932986.3,4301352.5],[4933043.5,4301318.8],[4933057.7,4301185.0],[4932986.2,4301110.8],[4932714.0,4300835.5],[4932242.6,4300856.1],[4932056.6,4300708.7],[4932014.0,4300574.1],[4932013.9,4300279.9],[4932039.1,4300152.4],[4932039.1,4299995.7],[4931993.2,4300005.1],[4931938.0,4300021.0],[4931859.4,4300105.6],[4931813.4,4300304.1],[4931775.7,4300481.1],[4931766.9,4300565.6],[4931674.0,4300593.7],[4931505.8,4300622.0],[4931410.9,4300571.2],[4931347.4,4300478.8],[4931311.2,4300403.5],[4931280.7,4300310.4],[4931277.2,4300232.0],[4931230.2,4300114.7],[4931116.2,4300034.0],[4931028.2,4300011.3],[4930821.3,4300015.3],[4930542.6,4300178.2],[4930451.8,4300217.8],[4930372.5,4300256.6],[4930354.6,4300318.8],[4930362.7,4300352.9],[4930319.7,4300748.1],[4930298.2,4300949.4],[4930419.5,4301123.7],[4930734.2,4301371.6],[4930777.3,4301485.6],[4930762.5,4301559.6],[4930569.7,4301780.7],[4930233.8,4301975.2],[4930248.0,4302303.5],[4930183.6,4302417.8],[4930226.8,4302457.7],[4930205.1,4302551.9],[4930241.0,4302612.1],[4930262.8,4302659.3],[4930348.3,4302679.1],[4930477.1,4302625.3],[4930569.9,4302565.5],[4930627.3,4302565.3],[4930627.2,4302618.8],[4930548.3,4302646.0],[4930441.0,4302692.9],[4930448.4,4302732.5],[4930494.8,4302769.6],[4930551.8,4302850.4],[4930730.9,4303017.7],[4930952.3,4303151.5],[4930995.2,4303218.9],[4930959.1,4303285.9],[4930909.0,4303306.1],[4930816.4,4303292.8],[4930673.1,4303259.5],[4930661.1,4303270.6],[4930663.2,4303272.5],[4930666.8,4303277.3],[4930675.4,4303287.3],[4930679.8,4303294.5],[4930695.2,4303316.4],[4930702.8,4303323.7],[4930709.2,4303329.0],[4930718.8,4303335.5],[4930728.2,4303341.0],[4930733.3,4303342.8],[4930738.4,4303343.7],[4930745.4,4303344.3],[4930758.4,4303346.0],[4930766.6,4303346.2],[4930774.5,4303345.7],[4930784.2,4303345.5],[4930791.4,4303346.3],[4930814.6,4303350.2],[4930823.7,4303352.8],[4930830.0,4303355.6],[4930836.2,4303358.9],[4930842.5,4303362.8],[4930847.7,4303367.5],[4930858.1,4303378.9],[4930868.0,4303390.9],[4930872.3,4303394.5],[4930874.8,4303397.2],[4930876.3,4303400.4],[4930877.4,4303404.1],[4930877.8,4303409.1],[4930878.7,4303414.6],[4930880.4,4303420.9],[4930880.5,4303424.0],[4930883.0,4303429.6],[4930886.9,4303437.8],[4930893.3,4303449.8],[4930896.9,4303455.9],[4930905.1,4303471.9],[4930906.2,4303476.4],[4930906.5,4303480.2],[4930908.4,4303484.2],[4930910.3,4303486.6],[4930915.5,4303489.9],[4930919.9,4303494.2],[4930922.0,4303498.8],[4930923.7,4303510.1],[4930926.0,4303517.7],[4930931.1,4303531.2],[4930935.8,4303541.8],[4930940.3,4303550.5],[4930944.2,4303559.9],[4930952.0,4303568.7],[4930957.0,4303575.4],[4930960.8,4303586.0],[4930963.2,4303588.3],[4930968.2,4303588.8],[4930979.3,4303589.2],[4930996.5,4303589.1],[4931008.5,4303592.5],[4931020.2,4303595.3],[4931036.4,4303600.5],[4931043.9,4303601.6],[4931064.5,4303606.3],[4931075.0,4303610.2],[4931084.2,4303613.3],[4931101.1,4303620.1],[4931138.9,4303630.6],[4931155.8,4303633.9],[4931165.7,4303637.0],[4931173.6,4303638.9],[4931182.9,4303639.7],[4931186.7,4303639.5],[4931194.0,4303639.9],[4931204.5,4303642.2],[4931220.5,4303644.2],[4931225.1,4303645.4],[4931228.6,4303646.5],[4931231.7,4303648.0],[4931249.9,4303663.9],[4931254.0,4303668.4],[4931255.1,4303671.8],[4931255.1,4303674.8],[4931254.4,4303678.7],[4931255.3,4303691.1],[4931259.1,4303703.6],[4931261.9,4303722.3],[4931261.3,4303729.3],[4931259.5,4303736.2],[4931256.9,4303741.1],[4931241.2,4303762.1],[4931237.5,4303765.3],[4931234.7,4303766.8],[4931218.0,4303772.6],[4931209.6,4303776.2],[4931200.5,4303779.1],[4931196.2,4303779.7],[4931193.0,4303779.3],[4931173.8,4303769.1],[4931146.0,4303755.7],[4931137.3,4303752.3],[4931133.1,4303749.1],[4931126.6,4303745.6],[4931094.3,4303736.6],[4931080.7,4303733.6],[4931061.6,4303732.7],[4931052.0,4303733.9],[4931043.3,4303736.5],[4931033.7,4303745.1],[4931022.2,4303756.6],[4931011.8,4303763.3],[4931003.6,4303766.1],[4930987.9,4303770.1],[4930978.6,4303771.3],[4930965.9,4303772.2],[4930934.8,4303777.4],[4930907.9,4303786.0],[4930900.2,4303789.5],[4930894.7,4303795.0],[4930887.8,4303809.3],[4930886.1,4303816.4],[4930882.7,4303822.1],[4930876.2,4303830.2],[4930875.4,4303835.6],[4930874.8,4303848.8],[4930875.5,4303856.2],[4930883.2,4303868.8],[4930893.4,4303882.5],[4930897.9,4303887.5],[4930905.1,4303891.4],[4930914.6,4303894.8],[4930931.4,4303899.2],[4930938.0,4303899.1],[4930949.2,4303897.8],[4930960.8,4303898.0],[4930970.8,4303899.4],[4930985.1,4303905.3],[4930999.2,4303910.4],[4931013.6,4303916.0],[4931025.9,4303922.9],[4931035.0,4303929.1],[4931039.0,4303932.5],[4931041.1,4303937.2],[4931041.4,4303940.5],[4931039.5,4303947.1],[4931031.4,4303964.0],[4931028.9,4303971.2],[4931026.8,4303974.1],[4931021.4,4303975.9],[4931015.5,4303979.6],[4931013.6,4303986.5],[4931013.0,4303994.2],[4931014.0,4304003.0],[4931016.6,4304007.2],[4931019.0,4304008.3],[4931036.7,4304002.0],[4931044.5,4303999.9],[4931052.2,4303999.1],[4931069.9,4303998.3],[4931078.0,4303996.4],[4931086.9,4303993.1],[4931094.8,4303986.5],[4931101.5,4303985.3]]]}},{"type":"Feature","properties":{"Vill_name":"Ghagra (P) (CT)","Sub_dist":null,"District":"Alipurduar","Vill_LGD":"307251"},"geometry":{"type":"Polygon","coordinates":[[[4930644.8,4303285.6],[4930673.1,4303259.5],[4930816.4,4303292.8],[4930909.0,4303306.1],[4930959.1,4303285.9],[4930995.2,4303218.9],[4930952.3,4303151.5],[4930730.9,4303017.7],[4930551.8,4302850.4],[4930494.8,4302769.6],[4930448.4,4302732.5],[4930441.0,4302692.9],[4930548.3,4302646.0],[4930627.2,4302618.8],[4930627.3,4302565.3],[4930569.9,4302565.5],[4930477.1,4302625.3],[4930348.3,4302679.1],[4930262.8,4302659.3],[4930241.0,4302612.1],[4930205.1,4302551.9],[4930226.8,4302457.7],[4930183.6,4302417.8],[4930055.2,4302390.5],[4929998.2,4302310.2],[4929940.5,4302089.3],[4929919.1,4301881.1],[4929912.2,4301727.0],[4929819.4,4301572.8],[4929797.7,4301391.5],[4929776.5,4301076.7],[4929705.2,4300902.8],[4929562.1,4300795.3],[4929426.0,4300755.3],[4929240.3,4300848.6],[4929083.1,4300983.0],[4929118.9,4301117.3],[4929283.0,4301277.9],[4929597.8,4301452.1],[4929547.6,4301485.6],[4929604.7,4301646.9],[4929644.3,4301968.1],[4929580.1,4302149.2],[4929465.5,4302296.9],[4929294.2,4302397.2],[4929289.9,4302404.8],[4929208.3,4302538.0],[4929051.1,4302826.1],[4928822.1,4302859.8],[4928593.5,4302946.5],[4928400.5,4303027.2],[4928386.2,4303060.8],[4928435.9,4303087.8],[4928572.0,4303087.9],[4928593.6,4303148.4],[4928529.2,4303181.6],[4928379.3,4303255.0],[4928372.3,4303308.7],[4928443.7,4303315.5],[4928557.8,4303322.0],[4928686.9,4303282.0],[4928793.6,4303188.4],[4928829.4,4303208.3],[4928822.1,4303268.9],[4928772.1,4303329.3],[4928600.5,4303476.8],[4928622.0,4303570.2],[4928768.7,4303737.8],[4928747.3,4303824.7],[4928732.5,4303938.9],[4928697.1,4304072.7],[4928761.2,4304139.7],[4928675.9,4304166.5],[4928556.3,4304458.9],[4929115.7,4304519.1],[4929125.9,4304378.2],[4929290.8,4304392.0],[4929305.3,4304498.7],[4929583.5,4304546.0],[4929801.6,4304576.1],[4929915.9,4304505.9],[4929939.2,4304562.5],[4930010.8,4304586.1],[4930078.5,4304780.9],[4930193.0,4304790.8],[4930207.8,4304657.0],[4930339.6,4304653.5],[4930361.2,4304743.9],[4930457.8,4304747.0],[4930511.3,4304891.0],[4930791.0,4304887.8],[4930791.4,4304787.1],[4930741.2,4304706.6],[4930741.3,4304673.2],[4930826.7,4304633.1],[4930891.4,4304626.4],[4930926.9,4304592.7],[4930934.2,4304492.4],[4930741.0,4304311.2],[4930719.7,4304244.4],[4930726.8,4304217.7],[4930748.1,4304184.4],[4930884.0,4304177.2],[4930955.4,4304110.3],[4930973.5,4304050.3],[4930945.3,4303942.9],[4930823.5,4303902.7],[4930673.0,4303855.7],[4930609.3,4303802.0],[4930609.3,4303668.4],[4930666.2,4303547.4],[4930673.3,4303440.2],[4930623.4,4303332.7],[4930644.8,4303285.6]]]}},{"type":"Feature","properties":{"Vill_name":"Bhatibari","Sub_dist":null,"District":"Alipurduar","Vill_LGD":"307272"},"geometry":{"type":"Polygon","coordinates":[[[4941092.3,4295961.2],[4940963.1,4295901.0],[4940953.1,4296182.4],[4940824.3,4296155.1],[4940802.8,4296121.6],[4940696.0,4296115.5],[4940681.4,4296061.8],[4940545.5,4296028.3],[4940567.1,4295947.8],[4940524.2,4295900.6],[4940510.0,4295940.6],[4940395.2,4295947.9],[4940417.0,4295800.2],[4940260.0,4295766.6],[4940123.6,4295907.4],[4939923.8,4295947.9],[4939887.7,4295860.2],[4939852.5,4295846.8],[4939837.8,4295887.3],[4939766.5,4295900.6],[4939480.3,4295887.3],[4939388.2,4295893.2],[4939280.3,4295900.8],[4939122.6,4295860.4],[4939052.0,4295827.0],[4938929.8,4295826.5],[4938851.5,4295994.2],[4938887.2,4296141.7],[4938922.9,4296410.1],[4938944.2,4296591.3],[4938543.6,4296557.9],[4938287.0,4296605.0],[4938218.8,4296684.7],[4938140.1,4296872.5],[4938126.3,4297066.8],[4938161.9,4297133.8],[4938283.2,4297154.3],[4938397.9,4297086.7],[4938512.5,4297053.4],[4938554.9,4297100.1],[4938547.9,4297154.2],[4938498.0,4297180.8],[4938491.0,4297234.5],[4938540.6,4297234.4],[4938562.1,4297308.2],[4938569.2,4297395.4],[4938597.9,4297442.5],[4938686.8,4297330.8],[4938808.5,4297371.5],[4938787.0,4297471.7],[4938829.9,4297592.1],[4938672.7,4297766.7],[4938679.9,4297894.2],[4938786.6,4297900.8],[4938894.2,4297726.2],[4939015.9,4297666.3],[4939151.5,4297612.4],[4939573.5,4297793.7],[4939944.6,4297961.3],[4939951.6,4297886.0],[4939969.8,4297784.7],[4940077.1,4297583.6],[4940084.2,4297516.7],[4940084.4,4297503.4],[4940049.0,4297503.2],[4940012.7,4297503.4],[4939998.5,4297483.1],[4939991.4,4297456.2],[4940041.1,4297442.9],[4940034.6,4297416.1],[4940012.6,4297013.8],[4940413.1,4297007.5],[4940491.8,4297147.8],[4940448.6,4297147.7],[4940263.0,4297128.0],[4940262.7,4297174.6],[4940227.2,4297188.1],[4940220.4,4297228.1],[4940284.2,4297228.2],[4940306.0,4297295.5],[4940327.2,4297315.2],[4940327.5,4297349.1],[4940420.2,4297362.4],[4940427.3,4297429.5],[4940455.8,4297429.4],[4940463.2,4297509.8],[4940656.2,4297489.6],[4940648.8,4297355.7],[4940971.0,4297315.1],[4941257.1,4297308.7],[4941328.3,4297235.5],[4941342.6,4297235.2],[4941263.9,4297074.3],[4941478.2,4297007.5],[4941578.2,4297114.4],[4941878.3,4297194.6],[4942222.0,4297369.2],[4942114.5,4297175.0],[4942064.3,4297054.2],[4942057.4,4296879.6],[4941928.5,4296813.0],[4941892.9,4296685.1],[4941842.9,4296417.5],[4941778.3,4296289.7],[4941663.6,4296202.7],[4941492.4,4296189.1],[4941442.4,4296115.5],[4941378.1,4295961.2],[4941249.5,4295941.2],[4941092.3,4295961.2]]]}},{"type":"Feature","properties":{"Vill_name":"Paschim Chikliguri","Sub_dist":null,"District":"Alipurduar","Vill_LGD":"307296"},"geometry":{"type":"Polygon","coordinates":[[[4944191.0,4297894.7],[4944206.6,4297856.7],[4944232.6,4297765.6],[4944271.5,4297660.9],[4944216.2,4297638.0],[4944096.2,4297623.5],[4944019.3,4297656.2],[4944014.5,4297548.3],[4944089.2,4297190.8],[4944169.5,4297021.8],[4944221.5,4296994.7],[4944166.9,4296942.4],[4944108.3,4296864.0],[4944042.9,4296825.0],[4944082.5,4296778.8],[4944179.7,4296727.0],[4944180.0,4296680.8],[4944153.9,4296681.0],[4944134.3,4296629.0],[4944166.7,4296537.3],[4944199.7,4296484.8],[4944271.3,4296484.8],[4944297.6,4296439.4],[4944382.1,4296478.4],[4944436.7,4296436.8],[4944835.3,4296340.6],[4944831.8,4296329.2],[4944791.7,4296225.1],[4944766.5,4296155.0],[4944746.7,4296069.6],[4944733.5,4296033.2],[4944621.1,4296036.9],[4944622.9,4295988.8],[4944637.5,4295861.4],[4944633.8,4295815.4],[4944560.8,4295753.8],[4944488.5,4295688.9],[4944444.2,4295631.8],[4944147.1,4295653.3],[4944099.1,4295665.2],[4944028.6,4295674.7],[4944032.9,4295611.0],[4943946.0,4295595.2],[4943929.4,4295564.1],[4943974.3,4295576.0],[4944096.8,4295568.7],[4944078.1,4295490.2],[4943950.6,4295484.4],[4943961.0,4295455.1],[4944076.5,4295448.7],[4944135.5,4295441.5],[4944150.2,4295249.2],[4944049.9,4295219.7],[4944057.6,4295106.1],[4943978.9,4295113.5],[4943934.5,4295302.8],[4943901.8,4295386.1],[4943871.1,4295416.5],[4943790.9,4295388.4],[4943799.8,4295280.8],[4943812.1,4295200.5],[4943689.1,4295172.4],[4943497.9,4295134.7],[4943393.4,4295109.3],[4943105.9,4295048.4],[4943055.8,4295033.6],[4943046.3,4295106.7],[4943069.0,4295487.3],[4943004.5,4295929.6],[4943061.2,4295956.4],[4943068.8,4296043.7],[4942847.3,4296064.0],[4942796.9,4295989.9],[4942804.2,4295929.8],[4942761.5,4295929.8],[4942740.0,4296050.5],[4942661.3,4296084.1],[4942704.5,4296258.5],[4942586.3,4296305.4],[4942522.1,4296446.2],[4942543.3,4296526.7],[4942636.3,4296573.9],[4942750.7,4296574.0],[4942765.2,4296680.8],[4942815.5,4296688.1],[4942879.5,4296654.3],[4942908.1,4296660.6],[4942922.4,4296701.1],[4942850.9,4296747.7],[4942907.7,4296802.0],[4942937.1,4296835.3],[4942807.9,4296835.5],[4942815.4,4296915.4],[4942679.5,4296983.1],[4942601.1,4297062.8],[4942601.0,4297116.8],[4942629.3,4297170.2],[4942707.9,4297190.2],[4942793.7,4297143.2],[4942865.2,4297157.0],[4942765.3,4297264.1],[4942729.3,4297338.0],[4942714.8,4297364.8],[4942807.9,4297378.1],[4942865.4,4297378.4],[4942843.7,4297471.7],[4943022.2,4297425.2],[4942986.7,4297552.2],[4942972.2,4297660.0],[4943000.9,4297707.1],[4943104.6,4297848.0],[4943247.3,4297975.2],[4943426.4,4298069.2],[4943590.4,4298049.1],[4943726.5,4297934.8],[4943933.8,4297821.0],[4943984.0,4297827.8],[4944005.6,4297921.7],[4944090.7,4297928.2],[4944112.5,4297820.7],[4944191.0,4297894.7]]]}},{"type":"Feature","properties":{"Vill_name":"Dakshin Parokata","Sub_dist":null,"District":"Alipurduar","Vill_LGD":"307335"},"geometry":{"type":"Polygon","coordinates":[[[4946850.6,4298927.6],[4946768.5,4298961.5],[4946725.5,4299028.2],[4946668.3,4299135.4],[4946618.5,4299222.9],[4946553.7,4299282.7],[4946517.6,4299309.9],[4946252.7,4299477.4],[4946131.5,4299537.9],[4946153.1,4299691.7],[4946571.9,4299764.8],[4946536.5,4299908.9],[4946396.8,4300100.1],[4946345.0,4300196.8],[4946377.4,4300391.3],[4946573.8,4300412.0],[4946724.1,4300411.9],[4946881.6,4300445.4],[4946966.8,4300512.4],[4947074.5,4300466.5],[4947061.9,4300454.1],[4947037.1,4300367.0],[4947186.5,4300354.5],[4947261.4,4300379.2],[4947335.8,4300342.0],[4947335.9,4300392.1],[4947423.2,4300404.1],[4947448.5,4300428.9],[4947485.6,4300404.1],[4947560.6,4300478.9],[4947610.2,4300466.6],[4947685.1,4300504.0],[4947760.0,4300591.1],[4947947.1,4300590.7],[4948370.2,4300428.8],[4948571.2,4300405.5],[4948647.8,4299953.5],[4948594.6,4299783.0],[4948526.0,4299812.2],[4948301.8,4299919.3],[4948068.2,4300060.8],[4948014.9,4300065.6],[4947960.8,4300036.5],[4947897.8,4299958.4],[4947839.6,4299860.8],[4947825.0,4299733.9],[4947824.9,4299655.8],[4947912.6,4299578.0],[4948082.7,4299490.4],[4948379.9,4299436.9],[4948570.0,4299383.6],[4948749.5,4299296.5],[4948963.2,4299213.4],[4949231.3,4299121.2],[4949377.7,4299048.1],[4949606.4,4299018.8],[4949742.9,4299019.0],[4949874.3,4298950.6],[4950089.0,4298897.0],[4950303.5,4298765.4],[4950322.3,4298743.2],[4950400.2,4298653.2],[4950405.5,4298532.2],[4950347.0,4298381.0],[4950254.2,4298288.2],[4950156.7,4298200.6],[4950018.2,4298171.4],[4949901.3,4298171.7],[4949569.7,4298493.1],[4949394.8,4298619.3],[4949160.7,4298707.3],[4949005.1,4298707.2],[4948800.3,4298697.4],[4948712.7,4298619.5],[4948674.1,4298512.6],[4948654.6,4298356.5],[4948693.3,4298132.5],[4948741.9,4298112.7],[4948898.0,4298123.1],[4949082.8,4297986.6],[4949243.7,4297897.1],[4948947.1,4297897.2],[4948675.6,4297917.5],[4948568.1,4297763.1],[4948432.3,4297769.4],[4948210.3,4297789.7],[4948239.6,4297917.3],[4948275.0,4298037.8],[4948085.8,4298112.7],[4948079.0,4298378.0],[4947799.8,4298333.7],[4947674.7,4298341.0],[4947621.5,4298364.5],[4947596.5,4298742.8],[4947331.5,4298740.0],[4947260.3,4298719.9],[4947099.5,4298571.7],[4946995.5,4298434.7],[4946959.8,4298411.3],[4946945.3,4298418.0],[4946920.3,4298468.4],[4946906.2,4298628.8],[4946913.6,4298823.6],[4946895.3,4298887.5],[4946850.6,4298927.6]]]}},{"type":"Feature","properties":{"Vill_name":"Madhya Parokata","Sub_dist":null,"District":"Alipurduar","Vill_LGD":"307333"},"geometry":{"type":"Polygon","coordinates":[[[4949268.4,4302376.6],[4949297.4,4302161.9],[4949618.9,4302195.4],[4949715.3,4302222.6],[4949715.3,4302376.3],[4949787.0,4302376.3],[4949815.3,4302255.9],[4949944.3,4302289.6],[4949966.1,4302235.6],[4950168.2,4302311.1],[4950360.3,4302113.1],[4950361.1,4302046.8],[4950335.7,4301951.8],[4950467.3,4301868.7],[4950525.9,4301742.4],[4950555.0,4301586.7],[4950527.9,4301393.4],[4950483.8,4301329.9],[4950367.1,4301222.7],[4950230.8,4301115.5],[4950074.8,4301081.5],[4950026.0,4301086.5],[4949889.8,4301213.1],[4949758.3,4301354.6],[4949499.7,4301598.0],[4949334.4,4301705.5],[4949188.1,4301714.7],[4948993.2,4301734.4],[4948901.1,4301700.5],[4948847.2,4301637.0],[4948803.3,4301578.5],[4948794.0,4301495.5],[4948832.4,4301349.5],[4948910.4,4301217.8],[4949046.8,4301086.3],[4949085.7,4300993.4],[4949100.3,4300862.0],[4949183.0,4300591.0],[4949227.0,4300390.8],[4949168.6,4300172.9],[4949091.4,4300021.9],[4949111.0,4299900.1],[4949237.1,4299583.0],[4949188.6,4299519.3],[4948647.8,4299953.5],[4948571.2,4300405.5],[4948370.2,4300428.8],[4947947.1,4300590.7],[4947760.0,4300591.1],[4947685.1,4300504.0],[4947610.2,4300466.6],[4947560.6,4300478.9],[4947485.6,4300404.1],[4947448.5,4300428.9],[4947423.2,4300404.1],[4947335.9,4300392.1],[4947335.8,4300342.0],[4947261.4,4300379.2],[4947186.5,4300354.5],[4947037.1,4300367.0],[4947061.9,4300454.1],[4947074.5,4300466.5],[4946966.8,4300512.4],[4947024.1,4300606.5],[4947027.8,4300723.5],[4946996.0,4300783.8],[4946941.7,4300810.7],[4946863.3,4300817.3],[4946781.6,4300790.3],[4946670.2,4300706.9],[4946595.2,4300652.7],[4946470.6,4300619.2],[4946405.8,4300639.7],[4946298.2,4300854.5],[4946287.7,4300911.5],[4946466.6,4301092.4],[4946618.1,4301220.0],[4946721.8,4301340.3],[4946697.0,4301521.3],[4946639.7,4301743.0],[4946777.4,4301780.0],[4946855.7,4301806.9],[4946909.7,4301807.0],[4946945.3,4301769.9],[4946945.1,4301722.8],[4946867.1,4301568.8],[4946784.5,4301447.9],[4946766.8,4301284.1],[4946802.2,4301199.8],[4946848.7,4301132.8],[4946981.2,4301102.3],[4947070.6,4301122.8],[4947113.2,4301176.4],[4947106.3,4301249.7],[4947131.3,4301434.6],[4947217.5,4301491.2],[4947462.3,4301525.1],[4947637.2,4301585.5],[4947676.9,4301679.2],[4947684.0,4301829.8],[4947658.8,4301863.5],[4947572.9,4301913.9],[4948431.7,4302028.1],[4948482.1,4302216.2],[4948653.7,4302262.2],[4949039.9,4302329.8],[4949039.9,4302390.2],[4949226.1,4302450.7],[4949225.9,4302403.5],[4949268.4,4302376.6]]]}},{"type":"Feature","properties":{"Vill_name":"Kumarpara","Sub_dist":null,"District":"Alipurduar","Vill_LGD":"307230"},"geometry":{"type":"Polygon","coordinates":[[[4917562.8,4306322.5],[4917035.9,4306218.6],[4916947.4,4305739.9],[4917407.5,4305209.9],[4917419.0,4305043.5],[4917662.5,4304627.4],[4917673.4,4304409.8],[4917540.5,4304211.9],[4917346.5,4304160.3],[4917247.0,4303858.4],[4916969.4,4304024.8],[4916825.3,4303598.4],[4916914.3,4303515.8],[4916847.8,4303172.2],[4916658.9,4302953.9],[4916504.1,4303078.6],[4916304.7,4302974.7],[4916237.9,4303057.9],[4915805.6,4303078.4],[4915794.5,4303401.0],[4915961.2,4303765.2],[4915794.7,4303817.1],[4915672.7,4304045.5],[4915661.8,4304159.9],[4915972.0,4304492.6],[4916193.5,4305053.8],[4916404.1,4305199.5],[4916459.7,4305646.7],[4916415.8,4305948.2],[4915972.0,4306281.0],[4916104.9,4306551.1],[4916392.8,4306405.8],[4916446.6,4306615.7],[4916552.8,4306602.6],[4916685.9,4306623.7],[4916962.9,4306602.7],[4917218.3,4306675.8],[4917528.6,4306831.7],[4917661.6,4306914.7],[4917684.8,4306800.9],[4917563.0,4306790.6],[4917562.8,4306322.5]]]}},{"type":"Feature","properties":{"Vill_name":"Purba Simlabari","Sub_dist":null,"District":"Alipurduar","Vill_LGD":"307227"},"geometry":{"type":"Polygon","coordinates":[[[4914087.3,4302694.2],[4914065.2,4303390.6],[4914209.0,4303536.0],[4913943.1,4303723.2],[4914053.8,4303962.8],[4914100.7,4304214.0],[4914109.6,4304264.1],[4914198.3,4304565.5],[4914253.7,4304617.8],[4914165.3,4304659.2],[4914264.7,4304991.6],[4914608.6,4304950.2],[4914708.2,4305012.4],[4914996.5,4305043.5],[4915473.0,4304991.7],[4915639.3,4305199.6],[4915749.9,4305116.5],[4915872.1,4305241.3],[4916116.3,4305189.1],[4916252.5,4305094.5],[4916193.5,4305053.8],[4915972.0,4304492.6],[4915661.8,4304159.9],[4915351.3,4303733.4],[4915040.7,4303275.9],[4914996.7,4303015.9],[4915040.7,4302776.9],[4914718.8,4302881.3],[4914375.5,4302922.7],[4914287.2,4302714.6],[4914087.3,4302694.2]]]}},{"type":"Feature","properties":{"Vill_name":"Satkodali","Sub_dist":null,"District":"Alipurduar","Vill_LGD":"307247"},"geometry":{"type":"Polygon","coordinates":[[[4928942.4,4305266.6],[4928851.8,4305292.2],[4928865.7,4305493.3],[4928301.3,4305607.2],[4927843.8,4305634.3],[4927375.0,4305587.3],[4927361.0,4305808.6],[4926871.3,4305828.8],[4926742.8,4306438.6],[4926671.2,4306908.1],[4927035.8,4306874.5],[4927150.3,4307384.4],[4927259.9,4308008.0],[4927726.8,4308103.6],[4928316.5,4308269.9],[4928614.3,4308327.4],[4928676.1,4308145.2],[4928658.2,4308068.2],[4928583.0,4308007.6],[4928575.6,4307968.0],[4928533.0,4307893.7],[4928483.2,4307867.3],[4928472.0,4307833.8],[4928429.3,4307783.2],[4928368.8,4307773.4],[4928361.1,4307699.8],[4928361.0,4307609.5],[4928272.0,4307468.2],[4928264.4,4307431.5],[4928282.5,4307391.1],[4928332.4,4307324.2],[4928345.2,4307273.7],[4928381.2,4307270.6],[4928416.5,4307280.6],[4928423.7,4307233.8],[4928491.4,4307223.8],[4928577.7,4307216.6],[4928624.3,4307186.9],[4928674.2,4307139.7],[4928695.6,4307073.0],[4928663.3,4307019.4],[4928584.5,4306942.4],[4928581.4,4306895.1],[4928602.9,4306764.5],[4928624.3,4306777.8],[4928641.4,4306841.5],[4928677.6,4306844.7],[4928699.0,4306838.4],[4928713.1,4306821.4],[4928724.3,4306751.2],[4928709.6,4306606.6],[4928752.6,4306560.0],[4928781.1,4306530.0],[4928774.3,4306436.3],[4928793.7,4306339.0],[4928947.7,4306302.2],[4929015.5,4306292.2],[4929097.6,4306278.9],[4929172.4,4306204.9],[4929258.4,4306121.1],[4929322.8,4305997.0],[4929294.0,4305983.9],[4929247.5,4305980.2],[4929254.5,4305916.6],[4929315.8,4305836.1],[4929376.0,4305759.4],[4929412.2,4305689.0],[4929412.4,4305635.4],[4929444.2,4305525.0],[4929417.3,4305471.1],[4929345.4,4305464.2],[4929306.5,4305467.8],[4929299.1,4305293.1],[4929288.8,4305273.4],[4929256.5,4305270.4],[4929170.8,4305296.8],[4929081.0,4305293.4],[4928942.4,4305266.6]]]}},{"type":"Feature","properties":{"Vill_name":"Sishujhumra (CT)","Sub_dist":null,"District":"Alipurduar","Vill_LGD":"307104"},"geometry":{"type":"Polygon","coordinates":[[[4886310.8,4324539.3],[4886376.0,4324286.0],[4886419.2,4324205.0],[4886429.5,4324155.9],[4886481.5,4324135.8],[4886502.1,4324096.0],[4886511.1,4324073.3],[4886546.9,4324014.2],[4886571.9,4323983.9],[4886640.1,4323975.9],[4886725.6,4323975.1],[4886770.1,4323968.9],[4886805.2,4323954.4],[4886835.8,4323880.2],[4886840.3,4323746.8],[4886847.0,4323698.4],[4886912.4,4323677.0],[4887001.4,4323655.3],[4887102.7,4323634.1],[4887139.4,4323626.0],[4887160.3,4323610.3],[4887179.9,4323489.9],[4887185.8,4323418.0],[4887147.3,4323411.7],[4887046.4,4323405.4],[4886926.6,4323423.2],[4886869.1,4323423.4],[4886822.4,4323434.4],[4886748.1,4323447.0],[4886645.1,4323462.7],[4886596.5,4323472.6],[4886523.4,4323490.2],[4886462.7,4323485.9],[4886457.1,4323419.8],[4886450.2,4323369.3],[4886497.6,4323332.8],[4886588.0,4323281.1],[4886640.4,4323265.9],[4886711.4,4323270.3],[4886781.5,4323233.9],[4886858.8,4323199.8],[4886987.3,4323151.5],[4887024.2,4323130.6],[4887048.3,4323120.5],[4887095.4,4323202.9],[4887149.5,4323222.7],[4887290.2,4323228.9],[4887342.1,4323231.9],[4887358.5,4323260.2],[4887362.0,4323329.2],[4887395.0,4323347.5],[4887506.9,4323361.2],[4887585.2,4323367.0],[4887588.7,4323304.7],[4887599.9,4323266.5],[4887636.3,4323214.7],[4887710.8,4323178.4],[4887814.9,4323149.1],[4887887.5,4323119.6],[4887953.3,4323049.1],[4887973.7,4322951.8],[4887971.2,4322922.2],[4887937.1,4322854.3],[4887898.8,4322824.9],[4887816.9,4322779.2],[4887735.6,4322764.0],[4887715.0,4322743.3],[4887663.1,4322657.3],[4887649.7,4322589.4],[4887648.4,4322585.4],[4887194.9,4322719.3],[4886820.9,4322792.7],[4886574.2,4322812.7],[4886273.2,4322819.3],[4885979.1,4322786.0],[4885704.9,4322745.8],[4885422.9,4322682.1],[4885428.6,4322697.2],[4885415.4,4322854.8],[4885399.1,4323004.5],[4885404.5,4323067.2],[4885398.2,4323259.2],[4885381.6,4323396.5],[4885356.6,4323465.0],[4885349.5,4323521.2],[4885345.9,4323621.8],[4885356.5,4323705.5],[4885352.5,4323766.8],[4885399.1,4323831.9],[4885461.4,4323895.9],[4885483.5,4323966.0],[4885592.9,4324165.9],[4885637.1,4324290.9],[4885683.8,4324378.1],[4885713.0,4324446.6],[4885717.5,4324550.7],[4885722.3,4324574.3],[4885783.7,4324476.1],[4885874.0,4324336.0],[4885933.3,4324399.3],[4886021.0,4324404.0],[4886113.7,4324417.3],[4886156.6,4324415.0],[4886147.5,4324573.2],[4886127.4,4324634.2],[4886068.4,4324675.0],[4885996.2,4324695.6],[4885964.7,4324819.9],[4885969.1,4324910.5],[4885961.8,4324919.5],[4886145.4,4324842.4],[4886170.3,4324824.4],[4886143.1,4324716.0],[4886161.3,4324675.1],[4886255.8,4324588.8],[4886310.8,4324539.3]]]}},{"type":"Feature","properties":{"Vill_name":"Paschim Madarihat","Sub_dist":null,"District":"Alipurduar","Vill_LGD":"307101"},"geometry":{"type":"Polygon","coordinates":[[[4902161.5,4317500.7],[4901914.5,4317581.2],[4901787.2,4317540.7],[4901764.9,4317596.6],[4901779.3,4317655.2],[4901802.5,4317755.1],[4901785.2,4317858.9],[4901713.7,4317957.2],[4901669.3,4318072.9],[4901869.8,4318205.4],[4901981.9,4318273.7],[4902248.6,4318439.2],[4902360.2,4318507.5],[4902518.8,4318714.1],[4902606.7,4318838.2],[4902687.0,4318935.9],[4902839.8,4319087.6],[4902999.3,4319245.1],[4903059.8,4319293.7],[4903090.3,4319355.6],[4903126.9,4319584.3],[4903148.0,4319636.0],[4903219.7,4319739.6],[4903400.4,4319945.3],[4903432.3,4319996.5],[4903421.2,4320034.2],[4903622.0,4320293.0],[4903693.4,4320402.0],[4903857.8,4320660.9],[4904094.0,4320591.2],[4904282.4,4320534.0],[4904385.9,4320477.0],[4904353.8,4320295.7],[4904396.3,4320238.8],[4904492.1,4320178.0],[4904532.0,4320064.0],[4904522.5,4319955.0],[4904481.2,4319801.7],[4904383.3,4319712.5],[4904296.2,4319593.4],[4904238.0,4319494.8],[4904209.7,4319440.9],[4904154.7,4319357.7],[4904128.2,4319286.1],[4904087.5,4319202.6],[4904013.2,4319143.0],[4903963.9,4319148.0],[4903851.4,4319156.9],[4903778.5,4319173.0],[4903724.6,4319221.0],[4903628.8,4319219.4],[4903530.8,4319225.0],[4903471.2,4319219.2],[4903450.0,4319281.0],[4903415.7,4319309.4],[4903369.7,4319286.5],[4903318.3,4319209.9],[4903294.6,4319151.3],[4903266.5,4319103.2],[4903245.2,4319055.0],[4903273.8,4319033.3],[4903321.6,4319039.1],[4903357.4,4319030.0],[4903310.6,4318982.0],[4903312.6,4318919.8],[4903357.3,4318900.3],[4903424.4,4318894.2],[4903454.3,4318874.0],[4903432.8,4318822.4],[4903383.4,4318735.0],[4903310.2,4318673.0],[4903258.2,4318651.4],[4903148.3,4318628.4],[4903067.9,4318635.3],[4903000.2,4318612.5],[4902925.7,4318619.7],[4902909.8,4318521.6],[4902919.8,4318506.4],[4903051.4,4318477.8],[4903127.9,4318470.7],[4903220.3,4318438.3],[4903284.2,4318386.8],[4903250.9,4318292.4],[4903183.1,4318241.0],[4903172.3,4318158.9],[4903146.4,4318136.6],[4903079.0,4318067.5],[4903023.8,4318019.2],[4903039.6,4317967.3],[4903107.0,4317964.2],[4903187.2,4317962.2],[4903203.5,4317930.0],[4903230.5,4317899.9],[4903246.4,4317833.8],[4903293.2,4317801.2],[4903373.6,4317763.3],[4903439.4,4317722.8],[4903492.8,4317685.5],[4903496.2,4317624.3],[4903442.8,4317580.0],[4903369.8,4317546.5],[4903311.4,4317494.6],[4903271.0,4317413.5],[4903030.7,4317447.2],[4902736.1,4317493.9],[4902382.4,4317494.1],[4902161.5,4317500.7]]]}},{"type":"Feature","properties":{"Vill_name":"Dumchi","Sub_dist":null,"District":"Alipurduar","Vill_LGD":"307072"},"geometry":{"type":"Polygon","coordinates":[[[4894938.1,4322193.3],[4894932.9,4322250.6],[4894869.6,4322259.3],[4894757.7,4322257.4],[4894656.7,4322273.6],[4894647.5,4322321.3],[4894651.2,4322427.6],[4894640.2,4322576.5],[4894598.6,4322816.7],[4894535.8,4322927.2],[4894460.4,4323025.7],[4894311.9,4323139.9],[4894254.5,4323190.2],[4894208.7,4323283.8],[4894212.3,4323371.9],[4894234.9,4323484.0],[4894235.2,4323641.8],[4894203.2,4323765.5],[4894083.2,4323777.9],[4893758.1,4323775.5],[4893468.2,4323775.4],[4893454.8,4323962.9],[4893444.2,4324172.7],[4893444.2,4324508.7],[4893424.8,4324718.1],[4893394.4,4325074.8],[4893483.4,4325052.5],[4893691.8,4324990.3],[4893814.9,4324974.6],[4893830.3,4324715.0],[4893850.7,4324475.2],[4893870.2,4324437.3],[4893986.8,4324403.1],[4894146.8,4324386.8],[4894135.7,4324331.2],[4894215.7,4324262.3],[4894272.7,4324118.2],[4894349.2,4324121.4],[4894616.8,4324114.6],[4894738.9,4323598.7],[4894786.8,4323541.5],[4894958.1,4323534.6],[4894995.4,4323362.9],[4895033.5,4323275.8],[4895176.7,4323279.8],[4895158.1,4323421.3],[4895247.8,4323416.8],[4895279.6,4323224.8],[4895277.3,4323108.7],[4895290.8,4323012.6],[4895309.0,4322980.5],[4895492.1,4323035.0],[4895577.5,4323058.8],[4895628.1,4322997.4],[4895644.1,4322919.5],[4895641.7,4322887.5],[4895689.6,4322871.6],[4895948.3,4322876.2],[4896005.5,4322832.3],[4896115.2,4322878.3],[4896142.8,4322878.7],[4896108.3,4322971.8],[4896122.0,4323086.5],[4896163.2,4323127.7],[4896212.6,4323143.4],[4896377.0,4323145.4],[4896413.5,4323133.9],[4896423.4,4322999.2],[4896457.2,4322918.8],[4896466.8,4322903.1],[4896541.7,4322889.5],[4896643.8,4322890.0],[4896672.8,4322889.4],[4896709.1,4322849.4],[4896740.2,4322715.3],[4896734.8,4322623.2],[4896731.4,4322528.7],[4896734.1,4322504.7],[4896822.9,4322506.0],[4896913.9,4322494.7],[4897044.7,4322491.2],[4897156.4,4322477.9],[4897167.5,4322318.2],[4897199.8,4322270.2],[4897231.7,4322260.9],[4897323.2,4322267.8],[4897368.5,4322265.5],[4897524.0,4322281.3],[4897549.1,4322269.8],[4897574.8,4322155.5],[4897516.1,4322138.5],[4897429.3,4322145.6],[4897346.5,4322120.0],[4897260.3,4322104.1],[4897157.0,4322067.7],[4897141.2,4322058.6],[4897143.2,4321996.8],[4897074.5,4321994.4],[4896958.3,4321989.8],[4896889.6,4321966.9],[4896896.5,4321925.9],[4896861.2,4321915.4],[4896769.6,4321908.5],[4896682.9,4321903.9],[4896582.0,4321927.0],[4896401.7,4321927.2],[4896326.3,4321892.6],[4896326.4,4321931.4],[4896294.2,4321977.5],[4896238.3,4322015.1],[4896014.3,4322106.5],[4895806.2,4322143.7],[4895628.0,4322170.5],[4895435.6,4322218.7],[4895173.2,4322260.2],[4895120.5,4322223.2],[4894934.2,4322163.2],[4894938.1,4322193.3]]]}},{"type":"Feature","properties":{"Vill_name":"Chapaguri","Sub_dist":null,"District":"Alipurduar","Vill_LGD":"307081"},"geometry":{"type":"Polygon","coordinates":[[[4898020.7,4323221.5],[4898079.9,4323176.2],[4898118.8,4323029.7],[4898180.0,4322933.4],[4898285.8,4322837.7],[4898399.8,4322775.4],[4898439.6,4322765.1],[4898474.1,4322671.4],[4898496.5,4322614.5],[4898563.1,4322516.0],[4898636.2,4322426.7],[4898647.5,4322302.9],[4898642.1,4322222.1],[4898623.8,4322152.9],[4898559.9,4322091.4],[4898568.6,4321993.1],[4898525.1,4321947.7],[4898427.4,4321853.6],[4898339.0,4321761.0],[4898273.4,4321674.8],[4898206.8,4321568.9],[4898076.8,4321432.0],[4898029.6,4321309.8],[4898025.2,4321227.6],[4897981.7,4321242.7],[4897773.5,4321322.1],[4897508.4,4321358.5],[4897470.9,4321393.5],[4897506.0,4321469.8],[4897469.8,4321477.0],[4897281.0,4321512.1],[4897214.8,4321539.4],[4897196.6,4321489.4],[4897158.9,4321465.4],[4897152.2,4321502.0],[4897106.3,4321579.3],[4896976.4,4321593.7],[4896822.6,4321655.1],[4896763.7,4321694.0],[4896731.7,4321664.5],[4896676.6,4321657.4],[4896523.0,4321703.1],[4896390.8,4321776.3],[4896345.3,4321824.3],[4896326.3,4321892.6],[4896401.7,4321927.2],[4896582.0,4321927.0],[4896682.9,4321903.9],[4896769.6,4321908.5],[4896861.2,4321915.4],[4896896.5,4321925.9],[4896889.6,4321966.9],[4896958.3,4321989.8],[4897074.5,4321994.4],[4897143.2,4321996.8],[4897141.2,4322058.6],[4897157.0,4322067.7],[4897260.3,4322104.1],[4897346.5,4322120.0],[4897429.3,4322145.6],[4897516.1,4322138.5],[4897574.8,4322155.5],[4897549.1,4322269.8],[4897524.0,4322281.3],[4897368.5,4322265.5],[4897323.2,4322267.8],[4897231.7,4322260.9],[4897199.8,4322270.2],[4897167.5,4322318.2],[4897156.4,4322477.9],[4897104.9,4322649.3],[4897009.7,4322811.8],[4896937.2,4322940.4],[4896910.7,4323019.7],[4896912.3,4323057.6],[4897174.3,4323066.3],[4897168.4,4323209.5],[4897400.4,4323217.7],[4897612.4,4323231.8],[4897652.8,4323198.9],[4897855.6,4323231.2],[4897963.2,4323233.0],[4898020.7,4323221.5]]]}},{"type":"Feature","properties":{"Vill_name":"Uttar Chhekamari","Sub_dist":null,"District":"Alipurduar","Vill_LGD":"307099"},"geometry":{"type":"Polygon","coordinates":[[[4903327.6,4322278.3],[4903301.4,4322344.3],[4903320.8,4322440.1],[4903363.8,4322508.0],[4903395.9,4322584.7],[4903365.1,4322591.5],[4903333.2,4322611.1],[4903262.1,4322609.7],[4903238.8,4322582.5],[4903187.3,4322622.3],[4903153.0,4322589.7],[4903091.2,4322557.7],[4903007.5,4322550.8],[4902940.7,4322571.1],[4902880.1,4322584.9],[4902819.9,4322558.5],[4902761.0,4322517.8],[4902736.0,4322546.1],[4902679.0,4322546.3],[4902641.7,4322537.1],[4902602.5,4322462.0],[4902543.9,4322485.8],[4902501.1,4322498.0],[4902479.7,4322574.5],[4902394.1,4322608.3],[4902335.9,4322581.4],[4902250.4,4322510.0],[4902193.1,4322424.7],[4902127.1,4322346.4],[4902061.4,4322385.5],[4902009.9,4322423.3],[4901974.4,4322508.5],[4901947.9,4322517.5],[4901871.4,4322515.3],[4901792.5,4322480.1],[4901771.4,4322490.4],[4901719.5,4322547.4],[4901710.8,4322555.3],[4901663.1,4322565.8],[4901628.9,4322612.8],[4901584.0,4322626.8],[4901573.4,4322664.6],[4901603.9,4322785.5],[4901539.6,4322846.2],[4901484.1,4322876.5],[4901489.9,4322939.7],[4901514.6,4322987.5],[4901577.1,4323017.5],[4901612.7,4323053.6],[4901632.2,4323137.1],[4901676.5,4323186.9],[4901722.2,4323197.0],[4901782.8,4323193.0],[4901821.9,4323218.0],[4901773.9,4323266.7],[4901766.8,4323291.0],[4901818.2,4323305.7],[4901887.8,4323328.7],[4901944.8,4323318.2],[4901987.0,4323330.5],[4902008.5,4323362.5],[4902024.1,4323436.5],[4902070.6,4323440.2],[4902196.4,4323471.3],[4902267.9,4323433.9],[4902322.5,4323474.4],[4902370.5,4323465.9],[4902434.6,4323482.2],[4902500.5,4323531.6],[4902547.2,4323572.6],[4902620.5,4323622.8],[4902677.0,4323601.0],[4902727.6,4323611.2],[4902783.3,4323587.9],[4902904.1,4323568.6],[4902978.8,4323597.3],[4903099.5,4323641.4],[4903171.1,4323645.3],[4903230.7,4323621.2],[4903307.1,4323677.9],[4903364.0,4323658.0],[4903389.1,4323647.5],[4903437.0,4323672.3],[4903490.9,4323685.2],[4903570.7,4323672.4],[4903659.6,4323651.1],[4903728.3,4323765.9],[4903813.9,4323926.8],[4903875.7,4323928.2],[4904016.8,4323907.0],[4904169.9,4323889.3],[4904209.6,4323941.8],[4904307.7,4324067.9],[4904371.8,4324103.4],[4904400.2,4324065.9],[4904412.6,4323899.0],[4904426.8,4323890.3],[4904533.8,4323870.4],[4904682.2,4323819.1],[4904835.1,4323756.7],[4904852.8,4323652.9],[4904872.4,4323490.7],[4904835.5,4323398.6],[4904792.6,4323352.8],[4904780.1,4323315.3],[4904817.9,4323213.5],[4904817.5,4323119.2],[4904857.0,4323085.2],[4904901.7,4323065.7],[4904934.4,4323049.1],[4904934.1,4322972.5],[4904925.0,4322855.1],[4904913.0,4322819.6],[4904889.8,4322728.6],[4904913.0,4322737.6],[4904980.2,4322718.2],[4905106.7,4322703.7],[4905136.1,4322663.8],[4905146.8,4322583.8],[4905116.8,4322462.5],[4905070.2,4322409.1],[4905002.0,4322347.4],[4904907.7,4322326.7],[4904790.0,4322351.5],[4904699.3,4322380.0],[4904565.6,4322441.9],[4904521.4,4322410.3],[4904481.0,4322443.2],[4904352.9,4322503.4],[4904171.2,4322553.1],[4904016.5,4322542.7],[4904010.3,4322506.1],[4903985.4,4322431.7],[4903949.7,4322356.8],[4903883.8,4322265.7],[4903855.1,4322271.2],[4903793.4,4322328.2],[4903741.3,4322370.3],[4903677.0,4322347.6],[4903561.9,4322321.0],[4903445.8,4322240.7],[4903420.9,4322218.9],[4903365.0,4322246.2],[4903327.6,4322278.3]]]}},{"type":"Feature","properties":{"Vill_name":"Uttar Sisubari","Sub_dist":null,"District":"Alipurduar","Vill_LGD":"307076"},"geometry":{"type":"Polygon","coordinates":[[[4895037.6,4320829.9],[4894931.0,4321066.0],[4894880.5,4321186.4],[4894880.7,4321253.7],[4894894.0,4321353.6],[4894924.2,4321554.0],[4894947.4,4321755.1],[4894954.0,4321985.3],[4894934.2,4322163.2],[4895120.5,4322223.2],[4895173.2,4322260.2],[4895435.6,4322218.7],[4895628.0,4322170.5],[4895806.2,4322143.7],[4896014.3,4322106.5],[4896238.3,4322015.1],[4896294.2,4321977.5],[4896326.4,4321931.4],[4896326.3,4321892.6],[4896345.3,4321824.3],[4896390.8,4321776.3],[4896523.0,4321703.1],[4896676.6,4321657.4],[4896731.7,4321664.5],[4896763.7,4321694.0],[4896822.6,4321655.1],[4896976.4,4321593.7],[4897106.3,4321579.3],[4897152.2,4321502.0],[4897158.9,4321465.4],[4897196.6,4321489.4],[4897214.8,4321539.4],[4897281.0,4321512.1],[4897469.8,4321477.0],[4897506.0,4321469.8],[4897470.9,4321393.5],[4897409.0,4321363.5],[4897278.8,4321361.7],[4897141.9,4321399.8],[4897109.6,4321274.4],[4897107.0,4321237.9],[4897057.2,4321199.2],[4897011.3,4321152.8],[4897045.8,4321068.5],[4897156.7,4320948.5],[4897243.4,4320913.9],[4897305.1,4320856.9],[4897318.8,4320836.4],[4897280.3,4320820.3],[4897204.6,4320831.9],[4897124.7,4320838.4],[4897072.3,4320854.5],[4896964.6,4320868.5],[4896902.7,4320868.5],[4896877.5,4320840.8],[4896811.2,4320779.1],[4896707.7,4320774.1],[4896667.6,4320782.0],[4896645.2,4320747.5],[4896605.5,4320745.6],[4896560.4,4320753.3],[4896598.9,4320922.7],[4896630.9,4321023.0],[4896613.0,4321048.1],[4896538.7,4321020.5],[4896498.5,4321050.0],[4896459.7,4321038.3],[4896416.0,4320996.4],[4896406.1,4320987.6],[4896333.3,4321000.8],[4896254.1,4321003.3],[4896098.0,4320999.8],[4896010.2,4320987.2],[4895984.1,4320977.1],[4895978.4,4320913.0],[4895952.2,4320844.4],[4895947.0,4320820.1],[4895903.9,4320807.7],[4895838.7,4320803.1],[4895774.8,4320784.8],[4895685.3,4320784.9],[4895565.3,4320777.6],[4895578.8,4320722.3],[4895544.9,4320682.3],[4895472.7,4320671.0],[4895433.9,4320721.7],[4895423.3,4320828.8],[4895385.8,4320854.0],[4895293.1,4320839.2],[4895250.0,4320827.3],[4895141.6,4320813.3],[4895063.0,4320792.8],[4895037.6,4320829.9]]]}},{"type":"Feature","properties":{"Vill_name":"Totopara","Sub_dist":null,"District":"Alipurduar","Vill_LGD":"307087"},"geometry":{"type":"Polygon","coordinates":[[[4909397.5,4339130.5],[4909414.3,4339081.7],[4909426.1,4339085.8],[4909428.4,4339079.1],[4909435.1,4339081.4],[4909275.9,4338435.1],[4909089.6,4338108.3],[4909021.2,4337906.1],[4908976.4,4337755.1],[4908952.5,4337618.3],[4908945.3,4337357.1],[4908925.2,4337222.0],[4908820.0,4336967.4],[4908711.5,4336739.6],[4908613.7,4336443.1],[4908613.8,4336266.7],[4908617.1,4336107.2],[4908667.6,4335913.6],[4908732.2,4335764.9],[4908762.5,4335686.8],[4908745.7,4335586.2],[4908705.0,4335440.8],[4908633.7,4335226.6],[4908613.7,4335162.3],[4908616.4,4335074.5],[4908627.4,4334918.3],[4908611.8,4334761.8],[4908598.4,4334763.6],[4908242.8,4334998.6],[4907975.8,4335145.0],[4907541.0,4335515.2],[4907163.7,4335914.3],[4907085.6,4336056.9],[4906750.6,4336292.4],[4906593.9,4336455.9],[4906352.1,4336733.7],[4905803.4,4337018.9],[4905568.3,4337145.7],[4905203.5,4337552.0],[4905196.8,4337560.0],[4905224.0,4337580.9],[4905271.6,4337615.6],[4905316.1,4337641.7],[4905410.6,4337693.7],[4905615.4,4337821.6],[4905779.4,4337921.9],[4905899.3,4338023.3],[4905944.4,4338050.0],[4906020.9,4338117.6],[4906130.3,4338231.5],[4906233.0,4338345.5],[4906319.4,4338444.5],[4906376.2,4338484.1],[4906521.7,4338572.9],[4906575.0,4338578.5],[4906660.8,4338592.5],[4906701.8,4338624.9],[4906907.8,4338812.0],[4906961.9,4338813.5],[4907047.0,4338820.2],[4907087.1,4338824.2],[4907122.9,4338854.5],[4907196.1,4338927.2],[4907299.5,4339023.2],[4907330.2,4339058.0],[4907359.7,4339075.2],[4907396.6,4339080.8],[4907426.8,4339080.0],[4907465.6,4339085.1],[4907518.7,4339101.0],[4907670.6,4339152.2],[4907776.2,4339192.3],[4907790.4,4339195.8],[4907846.5,4339211.8],[4907870.0,4339220.7],[4907903.8,4339235.8],[4907965.5,4339275.8],[4907990.5,4339304.7],[4908020.4,4339350.8],[4908056.1,4339399.2],[4908079.8,4339420.8],[4908100.6,4339434.3],[4908134.0,4339447.5],[4908190.8,4339504.0],[4908312.7,4339620.6],[4908347.5,4339655.7],[4908378.4,4339695.2],[4908405.8,4339734.0],[4908439.2,4339755.0],[4908459.0,4339773.3],[4908478.8,4339809.1],[4908500.2,4339863.7],[4908518.5,4339885.5],[4908546.6,4339906.1],[4908625.3,4339917.8],[4908695.0,4339929.4],[4908788.8,4339948.8],[4908826.5,4339952.1],[4908872.2,4339945.1],[4908957.8,4339919.3],[4908998.6,4339913.8],[4909023.8,4339881.8],[4909032.3,4339846.9],[4909037.9,4339802.7],[4909059.1,4339751.1],[4909078.0,4339697.7],[4909095.9,4339658.0],[4909107.9,4339640.7],[4909142.8,4339607.7],[4909189.7,4339576.7],[4909206.3,4339538.1],[4909211.9,4339442.7],[4909210.2,4339398.5],[4909224.7,4339373.1],[4909239.4,4339345.2],[4909247.8,4339327.7],[4909267.4,4339315.8],[4909293.0,4339302.6],[4909315.6,4339273.5],[4909340.8,4339232.5],[4909380.9,4339169.7],[4909397.5,4339130.5]]]}},{"type":"Feature","properties":{"Vill_name":"Garochera Bandapani","Sub_dist":null,"District":"Alipurduar","Vill_LGD":"307067"},"geometry":{"type":"Polygon","coordinates":[[[4893346.0,4334515.2],[4893361.0,4334458.5],[4893248.2,4334485.0],[4893262.8,4334406.6],[4893254.7,4334360.0],[4893215.2,4334332.6],[4893145.8,4334285.0],[4893132.5,4334224.0],[4893085.2,4334185.3],[4893046.2,4334147.6],[4893014.2,4334079.2],[4892951.6,4334032.0],[4892868.5,4333941.5],[4892789.9,4333910.2],[4892627.1,4333923.0],[4892580.7,4333927.2],[4892573.3,4334113.1],[4892572.7,4334115.5],[4892549.6,4334380.2],[4892527.2,4334500.0],[4892499.0,4334573.2],[4892527.2,4334583.9],[4892564.1,4334602.1],[4892653.4,4334627.2],[4892759.1,4334662.0],[4892813.6,4334683.8],[4892920.8,4334719.5],[4893002.6,4334751.8],[4893125.0,4334803.4],[4893159.4,4334815.9],[4893218.0,4334703.2],[4893300.8,4334627.6],[4893379.3,4334567.5],[4893401.8,4334518.9],[4893346.0,4334515.2]]]}},{"type":"Feature","properties":{"Vill_name":"Makrapara Tea Garden","Sub_dist":null,"District":"Alipurduar","Vill_LGD":"307068"},"geometry":{"type":"Polygon","coordinates":[[[4896606.4,4334735.8],[4896665.9,4334704.9],[4896705.0,4334714.9],[4896790.9,4334744.0],[4896878.1,4334771.3],[4896947.7,4334792.2],[4896946.6,4334785.6],[4896858.7,4334420.6],[4896844.1,4334397.3],[4896818.1,4334344.5],[4896750.3,4334231.6],[4896675.0,4334100.8],[4896581.6,4333969.0],[4896483.8,4333807.6],[4896460.6,4333727.9],[4896456.0,4333189.1],[4896077.2,4332718.4],[4895898.3,4332462.7],[4895754.5,4331998.9],[4895685.9,4331729.8],[4895549.3,4331464.8],[4895382.5,4331243.0],[4895181.4,4331001.0],[4894966.9,4330731.7],[4894830.2,4330407.3],[4894750.2,4330281.6],[4894750.1,4330273.2],[4894466.9,4330288.6],[4893659.5,4330269.9],[4892822.6,4330284.2],[4892847.6,4330459.4],[4892926.4,4330670.0],[4893062.4,4330805.3],[4893153.0,4330904.0],[4893454.1,4331110.1],[4893573.9,4331234.7],[4893458.6,4331701.8],[4893377.0,4332101.3],[4893293.0,4332172.9],[4893285.2,4332242.3],[4893325.5,4332314.5],[4893392.7,4332388.0],[4893473.8,4332448.9],[4893521.2,4332504.8],[4893622.9,4332689.5],[4893755.7,4332869.8],[4893870.7,4333013.4],[4893995.0,4333124.5],[4894069.0,4333210.6],[4894134.6,4333359.2],[4894301.7,4333654.6],[4894422.7,4333836.3],[4894489.4,4333960.9],[4894528.8,4334020.8],[4894524.9,4334072.2],[4894488.7,4334159.4],[4894479.1,4334226.7],[4894516.7,4334333.7],[4894551.0,4334562.3],[4894576.5,4334931.6],[4894577.5,4334961.6],[4894782.6,4335440.1],[4894783.0,4335440.3],[4894787.1,4335450.0],[4894805.9,4335457.9],[4894891.0,4335487.4],[4894929.6,4335502.6],[4894958.0,4335498.4],[4895045.0,4335457.1],[4895197.1,4335388.6],[4895243.2,4335364.6],[4895330.1,4335324.9],[4895469.3,4335262.5],[4895548.5,4335221.4],[4895660.3,4335171.0],[4895740.1,4335133.2],[4895831.2,4335090.6],[4895933.2,4335046.5],[4896030.7,4335001.3],[4896117.0,4334958.5],[4896264.1,4334894.2],[4896338.3,4334859.1],[4896432.5,4334815.2],[4896528.2,4334772.2],[4896606.4,4334735.8]]]}},{"type":"Feature","properties":{"Vill_name":"Uttar Haldibari","Sub_dist":null,"District":"Alipurduar","Vill_LGD":"307184"},"geometry":{"type":"Polygon","coordinates":[[[4963339.6,4319850.0],[4963020.3,4319596.7],[4962879.1,4319429.3],[4962817.5,4319213.5],[4962825.0,4319015.2],[4962832.1,4318860.9],[4961966.4,4318945.8],[4961936.3,4318989.1],[4961840.1,4319010.5],[4961791.0,4318875.6],[4961705.1,4318750.7],[4961587.9,4318747.1],[4961445.3,4318761.9],[4961377.7,4318779.3],[4961363.2,4318857.7],[4961271.0,4318886.2],[4961267.2,4318953.8],[4961187.1,4318946.5],[4961187.4,4318897.4],[4961145.0,4318861.0],[4961109.5,4318854.4],[4961112.7,4318786.8],[4961123.4,4318726.4],[4961062.6,4318683.3],[4961012.8,4318637.2],[4961023.9,4318537.0],[4961080.9,4318526.5],[4961106.0,4318473.2],[4961091.3,4318380.7],[4961087.6,4318313.2],[4961023.7,4318284.6],[4961020.1,4318245.2],[4960948.9,4318245.2],[4960891.9,4318309.3],[4960859.6,4318305.8],[4960846.0,4318252.1],[4960771.0,4318227.9],[4960707.0,4318170.8],[4960482.3,4318124.3],[4960436.1,4318423.1],[4960251.0,4318597.9],[4960130.2,4318650.6],[4960096.3,4318939.2],[4960018.2,4319248.8],[4960060.9,4319352.5],[4960210.3,4319380.2],[4960050.2,4319586.7],[4959954.1,4319697.0],[4959943.5,4319786.4],[4959875.8,4319857.3],[4959857.6,4319960.5],[4959936.5,4320046.3],[4959964.7,4320135.0],[4960025.2,4320164.0],[4960021.6,4320227.6],[4960020.6,4320238.4],[4960195.2,4320244.2],[4960252.1,4320265.6],[4960245.3,4320429.8],[4960579.9,4320487.0],[4960999.3,4320547.2],[4961646.8,4320604.1],[4962000.6,4320639.6],[4962110.7,4320298.2],[4962780.0,4320319.2],[4962840.4,4320317.7],[4963339.6,4319850.0]]]}},{"type":"Feature","properties":{"Vill_name":"Kumargram","Sub_dist":null,"District":"Alipurduar","Vill_LGD":"307186"},"geometry":{"type":"Polygon","coordinates":[[[4958141.4,4315220.6],[4957989.9,4315237.5],[4957997.3,4315349.2],[4957908.2,4315373.5],[4957912.0,4315470.4],[4957961.6,4315480.6],[4957965.3,4315566.2],[4957951.1,4315679.5],[4957940.0,4315808.1],[4957986.7,4315921.8],[4958022.4,4316007.0],[4957920.8,4316078.2],[4957835.8,4316078.1],[4957782.4,4316025.0],[4957750.5,4316117.7],[4957767.9,4316163.7],[4957799.6,4316188.8],[4957821.3,4316309.7],[4957853.2,4316352.0],[4957913.6,4316341.6],[4957956.3,4316363.2],[4958002.9,4316405.7],[4957967.3,4316462.5],[4957939.0,4316469.5],[4957889.0,4316405.7],[4957835.5,4316444.9],[4957799.9,4316512.4],[4957817.7,4316654.7],[4957884.4,4316697.7],[4957985.8,4316680.4],[4958061.9,4316703.2],[4958126.5,4316687.1],[4958070.9,4316555.8],[4958070.9,4316482.6],[4958138.2,4316482.9],[4958152.9,4316544.5],[4958195.3,4316664.4],[4958331.0,4316640.9],[4958536.5,4316615.8],[4958684.3,4316665.6],[4958737.3,4316708.4],[4958707.3,4316751.2],[4958753.2,4316818.7],[4958787.2,4316845.3],[4958819.0,4316920.0],[4958801.3,4317025.2],[4958767.0,4317116.4],[4958724.2,4317128.1],[4958608.8,4317126.5],[4958588.6,4317169.3],[4958599.9,4317221.4],[4958624.8,4317297.7],[4958596.2,4317381.3],[4958570.9,4317459.6],[4958529.8,4317568.2],[4958508.2,4317610.8],[4958526.5,4317721.2],[4958592.1,4317724.8],[4958590.2,4317662.4],[4958601.0,4317621.6],[4958645.4,4317616.4],[4958686.3,4317664.0],[4958672.4,4317874.0],[4958611.7,4318230.1],[4958583.4,4318493.9],[4958613.9,4318678.5],[4958681.4,4318828.1],[4958763.1,4318917.4],[4958859.2,4318931.8],[4958975.1,4318910.3],[4959057.3,4318967.3],[4959082.3,4319081.4],[4959139.4,4319059.6],[4959196.2,4319102.6],[4959306.5,4319056.3],[4959319.7,4318965.1],[4959335.6,4318826.3],[4959356.9,4318708.5],[4959424.8,4318644.5],[4959502.8,4318698.3],[4959634.6,4318684.5],[4959751.8,4318698.4],[4959844.1,4318698.4],[4959862.4,4318591.7],[4959926.4,4318527.5],[4960033.2,4318541.9],[4960093.8,4318466.7],[4960082.6,4318402.8],[4960026.0,4318271.5],[4960057.9,4318199.8],[4960157.8,4318132.4],[4960123.5,4318068.4],[4960059.7,4317965.2],[4960056.2,4317854.5],[4960077.4,4317779.9],[4960123.9,4317690.8],[4960091.9,4317619.5],[4960048.5,4317509.4],[4959938.9,4317388.3],[4959897.8,4317292.1],[4959905.2,4317271.3],[4959841.4,4317249.6],[4959744.8,4317153.7],[4959716.9,4317050.2],[4959745.0,4316882.6],[4959837.5,4316786.9],[4959961.3,4316590.0],[4959943.2,4316536.5],[4959886.1,4316508.3],[4959861.4,4316429.5],[4959914.7,4316248.4],[4959929.1,4316162.7],[4959918.2,4316134.2],[4959868.9,4316127.4],[4959847.5,4316031.1],[4959836.8,4315924.1],[4959753.4,4315831.7],[4959715.5,4315708.6],[4959732.6,4315669.6],[4959693.9,4315616.2],[4959594.3,4315605.1],[4959551.5,4315534.3],[4959521.2,4315438.1],[4959318.8,4315459.4],[4959276.3,4315537.9],[4959293.7,4315615.8],[4959101.7,4315626.8],[4959020.2,4315647.5],[4958991.8,4315697.7],[4958934.8,4315665.5],[4958970.2,4315594.5],[4958877.7,4315587.1],[4958714.3,4315594.6],[4958635.7,4315605.0],[4958536.3,4315662.2],[4958493.8,4315534.0],[4958518.4,4315490.9],[4958465.3,4315452.1],[4958461.9,4315388.1],[4958418.8,4315366.9],[4958354.8,4315370.2],[4958301.8,4315327.9],[4958255.1,4315267.2],[4958141.4,4315220.6]]]}},{"type":"Feature","properties":{"Vill_name":"Marakhata","Sub_dist":null,"District":"Alipurduar","Vill_LGD":"307174"},"geometry":{"type":"Polygon","coordinates":[[[4954153.0,4310448.7],[4954149.1,4310520.2],[4954273.6,4310832.5],[4954446.2,4311166.9],[4954471.3,4311258.9],[4954478.4,4311479.7],[4954551.3,4311998.8],[4954636.6,4312404.1],[4954695.8,4312646.0],[4955150.1,4312663.8],[4955456.3,4312770.7],[4955697.8,4312763.1],[4955955.8,4312748.9],[4956019.9,4312763.3],[4956069.5,4312702.8],[4956261.1,4312638.8],[4956271.7,4312457.1],[4956165.5,4312439.7],[4956151.3,4312233.3],[4956232.8,4312212.2],[4956307.3,4312144.0],[4956416.0,4312211.6],[4956454.8,4312304.3],[4956526.4,4312368.1],[4956671.7,4312214.9],[4956806.7,4311948.8],[4956639.7,4311806.3],[4956511.9,4311777.6],[4956451.1,4311703.0],[4956327.4,4311681.4],[4956270.1,4311585.4],[4956277.3,4311240.5],[4956272.4,4311116.1],[4956066.5,4311016.9],[4955977.4,4310927.7],[4956012.9,4310771.2],[4956137.1,4310607.8],[4956441.3,4310550.6],[4956512.2,4310557.4],[4956623.0,4310621.6],[4956643.7,4310426.2],[4956629.7,4310173.1],[4956356.3,4310213.1],[4955943.8,4310213.0],[4955563.6,4310205.7],[4955265.4,4310156.1],[4954960.0,4310145.0],[4954759.5,4310170.2],[4954567.3,4310173.3],[4954300.7,4310184.2],[4954238.3,4310164.0],[4954252.3,4310249.6],[4954153.0,4310448.7]]]}},{"type":"Feature","properties":{"Vill_name":"Uttar Nararthali","Sub_dist":null,"District":"Alipurduar","Vill_LGD":"307173"},"geometry":{"type":"Polygon","coordinates":[[[4955332.9,4308908.6],[4955265.5,4308983.0],[4955225.8,4308990.4],[4955225.8,4309103.9],[4955105.1,4309040.2],[4954966.9,4308983.0],[4954856.1,4309072.0],[4954499.2,4309029.4],[4954300.4,4308976.7],[4954250.5,4309075.9],[4954190.1,4309033.3],[4954182.8,4308919.5],[4954261.1,4308802.0],[4954264.7,4308787.9],[4954143.6,4308784.6],[4954015.8,4308816.8],[4953984.0,4308795.1],[4953905.8,4308663.7],[4953795.7,4308706.1],[4953723.0,4308749.2],[4953737.5,4308958.6],[4953672.2,4308969.3],[4954055.0,4309189.9],[4954118.8,4309261.2],[4954044.2,4309631.3],[4954030.5,4309723.4],[4954151.0,4309997.3],[4954238.3,4310164.0],[4954300.7,4310184.2],[4954567.3,4310173.3],[4954759.5,4310170.2],[4954960.0,4310145.0],[4955265.4,4310156.1],[4955563.6,4310205.7],[4955943.8,4310213.0],[4956356.3,4310213.1],[4956629.7,4310173.1],[4956764.8,4310141.3],[4957006.2,4310134.1],[4957247.6,4310076.9],[4957268.8,4309993.0],[4957262.0,4309992.7],[4956835.7,4310034.2],[4956814.6,4309963.0],[4956899.6,4309806.4],[4957272.8,4309785.0],[4957201.4,4309635.7],[4956874.2,4309628.5],[4956824.9,4309386.5],[4956682.7,4309372.8],[4956661.4,4309109.1],[4956601.8,4308865.1],[4956595.9,4308866.3],[4956567.4,4308670.5],[4956307.9,4308624.2],[4955931.1,4308535.0],[4955833.7,4309001.3],[4955567.2,4309008.2],[4955397.0,4308923.0],[4955332.9,4308908.6]]]}},{"type":"Feature","properties":{"Vill_name":"Bara Daldali","Sub_dist":null,"District":"Alipurduar","Vill_LGD":"307193"},"geometry":{"type":"Polygon","coordinates":[[[4956835.7,4310034.2],[4957262.0,4309992.7],[4957773.8,4310020.0],[4957830.9,4309842.1],[4957930.5,4309863.5],[4958115.5,4309764.3],[4958278.9,4309785.9],[4958328.3,4309472.5],[4958079.7,4309515.1],[4957958.8,4309343.9],[4957972.9,4309244.4],[4958157.9,4309195.3],[4958264.6,4308832.1],[4958541.7,4308838.9],[4958506.0,4308433.6],[4958609.0,4307829.2],[4958524.1,4307715.6],[4958587.4,4307068.0],[4958641.0,4306727.3],[4958498.4,4306691.6],[4958463.1,4306577.4],[4958405.9,4306570.8],[4958398.7,4306805.1],[4958263.7,4306876.3],[4958157.4,4306798.0],[4957965.3,4306584.6],[4957759.2,4306591.5],[4957539.0,4306555.9],[4957446.6,4306599.1],[4957461.1,4306727.0],[4957432.2,4306755.5],[4957304.5,4306612.9],[4957141.7,4306599.3],[4957139.6,4306611.0],[4957055.8,4306629.0],[4957030.7,4306753.5],[4957137.4,4306831.8],[4957116.4,4306974.2],[4956998.7,4307062.8],[4956924.2,4307123.1],[4956824.9,4307166.0],[4956715.0,4307276.2],[4956653.1,4307411.7],[4956677.6,4307536.1],[4956521.4,4307628.3],[4956450.4,4307728.0],[4956482.2,4307884.2],[4956531.7,4308133.1],[4956679.2,4308097.4],[4956722.1,4308104.9],[4956853.5,4308211.8],[4956942.6,4308196.9],[4956935.3,4308062.0],[4957002.7,4308048.0],[4957123.5,4307905.5],[4957184.0,4307913.3],[4957074.0,4308108.4],[4957102.3,4308215.3],[4957080.9,4308374.9],[4957112.8,4308499.7],[4957112.8,4308592.0],[4957055.8,4308673.7],[4957031.0,4308762.4],[4956936.8,4308823.2],[4956719.7,4308844.7],[4956601.8,4308865.1],[4956661.4,4309109.1],[4956682.7,4309372.8],[4956824.9,4309386.5],[4956874.2,4309628.5],[4957201.4,4309635.7],[4957272.8,4309785.0],[4956899.6,4309806.4],[4956814.6,4309963.0],[4956835.7,4310034.2]]]}},{"type":"Feature","properties":{"Vill_name":"Gochimari","Sub_dist":null,"District":"Alipurduar","Vill_LGD":"307170"},"geometry":{"type":"Polygon","coordinates":[[[4956528.6,4304302.9],[4956304.2,4304385.0],[4956055.6,4304459.5],[4955763.2,4304516.8],[4955640.5,4304627.3],[4955498.5,4304794.8],[4955434.2,4304947.4],[4955424.8,4305010.3],[4955478.1,4305220.0],[4955670.6,4305241.5],[4955686.2,4305654.2],[4956088.0,4305661.6],[4956045.2,4305931.6],[4956537.6,4305892.8],[4956675.7,4305899.9],[4956896.5,4305831.9],[4957038.3,4305864.2],[4957080.8,4305828.4],[4957112.8,4305856.9],[4957058.1,4305974.6],[4957071.7,4306060.2],[4957189.3,4306106.1],[4957171.3,4306255.5],[4957171.2,4306433.2],[4957141.7,4306599.3],[4957304.5,4306612.9],[4957432.2,4306755.5],[4957461.1,4306727.0],[4957446.6,4306599.1],[4957539.0,4306555.9],[4957759.2,4306591.5],[4957965.3,4306584.6],[4958157.4,4306798.0],[4958263.7,4306876.3],[4958398.7,4306805.1],[4958405.9,4306570.8],[4958463.1,4306577.4],[4958498.4,4306691.6],[4958641.0,4306727.3],[4958660.7,4306664.5],[4958792.3,4306643.2],[4958725.8,4306575.7],[4958722.4,4306515.2],[4958747.3,4306465.3],[4958793.3,4306397.8],[4958815.0,4306322.7],[4958811.4,4306265.6],[4958797.0,4306215.8],[4958736.5,4306158.4],[4958683.5,4306176.5],[4958573.1,4306155.0],[4958526.2,4306098.3],[4958439.2,4306059.2],[4958368.2,4305931.1],[4958300.7,4305802.7],[4958290.0,4305656.4],[4958311.2,4305614.2],[4958393.3,4305550.3],[4958450.2,4305478.4],[4958517.9,4305460.5],[4958517.8,4305432.5],[4958471.7,4305357.7],[4958443.6,4305236.5],[4958375.5,4305161.6],[4958373.8,4305157.1],[4958361.8,4305160.9],[4958290.3,4305157.5],[4958155.4,4305082.8],[4958045.1,4305068.7],[4957872.2,4305068.8],[4957808.3,4304958.2],[4957626.8,4305026.1],[4957555.6,4305026.2],[4957427.2,4305022.0],[4957295.9,4305004.4],[4957256.3,4304919.0],[4957267.5,4304808.6],[4957252.8,4304734.3],[4957182.0,4304644.5],[4957150.0,4304584.0],[4957175.0,4304502.7],[4957103.5,4304427.6],[4956953.8,4304395.4],[4956674.6,4304370.8],[4956528.6,4304302.9]]]}},{"type":"Feature","properties":{"Vill_name":"Barobisha","Sub_dist":null,"District":"Alipurduar","Vill_LGD":"307198"},"geometry":{"type":"Polygon","coordinates":[[[4957002.9,4303605.2],[4956925.1,4303783.2],[4956874.8,4303910.9],[4956875.2,4303996.4],[4956974.5,4304053.7],[4957180.9,4304011.0],[4957273.3,4304017.9],[4957380.3,4304081.9],[4957394.6,4304181.8],[4957308.7,4304274.4],[4957117.0,4304309.9],[4956953.8,4304395.4],[4957103.5,4304427.6],[4957175.0,4304502.7],[4957150.0,4304584.0],[4957182.0,4304644.5],[4957252.8,4304734.3],[4957267.5,4304808.6],[4957256.3,4304919.0],[4957295.9,4305004.4],[4957427.2,4305022.0],[4957555.6,4305026.2],[4957626.8,4305026.1],[4957808.3,4304958.2],[4957872.2,4305068.8],[4958045.1,4305068.7],[4958155.4,4305082.8],[4958290.3,4305157.5],[4958361.8,4305160.9],[4958540.0,4305100.7],[4958661.1,4305114.8],[4958710.5,4305189.3],[4958785.2,4305239.6],[4958878.1,4305114.4],[4959155.3,4305079.0],[4959168.0,4305132.6],[4959391.8,4305196.4],[4959370.7,4305421.2],[4959452.2,4305442.8],[4959488.5,4305382.2],[4959509.3,4305367.4],[4959602.1,4305357.1],[4959616.5,4305200.2],[4959890.6,4305228.5],[4959911.7,4305310.5],[4960242.8,4305307.2],[4960306.7,4305346.1],[4960331.9,4305435.2],[4960389.7,4305449.3],[4960546.4,4304965.2],[4961273.7,4304868.9],[4961636.7,4304815.5],[4961476.2,4304691.0],[4961401.7,4304523.4],[4961302.1,4304377.8],[4961291.1,4304278.0],[4961430.0,4304207.1],[4961643.7,4304196.2],[4961618.7,4303968.6],[4961575.5,4303887.0],[4961511.7,4303773.0],[4961557.3,4303702.0],[4961568.4,4303541.5],[4961621.3,4303431.1],[4961707.2,4303370.4],[4961796.2,4303274.5],[4961853.1,4303192.8],[4961888.4,4303071.7],[4961846.1,4303011.2],[4961788.8,4303018.3],[4961753.7,4303075.1],[4961689.3,4303167.8],[4961621.3,4303203.8],[4961479.6,4303139.1],[4961294.4,4303057.6],[4961152.2,4303096.4],[4961109.2,4303164.1],[4961073.6,4303331.8],[4961006.0,4303473.9],[4960833.6,4303516.2],[4960815.4,4304082.5],[4960640.9,4304085.9],[4960642.8,4303911.7],[4960372.7,4303883.1],[4960333.0,4303715.7],[4960194.2,4303733.2],[4960198.1,4303847.3],[4959564.6,4303797.4],[4959523.2,4303719.3],[4959124.7,4303786.7],[4959078.5,4303715.7],[4958733.5,4303680.1],[4958619.5,4303509.2],[4958447.2,4303487.7],[4957656.2,4303444.5],[4957024.4,4303462.4],[4957002.9,4303605.2]]]}},{"type":"Feature","properties":{"Vill_name":"Dakshin Narathali","Sub_dist":null,"District":"Alipurduar","Vill_LGD":"307164"},"geometry":{"type":"Polygon","coordinates":[[[4950808.3,4302336.8],[4950929.8,4302322.5],[4950987.7,4302445.6],[4951385.3,4302406.6],[4951598.5,4302488.5],[4951780.0,4302481.5],[4951992.9,4302435.2],[4952074.6,4302655.7],[4952547.2,4302569.8],[4952526.1,4302374.3],[4952645.0,4302321.1],[4952659.5,4302193.1],[4952659.4,4301980.0],[4952545.5,4301752.6],[4952513.3,4301656.3],[4952630.7,4301552.9],[4952783.6,4301539.1],[4952826.2,4301429.2],[4952810.6,4301066.5],[4952845.8,4300813.9],[4952815.9,4300473.1],[4952989.9,4300458.4],[4953061.0,4300224.1],[4953256.5,4300213.3],[4953341.6,4300189.0],[4953414.1,4300170.6],[4953395.2,4300036.9],[4953378.5,4299974.2],[4953371.9,4299920.6],[4953279.9,4299900.9],[4953197.7,4299872.4],[4953053.3,4299821.0],[4953101.1,4299665.4],[4953166.6,4299475.7],[4953183.4,4299413.8],[4953168.2,4299399.9],[4953019.1,4299037.3],[4952855.7,4298994.6],[4952658.2,4299048.0],[4952384.9,4299310.9],[4952353.1,4299492.5],[4952351.5,4299823.9],[4952337.0,4300190.0],[4952269.7,4300395.9],[4952157.5,4300492.2],[4951717.1,4300399.5],[4951458.0,4300222.1],[4951283.8,4300197.0],[4951074.3,4300328.4],[4951012.2,4300413.8],[4951023.0,4300609.3],[4951090.3,4300691.1],[4951223.1,4300769.1],[4951313.4,4300760.2],[4951475.0,4300717.3],[4951590.5,4300767.6],[4951675.8,4300769.2],[4951870.8,4300902.3],[4952076.0,4301076.1],[4952215.0,4301292.4],[4952218.6,4301431.5],[4952111.5,4301680.3],[4951984.0,4301819.0],[4951683.7,4301826.3],[4951413.5,4301798.1],[4951118.7,4301790.9],[4950990.7,4301694.9],[4950888.0,4301471.0],[4950797.3,4301396.4],[4950612.6,4301418.0],[4950527.9,4301393.4],[4950555.0,4301586.7],[4950525.9,4301742.4],[4950467.3,4301868.7],[4950335.7,4301951.8],[4950361.1,4302046.8],[4950360.3,4302113.1],[4950168.2,4302311.1],[4949989.9,4302498.0],[4949839.0,4302644.0],[4949838.9,4302697.5],[4949902.4,4302848.8],[4950038.7,4303048.3],[4950257.7,4302780.4],[4950374.8,4302561.1],[4950476.9,4302468.3],[4950603.9,4302400.7],[4950808.3,4302336.8]]]}},{"type":"Feature","properties":{"Vill_name":"Dakshin Kamakhyaguri","Sub_dist":null,"District":"Alipurduar","Vill_LGD":"307166"},"geometry":{"type":"Polygon","coordinates":[[[4951912.2,4299513.6],[4951943.4,4299394.8],[4952353.1,4299492.5],[4952384.9,4299310.9],[4952658.2,4299048.0],[4952855.7,4298994.6],[4953019.1,4299037.3],[4953168.2,4299399.9],[4953183.4,4299413.8],[4953213.7,4299302.4],[4953316.4,4299184.7],[4953373.5,4299100.7],[4953416.2,4298947.7],[4953423.8,4298875.0],[4953428.2,4298777.4],[4953426.3,4298671.0],[4953410.2,4298578.3],[4953422.1,4298486.7],[4953426.6,4298289.8],[4953435.7,4298195.0],[4953418.1,4298102.7],[4953397.3,4297965.0],[4953392.7,4297959.8],[4953193.1,4297938.2],[4953004.5,4297976.5],[4952912.2,4298016.9],[4952872.2,4298077.2],[4952604.9,4298598.5],[4952525.1,4298644.2],[4952332.3,4298528.7],[4952087.9,4298341.3],[4952023.5,4298282.8],[4951518.6,4298445.0],[4951460.0,4298431.2],[4951345.8,4298310.7],[4951321.5,4298226.4],[4951328.6,4297892.5],[4951326.8,4297688.7],[4951302.6,4297611.3],[4951279.4,4297575.8],[4951183.9,4297469.9],[4950971.0,4297338.8],[4950779.8,4297285.8],[4950632.2,4297235.9],[4950283.6,4297199.3],[4950141.7,4297216.6],[4950052.4,4297275.7],[4950235.1,4297424.6],[4949813.6,4297450.5],[4949677.3,4297528.5],[4949511.6,4297850.0],[4949258.3,4297889.0],[4949082.8,4297986.6],[4948898.0,4298123.1],[4948741.9,4298112.7],[4948693.3,4298132.5],[4948654.6,4298356.5],[4948674.1,4298512.6],[4948712.7,4298619.5],[4948800.3,4298697.4],[4949005.1,4298707.2],[4949160.7,4298707.3],[4949394.8,4298619.3],[4949569.7,4298493.1],[4949901.3,4298171.7],[4950018.2,4298171.4],[4950156.7,4298200.6],[4950254.2,4298288.2],[4950347.0,4298381.0],[4950405.5,4298532.2],[4950400.2,4298653.2],[4950322.3,4298743.2],[4950324.6,4298745.3],[4950557.8,4298756.0],[4950596.5,4298696.5],[4950784.7,4298724.6],[4951043.6,4298487.1],[4951081.3,4298560.6],[4951308.3,4298752.6],[4951134.1,4298923.5],[4951130.2,4299108.4],[4951074.4,4299115.6],[4951074.5,4299196.1],[4951119.7,4299265.6],[4951088.6,4299310.7],[4951099.1,4299408.9],[4951234.7,4299499.4],[4951472.3,4299552.0],[4951594.5,4299614.8],[4951765.7,4299548.4],[4951912.2,4299513.6]]]}},{"type":"Feature","properties":{"Vill_name":"Jayanti Tea Garden","Sub_dist":null,"District":"Alipurduar","Vill_LGD":"307156"},"geometry":{"type":"Polygon","coordinates":[[[4948271.2,4326297.3],[4948343.9,4325482.6],[4948404.5,4325055.8],[4948417.3,4324767.1],[4948452.5,4324244.8],[4948461.7,4324042.4],[4948525.6,4323455.1],[4948508.0,4323453.8],[4947823.4,4323391.1],[4947368.8,4323387.6],[4947052.2,4323341.6],[4946467.3,4323320.0],[4945820.5,4323259.7],[4945364.2,4323301.8],[4944724.7,4323251.6],[4944739.3,4323418.8],[4944698.2,4323877.0],[4944648.0,4324282.8],[4944561.0,4324673.5],[4944127.6,4324648.4],[4944031.7,4325022.0],[4944056.3,4325144.5],[4944091.6,4325361.8],[4944073.7,4325468.5],[4943941.9,4325667.5],[4943941.9,4325852.6],[4943974.0,4325973.0],[4944126.9,4325980.8],[4944471.3,4325977.1],[4944635.1,4325973.1],[4944843.2,4325831.3],[4944960.4,4325834.9],[4945067.0,4325916.6],[4945348.2,4326055.8],[4945900.4,4326133.7],[4947011.0,4326233.3],[4947821.8,4326215.0],[4948271.2,4326297.3]]]}},{"type":"Feature","properties":{"Vill_name":"Jayanti Tea Garden II","Sub_dist":null,"District":"Alipurduar","Vill_LGD":"307158"},"geometry":{"type":"Polygon","coordinates":[[[4949065.5,4322708.8],[4948930.4,4323462.6],[4948529.2,4323441.5],[4948508.0,4323453.8],[4948525.6,4323455.1],[4948461.7,4324042.4],[4949844.7,4323980.6],[4950313.5,4323995.1],[4950413.2,4323881.0],[4950427.6,4323611.1],[4950505.6,4323539.7],[4950456.3,4322700.0],[4950367.2,4322529.8],[4949741.8,4322565.2],[4949343.7,4322572.3],[4949109.0,4322529.7],[4949092.8,4322527.9],[4949065.5,4322708.8]]]}},{"type":"Feature","properties":{"Vill_name":"Rahimabad Tea Garden","Sub_dist":null,"District":"Alipurduar","Vill_LGD":"307155"},"geometry":{"type":"Polygon","coordinates":[[[4948930.4,4323462.6],[4949065.5,4322708.8],[4949092.8,4322527.9],[4949193.5,4321848.1],[4947967.6,4321747.9],[4947164.7,4321705.1],[4946731.3,4321648.6],[4946112.7,4321612.7],[4945492.2,4321587.0],[4944401.3,4321536.9],[4944433.0,4321707.3],[4944355.3,4322234.0],[4944276.6,4323130.5],[4944724.7,4323251.6],[4945364.2,4323301.8],[4945820.5,4323259.7],[4946467.3,4323320.0],[4947052.2,4323341.6],[4947368.8,4323387.6],[4947823.4,4323391.1],[4948508.0,4323453.8],[4948529.2,4323441.5],[4948930.4,4323462.6]]]}},{"type":"Feature","properties":{"Vill_name":"Saudamini Tea Garden","Sub_dist":null,"District":"Alipurduar","Vill_LGD":"307109"},"geometry":{"type":"Polygon","coordinates":[[[4910903.3,4322227.4],[4910873.6,4322395.4],[4910815.4,4322483.0],[4910767.8,4322604.5],[4910657.8,4322736.3],[4910680.0,4322868.0],[4910687.3,4322992.7],[4910870.5,4323146.9],[4910936.4,4323176.1],[4910936.5,4323205.1],[4910863.0,4323241.8],[4910811.6,4323278.7],[4910870.1,4323359.1],[4910870.2,4323388.1],[4910928.6,4323461.6],[4910943.4,4323644.6],[4910928.9,4323813.3],[4911042.2,4323816.8],[4911115.4,4323846.4],[4911100.7,4324051.0],[4910998.0,4324051.0],[4910954.0,4324087.7],[4910895.9,4324051.0],[4910785.7,4324073.2],[4910873.8,4324131.5],[4910969.5,4324227.0],[4911071.6,4324227.0],[4911115.3,4324351.9],[4911100.6,4324483.8],[4911042.2,4324615.1],[4910917.7,4324732.9],[4910837.5,4324776.7],[4910793.3,4324805.6],[4910800.7,4325091.8],[4910848.1,4325293.1],[4910833.8,4325447.1],[4910833.7,4325571.9],[4910760.2,4325630.3],[4910679.9,4325644.6],[4910482.2,4325659.2],[4910387.0,4325666.9],[4910350.5,4325784.0],[4910277.0,4325849.8],[4910269.7,4325879.4],[4910291.7,4325923.2],[4910240.6,4325974.3],[4910247.5,4326055.2],[4910258.9,4326166.8],[4910353.6,4326118.7],[4910442.5,4326086.6],[4910512.0,4326021.2],[4910590.6,4325979.8],[4910729.1,4326084.2],[4910802.2,4326106.3],[4910853.3,4326033.2],[4910940.8,4325931.2],[4910991.9,4325931.2],[4911006.0,4326004.1],[4911086.8,4326011.4],[4911385.8,4325931.5],[4911735.9,4325945.8],[4911830.7,4325945.9],[4911903.8,4325887.0],[4911896.0,4325843.9],[4911859.7,4325792.5],[4911831.0,4325756.3],[4911830.9,4325675.7],[4911816.4,4325486.4],[4911932.8,4325435.0],[4911892.9,4325294.0],[4911910.9,4325184.9],[4911977.0,4325129.6],[4912006.3,4325071.0],[4912020.6,4325008.9],[4912031.7,4324950.4],[4911993.3,4324819.9],[4911975.4,4324640.2],[4912000.9,4324640.0],[4911891.7,4324387.6],[4911836.9,4324117.3],[4911793.3,4323970.8],[4911813.4,4323889.2],[4911787.6,4323874.7],[4911728.8,4323870.9],[4911681.3,4323838.2],[4911637.6,4323662.2],[4911776.9,4323483.1],[4911963.3,4323304.4],[4912150.5,4323128.7],[4912113.8,4322953.5],[4912095.6,4322851.0],[4912095.6,4322789.1],[4912128.6,4322767.1],[4912157.9,4322760.1],[4912186.7,4322723.7],[4912175.9,4322701.6],[4912139.4,4322694.4],[4912073.9,4322646.6],[4911971.7,4322606.8],[4911811.4,4322599.6],[4911814.6,4322522.6],[4911854.8,4322093.7],[4911891.2,4321776.2],[4911935.1,4321270.8],[4911938.7,4321124.1],[4911917.0,4320961.5],[4911983.0,4320866.8],[4911916.9,4320800.8],[4911843.9,4320786.0],[4911748.6,4320786.3],[4911660.9,4320852.4],[4911631.1,4320910.9],[4911653.5,4320976.8],[4911565.7,4320983.9],[4911506.8,4320983.5],[4911492.5,4321035.4],[4911507.0,4321123.0],[4911492.1,4321166.5],[4911433.7,4321196.2],[4911346.0,4321232.7],[4911360.6,4321408.8],[4911207.0,4321415.7],[4911172.5,4321480.8],[4911157.6,4321565.1],[4911114.0,4321634.7],[4911042.2,4321677.5],[4911130.1,4321707.2],[4911211.0,4321721.9],[4911262.1,4321772.5],[4911247.3,4321875.4],[4911218.5,4321934.0],[4911174.4,4321992.8],[4911100.9,4322051.2],[4911042.3,4322022.3],[4910991.2,4322073.4],[4910991.1,4322168.7],[4910903.3,4322227.4]]]}},{"type":"Feature","properties":{"Vill_name":"Kalchini Tea Garden","Sub_dist":null,"District":"Alipurduar","Vill_LGD":"307138"},"geometry":{"type":"Polygon","coordinates":[[[4927124.5,4322776.8],[4926339.5,4322747.6],[4925715.8,4322725.6],[4925202.3,4322718.2],[4924601.1,4322666.8],[4923952.0,4322670.1],[4923886.1,4322611.9],[4923783.1,4322597.2],[4923695.1,4322670.6],[4923636.2,4322751.3],[4923379.4,4322729.1],[4923365.0,4322773.2],[4923034.8,4322765.7],[4922440.4,4322685.2],[4921644.2,4322623.0],[4921268.7,4322565.2],[4921031.0,4322553.8],[4920657.7,4322532.5],[4920071.0,4322526.0],[4919877.8,4322540.3],[4919708.9,4322528.3],[4919737.2,4322265.8],[4919757.0,4321749.0],[4919756.8,4321466.1],[4919742.5,4321417.8],[4919420.7,4321407.7],[4919001.2,4321398.4],[4918835.4,4321402.8],[4918728.5,4321471.3],[4918581.8,4321559.1],[4918445.3,4321661.1],[4918205.3,4321891.8],[4918117.1,4321979.4],[4918080.9,4322018.5],[4918076.4,4322060.0],[4918093.5,4322165.0],[4918161.1,4322444.8],[4918200.2,4322613.2],[4918280.9,4322887.2],[4918383.4,4323199.1],[4918498.0,4323379.5],[4918742.3,4323713.9],[4918866.5,4323869.7],[4919039.9,4324075.0],[4919129.8,4324218.8],[4919149.3,4324252.7],[4919149.2,4324274.8],[4919137.2,4324301.2],[4919073.9,4324401.3],[4918993.2,4324516.3],[4918939.2,4324628.2],[4918927.1,4324748.0],[4918922.2,4324820.9],[4918846.9,4324842.9],[4918852.0,4324901.1],[4918856.6,4324948.0],[4919290.8,4324939.3],[4919679.2,4324983.4],[4920112.3,4324997.8],[4920574.6,4325027.3],[4921014.3,4325034.6],[4921575.3,4325096.8],[4922015.3,4325118.9],[4922323.3,4325118.9],[4922698.1,4325140.8],[4923053.5,4325166.1],[4923574.2,4325217.6],[4923984.7,4325239.7],[4924336.7,4325254.6],[4925176.9,4325322.8],[4925829.6,4325325.0],[4926460.4,4325353.8],[4926673.6,4324921.4],[4926834.4,4324547.4],[4927047.4,4323946.1],[4927215.8,4323476.2],[4927366.2,4323063.4],[4927124.5,4322776.8]]]}},{"type":"Feature","properties":{"Vill_name":"Atiabari Tea Garden","Sub_dist":null,"District":"Alipurduar","Vill_LGD":"307142"},"geometry":{"type":"Polygon","coordinates":[[[4923006.6,4317819.0],[4922811.9,4317976.6],[4922635.5,4318120.0],[4922499.9,4318233.8],[4922429.9,4318281.0],[4922290.6,4318307.3],[4922348.0,4318534.0],[4923123.9,4318568.7],[4923601.6,4318583.3],[4923990.3,4318590.6],[4924357.3,4318608.7],[4925313.3,4318615.2],[4925739.1,4318648.3],[4926394.0,4318676.3],[4926552.9,4318680.9],[4926801.6,4318687.5],[4927368.7,4318670.9],[4927768.4,4318664.0],[4927850.1,4318361.9],[4927927.0,4318027.7],[4927971.1,4317774.9],[4927986.0,4317503.0],[4927973.0,4317160.5],[4927547.4,4317123.4],[4927106.9,4317112.1],[4926626.1,4317101.4],[4925959.5,4317092.5],[4925390.4,4317099.7],[4924474.4,4317087.2],[4924320.5,4317090.6],[4924256.5,4317074.3],[4924061.7,4317008.5],[4923790.0,4317225.3],[4923525.4,4317416.5],[4923237.4,4317648.5],[4923234.7,4317658.6],[4923224.7,4317690.3],[4923219.6,4317702.3],[4923212.2,4317713.8],[4923202.8,4317724.8],[4923191.8,4317735.4],[4923179.5,4317745.5],[4923166.3,4317755.2],[4923152.5,4317764.5],[4923138.5,4317773.4],[4923111.1,4317790.1],[4923098.4,4317796.8],[4923086.6,4317801.2],[4923075.6,4317803.7],[4923065.3,4317804.4],[4923055.9,4317803.9],[4923047.3,4317802.4],[4923039.5,4317800.1],[4923034.8,4317798.4],[4923006.6,4317819.0]]]}},{"type":"Feature","properties":{"Vill_name":"Dalmoney Tea Garden","Sub_dist":null,"District":"Alipurduar","Vill_LGD":"307344"},"geometry":{"type":"Polygon","coordinates":[[[4888576.4,4319557.4],[4888713.4,4319559.1],[4888715.3,4319560.0],[4888756.9,4319502.2],[4888813.6,4319365.4],[4888867.4,4319208.3],[4888924.2,4319141.3],[4889160.9,4319111.4],[4889361.7,4319125.0],[4889452.3,4319141.2],[4889508.8,4319141.5],[4889562.1,4319115.0],[4889585.8,4319031.2],[4889606.2,4318903.9],[4889632.7,4318813.8],[4889662.9,4318717.0],[4889683.3,4318639.9],[4889669.6,4318536.5],[4889635.9,4318419.5],[4889636.3,4318359.5],[4889679.5,4318279.6],[4889779.8,4318115.4],[4889776.6,4318058.8],[4889706.2,4318001.8],[4889609.3,4317961.8],[4889488.9,4317952.0],[4889449.0,4317904.9],[4889432.3,4317831.4],[4889432.3,4317761.1],[4889465.5,4317724.4],[4889312.1,4317605.5],[4889318.9,4317494.8],[4889329.0,4317447.6],[4889368.7,4317379.3],[4889434.2,4317262.6],[4889509.5,4317179.2],[4889585.5,4317120.0],[4889601.0,4317033.8],[4889627.1,4316990.8],[4889651.1,4316910.5],[4889670.3,4316787.6],[4889676.9,4316722.0],[4889688.0,4316665.1],[4889690.4,4316605.3],[4889634.1,4316590.3],[4889523.1,4316559.9],[4889380.4,4316513.2],[4889314.8,4316499.2],[4889130.9,4316430.5],[4888981.9,4316381.0],[4888910.1,4316373.6],[4888923.9,4316444.0],[4888898.1,4316459.5],[4888898.3,4316648.7],[4888953.2,4316652.3],[4888972.0,4316679.7],[4888998.1,4316861.8],[4889001.8,4316906.7],[4889015.7,4316965.3],[4888979.3,4317006.8],[4888891.5,4317086.6],[4888869.4,4317156.8],[4888834.7,4317305.4],[4888727.6,4317417.2],[4888717.4,4317466.3],[4888736.1,4317628.4],[4888750.2,4317775.0],[4888748.7,4317929.2],[4888677.6,4318016.6],[4888720.6,4318062.4],[4888805.3,4318139.7],[4888877.5,4318212.5],[4888856.5,4318292.0],[4888767.0,4318374.2],[4888704.9,4318419.3],[4888595.2,4318474.5],[4888564.2,4318526.5],[4888591.6,4318578.0],[4888650.4,4318674.2],[4888495.0,4318757.6],[4888336.9,4318797.1],[4888244.4,4318800.5],[4888188.5,4318879.9],[4888131.2,4318927.2],[4888127.5,4318963.4],[4887981.9,4318956.4],[4887947.0,4319079.0],[4887856.0,4319172.9],[4887871.6,4319196.7],[4887910.6,4319212.8],[4887981.1,4319258.0],[4888013.8,4319335.2],[4887954.9,4319445.4],[4887855.9,4319522.2],[4887817.6,4319552.8],[4887824.7,4319587.5],[4887846.9,4319626.9],[4888085.7,4319606.5],[4888248.8,4319585.3],[4888422.2,4319575.5],[4888463.2,4319571.1],[4888576.4,4319557.4]]]}},{"type":"Feature","properties":{"Vill_name":"Sanu","Sub_dist":null,"District":"Alipurduar","Vill_LGD":"307345N196"},"geometry":{"type":"Polygon","coordinates":[[[4890746.6,4315173.3],[4890572.5,4315068.4],[4890423.4,4315101.2],[4890436.2,4315245.6],[4890544.7,4315326.9],[4890695.7,4315314.1],[4890746.6,4315173.3]]]}},{"type":"Feature","properties":{"Vill_name":"Bhutri","Sub_dist":null,"District":"Alipurduar","Vill_LGD":"307132N131"},"geometry":{"type":"Polygon","coordinates":[[[4919156.2,4330451.7],[4918657.1,4330243.3],[4918069.0,4330386.0],[4918181.8,4331083.5],[4918984.6,4331447.5],[4919602.7,4331376.7],[4919482.5,4330593.5],[4919156.2,4330451.7]]]}},{"type":"Feature","properties":{"Vill_name":"Pana","Sub_dist":null,"District":"Alipurduar","Vill_LGD":"307132N130"},"geometry":{"type":"Polygon","coordinates":[[[4921709.6,4334305.5],[4921329.2,4333811.8],[4921027.0,4333473.0],[4920643.2,4333202.0],[4919856.6,4333437.2],[4919783.3,4334410.2],[4919830.0,4334540.6],[4919930.3,4334504.9],[4920586.1,4334424.3],[4921213.1,4334347.7],[4921388.5,4334318.2],[4921703.9,4334316.6],[4921709.6,4334305.5]]]}},{"type":"Feature","properties":{"Vill_name":"Raimatang","Sub_dist":null,"District":"Alipurduar","Vill_LGD":"307144N145"},"geometry":{"type":"Polygon","coordinates":[[[4922752.7,4334275.4],[4922694.2,4334627.3],[4922591.7,4334869.5],[4922352.6,4335060.9],[4922180.5,4334991.8],[4922388.2,4335767.7],[4922677.8,4335486.7],[4922874.0,4335309.3],[4922884.8,4334651.7],[4922752.7,4334275.4]]]}},{"type":"Feature","properties":{"Vill_name":"Adma Panbari","Sub_dist":null,"District":"Alipurduar","Vill_LGD":"307145N166"},"geometry":{"type":"Polygon","coordinates":[[[4924750.8,4335583.7],[4924592.5,4334634.2],[4924099.5,4333835.7],[4923723.9,4333340.8],[4923416.3,4333414.5],[4923108.1,4333583.0],[4922870.3,4333850.2],[4922752.7,4334275.4],[4922884.8,4334651.7],[4922874.0,4335309.3],[4922677.8,4335486.7],[4922388.2,4335767.7],[4922501.7,4336192.1],[4922613.2,4336078.1],[4922676.4,4336011.1],[4922754.2,4335922.9],[4923006.7,4335844.2],[4923135.4,4335791.0],[4923322.0,4335717.7],[4923405.9,4335686.4],[4923514.8,4335642.8],[4923605.7,4335611.0],[4923901.4,4335618.0],[4924076.1,4335640.5],[4924184.2,4335664.4],[4924236.2,4335670.1],[4924750.8,4335583.7]]]}},{"type":"Feature","properties":{"Vill_name":"Tashi Gaon","Sub_dist":null,"District":"Alipurduar","Vill_LGD":"307145N163"},"geometry":{"type":"Polygon","coordinates":[[[4936043.1,4335177.4],[4935889.1,4334379.7],[4934678.0,4334033.2],[4933805.7,4334159.5],[4933927.7,4334909.9],[4934069.8,4335264.4],[4934272.9,4335603.2],[4934330.0,4335591.6],[4934393.5,4335563.4],[4934428.0,4335558.0],[4934504.3,4335551.7],[4934544.7,4335536.2],[4934615.2,4335502.0],[4934664.5,4335471.5],[4934700.9,4335466.3],[4934783.4,4335456.4],[4934816.3,4335453.5],[4934848.6,4335441.4],[4934915.7,4335399.1],[4934985.0,4335345.1],[4935040.5,4335319.0],[4935075.1,4335294.0],[4935117.8,4335247.0],[4935171.7,4335223.6],[4935204.5,4335222.1],[4935297.8,4335251.5],[4935401.2,4335272.7],[4935458.5,4335278.0],[4935560.7,4335293.3],[4935671.7,4335297.3],[4935797.5,4335288.7],[4935923.8,4335230.2],[4936043.1,4335177.4]]]}},{"type":"Feature","properties":{"Vill_name":"Santra Bari","Sub_dist":null,"District":"Alipurduar","Vill_LGD":"307145N159"},"geometry":{"type":"Polygon","coordinates":[[[4934120.9,4327102.8],[4934004.2,4327088.3],[4933827.9,4327015.1],[4933659.4,4327037.0],[4933519.8,4327110.4],[4933417.4,4327249.4],[4933300.4,4327477.1],[4933260.4,4327876.7],[4933393.6,4328479.9],[4933895.4,4328458.8],[4934226.2,4328300.0],[4934292.3,4327969.3],[4934160.0,4327823.8],[4934120.3,4327347.5],[4934120.9,4327102.8]]]}},{"type":"Feature","properties":{"Vill_name":"Seugaon","Sub_dist":null,"District":"Alipurduar","Vill_LGD":"307145N164"},"geometry":{"type":"Polygon","coordinates":[[[4932299.1,4335384.8],[4931554.2,4334526.0],[4930383.7,4334622.5],[4930354.2,4334663.4],[4929826.0,4334693.3],[4929524.7,4334937.5],[4929524.3,4335333.2],[4930138.8,4335530.4],[4931149.1,4335641.5],[4932299.1,4335384.8]]]}},{"type":"Feature","properties":{"Vill_name":"Lepchakha Buxa Duar","Sub_dist":null,"District":"Alipurduar","Vill_LGD":"307145N156"},"geometry":{"type":"Polygon","coordinates":[[[4936792.9,4332718.6],[4936337.4,4332217.5],[4935744.0,4332350.4],[4935412.4,4332571.4],[4935399.6,4332943.1],[4935591.0,4333001.2],[4935896.7,4333162.1],[4936309.2,4333267.5],[4936780.0,4333090.2],[4936792.9,4332718.6]]]}},{"type":"Feature","properties":{"Vill_name":"Nil Para","Sub_dist":null,"District":"Alipurduar","Vill_LGD":"307106N127"},"geometry":{"type":"Polygon","coordinates":[[[4912933.2,4339751.3],[4912425.4,4339531.5],[4912183.3,4339604.1],[4912197.8,4339757.0],[4912335.9,4340152.7],[4912453.9,4340551.9],[4912536.5,4340592.8],[4912769.7,4340703.5],[4912871.6,4340753.5],[4912980.3,4340809.5],[4913011.3,4340823.2],[4913071.8,4340852.8],[4913136.5,4340884.0],[4913133.5,4340873.0],[4913081.0,4340603.2],[4913097.2,4340592.6],[4913108.0,4340500.3],[4913049.3,4340463.1],[4913023.6,4340241.3],[4912982.5,4339938.6],[4912933.2,4339751.3]]]}},{"type":"Feature","properties":{"Vill_name":"Lehra","Sub_dist":null,"District":"Alipurduar","Vill_LGD":"307345N197"},"geometry":{"type":"Polygon","coordinates":[[[4891453.2,4315354.2],[4891447.4,4315073.9],[4891248.5,4315117.6],[4891242.1,4315327.5],[4891363.8,4315418.2],[4891453.2,4315354.2]]]}},{"type":"Feature","properties":{"Vill_name":"Dalgaon","Sub_dist":null,"District":"Alipurduar","Vill_LGD":"307345N198"},"geometry":{"type":"Polygon","coordinates":[[[4891928.9,4317405.9],[4891332.8,4317546.3],[4891298.3,4317823.9],[4891375.3,4318279.2],[4891487.0,4318299.3],[4891611.8,4318319.1],[4891722.3,4318331.8],[4891805.9,4318298.5],[4891922.4,4318225.0],[4892046.0,4318168.5],[4892119.5,4318121.5],[4892163.2,4318061.2],[4892169.5,4318011.4],[4892133.2,4317907.9],[4892079.5,4317831.1],[4892056.2,4317783.8],[4892086.1,4317744.0],[4892006.0,4317682.2],[4891999.1,4317530.0],[4891971.8,4317443.7],[4891928.9,4317405.9]]]}},{"type":"Feature","properties":{"Vill_name":"Dumchi Rava","Sub_dist":null,"District":"Alipurduar","Vill_LGD":"307082N124"},"geometry":{"type":"Polygon","coordinates":[[[4899944.2,4323447.8],[4899746.3,4323744.8],[4899628.4,4324122.1],[4899678.0,4324857.4],[4899974.1,4325260.7],[4900185.2,4325471.2],[4900240.0,4325512.3],[4900279.9,4325455.4],[4900540.7,4325087.6],[4900699.4,4324862.9],[4900740.3,4324768.5],[4900665.6,4324635.3],[4900554.0,4324586.2],[4900360.3,4324394.1],[4900242.6,4324217.5],[4900252.5,4324124.1],[4900325.5,4323963.5],[4900302.7,4323844.5],[4900217.2,4323743.2],[4900228.5,4323701.5],[4900152.1,4323564.2],[4900033.7,4323513.3],[4899976.6,4323474.2],[4899944.2,4323447.8]]]}},{"type":"Feature","properties":{"Vill_name":"Dumchi","Sub_dist":null,"District":"Alipurduar","Vill_LGD":"307082N123"},"geometry":{"type":"Polygon","coordinates":[[[4898551.2,4322533.6],[4898496.5,4322614.5],[4898474.1,4322671.4],[4898439.6,4322765.1],[4898399.8,4322775.4],[4898285.8,4322837.7],[4898180.0,4322933.4],[4898118.8,4323029.7],[4898079.9,4323176.2],[4898059.1,4323192.1],[4898246.8,4323399.4],[4898382.8,4323448.9],[4898744.3,4323239.4],[4898866.5,4323057.6],[4898887.0,4322808.1],[4898769.0,4322599.9],[4898551.2,4322533.6]]]}},{"type":"Feature","properties":{"Vill_name":"Titi","Sub_dist":null,"District":"Alipurduar","Vill_LGD":"307086N125"},"geometry":{"type":"Polygon","coordinates":[[[4906995.3,4333171.2],[4906897.6,4333163.5],[4906872.8,4333024.7],[4906828.3,4332702.3],[4906742.8,4332171.0],[4906730.1,4331994.5],[4906723.2,4331770.2],[4906651.8,4331649.3],[4906513.3,4331485.0],[4906420.3,4331385.2],[4906249.7,4331447.7],[4906031.4,4332134.4],[4906116.3,4332610.6],[4906820.8,4333235.7],[4906992.5,4333174.7],[4906995.3,4333171.2]]]}},{"type":"Feature","properties":{"Vill_name":"Balla Guri","Sub_dist":null,"District":"Alipurduar","Vill_LGD":"307086N126"},"geometry":{"type":"Polygon","coordinates":[[[4908271.7,4333880.5],[4908188.5,4333782.0],[4908000.2,4333529.3],[4907636.8,4333126.7],[4907406.9,4333146.2],[4907254.4,4333161.5],[4907114.5,4333685.2],[4907403.3,4333919.5],[4908057.7,4333977.2],[4908271.7,4333880.5]]]}},{"type":"Feature","properties":{"Vill_name":"Patkapara Tea Garden","Sub_dist":null,"District":"Alipurduar","Vill_LGD":"307245"},"geometry":{"type":"Polygon","coordinates":[[[4922844.0,4308121.2],[4922838.0,4307524.0],[4922564.2,4307484.9],[4922447.8,4307744.2],[4922421.4,4307977.0],[4922442.9,4308142.6],[4922564.2,4308093.4],[4922717.7,4308098.7],[4922844.0,4308121.2]]]}},{"type":"Feature","properties":{"Vill_name":"Raichenga","Sub_dist":null,"District":"Alipurduar","Vill_LGD":"307397"},"geometry":{"type":"Polygon","coordinates":[[[4903239.7,4301975.2],[4903567.5,4302269.2],[4903673.1,4302459.7],[4903601.4,4302758.7],[4903513.2,4302948.9],[4903626.8,4302922.7],[4903651.0,4302981.8],[4903749.5,4302986.1],[4903820.6,4302968.4],[4903827.5,4302916.7],[4903889.8,4302909.3],[4903910.3,4302880.4],[4904028.2,4302869.8],[4904194.6,4302872.5],[4904204.9,4302913.7],[4904178.8,4302936.5],[4904171.9,4302976.5],[4904216.8,4303014.5],[4904224.0,4303048.7],[4904272.6,4303078.6],[4904362.5,4303080.0],[4904371.7,4303112.8],[4904381.3,4303168.3],[4904381.8,4303269.5],[4904529.1,4303271.2],[4904567.2,4303327.1],[4904570.5,4303359.6],[4904591.5,4303383.7],[4904626.9,4303383.0],[4904693.0,4303509.5],[4904803.3,4303502.5],[4905163.5,4303419.6],[4905149.3,4303326.1],[4905046.0,4303166.4],[4904962.5,4303052.4],[4904921.0,4302965.9],[4905087.4,4302969.5],[4905166.8,4302993.4],[4905305.4,4303052.7],[4905399.2,4303083.7],[4905523.3,4303076.4],[4905603.0,4303064.5],[4905769.5,4303053.9],[4905918.1,4303109.7],[4906132.8,4303161.2],[4906420.1,4303161.3],[4906590.4,4303195.1],[4906641.3,4302799.7],[4906074.3,4302783.7],[4906074.6,4302930.0],[4905481.3,4302949.6],[4905383.2,4302568.2],[4905329.5,4302450.1],[4905300.4,4302360.8],[4905313.6,4302280.9],[4905261.4,4302252.8],[4905125.0,4302239.4],[4904908.3,4302220.1],[4904902.1,4302166.3],[4904761.6,4302176.7],[4904756.5,4302119.0],[4904619.8,4302090.8],[4904614.8,4302052.7],[4904461.0,4302042.4],[4904442.2,4301975.2],[4904417.7,4301922.9],[4904299.8,4301911.8],[4904058.1,4301903.6],[4903865.5,4301884.5],[4903830.9,4301877.4],[4903800.2,4301831.3],[4903728.9,4301812.6],[4903708.5,4301777.7],[4903694.6,4301729.4],[4903686.1,4301691.2],[4903645.9,4301577.7],[4903631.9,4301553.5],[4903510.9,4301434.2],[4903426.6,4301399.2],[4903404.2,4301364.7],[4903359.2,4301319.8],[4903324.6,4301304.4],[4903270.3,4301258.0],[4903222.2,4301289.1],[4903220.5,4301314.1],[4903142.3,4301336.4],[4903101.0,4301378.1],[4902950.5,4301462.7],[4902983.4,4301555.2],[4903030.0,4301617.8],[4903055.8,4301631.8],[4903120.2,4301693.9],[4903175.2,4301804.1],[4903239.3,4301911.3],[4903239.7,4301975.2]]]}},{"type":"Feature","properties":{"Vill_name":"Gangutia Tea Garden","Sub_dist":null,"District":"Alipurduar","Vill_LGD":"307139"},"geometry":{"type":"Polygon","coordinates":[[[4925500.7,4320789.9],[4925489.8,4320810.4],[4925120.7,4321191.8],[4923873.4,4322043.4],[4923004.3,4322761.5],[4923034.8,4322765.7],[4923365.0,4322773.2],[4923379.4,4322729.1],[4923636.2,4322751.3],[4923695.1,4322670.6],[4923783.1,4322597.2],[4923886.1,4322611.9],[4923952.0,4322670.1],[4924601.1,4322666.8],[4925202.3,4322718.2],[4925715.8,4322725.6],[4926339.5,4322747.6],[4927124.5,4322776.8],[4927095.0,4322550.9],[4927028.9,4322352.2],[4927028.8,4322088.5],[4927022.1,4321662.3],[4927168.3,4321111.8],[4927262.1,4320794.1],[4926899.0,4320797.3],[4926568.5,4320805.1],[4926220.0,4320801.2],[4925858.6,4320778.0],[4925500.7,4320789.9]]]}},{"type":"Feature","properties":{"Vill_name":"Dalbadal","Sub_dist":null,"District":"Alipurduar","Vill_LGD":"307122N128"},"geometry":{"type":"Polygon","coordinates":[[[4916382.3,4324753.2],[4916404.4,4324866.8],[4916462.7,4324962.0],[4916548.8,4325070.2],[4916567.5,4325102.5],[4916596.4,4325205.1],[4916592.8,4325260.5],[4916559.9,4325351.7],[4916770.3,4325480.1],[4917630.6,4324961.9],[4917426.2,4324638.1],[4917013.3,4324270.3],[4916435.1,4324609.0],[4916382.3,4324753.2]]]}},{"type":"Feature","properties":{"Vill_name":"Godam Bari","Sub_dist":null,"District":"Alipurduar","Vill_LGD":"307122N129"},"geometry":{"type":"Polygon","coordinates":[[[4917074.8,4321500.0],[4917068.7,4321521.9],[4917033.6,4321629.3],[4916971.4,4321788.4],[4916953.0,4321876.0],[4916963.7,4321959.5],[4917019.0,4322065.8],[4917051.2,4322164.1],[4917067.7,4322196.3],[4917928.2,4322146.5],[4918120.6,4321652.6],[4917540.1,4321516.2],[4917342.2,4321486.4],[4917074.8,4321500.0]]]}},{"type":"Feature","properties":{"Vill_name":"Uttar Chakirbas","Sub_dist":null,"District":"Alipurduar","Vill_LGD":"307322"},"geometry":{"type":"Polygon","coordinates":[[[4949281.3,4310763.5],[4949125.1,4310734.9],[4949029.8,4310798.4],[4948998.1,4310925.4],[4949042.4,4311046.7],[4949198.4,4310885.7],[4949281.3,4310763.5]]]}},{"type":"Feature","properties":{"Vill_name":"Chechakhata (CT)","Sub_dist":null,"District":"Alipurduar","Vill_LGD":"307255"},"geometry":{"type":"Polygon","coordinates":[[[4931619.8,4304748.7],[4931558.2,4304858.6],[4931563.4,4304943.7],[4931583.3,4305168.4],[4931610.4,4305456.3],[4931643.1,4305741.0],[4931685.3,4305959.4],[4931728.7,4306202.8],[4931734.1,4306397.2],[4931768.4,4306557.4],[4931990.8,4306606.8],[4931990.5,4306767.3],[4932226.5,4306834.6],[4932226.7,4307095.9],[4932391.0,4307243.3],[4932455.6,4307330.8],[4932540.9,4307344.3],[4932662.8,4307290.2],[4932705.9,4307263.8],[4932762.6,4307176.1],[4932741.5,4307022.4],[4932938.0,4306898.7],[4933054.7,4306831.1],[4933137.4,4306805.1],[4933187.8,4306758.4],[4933148.7,4306509.0],[4933084.9,4306385.2],[4932934.7,4306331.8],[4932948.7,4306224.4],[4933056.0,4306117.1],[4933102.9,4305989.7],[4933074.2,4305942.6],[4933024.2,4305714.8],[4932916.5,4305614.4],[4932931.0,4305487.4],[4932873.8,4305440.4],[4932305.6,4305030.1],[4932270.0,4304728.8],[4931962.5,4304728.8],[4931619.8,4304748.7]]]}},{"type":"Feature","properties":{"Vill_name":"Bholar Dabri (CT)","Sub_dist":null,"District":"Alipurduar","Vill_LGD":"307257"},"geometry":{"type":"Polygon","coordinates":[[[4933853.3,4304984.5],[4933786.7,4304859.0],[4933872.4,4304771.8],[4933786.7,4304704.8],[4933793.9,4304584.3],[4933858.4,4304570.7],[4933872.1,4304450.1],[4933936.7,4304443.4],[4934015.3,4304484.0],[4934043.6,4304570.8],[4934101.0,4304570.6],[4934086.8,4304436.8],[4934151.0,4304409.9],[4934208.5,4304409.7],[4934286.9,4304443.5],[4934329.5,4304342.8],[4934229.8,4304302.7],[4934251.2,4304195.2],[4934301.2,4304155.4],[4934329.6,4304115.0],[4934344.3,4304054.8],[4934322.6,4303913.8],[4934294.2,4303800.0],[4934122.2,4303779.9],[4934108.0,4303719.3],[4934165.0,4303645.9],[4934151.2,4303565.2],[4934086.8,4303524.8],[4933948.8,4303524.7],[4933921.1,4303577.4],[4933922.1,4303581.2],[4933923.8,4303584.9],[4933927.7,4303589.7],[4933932.8,4303594.2],[4933940.1,4303598.1],[4933943.2,4303602.0],[4933945.5,4303607.3],[4933949.6,4303611.5],[4933955.2,4303615.2],[4933963.1,4303617.3],[4933975.9,4303621.6],[4933981.0,4303622.8],[4933986.2,4303623.2],[4933990.6,4303622.8],[4933995.8,4303617.6],[4933998.9,4303617.9],[4934002.3,4303621.3],[4934005.4,4303625.1],[4934008.1,4303630.0],[4934011.3,4303634.1],[4934013.5,4303638.7],[4934014.2,4303642.1],[4934012.2,4303646.7],[4934011.2,4303653.2],[4934011.3,4303657.8],[4934014.8,4303669.1],[4934015.7,4303679.0],[4934015.8,4303692.8],[4934015.1,4303697.6],[4934010.8,4303700.6],[4934006.2,4303700.9],[4933956.6,4303700.3],[4933916.5,4303701.2],[4933885.0,4303701.4],[4933853.0,4303702.5],[4933829.1,4303701.8],[4933798.8,4303703.0],[4933765.8,4303703.2],[4933740.6,4303704.1],[4933717.5,4303704.7],[4933704.3,4303704.7],[4933698.9,4303705.0],[4933697.0,4303702.4],[4933694.9,4303698.5],[4933691.1,4303689.8],[4933687.7,4303676.3],[4933685.8,4303665.6],[4933685.4,4303659.0],[4933685.6,4303654.6],[4933687.3,4303650.8],[4933690.9,4303646.0],[4933693.0,4303642.1],[4933694.4,4303638.9],[4933694.6,4303635.3],[4933693.8,4303632.7],[4933692.5,4303631.2],[4933688.6,4303629.8],[4933684.7,4303626.8],[4933681.7,4303623.2],[4933680.0,4303616.9],[4933677.5,4303601.7],[4933675.3,4303577.9],[4933671.7,4303555.2],[4933668.9,4303540.3],[4933666.4,4303520.8],[4933664.0,4303510.2],[4933658.3,4303509.2],[4933647.4,4303506.6],[4933635.1,4303503.2],[4933616.4,4303499.7],[4933580.5,4303490.3],[4933566.1,4303487.0],[4933509.2,4303476.0],[4933492.2,4303471.9],[4933463.3,4303465.8],[4933438.2,4303458.4],[4933377.9,4303444.5],[4933362.1,4303439.9],[4933326.8,4303430.8],[4933295.7,4303424.1],[4933276.0,4303419.6],[4933258.2,4303415.0],[4933249.2,4303413.2],[4933243.0,4303448.5],[4933234.6,4303471.0],[4933218.0,4303487.4],[4933195.7,4303500.0],[4933175.9,4303514.1],[4933164.8,4303533.9],[4933156.6,4303555.7],[4933149.7,4303578.5],[4933143.9,4303602.1],[4933139.1,4303626.1],[4933135.0,4303650.3],[4933131.5,4303674.5],[4933128.4,4303698.5],[4933125.7,4303722.4],[4933123.6,4303746.4],[4933120.5,4303794.6],[4933115.9,4303915.9],[4933113.6,4303964.2],[4933105.1,4304084.9],[4933102.1,4304133.5],[4933100.3,4304182.2],[4933100.0,4304206.7],[4933100.1,4304231.2],[4933101.4,4304280.5],[4933102.5,4304305.3],[4933105.4,4304354.9],[4933109.3,4304404.7],[4933113.9,4304454.6],[4933116.5,4304479.5],[4933119.6,4304504.5],[4933124.2,4304529.3],[4933135.6,4304579.0],[4933141.0,4304604.0],[4933149.5,4304654.1],[4933164.8,4304754.8],[4933173.6,4304861.5],[4933217.0,4304930.9],[4933295.6,4304836.9],[4933410.3,4304863.1],[4933438.8,4304903.7],[4933538.8,4304857.0],[4933560.0,4304997.9],[4933688.6,4304957.4],[4933774.8,4304984.2],[4933853.3,4304984.5]]]}},{"type":"Feature","properties":{"Vill_name":"New Lands","Sub_dist":null,"District":"Alipurduar","Vill_LGD":"307181N177"},"geometry":{"type":"Polygon","coordinates":[[[4955838.8,4324344.7],[4955347.4,4324313.2],[4955321.7,4324316.3],[4955225.8,4324319.1],[4954956.2,4324071.5],[4954697.5,4324285.1],[4954472.9,4324465.0],[4954371.9,4324544.1],[4954270.7,4324532.9],[4954237.8,4324565.8],[4954494.8,4324996.8],[4954996.0,4325166.9],[4956046.3,4325315.1],[4956192.5,4324892.6],[4955922.8,4324663.9],[4955838.8,4324344.7]]]}},{"type":"Feature","properties":{"Vill_name":"Kumargram","Sub_dist":null,"District":"Alipurduar","Vill_LGD":"307181N179"},"geometry":{"type":"Polygon","coordinates":[[[4960958.7,4327516.5],[4960782.4,4326748.7],[4959777.2,4326523.7],[4958975.7,4326585.2],[4959075.8,4327198.2],[4958955.4,4327789.5],[4958988.5,4327786.2],[4959232.0,4327749.0],[4959391.2,4327731.6],[4960712.9,4327553.2],[4960958.7,4327516.5]]]}},{"type":"Feature","properties":{"Vill_name":"Sankosh","Sub_dist":null,"District":"Alipurduar","Vill_LGD":"307181N178"},"geometry":{"type":"Polygon","coordinates":[[[4963625.5,4325936.9],[4963281.6,4325758.7],[4962380.7,4325763.2],[4961934.7,4326282.9],[4961828.4,4326590.2],[4962034.5,4327356.2],[4962654.3,4327263.6],[4962718.8,4327167.3],[4962731.5,4327174.9],[4962743.3,4327192.5],[4962744.5,4327188.3],[4962804.8,4327031.1],[4963259.3,4326402.7],[4963625.5,4325936.9]]]}},{"type":"Feature","properties":{"Vill_name":"Lapra Guri","Sub_dist":null,"District":"Alipurduar","Vill_LGD":"307196N183"},"geometry":{"type":"Polygon","coordinates":[[[4962203.7,4306206.6],[4961342.8,4305795.8],[4961144.0,4306299.3],[4961101.5,4306875.7],[4961657.3,4307041.4],[4962220.1,4307087.7],[4962203.7,4306206.6]]]}},{"type":"Feature","properties":{"Vill_name":"Andu","Sub_dist":null,"District":"Alipurduar","Vill_LGD":"307196N182"},"geometry":{"type":"Polygon","coordinates":[[[4962484.0,4307849.2],[4961293.7,4307631.3],[4961219.3,4308105.1],[4961184.0,4308619.5],[4962358.3,4308918.6],[4962714.7,4308716.3],[4962721.2,4308288.6],[4962484.0,4307849.2]]]}},{"type":"Feature","properties":{"Vill_name":"Indu Busti","Sub_dist":null,"District":"Alipurduar","Vill_LGD":"307196N181"},"geometry":{"type":"Polygon","coordinates":[[[4961494.5,4309467.4],[4960639.9,4309397.1],[4960503.3,4309969.5],[4961199.5,4310382.9],[4961929.8,4310482.9],[4961774.9,4309990.3],[4961494.5,4309467.4]]]}},{"type":"Feature","properties":{"Vill_name":"Khuttimari","Sub_dist":null,"District":"Alipurduar","Vill_LGD":"307196N185"},"geometry":{"type":"Polygon","coordinates":[[[4962883.8,4311576.0],[4962471.4,4311389.7],[4962199.6,4311689.5],[4962239.2,4311981.5],[4962283.1,4312196.0],[4962562.3,4312461.9],[4962952.9,4312481.5],[4963163.9,4311948.9],[4962883.8,4311576.0]]]}},{"type":"Feature","properties":{"Vill_name":"Purba Salbari","Sub_dist":null,"District":"Alipurduar","Vill_LGD":"307196N184"},"geometry":{"type":"Polygon","coordinates":[[[4962122.3,4305561.8],[4962025.5,4305800.0],[4962271.9,4306068.3],[4962323.4,4306311.2],[4962371.0,4306493.7],[4962570.4,4306506.3],[4962549.1,4306283.0],[4962513.2,4306162.0],[4962463.3,4305941.1],[4962378.0,4305773.5],[4962210.5,4305620.7],[4962122.3,4305561.8]]]}},{"type":"Feature","properties":{"Vill_name":"Bengdoba","Sub_dist":null,"District":"Alipurduar","Vill_LGD":"307196N180"},"geometry":{"type":"Polygon","coordinates":[[[4959588.0,4310596.9],[4960266.9,4311035.7],[4960786.2,4311359.5],[4961286.9,4311646.3],[4961423.7,4311241.1],[4961210.4,4310963.7],[4959772.8,4310218.1],[4959588.0,4310596.9]]]}},{"type":"Feature","properties":{"Vill_name":"Balapara","Sub_dist":null,"District":"Alipurduar","Vill_LGD":"307196N186"},"geometry":{"type":"Polygon","coordinates":[[[4961498.4,4312462.4],[4961497.9,4312466.3],[4961405.2,4312537.5],[4961383.8,4312573.3],[4961280.7,4312605.2],[4961205.8,4312640.4],[4961163.4,4312758.2],[4961157.7,4312815.4],[4961072.8,4312783.4],[4961008.9,4312815.2],[4960959.0,4312925.2],[4960926.8,4313053.8],[4960891.5,4313135.1],[4960834.3,4313213.4],[4960745.2,4313217.0],[4960699.4,4313199.2],[4960592.4,4313291.8],[4960503.2,4313256.1],[4960421.8,4313316.5],[4960554.8,4313442.2],[4961011.9,4314225.1],[4961273.2,4314689.5],[4961292.1,4314666.1],[4961577.9,4314094.6],[4961829.3,4313912.7],[4961933.3,4313442.9],[4962119.4,4313105.2],[4962056.9,4312880.6],[4961498.4,4312462.4]]]}},{"type":"Feature","properties":{"Vill_name":"Riti","Sub_dist":null,"District":"Alipurduar","Vill_LGD":"307057N122"},"geometry":{"type":"Polygon","coordinates":[[[4888180.7,4332051.8],[4887889.6,4331376.6],[4887623.5,4331570.2],[4887469.2,4331841.5],[4887601.7,4332271.4],[4888180.7,4332051.8]]]}},{"type":"Feature","properties":{"Vill_name":"Bhutia Busti","Sub_dist":null,"District":"Alipurduar","Vill_LGD":"307151N170"},"geometry":{"type":"Polygon","coordinates":[[[4939432.8,4324166.7],[4939387.1,4324235.4],[4939347.8,4324348.0],[4939274.9,4324445.2],[4939070.5,4324508.6],[4938770.0,4324672.0],[4938467.9,4324847.7],[4938224.6,4325047.3],[4937903.0,4325363.9],[4937615.6,4325632.1],[4937480.1,4325744.8],[4937868.6,4325929.6],[4938594.7,4325944.1],[4939782.7,4325540.4],[4939719.5,4324316.9],[4939432.8,4324166.7]]]}},{"type":"Feature","properties":{"Vill_name":"Joyanti Hatipota","Sub_dist":null,"District":"Alipurduar","Vill_LGD":"307151N173"},"geometry":{"type":"Polygon","coordinates":[[[4949917.0,4325869.6],[4949637.7,4325859.6],[4949531.3,4325361.4],[4948713.8,4325233.6],[4948404.5,4325055.8],[4948343.9,4325482.6],[4948299.2,4325983.6],[4948696.3,4326129.0],[4949825.1,4326149.3],[4949917.0,4325869.6]]]}},{"type":"Feature","properties":{"Vill_name":"Phanskhowa","Sub_dist":null,"District":"Alipurduar","Vill_LGD":"307151N172"},"geometry":{"type":"Polygon","coordinates":[[[4943475.7,4324948.5],[4943101.9,4324929.5],[4942522.5,4324947.0],[4942267.8,4324928.9],[4942108.1,4325317.6],[4942528.9,4325664.3],[4943112.0,4325643.7],[4943420.2,4325371.6],[4943475.7,4324948.5]]]}},{"type":"Feature","properties":{"Vill_name":"Chunia Jhora","Sub_dist":null,"District":"Alipurduar","Vill_LGD":"307151N171"},"geometry":{"type":"Polygon","coordinates":[[[4941880.7,4324109.5],[4941911.4,4323808.8],[4941917.4,4323633.5],[4941571.5,4323508.1],[4940827.0,4323916.1],[4940968.8,4324466.3],[4941880.7,4324109.5]]]}},{"type":"Feature","properties":{"Vill_name":"Raydak Tea Garden","Sub_dist":null,"District":"Alipurduar","Vill_LGD":"307160"},"geometry":{"type":"Polygon","coordinates":[[[4953905.4,4317599.5],[4953958.8,4317346.7],[4954070.9,4316684.7],[4954154.0,4316197.1],[4954154.1,4315958.5],[4953594.1,4315962.2],[4952672.7,4315944.7],[4952414.5,4315973.2],[4951846.0,4316002.5],[4950995.0,4316031.6],[4950093.5,4315997.4],[4950014.4,4316327.1],[4949968.6,4317924.5],[4950119.4,4317965.8],[4950253.1,4318020.3],[4950274.0,4318097.8],[4950310.1,4318633.2],[4950358.2,4318883.2],[4950439.4,4318980.5],[4950586.5,4319071.0],[4950730.9,4319063.9],[4950859.8,4319083.8],[4950972.9,4319097.4],[4951198.6,4319355.0],[4951236.2,4319444.8],[4951240.2,4319444.6],[4951759.2,4319476.7],[4952082.8,4319519.6],[4952905.9,4319591.3],[4953111.9,4319226.0],[4953282.8,4318905.6],[4953707.5,4318176.0],[4953905.4,4317599.5]]]}},{"type":"Feature","properties":{"Vill_name":"Shiltong","Sub_dist":null,"District":"Alipurduar","Vill_LGD":"307161N174"},"geometry":{"type":"Polygon","coordinates":[[[4948840.6,4313963.3],[4948824.6,4313971.0],[4948766.8,4314071.3],[4948683.8,4314388.6],[4948591.0,4314675.8],[4948591.0,4314768.7],[4948713.1,4314782.8],[4948727.8,4314949.0],[4948732.7,4315061.2],[4948727.6,4315158.7],[4948698.2,4315270.8],[4948644.6,4315353.6],[4948644.8,4315494.6],[4948703.2,4315504.8],[4948732.8,4315553.3],[4948727.7,4315650.8],[4948820.4,4315724.0],[4948804.1,4315880.8],[4948819.0,4316061.8],[4948848.0,4316227.2],[4948853.1,4316247.2],[4948927.7,4316220.7],[4948991.8,4316134.1],[4949044.3,4316010.5],[4949077.9,4315361.4],[4949120.4,4314778.4],[4949008.5,4314337.0],[4948840.6,4313963.3]]]}},{"type":"Feature","properties":{"Vill_name":"Tiamari","Sub_dist":null,"District":"Alipurduar","Vill_LGD":"307161N175"},"geometry":{"type":"Polygon","coordinates":[[[4953988.5,4315959.5],[4954154.1,4315958.5],[4954154.0,4316197.1],[4954070.9,4316684.7],[4953958.8,4317346.7],[4953905.4,4317599.5],[4954835.4,4317556.2],[4955021.6,4317550.6],[4955644.6,4316998.5],[4955519.9,4316584.8],[4955105.0,4316257.3],[4954961.4,4315866.8],[4954988.5,4315698.0],[4954499.2,4315711.4],[4954089.5,4315886.2],[4953988.5,4315959.5]]]}},{"type":"Feature","properties":{"Vill_name":"Chipra","Sub_dist":null,"District":"Alipurduar","Vill_LGD":"307161N176"},"geometry":{"type":"Polygon","coordinates":[[[4950027.1,4306116.3],[4950322.6,4306126.1],[4950410.1,4306360.1],[4950518.0,4306672.1],[4950566.1,4306783.9],[4950669.0,4306871.3],[4950931.8,4307003.7],[4951043.0,4307069.9],[4951130.4,4307162.5],[4951149.8,4307362.3],[4951111.3,4307542.7],[4951026.2,4307716.8],[4951114.6,4307838.9],[4951351.2,4307832.6],[4951821.4,4307699.7],[4952271.6,4307608.6],[4952384.1,4307500.7],[4952093.0,4306654.0],[4951727.9,4305876.2],[4951204.0,4305423.7],[4951008.2,4305579.0],[4950308.2,4305720.6],[4950050.4,4306008.1],[4950027.1,4306116.3]]]}},{"type":"Feature","properties":{"Vill_name":"Bhutia Busti","Sub_dist":null,"District":"Alipurduar","Vill_LGD":"307144N134"},"geometry":{"type":"Polygon","coordinates":[[[4922833.4,4308997.8],[4922797.3,4309440.3],[4922665.9,4309415.8],[4922856.2,4309655.5],[4922862.0,4309651.8],[4923661.7,4309435.6],[4924064.6,4309281.8],[4924009.2,4308824.0],[4922975.5,4308701.1],[4922833.4,4308997.8]]]}},{"type":"Feature","properties":{"Vill_name":"Dakshin Poro","Sub_dist":null,"District":"Alipurduar","Vill_LGD":"307144N135"},"geometry":{"type":"Polygon","coordinates":[[[4925725.8,4307652.5],[4925154.9,4307508.0],[4925136.7,4308470.5],[4925397.0,4308613.8],[4925760.6,4308616.3],[4925725.8,4307652.5]]]}},{"type":"Feature","properties":{"Vill_name":"Garam Busti Paschim","Sub_dist":null,"District":"Alipurduar","Vill_LGD":"307144N147"},"geometry":{"type":"Polygon","coordinates":[[[4929426.6,4308527.5],[4929416.7,4308526.0],[4929154.8,4308460.0],[4929138.0,4308521.8],[4929126.3,4308569.3],[4929098.7,4308677.1],[4929129.0,4308856.3],[4929197.1,4308940.9],[4929180.6,4309014.9],[4929164.9,4309050.6],[4929171.3,4309111.4],[4929110.6,4309134.5],[4929099.9,4309177.8],[4929072.2,4309285.7],[4929078.2,4309321.3],[4929141.8,4309331.4],[4929132.1,4309401.2],[4929129.4,4309409.5],[4929356.5,4309421.1],[4929381.4,4309069.1],[4929385.2,4309029.3],[4929395.1,4308915.4],[4929471.0,4308844.8],[4929479.8,4308787.9],[4929441.2,4308748.0],[4929410.7,4308693.8],[4929417.7,4308583.8],[4929426.6,4308527.5]]]}},{"type":"Feature","properties":{"Vill_name":"Garam Busti Purba","Sub_dist":null,"District":"Alipurduar","Vill_LGD":"307144N146"},"geometry":{"type":"Polygon","coordinates":[[[4930735.6,4308710.8],[4930447.1,4308689.3],[4930391.2,4308680.3],[4929837.4,4308588.8],[4929836.2,4308599.5],[4929808.6,4308706.0],[4929795.8,4308716.7],[4929907.0,4308899.7],[4929890.5,4308996.2],[4929743.1,4309072.8],[4929637.7,4309179.8],[4929626.0,4309239.3],[4929711.1,4309285.6],[4929771.0,4309296.2],[4929877.5,4309302.3],[4930033.8,4309388.6],[4930077.2,4309382.8],[4930109.2,4309429.9],[4930356.0,4309433.4],[4930505.3,4309442.4],[4930635.0,4309447.9],[4930731.5,4309455.5],[4930742.7,4309469.5],[4930766.1,4309466.7],[4930779.0,4309389.7],[4930782.5,4309353.7],[4930780.2,4309290.0],[4930796.2,4309249.4],[4930728.8,4309267.8],[4930778.2,4309125.3],[4930759.1,4308887.5],[4930747.4,4308733.0],[4930735.6,4308710.8]]]}},{"type":"Feature","properties":{"Vill_name":"Kalkut","Sub_dist":null,"District":"Alipurduar","Vill_LGD":"307144N141"},"geometry":{"type":"Polygon","coordinates":[[[4935601.8,4309013.7],[4935442.1,4309012.1],[4935230.4,4308756.9],[4935069.3,4308571.4],[4934974.7,4308427.5],[4934529.5,4308927.4],[4934467.1,4309245.6],[4934965.7,4309718.6],[4935277.4,4309447.6],[4935601.8,4309013.7]]]}},{"type":"Feature","properties":{"Vill_name":"Bamni Busti","Sub_dist":null,"District":"Alipurduar","Vill_LGD":"307144N138"},"geometry":{"type":"Polygon","coordinates":[[[4931045.7,4310671.2],[4930500.9,4310639.0],[4929963.5,4310749.8],[4930032.8,4311321.9],[4930286.1,4311577.0],[4930972.0,4311532.1],[4931088.9,4311120.9],[4931045.7,4310671.2]]]}},{"type":"Feature","properties":{"Vill_name":"Uttar Panjhora","Sub_dist":null,"District":"Alipurduar","Vill_LGD":"307144N139"},"geometry":{"type":"Polygon","coordinates":[[[4931611.4,4311756.4],[4932355.3,4311735.2],[4932542.8,4311732.2],[4932531.6,4311138.8],[4931512.6,4311103.9],[4931507.3,4311380.3],[4931611.4,4311756.4]]]}},{"type":"Feature","properties":{"Vill_name":"Pani Jhora","Sub_dist":null,"District":"Alipurduar","Vill_LGD":"307144N140"},"geometry":{"type":"Polygon","coordinates":[[[4932075.9,4309785.0],[4931541.0,4309752.5],[4931564.1,4310196.7],[4931908.4,4310360.7],[4932278.8,4310457.2],[4932823.9,4310305.2],[4932629.5,4309796.7],[4932075.9,4309785.0]]]}},{"type":"Feature","properties":{"Vill_name":"Garo Busti","Sub_dist":null,"District":"Alipurduar","Vill_LGD":"307144N137"},"geometry":{"type":"Polygon","coordinates":[[[4928904.5,4316007.3],[4928180.3,4315852.6],[4927772.0,4315902.5],[4927971.9,4316148.8],[4928448.1,4316556.0],[4928788.1,4316380.2],[4928980.8,4316287.6],[4928904.5,4316007.3]]]}},{"type":"Feature","properties":{"Vill_name":"Marchent Para","Sub_dist":null,"District":"Alipurduar","Vill_LGD":"307144N143"},"geometry":{"type":"Polygon","coordinates":[[[4931272.6,4316480.9],[4931168.7,4316193.9],[4930656.7,4316374.1],[4930376.2,4316562.9],[4930429.5,4317016.5],[4930803.7,4316918.3],[4931349.6,4316702.9],[4931272.6,4316480.9]]]}},{"type":"Feature","properties":{"Vill_name":"Pampu Busti","Sub_dist":null,"District":"Alipurduar","Vill_LGD":"307144N142"},"geometry":{"type":"Polygon","coordinates":[[[4931379.9,4314028.1],[4931315.9,4313891.6],[4931220.7,4313934.1],[4931121.7,4313986.4],[4931152.8,4314066.2],[4931176.6,4314118.5],[4931356.8,4314071.1],[4931379.9,4314028.1]]]}},{"type":"Feature","properties":{"Vill_name":"Buxa Road 28th Mile","Sub_dist":null,"District":"Alipurduar","Vill_LGD":"307144N132"},"geometry":{"type":"Polygon","coordinates":[[[4933094.7,4324741.4],[4932626.8,4324483.0],[4932134.5,4324511.5],[4932173.6,4324879.4],[4932087.3,4325240.9],[4932347.3,4325552.1],[4932770.3,4325708.9],[4933204.9,4325333.2],[4933094.7,4324741.4]]]}},{"type":"Feature","properties":{"Vill_name":"Gangutia","Sub_dist":null,"District":"Alipurduar","Vill_LGD":"307144N144"},"geometry":{"type":"Polygon","coordinates":[[[4927325.7,4320519.2],[4927317.5,4320551.1],[4927262.1,4320794.1],[4927168.3,4321111.8],[4927022.1,4321662.3],[4927940.2,4321444.2],[4928627.4,4320881.1],[4928640.1,4320509.9],[4928191.6,4320404.9],[4927672.0,4320488.7],[4927325.7,4320519.2]]]}},{"type":"Feature","properties":{"Vill_name":"Buxa Road 29th Mile","Sub_dist":null,"District":"Alipurduar","Vill_LGD":"307144N133"},"geometry":{"type":"Polygon","coordinates":[[[4933555.1,4325982.5],[4933039.8,4325950.1],[4932554.0,4326101.4],[4932702.0,4326601.9],[4933313.2,4327022.6],[4933789.4,4326506.7],[4933555.1,4325982.5]]]}},{"type":"Feature","properties":{"Vill_name":"Nimti Dabri","Sub_dist":null,"District":"Alipurduar","Vill_LGD":"307144N038"},"geometry":{"type":"Polygon","coordinates":[[[4921089.0,4317110.6],[4921113.0,4317143.7],[4921127.0,4317167.9],[4921126.8,4317224.9],[4921108.0,4317277.0],[4921096.2,4317308.4],[4921094.1,4317362.8],[4921107.7,4317396.4],[4921126.8,4317438.1],[4921134.5,4317483.6],[4921129.3,4317531.0],[4921094.0,4317590.7],[4921708.1,4317578.0],[4922090.9,4317583.4],[4922288.6,4317366.7],[4922301.9,4317009.5],[4922103.4,4316771.3],[4921698.1,4316721.5],[4921324.8,4316854.7],[4921089.0,4317110.6]]]}},{"type":"Feature","properties":{"Vill_name":"20th Mile","Sub_dist":null,"District":"Alipurduar","Vill_LGD":"307146N167"},"geometry":{"type":"Polygon","coordinates":[[[4943824.3,4317792.6],[4943935.6,4317769.3],[4943969.6,4317777.7],[4943969.7,4317699.8],[4943938.7,4317526.9],[4943945.1,4317434.4],[4943902.5,4317289.7],[4943660.1,4317329.3],[4943251.9,4317374.3],[4943073.1,4317448.8],[4943063.4,4317773.5],[4943250.2,4317865.8],[4943480.6,4317809.1],[4943824.3,4317792.6]]]}},{"type":"Feature","properties":{"Vill_name":"21st Mile","Sub_dist":null,"District":"Alipurduar","Vill_LGD":"307146N168"},"geometry":{"type":"Polygon","coordinates":[[[4943739.9,4319512.7],[4943791.2,4319410.7],[4943864.6,4319232.0],[4943889.5,4319102.5],[4943957.0,4318973.1],[4943963.6,4318855.6],[4943985.0,4318788.7],[4943961.5,4318776.5],[4943456.0,4318439.8],[4942673.7,4318396.4],[4942633.5,4318824.0],[4943353.5,4319255.4],[4943722.4,4319533.2],[4943739.9,4319512.7]]]}},{"type":"Feature","properties":{"Vill_name":"Gadahar","Sub_dist":null,"District":"Alipurduar","Vill_LGD":"307146N169"},"geometry":{"type":"Polygon","coordinates":[[[4943746.5,4313891.9],[4943678.6,4313823.8],[4943227.1,4313727.7],[4943122.6,4313671.8],[4942908.9,4313579.8],[4942703.8,4313528.9],[4942433.7,4313602.6],[4942366.0,4313879.5],[4942311.7,4314226.6],[4942589.8,4314740.2],[4943249.3,4314745.4],[4943338.9,4314823.0],[4943581.4,4314233.6],[4943746.5,4313891.9]]]}},{"type":"Feature","properties":{"Vill_name":"Raja Bhat Khawa","Sub_dist":null,"District":"Alipurduar","Vill_LGD":"307144N151"},"geometry":{"type":"Polygon","coordinates":[[[4931083.9,4315680.4],[4931082.8,4315663.3],[4931065.1,4315664.8],[4931072.6,4315652.2],[4931044.5,4315636.0],[4931039.6,4315654.1],[4931012.3,4315695.8],[4930960.6,4315722.2],[4930917.0,4315740.6],[4930911.7,4315753.4],[4930926.1,4315756.5],[4930976.4,4315766.0],[4931101.9,4315772.3],[4931102.3,4315765.5],[4931086.2,4315764.4],[4931085.8,4315737.2],[4931089.8,4315686.8],[4931083.9,4315680.4]]]}},{"type":"Feature","properties":{"Vill_name":"Raja Bhat Khawa Madhya","Sub_dist":null,"District":"Alipurduar","Vill_LGD":"307144N151"},"geometry":{"type":"Polygon","coordinates":[[[4930723.1,4315778.7],[4930724.6,4315767.6],[4930740.3,4315768.4],[4930761.2,4315744.3],[4930741.1,4315735.5],[4930680.1,4315693.3],[4930671.8,4315694.1],[4930671.2,4315713.8],[4930670.1,4315726.9],[4930674.6,4315753.2],[4930690.0,4315774.8],[4930706.0,4315785.8],[4930722.5,4315787.2],[4930723.1,4315778.7]]]}},{"type":"Feature","properties":{"Vill_name":"Uttar Poro Banobasti","Sub_dist":null,"District":"Alipurduar","Vill_LGD":"307144N148"},"geometry":{"type":"Polygon","coordinates":[[[4927918.8,4308157.7],[4927726.8,4308103.6],[4927259.9,4308008.0],[4927107.6,4307977.1],[4926884.0,4307928.6],[4926899.7,4307987.9],[4926895.0,4307986.8],[4926890.7,4308025.9],[4926990.3,4308068.8],[4926931.6,4308375.7],[4926925.7,4308413.2],[4926931.5,4308449.8],[4926923.5,4308495.3],[4926883.8,4308520.6],[4926390.3,4308480.7],[4926181.5,4308511.1],[4926141.5,4308932.8],[4926191.7,4308931.2],[4926206.3,4308984.5],[4926192.1,4308992.1],[4926187.7,4309027.2],[4926214.6,4309094.0],[4926316.7,4309070.4],[4926341.5,4309125.6],[4926347.9,4309122.7],[4926363.3,4309151.7],[4926360.5,4309236.2],[4926480.4,4309230.3],[4926488.8,4309166.7],[4926613.4,4309134.0],[4926615.7,4309075.8],[4926623.1,4309063.1],[4926669.9,4309030.9],[4926728.5,4308996.2],[4926724.5,4308958.1],[4926776.0,4308892.5],[4926814.7,4308882.7],[4926833.3,4308877.4],[4926858.7,4308867.6],[4926892.2,4308861.7],[4926915.3,4308863.2],[4926926.7,4308865.6],[4926944.0,4308878.3],[4926951.5,4308890.3],[4926964.0,4308901.0],[4926981.6,4308908.8],[4926992.8,4308914.5],[4927002.3,4308921.7],[4927011.5,4308932.2],[4927027.4,4308941.5],[4927041.8,4308949.0],[4927061.5,4308950.4],[4927082.5,4308958.4],[4927096.1,4309026.7],[4927203.0,4309035.6],[4927211.9,4309001.6],[4927260.7,4308988.5],[4927265.9,4308960.9],[4927294.1,4308959.5],[4927317.6,4308979.2],[4927478.7,4308968.6],[4927492.2,4308939.9],[4927565.1,4308938.3],[4927575.6,4308881.4],[4927575.8,4308853.5],[4927570.3,4308836.6],[4927586.8,4308788.4],[4927607.8,4308771.7],[4927629.8,4308763.3],[4927648.6,4308754.7],[4927678.0,4308735.3],[4927709.0,4308717.7],[4927735.3,4308694.8],[4927746.4,4308677.4],[4927748.0,4308654.5],[4927755.1,4308622.1],[4927762.9,4308604.5],[4927770.4,4308591.9],[4927788.1,4308575.0],[4927807.4,4308558.2],[4927813.3,4308543.8],[4927815.2,4308515.9],[4927813.7,4308489.5],[4927810.0,4308471.2],[4927810.2,4308443.2],[4927811.9,4308418.7],[4927820.2,4308392.9],[4927829.9,4308372.2],[4927835.8,4308357.8],[4927838.7,4308339.9],[4927845.7,4308333.8],[4927851.5,4308321.0],[4927851.1,4308302.9],[4927844.4,4308279.4],[4927918.8,4308157.7]]]}},{"type":"Feature","properties":{"Vill_name":"Salkumar Boro","Sub_dist":null,"District":"Alipurduar","Vill_LGD":"307221N194"},"geometry":{"type":"Polygon","coordinates":[[[4910700.7,4307203.9],[4910755.0,4307207.5],[4910873.7,4307162.7],[4910867.3,4307134.3],[4910923.1,4307116.7],[4910183.4,4305699.0],[4910140.3,4305763.6],[4910147.0,4305824.9],[4910153.2,4305868.9],[4910145.7,4305932.6],[4910143.7,4306011.4],[4910149.2,4306040.6],[4910165.3,4306147.7],[4910172.0,4306195.9],[4910179.0,4306215.3],[4910235.8,4306257.7],[4910302.4,4306337.8],[4910390.4,4306469.4],[4910391.8,4306486.0],[4910385.1,4306499.5],[4910268.7,4306521.4],[4910266.7,4306564.1],[4910276.4,4306618.2],[4910291.5,4306664.4],[4910320.8,4306709.9],[4910344.0,4306733.7],[4910362.0,4306773.5],[4910381.0,4306811.0],[4910447.8,4306826.9],[4910460.6,4306859.0],[4910562.4,4306844.4],[4910536.2,4306990.7],[4910530.0,4307084.0],[4910537.6,4307094.4],[4910552.2,4307123.3],[4910562.5,4307166.8],[4910557.4,4307194.4],[4910615.0,4307198.2],[4910658.6,4307189.6],[4910700.7,4307203.9]]]}},{"type":"Feature","properties":{"Vill_name":"Damanpur","Sub_dist":null,"District":"Alipurduar","Vill_LGD":"307144N149"},"geometry":{"type":"Polygon","coordinates":[[[4930905.1,4308723.4],[4930908.9,4308742.0],[4930929.2,4308860.7],[4931121.5,4308925.1],[4931299.9,4308916.6],[4931320.3,4308851.2],[4931319.3,4308813.5],[4931329.6,4308759.5],[4931331.8,4308755.1],[4930905.1,4308723.4]]]}},{"type":"Feature","properties":{"Vill_name":"Salkumar Choto","Sub_dist":null,"District":"Alipurduar","Vill_LGD":"307221N195"},"geometry":{"type":"Polygon","coordinates":[[[4910034.1,4306402.0],[4910054.5,4306294.4],[4910015.0,4306279.5],[4909973.1,4306262.7],[4909988.9,4306254.7],[4909986.0,4306249.2],[4909963.3,4306260.8],[4909977.0,4306222.7],[4909930.0,4306214.6],[4909900.6,4306226.7],[4909890.1,4306235.4],[4909869.4,4306236.1],[4909825.3,4306252.1],[4909736.5,4306275.8],[4909739.6,4306367.3],[4909749.8,4306362.2],[4909826.5,4306366.5],[4909836.5,4306370.5],[4909869.8,4306368.1],[4909935.5,4306368.0],[4909934.0,4306385.1],[4910034.1,4306402.0]]]}},{"type":"Feature","properties":{"Vill_name":"Motharam Choto","Sub_dist":null,"District":"Alipurduar","Vill_LGD":"307218N192"},"geometry":{"type":"Polygon","coordinates":[[[4915280.5,4318359.9],[4915222.4,4318239.9],[4915197.3,4318203.2],[4915123.9,4318230.1],[4915091.9,4318246.6],[4915047.2,4318273.2],[4914982.3,4318287.5],[4914908.9,4318182.9],[4914879.6,4318175.4],[4914823.7,4318204.6],[4914783.9,4318223.8],[4914773.7,4318211.1],[4914702.0,4318262.2],[4914726.2,4318346.0],[4914727.5,4318375.7],[4914710.2,4318618.9],[4914917.3,4318569.1],[4915331.4,4318455.4],[4915280.5,4318359.9]]]}},{"type":"Feature","properties":{"Vill_name":"Motharam Boro","Sub_dist":null,"District":"Alipurduar","Vill_LGD":"307218N193"},"geometry":{"type":"Polygon","coordinates":[[[4915879.1,4318089.8],[4916168.8,4317841.7],[4916206.3,4317808.0],[4916175.8,4317753.4],[4915923.5,4317819.9],[4915956.3,4317939.3],[4915868.2,4317955.3],[4915842.6,4317827.6],[4915787.6,4317875.5],[4915728.3,4317838.6],[4915679.4,4317829.9],[4915600.0,4317831.2],[4915572.8,4317841.4],[4915561.5,4317813.2],[4915525.6,4317822.9],[4915491.7,4317819.6],[4915463.5,4317812.2],[4915325.0,4317824.9],[4915200.2,4317895.5],[4915273.6,4318132.7],[4915353.3,4318110.6],[4915326.4,4318034.3],[4915348.0,4318024.8],[4915391.1,4318022.2],[4915488.0,4318023.1],[4915517.2,4318196.0],[4915521.5,4318280.7],[4915533.4,4318383.4],[4915879.1,4318089.8]]]}},{"type":"Feature","properties":{"Vill_name":"Nimti Basti Purba","Sub_dist":null,"District":"Alipurduar","Vill_LGD":"307144N152"},"geometry":{"type":"Polygon","coordinates":[[[4923237.1,4317649.9],[4923238.8,4317641.9],[4923239.9,4317634.6],[4923240.1,4317627.7],[4923239.3,4317621.2],[4923237.5,4317615.0],[4923234.6,4317608.8],[4923226.3,4317595.7],[4923216.2,4317581.7],[4923210.7,4317574.8],[4923199.1,4317562.0],[4923193.1,4317556.3],[4923187.2,4317551.3],[4923181.4,4317547.1],[4923160.7,4317535.5],[4923158.3,4317533.4],[4923156.4,4317531.0],[4923155.0,4317527.9],[4923154.1,4317524.0],[4923152.7,4317511.2],[4923150.9,4317499.7],[4923145.1,4317469.4],[4923137.8,4317435.8],[4923130.9,4317406.8],[4923128.0,4317396.3],[4923119.4,4317372.4],[4923107.5,4317336.1],[4922918.7,4317324.5],[4922908.2,4317498.1],[4922891.1,4317518.2],[4922868.6,4317545.7],[4922856.8,4317560.7],[4922846.0,4317575.1],[4922837.0,4317588.1],[4922830.7,4317598.6],[4922828.2,4317605.6],[4922828.2,4317611.2],[4922828.6,4317618.0],[4922830.8,4317633.7],[4922832.5,4317641.9],[4922834.5,4317649.8],[4922836.8,4317657.1],[4922839.3,4317663.3],[4922842.0,4317668.2],[4922844.8,4317671.3],[4922855.1,4317681.1],[4922882.1,4317708.2],[4922901.7,4317727.3],[4922910.5,4317735.2],[4922918.0,4317741.2],[4922923.6,4317744.6],[4922937.8,4317751.5],[4922994.9,4317780.7],[4923014.1,4317790.0],[4923020.6,4317792.8],[4923039.5,4317800.1],[4923047.3,4317802.4],[4923055.9,4317803.9],[4923065.3,4317804.4],[4923075.6,4317803.7],[4923086.6,4317801.2],[4923098.4,4317796.8],[4923111.1,4317790.1],[4923138.5,4317773.4],[4923152.5,4317764.5],[4923166.3,4317755.2],[4923179.5,4317745.5],[4923191.8,4317735.4],[4923202.8,4317724.8],[4923212.2,4317713.8],[4923219.6,4317702.3],[4923224.7,4317690.3],[4923234.7,4317658.6],[4923237.1,4317649.9]]]}},{"type":"Feature","properties":{"Vill_name":"Nimti Forest Village","Sub_dist":null,"District":"Alipurduar","Vill_LGD":"307144N153"},"geometry":{"type":"Polygon","coordinates":[[[4922064.9,4318903.0],[4922053.4,4318598.7],[4921786.7,4318583.0],[4921771.4,4318713.4],[4921725.4,4318709.2],[4921706.5,4318842.8],[4921761.7,4318841.0],[4921755.1,4318922.7],[4921886.6,4318917.3],[4922025.9,4318926.7],[4922064.9,4318903.0]]]}},{"type":"Feature","properties":{"Vill_name":"Nimti Dabri","Sub_dist":null,"District":"Alipurduar","Vill_LGD":"307144N154"},"geometry":{"type":"Polygon","coordinates":[[[4921721.5,4319852.9],[4921787.3,4319818.3],[4921878.0,4319710.7],[4921874.0,4319470.5],[4921867.5,4319456.0],[4921845.6,4319409.7],[4921796.3,4319310.9],[4921758.4,4319129.0],[4921703.0,4318971.8],[4921670.6,4318970.4],[4921629.5,4318972.6],[4921599.0,4318980.6],[4921573.7,4318983.8],[4921552.2,4318980.7],[4921537.3,4318966.5],[4921526.2,4318933.3],[4921532.7,4318898.1],[4921482.1,4318707.1],[4921477.3,4318666.1],[4921406.9,4318646.4],[4921428.0,4318630.4],[4921448.9,4318604.4],[4921470.5,4318506.2],[4921343.8,4318491.1],[4921325.8,4318510.6],[4921300.7,4318537.2],[4921298.1,4318600.1],[4921282.8,4318629.8],[4921285.1,4318757.8],[4921288.7,4318766.3],[4921291.8,4318782.3],[4921299.0,4318811.8],[4921309.8,4318825.0],[4921321.2,4318829.1],[4921339.6,4318828.7],[4921356.8,4318833.2],[4921365.7,4318849.5],[4921384.6,4318841.7],[4921389.0,4318838.6],[4921387.6,4318821.9],[4921398.7,4318818.5],[4921416.0,4318822.2],[4921425.3,4318831.9],[4921438.7,4318843.6],[4921434.3,4318859.9],[4921438.1,4318877.6],[4921453.6,4318871.2],[4921489.5,4318920.9],[4921494.7,4318954.5],[4921434.8,4318951.3],[4921413.0,4319027.8],[4921380.2,4319031.5],[4921345.8,4319009.2],[4921281.7,4319019.9],[4921280.0,4319032.2],[4921264.5,4319040.3],[4921236.6,4319044.2],[4921233.2,4319071.4],[4921213.8,4319148.1],[4921205.1,4319179.1],[4921238.9,4319209.6],[4921230.9,4319229.0],[4921210.9,4319240.9],[4921233.0,4319260.7],[4921250.8,4319269.3],[4921249.9,4319307.5],[4921223.2,4319319.0],[4921232.1,4319335.3],[4921231.1,4319351.0],[4921228.4,4319378.2],[4921232.2,4319383.5],[4921247.5,4319392.0],[4921254.9,4319406.6],[4921279.0,4319421.5],[4921294.0,4319409.2],[4921311.5,4319409.5],[4921313.9,4319447.9],[4921337.4,4319446.1],[4921360.3,4319452.7],[4921374.8,4319461.1],[4921401.7,4319470.4],[4921419.4,4319467.4],[4921422.9,4319490.1],[4921394.9,4319508.9],[4921397.3,4319523.2],[4921380.1,4319530.3],[4921382.2,4319562.0],[4921369.5,4319577.0],[4921353.0,4319585.8],[4921351.4,4319597.3],[4921375.0,4319606.4],[4921395.2,4319616.0],[4921413.1,4319636.3],[4921407.6,4319693.2],[4921396.5,4319696.6],[4921397.2,4319711.6],[4921409.3,4319742.3],[4921422.5,4319756.5],[4921421.3,4319775.5],[4921381.8,4319791.1],[4921379.5,4319801.8],[4921385.0,4319817.9],[4921372.9,4319812.1],[4921328.9,4319809.2],[4921289.0,4319818.9],[4921270.8,4319841.8],[4921285.3,4319861.8],[4921285.2,4319900.0],[4921323.4,4319990.6],[4921348.1,4320008.0],[4921360.3,4320037.0],[4921339.6,4320059.7],[4921316.1,4320112.1],[4921288.5,4320125.2],[4921273.2,4320142.4],[4921450.4,4320150.2],[4921623.3,4319898.6],[4921721.5,4319852.9]]]}},{"type":"Feature","properties":{"Vill_name":"Raja Bhat Khawa Uttar","Sub_dist":null,"District":"Alipurduar","Vill_LGD":"307144N150"},"geometry":{"type":"Polygon","coordinates":[[[4930538.3,4314586.2],[4930529.5,4314584.9],[4930507.7,4314580.0],[4930485.1,4314573.8],[4930460.1,4314566.3],[4930383.3,4314525.2],[4930316.9,4314492.0],[4930317.2,4314492.7],[4930283.8,4314475.5],[4930292.5,4314510.0],[4930308.4,4314552.8],[4930320.8,4314596.4],[4930333.9,4314680.6],[4930317.7,4314756.2],[4930280.0,4314938.9],[4930269.4,4315007.4],[4930224.8,4315042.3],[4930218.7,4315047.7],[4930235.2,4315049.5],[4930240.4,4315050.4],[4930245.3,4315051.7],[4930249.7,4315053.5],[4930253.2,4315055.9],[4930255.4,4315058.9],[4930263.5,4315076.2],[4930275.8,4315100.2],[4930287.0,4315120.0],[4930300.6,4315138.4],[4930310.3,4315150.9],[4930316.4,4315158.0],[4930332.9,4315175.6],[4930337.4,4315181.3],[4930340.0,4315185.9],[4930340.3,4315187.5],[4930339.8,4315189.3],[4930336.6,4315195.4],[4930331.6,4315203.3],[4930326.0,4315211.2],[4930321.2,4315217.2],[4930317.8,4315220.7],[4930311.0,4315230.7],[4930301.0,4315247.3],[4930297.7,4315255.8],[4930431.6,4315222.7],[4930451.3,4315218.4],[4930469.8,4315215.4],[4930485.9,4315213.8],[4930498.4,4315213.7],[4930502.9,4315214.2],[4930506.0,4315215.1],[4930520.4,4315221.4],[4930530.0,4315224.7],[4930540.0,4315226.9],[4930545.0,4315227.4],[4930549.8,4315227.4],[4930553.8,4315227.8],[4930556.8,4315229.4],[4930558.8,4315232.2],[4930560.0,4315235.8],[4930560.6,4315240.1],[4930561.1,4315260.2],[4930563.4,4315279.6],[4930564.3,4315284.4],[4930565.5,4315288.5],[4930567.1,4315291.9],[4930569.3,4315294.2],[4930572.3,4315295.2],[4930576.0,4315294.5],[4930580.7,4315292.0],[4930587.2,4315287.2],[4930650.1,4315237.7],[4930666.2,4315226.0],[4930670.7,4315223.5],[4930680.8,4315219.0],[4930714.7,4315202.2],[4930731.7,4315194.3],[4930738.7,4315191.4],[4930744.1,4315189.6],[4930760.5,4315186.2],[4930817.4,4315176.1],[4930862.3,4315169.1],[4930868.0,4315169.0],[4930874.1,4315169.8],[4930880.6,4315171.4],[4930893.9,4315176.1],[4930917.8,4315185.9],[4930922.3,4315187.4],[4930929.7,4315189.2],[4930936.0,4315190.2],[4930941.6,4315190.5],[4930947.0,4315190.2],[4930955.1,4315189.2],[4930957.4,4315189.2],[4930961.1,4315189.9],[4930963.6,4315191.0],[4930965.5,4315192.5],[4930961.2,4315230.0],[4931003.5,4315227.6],[4931021.0,4315227.0],[4931030.3,4315227.8],[4931044.0,4315229.6],[4931066.8,4315233.3],[4931084.2,4315236.7],[4931089.3,4315237.1],[4931096.4,4315236.3],[4931104.9,4315234.8],[4931124.0,4315229.7],[4931142.1,4315223.4],[4931149.3,4315220.2],[4931154.6,4315217.3],[4931157.3,4315214.8],[4931158.5,4315208.9],[4931159.3,4315196.6],[4931159.9,4315179.5],[4931160.3,4315114.9],[4931159.8,4315056.6],[4931160.5,4315052.0],[4931162.6,4315045.0],[4931169.8,4315026.2],[4931194.3,4314968.7],[4931196.7,4314964.7],[4931202.7,4314956.6],[4931217.5,4314939.7],[4931220.3,4314935.1],[4931221.2,4314933.0],[4931222.0,4314928.8],[4931222.1,4314926.7],[4931221.4,4314921.9],[4931217.0,4314907.1],[4931214.7,4314896.3],[4931209.1,4314865.8],[4931203.2,4314830.9],[4931198.5,4314801.2],[4931191.0,4314749.3],[4931172.7,4314631.0],[4931145.7,4314638.3],[4931091.3,4314653.7],[4931059.1,4314663.0],[4931042.1,4314668.5],[4931036.4,4314669.7],[4931017.8,4314671.5],[4931013.4,4314659.2],[4931005.0,4314633.8],[4931000.1,4314618.1],[4930997.4,4314607.6],[4930996.7,4314606.0],[4930994.6,4314603.4],[4930992.3,4314601.5],[4930989.6,4314600.0],[4931010.5,4314583.9],[4931011.0,4314580.8],[4931010.6,4314573.6],[4931008.3,4314551.4],[4931000.7,4314493.3],[4930999.2,4314493.2],[4930988.9,4314494.6],[4930946.0,4314502.8],[4930925.0,4314499.4],[4930906.3,4314495.7],[4930901.7,4314494.6],[4930890.9,4314490.5],[4930876.6,4314486.0],[4930844.1,4314355.5],[4930760.8,4314405.8],[4930738.3,4314387.8],[4930681.2,4314417.4],[4930679.3,4314373.4],[4930626.1,4314409.8],[4930615.7,4314409.1],[4930618.1,4314414.2],[4930594.8,4314423.6],[4930585.7,4314428.0],[4930591.1,4314438.2],[4930547.6,4314453.9],[4930548.5,4314479.3],[4930549.1,4314513.7],[4930548.8,4314550.2],[4930548.0,4314566.0],[4930546.7,4314578.5],[4930544.7,4314586.3],[4930538.3,4314586.2]]]}},{"type":"Feature","properties":{"Vill_name":"Uttar Poro","Sub_dist":null,"District":"Alipurduar","Vill_LGD":"307144N136"},"geometry":{"type":"Polygon","coordinates":[[[4925986.5,4309833.8],[4925967.8,4309620.4],[4925924.6,4309624.1],[4925820.7,4309620.3],[4925789.2,4309915.9],[4925778.4,4309928.4],[4925774.3,4309939.6],[4925777.6,4309964.5],[4925783.3,4309978.0],[4925785.9,4309989.7],[4925783.3,4310027.4],[4925769.7,4310181.1],[4925768.7,4310195.8],[4925762.8,4310210.2],[4925760.5,4310218.3],[4925757.8,4310234.6],[4925757.6,4310237.8],[4925769.4,4310258.4],[4925770.6,4310265.0],[4925771.3,4310279.9],[4925789.2,4310284.4],[4925794.2,4310307.7],[4925812.2,4310310.6],[4925890.8,4310297.8],[4925973.1,4310278.7],[4925983.7,4310269.5],[4925995.1,4310099.2],[4925999.5,4309959.7],[4925986.5,4309833.8]]]}},{"type":"Feature","properties":{"Vill_name":"Uttar Poro","Sub_dist":null,"District":"Alipurduar","Vill_LGD":"307144N136"},"geometry":{"type":"Polygon","coordinates":[[[4925985.8,4311691.8],[4925452.7,4311649.1],[4925196.6,4311947.5],[4925220.2,4312638.1],[4926176.1,4312738.0],[4927046.9,4312882.7],[4927162.2,4312568.2],[4927168.7,4312408.8],[4927093.3,4312132.5],[4926963.5,4312092.3],[4926892.9,4311847.2],[4925985.8,4311691.8]]]}}]}