{"type":"FeatureCollection", "features": [
{"type":"Feature","geometry":{"type":"Polygon","coordinates":[[[89.846359876577,26.5621591413813],[89.8469411652437,26.562799016061202],[89.8478458825586,26.5637287879739],[89.8486850154886,26.564948723281802],[89.84971845058921,26.5653565449871],[89.8512691071576,26.5656487686745],[89.8529502803718,26.5658823108383],[89.8540483547239,26.566696722586602],[89.8546922847999,26.5676264694149],[89.8550785883769,26.5696584691059],[89.8555275112723,26.5719236941149],[89.8555902127958,26.574014343413403],[89.85558813003361,26.5756400031464],[89.8555867535908,26.5767470865588],[89.8549389006852,26.576974939004902],[89.8513829644409,26.578480920924303],[89.849182985505,26.5795239013474],[89.84736990166161,26.580102461231],[89.84446011662081,26.580737838436],[89.8413591823406,26.5815473665568],[89.8333186982169,26.571727863179902],[89.83192228581811,26.5706250025279],[89.8333081439503,26.570390824942102],[89.8352314436716,26.5697642118601],[89.8373348830734,26.567800606471103],[89.8390874700695,26.5654442016449],[89.8417145910505,26.5621450381547],[89.8435347843665,26.560661420506403],[89.84415401709501,26.5601566780784],[89.84460379238901,26.559789330529803],[89.8456554733937,26.557825174801803],[89.8456567599701,26.5568813554258],[89.84289769227931,26.555849035511102],[89.8423659083646,26.5556509337155],[89.84281387666701,26.554781118228803],[89.8437862047067,26.5538531723357],[89.844886494502,26.5530414275158],[89.8456633792587,26.551880833596503],[89.8465054897329,26.550836693449902],[89.8472164080657,26.5502569923703],[89.847734253235,26.549502713848],[89.8478005215396,26.5488061952434],[89.8474779793241,26.5479348288451],[89.8466384652054,26.547120659743],[89.8457987971627,26.546422946967102],[89.8452206470892,26.545377245472203],[89.8451564488675,26.5445642704215],[89.8452225677245,26.5439258429727],[89.84574022923421,26.5432877519697],[89.8465170304145,26.5423017047802],[89.8474209494058,26.541779557790402],[89.8483273711645,26.541374396551802],[89.84942651201911,26.541201332070703],[89.8503320857607,26.5413184053718],[89.8516244410327,26.541261804543502],[89.8519489829347,26.540623108114],[89.8519503106411,26.5396358625222],[89.851885909874,26.5388809831543],[89.8514348937173,26.5384162296769],[89.8507225680904,26.5382413758652],[89.84910720121191,26.5379491270443],[89.846588311777,26.5377720961484],[89.8445191256901,26.5372474155096],[89.843744626608,26.536608057226303],[89.8435549226799,26.5359670281201],[89.8434874001335,26.5357369581477],[89.8434888029335,26.534749708208],[89.84381392010451,26.5336468728588],[89.84426681914981,26.5327183372043],[89.8454966904446,26.5324291225977],[89.84698183543401,26.5324306900431],[89.8484044012247,26.5324902992139],[89.8502123857267,26.533188929313702],[89.85156922639361,26.533597049828803],[89.8526679520568,26.533772501960602],[89.8531850263689,26.5335988231312],[89.8537681637528,26.532786431050702],[89.8538343959197,26.532031821622702],[89.8533807223657,26.5316246327305],[89.8524782388439,26.5311014771929],[89.8508634688289,26.5304023319562],[89.8495720877513,26.5298788648672],[89.8484088606691,26.529122772445803],[89.8476348942588,26.5282510703706],[89.8475712067423,26.5270895542134],[89.8478308520356,26.526160701431202],[89.847832064006,26.5252318252369],[89.8477053056761,26.524360728068203],[89.847059173663,26.523547139663002],[89.8461551456602,26.5223266090969],[89.8457047465084,26.521455201389102],[89.8457057932217,26.520700311469103],[89.84615810479531,26.5201781202584],[89.8467405441731,26.5198304780675],[89.8477116866369,26.519657405598203],[89.8495862260817,26.519194534818002],[89.8512929923471,26.518557866514602],[89.85217095836511,26.518558835059302],[89.85423832209051,26.5183285672209],[89.8558591902752,26.5181621894912],[89.8561147109542,26.5184879293081],[89.8580240478187,26.520209595520303],[89.8581494928948,26.5221587257676],[89.85954916304951,26.524337923609803],[89.8606942969792,26.5254858378092],[89.8601830283813,26.527090254692503],[89.8617093930706,26.5283524470004],[89.8633647969803,26.5307614497063],[89.8629813428561,26.5324809399972],[89.8596641104961,26.5347706837453],[89.8590182035088,26.535753110353003],[89.8583847082711,26.536718170954],[89.8592765120344,26.537865456407502],[89.8606779660885,26.5386693719864],[89.86182194894991,26.5408484984405],[89.8632245496204,26.540849846412602],[89.86488183848971,26.541883562019702],[89.864368038655,26.5436025096778],[89.8636651036779,26.5460091570788],[89.8637905137485,26.5481302814526],[89.8646802685976,26.5511115706296],[89.8644213586623,26.5535763998272],[89.86532089828441,26.554656424027602],[89.863307879405,26.555123029033503],[89.86172676262281,26.5552571255256],[89.85908888998391,26.5556610854835],[89.8571286220766,26.5559974837135],[89.8554721964884,26.5560636925189],[89.8545688486309,26.5560628051278],[89.8535115879467,26.5566713146743],[89.8520049017673,26.557482786580803],[89.8498176974284,26.5585639467386],[89.8468795042063,26.5601189926162],[89.8464386906913,26.5604932014242],[89.8458907077964,26.5609583818432],[89.8453035595189,26.5614568034266],[89.84467191629841,26.561992988992],[89.8448091069248,26.5620414117421],[89.8452610731193,26.5618099500775],[89.8459735429914,26.5619851053628],[89.846359876577,26.5621591413813]]]},"properties":{"id":null,"description":null,"altitudeMode":null,"tessellate":null,"extrude":null,"visibility":null,"drawOrder":null,"icon":null,"AREA":null,"PERIMETER":null,"division":"BuxaTR_EAST","beat":"Balapara","range":"Bholka","layer":"master","path":"C:/Users/user/OneDrive/Desktop/Buxaroad/master.geojson","fill-opacity":0,"stroke-opacity":1,"stroke":"#ff0000","SID":"028","DID":"003","RID":"001","BID":"001","State":"West_Bengal","Beat_Ar":9.23929}},
{"type":"Feature","geometry":{"type":"Polygon","coordinates":[[[89.8185862687242,26.518055227934802],[89.81853871446171,26.517963344181602],[89.8184612028418,26.517811498161702],[89.8184620501261,26.5172407422798],[89.8186547154162,26.515979479512602],[89.8192321682131,26.514203456188202],[89.8197444724096,26.5122551238439],[89.8204521771187,26.508874322579203],[89.82096412446741,26.507212773448202],[89.8213484670536,26.5052068573201],[89.8218634376844,26.5031439964999],[89.8221192182626,26.5016540734258],[89.8225057834171,26.4998201390392],[89.8228890346482,26.49855924762],[89.8238804160767,26.4965274945056],[89.8245201299035,26.493250472857802],[89.8250455410772,26.492464595713702],[89.8309897108748,26.4924719406327],[89.8343106139119,26.4923186071513],[89.8377816403562,26.492426915442902],[89.8376701508445,26.4931319153826],[89.837792842191,26.4950811204041],[89.838053223494,26.4953154707317],[89.8395762731927,26.4966879488362],[89.8419946066769,26.498181066627502],[89.8439053082983,26.4985271160624],[89.8453046443845,26.500477795113703],[89.8459388688111,26.502541882447],[89.8472103078208,26.5046067116088],[89.8491207114362,26.5052969951183],[89.8500111137952,26.5072466246506],[89.8510305293999,26.5083940093774],[89.85115294180541,26.510572729732402],[89.8512779750805,26.5128650553053],[89.8524221092337,26.5145863348759],[89.8545868464836,26.5165373616543],[89.8558591902752,26.5181621894911],[89.8542383220904,26.5183285672209],[89.85217095836511,26.5185588350594],[89.851292992347,26.518557866514502],[89.84997345661,26.5185564372373],[89.8473243518255,26.518553672485],[89.8441585742348,26.518492142895703],[89.84028026563091,26.518429619423802],[89.8365324145274,26.5184253678423],[89.8347788363959,26.518423202429503],[89.8329775906207,26.5184210662849],[89.82890664264781,26.5181258220641],[89.8248349595773,26.518237097059803],[89.8208941543796,26.5180583871892],[89.8185862687242,26.518055227934802]]]},"properties":{"id":null,"description":null,"altitudeMode":null,"tessellate":null,"extrude":null,"visibility":null,"drawOrder":null,"icon":null,"AREA":null,"PERIMETER":null,"division":"BuxaTR_EAST","beat":"Barobisha","range":"Bholka","layer":"master","path":"C:/Users/user/OneDrive/Desktop/Buxaroad/master.geojson","fill-opacity":0,"stroke-opacity":1,"stroke":"#ff0000","SID":"028","DID":"003","RID":"001","BID":"002","State":"West_Bengal","Beat_Ar":7.14403}},
{"type":"Feature","geometry":{"type":"Polygon","coordinates":[[[89.6186380313335,26.722148253564],[89.61684821943341,26.7199987620688],[89.615683902472,26.7186988090423],[89.6141710782877,26.717953572481303],[89.61328140324271,26.717209947709502],[89.6123196020167,26.7162192619617],[89.611566859688,26.7151052068923],[89.6114328311655,26.7138696010547],[89.6114373283296,26.7125111551918],[89.6116506997363,26.7110290671528],[89.6117230439105,26.7096704111573],[89.611590446278,26.7080024816882],[89.610977933179,26.7062712143606],[89.6101601067821,26.7036130905467],[89.6096848058939,26.7022527749899],[89.6090045904948,26.7005270607853],[89.60902691010081,26.699861002863702],[89.6095445265708,26.6975692117515],[89.609995420917,26.6964809123122],[89.6103366441864,26.6958783382542],[89.610531404665,26.695457912500903],[89.6111666549363,26.695625515059803],[89.6139701419746,26.6949683433496],[89.6157355020906,26.6944845709646],[89.61728522071961,26.6938783177867],[89.61808066247231,26.693438038366303],[89.6186820934715,26.6931040339744],[89.6202181145547,26.692066728446402],[89.6210974768497,26.691301171089503],[89.6222312313764,26.690315268305],[89.6235707053789,26.6894082111776],[89.624276425102,26.6887252808624],[89.6251576235328,26.6881362106799],[89.6261440826311,26.6876062728921],[89.6274839953408,26.686536179799702],[89.6284051730392,26.686010926286002],[89.6298800722621,26.6851702150723],[89.63202530370461,26.684472343159403],[89.63554537692231,26.6834965702723],[89.6370818116154,26.6830651019728],[89.6396063220747,26.6823226839529],[89.6419923966674,26.6816847588006],[89.6449922363311,26.6807737332763],[89.6481096902131,26.6799532070685],[89.649136624887,26.679313228283903],[89.6494670333244,26.6830619241322],[89.649782427839,26.68596620824],[89.65010046475601,26.687999086132702],[89.6506774324649,26.689161797463],[89.6511312453385,26.6894534432441],[89.6529432612302,26.689225289372303],[89.6540436069381,26.689290537357703],[89.65417089027561,26.690389684266002],[89.6540349399803,26.6921895712852],[89.65402496885011,26.6956153901134],[89.6538911713577,26.6975314337095],[89.6533657187333,26.6993302347763],[89.6524566572683,26.7008963587725],[89.65212727971401,26.7026375923569],[89.65205320706781,26.7055988626801],[89.6519786738289,26.7087341294222],[89.65197300642521,26.7106503640756],[89.652810621494,26.712046325229903],[89.6532614747724,26.7133825100246],[89.65319201996701,26.7147763854818],[89.6524592621481,26.716138538686],[89.6508331757155,26.7153851540712],[89.6488540395423,26.7150346131275],[89.6479874755684,26.714882008586002],[89.6464065176638,26.7150197201642],[89.6449016244,26.7157261633224],[89.6436345428627,26.7167171805869],[89.6421278261537,26.7180623408034],[89.6407021171195,26.7191234200233],[89.6390390307676,26.7197583210929],[89.6374587071619,26.719683302002903],[89.6361142447421,26.7196799818649],[89.6350850350848,26.720103330138702],[89.6337383512602,26.720810366292902],[89.6320766300459,26.7210187909069],[89.6307334359745,26.720589588361502],[89.6298662319632,26.7198776786285],[89.6293170793127,26.718669162890603],[89.62845119234301,26.717531410572],[89.62766226249,26.716677584443],[89.6261640409816,26.716034674613702],[89.6246617735422,26.715888676964102],[89.6231592662663,26.7158137297968],[89.6221294667875,26.716450182895002],[89.6209372049973,26.7183639748022],[89.6202989107791,26.7199242650176],[89.6195053562068,26.7212711670381],[89.6186380313335,26.722148253564]]]},"properties":{"id":null,"description":null,"altitudeMode":null,"tessellate":null,"extrude":null,"visibility":null,"drawOrder":null,"icon":null,"AREA":null,"PERIMETER":null,"division":"BuxaTR_EAST","beat":"Bhutiabasti","range":"Jainti","layer":"master","path":"C:/Users/user/OneDrive/Desktop/Buxaroad/master.geojson","fill-opacity":0,"stroke-opacity":1,"stroke":"#ff0000","SID":"028","DID":"003","RID":"004","BID":"001","State":"West_Bengal","Beat_Ar":13.9404}},
{"type":"Feature","geometry":{"type":"Polygon","coordinates":[[[89.5962045819907,26.784334623329002],[89.5938417982514,26.781167985144503],[89.59206099039591,26.779854520804403],[89.5905247139796,26.777684945181303],[89.58915429147001,26.7755825721445],[89.58811036838381,26.7742816183375],[89.5859787704829,26.7712757882935],[89.5854305108149,26.769869975147],[89.5842120003783,26.7674911706576],[89.5838949019891,26.7668720734652],[89.5836882806913,26.7648439889969],[89.5850652966818,26.7629078233224],[89.58592377781571,26.7611438535404],[89.5858901302375,26.7606919028482],[89.5842494341949,26.760426637292003],[89.58193280413191,26.7600848943874],[89.578915764367,26.7594988417985],[89.5764216071581,26.7588620462094],[89.5730262333081,26.757955789653],[89.5710618508678,26.7575259033105],[89.5689511932291,26.757254972527402],[89.5679639991561,26.757063747881503],[89.5661558518153,26.7565666320869],[89.5642426927941,26.7559161192472],[89.5619128926413,26.7544100830439],[89.5605059378132,26.7535345168557],[89.56040815322581,26.7534732753066],[89.55984382688901,26.753122215346302],[89.559500258166,26.752908587543402],[89.55795646815051,26.750323029501303],[89.55846950229841,26.7489394987981],[89.5613617524762,26.7478579227607],[89.5640066229875,26.7470139385936],[89.56697818068841,26.7448766826928],[89.57083468139881,26.7426192617506],[89.57276213352671,26.741351636362502],[89.573901890947,26.741042269774702],[89.5772480442555,26.740134673124],[89.5808715962553,26.739702450722],[89.583964402181,26.7393697156492],[89.586250764606,26.738911460463],[89.5892437386917,26.7390371385524],[89.5913871552026,26.7399520622324],[89.5915680268205,26.7399441017169],[89.5916335540091,26.739911497052102],[89.5943140084339,26.7381373672649],[89.59559440238661,26.737085989986202],[89.5965415489164,26.7364698303315],[89.5977130199627,26.7357081527819],[89.5998086164119,26.735132273046503],[89.6007644684847,26.7348696160206],[89.60231621362391,26.734609217408302],[89.6049664081021,26.7342627217553],[89.6064519800575,26.734201276289802],[89.6077830488104,26.7337563626576],[89.60882635793891,26.7336925944049],[89.609585347929,26.733674922875302],[89.6105202204901,26.7337082577567],[89.6116935986303,26.733832770850203],[89.6124662360488,26.7335143169158],[89.6129871340605,26.7332906657495],[89.6136668333823,26.732999210743202],[89.614771462211,26.732585583615002],[89.6189015375941,26.730802604224802],[89.61923380505421,26.7314222951291],[89.6209673398623,26.733982699584303],[89.62285810655621,26.7361171473081],[89.624538756503,26.7379553479353],[89.6265851687205,26.738593642960403],[89.62923111540691,26.7395944095096],[89.6317993347044,26.74059461315],[89.6338106934122,26.741225309846],[89.6357098103034,26.7415984040224],[89.6367765212299,26.7420978692486],[89.6373079739904,26.7425426216299],[89.63794028791341,26.742899629009003],[89.639284317064,26.743115553000703],[89.6399124092152,26.744039977449102],[89.6405417869197,26.745390480457402],[89.6406188942254,26.7464555313251],[89.6405338001079,26.748017370277502],[89.6406868288624,26.7497924513519],[89.640917410151,26.7516388214218],[89.64146651024781,26.753769687513103],[89.6425665318131,26.7557601931282],[89.6432722625112,26.7576788578763],[89.6445342607594,26.759314964576703],[89.6461884371194,26.761022624118702],[89.6473709690469,26.7623742496785],[89.64831696048701,26.7637963055458],[89.64870717875121,26.7653593588944],[89.64870339821,26.7666368407201],[89.6484640267861,26.7676302853727],[89.6481420032858,26.7694044110927],[89.6474273254599,26.7704676990877],[89.64592096610511,26.7714578771943],[89.6444155709837,26.7720929968639],[89.64291085191431,26.7725151867302],[89.6417260028189,26.7727255272571],[89.6402978243495,26.7735740226612],[89.6394255610254,26.774352597477],[89.6382352219599,26.775557008027],[89.6364916446022,26.776759367224102],[89.6357062737539,26.7770710556807],[89.6343544206989,26.777605875817603],[89.6333251735341,26.7778876647255],[89.6312680794491,26.7780245443141],[89.62928996929361,26.777806576783203],[89.6271571615687,26.7772330760491],[89.62533902848071,26.776518867410303],[89.6228908908068,26.775518605770202],[89.6206792478506,26.7744479046805],[89.6194134070948,26.7740188572685],[89.6183851297895,26.7740159915291],[89.6176726959489,26.774297980856602],[89.6175410817606,26.7745352395854],[89.6171946603242,26.7751491710105],[89.61671804455051,26.776354532159303],[89.6159185886498,26.7786952454727],[89.6140935203114,26.7801103337504],[89.6125087983937,26.781100220294903],[89.61076721962141,26.781592745201102],[89.6085506008438,26.782012835474102],[89.6058585936119,26.782502599862003],[89.6033244742599,26.783134338426702],[89.6003968133099,26.7834109501817],[89.59778556673591,26.783758647706403],[89.5962045819907,26.784334623329002]]]},"properties":{"id":null,"description":null,"altitudeMode":null,"tessellate":null,"extrude":null,"visibility":null,"drawOrder":null,"icon":null,"AREA":null,"PERIMETER":null,"division":"BuxaTR_EAST","beat":"Buxaduar","range":"Buxaduar","layer":"master","path":"C:/Users/user/OneDrive/Desktop/Buxaroad/master.geojson","fill-opacity":0,"stroke-opacity":1,"stroke":"#ff0000","SID":"028","DID":"003","RID":"002","BID":"001","State":"West_Bengal","Beat_Ar":29.801}},
{"type":"Feature","geometry":{"type":"Polygon","coordinates":[[[89.578899640244,26.7085477380072],[89.57665154550881,26.709720872385603],[89.5756738722534,26.7097574394631],[89.57462006352931,26.7100241168874],[89.57436035094071,26.7102562793111],[89.5732166303081,26.711052704562203],[89.5725233792033,26.711680264608802],[89.5719144035737,26.7119278713701],[89.5717452378047,26.7128378041712],[89.571581351438,26.713675203161703],[89.5708826239487,26.714385725722103],[89.5706340538092,26.714994232460903],[89.5697625480808,26.7155574906179],[89.56870753796541,26.7161179872033],[89.5666746426573,26.7161112158335],[89.5655248673587,26.7164637754145],[89.5634029140362,26.716754894346803],[89.5627852088853,26.7166215725382],[89.5600935114363,26.716715054467702],[89.5586356464849,26.716765832242302],[89.5544856088335,26.717060002681002],[89.5508536180119,26.7172651749532],[89.549005169615,26.717632320989402],[89.5460040545769,26.7178101467841],[89.5455838867029,26.7179142922622],[89.545475714161,26.7179411382046],[89.5427614994833,26.7179987245511],[89.54170087301421,26.7180280700296],[89.54112034763641,26.7173793051955],[89.54024328275351,26.7161037701884],[89.53965487795631,26.713023911345502],[89.5390086980087,26.7105707307417],[89.5371875906961,26.7072329880891],[89.5369149396606,26.7069071344369],[89.5316008198253,26.7005570730057],[89.5276559719002,26.697433108966802],[89.5269706238586,26.6967058854277],[89.5269054693786,26.6966369334564],[89.5261699828329,26.6958589219205],[89.5246890164633,26.694293123748],[89.5233375439288,26.6929780281618],[89.5216856088871,26.6896334380942],[89.5215836175589,26.6862983774292],[89.5239763210175,26.6860678666077],[89.5279275393391,26.685616306902702],[89.530968221346,26.6853939031344],[89.5325233297285,26.685398769241303],[89.5347880940419,26.685115600951],[89.5374422981191,26.684775991263002],[89.5401622750451,26.6843778045839],[89.5429469430876,26.684096739312302],[89.5450177241992,26.683928892957102],[89.54611067232861,26.683874644859202],[89.54715397749361,26.683703052905003],[89.54974544962751,26.683362491919702],[89.55259349197131,26.6829071107671],[89.5555720017165,26.6825094592314],[89.5589396300092,26.6821717537983],[89.5621674945536,26.6815822724881],[89.5626954937823,26.6814856328719],[89.5664504337935,26.6810326424389],[89.5694886435278,26.680758123010502],[89.5684450610749,26.6830745265983],[89.5675952440849,26.685279075324303],[89.5672666893454,26.6864975939174],[89.567197213962,26.6882975539791],[89.5671253693471,26.6900394469736],[89.5675729097041,26.691317888187303],[89.5681639830361,26.6918307853294],[89.5692509570261,26.6927750008169],[89.5713113030044,26.6954523048948],[89.573633520154,26.698014140378],[89.5761488629833,26.700054047723203],[89.5771789595516,26.701450882432702],[89.57791991868281,26.7029135415925],[89.5790236512904,26.7027300390635],[89.5804491865611,26.702501757613202],[89.5810172519252,26.7024232116493],[89.5814709535786,26.7034513947508],[89.581708445316,26.7044828418482],[89.58141018916321,26.706382930816602],[89.5799894151943,26.7073768081023],[89.578899640244,26.7085477380072]]]},"properties":{"id":null,"description":null,"altitudeMode":null,"tessellate":null,"extrude":null,"visibility":null,"drawOrder":null,"icon":null,"AREA":null,"PERIMETER":null,"division":"BuxaTR_EAST","beat":"Buxaroad","range":"Buxaduar","layer":"master","path":"C:/Users/user/OneDrive/Desktop/Buxaroad/master.geojson","fill-opacity":0,"stroke-opacity":1,"stroke":"#ff0000","SID":"028","DID":"003","RID":"002","BID":"002","State":"West_Bengal","Beat_Ar":14.9547}},
{"type":"Feature","geometry":{"type":"Polygon","coordinates":[[[89.8413591823406,26.5815473665568],[89.84446011662081,26.580737838436],[89.84736990166161,26.580102461231],[89.849182985505,26.5795239013474],[89.8513829644409,26.5784809209242],[89.8549389006852,26.576974939004902],[89.8555867535908,26.5767470865589],[89.85558813003361,26.5756400031464],[89.8555902127957,26.574014343413403],[89.8555275112723,26.5719236941149],[89.8550785883769,26.5696584691059],[89.85469228480001,26.5676264694149],[89.8540483547239,26.566696722586602],[89.8529502803718,26.5658823108383],[89.8512691071576,26.5656487686744],[89.84971845058921,26.5653565449871],[89.8486850154886,26.564948723281802],[89.8478458825586,26.5637287879739],[89.8469411652437,26.562799016061202],[89.846359876577,26.5621591413813],[89.8459735429915,26.5619851053628],[89.8452610731193,26.5618099500775],[89.8448091069248,26.5620414117421],[89.84467191629841,26.561992988992102],[89.8453035595189,26.5614568034266],[89.8458907077964,26.5609583818432],[89.8462178509435,26.5606806720435],[89.8468795042063,26.5601189926162],[89.8498176974285,26.5585639467386],[89.8520049017673,26.557482786580803],[89.8535115879467,26.5566713146743],[89.8545688486309,26.5560628051278],[89.8554721964884,26.5560636925189],[89.8571286220766,26.5559974837135],[89.85908888998391,26.5556610854835],[89.86172676262281,26.5552571255256],[89.8633078794051,26.555123029033503],[89.86532089828441,26.554656424027602],[89.86614032395491,26.555641338540102],[89.8652444745959,26.5578190191321],[89.865051918137,26.5593090075525],[89.8651122919094,26.5613726096176],[89.8643981404462,26.5646761110568],[89.864342742081,26.5649255472549],[89.8645551079985,26.565647171278503],[89.865121085633,26.5666692541873],[89.8650576100503,26.567299754983],[89.865310754267,26.5676441130472],[89.8649285087702,26.5682742905466],[89.8647225975307,26.5683649742291],[89.8666320260081,26.5710037634412],[89.8677775409718,26.5722655086101],[89.8679680877986,26.5724062478074],[89.86917931318061,26.573299129224],[89.87083627087151,26.575019662343102],[89.8727481704427,26.5755945033196],[89.8747889540608,26.5753673527065],[89.8767002188807,26.5765151333656],[89.87835783360511,26.577892392734302],[89.880651530028,26.5783526616644],[89.8810347991425,26.579040690088203],[89.8811582530631,26.5809897942083],[89.8812843787606,26.5828240961759],[89.8821763357357,26.5844302702028],[89.8829401186269,26.5861500844195],[89.88255524799101,26.587066832925302],[89.88114987144421,26.589128983087],[89.88035748541941,26.5908668976843],[89.8800002120022,26.5916507437515],[89.8808922137044,26.593256075512002],[89.88203734794621,26.595320489067102],[89.8816541728696,26.5968104780321],[89.8798648583997,26.598757869810303],[89.8806290386082,26.6001342343305],[89.8815200375151,26.602886381842],[89.8821559106642,26.604721244508102],[89.88279133421071,26.6068995598945],[89.8835545400651,26.6094221620571],[89.8815106980631,26.6121720881351],[89.8792144317435,26.611138349738102],[89.8767928304277,26.6099903377991],[89.87411498310371,26.609185455528802],[89.8715642351038,26.6090685677846],[89.8693942729918,26.6098689728787],[89.8686280988716,26.6102123729915],[89.8665870520277,26.610096010231203],[89.8639085602512,26.609863927252402],[89.8635276174041,26.609290591123003],[89.8589674946873,26.6037378866557],[89.8567214952467,26.600999939297303],[89.8532192911366,26.5970554127394],[89.8530736723898,26.597123017243202],[89.8520913064782,26.5977282939105],[89.8507804800094,26.5980598157307],[89.8493228636194,26.5974542368496],[89.8489584403963,26.5957682181572],[89.84850011259141,26.5949324725895],[89.8483736971214,26.5937105953267],[89.8493362483859,26.5928896038939],[89.8465915441122,26.5879382023883],[89.8413591823406,26.5815473665568]]]},"properties":{"id":null,"description":null,"altitudeMode":null,"tessellate":null,"extrude":null,"visibility":null,"drawOrder":null,"icon":null,"AREA":null,"PERIMETER":null,"division":"BuxaTR_EAST","beat":"Changmari","range":"Bholka","layer":"master","path":"C:/Users/user/OneDrive/Desktop/Buxaroad/master.geojson","fill-opacity":0,"stroke-opacity":1,"stroke":"#ff0000","SID":"028","DID":"003","RID":"001","BID":"003","State":"West_Bengal","Beat_Ar":13.8221}},
{"type":"Feature","geometry":{"type":"Polygon","coordinates":[[[89.7517797554276,26.5628661071898],[89.7504879817814,26.5625473195536],[89.7500994264053,26.5623721995955],[89.7466118739454,26.560856582578502],[89.7447378087529,26.5605747972373],[89.7427058167832,26.560273776539102],[89.7405652691225,26.560229826674803],[89.73814628715171,26.5601334198006],[89.7347915456955,26.5599164389326],[89.73305143135501,26.559236657849603],[89.7311840730198,26.558335066517103],[89.7283684438646,26.5572597287865],[89.7250457630161,26.5562158762973],[89.7243413633326,26.5559466693734],[89.7227711094116,26.5556442611947],[89.7197985960948,26.5551741249069],[89.7168257985216,26.5548195478069],[89.7144984715686,26.5542346173276],[89.7132722973348,26.5538833906486],[89.7127562146163,26.553533738549802],[89.7119159348341,26.5534158485044],[89.71072398806861,26.5533602836385],[89.7108486850545,26.5526977790443],[89.7122525826889,26.5522420636498],[89.7130231334734,26.5501801093958],[89.7153197001585,26.5489234347002],[89.714558698258,26.5472022932888],[89.71290404213481,26.546625842679802],[89.7107386231274,26.5455896677929],[89.7104894865693,26.5438693820834],[89.7117676145649,26.5424961598405],[89.71444355028311,26.5430746799505],[89.7159736097891,26.5422753460961],[89.7162346259846,26.540211919516],[89.7149639513854,26.538604376812902],[89.71305346989351,26.5380276282763],[89.71165271817651,26.5373364230871],[89.7116527622998,26.537286790943803],[89.7116578668298,26.5352729829201],[89.7128108942556,26.5327532483707],[89.7134512130232,26.5314931722352],[89.7142548302788,26.5311932991665],[89.7153340140143,26.529058800645],[89.7163599475405,26.527109646810302],[89.716920309283,26.526725843766602],[89.7210832105641,26.5264306919045],[89.7240178909686,26.5266655397775],[89.72605950816481,26.5268990555603],[89.7268384365583,26.5264006060453],[89.7269539991557,26.526327009977702],[89.7270083481033,26.525655196803502],[89.7293422962739,26.5263602760266],[89.731507999047,26.527230924759703],[89.7319661523629,26.5276429759203],[89.7336709501003,26.5291844380047],[89.7363178537184,26.5302724768083],[89.7367515834715,26.530384484414903],[89.7380027349901,26.5307089855878],[89.7391581974074,26.532335774505903],[89.740493707704,26.5331025164255],[89.743065916879,26.533991122577902],[89.7448508811681,26.5346098976423],[89.7464495894576,26.535529854476],[89.7481534218636,26.536605851337],[89.7498404940436,26.5372283041273],[89.75205929608781,26.538060184824403],[89.7557570540643,26.5395181085318],[89.7565679759039,26.540467704861],[89.7565033305777,26.541377933850303],[89.7564440370803,26.5432733820008],[89.7560335026715,26.5451740199952],[89.755600574465,26.5457960932561],[89.7555676000419,26.547116230522303],[89.7555541134576,26.547608475874203],[89.7550425261554,26.548605443614502],[89.75469036750161,26.549002613246103],[89.7546334062727,26.550970221577103],[89.7544737497775,26.551730193030803],[89.7540632497531,26.552384978396002],[89.7537938816216,26.5528121424961],[89.7532831811969,26.554567374082403],[89.7527134883204,26.5569282082857],[89.75246580217811,26.557769350773402],[89.7512081734452,26.5614400709374],[89.7515744351001,26.562641072730802],[89.7517797554276,26.5628661071898]]]},"properties":{"id":null,"description":null,"altitudeMode":null,"tessellate":null,"extrude":null,"visibility":null,"drawOrder":null,"icon":null,"AREA":null,"PERIMETER":null,"division":"BuxaTR_EAST","beat":"Chipra","range":"SouthRydak","layer":"master","path":"C:/Users/user/OneDrive/Desktop/Buxaroad/master.geojson","fill-opacity":0,"stroke-opacity":1,"stroke":"#ff0000","SID":"028","DID":"003","RID":"007","BID":"001","State":"West_Bengal","Beat_Ar":12.165}},
{"type":"Feature","geometry":{"type":"Polygon","coordinates":[[[89.5962045819907,26.784334623329002],[89.5960433638933,26.784392847445602],[89.59421864176811,26.7856658406542],[89.5923174305027,26.7864411007987],[89.5902587158731,26.787003510852703],[89.5879642216987,26.787351971057802],[89.58590690725211,26.787488484027],[89.5840849055708,26.7879091180891],[89.5821841342959,26.7885429587205],[89.5796474895471,26.7898136044186],[89.5769551358314,26.7910126276652],[89.5739441567943,26.7919980179745],[89.5713314244326,26.7927005739955],[89.5683207464613,26.7935437159006],[89.5665522890677,26.793710015118002],[89.5653927232741,26.793818773641803],[89.5652311088966,26.7946708006967],[89.5650641109567,26.797012980084702],[89.564187421422,26.798785214851],[89.56259701670041,26.8011234372679],[89.5607663609195,26.8038156767482],[89.5593362134619,26.8055861149622],[89.55775208569611,26.806220367161302],[89.5560879904354,26.8066414460828],[89.5543474894234,26.806707180693802],[89.5519741361863,26.8064868640675],[89.5497604004447,26.805983032657],[89.5477057251047,26.805338110538802],[89.5458099426849,26.804550978271102],[89.5445452587649,26.8044760114971],[89.5432768996003,26.8046853319811],[89.5411381805221,26.805601552560102],[89.5393154388062,26.806092979347103],[89.5369383042396,26.8068662284754],[89.5347193023247,26.807711037529],[89.5331354488665,26.8082031690463],[89.5311559615368,26.808267835351902],[89.5292583102011,26.807978235908802],[89.5273617091318,26.807404057808],[89.5252282495168,26.806971162998202],[89.5234884770304,26.806823316292903],[89.5214307355525,26.806958910973],[89.5200846390386,26.807096672057803],[89.5183434908056,26.8073035381428],[89.5165212382911,26.807652539972],[89.514385960502,26.8076456090651],[89.5129623075918,26.807073202687],[89.5116186888127,26.8066428994921],[89.5099653559883,26.8050751919798],[89.50916980323001,26.804058907011402],[89.50984995646121,26.803172612617],[89.511353209842,26.801525102238802],[89.5126616235423,26.8001334724255],[89.514587218797,26.798479422718],[89.5171895471601,26.7955183066675],[89.5177681809094,26.7930081579808],[89.51896738522821,26.790621326766],[89.52015974606161,26.787410260045302],[89.5211900851378,26.7857059916385],[89.521964383417,26.7851392671427],[89.522587228328,26.7846824638099],[89.52265517964041,26.7846749619817],[89.525422424788,26.7843520518795],[89.52824493195891,26.7840375134847],[89.53019611102741,26.7840375051432],[89.5322270786248,26.7854892053654],[89.5334723874849,26.785972841529702],[89.5354133866456,26.785380381295003],[89.5377980155472,26.785145714591902],[89.53942187963071,26.7839779874909],[89.5398934926152,26.783639510598903],[89.5408337122805,26.7817226164329],[89.5423604833892,26.777728270829503],[89.54257375088291,26.776514169963402],[89.54285409914131,26.7749169383466],[89.544577074408,26.7721417815696],[89.5447463671822,26.771902480999803],[89.5456082194338,26.7707520553149],[89.5475033267071,26.7682789794333],[89.5474888194593,26.767444690637102],[89.5474661523649,26.7661612598095],[89.5472504830433,26.7640556490918],[89.54714869445141,26.7624425769194],[89.5471248969605,26.7620911793717],[89.5468329578499,26.760210595556302],[89.5473153241694,26.757023459454903],[89.5478392996665,26.7567436059639],[89.548429140894,26.7556703155389],[89.549834499335,26.754981746991202],[89.5515182144448,26.754450847331302],[89.55338428169141,26.754215152873602],[89.55487152317811,26.753807355887602],[89.5562703329649,26.753494143771903],[89.5582746491766,26.7533048018564],[89.55984382688901,26.753122215346302],[89.56040815322581,26.7534732753066],[89.5605059378132,26.7535345168557],[89.5619128926413,26.7544100830439],[89.5642426927941,26.7559161192472],[89.5661558518153,26.7565666320869],[89.5679639991561,26.757063747881503],[89.5689511932291,26.757254972527402],[89.5710618508678,26.7575259033105],[89.5730262333081,26.757955789653],[89.5764216071581,26.7588620462094],[89.578915764367,26.7594988417985],[89.58193280413191,26.7600848943874],[89.5842494341949,26.760426637292003],[89.5858901302375,26.7606919028482],[89.58592377781571,26.7611438535404],[89.5850652966818,26.7629078233224],[89.5836882806913,26.7648439889969],[89.5838949019891,26.7668720734652],[89.5842120003783,26.7674911706576],[89.5854305108149,26.769869975147],[89.5859787704829,26.7712757882935],[89.58811036838381,26.7742816183375],[89.58915429147001,26.7755825721445],[89.5905247139796,26.777684945181303],[89.59206099039591,26.779854520804403],[89.5938417982514,26.781167985144503],[89.5962045819907,26.784334623329002]]]},"properties":{"id":null,"description":null,"altitudeMode":null,"tessellate":null,"extrude":null,"visibility":null,"drawOrder":null,"icon":null,"AREA":null,"PERIMETER":null,"division":"BuxaTR_EAST","beat":"Chunabhati","range":"Buxaduar","layer":"master","path":"C:/Users/user/OneDrive/Desktop/Buxaroad/master.geojson","fill-opacity":0,"stroke-opacity":1,"stroke":"#ff0000","SID":"028","DID":"003","RID":"002","BID":"003","State":"West_Bengal","Beat_Ar":25.6758}},
{"type":"Feature","geometry":{"type":"MultiPolygon","coordinates":[[[[89.68775815767701,26.653911006358502],[89.6879519299445,26.654753555151903],[89.6877867070302,26.6554497985354],[89.6874637246667,26.6560303302521],[89.6868475629802,26.6563188238134],[89.6862649547099,26.6563175874377],[89.6858763527572,26.6560269664982],[89.68552352201,26.655532599468902],[89.6853618376594,26.654980402622],[89.6853965780209,26.6541963223573],[89.6855286288237,26.6536448580753],[89.6859168036908,26.653152100824702],[89.6861758965485,26.6530077350912],[89.6866306263978,26.6529507129117],[89.68724266690751,26.6532132897293],[89.68775815767701,26.653911006358502]]],[[[89.6729958555167,26.6581179506558],[89.67315849668461,26.6583213218938],[89.67318782540491,26.6586407596142],[89.6731563262341,26.659105298750703],[89.67295885094211,26.6596854445029],[89.6724718127263,26.660497147426103],[89.6716603397157,26.661453961648903],[89.671043429272,26.6619747632472],[89.67043026718031,26.6621190521717],[89.670235442175,26.6617118919406],[89.6702041991976,26.6612182019199],[89.6703369694834,26.6604637030298],[89.6706300079944,26.6598257510995],[89.6713434738068,26.658898299699203],[89.6724786806038,26.658029311628702],[89.672802631498,26.658088086738502],[89.6729958555167,26.6581179506558]]],[[[89.6767202149047,26.682881078042602],[89.67702962286761,26.6827146986504],[89.6774810949556,26.6811679573565],[89.6778027020796,26.680251323373902],[89.6783788172502,26.6789918647022],[89.679404880443,26.677675176203],[89.6799171539045,26.6768166215363],[89.68074884356311,26.675844292711],[89.6819640955227,26.675158701477702],[89.6827955954693,26.6741860817691],[89.6835638892818,26.673442625936403],[89.6847777091868,26.6732158353408],[89.685613036966,26.672749336157302],[89.6857991219867,26.6726447549428],[89.686758023408,26.6729333699631],[89.68617989971071,26.6739639031126],[89.6850930615182,26.6745921647689],[89.68426371002501,26.6747624951454],[89.6836223025309,26.6759649432677],[89.6832357710219,26.6767661792369],[89.6821472947948,26.6779677357319],[89.6818259871075,26.678827411737],[89.6822092327868,26.679229210372],[89.6831015861675,26.6790589872794],[89.6840616176856,26.678889081033002],[89.68495327764491,26.678948680744],[89.6858474462624,26.679007962936602],[89.686358346478,26.6786648898759],[89.6870635794321,26.677978283950402],[89.687444527737,26.6782661694197],[89.6878243071595,26.6790692722968],[89.68718317222701,26.6802147691529],[89.6873741805571,26.6811323580608],[89.6877545036135,26.6817061923092],[89.6862848197283,26.6826774257779],[89.68513187838201,26.683534611821702],[89.6842433491197,26.6841892705111],[89.6832463153686,26.684068036891002],[89.6813050307053,26.6837733159333],[89.678912237871,26.683303450726],[89.6767202149047,26.682881078042602]]],[[[89.67665476854981,26.6829154112813],[89.6775048870966,26.6834904730416],[89.678167160694,26.6838167821131],[89.6784679363858,26.684088158973502],[89.67846735491611,26.6843047383844],[89.6782861617128,26.684412636653903],[89.67792349137271,26.6847372861573],[89.6778624622,26.685007879786102],[89.6779823407667,26.6852791473251],[89.6784034205472,26.685604931998],[89.67864405368461,26.6858225967854],[89.67858288052341,26.6861473354679],[89.678280499432,26.686471552461],[89.6778567887538,26.6870665138272],[89.67749279760281,26.6878784662123],[89.67743046689691,26.6886372091102],[89.6774748757219,26.688944621354903],[89.67643739283591,26.688872888190502],[89.6751431141094,26.6890438854271],[89.6717139264824,26.6889781480306],[89.66711844560291,26.6890839984633],[89.6612914769581,26.6893612442257],[89.6570202587213,26.6894674713125],[89.6540436069381,26.689290537357703],[89.6529432612302,26.6892252893722],[89.6511312453385,26.6894534432441],[89.650677432465,26.6891617974629],[89.65010046475601,26.687999086132702],[89.649782427839,26.68596620824],[89.6494670333244,26.6830619241322],[89.649136624887,26.679313228283903],[89.6481096902131,26.6799532070685],[89.6449922363311,26.6807737332763],[89.6419923966673,26.6816847588006],[89.6396063220747,26.6823226839529],[89.6370818116154,26.6830651019727],[89.63554537692231,26.6834965702723],[89.63202530370461,26.684472343159403],[89.6298800722621,26.6851702150723],[89.6284051730392,26.686010926286002],[89.6273228429712,26.6851029374127],[89.6262346931566,26.6844242724593],[89.6263636943821,26.6833509073064],[89.62682380477641,26.6816682799179],[89.6285153456637,26.679001398669502],[89.6307216141418,26.6764515181666],[89.63293053290201,26.6737862374631],[89.63397057837861,26.672162882497602],[89.6354009645581,26.670192097546202],[89.6368967760779,26.668221388506],[89.6376111619299,26.6670622817726],[89.6380681581871,26.6654949962731],[89.6383962939984,26.6641607231513],[89.6383571809695,26.6629889034701],[89.6383364247128,26.662417812423],[89.63866455064701,26.661083538683002],[89.6387338139188,26.659805841873503],[89.6392560936558,26.658239488701902],[89.6402939509371,26.657254846912],[89.64184850612891,26.6565039048422],[89.6442480931761,26.6553483330371],[89.6468378021311,26.654425415746502],[89.6497529604701,26.6530392834543],[89.6511796452255,26.6521710117435],[89.65241266342561,26.650548102111102],[89.65340030145771,26.648622361918],[89.6534534230742,26.648518247898803],[89.6548194347751,26.6460246453629],[89.655861099937,26.6445175905598],[89.6567699688345,26.6428933612146],[89.6577468888228,26.6412116481807],[89.65826822881951,26.6398195197015],[89.6583351222327,26.6384259441459],[89.65814549073521,26.6371481717976],[89.6580215123742,26.6357540106309],[89.6573780339037,26.6342429779253],[89.6566719336648,26.6327309819468],[89.6564105448255,26.6319689753342],[89.65835433997451,26.6318641672438],[89.6606202624279,26.6315795889203],[89.6626902775783,26.6312938908206],[89.6649556606411,26.631124587931403],[89.6661214720089,26.6308948682558],[89.6665432866756,26.630943203478502],[89.6664543600987,26.631270803924803],[89.6649602836759,26.6364957578724],[89.6642621802298,26.639119498280802],[89.66343059890231,26.640091729471802],[89.6626620629347,26.6410070982396],[89.6629159594746,26.641810632051],[89.6631046592153,26.6425562753418],[89.6641234735861,26.642787669686403],[89.66527342348131,26.6429047151431],[89.665720334666,26.642905662358903],[89.666291092253,26.6435951998736],[89.666736953407,26.643997439207002],[89.6669245801864,26.6450871262546],[89.66743229756361,26.6458335180989],[89.6680724097485,26.6459494931428],[89.6684534579422,26.6461799074273],[89.66852082219471,26.646364104060503],[89.6690242448565,26.647728678884402],[89.6701067532215,26.6476741778274],[89.6704272113912,26.648075909613603],[89.6706164393773,26.648649515605403],[89.67016711245961,26.6494511777823],[89.6693350428431,26.650595467304303],[89.6688186226751,26.6520278990814],[89.6687521667725,26.6533458924922],[89.6690683089359,26.6543215421607],[89.6697667202874,26.6551251756432],[89.6699429094844,26.6558799777453],[89.67001987006441,26.6562152104397],[89.669442195366,26.657131183882502],[89.66963441494511,26.6575327366019],[89.6695661347601,26.658564241669602],[89.6693104479539,26.659308909993502],[89.6689885597989,26.6602827762626],[89.6690055047129,26.660518326047],[89.6691096808501,26.661888167399603],[89.668534226357,26.662861638973503],[89.6673172318024,26.6641771168566],[89.6657827537341,26.6649763197166],[89.664950067076,26.6662928944096],[89.6639909290871,26.6670356771846],[89.66316075118151,26.6674924028185],[89.6627089170429,26.669153883400202],[89.6620659822722,26.6708147876217],[89.66091586039481,26.671557256579103],[89.6608483405252,26.672322826183002],[89.6607832599667,26.673105004923702],[89.66103688950591,26.6731626569151],[89.6612290052566,26.673621748944402],[89.6614161661134,26.674883463085003],[89.66109688304451,26.674997191150702],[89.6600087718626,26.675968753793402],[89.65930183480171,26.6772285515482],[89.6595560090994,26.6779167454999],[89.66108841376611,26.677920473973902],[89.6623644456412,26.6779807782377],[89.6623631234675,26.678439603002],[89.6627437876359,26.678841486944602],[89.6635081233521,26.679474043932203],[89.6635062239316,26.6801621387294],[89.6632499289213,26.681021295062802],[89.6636295531587,26.6818247518107],[89.6646482532369,26.6822284302984],[89.6647131040025,26.682400531080702],[89.6655401772058,26.6830901465656],[89.6665632371855,26.6829204603547],[89.6678383355548,26.6832672327256],[89.6680925681804,26.6830958829537],[89.66892478092281,26.6828686471497],[89.66930668093751,26.682869498649403],[89.67045474013,26.682872301124],[89.67166775590421,26.6829893810845],[89.6726896764672,26.6823036118599],[89.6737119065351,26.6824209564546],[89.6737721320541,26.6824267297464],[89.674924920832,26.682538008681302],[89.6763906982015,26.683057564953202],[89.67665476854981,26.6829154112813]]]]},"properties":{"id":null,"description":null,"altitudeMode":null,"tessellate":null,"extrude":null,"visibility":null,"drawOrder":null,"icon":null,"AREA":null,"PERIMETER":null,"division":"BuxaTR_EAST","beat":"Chuniajhora","range":"Hatipota","layer":"master","path":"C:/Users/user/OneDrive/Desktop/Buxaroad/master.geojson","fill-opacity":0,"stroke-opacity":1,"stroke":"#ff0000","SID":"028","DID":"003","RID":"003","BID":"002","State":"West_Bengal","Beat_Ar":14.3574}},
{"type":"Feature","geometry":{"type":"Polygon","coordinates":[[[89.8185862687242,26.518055227934802],[89.8208941543796,26.5180583871892],[89.8248349595773,26.518237097059803],[89.82890664264781,26.5181258220641],[89.8329775906207,26.5184210662849],[89.8347788363959,26.518423202429503],[89.8365324145274,26.5184253678423],[89.84028026563091,26.518429619423802],[89.8441585742348,26.518492142895703],[89.8473243518255,26.518553672485],[89.84997345661,26.5185564372373],[89.851292992347,26.518557866514502],[89.8495862260817,26.5191945348178],[89.8477116866368,26.5196574055981],[89.8467405441731,26.5198304780675],[89.84615810479521,26.5201781202584],[89.8457057932217,26.520700311469202],[89.8457047465083,26.5214552013889],[89.8461551456602,26.5223266090969],[89.847059173663,26.523547139662902],[89.847705305676,26.524360728068302],[89.847832064006,26.5252318252369],[89.8478308520356,26.526160701431202],[89.8475712067423,26.5270895542134],[89.8476348942588,26.5282510703706],[89.8484088606691,26.5291227724457],[89.8495720877512,26.5298788648672],[89.8508634688289,26.5304023319561],[89.8524782388439,26.5311014771929],[89.8533807223657,26.5316246327305],[89.8538343959197,26.532031821622702],[89.8537681637528,26.532786431050702],[89.8531850263688,26.5335988231312],[89.8526679520568,26.533772501960602],[89.85156922639361,26.533597049828803],[89.8502123857267,26.533188929313702],[89.8484044012247,26.5324902992139],[89.84698183543381,26.5324306900431],[89.8454966904447,26.5324291225977],[89.84426681914971,26.5327183372042],[89.84381392010451,26.5336468728587],[89.8434888029335,26.534749708208],[89.8434874001334,26.535736958147602],[89.8435549226799,26.5359670281201],[89.8437446266079,26.536608057226303],[89.8445191256901,26.5372474155096],[89.8465883117769,26.5377720961484],[89.84910720121181,26.5379491270443],[89.8507225680904,26.5382413758652],[89.8514348937173,26.5384162296769],[89.851885909874,26.5388809831543],[89.8519503106411,26.5396358625222],[89.8519489829346,26.540623108114],[89.8516244410326,26.5412618045437],[89.8503320857606,26.5413184053717],[89.84942651201901,26.541201332070703],[89.8483273711645,26.541374396551802],[89.8474209494058,26.541779557790303],[89.8465170304145,26.5423017047802],[89.84574022923421,26.5432877519697],[89.8452225677245,26.5439258429727],[89.8451564488675,26.5445642704215],[89.8452206470892,26.545377245472203],[89.8457987971626,26.546422946967102],[89.8466384652054,26.547120659743],[89.8474779793241,26.547934828845],[89.8478005215396,26.5488061952433],[89.847734253235,26.549502713848],[89.8472164080657,26.5502569923702],[89.8465054897328,26.550836693449902],[89.8456633792586,26.551880833596503],[89.844886494502,26.5530414275158],[89.8437862047067,26.5538531723356],[89.84281387666691,26.5547811182287],[89.8423659083645,26.5556509337155],[89.8420725557457,26.555541381887902],[89.8349882318795,26.552139875522503],[89.8245093805682,26.5471080605658],[89.8175208330376,26.5441113202858],[89.81734567568411,26.5437963254815],[89.8176168223777,26.539079427868803],[89.8174859553658,26.5361126143544],[89.81744731368511,26.535226820119803],[89.8203382191641,26.531692025821602],[89.8206045569957,26.528311806441202],[89.8224419295527,26.527685360321],[89.8237561797448,26.5263499217465],[89.8233219258995,26.524855883224102],[89.8220998367955,26.523439060298003],[89.8218388921881,26.5219450490227],[89.8219091770946,26.5218186631766],[89.821418436942,26.521249416123503],[89.8207803766127,26.520180115565],[89.8205322263052,26.5200462484373],[89.8199886901711,26.519578060005202],[89.81976593972371,26.519265649445],[89.8195429247118,26.519065191300502],[89.8194075400428,26.5189820460908],[89.8189063864614,26.518674607964],[89.8185862687242,26.518055227934802]]]},"properties":{"id":null,"description":null,"altitudeMode":null,"tessellate":null,"extrude":null,"visibility":null,"drawOrder":null,"icon":null,"AREA":null,"PERIMETER":null,"division":"BuxaTR_EAST","beat":"Ghoramara","range":"Bholka","layer":"master","path":"C:/Users/user/OneDrive/Desktop/Buxaroad/master.geojson","fill-opacity":0,"stroke-opacity":1,"stroke":"#ff0000","SID":"028","DID":"003","RID":"001","BID":"004","State":"West_Bengal","Beat_Ar":9.59457}},
{"type":"Feature","geometry":{"type":"MultiPolygon","coordinates":[[[[89.728232844664,26.6656924546328],[89.7287588574549,26.6706823577959],[89.7294940272584,26.6731825346436],[89.7317109890136,26.672629226814003],[89.7319430038619,26.6722327277809],[89.7341884154269,26.6712286945503],[89.736685346341,26.6701129744355],[89.7362997792407,26.6717882189084],[89.7360558304175,26.671884268703803],[89.7363597844328,26.6718622102405],[89.738956574289,26.672200014635802],[89.7393225102178,26.6737002187178],[89.7393176740085,26.6758656824849],[89.7391302933765,26.6765315089234],[89.7339363773347,26.6771891228022],[89.732210426824,26.6772412815133],[89.7231990797963,26.6784885865614],[89.72270182618101,26.6773675206379],[89.72257926092101,26.6771431374017],[89.7228077935255,26.6771685541683],[89.7222544144866,26.6753347299772],[89.7202178522981,26.6739977634003],[89.71929255218251,26.673329971696802],[89.7209636956868,26.6729997481452],[89.72300351718171,26.673003689088702],[89.7235644180374,26.6726638260306],[89.7232488931766,26.6701520183761],[89.723254248133,26.6678339784854],[89.7234446516409,26.665917497517302],[89.7258061590598,26.6658041245656],[89.7273611384727,26.6656909702567],[89.728232844664,26.6656924546328]]],[[[89.7027850041988,26.7216471482654],[89.70294682896271,26.7292742054026],[89.7011565845891,26.7306169026807],[89.6990184841131,26.7323168161613],[89.6970371890643,26.733590417774],[89.6955329694383,26.7340844815539],[89.6936356927217,26.7340093881347],[89.691975395884,26.7335800685845],[89.69016068573261,26.7326534495073],[89.6879486568516,26.7317969759791],[89.6858943480202,26.731224525766102],[89.684233654346,26.7310077406826],[89.6832053551082,26.7311477384996],[89.681385816192,26.732066708119802],[89.67956399443071,26.732843557692],[89.6777414686435,26.733904642715903],[89.6757636936759,26.7347521038248],[89.6734672982145,26.7353861778646],[89.6708577906715,26.7355930323424],[89.6686438534857,26.7354466217451],[89.6669056387849,26.735087297415802],[89.665563016728,26.7343744600681],[89.6650122630442,26.7335924952303],[89.66462168172221,26.7321718960761],[89.6645468330195,26.7302549302446],[89.6639997277033,26.7281946333477],[89.6632933614864,26.7264892661109],[89.6621126415752,26.724569800670203],[89.659747421132,26.722079382774],[89.6584075844222,26.7204437464646],[89.65619974801831,26.7183084224506],[89.65601417760911,26.7181851088983],[89.6540704851174,26.7168836179364],[89.6524592621481,26.716138538686],[89.65319201996711,26.7147763854818],[89.6532614747724,26.7133825100246],[89.652810621494,26.712046325229903],[89.65197300642521,26.7106503640756],[89.6519786738289,26.7087341294222],[89.65205320706781,26.7055988626801],[89.65212727971401,26.7026375923569],[89.6524566572683,26.7008963587725],[89.6533657187333,26.6993302347763],[89.6538911713577,26.6975314337095],[89.65402496885011,26.6956153901134],[89.6540349399803,26.6921895712852],[89.65417089027561,26.690389684266002],[89.6540436069381,26.689290537357703],[89.6570202587213,26.6894674713125],[89.6612914769581,26.6893612442257],[89.66711844560291,26.6890839984633],[89.6717139264824,26.6889781480306],[89.6751431141094,26.6890438854271],[89.67643739283591,26.688872888190502],[89.6774748757219,26.688944621354903],[89.67743046689691,26.6886372091102],[89.67749279760281,26.6878784662123],[89.6778567887538,26.6870665138272],[89.678280499432,26.686471552461],[89.67858288052341,26.6861473354679],[89.67864405368461,26.6858225967854],[89.6784034205472,26.685604931998],[89.6779823407667,26.6852791473251],[89.6778624622,26.685007879786102],[89.67792349137271,26.6847372861573],[89.6782861617128,26.684412636653903],[89.67846735491611,26.6843047383844],[89.6784679363858,26.684088158973502],[89.678167160694,26.6838167821131],[89.6775048870966,26.6834904730416],[89.67665476854981,26.6829154112813],[89.6767202149047,26.682881078042602],[89.678912237871,26.683303450726],[89.6813050307053,26.6837733159333],[89.6832463153686,26.684068036891002],[89.6842433491197,26.6841892705111],[89.68448945791981,26.685138636747002],[89.6845527584073,26.685884041346903],[89.6851243923153,26.6863439337017],[89.6853176007337,26.6864011326393],[89.6855709621824,26.686554620678002],[89.6858895893067,26.6867465276034],[89.6864628001063,26.6874929019448],[89.6876086168692,26.6884126370768],[89.6883135608205,26.6878410811255],[89.6891428112198,26.687785215178202],[89.68926905795,26.688473747661202],[89.68958728344221,26.688817927568202],[89.6886915702069,26.689274739955103],[89.6874764574798,26.689902580855],[89.6875396910204,26.6907055105518],[89.68760040526391,26.6915079061801],[89.68823725295701,26.691967852029503],[89.689002162502,26.692485484236602],[89.6887437798439,26.693287741539102],[89.688550279877,26.694261522188],[89.6895082620297,26.693977110077302],[89.6904033280349,26.6937498425373],[89.6907225356607,26.693693011763802],[89.6915518270806,26.6936371298396],[89.6917430202511,26.6935468606973],[89.6917733117781,26.6935033532555],[89.6927320428933,26.692931841141903],[89.6937534629439,26.693335552670103],[89.6943273532668,26.6939104313347],[89.6954132795308,26.694659081668203],[89.69649996950021,26.6942021917476],[89.6972059711708,26.6932276110158],[89.6984804490674,26.6939189858716],[89.6991197901453,26.6944369414235],[89.7001411662643,26.694898414785502],[89.7016733788665,26.695073433458802],[89.7025037977572,26.6955343669527],[89.703267485129,26.6966263530996],[89.7040935207428,26.697832918164202],[89.7045363939623,26.6995553495045],[89.7064543667578,26.699214693042503],[89.70901214366201,26.6992196163233],[89.7113765901677,26.699224295502002],[89.71348488757471,26.6991138847861],[89.7159774055672,26.699061101166603],[89.7177664030936,26.6990644780862],[89.7189168313759,26.699181906744602],[89.7188557633042,26.697402437346902],[89.7188636927761,26.6940742774158],[89.7190651716625,26.6906884934865],[89.71900381079391,26.6890243603254],[89.71889918400841,26.6875838079802],[89.71883934866891,26.687395882565003],[89.72245069234451,26.6890940975061],[89.7261913463556,26.689212616481],[89.7306790513901,26.690005161701702],[89.7316744836919,26.690903244183403],[89.7325716085856,26.6919139094537],[89.7324680487731,26.693283959280702],[89.7320960526413,26.6944441119217],[89.7320723455384,26.6960055007058],[89.73191152691301,26.6960052142487],[89.7306653515393,26.697121077921203],[89.7303703307237,26.697580948410803],[89.7289416398888,26.6993495830569],[89.7279725190339,26.701247662855103],[89.7262715092691,26.7022965765704],[89.7249072234482,26.7033577190786],[89.7230139316584,26.7049788446275],[89.7212007068026,26.706673981413402],[89.71810032927931,26.707630982483803],[89.71510479426661,26.708805471035202],[89.71276198613741,26.7112147283154],[89.7104882971618,26.7131287820973],[89.70812320430561,26.713309656875],[89.70572269193231,26.7145661554194],[89.7043324286636,26.714826284699],[89.7031579133597,26.7152188753391],[89.7025523869266,26.7152177106169],[89.7025546018408,26.715302845592003],[89.7025929696005,26.7170290216591],[89.7026141074914,26.7186321743122],[89.70265688113861,26.7206106793526],[89.7027850041988,26.7216471482654]]]]},"properties":{"id":null,"description":null,"altitudeMode":null,"tessellate":null,"extrude":null,"visibility":null,"drawOrder":null,"icon":null,"AREA":null,"PERIMETER":null,"division":"BuxaTR_EAST","beat":"Hatipota","range":"Hatipota","layer":"master","path":"C:/Users/user/OneDrive/Desktop/Buxaroad/master.geojson","fill-opacity":0,"stroke-opacity":1,"stroke":"#ff0000","SID":"028","DID":"003","RID":"003","BID":"001","State":"West_Bengal","Beat_Ar":27.0031}},
{"type":"Feature","geometry":{"type":"Polygon","coordinates":[[[89.610531404665,26.695457912500903],[89.6096983452644,26.6951501488988],[89.6086614862554,26.6949228135556],[89.6084455124109,26.6948753566168],[89.6078229511165,26.6947383354115],[89.6062686489934,26.694444109568302],[89.6034237688188,26.6939135276568],[89.6028286987765,26.693821010625502],[89.6025373899941,26.6937763725984],[89.6023340470107,26.6937445551202],[89.6022788079277,26.6937361571049],[89.5999961274135,26.6933818699958],[89.5960487961914,26.692732197246603],[89.59371612698091,26.6923152036186],[89.5927494935798,26.6921419489537],[89.5890632803212,26.6915511779472],[89.5865396166743,26.691195431870803],[89.5850522682683,26.6911912461421],[89.5825270468686,26.691242094320103],[89.5799391637325,26.691292751931503],[89.5770269859603,26.6913424681563],[89.574501617878,26.6914512683346],[89.5724934205125,26.6916777901476],[89.5710060663657,26.6916734575892],[89.5681639830361,26.6918307853294],[89.5675729097041,26.691317888187303],[89.5671253693471,26.6900394469736],[89.567197213962,26.6882975539791],[89.5672666893454,26.6864975939174],[89.5675952440849,26.685279075324303],[89.5684450610749,26.6830745265983],[89.5694886435278,26.680758123010502],[89.5664504337935,26.6810326424389],[89.5626954937823,26.6814856328719],[89.5621674945536,26.6815822724881],[89.56166199820571,26.6797446686868],[89.56109068714021,26.6766649901259],[89.5605839835916,26.6738178129219],[89.5605264938274,26.671727092443103],[89.560667767914,26.6696011837418],[89.56222217182601,26.669695981369202],[89.5651988246471,26.669705094200403],[89.56759338788311,26.669537857144203],[89.57024757854781,26.6690814630022],[89.5707551577027,26.669034372968],[89.56999003613551,26.6674001867542],[89.56909232257651,26.665655509933302],[89.5674812054736,26.6639085799345],[89.56619433642031,26.662104459515103],[89.5652958482014,26.6598950171865],[89.5651110775009,26.6575713584463],[89.5651160455639,26.656227545013202],[89.5659138624414,26.656456731349802],[89.5665512268728,26.6566391845388],[89.5715051612425,26.656376979598],[89.5730856595358,26.6561789348725],[89.5741127609611,26.6562306823218],[89.5748964799711,26.6562103998748],[89.57766977636841,26.656081369755203],[89.5814555851248,26.655857782609502],[89.5844801876742,26.6557162233306],[89.587930100089,26.655283875991202],[89.59064799217761,26.655236996745],[89.59173542794011,26.655224769871403],[89.5928285800346,26.6550709044568],[89.5943799085934,26.658206235555102],[89.5959877888049,26.662437900453],[89.597598353889,26.665921356666303],[89.59804248515161,26.666805214112202],[89.600667732845,26.6666709138846],[89.6040341064102,26.666564543196703],[89.6081765606649,26.666459707875102],[89.60998789911591,26.6663483031742],[89.6125750851614,26.666355217797],[89.6139995867672,26.666300904857803],[89.6160067448861,26.6662481021214],[89.6210546720884,26.665738310104203],[89.6249193680565,26.665270697368],[89.6266858715297,26.665056101706902],[89.6295364330873,26.664366805618602],[89.6356215719172,26.6631045851483],[89.6383571809695,26.6629889034701],[89.6383962939983,26.6641607231513],[89.638068158187,26.6654949962731],[89.6376111619299,26.6670622817726],[89.6368967760779,26.668221388506],[89.6354009645581,26.670192097546202],[89.63397057837861,26.672162882497602],[89.63293053290201,26.6737862374631],[89.6307216141418,26.676451518166502],[89.6285153456637,26.679001398669502],[89.62682380477641,26.681668279918],[89.6263636943821,26.6833509073064],[89.6262346931565,26.6844242724593],[89.6273228429712,26.6851029374127],[89.6284051730392,26.686010926286002],[89.6274839953408,26.686536179799702],[89.6261440826311,26.6876062728921],[89.6251576235328,26.6881362106799],[89.624276425102,26.6887252808624],[89.6235707053789,26.6894082111776],[89.6222312313764,26.690315268305],[89.6210974768497,26.691301171089503],[89.6202181145547,26.692066728446402],[89.6186820934715,26.6931040339744],[89.61808066247231,26.693438038366303],[89.61728522071961,26.6938783177867],[89.6157355020906,26.6944845709646],[89.6139701419746,26.6949683433496],[89.6111666549363,26.695625515059803],[89.610531404665,26.695457912500903]]]},"properties":{"id":null,"description":null,"altitudeMode":null,"tessellate":null,"extrude":null,"visibility":null,"drawOrder":null,"icon":null,"AREA":null,"PERIMETER":null,"division":"BuxaTR_EAST","beat":"Jainti-North","range":"Jainti","layer":"master","path":"C:/Users/user/OneDrive/Desktop/Buxaroad/master.geojson","fill-opacity":0,"stroke-opacity":1,"stroke":"#ff0000","SID":"028","DID":"003","RID":"004","BID":"002","State":"West_Bengal","Beat_Ar":21.6114}},
{"type":"Feature","geometry":{"type":"Polygon","coordinates":[[[89.6383571809695,26.6629889034701],[89.6356215719172,26.6631045851483],[89.6295364330873,26.664366805618602],[89.6266858715297,26.665056101706902],[89.6249193680565,26.665270697368],[89.6210546720884,26.665738310104203],[89.6160067448861,26.6662481021214],[89.6139995867672,26.666300904857803],[89.6125750851614,26.666355217797],[89.60998789911591,26.6663483031742],[89.6081765606649,26.666459707875102],[89.6040341064102,26.666564543196703],[89.600667732845,26.6666709138846],[89.59804248515161,26.666805214112202],[89.597598353889,26.665921356666303],[89.5959877888049,26.662437900453],[89.5943799085934,26.658206235555102],[89.5928285800346,26.6550709044568],[89.59194951981681,26.653634397910302],[89.5911934946589,26.651517436016],[89.5902627399315,26.6490817931053],[89.5892106234454,26.6461678151739],[89.5872008236598,26.6392722264884],[89.58682823362601,26.6374332192768],[89.5865430077788,26.6357130834552],[89.5861859616936,26.6330357796386],[89.5858945594204,26.6309592554516],[89.5853404242909,26.628610434073202],[89.5846259609778,26.625472377649302],[89.590147736883,26.6254226138678],[89.5937314448425,26.6252872962264],[89.59812870857,26.625115074555502],[89.5994423510203,26.625003236245],[89.60122574250491,26.6248138828949],[89.60294330952941,26.624788250694202],[89.6052360934758,26.6247075750437],[89.60837212729021,26.6247597013128],[89.6134544518536,26.6247230481747],[89.615132352047,26.6245448751898],[89.61654148026031,26.624394566554002],[89.6218382009227,26.624049758898902],[89.62377982156761,26.623832650597603],[89.6277513444902,26.6233172522399],[89.63127725321431,26.6231196164685],[89.6326405366047,26.623179486825602],[89.6341994863883,26.623247238944902],[89.6375529862932,26.622825272058503],[89.6405470641031,26.6224908621277],[89.6421319486555,26.622288352381602],[89.64363573649,26.622383994844903],[89.6477209196216,26.622381093699],[89.65023935965701,26.622379414810602],[89.6546375655809,26.6218394068512],[89.6592267348224,26.6212239901349],[89.6618661232747,26.6210689742534],[89.662496489825,26.6210319686147],[89.6647164183245,26.6217861922438],[89.6648850061958,26.6225537860618],[89.6653940323925,26.622784118136803],[89.6659008963317,26.623760078389],[89.6656458300634,26.6242751872801],[89.6658329808269,26.625594432517],[89.6663363681558,26.627773719037002],[89.6667767839072,26.6300676708856],[89.6665432866756,26.630943203478502],[89.6661214720089,26.6308948682558],[89.6649556606411,26.631124587931502],[89.6626902775783,26.6312938908205],[89.6606202624279,26.6315795889203],[89.65835433997451,26.6318641672438],[89.6564105448255,26.6319689753342],[89.6566719336648,26.632730981946903],[89.6573780339037,26.6342429779253],[89.6580215123743,26.6357540106309],[89.65814549073521,26.6371481717976],[89.6583351222327,26.638425944146],[89.65826822881951,26.6398195197014],[89.6577468888228,26.6412116481807],[89.6567699688345,26.6428933612146],[89.655861099937,26.6445175905598],[89.6548194347752,26.6460246453629],[89.6534534230741,26.648518247898803],[89.65340030145771,26.648622361918],[89.65241266342561,26.650548102111102],[89.6511796452255,26.6521710117435],[89.64975296047021,26.6530392834543],[89.6468378021311,26.654425415746502],[89.6442480931761,26.6553483330371],[89.64184850612891,26.6565039048422],[89.6402939509371,26.657254846912],[89.6392560936558,26.658239488701902],[89.6387338139188,26.659805841873503],[89.63866455064701,26.661083538683002],[89.6383364247128,26.662417812423],[89.6383571809695,26.6629889034701]]]},"properties":{"id":null,"description":null,"altitudeMode":null,"tessellate":null,"extrude":null,"visibility":null,"drawOrder":null,"icon":null,"AREA":null,"PERIMETER":null,"division":"BuxaTR_EAST","beat":"Jainti-South","range":"Jainti","layer":"master","path":"C:/Users/user/OneDrive/Desktop/Buxaroad/master.geojson","fill-opacity":0,"stroke-opacity":1,"stroke":"#ff0000","SID":"028","DID":"003","RID":"004","BID":"004","State":"West_Bengal","Beat_Ar":28.3742}},
{"type":"Feature","geometry":{"type":"Polygon","coordinates":[[[89.7234446516409,26.665917497517302],[89.7234755309663,26.6656125699788],[89.7233730260554,26.663294432251902],[89.7233745591342,26.6626055064964],[89.721738775566,26.6629172754543],[89.7211111992634,26.664819896985502],[89.7202374608858,26.6657145654165],[89.7177217195246,26.666325179033702],[89.7174930229295,26.6663812510989],[89.71649334678871,26.6663792791891],[89.7153749670009,26.6655931068989],[89.7142565373263,26.663798800720702],[89.7141328185198,26.6630143844231],[89.7147596536211,26.6624560593673],[89.7147611703808,26.661783487551602],[89.7151633338302,26.6606399270164],[89.71414451654421,26.658198645461002],[89.7135217070611,26.6581974439414],[89.7123994185326,26.6579707660722],[89.70878497936441,26.658075917659502],[89.7052009628329,26.6580004169213],[89.7029254128021,26.6579516718318],[89.6983109906725,26.6581667179994],[89.6954445564014,26.658384658533002],[89.6926998970458,26.6581549691597],[89.6880416265049,26.657847951553503],[89.6878831910747,26.6579096239406],[89.68776003779391,26.657957903677403],[89.687750587954,26.6576796867005],[89.6885928765286,26.654528210525502],[89.6894502366746,26.6532687406557],[89.69072097341811,26.6504857838053],[89.69124228095811,26.648013223916003],[89.6912096939963,26.6461194481985],[89.69116607846931,26.64357580339],[89.6919059566238,26.64204305998],[89.6921551209962,26.6418663734194],[89.6921251660999,26.6398964265774],[89.6963702632479,26.6375530167873],[89.7075887208809,26.6372405471114],[89.7074614016835,26.6389202317245],[89.7075844665797,26.6389204399625],[89.7086992380879,26.642059127959403],[89.7088230896365,26.6427310359111],[89.7094005645589,26.642781875278],[89.7098044256374,26.6430003391409],[89.7105684436809,26.6437471386824],[89.7117160279207,26.6438068723692],[89.712800422962,26.644038813326603],[89.71362869879731,26.644211806759703],[89.714967123444,26.645303839218602],[89.71604945298401,26.6463374872038],[89.7159809541755,26.647713317553603],[89.7163646157971,26.647943568090103],[89.717512006914,26.648060500330402],[89.71793854219901,26.648218600119],[89.7190519440985,26.648955753104502],[89.7190188021808,26.649163138433202],[89.7187001376523,26.6511042996519],[89.71872368632481,26.652804995979402],[89.71870066893051,26.6529550137008],[89.71872055171261,26.6530452920963],[89.71896652510401,26.654170277811],[89.7243452416462,26.6546801341387],[89.7282381936451,26.6546873725481],[89.73287451156881,26.6546961234632],[89.7344266988607,26.6546988301696],[89.7368679400714,26.654703305679],[89.7393365332413,26.6548853396433],[89.73883195599521,26.6581324612599],[89.7387116171091,26.6580239627703],[89.73639049201451,26.658200778630903],[89.73341277494511,26.6577234819343],[89.7332395002104,26.657695430370403],[89.73168952482361,26.6577998419753],[89.7317465375604,26.6581327407345],[89.7319720809455,26.6594643659609],[89.7335875988097,26.661483389332503],[89.7339594582739,26.6624920296657],[89.7335834087394,26.6632754957693],[89.7322110758124,26.663720923559],[89.73046461175821,26.6640533224732],[89.7289675607447,26.6640504676303],[89.72833451613181,26.6640494571904],[89.7282130668727,26.6655164512954],[89.728232844664,26.6656924546328],[89.7273611384727,26.6656909702567],[89.7258061590598,26.6658041245656],[89.7234446516409,26.665917497517302]]]},"properties":{"id":null,"description":null,"altitudeMode":null,"tessellate":null,"extrude":null,"visibility":null,"drawOrder":null,"icon":null,"AREA":null,"PERIMETER":null,"division":"BuxaTR_EAST","beat":"Kartik","range":"NorthRydak","layer":"master","path":"C:/Users/user/OneDrive/Desktop/Buxaroad/master.geojson","fill-opacity":0,"stroke-opacity":1,"stroke":"#ff0000","SID":"028","DID":"003","RID":"006","BID":"001","State":"West_Bengal","Beat_Ar":7.34194}},
{"type":"Feature","geometry":{"type":"Polygon","coordinates":[[[89.8019856514954,26.7065459360061],[89.8027387852134,26.7023767981055],[89.8046896992336,26.7001727493431],[89.8044948917712,26.6978567659863],[89.80477180080311,26.6959636609283],[89.8036047387344,26.6921376445941],[89.80480624843061,26.6903009878786],[89.80610558722191,26.6884861959048],[89.8071322973517,26.6874260801962],[89.8082470364846,26.6862737519526],[89.80839104922231,26.684263623610903],[89.808312633517,26.682962142811903],[89.80847767424041,26.6818924430411],[89.8086552459758,26.679305227826703],[89.8086299937954,26.6778110358864],[89.8082380923442,26.6746809454308],[89.8144409110556,26.6742764362603],[89.8215881470241,26.6739409999419],[89.8278432257104,26.6738338557631],[89.8337145074277,26.673382033919502],[89.83818113056181,26.673157167186602],[89.838326842436,26.6731572487636],[89.8386173919916,26.6756667736439],[89.838625456621,26.679003633337203],[89.8388223782536,26.682044777653303],[89.83883771221251,26.685500253881003],[89.8388417606354,26.6862482963032],[89.83871157677551,26.689658007059503],[89.83920660477871,26.691501365816602],[89.8391944623576,26.6950040033798],[89.8391942489897,26.6951173622868],[89.8400349812394,26.699695658701103],[89.837748057802,26.7000020113374],[89.8330160964344,26.700570411738102],[89.8295267001593,26.7018825288192],[89.8294362941207,26.701905692698602],[89.82125292741,26.7033887833949],[89.8143480238474,26.7051020313875],[89.806803046777,26.7062402714355],[89.8020734991134,26.7065789365878],[89.8019856514954,26.7065459360061]]]},"properties":{"id":null,"description":null,"altitudeMode":null,"tessellate":null,"extrude":null,"visibility":null,"drawOrder":null,"icon":null,"AREA":null,"PERIMETER":null,"division":"BuxaTR_EAST","beat":"Kumargram","range":"Kumargram","layer":"master","path":"C:/Users/user/OneDrive/Desktop/Buxaroad/master.geojson","fill-opacity":0,"stroke-opacity":1,"stroke":"#ff0000","SID":"028","DID":"003","RID":"005","BID":"001","State":"West_Bengal","Beat_Ar":10.2916}},
{"type":"Feature","geometry":{"type":"Polygon","coordinates":[[[89.7027850041988,26.7216471482654],[89.70265688113861,26.7206106793526],[89.7026141074914,26.7186321743122],[89.7025929696005,26.7170290216591],[89.7025546018408,26.715302845592003],[89.7025523869266,26.7152177106169],[89.7031579133597,26.7152188753391],[89.7043324286636,26.714826284699],[89.70572269193231,26.7145661554194],[89.70812320430561,26.713309656875],[89.7104882971618,26.7131287820973],[89.71276198613741,26.7112147283154],[89.71510479426671,26.708805471035202],[89.71810032927931,26.707630982483803],[89.7212007068025,26.706673981413402],[89.7230139316584,26.7049788446275],[89.7249072234482,26.7033577190786],[89.7262715092691,26.7022965765704],[89.7279725190339,26.701247662855103],[89.7289416398888,26.699349583057],[89.7303703307237,26.697580948410803],[89.7306653515393,26.697121077921203],[89.73191152691301,26.6960052142487],[89.7320723455384,26.696005500705702],[89.73209605264141,26.6944441119217],[89.7365258762026,26.6942863017121],[89.7366665450343,26.6942938801987],[89.73966354128281,26.694457825592],[89.7405682001137,26.694391707447203],[89.7418799289384,26.6942957557982],[89.7438373657943,26.694206777900902],[89.7492699175169,26.6938768810877],[89.7489721759095,26.692106289009303],[89.7490500515932,26.690958477101702],[89.7485994192657,26.690225519222203],[89.7470949717198,26.6888398024181],[89.7458761761622,26.6866006270398],[89.745506282986,26.6857025432829],[89.7450117475562,26.684365246054202],[89.74499043285181,26.682622813334902],[89.7449566577173,26.681934047249403],[89.7449300698708,26.681448225000203],[89.7449219552706,26.6794084115985],[89.7449655312563,26.677822245789002],[89.7447635408884,26.6760005443269],[89.7442149684564,26.6729730950418],[89.7444024332448,26.6699007585343],[89.7456129386936,26.6654010628741],[89.7456330887115,26.6653224211034],[89.7463586822839,26.6631824711995],[89.74677629637951,26.661704201775603],[89.747388046705,26.659904040177302],[89.7474509866752,26.657440642466],[89.7467360582761,26.6547522268122],[89.7469988767447,26.6516535746491],[89.7491764454887,26.649246410489603],[89.7516779366091,26.6480582010746],[89.7522135693484,26.6477317975869],[89.7532682027284,26.6465992435566],[89.753269223553,26.6461542504544],[89.7546801163802,26.6439756043559],[89.7563555257236,26.6414338464546],[89.75904962901551,26.641648846005],[89.76383911811111,26.641424037075],[89.7677200508148,26.6409662069202],[89.7721205971908,26.640624437183103],[89.7732305899833,26.640587704754303],[89.77548588040861,26.6405134894758],[89.7787202448732,26.6406344906459],[89.7805312495124,26.6404053226934],[89.782990454664,26.640060537133202],[89.7859675508223,26.639368258252603],[89.7889446025122,26.6386753549441],[89.79140484948691,26.6377498019141],[89.7926990669733,26.6371711482719],[89.7938777386296,26.636692077842902],[89.7934419349184,26.638938826319002],[89.7923499260161,26.6401011794056],[89.7913963555643,26.641114012972302],[89.7894788019753,26.6432898110527],[89.78743106491541,26.6466109678061],[89.78700947086621,26.647868874256],[89.7862791856428,26.648902264026002],[89.7869132543767,26.651081637699303],[89.787928737184,26.653375472150902],[89.7881802335602,26.656013101489503],[89.7872812490252,26.658648337448103],[89.7876633450113,26.6599101971325],[89.7895746250071,26.6614031379904],[89.78949310898591,26.6620121307825],[89.7893148648938,26.6633515625366],[89.78982372064701,26.6654157544523],[89.79097911037161,26.6668367323313],[89.7892956639568,26.6685581154934],[89.7878472973712,26.669422657073202],[89.7866391647763,26.670720385144],[89.7818122670543,26.6728794946628],[89.7793978909837,26.6743922746201],[89.77843001664121,26.676123714124802],[89.7793903025621,26.678507683825103],[89.7796274377381,26.6806743063986],[89.7793833476379,26.682189951714],[89.7781755481251,26.683271326517],[89.7774487935698,26.685003114163802],[89.77479409945491,26.6858654809428],[89.77454890160641,26.6880311130952],[89.77454727064631,26.688864968261402],[89.7745439619115,26.6906305282837],[89.7730918448659,26.6932275050655],[89.7718808976862,26.695825113473003],[89.7726787672092,26.697759413740602],[89.77214908049321,26.697519313233602],[89.7699363666883,26.6970902017094],[89.7681951404783,26.6970874476334],[89.7670108237206,26.697582472567102],[89.7658230458573,26.698503613789],[89.7649510775325,26.699779774575703],[89.76368079118261,26.7017655846811],[89.76241233980551,26.7041063836657],[89.76145876496321,26.7060216794344],[89.76050718798341,26.7081495630654],[89.7591598015787,26.7096383072538],[89.7574176553258,26.7112684291252],[89.7554355608691,26.7134657678693],[89.75495860417911,26.7143875851782],[89.7549569628834,26.7152394899814],[89.7552715057554,26.716233820570903],[89.7559007708768,26.718222758439],[89.756607482955,26.720424476072502],[89.7565264878497,26.7219152209653],[89.75628527754671,26.7231214576352],[89.7549368511284,26.725035981062202],[89.7534323828485,26.7270212339093],[89.7512924317809,26.728863485850102],[89.75034433801011,26.7291462222046],[89.749236206236,26.7290023124076],[89.7475759316908,26.728573647761202],[89.7455222385574,26.7275762597515],[89.7448317577425,26.727243299231002],[89.7432224863647,26.7264699266827],[89.74315222191301,26.726436108842503],[89.7413368741991,26.725652284231202],[89.7393608593632,26.7247968138895],[89.73722799162141,26.7244384154043],[89.73485581548701,26.7243632193127],[89.7320897610513,26.723932147124],[89.730429979105,26.7233611478587],[89.7288515810727,26.722293395220703],[89.7268757234354,26.7214380252498],[89.7248215893626,26.720795074449402],[89.72347840853651,26.720224356502403],[89.7225321762786,26.7197263354482],[89.7214250883728,26.719227165085602],[89.7201610547748,26.7192247892845],[89.7195150015684,26.7193290914144],[89.7192912347534,26.7193648064917],[89.7186567433223,26.719860649140703],[89.7186537204652,26.7211383854032],[89.7180975428698,26.722557074773],[89.7171444550284,26.723833386422402],[89.7159581204766,26.7249667354975],[89.7146118770407,26.725674235679],[89.71310745206961,26.7263100417404],[89.7117623137443,26.726591696155],[89.7093110446692,26.7269417109899],[89.7076489956423,26.7272934281667],[89.7061451336949,26.727645754214002],[89.7046405965818,26.728352254218102],[89.7031382077423,26.7291300568736],[89.70294682896271,26.7292742054025],[89.7027850041988,26.7216471482654]]]},"properties":{"id":null,"description":null,"altitudeMode":null,"tessellate":null,"extrude":null,"visibility":null,"drawOrder":null,"icon":null,"AREA":null,"PERIMETER":null,"division":"BuxaTR_EAST","beat":"Mainabari","range":"NorthRydak","layer":"master","path":"C:/Users/user/OneDrive/Desktop/Buxaroad/master.geojson","fill-opacity":0,"stroke-opacity":1,"stroke":"#ff0000","SID":"028","DID":"003","RID":"006","BID":"002","State":"West_Bengal","Beat_Ar":35.512}},
{"type":"Feature","geometry":{"type":"Polygon","coordinates":[[[89.7877938508125,26.604510133954502],[89.785554929179,26.6042199821871],[89.78314527906551,26.6039996193625],[89.7804946083061,26.6037791403954],[89.7799071401842,26.603822047094603],[89.7776021074404,26.603991395706],[89.77519166188391,26.604204043582],[89.7725418271883,26.6035502691983],[89.77000299431471,26.602675106294303],[89.7700207701788,26.6025561665197],[89.7700944097637,26.602102370968],[89.7703549046023,26.599921308324703],[89.76767325511071,26.6001662571671],[89.7668001431052,26.599929833470302],[89.76367369831941,26.6003928700257],[89.7606332873774,26.600544016358402],[89.760168807945,26.6005432973698],[89.760402431248,26.6004907665377],[89.7604858571534,26.6001913841094],[89.7605725142005,26.599591922937503],[89.7606562911065,26.599141952780002],[89.7607400718009,26.5986922645164],[89.7608239580837,26.598167847229103],[89.760910612494,26.597568385854],[89.76074379339221,26.5968933964388],[89.7605832138758,26.596838428010003],[89.7606494976007,26.5951078705641],[89.760286503592,26.594664574642803],[89.7609543912833,26.5921499436335],[89.7616054315521,26.590510538341903],[89.76205197299011,26.589388587431102],[89.76250836753161,26.5859705387282],[89.7619253279384,26.582663817285603],[89.761183382712,26.580958521023103],[89.7597363811327,26.5791181511394],[89.75934457216,26.576794038421003],[89.7586055147007,26.5750057831112],[89.7574827618178,26.571795394275902],[89.75692223434561,26.569849819673703],[89.7559038900183,26.567171086314403],[89.755856919819,26.564493018043102],[89.7556084973301,26.564455484366903],[89.75389795504971,26.563988786212],[89.75283880180581,26.5640297888403],[89.7517797554276,26.5628661071898],[89.7515744351001,26.562641072730802],[89.7512081734452,26.5614400709374],[89.75246580217811,26.557769350773402],[89.7527134883204,26.5569282082857],[89.7532831811969,26.554567374082403],[89.7537938816216,26.5528121424961],[89.7540632497531,26.552384978396002],[89.7544737497775,26.551730193030803],[89.7546334062727,26.550970221577103],[89.75469036750161,26.549002613246103],[89.7550425261554,26.548605443614502],[89.7555541134576,26.547608475874203],[89.7555676000419,26.547116230522303],[89.755600574465,26.5457960932561],[89.7560335026715,26.5451740199952],[89.7564440370803,26.5432733820008],[89.7565033305777,26.541377933850303],[89.7565679759039,26.540467704861],[89.7557570540643,26.5395181085318],[89.754277405922,26.535642340092],[89.7545349936326,26.5348777744374],[89.7546646830362,26.5329070080092],[89.7550817549257,26.5314552256132],[89.7554037587449,26.5299298885534],[89.75584127759001,26.5294371953775],[89.7560414446271,26.5297082552682],[89.7562931893582,26.531659925275303],[89.7570550144281,26.533268302368903],[89.7582005459473,26.5349336815106],[89.7602417665281,26.5354540560405],[89.7612217193055,26.5359514696757],[89.76204381949691,26.536371312601002],[89.7626852933962,26.5379884794459],[89.7629426949024,26.540901938813402],[89.7639498909359,26.5427804761072],[89.7646206226829,26.5448986502178],[89.7637404196207,26.5470710605049],[89.7654807453665,26.551240968408703],[89.7667035466123,26.5521078291546],[89.7673146704506,26.553953475569102],[89.768267457909,26.556827799364402],[89.7706909869283,26.5659386287324],[89.7711317905535,26.5676044910258],[89.7789159851305,26.5680883126481],[89.7870223988024,26.5680242551633],[89.7866340119124,26.5691232657353],[89.7864428457808,26.570637419697203],[89.7860277133525,26.5725378984523],[89.7855166620237,26.5747370822526],[89.7852008558556,26.5758749365872],[89.7852334898681,26.5772046713829],[89.78471704849291,26.579583547610703],[89.7845282427534,26.5811910074948],[89.784915178148,26.5837322231711],[89.7848816424499,26.584177906484403],[89.78466825788361,26.586876692078903],[89.78522788215841,26.589704206304003],[89.7866815721506,26.592229443473002],[89.7862726219064,26.5935235663936],[89.7867624874199,26.5960282249559],[89.78536750586531,26.598319188691303],[89.7859519879843,26.5999479279542],[89.7860989001348,26.6019321243179],[89.7864577316493,26.6034280654907],[89.7877938508125,26.604510133954502]]]},"properties":{"id":null,"description":null,"altitudeMode":null,"tessellate":null,"extrude":null,"visibility":null,"drawOrder":null,"icon":null,"AREA":null,"PERIMETER":null,"division":"BuxaTR_EAST","beat":"Marakata","range":"SouthRydak","layer":"master","path":"C:/Users/user/OneDrive/Desktop/Buxaroad/master.geojson","fill-opacity":0,"stroke-opacity":1,"stroke":"#ff0000","SID":"028","DID":"003","RID":"007","BID":"003","State":"West_Bengal","Beat_Ar":13.5805}},
{"type":"Feature","geometry":{"type":"Polygon","coordinates":[[[89.7270083481033,26.525655196803502],[89.7270858733185,26.524720562735602],[89.7272164899309,26.523572939417],[89.7265807583037,26.5219645427467],[89.7251788626266,26.521732288050202],[89.7244092231102,26.522534608112],[89.7235169617374,26.522188145295303],[89.72186122628591,26.5211521425207],[89.7204599893082,26.520690286697302],[89.7191867851149,26.5191956016577],[89.7188069530643,26.517588297779103],[89.71830249200511,26.5156359239209],[89.7190726958178,26.513571688568],[89.7200960303594,26.5126555012964],[89.7202259057314,26.511852209026703],[89.7196974600169,26.511513439651402],[89.71939524079221,26.5109841204434],[89.71739855947091,26.5109572236133],[89.7158483086189,26.509977394494502],[89.7143079037276,26.51003433733],[89.7102033680614,26.5093556724645],[89.7089878596085,26.508928966951903],[89.7034513407403,26.5081266009388],[89.7022349663192,26.507045889541903],[89.7032559712909,26.505088986604402],[89.70263735285201,26.500942541819903],[89.70391022962,26.4985404418995],[89.7117293012879,26.4981340447424],[89.71778485618461,26.4978173502322],[89.72092981493701,26.4979578168235],[89.7236042632598,26.4976355206101],[89.72547321313701,26.4974817188574],[89.7287796302534,26.4972557116911],[89.73263674964541,26.4974126379768],[89.7362858264748,26.497558182883303],[89.74025665132821,26.4974160073113],[89.74279753755201,26.4973259439369],[89.7442339795806,26.498788525729],[89.7430920741911,26.500188261610802],[89.7424493527029,26.502655148864402],[89.7426997264745,26.505064838849602],[89.7449316674311,26.5052994303098],[89.7455642310268,26.5073087794708],[89.7439640844882,26.5094292923178],[89.7435663628988,26.511190160537502],[89.7429354040644,26.5139594856468],[89.7454832774858,26.514367561622702],[89.74561176795851,26.515229171600602],[89.7491806523696,26.5155789505608],[89.749688568471,26.5173016093988],[89.7505798671675,26.5181070069193],[89.75108558981451,26.519714350169203],[89.7515951270711,26.5207480664],[89.7529942180533,26.5222425845301],[89.75490322277311,26.5246562950745],[89.75553923437461,26.526379035953802],[89.755278398656,26.528674025834903],[89.75584127759001,26.5294371953775],[89.7554037587449,26.5299298885534],[89.7550817549257,26.5314552256132],[89.7546646830362,26.5329070080092],[89.7545349936326,26.5348777744374],[89.754277405922,26.535642340092],[89.7557570540643,26.5395181085318],[89.75205929608781,26.538060184824403],[89.7498404940436,26.5372283041273],[89.7481534218636,26.536605851337],[89.7464495894576,26.535529854476],[89.7448508811681,26.5346098976423],[89.743065916879,26.533991122577902],[89.740493707704,26.5331025164255],[89.7391581974074,26.532335774505903],[89.7380027349901,26.5307089855878],[89.7367515834715,26.530384484414903],[89.7363178537184,26.5302724768083],[89.7336709501003,26.5291844380047],[89.7319661523629,26.5276429759203],[89.731507999047,26.527230924759703],[89.7293422962739,26.5263602760266],[89.7270083481033,26.525655196803502]]]},"properties":{"id":null,"description":null,"altitudeMode":null,"tessellate":null,"extrude":null,"visibility":null,"drawOrder":null,"icon":null,"AREA":null,"PERIMETER":null,"division":"BuxaTR_EAST","beat":"Narathali","range":"SouthRydak","layer":"master","path":"C:/Users/user/OneDrive/Desktop/Buxaroad/master.geojson","fill-opacity":0,"stroke-opacity":1,"stroke":"#ff0000","SID":"028","DID":"003","RID":"007","BID":"004","State":"West_Bengal","Beat_Ar":11.9522}},
{"type":"Feature","geometry":{"type":"Polygon","coordinates":[[[89.7726787672092,26.697759413740602],[89.7718808976862,26.695825113473003],[89.7730918448659,26.6932275050655],[89.7745439619115,26.6906305282837],[89.77454727064631,26.688864968261402],[89.77454890160641,26.6880311130952],[89.77479409945491,26.6858654809428],[89.7774487935698,26.685003114163802],[89.7781755481251,26.683271326517],[89.7793833476379,26.682189951714],[89.7796274377381,26.6806743063986],[89.7793903025621,26.678507683825103],[89.77843001664121,26.676123714124802],[89.7793978909837,26.6743922746201],[89.7818122670543,26.6728794946628],[89.7866391647763,26.670720385144],[89.7878472973712,26.669422657073202],[89.7892956639568,26.6685581154934],[89.79097911037161,26.6668367323313],[89.7912246783722,26.6671376060243],[89.79377318861461,26.6692047179515],[89.7960671331967,26.6703546104724],[89.79478764995041,26.6723018763713],[89.796315947538,26.6747115092104],[89.79976207586691,26.6749452018638],[89.80754715171881,26.6747264291239],[89.8082380923442,26.6746809454308],[89.8086299937954,26.6778110358864],[89.8086552459758,26.679305227826703],[89.80847767424041,26.6818924430411],[89.808312633517,26.682962142811903],[89.80839104922231,26.684263623610903],[89.8082470364846,26.6862737519526],[89.8071322973517,26.6874260801962],[89.80610558722191,26.6884861959048],[89.80480624843061,26.6903009878786],[89.8036047387344,26.6921376445941],[89.80477180080311,26.6959636609283],[89.8044948917712,26.6978567659863],[89.8046896992336,26.7001727493431],[89.8027387852134,26.7023767981055],[89.8019856514954,26.7065459360061],[89.7968352654137,26.7046201001302],[89.7908322852423,26.7018569411218],[89.785464766584,26.700701553746402],[89.7802254236924,26.6996610880926],[89.7758816414343,26.6994249695651],[89.77281695988201,26.6976981824934],[89.7726787672092,26.697759413740602]]]},"properties":{"id":null,"description":null,"altitudeMode":null,"tessellate":null,"extrude":null,"visibility":null,"drawOrder":null,"icon":null,"AREA":null,"PERIMETER":null,"division":"BuxaTR_EAST","beat":"Newlands","range":"Kumargram","layer":"master","path":"C:/Users/user/OneDrive/Desktop/Buxaroad/master.geojson","fill-opacity":0,"stroke-opacity":1,"stroke":"#ff0000","SID":"028","DID":"003","RID":"005","BID":"002","State":"West_Bengal","Beat_Ar":9.58849}},
{"type":"Feature","geometry":{"type":"Polygon","coordinates":[[[89.6189015375941,26.730802604224802],[89.614771462211,26.732585583615002],[89.6136668333823,26.732999210743202],[89.6129871340605,26.7332906657495],[89.6124662360488,26.7335143169158],[89.6116935986303,26.733832770850203],[89.6105202204901,26.7337082577567],[89.609585347929,26.733674922875302],[89.60882635793891,26.7336925944049],[89.6077830488104,26.7337563626576],[89.6064519800575,26.734201276289802],[89.6049664081021,26.7342627217553],[89.60231621362391,26.734609217408302],[89.6007644684847,26.7348696160206],[89.5998086164119,26.735132273046503],[89.5977130199627,26.7357081527819],[89.5965415489164,26.7364698303315],[89.59559440238661,26.737085989986202],[89.5943140084339,26.7381373672649],[89.5916335540091,26.739911497052102],[89.5915680268205,26.7399441017169],[89.5913310983495,26.7394487584979],[89.5907462468036,26.737766444667702],[89.5902905007362,26.736552769419202],[89.589709719587,26.7351594550042],[89.5886605133249,26.7318882028381],[89.5890846198666,26.7306477019937],[89.5891675010984,26.7292257646491],[89.5882457363541,26.726897776023403],[89.5866451853604,26.723933313112703],[89.5847174072386,26.7211631326192],[89.5823053298693,26.7203269603701],[89.5805272317158,26.7200104352775],[89.5803714769529,26.7171859487477],[89.5797737389517,26.71428180227],[89.5798432027858,26.711725798813703],[89.5794972648101,26.7107911606724],[89.578899640244,26.7085477380072],[89.5799894151943,26.7073768081023],[89.58141018916321,26.706382930816602],[89.581708445316,26.7044828418482],[89.5814709535786,26.7034513947508],[89.5810172519252,26.7024232116493],[89.5804491865611,26.702501757613202],[89.5790236512904,26.7027300390635],[89.57791991868281,26.7029135415925],[89.5771789595516,26.701450882432702],[89.5761488629833,26.700054047723203],[89.573633520154,26.698014140378],[89.5713113030044,26.6954523048948],[89.5692509570261,26.6927750008169],[89.5681639830361,26.6918307853294],[89.5710060663657,26.6916734575892],[89.5724934205125,26.6916777901476],[89.574501617878,26.6914512683346],[89.5770269859603,26.6913424681563],[89.5799391637325,26.691292751931503],[89.5825270468686,26.691242094320103],[89.5850522682683,26.6911912461421],[89.5865396166743,26.691195431870803],[89.5890632803212,26.6915511779472],[89.5927494935798,26.6921419489537],[89.59371612698091,26.6923152036186],[89.5960487961914,26.692732197246603],[89.5999961274135,26.6933818699958],[89.6022788079277,26.6937361571049],[89.6023340470107,26.6937445551202],[89.6025373899941,26.6937763725984],[89.6028286987765,26.693821010625502],[89.6034237688188,26.6939135276568],[89.6062686489934,26.694444109568302],[89.6078229511165,26.6947383354115],[89.6084455124109,26.6948753566168],[89.6086614862554,26.6949228135556],[89.6096983452644,26.6951501488988],[89.610531404665,26.695457912500903],[89.6103366441864,26.6958783382542],[89.609995420917,26.6964809123122],[89.6095445265708,26.6975692117515],[89.60902691010081,26.699861002863702],[89.6090045904948,26.7005270607853],[89.6096848058939,26.7022527749899],[89.6101601067821,26.7036130905467],[89.610977933179,26.7062712143606],[89.611590446278,26.7080024816882],[89.6117230439105,26.7096704111573],[89.6116506997363,26.7110290671528],[89.6114373283296,26.7125111551918],[89.6114328311655,26.7138696010547],[89.611566859688,26.7151052068923],[89.6123196020167,26.7162192619617],[89.61328140324271,26.717209947709502],[89.6141710782877,26.717953572481303],[89.615683902472,26.7186988090423],[89.61684821943341,26.7199987620688],[89.6186380313335,26.722148253564],[89.6184336339127,26.7224218783379],[89.6182517609534,26.7227220347728],[89.6176745694151,26.723224963408903],[89.6170440859737,26.7238912133913],[89.6166458240655,26.725026306367102],[89.6169570266909,26.726730813979803],[89.61781981759721,26.728791936912202],[89.6189015375941,26.730802604224802]]]},"properties":{"id":null,"description":null,"altitudeMode":null,"tessellate":null,"extrude":null,"visibility":null,"drawOrder":null,"icon":null,"AREA":null,"PERIMETER":null,"division":"BuxaTR_EAST","beat":"Phaskhawa","range":"Jainti","layer":"master","path":"C:/Users/user/OneDrive/Desktop/Buxaroad/master.geojson","fill-opacity":0,"stroke-opacity":1,"stroke":"#ff0000","SID":"028","DID":"003","RID":"004","BID":"003","State":"West_Bengal","Beat_Ar":14.5855}},
{"type":"Feature","geometry":{"type":"Polygon","coordinates":[[[89.8400349812394,26.699695658701103],[89.8391942489897,26.6951173622868],[89.8391944623576,26.6950040033798],[89.83920660477871,26.691501365816602],[89.83871157677551,26.689658007059503],[89.8388417606354,26.6862482963032],[89.83883771221251,26.685500253881003],[89.8388223782536,26.682044777653303],[89.838625456621,26.679003633337203],[89.8386173919916,26.6756667736439],[89.838326842436,26.6731572487636],[89.8417556536054,26.6731608960737],[89.8445646835922,26.672705296300002],[89.8460978335597,26.6720192718269],[89.84684794939331,26.670897074162102],[89.847630577786,26.669727921839],[89.84942455323011,26.665373559488803],[89.85172525853321,26.6614781014438],[89.8532614313924,26.6581548866065],[89.8551793290911,26.6548320150725],[89.85607452281751,26.6539159751673],[89.8588799673093,26.6539183765279],[89.86156071060171,26.6532334851233],[89.86475281105851,26.6532363282693],[89.8668823560938,26.6535720278219],[89.86756042305821,26.6535450418372],[89.8678317817064,26.6535019863886],[89.86972834133451,26.6532028787541],[89.87113049389511,26.6548088418949],[89.8713334654133,26.6553540449131],[89.8707868053359,26.6567720066751],[89.87083695545721,26.659230198406302],[89.87231629254501,26.661717435913403],[89.8729167446882,26.6638669115441],[89.8731878425271,26.6665057432875],[89.87268065468061,26.6686946815451],[89.8712687201394,26.671294297060502],[89.8712665556567,26.6732887571278],[89.8708956200897,26.674827338952703],[89.8708805642693,26.6748954946606],[89.8695983758688,26.6781083754989],[89.8685748377095,26.6792554436649],[89.86691196256051,26.6813200376722],[89.8654224302256,26.6834542337789],[89.8649920775026,26.684073208565202],[89.8635841852262,26.685104903794702],[89.862687326463,26.687285408025403],[89.862299465103,26.6903838164184],[89.8617873354405,26.6922200317305],[89.857952001516,26.693364242699502],[89.85722324188241,26.693581347204603],[89.8548831809703,26.694279771791603],[89.8502780241878,26.696227079633],[89.84784850989091,26.6981757310552],[89.84286210612541,26.699318505643703],[89.8414472921259,26.6995072464018],[89.8400349812394,26.699695658701103]]]},"properties":{"id":null,"description":null,"altitudeMode":null,"tessellate":null,"extrude":null,"visibility":null,"drawOrder":null,"icon":null,"AREA":null,"PERIMETER":null,"division":"BuxaTR_EAST","beat":"Sankosh","range":"Kumargram","layer":"master","path":"C:/Users/user/OneDrive/Desktop/Buxaroad/master.geojson","fill-opacity":0,"stroke-opacity":1,"stroke":"#ff0000","SID":"028","DID":"003","RID":"005","BID":"003","State":"West_Bengal","Beat_Ar":10.9525}},
{"type":"Feature","geometry":{"type":"Polygon","coordinates":[[[89.5478392996665,26.7567436059639],[89.5459063580108,26.7566756794625],[89.543973887632,26.757798906371],[89.5418385690748,26.7574195502875],[89.5380884562812,26.7553547451155],[89.5371121659073,26.7549420929439],[89.5367654884399,26.754890877466202],[89.534627461497,26.754572634673803],[89.53117385179671,26.753856911253703],[89.5285642363018,26.7520586510409],[89.5249283439027,26.7510511777093],[89.5241219616459,26.7509298833671],[89.5212913945343,26.7509460397793],[89.5187817101845,26.748766652137903],[89.5180632466117,26.7480386267638],[89.5179733397508,26.747882798149103],[89.51784125987291,26.747616030446302],[89.5199786666556,26.74680848785],[89.5228091189478,26.7449378899223],[89.5230241221106,26.744591804832503],[89.5248492682135,26.7426479737252],[89.52504162382951,26.742335971165403],[89.52648616747891,26.7400152414441],[89.5278590786391,26.737394936969903],[89.5279855466177,26.7346817980215],[89.5278701012121,26.7321799605116],[89.5294975116835,26.728728071592503],[89.530526772977,26.7271066651931],[89.5323539174334,26.7252352000771],[89.5361084169505,26.722075148222],[89.5399537141356,26.719453207599102],[89.54170087301421,26.7180280700296],[89.5427614994833,26.7179987245511],[89.545475714161,26.7179411382046],[89.5455838867029,26.7179142922622],[89.5460040545769,26.7178101467841],[89.549005169615,26.717632320989402],[89.5508536180119,26.7172651749532],[89.5544856088335,26.717060002681002],[89.5586356464849,26.716765832242302],[89.5600935114363,26.716715054467702],[89.5627852088853,26.7166215725382],[89.5634029140362,26.716754894346803],[89.5655248673587,26.7164637754145],[89.5666746426573,26.7161112158335],[89.56870753796541,26.7161179872033],[89.5697625480808,26.7155574906179],[89.5706340538092,26.714994232460903],[89.5708826239487,26.714385725722103],[89.571581351438,26.713675203161703],[89.5717452378047,26.7128378041712],[89.5719144035737,26.7119278713701],[89.5725233792033,26.711680264608802],[89.5732166303081,26.711052704562203],[89.57436035094071,26.7102562793111],[89.57462006352931,26.7100241168874],[89.5756738722534,26.7097574394631],[89.57665154550881,26.709720872385603],[89.578899640244,26.7085477380072],[89.5794972648101,26.7107911606724],[89.5798432027858,26.711725798813703],[89.5797737389517,26.71428180227],[89.5803714769529,26.7171859487477],[89.5805272317158,26.7200104352775],[89.5823053298693,26.7203269603701],[89.5847174072386,26.7211631326192],[89.5866451853604,26.723933313112703],[89.5882457363541,26.726897776023403],[89.5891675010984,26.7292257646491],[89.5890846198666,26.7306477019937],[89.5886605133249,26.7318882028381],[89.589709719587,26.7351594550042],[89.5902905007362,26.736552769419202],[89.5907462468036,26.737766444667702],[89.5913310983495,26.7394487584979],[89.5915680268205,26.7399441017169],[89.5913871552026,26.7399520622324],[89.5892437386917,26.7390371385524],[89.586250764606,26.738911460463],[89.583964402181,26.7393697156492],[89.5808715962553,26.739702450722],[89.5772480442555,26.740134673124],[89.573901890947,26.741042269774702],[89.57276213352671,26.741351636362502],[89.57083468139881,26.7426192617506],[89.56697818068841,26.7448766826928],[89.5640066229875,26.7470139385936],[89.5613617524762,26.7478579227607],[89.55846950229841,26.7489394987981],[89.55795646815051,26.750323029501303],[89.559500258166,26.752908587543402],[89.55984382688901,26.753122215346302],[89.5582746491766,26.7533048018564],[89.5562703329649,26.753494143771903],[89.55487152317811,26.753807355887602],[89.55338428169141,26.754215152873602],[89.5515182144448,26.754450847331302],[89.549834499335,26.754981746991202],[89.548429140894,26.7556703155389],[89.5478392996665,26.7567436059639]]]},"properties":{"id":null,"description":null,"altitudeMode":null,"tessellate":null,"extrude":null,"visibility":null,"drawOrder":null,"icon":null,"AREA":null,"PERIMETER":null,"division":"BuxaTR_EAST","beat":"Santrabari","range":"Buxaduar","layer":"master","path":"C:/Users/user/OneDrive/Desktop/Buxaroad/master.geojson","fill-opacity":0,"stroke-opacity":1,"stroke":"#ff0000","SID":"028","DID":"003","RID":"002","BID":"004","State":"West_Bengal","Beat_Ar":20.5607}},
{"type":"Feature","geometry":{"type":"Polygon","coordinates":[[[89.7517797554276,26.5628661071898],[89.75283880180581,26.5640297888403],[89.75389795504971,26.563988786212],[89.7556084973301,26.564455484366903],[89.755856919819,26.564493018043102],[89.7559038900183,26.567171086314403],[89.75692223434561,26.569849819673703],[89.7574827618178,26.571795394275902],[89.7586055147007,26.5750057831112],[89.75934457216,26.576794038421003],[89.7597363811327,26.5791181511394],[89.761183382712,26.580958521023103],[89.7619253279384,26.582663817285603],[89.76250836753161,26.5859705387282],[89.76205197299011,26.589388587431102],[89.7616054315521,26.590510538341903],[89.7609543912833,26.5921499436335],[89.760286503592,26.594664574642803],[89.7606494976007,26.5951078705641],[89.7605832138758,26.596838428010003],[89.76074379339221,26.5968933964388],[89.760910612494,26.597568385854],[89.7608239580837,26.598167847229103],[89.7607400718009,26.5986922645164],[89.7606562911065,26.599141952780002],[89.7605725142005,26.599591922937503],[89.7604858571534,26.6001913841094],[89.760402431248,26.6004907665377],[89.760168807945,26.6005432973698],[89.7594337086432,26.6003727925909],[89.7578197634156,26.6002348953909],[89.754357991665,26.600157923914402],[89.75261282853201,26.6003551872244],[89.7506950906828,26.600288077871802],[89.74860651052781,26.6002540688069],[89.745307882983,26.6002557968336],[89.7437469465827,26.599991036175602],[89.7430127708817,26.5993433024762],[89.7412791075423,26.5977795218569],[89.7402399555842,26.5966070624571],[89.7402227615996,26.596415236164702],[89.73965099492,26.5961783280324],[89.7369691720212,26.594299571376602],[89.73516054467841,26.591526028550103],[89.7336978027662,26.5901615844364],[89.7327761731308,26.589259469621503],[89.7309954390623,26.587519879756602],[89.7296412407278,26.5858661484948],[89.72749872576671,26.5832984733726],[89.7268064522695,26.582002959000302],[89.7248893202975,26.5797136437356],[89.72439903931911,26.5789934670801],[89.7243214662984,26.578884431926703],[89.72180443960501,26.580786890732803],[89.7215185682509,26.5817147412185],[89.7218993157611,26.583091332491602],[89.7220225930315,26.5850406786424],[89.72061388864991,26.5873309389324],[89.7216272533835,26.5897404146958],[89.7215979180279,26.5904505522908],[89.72082609254831,26.592004407098802],[89.7201974997435,26.5923986490197],[89.71998167545661,26.5934378808451],[89.71962294697231,26.5943962209418],[89.7194775947644,26.595291061912903],[89.71926251859371,26.595994145576],[89.7192602826579,26.596952955693002],[89.71932957547891,26.5983595522619],[89.71954075014081,26.599318875841103],[89.7197513573055,26.600469962222302],[89.7198894343737,26.601493056288803],[89.72024358018561,26.6024528994433],[89.71967196924051,26.6031552334541],[89.7188169203408,26.603792477537702],[89.717822239308,26.6039824731007],[89.716753483138,26.6047475006267],[89.71511646613651,26.604808487732303],[89.7143329545521,26.604870698461003],[89.7134089944056,26.604932628634803],[89.7132676004701,26.6042296314938],[89.7132694535093,26.60346229996],[89.7131315723344,26.6023751823619],[89.71313386476031,26.601479819411402],[89.7130636393203,26.6004570247276],[89.7128522347059,26.599625718508],[89.7126399718578,26.599177372036003],[89.7122160325454,26.598025746808702],[89.7118643468215,26.5971304275131],[89.7114394094083,26.596362325335402],[89.71072929932241,26.595273931442602],[89.7107311727328,26.5945065982158],[89.7108078885897,26.5929724611571],[89.7106673781257,26.591885088152],[89.71139192018221,26.590265867004],[89.7113968468347,26.588316933469002],[89.7119138490942,26.5853370456054],[89.7105309881619,26.584202058255002],[89.710724618711,26.583090067722],[89.71079263852221,26.581015446702402],[89.7114976915305,26.5810890020263],[89.7125132189643,26.5804797589244],[89.7121443648542,26.5794394156712],[89.7099733172528,26.579434866657103],[89.7087152494822,26.5786770745757],[89.7084445370136,26.5785133933229],[89.70832031672731,26.5770211531503],[89.7088363620128,26.575415452622902],[89.707944562768,26.574724866286402],[89.7070542715394,26.5734606740758],[89.7080775467252,26.572774103234103],[89.7094831681006,26.5717439588466],[89.7107632634397,26.57071362302],[89.7117874769839,26.569567643177702],[89.71204425508171,26.5683057120549],[89.7125688122053,26.5672334345135],[89.7120926127937,26.564967979531502],[89.7119660834103,26.5643942326495],[89.7114606934129,26.5627881528058],[89.7101884852248,26.5617538973062],[89.7098139593428,26.559001324248502],[89.71070974667511,26.557054055100902],[89.7103322539061,26.5554484003747],[89.71072398806861,26.5533602836385],[89.7119159348341,26.5534158485044],[89.7127562146163,26.553533738549802],[89.7132722973348,26.5538833906486],[89.7144984715686,26.5542346173276],[89.7168257985216,26.5548195478069],[89.7197985960948,26.5551741249069],[89.7227711094116,26.5556442611947],[89.7243413633326,26.5559466693734],[89.7250457630161,26.5562158762973],[89.7283684438646,26.5572597287865],[89.7311840730198,26.558335066517103],[89.73305143135501,26.559236657849603],[89.7347915456955,26.5599164389326],[89.73814628715171,26.5601334198006],[89.7405652691225,26.560229826674803],[89.7427058167832,26.560273776539102],[89.7447378087529,26.5605747972373],[89.7466118739454,26.560856582578502],[89.7500994264053,26.5623721995955],[89.7504879817814,26.5625473195536],[89.7517797554276,26.5628661071898]]]},"properties":{"id":null,"description":null,"altitudeMode":null,"tessellate":null,"extrude":null,"visibility":null,"drawOrder":null,"icon":null,"AREA":null,"PERIMETER":null,"division":"BuxaTR_EAST","beat":"SouthRydak","range":"SouthRydak","layer":"master","path":"C:/Users/user/OneDrive/Desktop/Buxaroad/master.geojson","fill-opacity":0,"stroke-opacity":1,"stroke":"#ff0000","SID":"028","DID":"003","RID":"007","BID":"005","State":"West_Bengal","Beat_Ar":18.951}},
{"type":"Feature","geometry":{"type":"Polygon","coordinates":[[[89.7938777386296,26.636692077842902],[89.7926990669733,26.6371711482719],[89.79140484948691,26.6377498019141],[89.7889446025122,26.6386753549441],[89.7859675508223,26.639368258252603],[89.782990454664,26.640060537133202],[89.7805312495124,26.6404053226934],[89.7787202448732,26.6406344906459],[89.77548588040861,26.6405134894758],[89.7732305899833,26.640587704754303],[89.7721205971908,26.640624437183103],[89.7677200508148,26.6409662069202],[89.76383911811111,26.641424037075],[89.75904962901551,26.641648846005],[89.7563555257236,26.6414338464546],[89.7576275970284,26.6395033546872],[89.76057849190481,26.633310023019803],[89.7631439307482,26.628837060692],[89.7647065817529,26.625959921945903],[89.76494010091851,26.6247075165187],[89.7660376167,26.623303350757503],[89.7667324969207,26.622414317034302],[89.76724907054201,26.620234580748402],[89.76725544699751,26.617020380775802],[89.7672600023038,26.614724361718203],[89.7659853405742,26.6131151397676],[89.765606297723,26.610589281176],[89.7657377652027,26.608867784680502],[89.7667620203308,26.607606934123],[89.7689343918022,26.6072657072468],[89.7694487901399,26.6061186379081],[89.77000299431471,26.602675106294303],[89.7725418271883,26.6035502691983],[89.77519166188391,26.604204043582],[89.7776021074404,26.603991395706],[89.7799071401842,26.603822047094603],[89.7804946083061,26.6037791403954],[89.78314527906551,26.6039996193625],[89.785554929179,26.6042199821871],[89.7877938508125,26.604510133954502],[89.7878839654453,26.6045831606158],[89.7890074210421,26.603904061002503],[89.7902085915012,26.6032885471007],[89.7910924280625,26.603172485639902],[89.7918909050055,26.6045506245573],[89.7927142715365,26.6073564302149],[89.7929789871453,26.609619419015303],[89.7918115609477,26.6123934302413],[89.7918597444396,26.614939452687302],[89.7929941422063,26.6165964484548],[89.79493839100951,26.6204046125098],[89.795300059312,26.6217092981517],[89.7956377570638,26.6238859080849],[89.7958468426387,26.6249875198151],[89.796142915927,26.626560920456],[89.79613833809711,26.629197555637802],[89.79524062009101,26.632750686865503],[89.79408561084401,26.6356150759524],[89.7938777386296,26.636692077842902]]]},"properties":{"id":null,"description":null,"altitudeMode":null,"tessellate":null,"extrude":null,"visibility":null,"drawOrder":null,"icon":null,"AREA":null,"PERIMETER":null,"division":"BuxaTR_EAST","beat":"Teamari","range":"NorthRydak","layer":"master","path":"C:/Users/user/OneDrive/Desktop/Buxaroad/master.geojson","fill-opacity":0,"stroke-opacity":1,"stroke":"#ff0000","SID":"028","DID":"003","RID":"006","BID":"003","State":"West_Bengal","Beat_Ar":11.4148}}
]}
