{"type":"FeatureCollection","name":"Alipurduar_4_Blocks_All_Villages","crs":{"type":"name","properties":{"name":"urn:ogc:def:crs:OGC:1.3:CRS84"}},"features":[{"type":"Feature","properties":{"Village_Name":"Salkumar","Village_Code":"307221N091","Block_Name":"Alipurduar - I","District":"Alipurduar","Vill_Cat":"rural","State_LGD":"19","Dist_LGD":"328N002","Subdis_LGD":"2173"},"geometry":{"type":"Polygon","coordinates":[[[89.30736522229859,26.558228127404064],[89.30817904781627,26.556152783849644],[89.30841786462413,26.553870946241737],[89.30798142265529,26.552360778129955],[89.30596823141423,26.5515296091947],[89.30322022928068,26.551766207813053],[89.30154693230372,26.552483782840767],[89.3003226503088,26.55356343952709],[89.3002816457025,26.55452523910164],[89.29828351426987,26.55522081601347],[89.29934237043827,26.555731675184372],[89.3002380477884,26.557116050732038],[89.29997850074636,26.5581896767037],[89.30133012942876,26.55953960557098],[89.30456135338197,26.558778911652006],[89.30595910237071,26.559171424635984],[89.30736522229859,26.558228127404064]]]}},{"type":"Feature","properties":{"Village_Name":"Bharnobari Tea Garden","Village_Code":"307117","Block_Name":"Kalchini","District":"Alipurduar","Vill_Cat":"rural","State_LGD":"19","Dist_LGD":"328N002","Subdis_LGD":"2171"},"geometry":{"type":"Polygon","coordinates":[[[89.35652067415108,26.74246053106855],[89.3565966081769,26.74955240397424],[89.35639193262286,26.7527865215849],[89.35656939572827,26.75627147667207],[89.35658003721568,26.759465913596568],[89.35673919840134,26.762793243242733],[89.35894096900684,26.76255806183894],[89.36241995865537,26.762590331008255],[89.36481460837193,26.7624465975548],[89.36736566971643,26.762331794321476],[89.36839117859998,26.762337214260743],[89.36832804545405,26.76195925002935],[89.36780976624976,26.761205361327562],[89.36739693204407,26.75971874055958],[89.36722288195541,26.75835446876752],[89.36739889205727,26.7571467849414],[89.36754755914629,26.75607492269222],[89.36826465019804,26.755995255928916],[89.36936181754321,26.755823499825134],[89.37337270243577,26.755824053532855],[89.3792057372203,26.75571268816146],[89.37936371029443,26.74978561578597],[89.37942752224878,26.745610826754827],[89.37982018003258,26.740816864308464],[89.37980836277806,26.736629805472937],[89.37995567430836,26.734533701949243],[89.3797684833348,26.73205968269167],[89.38268538535242,26.73000279275165],[89.38510086676546,26.728243058898375],[89.38002489486315,26.728445670838717],[89.3774891260754,26.72853333416539],[89.37518825997145,26.72880201628985],[89.37199408682159,26.729126218485174],[89.3674328864074,26.7291979399271],[89.36237540073368,26.729571075572725],[89.35909242425912,26.731683290396994],[89.35784458519885,26.734041356163992],[89.3570498452456,26.73644151403427],[89.35659250041803,26.739363984023203],[89.35652067415108,26.74246053106855]]]}},{"type":"Feature","properties":{"Village_Name":"Dalsingpara Tea Garden","Village_Code":"307118","Block_Name":"Kalchini","District":"Alipurduar","Vill_Cat":"rural","State_LGD":"19","Dist_LGD":"328N002","Subdis_LGD":"2171"},"geometry":{"type":"Polygon","coordinates":[[[89.33724002734138,26.781381665148352],[89.33826238197443,26.783431369272524],[89.3389285872405,26.784783045841255],[89.33971040461574,26.78613280767332],[89.34017748717034,26.78733435333581],[89.34017904370339,26.788390178128655],[89.33977087692499,26.78957009172678],[89.33950345924285,26.790504020999858],[89.33945700114258,26.79142527419358],[89.33995212033281,26.793501718358225],[89.3404074712098,26.79510955025973],[89.34061226916977,26.79577847812874],[89.34038165720023,26.796301191583986],[89.34014696977779,26.796625436690828],[89.34098707671501,26.798849583372963],[89.34208359272507,26.800825823281606],[89.34334026182763,26.803986099967663],[89.34372950542561,26.804575259359638],[89.34403329999354,26.805165834065146],[89.34395744821033,26.806367325930438],[89.34913664241108,26.80660631633863],[89.35305543382344,26.806441937408234],[89.35586721525594,26.806241740024287],[89.36163905244626,26.80620418684103],[89.36671728380868,26.80618251207601],[89.37054555658166,26.806262818186653],[89.37431933146924,26.80614089070957],[89.38001151835607,26.806144531280232],[89.38084451898715,26.806062836956425],[89.37868865908077,26.803716706046973],[89.37741182665877,26.802046123741533],[89.37674042348667,26.801195589130675],[89.37680878443749,26.797963774360262],[89.37703009656268,26.79483316787705],[89.37694853745361,26.792127272235057],[89.37721098678702,26.786387973142656],[89.3776382820842,26.780357128205225],[89.37817329251274,26.774189108067205],[89.37873550743755,26.76788075113229],[89.3791686041131,26.7618904074267],[89.3792057372203,26.75571268816146],[89.37337270243577,26.755824053532855],[89.36936181754321,26.755823499825134],[89.36826465019804,26.755995255928916],[89.36754755914629,26.75607492269222],[89.36739889205727,26.7571467849414],[89.36722288195541,26.75835446876752],[89.36739693204407,26.75971874055958],[89.36780976624976,26.761205361327562],[89.36832804545405,26.76195925002935],[89.36839117859998,26.762337214260743],[89.36736566971643,26.762331794321476],[89.36481460837193,26.7624465975548],[89.36241995865537,26.762590331008255],[89.35894096900684,26.76255806183894],[89.35673919840134,26.762793243242733],[89.35364896097693,26.76284461955269],[89.34953439801912,26.76294901883497],[89.34603525727309,26.763160424834286],[89.34192139932341,26.763300688177875],[89.33929432622587,26.763389216279233],[89.339346153439,26.76616336085347],[89.33960898137367,26.768685849237478],[89.33976925671723,26.771354419563718],[89.3398447279995,26.772828659923725],[89.340155499256,26.774010231025542],[89.34048427901878,26.774844065105206],[89.34054381431937,26.775050641567088],[89.34004001471976,26.775487625031754],[89.33750347178322,26.77632817345847],[89.33563614738655,26.776954593200077],[89.33646374368102,26.779562526626],[89.33724002734138,26.781381665148352]]]}},{"type":"Feature","properties":{"Village_Name":"Torsa Tea Garden","Village_Code":"307119","Block_Name":"Kalchini","District":"Alipurduar","Vill_Cat":"rural","State_LGD":"19","Dist_LGD":"328N002","Subdis_LGD":"2171"},"geometry":{"type":"Polygon","coordinates":[[[89.39330829408654,26.841699800472604],[89.39414513545293,26.841627720014586],[89.39574000572162,26.841546825154982],[89.39782371490303,26.84132200194823],[89.4009409484573,26.841085326542544],[89.40151786172376,26.841040864876817],[89.4038727015908,26.84087961061154],[89.40415873798271,26.840855141720382],[89.40425999795046,26.84084759468643],[89.40499051800363,26.84079314162581],[89.40633249538627,26.840693101242675],[89.40826764484191,26.840598444918243],[89.41020279126178,26.840503762907666],[89.41205194634325,26.84045145137469],[89.41286222642448,26.840411999353947],[89.41368203609468,26.84037258104637],[89.41374801014142,26.84034055463772],[89.41479981672903,26.839829957886828],[89.4167677375254,26.838897494587435],[89.41901272047328,26.837820780419502],[89.42099018896273,26.836871199209128],[89.4220123076266,26.836387982137367],[89.42270955577874,26.8360744462099],[89.42275046960147,26.836083634850592],[89.42283264193937,26.836102089054275],[89.42282124230195,26.83605180605624],[89.42281649339118,26.83603411837087],[89.42280850325521,26.836000668351094],[89.42232329959053,26.833969487220948],[89.42234273825662,26.83393756965194],[89.42302128626719,26.833208536773274],[89.4222718919241,26.83249945566962],[89.42178576420713,26.831871590283246],[89.4181236816117,26.829236080723625],[89.41502515536841,26.827317279079573],[89.41279797438726,26.829963240551415],[89.4036340282876,26.82493947799228],[89.40564024396667,26.821349883660016],[89.400411815703,26.818329907888103],[89.39326518418666,26.813993079964927],[89.38084451898715,26.806062836956425],[89.38001151835607,26.806144531280232],[89.37431933146924,26.80614089070957],[89.37054555658166,26.806262818186653],[89.36671728380868,26.80618251207601],[89.36163905244626,26.80620418684103],[89.35586721525594,26.806241740024287],[89.35305543382344,26.806441937408234],[89.34913664241108,26.80660631633863],[89.34395744821033,26.806367325930438],[89.34338763000443,26.809467596887846],[89.34456443260446,26.8102061456422],[89.34497726228538,26.810718203098606],[89.345942023901,26.813612552134007],[89.34714218144761,26.816701521337066],[89.34787908518848,26.818539274797608],[89.34902202314387,26.820067967799112],[89.3643705583978,26.81861203150328],[89.36492648512537,26.818986268241513],[89.36574309296323,26.820772947894554],[89.36600808986482,26.822392877207637],[89.36588557474748,26.823757585062328],[89.36590092144151,26.824980111102455],[89.36587626140617,26.82572953429477],[89.36593063638954,26.826409953102534],[89.36647876746696,26.826648948741497],[89.36715683058908,26.826606016776815],[89.36759465708995,26.826377594686605],[89.36799456179949,26.82771099601506],[89.3694051867798,26.828310040502814],[89.370003729377,26.830244727457952],[89.37083629671386,26.832306337581922],[89.37228536801541,26.831126938796167],[89.37388070191332,26.830933219761775],[89.3754220044214,26.831042700463517],[89.37793205388309,26.83105917235772],[89.37979111240438,26.83145203509573],[89.38132663057813,26.832486524199734],[89.38300736983035,26.82892525456782],[89.3875624406478,26.830770567001583],[89.38732839761894,26.831121947919026],[89.38730884171753,26.831388490005548],[89.38742634377415,26.831955026981582],[89.38658954684168,26.833783003325753],[89.38576605927733,26.834807602766652],[89.38489089118261,26.83408689949348],[89.38419039903732,26.83426114678331],[89.38313651068466,26.833651734247358],[89.38218798039014,26.833509794423012],[89.38284692173383,26.836395443798203],[89.38974807742586,26.841883440818275],[89.38976046864043,26.841882880448413],[89.39101123422179,26.841826266557767],[89.39218381424966,26.841762806277824],[89.39330829408654,26.841699800472604]]]}},{"type":"Feature","properties":{"Village_Name":"Jaygaon (CT)","Village_Code":"307147","Block_Name":"Kalchini","District":"Alipurduar","Vill_Cat":"partly_urban","State_LGD":"19","Dist_LGD":"328N002","Subdis_LGD":"2171"},"geometry":{"type":"Polygon","coordinates":[[[89.3875592659145,26.847625174656294],[89.38837157892641,26.845397260762518],[89.38864238823189,26.844646072335195],[89.38962898700456,26.841888831335027],[89.38974807742586,26.841883440818275],[89.38284692173383,26.836395443798203],[89.38218798039014,26.833509794423012],[89.38313651068466,26.833651734247358],[89.38419039903732,26.83426114678331],[89.38489089118261,26.83408689949348],[89.38576605927733,26.834807602766652],[89.38658954684168,26.833783003325753],[89.38742634377415,26.831955026981582],[89.38730884171753,26.831388490005548],[89.38732839761894,26.831121947919026],[89.3875624406478,26.830770567001583],[89.38300736983035,26.82892525456782],[89.38132663057813,26.832486524199734],[89.37979111240438,26.83145203509573],[89.37793205388309,26.83105917235772],[89.3754220044214,26.831042700463517],[89.37388070191332,26.830933219761775],[89.37228536801541,26.831126938796167],[89.37083629671386,26.832306337581922],[89.37023352648949,26.832343514995678],[89.36839646506095,26.832040399701945],[89.36760937099942,26.83167907475944],[89.36742473391082,26.83223264291335],[89.3684262206681,26.833470237755805],[89.37027616978776,26.835356883345582],[89.37068230237216,26.83577872401839],[89.37073187916235,26.835019859627003],[89.37220994271215,26.835229699385057],[89.37235807061556,26.836544746638268],[89.37267140340353,26.83661619418095],[89.37406302015374,26.836538690366876],[89.37478921049915,26.83663027299449],[89.37567192830124,26.836750807679255],[89.37608962534158,26.836761837084932],[89.37631142059615,26.836785182434976],[89.3764324226888,26.83776227143494],[89.37635169352502,26.83967675233627],[89.37451742014689,26.839513550944694],[89.37433122438945,26.840473240547905],[89.37289806001797,26.840249136849092],[89.37226724337313,26.840390573663218],[89.37121523768539,26.840836871288083],[89.37068432093967,26.841427834691064],[89.37065185077832,26.84204202385439],[89.37150271110043,26.843286627679934],[89.37189125443946,26.84358693118625],[89.37197861680616,26.843675707047826],[89.37197819709152,26.84389680701766],[89.37253465330835,26.844289045422503],[89.37361815976236,26.845110104945203],[89.37202132700043,26.846206273554152],[89.37155773057523,26.846408071736132],[89.37108604951807,26.846704758353248],[89.37082274065563,26.84686258641259],[89.36832082340996,26.844837985067866],[89.3675673227567,26.84488670365321],[89.36696589103002,26.84499152895404],[89.3662730320167,26.84577921012658],[89.36454769390454,26.84553735381444],[89.36251875264497,26.845693104121576],[89.363105810099,26.847260175646845],[89.36373831128562,26.84894850567558],[89.36436392853234,26.851699448740305],[89.3647781671126,26.853718452159004],[89.36540327093583,26.85402383846994],[89.36535563199631,26.854877422078722],[89.36519686885241,26.854983857473908],[89.36591841002944,26.857426914146036],[89.36595601278992,26.85752589131762],[89.36625117757409,26.857632182968928],[89.3669583316734,26.857889485330332],[89.36814510283465,26.858325718245702],[89.36888908182306,26.85861080269494],[89.3694056091149,26.8588009479262],[89.3703403847474,26.859125539186095],[89.37169323776293,26.859617728500172],[89.37278170205643,26.860009286903317],[89.37399905627466,26.860495341128757],[89.37470005265024,26.860758104913778],[89.37530884112148,26.86098178314912],[89.3765694926646,26.86144037127792],[89.37755351293914,26.86178170831662],[89.37840219346816,26.862083773442382],[89.37883897563617,26.862212752627762],[89.37893697794955,26.862165042078292],[89.37915403515136,26.862059371757145],[89.37992084936675,26.861537672183214],[89.38036585372006,26.861279847645722],[89.38093484890658,26.860878871945403],[89.38129966088216,26.860637281152922],[89.38159024423594,26.86045063303182],[89.38197356921219,26.860203591903186],[89.3825734458007,26.859786162875068],[89.38349526941828,26.85911121399819],[89.38368551074255,26.858496132661376],[89.38511731473774,26.85434023704073],[89.38513171841961,26.854300370722456],[89.38597330359421,26.851961459700114],[89.38651475377392,26.850501839297976],[89.3875592659145,26.847625174656294]]]}},{"type":"Feature","properties":{"Village_Name":"Chhota Jaygaon","Village_Code":"307121","Block_Name":"Kalchini","District":"Alipurduar","Vill_Cat":"rural","State_LGD":"19","Dist_LGD":"328N002","Subdis_LGD":"2171"},"geometry":{"type":"Polygon","coordinates":[[[89.40564024396667,26.821349883660016],[89.4036340282876,26.82493947799228],[89.41279797438726,26.829963240551415],[89.41502515536841,26.827317279079573],[89.41239646958107,26.82549416583901],[89.40564024396667,26.821349883660016]]]}},{"type":"Feature","properties":{"Village_Name":"Madhya Satali","Village_Code":"307110","Block_Name":"Kalchini","District":"Alipurduar","Vill_Cat":"rural","State_LGD":"19","Dist_LGD":"328N002","Subdis_LGD":"2171"},"geometry":{"type":"Polygon","coordinates":[[[89.34196214145658,26.67425144068565],[89.34150340163868,26.675152430611192],[89.34029030332137,26.67699086387771],[89.3403529989822,26.67833898993969],[89.34024733477125,26.683001875253318],[89.3400913155068,26.685937401519062],[89.33997128005588,26.689896611068363],[89.33999077183576,26.69060471010429],[89.34163276201369,26.690573116904652],[89.34270390374343,26.69087580844621],[89.3434052927788,26.691274841649587],[89.34378293357432,26.691318240034885],[89.34390751694659,26.69151472139161],[89.34363843234539,26.69186660573635],[89.34334372168665,26.691948180152306],[89.34302174101347,26.692170083367994],[89.34306350050608,26.692737934998284],[89.34331863079984,26.693667752734786],[89.34381323054804,26.69525240109978],[89.34398663821219,26.696115883846172],[89.34428871417579,26.69663882412926],[89.34475516460402,26.696847703569],[89.34515377606984,26.696687701113795],[89.34546156228701,26.696262977825757],[89.34532461700057,26.695953898388268],[89.34617620962213,26.69583604021383],[89.3464778914462,26.695849100957957],[89.34671213327537,26.69600315464657],[89.34699295959962,26.696224121596003],[89.3471033490369,26.69621778379985],[89.34741892242062,26.69592829443023],[89.34765925942447,26.695644561344743],[89.34786314726962,26.695298259543083],[89.34808927493556,26.694811710786087],[89.34878193997758,26.694538540076177],[89.34893573478719,26.695668559652336],[89.34907273392766,26.69646946632976],[89.34856577501007,26.696735054144874],[89.3482366428521,26.696853305861033],[89.34812731225176,26.69740109303098],[89.34826334088687,26.69766506236148],[89.34895048944898,26.697856739374384],[89.3506742205261,26.69788685412792],[89.35219138399351,26.69813244494569],[89.35583098152722,26.69825255494069],[89.35620838618874,26.697795068162222],[89.35606490329863,26.69741391455186],[89.3558514871715,26.697051968793346],[89.3556865371739,26.696359828549088],[89.35564536194244,26.695823560189034],[89.35609119078293,26.69576201211621],[89.35675108527121,26.69609398181806],[89.35710745712072,26.69583537933396],[89.35741519406474,26.695410633586633],[89.3571324013478,26.695094964660353],[89.35658568366308,26.694891971777437],[89.35622608224767,26.69450538120104],[89.355814410346,26.694029410064847],[89.35580764577529,26.693456473080744],[89.35637667844249,26.693523732618853],[89.35825834443885,26.69317662299162],[89.35947201886546,26.69283608445499],[89.3595533002947,26.692392537573948],[89.3593200787394,26.69180080521319],[89.35975947842334,26.691184353527735],[89.35966091005353,26.690788919829956],[89.35943550122674,26.690332422765263],[89.35911254427461,26.69001742583821],[89.35922256117394,26.68950571826404],[89.35946146170666,26.68915430797807],[89.35933118346168,26.68892635182891],[89.35930347783697,26.688556811896003],[89.35946788931795,26.688247249389953],[89.35977764420906,26.687921734041257],[89.36002369881852,26.687673983895063],[89.35996865161175,26.687440264912116],[89.35971516568382,26.68708350338297],[89.3596517520676,26.686687484153882],[89.36001524833736,26.68653253907403],[89.36134685025398,26.68631185557614],[89.36137493509409,26.687186754008525],[89.36196560324595,26.68708668196812],[89.36291298101158,26.687233353524384],[89.36301581727577,26.686617983301065],[89.36345992009008,26.685987906647128],[89.36408563691643,26.685882730338225],[89.36491481362141,26.68590050333329],[89.36536942051424,26.685536465997824],[89.36503892687217,26.68509977775177],[89.36487991309559,26.68493998898977],[89.36457787518547,26.68442160673179],[89.36441280457888,26.683724966536605],[89.36417111387864,26.682966431752057],[89.36405893897559,26.681425130575793],[89.36345432092672,26.6793866617222],[89.36343766485959,26.67857925609967],[89.36398848254251,26.678010573058074],[89.36544363115091,26.67745389713634],[89.36694451288888,26.67692351822555],[89.36714931465592,26.676139494334993],[89.36668291747843,26.675930684776734],[89.36661372335669,26.675498668296832],[89.36643403337872,26.67409385905238],[89.3658178206256,26.672709860258248],[89.3633469413567,26.672719422487503],[89.36132133029469,26.67264482989348],[89.3599491705877,26.67235178779841],[89.35927564171618,26.67232688256172],[89.35871210631288,26.67227758686999],[89.35842535575914,26.672498935383544],[89.35846011328005,26.672967627502697],[89.35859603976819,26.673227078203958],[89.35871346818955,26.6733198838117],[89.35892107930297,26.6736458255772],[89.35882279783625,26.67375123955711],[89.35822652264329,26.673819802475496],[89.35822836232872,26.674397334602762],[89.35835217358482,26.675532354245707],[89.3572391026714,26.67562754589962],[89.35672519262306,26.675794004297117],[89.35558699902893,26.6761332598053],[89.35463160809758,26.676325083903837],[89.35340322719732,26.676431182716577],[89.35288150640702,26.676462390244428],[89.35268137432169,26.675766313137572],[89.35259950583787,26.675203642761556],[89.35275732433013,26.674817489268328],[89.35284651721179,26.674513692494145],[89.35294834424307,26.674336028724003],[89.35274937979146,26.674185910036226],[89.35230994890003,26.674310508723355],[89.35195362812648,26.67456909552817],[89.35132860528103,26.674705789830373],[89.35064952802303,26.675145695340568],[89.35040933079952,26.675433941789926],[89.3498598404019,26.676070235925227],[89.34848667789564,26.676219298257173],[89.34651693325424,26.67642333073091],[89.34589829761772,26.676627579789695],[89.34548053732118,26.676584847476807],[89.34527443317847,26.676331054425535],[89.34544582952536,26.676116148426434],[89.34593998786018,26.675719932567755],[89.34605572356439,26.675239723461615],[89.34573886102733,26.674482392298426],[89.34528446438856,26.673876234792434],[89.34479036681785,26.67329329244386],[89.34411190087454,26.6732729088332],[89.3427913153745,26.673290192095337],[89.34196214145658,26.67425144068565]]]}},{"type":"Feature","properties":{"Village_Name":"Alipurduar Rly.Jnc. (CT)","Village_Code":"307256","Block_Name":"Alipurduar - I","District":"Alipurduar","Vill_Cat":"partly_urban","State_LGD":"19","Dist_LGD":"328N002","Subdis_LGD":"2173"},"geometry":{"type":"Polygon","coordinates":[[[89.54462542773516,26.50362614341416],[89.54461383124965,26.503627433833106],[89.54449751942961,26.503621934156172],[89.5444089248876,26.503620271798066],[89.5442781493814,26.503626511692723],[89.5441160988077,26.503644103464765],[89.54397030694172,26.50365393912401],[89.54374359651038,26.50368072554651],[89.54361801624964,26.503696196692786],[89.54348198095846,26.503715000037467],[89.54330215059393,26.503740435073308],[89.54316423130052,26.503753898446472],[89.54296567382748,26.503788973334967],[89.54290336779252,26.50379259357702],[89.54279280165186,26.50380446827801],[89.54263853141217,26.503824331256517],[89.54253823502293,26.503830158422257],[89.54241256352088,26.503844272785052],[89.54236840325238,26.503845476548655],[89.54234414884445,26.503825091987196],[89.54230973421195,26.503773195772176],[89.54227289425414,26.503701779200366],[89.54225487014347,26.50366060036804],[89.54224240321685,26.50356597346457],[89.54223340113082,26.503454798711015],[89.54222093876348,26.503335894592286],[89.54221096413873,26.50323294920781],[89.54220728227264,26.503155519829573],[89.54218739537055,26.502995134660377],[89.54218140426063,26.502928736204566],[89.54216255488811,26.50280723824591],[89.54215102893504,26.50268122674739],[89.54214182447042,26.502543259070286],[89.5421320320642,26.502443027992424],[89.54212914081927,26.502354655688876],[89.54212238884415,26.502254247335877],[89.54211895257693,26.50222584161105],[89.5420838805144,26.502203361274024],[89.54204373080674,26.502196159395176],[89.54198410182603,26.502194174165563],[89.54192237798745,26.50219452702013],[89.54186159556214,26.50219805944686],[89.54178847220902,26.50219958260997],[89.54169872415335,26.502203435563157],[89.54161860985684,26.502191744880367],[89.54155290197453,26.502190112021786],[89.54147977774093,26.50219163693795],[89.54141908426875,26.50219652605226],[89.54128721268299,26.50218647928013],[89.54116955587865,26.502180836235418],[89.541102601488,26.502183364274924],[89.54104306257697,26.502182736401675],[89.54094848124221,26.502182782249125],[89.54086712240166,26.502175250307502],[89.54079478760522,26.502165829350147],[89.54071531249656,26.502163636144683],[89.5406084845354,26.502163031762255],[89.54048894966144,26.502154991147126],[89.54036172836838,26.502146035961974],[89.5402461125693,26.502140314697886],[89.54010548781442,26.502136223450837],[89.54000653039563,26.502139247413435],[89.53986958208357,26.502144477785738],[89.53967796627848,26.502169608458438],[89.53957517859666,26.502183751235744],[89.53949044458648,26.502194122260875],[89.53939434453322,26.50219425522062],[89.5392632010233,26.502195061549802],[89.53919159641944,26.50219649636894],[89.53916792189298,26.502207405788546],[89.53916908241733,26.502248645087153],[89.53918473767607,26.502390762320616],[89.5391946054941,26.50249139992659],[89.5392061873055,26.50259561426],[89.53920743637207,26.50272767337012],[89.53920164734863,26.502849546533852],[89.53920805260263,26.502944827306138],[89.53920560099239,26.50300350539881],[89.53919114002483,26.50305002976297],[89.53915830038521,26.503084774237166],[89.53909414676754,26.5031056319721],[89.539005529427,26.50311934484102],[89.53879348670705,26.503143095494575],[89.53859009915766,26.503162046643478],[89.5384729087773,26.50317884617173],[89.5383073644617,26.503189889860266],[89.53812140057765,26.50320640044615],[89.53790388661174,26.503223630734382],[89.53781310255171,26.503228902279307],[89.53773384821008,26.50323921638482],[89.53765937320783,26.50324925089324],[89.53756072033045,26.503256408811772],[89.53748277340407,26.50326236262467],[89.53739695951032,26.503270200029093],[89.53723928187574,26.503279358039755],[89.53710727733542,26.503289878198093],[89.53699683888891,26.50331199685884],[89.5368320677199,26.50333300524131],[89.53677810705472,26.503338994366306],[89.53670672143653,26.503347422392395],[89.5366386169125,26.503357086281568],[89.53654961670914,26.503365110183083],[89.53641331188727,26.503383017751545],[89.53634062069676,26.503395804723677],[89.53611117364397,26.50340770099316],[89.53592960606414,26.503410884824852],[89.53578935094664,26.503417600830673],[89.5356679221212,26.503418939763034],[89.53563457050065,26.503422302871105],[89.5356245688063,26.503440016957413],[89.53563260003138,26.503462777219504],[89.53563444383276,26.503467996847245],[89.53566231494517,26.503502070371734],[89.53569399021255,26.503543996179047],[89.53572269024318,26.50363798354723],[89.53575091404839,26.503724860407363],[89.53575639213643,26.503758807355382],[89.53576747793176,26.503781006182223],[89.53581818530539,26.503863185370648],[89.5358501352469,26.503934141976313],[89.53588042872535,26.50402803764427],[89.53589661126202,26.504078494837625],[89.53589485884235,26.504100011114634],[89.53587530106647,26.50411827943738],[89.53581337407337,26.50412473008669],[89.53571930918605,26.5041287644392],[89.53558934168751,26.504122033710424],[89.53543494875163,26.50412797460267],[89.53534817873059,26.504121591913467],[89.53522525094519,26.504124445909664],[89.53512940110394,26.50412572778353],[89.53504132239607,26.504123703293043],[89.53492588113295,26.504118983092376],[89.53482684493974,26.504120449873277],[89.5347387652206,26.50411842527477],[89.53461775230032,26.50411684843997],[89.53450288418541,26.504120661156815],[89.53432354248517,26.504116796377083],[89.53425037134951,26.50412247114295],[89.53416455572305,26.50413030774955],[89.53408698756127,26.50414195038298],[89.53403595833622,26.504167754343015],[89.53400419666306,26.50417102566854],[89.53395425028808,26.504165359217257],[89.53388300673049,26.504160706540365],[89.53379632939775,26.50415574322176],[89.53363798041636,26.504154941632727],[89.53343821777963,26.504156542381846],[89.53317829317666,26.5041644986839],[89.53305358149879,26.50416459968303],[89.53294966975406,26.504164919143456],[89.53286656025813,26.504165460652207],[89.53276752400478,26.504166926130623],[89.5326671809336,26.504172748852557],[89.53258426204441,26.50417613403255],[89.53249525890081,26.50418415483069],[89.53236967925764,26.50418283715934],[89.53235196870878,26.504181009829495],[89.53222913457131,26.504185283477533],[89.53201025983424,26.504187992254668],[89.5318159434469,26.504199269544856],[89.53168679582683,26.504198197408208],[89.53151850437003,26.50419225939942],[89.53141656817967,26.50419817566627],[89.53133157996933,26.50419454127086],[89.53125474416845,26.504193288357218],[89.53117491578777,26.504195065893125],[89.53105377152728,26.504200667011897],[89.53095135611049,26.504199470821405],[89.53086037851772,26.50420189554958],[89.53074467111746,26.504212874056762],[89.53065331012466,26.50420960838983],[89.53057376808725,26.504215651323317],[89.53051802089436,26.50421888617145],[89.53034813832332,26.504213039281904],[89.53026840455009,26.50421623646366],[89.53026795603238,26.504233395513342],[89.53029853728958,26.50426017440124],[89.53035358616916,26.504310644722974],[89.53041993712898,26.50439388490786],[89.53055767167851,26.504540085112264],[89.53066196165469,26.504688224237288],[89.53075475199124,26.504784206380062],[89.53079654851044,26.50482865267051],[89.5309461681121,26.504961312712204],[89.53106772612277,26.50505705363087],[89.53112691102014,26.50510501708001],[89.53112872444264,26.50513203780689],[89.53112334150805,26.505170897751277],[89.53108479401783,26.505215965669464],[89.5310447491065,26.505262547961813],[89.53101751290168,26.505285543765833],[89.53094897250287,26.50533588244783],[89.530860443555,26.50542239877895],[89.5308139329029,26.505467928039057],[89.53076114638432,26.505515250949728],[89.53067978580349,26.505577137346275],[89.5306075392507,26.50565021711075],[89.53053819369055,26.50572313199072],[89.53048511863048,26.50577820361483],[89.53039517847705,26.50589130549896],[89.53033566405273,26.50598054533556],[89.53028256490045,26.506094252435272],[89.5302438386629,26.506153715976673],[89.53018393747843,26.506257604864718],[89.53014961915146,26.50634641399569],[89.53011413972489,26.506417925323987],[89.53007841101784,26.506485731841412],[89.5300335986047,26.506572206195028],[89.53000186691926,26.50664164196393],[89.5299963194765,26.50665893385693],[89.52998019771013,26.506709192478002],[89.52996279254272,26.506775196401286],[89.5299473592108,26.506848885106994],[89.52992644425105,26.506970986617716],[89.52992398482914,26.507047633129766],[89.52991609518568,26.507081887893786],[89.52990710105979,26.50712140652434],[89.52990176199732,26.507215306736242],[89.52989468219177,26.50728331184196],[89.52988702120341,26.507364347429327],[89.52988296141875,26.507390581306137],[89.52985653743751,26.507409011906134],[89.52981329258397,26.50741542192857],[89.52976389797078,26.507416988075693],[89.52964532928253,26.507429067171394],[89.52950042649019,26.507452022502935],[89.52946187973677,26.507463358318393],[89.52936396288615,26.507479438718292],[89.52927944367326,26.507499940580114],[89.52919185123169,26.507518022194997],[89.52912490863773,26.507540105449618],[89.52900456896764,26.507569185827066],[89.52892097976715,26.507581835066546],[89.52889377457443,26.507588612109632],[89.52888165087217,26.50758151740862],[89.52888078148781,26.50756856796013],[89.52887811388321,26.507550525097304],[89.5288739958231,26.50753256601795],[89.52886842832797,26.50751469065985],[89.52886271762158,26.507451327964073],[89.52885396010294,26.507407640301665],[89.52885083082877,26.507361026119593],[89.52883342667387,26.50736203512993],[89.52878908009848,26.507366901796416],[89.52872460319558,26.507382342163506],[89.52866993020197,26.50739201247091],[89.52862642357631,26.507394537477847],[89.52853311764449,26.507414249909218],[89.52847035169691,26.507433489305395],[89.52840126280138,26.507445297963528],[89.52832356147748,26.507458904279133],[89.52827425299887,26.50746176430289],[89.52824379914769,26.50746353159044],[89.5281975671131,26.507468814375773],[89.52813410432454,26.507477695628534],[89.52804361089137,26.507495945072925],[89.52791993600329,26.507518717871108],[89.52783221384624,26.507530492049252],[89.52776158807842,26.507541088016573],[89.5277039280025,26.507549633020624],[89.52766648264348,26.50755570564661],[89.52753648555739,26.507571044584452],[89.52743523148852,26.507580818978656],[89.52735103260453,26.507584403654654],[89.52722239777901,26.50759836525646],[89.52706809329372,26.507620315037514],[89.52689849433631,26.50763015908896],[89.52683451117716,26.507631271164918],[89.5267768499089,26.507639814971522],[89.52669427271402,26.507645904286335],[89.52658678483087,26.50764954059425],[89.52649524640982,26.507652249337777],[89.52640541914379,26.50765875993718],[89.5262752465097,26.507671510235784],[89.52614345088591,26.507681752737113],[89.5260730568953,26.507689904207897],[89.52601916549267,26.50771122876434],[89.52597771742859,26.50772273123419],[89.52592611749898,26.507734824514166],[89.52580174535436,26.50774723670183],[89.52576438803001,26.507754603095208],[89.52565208028803,26.50779491368551],[89.52552277641217,26.507820611903114],[89.52535903550572,26.507847464962808],[89.52523369210105,26.50786341711138],[89.52511900498511,26.507872549238712],[89.5250550191043,26.507871298431272],[89.524933576762,26.50788330286034],[89.52479372132962,26.507901601394188],[89.5247052428274,26.507907972617623],[89.52463580309303,26.507908277870097],[89.52455961222108,26.507911455259737],[89.52445721170854,26.507917394136065],[89.52435694089829,26.507934372360122],[89.52424299924783,26.5079546238817],[89.52417120790575,26.507961266898743],[89.52411984165325,26.507961765116008],[89.52407924754272,26.507970460095148],[89.524053286002,26.507976927333548],[89.52403352476534,26.507992956500377],[89.52400994414434,26.50801416966319],[89.52397709021145,26.508042122108296],[89.52388783171605,26.508078305682464],[89.52380734924947,26.50810033842684],[89.52375916472198,26.50810685220718],[89.5236736188162,26.50811553464379],[89.52362750403232,26.508119017128745],[89.52354889339304,26.508130909499833],[89.52347109922071,26.50815497381373],[89.52335369679366,26.508200891811416],[89.52329499507286,26.508223851266283],[89.52326979279928,26.508215535102945],[89.52323990113305,26.508178156769883],[89.52322360023506,26.508098439276804],[89.52322431697826,26.50802751062376],[89.52323916231339,26.5079630959729],[89.5232968826013,26.507925528402538],[89.52335029091977,26.50790532000304],[89.52337031574406,26.507877271600446],[89.52339045220704,26.507810105987435],[89.52342870262272,26.50772722451869],[89.52346182439193,26.507649527494273],[89.52347683435457,26.507587548027026],[89.52347117650511,26.507557487647365],[89.52344665907795,26.507516513669838],[89.52340313963454,26.50748724033134],[89.52330671577643,26.50743630330267],[89.52317631000854,26.507380271514716],[89.52302504669854,26.50733781459456],[89.52287808178993,26.50730040565147],[89.52279931511939,26.507276708439036],[89.5227285531806,26.50725431454543],[89.522625226687,26.507247938538853],[89.52250683743938,26.507253035999906],[89.52239302989895,26.50727201439207],[89.52232594163782,26.507277847566375],[89.52225551772902,26.50726638633599],[89.5221519199194,26.507247130144616],[89.52205226746051,26.507221816789677],[89.52197620704219,26.507191249018327],[89.52192755683507,26.50714743457628],[89.52181320132786,26.50702879403596],[89.5217261723858,26.50691718649061],[89.52171410693893,26.50685026029665],[89.52171163276476,26.506728678616522],[89.52171537391332,26.506678141749358],[89.52177643197986,26.506600215805584],[89.52180688715778,26.50654604100166],[89.52181946062957,26.506479376659495],[89.52184912523697,26.506413413530534],[89.5218804499904,26.506343972189224],[89.5219317700734,26.506290278882297],[89.52200885857228,26.506253687166932],[89.52215506855113,26.506202946420512],[89.52227628399461,26.50615786611181],[89.52241630442701,26.50612777204639],[89.52258994289488,26.506090656055783],[89.52271954727398,26.506074688814586],[89.52281308278329,26.506057433224676],[89.52297094997817,26.50601108608473],[89.52305226260938,26.505981013806093],[89.52315338012511,26.505912389846777],[89.5232625036594,26.505800062471202],[89.52335469135603,26.5057147510594],[89.52344230703149,26.505685495630413],[89.52353909344211,26.50566872639683],[89.52373465460288,26.505664827404495],[89.52387555444945,26.505684552507688],[89.52402732682025,26.50571108745266],[89.52421097210751,26.50574693108109],[89.52427924644725,26.505774964549875],[89.52432471286858,26.50580189500891],[89.52441525806653,26.505827555203552],[89.52452478814567,26.505866898273407],[89.5247083664081,26.50593285736053],[89.52479354266819,26.50596823651747],[89.52487703851183,26.50600102386513],[89.52491110982491,26.50601517766073],[89.52494428100331,26.5060159405212],[89.52498741107529,26.50600806409302],[89.52507859385179,26.505975897240734],[89.52516182742052,26.50593747418827],[89.5252599062398,26.505899517302193],[89.52532745281168,26.505874097330437],[89.52535504813486,26.505859058038933],[89.52539056285843,26.50582743234486],[89.52545538479983,26.50573900586208],[89.52550338150341,26.50566902540577],[89.5255365723795,26.505624585812456],[89.52555901212773,26.505577590893136],[89.52557278358671,26.50551362740196],[89.52557447065291,26.50544902123425],[89.5255598405744,26.505388048870824],[89.52553297765449,26.505279403864773],[89.52548570004588,26.505166471394247],[89.52547810718825,26.505127841847564],[89.52546812446653,26.505053630911714],[89.52547196454363,26.50501768750372],[89.52547009887503,26.504989888362335],[89.52545680035871,26.504959403993812],[89.52541168783873,26.50492071810844],[89.5253315035984,26.504866369802063],[89.525262129114,26.504820161493562],[89.52521482475971,26.50478606734732],[89.52518278939348,26.504774528888646],[89.52514599490432,26.50476661597979],[89.52509791646784,26.504758241100575],[89.52503013111607,26.50475435718514],[89.52493354895404,26.50474991123121],[89.52482501063719,26.5047349948779],[89.52475041711354,26.504735713782743],[89.5247119508439,26.50474017598397],[89.5246794177981,26.504739829541904],[89.5246168384744,26.50473899345073],[89.52453467978243,26.504725896859593],[89.5244319197211,26.50470394776789],[89.52433738263623,26.50469268440507],[89.52425676717202,26.50468396299557],[89.52417064910692,26.504667747794578],[89.52407325067406,26.504648585388715],[89.52394939161576,26.504628975590006],[89.52386444350198,26.504611575546907],[89.52377391717603,26.504585567356145],[89.52368712602963,26.504559342667697],[89.52359059529473,26.504537032968916],[89.52348108644084,26.50450765987318],[89.52339401986896,26.50449596305892],[89.52326819019666,26.504476858030255],[89.52319028999177,26.504471326617278],[89.5230989652304,26.504452062832186],[89.52302149157255,26.50443422738392],[89.52296586367696,26.504425174286247],[89.52290019705528,26.504415584133312],[89.52283298746522,26.504401620443776],[89.52277603965831,26.504391525958408],[89.52268855912091,26.50439843913998],[89.52260068769304,26.504403533599103],[89.52253090542338,26.504404297626394],[89.52248696916078,26.504406844390193],[89.52243538158609,26.504404912195113],[89.52241015843752,26.504385046436717],[89.5223634168528,26.504290961510186],[89.52230799459234,26.50423183350261],[89.52222207391365,26.504156425616024],[89.52217599126821,26.50407214518133],[89.5221238683764,26.503995499266583],[89.52206902948929,26.503901228070216],[89.52206178742357,26.503886787328987],[89.52200835346754,26.50378022446626],[89.52197901275163,26.503711831149552],[89.5219646895713,26.503658017065735],[89.52195378251469,26.50360946892211],[89.52192961256331,26.503568521403942],[89.52188123543989,26.50353170901035],[89.52182587584875,26.503504863267924],[89.52180558792888,26.503484117117118],[89.52178277379934,26.5034489222975],[89.5217775120706,26.503414015317365],[89.52176308103358,26.503373118962546],[89.52171111132178,26.503295274571904],[89.52166883255855,26.503231211173524],[89.52162724974723,26.503177542723815],[89.52160606731712,26.5031448633754],[89.52155411111586,26.503071431210092],[89.52150831129143,26.502998443518592],[89.52147871933452,26.502949296681315],[89.52147643257624,26.502920286215076],[89.52145421996671,26.502863642670487],[89.5214412646457,26.50281429473694],[89.52143381112782,26.502768538211125],[89.52142015461908,26.502734885303678],[89.52140244375096,26.502706165217088],[89.5213753706022,26.502682997967202],[89.52132862461623,26.502652828319878],[89.52127620458045,26.502603417104982],[89.52121992458864,26.50254874850501],[89.5211659006956,26.50250443422839],[89.5211053048633,26.502450798940394],[89.52104914459278,26.502410998328887],[89.52098209978202,26.50237887464049],[89.52091687938886,26.502352429037135],[89.52085056662334,26.50233122159128],[89.52075635340834,26.502312412600087],[89.52066636674851,26.502304319969692],[89.52063106057186,26.502300885213014],[89.52051669598252,26.50229165833833],[89.5204428508319,26.502288890843023],[89.52034424873302,26.50229617122782],[89.52026425085916,26.502306285766974],[89.52018029019622,26.502309585007403],[89.52004680606429,26.50230174499391],[89.51997481218497,26.502300436981372],[89.51992187881234,26.50229567614035],[89.51986836992964,26.50228233702646],[89.5198223573617,26.502263083162553],[89.51976888559182,26.502237215839767],[89.51966664621686,26.502183983614163],[89.51959783923625,26.502138651752126],[89.5195156520804,26.502076871961243],[89.51948833368051,26.50204870712274],[89.5194261484099,26.501976621521884],[89.51934285088588,26.50188515949997],[89.51929303786481,26.501822287861625],[89.51919930379609,26.501735604213916],[89.51915881437131,26.501694110596663],[89.51913586510726,26.501677427698734],[89.51898049690043,26.50182546537792],[89.518794641941,26.50227092154772],[89.51937713665298,26.503226194393232],[89.51937864066426,26.50421428919656],[89.51888210330617,26.50536007690897],[89.51897404166971,26.5065857082654],[89.51966093302177,26.50703830598514],[89.52122794915984,26.507376076810548],[89.52249812271884,26.50766944968917],[89.52286030003299,26.508637625623333],[89.52271712066697,26.509199642739272],[89.52203439726821,26.50985693081703],[89.52065354003885,26.51000768313973],[89.52045991080115,26.510326944324092],[89.52040517015283,26.51057606915876],[89.52066902782438,26.511176008082213],[89.52276394220081,26.51271814178196],[89.5227590897066,26.513643179391135],[89.52242027318049,26.5139740357023],[89.52176550580273,26.514075857771605],[89.52092211534507,26.514496849961727],[89.52094385569721,26.514803278928056],[89.52151099143592,26.515510651160845],[89.52157631820145,26.516434446853577],[89.51872704662111,26.516638222891764],[89.51805191685125,26.516956962909354],[89.5176990150349,26.51710306751014],[89.51747105948598,26.517459026863346],[89.5172155810587,26.517932782225472],[89.51656088233582,26.518039092752797],[89.51629143745326,26.518332615165843],[89.5163405996638,26.518976959222194],[89.51659747773695,26.519486788838172],[89.51702697922389,26.519862722786677],[89.51741312671574,26.520090525851572],[89.51800817178703,26.520237934358814],[89.51875331342603,26.519908932966093],[89.51918260625706,26.51981561892116],[89.51968558353784,26.518732882487907],[89.5209355187097,26.51878297543965],[89.5210493440476,26.52031954012596],[89.52242913944728,26.52011465185818],[89.52367553166802,26.52114838718969],[89.52563334906898,26.523748688209714],[89.52535988166034,26.52500334318487],[89.52458179259095,26.526348152680043],[89.52467254519046,26.52751513917629],[89.52368791434282,26.52813266799318],[89.52373643571863,26.528745433702007],[89.52347490272231,26.529629894039296],[89.52366371699145,26.530235664229647],[89.52289170047885,26.53071406443793],[89.52307784861547,26.531198058996228],[89.52289836885372,26.531706574742657],[89.52180922135571,26.53282225730044],[89.52188086920206,26.53380459429194],[89.52103242633734,26.534230195311437],[89.52019308976948,26.535761058850625],[89.526670762569,26.53561475606402],[89.529440938853,26.535443784556403],[89.53195515805245,26.535723988166275],[89.53249541767285,26.532231179331426],[89.53248599135038,26.531116900397656],[89.53269886223453,26.531145953233587],[89.53223751071666,26.52969777521989],[89.53204833040438,26.52791722472361],[89.53143793231351,26.525710655230963],[89.53085631369552,26.52373325237901],[89.530326308199,26.52114141468351],[89.52985124858071,26.518517143453057],[89.52964746106467,26.51735309423964],[89.52949249750641,26.5164678817196],[89.52938087357903,26.515690659205966],[89.52993269394598,26.51464404826607],[89.53341459999501,26.514248332962413],[89.53654991188073,26.51405722576593],[89.53712175471713,26.516799326178297],[89.54320025444117,26.520210306833405],[89.54436685853338,26.519210404172533],[89.54458870036834,26.517216692364855],[89.54511973266035,26.51650786645212],[89.54562557720759,26.51647627525205],[89.54634737510554,26.51532187194041],[89.54585666655271,26.51471198208626],[89.5456930862521,26.51373894834905],[89.54563697911081,26.513509818574004],[89.54558109527984,26.513280862217137],[89.54552531394653,26.513052243343225],[89.54546809117605,26.512823988917223],[89.54540894566097,26.51259635966695],[89.54534632491543,26.512369486307804],[89.54527415545968,26.512144057573337],[89.5451973291181,26.511919582204534],[89.54512323950001,26.51169520239649],[89.54505904273576,26.511469955029163],[89.545010598525,26.511243197613393],[89.54496703311071,26.51101595154001],[89.54492514030298,26.51078860331728],[89.54488491807774,26.510561275656368],[89.54484684546848,26.510334003836128],[89.54481115888466,26.510106852693337],[89.54477774650448,26.50987990186943],[89.54474684165835,26.50965320256344],[89.54471892211139,26.50942681409636],[89.54469362996068,26.509200799792843],[89.54467168607495,26.508975250219557],[89.54465332189079,26.508750177979376],[89.54463973094865,26.508525475192094],[89.54463043589683,26.508301061312917],[89.5446246178079,26.50807701305973],[89.54462202344922,26.507853314551696],[89.54462112279138,26.507629931988674],[89.54462202826369,26.50740695713009],[89.54462343889509,26.507184296108814],[89.5446249647721,26.506961954291867],[89.54462523692644,26.506739560842597],[89.5446241272759,26.50651716966532],[89.54462081488613,26.50629469445958],[89.54461471580161,26.50607191740225],[89.54460725150756,26.505848968323864],[89.54459865771068,26.505625834679712],[89.5445903669825,26.50540271198618],[89.5445830814992,26.505179701166888],[89.54457739896756,26.504956876340916],[89.5445746314635,26.50473432977444],[89.54457548541733,26.504512205451068],[89.54458066346436,26.50429055633639],[89.54459148312803,26.504069601558115],[89.54460701751555,26.503847890698125],[89.54462542773516,26.50362614341416]]]}},{"type":"Feature","properties":{"Village_Name":"Purbba Majherdabri Tea Garden","Village_Code":"307262","Block_Name":"Alipurduar - II","District":"Alipurduar","Vill_Cat":"rural","State_LGD":"19","Dist_LGD":"328N002","Subdis_LGD":"2174"},"geometry":{"type":"Polygon","coordinates":[[[89.56237724135794,26.54111324417359],[89.56239288648185,26.54091444104625],[89.55953985863857,26.540744646335085],[89.55933951435051,26.53985489566303],[89.55922446072184,26.537610051775292],[89.55950500265973,26.536012322607846],[89.5605019196122,26.535277024893357],[89.56101908240582,26.534622532921336],[89.56062860508469,26.533979842065136],[89.55916300780882,26.53416408745221],[89.55857554486822,26.532329281233377],[89.55210928493989,26.53320323514866],[89.54934634272261,26.53346926435813],[89.54667008344396,26.53334566762029],[89.54486380316959,26.53354939041235],[89.54294531380232,26.5348063674461],[89.54326707574116,26.536203826203508],[89.5427488660052,26.537043265809178],[89.54232842753298,26.537312458487207],[89.5411221037339,26.537884430873472],[89.54024272321914,26.53781438589491],[89.53952363899512,26.537051156355616],[89.53774548054365,26.535801455023222],[89.53756229797035,26.533404377787914],[89.53510914309896,26.53293368369593],[89.53500150591937,26.531460199912544],[89.53269886223453,26.531145953233587],[89.53248599135038,26.531116900397656],[89.53249541767285,26.532231179331426],[89.53195515805245,26.535723988166275],[89.53105075742911,26.54022491349241],[89.53000059538793,26.54288755571485],[89.52983813482207,26.54462753382452],[89.53448289278967,26.545515033105733],[89.53575431148776,26.545844335677586],[89.53709792802414,26.54580687547513],[89.53799980438333,26.54507341622083],[89.53924833169472,26.545046654444363],[89.54127800837361,26.545637614716572],[89.54292599655288,26.54620828785546],[89.54526990379772,26.54489858339051],[89.5468991561937,26.544621309289937],[89.55092007850197,26.543610890692086],[89.55577452272405,26.542413959628117],[89.56237724135794,26.54111324417359]]]}},{"type":"Feature","properties":{"Village_Name":"Uttar Panialguri","Village_Code":"307263","Block_Name":"Alipurduar - II","District":"Alipurduar","Vill_Cat":"rural","State_LGD":"19","Dist_LGD":"328N002","Subdis_LGD":"2174"},"geometry":{"type":"Polygon","coordinates":[[[89.59020257277922,26.54915089173439],[89.58909536824505,26.54876947166552],[89.58691136639878,26.54846625848721],[89.58680733344721,26.547854542557015],[89.58629312167844,26.5477420613481],[89.58566580363355,26.54773089136587],[89.5847773407667,26.54725974150162],[89.58463345192932,26.546883360565523],[89.5843446936309,26.546757757380334],[89.58382759757096,26.546740066926468],[89.58299932215266,26.5462678131768],[89.582344389756,26.546591003067963],[89.58166201891297,26.546585324737052],[89.58150386887574,26.54601970225117],[89.58192722788792,26.545660107760956],[89.58224639248402,26.545352030441688],[89.58159545583864,26.54495776549875],[89.58039398197558,26.544171919074792],[89.58054185210926,26.543830854127975],[89.58170039320939,26.543372215880492],[89.57964866006755,26.542922108317573],[89.57997751683318,26.542374733500996],[89.57981012695211,26.541619778985996],[89.5803823552144,26.540964224832983],[89.58115952242244,26.540724555749716],[89.58174388839771,26.540163524877226],[89.58147340897509,26.538837439540632],[89.58140909070536,26.53798135820097],[89.58079397116136,26.537392430131277],[89.58044907627202,26.53655045379084],[89.58050712314889,26.535110130449567],[89.58127610776656,26.534730743858844],[89.58216130777387,26.53371759251929],[89.582567017762,26.53301993129828],[89.58269335122732,26.531718236707786],[89.58245866605499,26.530869756442854],[89.58214242322519,26.530410769152354],[89.58063146517377,26.530356926125247],[89.57852446020735,26.531013188000063],[89.57674481456225,26.531505586954538],[89.57608808395203,26.530398525166206],[89.57282754883875,26.530836425051373],[89.57002996454554,26.531342604168188],[89.57040437438107,26.532612703870065],[89.57062567323278,26.53398933659739],[89.56954054667307,26.533914160483945],[89.5691427025854,26.533167855146154],[89.56810247309842,26.532180463861256],[89.56604535221285,26.531251985021004],[89.56626672969476,26.529704943269742],[89.5639363186724,26.52888963619198],[89.56347535180774,26.529588244617226],[89.56301027273378,26.529425159042447],[89.56074315571759,26.52874852753442],[89.56066853794623,26.529228127045574],[89.55922344712106,26.529655641990438],[89.55924181859942,26.529127423421794],[89.55920426573775,26.527887331974483],[89.55563663000915,26.528727397725532],[89.55177640774029,26.528814618208038],[89.55171198412573,26.530209945069107],[89.54863299744491,26.530016890073583],[89.54674319911915,26.529843127535962],[89.54731485809684,26.532106907118937],[89.54683345168905,26.532566701313876],[89.54600720500773,26.532856692113803],[89.54486380316959,26.53354939041235],[89.54667008344396,26.53334566762029],[89.54934634272261,26.53346926435813],[89.55210928493989,26.53320323514866],[89.55857554486822,26.532329281233377],[89.55916300780882,26.53416408745221],[89.56062860508469,26.533979842065136],[89.56101908240582,26.534622532921336],[89.5605019196122,26.535277024893357],[89.55950500265973,26.536012322607846],[89.55922446072184,26.537610051775292],[89.55933951435051,26.53985489566303],[89.55953985863857,26.540744646335085],[89.56239288648185,26.54091444104625],[89.56237724135794,26.54111324417359],[89.56545480566096,26.544834278074553],[89.56669776962151,26.54630607080105],[89.56776308512711,26.54756747353817],[89.56953453085606,26.549168815392502],[89.57187143532143,26.551378044091575],[89.57350212270715,26.551293218436147],[89.5902111090288,26.550423063029413],[89.59020257277922,26.54915089173439]]]}},{"type":"Feature","properties":{"Village_Name":"Dakshin Panialguri","Village_Code":"307264","Block_Name":"Alipurduar - II","District":"Alipurduar","Vill_Cat":"rural","State_LGD":"19","Dist_LGD":"328N002","Subdis_LGD":"2174"},"geometry":{"type":"Polygon","coordinates":[[[89.57670376466659,26.51821896689675],[89.5761915075039,26.518187618912204],[89.57614914143733,26.517637939597748],[89.57636741761968,26.516632366172807],[89.57560146723988,26.516244652300067],[89.57505458931846,26.515785300485334],[89.57521704473244,26.5149747450493],[89.57447941249224,26.514956484851258],[89.57299229648522,26.51461336078381],[89.5736708595725,26.51580577600376],[89.57332142866083,26.517003212101272],[89.57249623443661,26.518231794427873],[89.56873887569462,26.517965673737724],[89.56587860145616,26.5178953665553],[89.56332234224568,26.51706154176663],[89.56041057602636,26.516252100931673],[89.55722520449295,26.515767850281968],[89.55689183058509,26.514302955705027],[89.55416910693805,26.514099095852984],[89.55287427073306,26.515417201269003],[89.55207285408582,26.51546313333238],[89.55117591282988,26.515271640747752],[89.54989196935809,26.515723241526437],[89.54957781235387,26.514442969203337],[89.54859064708748,26.51493436897836],[89.54827185921502,26.514579115649585],[89.54708456241327,26.51441083305484],[89.54634737510554,26.51532187194041],[89.54562557720759,26.51647627525205],[89.54511973266035,26.51650786645212],[89.54458870036834,26.517216692364855],[89.54436685853338,26.519210404172533],[89.54320025444117,26.520210306833405],[89.54381583403989,26.520605394514142],[89.5437564635745,26.52177955114233],[89.54492386609311,26.52263402285337],[89.54559123544244,26.52469306919215],[89.5459163539251,26.52510686967349],[89.54552649988271,26.52630497552448],[89.54450643291617,26.527356416909946],[89.5444380780951,26.528350256457784],[89.54600673245234,26.528746359408892],[89.54674319911915,26.529843127535962],[89.54863299744491,26.530016890073583],[89.55171198412573,26.530209945069107],[89.55177640774029,26.528814618208038],[89.55563663000915,26.528727397725532],[89.55920426573775,26.527887331974483],[89.55924181859942,26.529127423421794],[89.55922344712106,26.529655641990438],[89.56066853794623,26.529228127045574],[89.56074315571759,26.52874852753442],[89.56301027273378,26.529425159042447],[89.56347535180774,26.529588244617226],[89.5639363186724,26.52888963619198],[89.56626672969476,26.529704943269742],[89.56604535221285,26.531251985021004],[89.56810247309842,26.532180463861256],[89.5691427025854,26.533167855146154],[89.56954054667307,26.533914160483945],[89.57062567323278,26.53398933659739],[89.57040437438107,26.532612703870065],[89.57002996454554,26.531342604168188],[89.57282754883875,26.530836425051373],[89.57608808395203,26.530398525166206],[89.57674481456225,26.531505586954538],[89.57852446020735,26.531013188000063],[89.58063146517377,26.530356926125247],[89.58214242322519,26.530410769152354],[89.58245866605499,26.530869756442854],[89.58326489751883,26.530363354812117],[89.5836985112712,26.52934484594908],[89.5833294289494,26.528318329495],[89.5832856066594,26.527705516104458],[89.5832366702653,26.527088283721866],[89.58261309280849,26.526567189376163],[89.58198470819381,26.526055204221148],[89.58171397357499,26.525387846685916],[89.5816078132776,26.52490249207772],[89.58202800500354,26.52462868202289],[89.58244829571737,26.524359381897266],[89.58225549186083,26.52381243208517],[89.58177722508961,26.523284188730294],[89.58064291186592,26.52279940631659],[89.58038635716908,26.5223167732941],[89.58050472973174,26.52200331410733],[89.58122813977579,26.521832301960895],[89.58164842291643,26.52156300329308],[89.58155142009896,26.521262468258602],[89.58015284235341,26.520173369160684],[89.5798616476952,26.519262737410504],[89.58050147843426,26.518046496037726],[89.58037615751002,26.51737650151444],[89.57964352529838,26.51735817873474],[89.57877354678128,26.517477692091646],[89.57670376466659,26.51821896689675]]]}},{"type":"Feature","properties":{"Village_Name":"Mahakalguri","Village_Code":"307324","Block_Name":"Alipurduar - II","District":"Alipurduar","Vill_Cat":"rural","State_LGD":"19","Dist_LGD":"328N002","Subdis_LGD":"2174"},"geometry":{"type":"Polygon","coordinates":[[[89.68444757225551,26.527852554864488],[89.68110491591308,26.5281816688963],[89.68089036096623,26.530170813104956],[89.68106363845395,26.532445914088406],[89.68265799546798,26.534143849132487],[89.68405408948854,26.536156798648808],[89.68572364462383,26.537848764554596],[89.68633623496608,26.539168134065445],[89.6849231892332,26.539876022517603],[89.68350718464116,26.540457629905482],[89.682469058976,26.541758475559238],[89.68136233574185,26.543561393239905],[89.67969857028112,26.54384535125855],[89.67970660102957,26.54483775291692],[89.68098678593378,26.545314450842525],[89.68053110532841,26.54707352818575],[89.6823286110458,26.547576568411568],[89.6826138106928,26.550345827551684],[89.68201136451597,26.552049021933374],[89.68240221845029,26.553322953306935],[89.68408034116597,26.553219148727745],[89.68416630502293,26.553894266833634],[89.68630449417343,26.553082468290665],[89.68866306821525,26.552257455626616],[89.69175242632156,26.552438209763967],[89.69129285700348,26.551233282444514],[89.69011521108999,26.548277891034875],[89.6872224996574,26.546415074107436],[89.68893406233825,26.545814314067794],[89.69100334478395,26.54506691726656],[89.69164473494259,26.546755662310233],[89.69299536051832,26.548097139130356],[89.69617238086391,26.547527226170075],[89.70268347789049,26.54731359233633],[89.7025811885709,26.545091338425582],[89.702498748326,26.54392892263445],[89.70101247246711,26.543650327430726],[89.69738149002774,26.543678527628035],[89.6964409301946,26.545713004866407],[89.69447244698554,26.545835976494825],[89.6936328322696,26.54446680401617],[89.69092520946414,26.544513468916836],[89.68958153300902,26.541317577481326],[89.68724942749209,26.539611093803106],[89.68746093042557,26.53749568024853],[89.6884637280401,26.535329245033303],[89.6888104652779,26.533206767169972],[89.6887505554155,26.529562532988095],[89.68550388799122,26.53013807934602],[89.68444757225551,26.527852554864488]]]}},{"type":"Feature","properties":{"Village_Name":"Patotola","Village_Code":"307305","Block_Name":"Alipurduar - II","District":"Alipurduar","Vill_Cat":"rural","State_LGD":"19","Dist_LGD":"328N002","Subdis_LGD":"2174"},"geometry":{"type":"Polygon","coordinates":[[[89.68110491591308,26.5281816688963],[89.67279259535351,26.528757398425718],[89.66487931956621,26.529677092975028],[89.6641660990506,26.528982100569092],[89.66134449195732,26.527988121823462],[89.66205031657735,26.530970674106335],[89.66127240044642,26.53225297794265],[89.66139458722961,26.533852331766774],[89.66209604331446,26.535774724209027],[89.66161786770346,26.537222873259754],[89.66246488363876,26.538713936337807],[89.6625792764058,26.540191617329764],[89.66442646763616,26.54003075577303],[89.6714159404964,26.53947576759006],[89.67542651167541,26.538732786110195],[89.67743303722776,26.54003503930911],[89.678896312985,26.541054222459938],[89.68088262534135,26.54105294865848],[89.682469058976,26.541758475559238],[89.68350718464116,26.540457629905482],[89.6849231892332,26.539876022517603],[89.68633623496608,26.539168134065445],[89.68572364462383,26.537848764554596],[89.68405408948854,26.536156798648808],[89.68265799546798,26.534143849132487],[89.68106363845395,26.532445914088406],[89.68089036096623,26.530170813104956],[89.68110491591308,26.5281816688963]]]}},{"type":"Feature","properties":{"Village_Name":"Dakshin Mahakalguri","Village_Code":"307325","Block_Name":"Alipurduar - II","District":"Alipurduar","Vill_Cat":"rural","State_LGD":"19","Dist_LGD":"328N002","Subdis_LGD":"2174"},"geometry":{"type":"Polygon","coordinates":[[[89.6916924132279,26.526673719221343],[89.68858303271351,26.526249675018345],[89.68486852413412,26.526545283809007],[89.68430140305377,26.522003760019967],[89.68237471943927,26.521751291269627],[89.68224734040032,26.521018296374397],[89.68277241935117,26.520737717510872],[89.68233847331749,26.51501613992313],[89.68129476969621,26.5147741011269],[89.68056710818581,26.512162025007573],[89.67847396061369,26.512508156607847],[89.67875960939189,26.51487590220691],[89.67737098840776,26.51489747765167],[89.67594374449845,26.51541604341387],[89.67449654534958,26.516156039786875],[89.67592803704038,26.51711722091799],[89.67659342601848,26.518128866754267],[89.67607766153377,26.519027340539626],[89.67602608566803,26.519398262142246],[89.67549599650054,26.52011202702134],[89.675637646601,26.52102973877723],[89.67595671580841,26.521380167151023],[89.67550181385646,26.522092520594875],[89.67564837590776,26.523005628765986],[89.67608566243315,26.523047046585205],[89.67628663315641,26.523710992484],[89.67743921122029,26.5234547403927],[89.67837430099414,26.524199633579805],[89.6796063294192,26.52498856453132],[89.67903327718875,26.5251482214227],[89.67952482261437,26.52579767587294],[89.68034488798402,26.526986854958462],[89.68110491591308,26.5281816688963],[89.68444757225551,26.527852554864488],[89.68550388799122,26.53013807934602],[89.6887505554155,26.529562532988095],[89.6888104652779,26.533206767169972],[89.6884637280401,26.535329245033303],[89.68746093042557,26.53749568024853],[89.68724942749209,26.539611093803106],[89.68958153300902,26.541317577481326],[89.69092520946414,26.544513468916836],[89.6936328322696,26.54446680401617],[89.69447244698554,26.545835976494825],[89.6964409301946,26.545713004866407],[89.69738149002774,26.543678527628035],[89.70101247246711,26.543650327430726],[89.70039341238896,26.54035058140874],[89.69971650498015,26.54014685614203],[89.69972015536797,26.537733101654286],[89.69992481532147,26.53469294230587],[89.69940133447503,26.53268619211994],[89.69605861509355,26.533015663712142],[89.69386289173787,26.529199795309783],[89.69288912042408,26.52895201669608],[89.69261000249331,26.528167764921456],[89.69166820312688,26.52735542557787],[89.6916924132279,26.526673719221343]]]}},{"type":"Feature","properties":{"Village_Name":"Baro Chakirbas","Village_Code":"307326","Block_Name":"Alipurduar - II","District":"Alipurduar","Vill_Cat":"rural","State_LGD":"19","Dist_LGD":"328N002","Subdis_LGD":"2174"},"geometry":{"type":"Polygon","coordinates":[[[89.70405088422618,26.520926631140476],[89.69851863459554,26.52132924534897],[89.69647036408767,26.521453730861808],[89.69627732103258,26.518344394554898],[89.69424982387804,26.518712078134836],[89.6930557910117,26.51847748268196],[89.69140697300958,26.518955272572427],[89.69064226097478,26.51992616696177],[89.69043288636279,26.52191521917859],[89.69092403207559,26.52362035073064],[89.69263339871593,26.524873866915517],[89.69253901002418,26.52555689943351],[89.6916924132279,26.526673719221343],[89.69166820312688,26.52735542557787],[89.69261000249331,26.528167764921456],[89.69288912042408,26.52895201669608],[89.69386289173787,26.529199795309783],[89.69605861509355,26.533015663712142],[89.69940133447503,26.53268619211994],[89.69992481532147,26.53469294230587],[89.69972015536797,26.537733101654286],[89.69971650498015,26.54014685614203],[89.70039341238896,26.54035058140874],[89.70101247246711,26.543650327430726],[89.702498748326,26.54392892263445],[89.7025811885709,26.545091338425582],[89.70889850311629,26.546243589006355],[89.70919232498895,26.545299601329262],[89.70693811926597,26.544575497564338],[89.70617056284591,26.540299602390146],[89.70682661315585,26.540255557681274],[89.70676126088382,26.539395094305025],[89.708322588424,26.53966769370899],[89.71330153862013,26.538738317029054],[89.71355933125754,26.53903567938369],[89.71371465703875,26.537963487684838],[89.71478434869587,26.536955083480443],[89.71604720872853,26.535843735744436],[89.71658520882288,26.535048473430123],[89.71669109588278,26.53422084541106],[89.71646602549808,26.53424769421934],[89.71657137508844,26.534674280127717],[89.71565505173939,26.53516545888171],[89.71562618086739,26.534791552802627],[89.71483127975588,26.534901443315828],[89.71484904921441,26.53224832551148],[89.7147147712561,26.527184434308058],[89.71319689517718,26.523635692326053],[89.71196303509151,26.5208575095866],[89.71032698258479,26.520595380075648],[89.70405088422618,26.520926631140476]]]}},{"type":"Feature","properties":{"Village_Name":"Chhota Chakirbas","Village_Code":"307327","Block_Name":"Alipurduar - II","District":"Alipurduar","Vill_Cat":"rural","State_LGD":"19","Dist_LGD":"328N002","Subdis_LGD":"2174"},"geometry":{"type":"Polygon","coordinates":[[[89.71669109588278,26.53422084541106],[89.71679687508801,26.533388707590635],[89.71756309623862,26.53163715866032],[89.71826041280353,26.531005779379704],[89.7190567714204,26.530959003639204],[89.72121052722258,26.53104872284585],[89.72540560908023,26.531776104220185],[89.7282042754266,26.53241280532805],[89.72984866268696,26.529841336900954],[89.72991871006354,26.529686030217416],[89.73066350982579,26.528034659864886],[89.7309296834593,26.526355793821104],[89.73059067296923,26.524535133922672],[89.72963404974264,26.523741389460042],[89.72845282294418,26.523204582076826],[89.72567977720922,26.52215683598543],[89.7245690869016,26.521420138718117],[89.7239989446203,26.52042496862855],[89.72267923471668,26.517630485776024],[89.72162190749665,26.515539285251233],[89.71860150096583,26.51563665288945],[89.71853513438062,26.51563879137952],[89.71750769095337,26.51651557306032],[89.71685535188368,26.517137064814264],[89.71631056744665,26.517215120607926],[89.71563507570824,26.51685353388891],[89.71482984149122,26.516092887911515],[89.71361028722033,26.519463672089245],[89.71284900153488,26.52099855300643],[89.71196303509151,26.5208575095866],[89.71319689517718,26.523635692326053],[89.7147147712561,26.527184434308058],[89.71484904921441,26.53224832551148],[89.71483127975588,26.534901443315828],[89.71562618086739,26.534791552802627],[89.71565505173939,26.53516545888171],[89.71657137508844,26.534674280127717],[89.71646602549808,26.53424769421934],[89.71669109588278,26.53422084541106]]]}},{"type":"Feature","properties":{"Village_Name":"Taleswarguri","Village_Code":"307303","Block_Name":"Alipurduar - II","District":"Alipurduar","Vill_Cat":"rural","State_LGD":"19","Dist_LGD":"328N002","Subdis_LGD":"2174"},"geometry":{"type":"Polygon","coordinates":[[[89.64720526799168,26.51310574349575],[89.64426857261375,26.512975264217726],[89.64396776150704,26.511884501397336],[89.64414409197849,26.51038785861467],[89.64291356406875,26.510523466966752],[89.64231734088298,26.509451709659828],[89.6429448527738,26.509043049239494],[89.64283334471129,26.508553340517672],[89.64143985131244,26.508579163129983],[89.641702871001,26.507144079883535],[89.64162903331508,26.50523248494196],[89.64090429479687,26.50533614291482],[89.64082395984195,26.506208390352985],[89.63931374103446,26.50661082506341],[89.63827003570596,26.504387818779453],[89.63555004661784,26.50517352781916],[89.63375504605065,26.501886064072437],[89.63281922599468,26.500649084068915],[89.63101330824554,26.501936674354003],[89.63104820677627,26.503027869842743],[89.63250783883942,26.503925835063278],[89.63319614961699,26.50530273811134],[89.63265665272442,26.507812196088928],[89.63172674213192,26.511014642131467],[89.63207919962102,26.513715170031816],[89.63527892467887,26.51438244391728],[89.63677776381375,26.511282252535217],[89.63933182922995,26.51310284016517],[89.64379048368774,26.51684163255468],[89.64691786949004,26.51894018303502],[89.6510981683576,26.52189434276493],[89.65425433994119,26.52392450511318],[89.6570900312739,26.52553646933008],[89.66062635537057,26.5277308325011],[89.66134449195732,26.527988121823462],[89.66350588691293,26.527541692207762],[89.6627525111573,26.52054466562662],[89.66364686207449,26.519747439448732],[89.66091581976546,26.51658163798104],[89.65803127986074,26.517194899929585],[89.65749703616349,26.515991223446452],[89.65610977375744,26.516508850058404],[89.6536373628566,26.51672634077826],[89.65267803725028,26.516662986352024],[89.65285546113049,26.516091213477306],[89.65496880509048,26.51596163451461],[89.65421144206667,26.514649306484777],[89.65331159667873,26.514336705216575],[89.65163278022412,26.513515233891884],[89.6517273073531,26.512827700940814],[89.65211371009194,26.512184365942026],[89.65155866163296,26.511599148768898],[89.64896826874563,26.512134564737234],[89.6491653943495,26.512857283862484],[89.6471610181891,26.512488463783455],[89.64720526799168,26.51310574349575]]]}},{"type":"Feature","properties":{"Village_Name":"Boragari","Village_Code":"307271","Block_Name":"Alipurduar - II","District":"Alipurduar","Vill_Cat":"rural","State_LGD":"19","Dist_LGD":"328N002","Subdis_LGD":"2174"},"geometry":{"type":"Polygon","coordinates":[[[89.6190451826601,26.427631459677613],[89.61839241539556,26.42668692239202],[89.61900177953025,26.425046995977898],[89.61781798727483,26.423886597001506],[89.61698791910229,26.422633984404843],[89.61759956667379,26.42198210587541],[89.61848854589451,26.421185279317005],[89.61939160861523,26.4205686602577],[89.61917184898957,26.41860554412015],[89.61815056932559,26.415763774195824],[89.6176214544507,26.413634869830656],[89.61776323990523,26.41214788964326],[89.61904847201355,26.410707641082013],[89.61955796137198,26.40975082701751],[89.61927958918538,26.408961850271908],[89.61862193112223,26.408017396103638],[89.61804563784207,26.40712558962496],[89.61798802408413,26.40546178728923],[89.61762547260068,26.404493875247006],[89.61720484625674,26.403838339504382],[89.61542250433176,26.403451355651647],[89.61458721413052,26.40306959301485],[89.61408109279971,26.402176484129164],[89.6139679219009,26.400712211520894],[89.61327986683166,26.399551732889435],[89.61324489539373,26.399580768296936],[89.6132448673089,26.399580789383656],[89.61207161300548,26.40049058650383],[89.61099305134067,26.401326934051877],[89.60973000802086,26.402346745230233],[89.60877273200609,26.40325818902405],[89.60706359398145,26.40448554038094],[89.6052241705018,26.406168597445124],[89.60497186105908,26.406455695665667],[89.60478799940488,26.406664905992066],[89.60420657131493,26.40734622857149],[89.60347973352711,26.408023067292596],[89.6032792328381,26.408483406921412],[89.6031636979706,26.40971083596423],[89.60282783629205,26.410283909457455],[89.60223135721158,26.41058623369625],[89.60107357105684,26.41080717955821],[89.6004370263284,26.411235745114542],[89.59934912741768,26.412593925508062],[89.59885009036657,26.41323560099724],[89.60008575242142,26.41348118302416],[89.6011014886822,26.41341758419253],[89.60101801764809,26.414163556916797],[89.60262842459237,26.41425155118903],[89.60152215069309,26.41987990531375],[89.60174089182038,26.420918158126018],[89.60100327432144,26.421766274725275],[89.60027348939622,26.422740576661138],[89.60013046058631,26.42373578336387],[89.60120379415818,26.425340510579392],[89.60255526867479,26.42772522016848],[89.60298968356415,26.428547484142314],[89.60392428467664,26.42843570607811],[89.60684958008129,26.428377852803518],[89.60756745740233,26.42821135235645],[89.60768916780331,26.42783013794105],[89.60805727736371,26.427931703351668],[89.6084858075685,26.428713448879414],[89.61049416183917,26.428216563864467],[89.6117860831724,26.426839411771162],[89.61340943074494,26.427048855862704],[89.61328998754377,26.428418117845656],[89.61445448624613,26.428279507436816],[89.61457126595694,26.427902890963498],[89.61504147905744,26.428309372490997],[89.61487805084205,26.42906132203038],[89.61628623741449,26.429283692903383],[89.61647256451049,26.42976755504793],[89.61756478593789,26.42975657335938],[89.61780694861187,26.430049915260586],[89.61913878856214,26.43021951376699],[89.6190451826601,26.427631459677613]]]}},{"type":"Feature","properties":{"Village_Name":"Chalnirpak","Village_Code":"307268","Block_Name":"Alipurduar - II","District":"Alipurduar","Vill_Cat":"rural","State_LGD":"19","Dist_LGD":"328N002","Subdis_LGD":"2174"},"geometry":{"type":"Polygon","coordinates":[[[89.56321441608756,26.44370918857268],[89.56422582248119,26.44253147461959],[89.56606959588494,26.442728469209403],[89.56825185876664,26.442594497140732],[89.56936690837993,26.441347207183735],[89.57031129568205,26.440315040478264],[89.57112831777158,26.438964815698604],[89.57187899163868,26.43823842354109],[89.57290438860888,26.437245389729785],[89.57305537575681,26.436371875590446],[89.57273184694274,26.436021262911915],[89.57215713461979,26.435192400645228],[89.57188541291099,26.434466365554357],[89.57079431272504,26.434531122605158],[89.57006230351884,26.434517221952294],[89.56937979646563,26.434249760631847],[89.56969501938008,26.43354925894464],[89.56934837390745,26.432833589421563],[89.56912675218355,26.43278343244667],[89.56880511692223,26.433420881814122],[89.56831646813608,26.433759035473017],[89.56788243195342,26.43384805198887],[89.5674584134473,26.433936887129217],[89.56722407092111,26.433765133743453],[89.56656795592104,26.432879053862887],[89.56588266692228,26.43248529118655],[89.56512830611582,26.43123550222748],[89.56441760135823,26.430598544650685],[89.56353273462419,26.430470042568512],[89.56284106307484,26.43001321257141],[89.5622665510911,26.429188811360813],[89.56150859524092,26.428453422530023],[89.56404389042207,26.42797931861274],[89.56421776989184,26.427941906901374],[89.56403781772538,26.427899656596193],[89.56366185884944,26.42794015180462],[89.56379260933251,26.42723620335448],[89.56382302639173,26.426595417085224],[89.56416914829397,26.426072050797412],[89.56503664913645,26.42548572395242],[89.56543277145268,26.425039152726967],[89.56489167971797,26.424601103328584],[89.56410038330762,26.423499687653273],[89.56424605180189,26.42315519936362],[89.56437133547814,26.42285891626718],[89.56504338302,26.42220490009284],[89.56585551958909,26.42176295271151],[89.56696249231997,26.42186308983064],[89.56700827910204,26.4218672309859],[89.56690070082284,26.422475112433165],[89.56675193121322,26.423315737397044],[89.56690697886746,26.423190729185308],[89.56757430150293,26.422652692849436],[89.56803543755373,26.422503997087297],[89.56858687458649,26.422314692907655],[89.56984988009313,26.422563332725904],[89.57086223314066,26.42279842235461],[89.56963973341287,26.4218141645588],[89.56887805261172,26.421466364393247],[89.5689334971348,26.42086167425631],[89.56970039774174,26.42073102828991],[89.57093342808582,26.420758663889725],[89.57212146007194,26.420366499218215],[89.57174573575142,26.41984284164701],[89.5706731694412,26.419923680793207],[89.57054133978599,26.41987202958036],[89.56937020988325,26.419413172035163],[89.56958497069884,26.419031369751227],[89.56959100774496,26.419020637200546],[89.56967596867105,26.419000469887575],[89.5707488590085,26.41874579482852],[89.57198186552867,26.41877333217091],[89.57185178660443,26.418317535338808],[89.57101005513312,26.41753190676817],[89.57012845642296,26.416606488552855],[89.56983292218595,26.416276928222164],[89.5693771573823,26.415509525052613],[89.56935102118172,26.41545391749141],[89.56903280502709,26.415033790326653],[89.5686399424516,26.414658409816436],[89.56858577998476,26.414606658099522],[89.56823013433049,26.414096524176916],[89.5681952808462,26.41364072557504],[89.56789475428656,26.413234457629272],[89.56743878053948,26.41306722563225],[89.56629646749123,26.41242593048627],[89.56581090800356,26.41126145755366],[89.5653599650385,26.410976908168],[89.56453345750104,26.410299608582967],[89.56362144530088,26.409996883615438],[89.56241881193178,26.40976162716971],[89.56123098984331,26.409761165752762],[89.55934644732905,26.41006265514125],[89.55705605110477,26.410201460370004],[89.55512655591409,26.410096722195792],[89.55617355651047,26.410945650627966],[89.55635155284692,26.411075780478267],[89.55763132315793,26.412011375146843],[89.55833766465918,26.41256227532948],[89.55867786491713,26.413582380618674],[89.5586569137372,26.413691127655763],[89.55856223685862,26.41418255193495],[89.55842669928774,26.41452093656354],[89.55758941092868,26.4150575902778],[89.55568986680616,26.415160418999665],[89.55567093122265,26.4151593206106],[89.55341454204832,26.415028456566212],[89.55068800768866,26.41504058989647],[89.54964552891,26.41508057592754],[89.54910896817509,26.415522571688346],[89.54910492519105,26.41564689111405],[89.54907830207661,26.416465755410073],[89.54935331569425,26.41737749773828],[89.54948302219348,26.418253119952563],[89.54948586583104,26.418259348853773],[89.5497282535602,26.418790269000937],[89.55089099633592,26.418921754132093],[89.55240977609488,26.418791676743236],[89.55363419430633,26.41872046718871],[89.55440960840632,26.418675365170078],[89.55571266535313,26.41877975781509],[89.55653955112672,26.419041912294386],[89.55699038751838,26.419461849016102],[89.55725044466537,26.420323938483282],[89.55728010866997,26.42107762160261],[89.55691367649058,26.421916810152233],[89.55657753806156,26.4225439369504],[89.55511345104058,26.423274343525595],[89.55377997909207,26.42375659226011],[89.5523762421638,26.424198123286534],[89.55114271416265,26.424982668570888],[89.5505608938465,26.42552844195006],[89.55019955676248,26.42614201787583],[89.55025097216546,26.426657893877707],[89.55025937644523,26.426742212243788],[89.55108620325481,26.427058629768165],[89.55230430765738,26.426887712348634],[89.55342232526357,26.426459588615806],[89.55481512166894,26.42595883509561],[89.55515205037891,26.425837696285306],[89.55584383034838,26.425743207086054],[89.55700152485453,26.42596496721321],[89.55744250310399,26.42612311430271],[89.55818878456186,26.427021526669574],[89.55843919304732,26.42752255916626],[89.55882907970636,26.429269272663717],[89.55883383211265,26.42977019156661],[89.55816157025023,26.43073108744343],[89.55702824614171,26.4315654168614],[89.55601556430116,26.43184026610387],[89.55479169898759,26.43113046524413],[89.55472277985756,26.431090494221355],[89.55431964117548,26.43113766191035],[89.55245689237063,26.43135559523664],[89.55222612222408,26.431563026425042],[89.55221594867376,26.43185639353008],[89.55236060711829,26.432903466370398],[89.55264040462671,26.434433427305407],[89.55273970512128,26.435855078805947],[89.55270367490928,26.437357835235044],[89.55265313499487,26.438088859581057],[89.5524773452364,26.438544637284455],[89.5519856808389,26.439108480032914],[89.55005565820356,26.439224793636086],[89.54914825887494,26.439395749160223],[89.54849608696775,26.43998211710023],[89.54829501792992,26.440929692758907],[89.54840021433273,26.441241747552965],[89.54906507716808,26.441422192198736],[89.55017155455256,26.441596455147415],[89.55190470886198,26.442233267986065],[89.55279021054984,26.443295795687217],[89.55346808862741,26.444488363538692],[89.55438126108278,26.444986393737974],[89.55542748107554,26.444245770737133],[89.55670422321164,26.44373112272033],[89.55815624868839,26.44457141132751],[89.55948812118882,26.444737050851565],[89.56101471192996,26.44464200631609],[89.56321441608756,26.44370918857268]]]}},{"type":"Feature","properties":{"Village_Name":"Purba Chikliguri","Village_Code":"307298","Block_Name":"Alipurduar - II","District":"Alipurduar","Vill_Cat":"rural","State_LGD":"19","Dist_LGD":"328N002","Subdis_LGD":"2174"},"geometry":{"type":"Polygon","coordinates":[[[89.68116450405506,26.451694941794727],[89.68159137915652,26.451298923671676],[89.68173288982102,26.450700729361937],[89.68152116589025,26.448918093723435],[89.68155201542052,26.447437694244496],[89.6817714905272,26.44695985043522],[89.68191520517372,26.446889476866797],[89.68229553397583,26.447080846038393],[89.68345085562544,26.44827277292595],[89.6851941304916,26.44953033226099],[89.68593413431596,26.449669810211596],[89.68863734482595,26.44952870664148],[89.68862648626275,26.446041420061544],[89.68915195627532,26.44579241004037],[89.69042157745052,26.445646683658733],[89.69329870927633,26.445876684120275],[89.69318181930554,26.44343810128271],[89.6920958527185,26.44307508680282],[89.68956350479507,26.442797960869438],[89.68702473646454,26.443107421603997],[89.68392270359773,26.443765798410737],[89.68230901708826,26.44463528057802],[89.68143615790773,26.443302689092153],[89.6815562609202,26.44242968543622],[89.68189220158317,26.442003794811278],[89.68340784455394,26.440797786948245],[89.68399829449659,26.439893386999177],[89.68407629649523,26.43850233417665],[89.6833991710097,26.43782928653787],[89.6824447725397,26.43730130339847],[89.6814225506418,26.43687384233757],[89.68109067582907,26.436392813223453],[89.68121881782862,26.435650497043557],[89.68209029548701,26.43454682896551],[89.68226967539253,26.434069737185688],[89.6808092900755,26.43397984709198],[89.68080935224484,26.433979387856567],[89.68075909353496,26.433976277475573],[89.68062311303025,26.433730688389083],[89.68034510185242,26.433411065628743],[89.67967710872793,26.433130339142576],[89.67810215063307,26.433069639562515],[89.67765344741755,26.433124120807495],[89.67812381359815,26.4333779206965],[89.67842964885568,26.433535780355836],[89.67793344908222,26.433666807634044],[89.67787855747355,26.4341362367358],[89.67758778280438,26.434226596714456],[89.67776355290368,26.434853761502556],[89.67512201553654,26.435247312534642],[89.67464797058703,26.435339147183615],[89.67362827651381,26.4355366835376],[89.67197422885148,26.435785455014834],[89.67115209778999,26.43583529952369],[89.66728242063473,26.43625617909837],[89.66549792126816,26.436477805966167],[89.66535226278899,26.43582804405374],[89.66483074964515,26.435056438780727],[89.66416377639382,26.434361626363017],[89.66336670138921,26.43415424310935],[89.66277014441906,26.4340235159241],[89.66169750266346,26.4342719776502],[89.66129171780887,26.435224287006548],[89.66181825082064,26.435905669737625],[89.66169815169779,26.43638858288617],[89.66104662121222,26.436858027610366],[89.66064058108692,26.436844656633507],[89.66034983356572,26.436740888199793],[89.65991355308898,26.43637544465507],[89.65962767215888,26.435815901908782],[89.65961092457148,26.435409713777723],[89.65959734486323,26.435080337501027],[89.65957054580126,26.434663505856125],[89.65953699576467,26.434141673957942],[89.6593612756883,26.43318945612399],[89.65900025388116,26.432783446040087],[89.65824822293943,26.432341307397053],[89.65769661375084,26.431714155650738],[89.65885453218571,26.431596511163942],[89.66085448925986,26.431411022634023],[89.66159632511611,26.431370223851978],[89.66146090032213,26.430955054104107],[89.6605082053202,26.43009337715359],[89.65991171157863,26.42988142527127],[89.65899930474345,26.429660461029105],[89.65881286268336,26.429230204519953],[89.65481753187073,26.43036409162563],[89.65429085800771,26.430779930897245],[89.65340191129043,26.430476112136958],[89.65316627910215,26.43090910114888],[89.65243566473617,26.430954248764],[89.65213645811927,26.43145609321515],[89.65187055726614,26.432318255200723],[89.65210671470771,26.43278309086699],[89.65237189475873,26.43276463211343],[89.65240164208473,26.433188181882308],[89.6514467302051,26.43372475514357],[89.65107614345504,26.43417378198471],[89.65176995821878,26.434490260191676],[89.65242205052431,26.43517295895023],[89.65301491853266,26.43561867008677],[89.65419662645341,26.4365070475426],[89.65446245633309,26.437390915920428],[89.65406921260127,26.4383817754806],[89.6546967048727,26.439392856456887],[89.65495880158986,26.439550200322486],[89.65766108713008,26.438550607675793],[89.65873666120785,26.438393156242746],[89.66004134076358,26.43911706831671],[89.65978403066063,26.44080957938421],[89.65892774920941,26.44210809264362],[89.65741688793615,26.441849824676183],[89.6555885054496,26.44121521645634],[89.65463254635095,26.44146939926281],[89.65394125150401,26.44184765871441],[89.65366668664863,26.442684404276562],[89.65346569803518,26.443536340206567],[89.65333359482285,26.44389521966557],[89.65438828849486,26.446176593114824],[89.65485631763096,26.447571033682788],[89.65561818720782,26.44888330939225],[89.65830832229113,26.45057026000547],[89.66088847885449,26.451830594667015],[89.66311069514259,26.452127543052768],[89.66454130898119,26.452655791082616],[89.66626085600447,26.453106441961694],[89.66714605779498,26.453238794551837],[89.66986452776555,26.453318827094243],[89.67188096458857,26.453384877108647],[89.67511922122308,26.453617500969397],[89.67715903740232,26.45447708807514],[89.67803778873184,26.455412567165446],[89.67838734622579,26.455139822377493],[89.67900525042724,26.454550738676588],[89.67945207311979,26.453716722623597],[89.67995973527474,26.452696586456003],[89.6803509180188,26.452057612991393],[89.68116450405506,26.451694941794727]]]}},{"type":"Feature","properties":{"Village_Name":"Chikliguri","Village_Code":"307297","Block_Name":"Alipurduar - II","District":"Alipurduar","Vill_Cat":"rural","State_LGD":"19","Dist_LGD":"328N002","Subdis_LGD":"2174"},"geometry":{"type":"Polygon","coordinates":[[[89.65892774920941,26.44210809264362],[89.65978403066063,26.44080957938421],[89.66004134076358,26.43911706831671],[89.65873666120785,26.438393156242746],[89.65766108713008,26.438550607675793],[89.65495880158986,26.439550200322486],[89.6546967048727,26.439392856456887],[89.65406921260127,26.4383817754806],[89.65446245633309,26.437390915920428],[89.65419662645341,26.4365070475426],[89.65301491853266,26.43561867008677],[89.65250395556151,26.43589989914771],[89.65180328581948,26.43750133065054],[89.65129219955344,26.44082787048405],[89.6514172437629,26.441814883736154],[89.65217773905634,26.44146635419998],[89.65341121976218,26.44152428414637],[89.65398991437546,26.44169935744912],[89.65394125150401,26.44184765871441],[89.65463254635095,26.44146939926281],[89.6555885054496,26.44121521645634],[89.65741688793615,26.441849824676183],[89.65892774920941,26.44210809264362]]]}},{"type":"Feature","properties":{"Village_Name":"Uttar Simlabari","Village_Code":"307229","Block_Name":"Alipurduar - I","District":"Alipurduar","Vill_Cat":"rural","State_LGD":"19","Dist_LGD":"328N002","Subdis_LGD":"2173"},"geometry":{"type":"Polygon","coordinates":[[[89.3764503510437,26.54112780461284],[89.37575916724857,26.53923516481561],[89.37292071283527,26.540744432466926],[89.3713814255157,26.5383469809724],[89.37568237755924,26.535022007920105],[89.375925818334,26.5322293805117],[89.37505444588697,26.528160319073134],[89.37343636477641,26.52728933434632],[89.3721116126208,26.528240913362325],[89.36965654527411,26.528868347324153],[89.36832534522782,26.527798505548624],[89.36725387421397,26.528628513748476],[89.36541601637744,26.52682253345023],[89.36059112213199,26.527588391565146],[89.35762935255849,26.52747948362339],[89.35821264140714,26.535397915424376],[89.35718860340643,26.535365222821788],[89.35562739923864,26.53727717477016],[89.35536146689265,26.539975404578154],[89.35661094595486,26.539990842536916],[89.35747933494793,26.5409962520555],[89.36141592706369,26.541162688773444],[89.36591479971044,26.541352777520164],[89.36867169353485,26.540995625164562],[89.36962750109318,26.541611448001014],[89.37303364229244,26.541599879087634],[89.37494566720413,26.54138753024504],[89.3764503510437,26.54112780461284]]]}},{"type":"Feature","properties":{"Village_Name":"Nurpur","Village_Code":"307316","Block_Name":"Alipurduar - II","District":"Alipurduar","Vill_Cat":"rural","State_LGD":"19","Dist_LGD":"328N002","Subdis_LGD":"2174"},"geometry":{"type":"Polygon","coordinates":[[[89.69276638471815,26.63752941110298],[89.69266709609735,26.636507175171232],[89.69280183670458,26.633477386481758],[89.68997464862079,26.63365273995895],[89.68972418481228,26.63410412294323],[89.68861793571078,26.63445439953665],[89.68724287595852,26.635116535520055],[89.68667927369789,26.635916712224667],[89.68555585470727,26.63531986551647],[89.68672513657765,26.63208554494507],[89.68640964148234,26.63018763711534],[89.68594441692795,26.62854069144501],[89.68834531767537,26.627958426075082],[89.68868944901074,26.623575720845558],[89.68852697069862,26.620709450871107],[89.68664296644218,26.62063679173241],[89.68285987747522,26.620920280724885],[89.68278912215975,26.6215442107597],[89.6813757111342,26.62163403941307],[89.68137027853028,26.622261248993777],[89.67766827493446,26.622150566555874],[89.67921078883884,26.618557365826458],[89.67646905696523,26.619154908655396],[89.67398697620582,26.62012648873719],[89.67413068912944,26.6219870672076],[89.6720645126843,26.622499636161017],[89.67134436495857,26.621967269392393],[89.6685401936402,26.62247560724673],[89.66777058806356,26.621326061383048],[89.66383600372933,26.62027645536035],[89.66385670397301,26.620519693847353],[89.66387227396197,26.620729242411304],[89.66396617103895,26.62199293578283],[89.66397287711378,26.62200920565769],[89.66439387262047,26.623030575222522],[89.66450870984211,26.623309177441524],[89.66450841756625,26.62416187546452],[89.66472291178476,26.62492906212445],[89.66494634533875,26.625728212266733],[89.66499989796482,26.626443196456087],[89.66507727541475,26.627476256436562],[89.66510365601727,26.628612683689383],[89.66550856783228,26.629836755545313],[89.66559516782264,26.630972052638285],[89.665732778819,26.63192592836649],[89.66629136043095,26.632632792416384],[89.66622184270942,26.633404569177326],[89.66608782294968,26.634892405874492],[89.66586566015357,26.635707151096817],[89.66569460325654,26.63633446731833],[89.6657097071939,26.637416965610136],[89.66530615010758,26.63824523539242],[89.66511072347477,26.638646330009433],[89.66504160985149,26.639157005507727],[89.66494789219114,26.63984946583952],[89.66472893690202,26.640441318203393],[89.66432433857635,26.641534959746394],[89.66387226127479,26.642503605400382],[89.66350651785632,26.64328725462251],[89.66128761081195,26.646324532837063],[89.669141216952,26.646380217967913],[89.69001799915449,26.645995473432375],[89.69017113695216,26.637537963329205],[89.69276638471815,26.63752941110298]]]}},{"type":"Feature","properties":{"Village_Name":"Turturi","Village_Code":"307317","Block_Name":"Alipurduar - II","District":"Alipurduar","Vill_Cat":"rural","State_LGD":"19","Dist_LGD":"328N002","Subdis_LGD":"2174"},"geometry":{"type":"Polygon","coordinates":[[[89.69303615668828,26.616500556680105],[89.68955278549423,26.616286779559037],[89.68849697936477,26.61664060320824],[89.68852697069862,26.620709450871107],[89.68868944901074,26.623575720845558],[89.68834531767537,26.627958426075082],[89.68594441692795,26.62854069144501],[89.68640964148234,26.63018763711534],[89.68672513657765,26.63208554494507],[89.68555585470727,26.63531986551647],[89.68667927369789,26.635916712224667],[89.68724287595852,26.635116535520055],[89.68861793571078,26.63445439953665],[89.68972418481228,26.63410412294323],[89.68997464862079,26.63365273995895],[89.69280183670458,26.633477386481758],[89.69266709609735,26.636507175171232],[89.69276638471815,26.63752941110298],[89.69786152386736,26.637513972984454],[89.71250398967126,26.637880356459267],[89.71044203048851,26.63113442256123],[89.70917447624618,26.625708704377153],[89.71180798658342,26.625207336629924],[89.71075247264797,26.61961968183971],[89.71034417058694,26.61954625913912],[89.7095596872597,26.618207764140717],[89.70622796129702,26.616976421634988],[89.70379425687355,26.61636404547008],[89.70325279665799,26.615963793401935],[89.70298686278909,26.614687579166095],[89.69956601316343,26.61499619356055],[89.69871471203577,26.61572066424806],[89.6994366247287,26.61696567466426],[89.69696340354996,26.61659304044814],[89.69680206011526,26.617417198642258],[89.69601020794016,26.617468309193907],[89.69546269162393,26.61702302622964],[89.69477878287861,26.616968318604354],[89.69474248327064,26.61649078315275],[89.69303615668828,26.616500556680105]]]}},{"type":"Feature","properties":{"Village_Name":"Dhaolajhora","Village_Code":"307318","Block_Name":"Alipurduar - II","District":"Alipurduar","Vill_Cat":"rural","State_LGD":"19","Dist_LGD":"328N002","Subdis_LGD":"2174"},"geometry":{"type":"Polygon","coordinates":[[[89.72633045142166,26.62399686848157],[89.7256714169653,26.60931445774824],[89.72079504915706,26.609186781840407],[89.7162613827822,26.60996822433924],[89.71407228987768,26.610145369306743],[89.71376413757173,26.609317410283488],[89.71369715682154,26.60913744239166],[89.71328534320173,26.607638461350916],[89.71300547390014,26.60598808107268],[89.71304053437026,26.605134738553144],[89.71106425367431,26.60518144956592],[89.71089869012768,26.608162197127474],[89.7073553812629,26.607949987948274],[89.70738024424523,26.60900520692666],[89.70583704688953,26.608903746178648],[89.70732173112926,26.611207937689667],[89.70688641822535,26.611477892469455],[89.70784636612187,26.613237148455276],[89.7095596872597,26.618207764140717],[89.71034417058694,26.61954625913912],[89.71075247264797,26.61961968183971],[89.71180798658342,26.625207336629924],[89.70917447624618,26.625708704377153],[89.71044203048851,26.63113442256123],[89.71250398967126,26.637880356459267],[89.72056101945161,26.638078217642843],[89.7203542567536,26.627024566501138],[89.72035997124206,26.624511567932043],[89.72635306101203,26.62450050762777],[89.72633045142166,26.62399686848157]]]}},{"type":"Feature","properties":{"Village_Name":"Damsibad","Village_Code":"307315","Block_Name":"Alipurduar - II","District":"Alipurduar","Vill_Cat":"rural","State_LGD":"19","Dist_LGD":"328N002","Subdis_LGD":"2174"},"geometry":{"type":"Polygon","coordinates":[[[89.68852697069862,26.620709450871107],[89.68849697936477,26.61664060320824],[89.68955278549423,26.616286779559037],[89.69303615668828,26.616500556680105],[89.69474248327064,26.61649078315275],[89.69477878287861,26.616968318604354],[89.69546269162393,26.61702302622964],[89.69601020794016,26.617468309193907],[89.69680206011526,26.617417198642258],[89.69696340354996,26.61659304044814],[89.6994366247287,26.61696567466426],[89.69871471203577,26.61572066424806],[89.69956601316343,26.61499619356055],[89.70298686278909,26.614687579166095],[89.70325279665799,26.615963793401935],[89.70379425687355,26.61636404547008],[89.70622796129702,26.616976421634988],[89.7095596872597,26.618207764140717],[89.70784636612187,26.613237148455276],[89.70688641822535,26.611477892469455],[89.70732173112926,26.611207937689667],[89.70583704688953,26.608903746178648],[89.70738024424523,26.60900520692666],[89.7073553812629,26.607949987948274],[89.70179917615718,26.608150401959637],[89.70052424004574,26.60664972389638],[89.69978713321714,26.60966839609717],[89.69740428975122,26.609718128160043],[89.69680456763345,26.610040799169166],[89.69655836505245,26.60981538028789],[89.69680896924216,26.609373008291083],[89.69458515539219,26.608499323659917],[89.69248013795095,26.60776772112276],[89.69259260707801,26.606998629327116],[89.69197117729485,26.607037463238488],[89.69185146778689,26.607711949978384],[89.6893958201713,26.60829528628368],[89.68853148861069,26.607391273561944],[89.68484972116624,26.608340585550273],[89.68447766547371,26.60788291884533],[89.68281930607321,26.60779240256622],[89.68281693715666,26.60554117634821],[89.6791578775805,26.605957546050515],[89.67929990623004,26.606667699358095],[89.67801473895076,26.60622270245319],[89.67786930514512,26.605796840949363],[89.67441465404468,26.605293389340346],[89.67252021521243,26.60497709798085],[89.67085467715482,26.60479183005553],[89.67074324859514,26.607771572923994],[89.66404364982877,26.60780249361973],[89.66425132930844,26.60831743729769],[89.66312630938327,26.610883057123644],[89.66428982995713,26.61170944250901],[89.66412866914015,26.61255162079806],[89.66397085662842,26.613754664017943],[89.66348296336186,26.61565867759689],[89.66352543510526,26.61671213353994],[89.66355384846877,26.617416874786514],[89.663749961357,26.61916370281807],[89.66383600372933,26.62027645536035],[89.66777058806356,26.621326061383048],[89.6685401936402,26.62247560724673],[89.67134436495857,26.621967269392393],[89.6720645126843,26.622499636161017],[89.67413068912944,26.6219870672076],[89.67398697620582,26.62012648873719],[89.67646905696523,26.619154908655396],[89.67921078883884,26.618557365826458],[89.67766827493446,26.622150566555874],[89.68137027853028,26.622261248993777],[89.6813757111342,26.62163403941307],[89.68278912215975,26.6215442107597],[89.68285987747522,26.620920280724885],[89.68664296644218,26.62063679173241],[89.68852697069862,26.620709450871107]]]}},{"type":"Feature","properties":{"Village_Name":"Chuniajhora Tea Garden","Village_Code":"307153","Block_Name":"Kumargram","District":"Alipurduar","Vill_Cat":"rural","State_LGD":"19","Dist_LGD":"328N002","Subdis_LGD":"2172"},"geometry":{"type":"Polygon","coordinates":[[[89.67248706174693,26.662198024121352],[89.67204435409953,26.66065437750023],[89.68321632065603,26.66042568598833],[89.68956952716186,26.66026941374822],[89.68968771111032,26.65845805470445],[89.68981573162202,26.655139659353065],[89.6899403011153,26.651031810650238],[89.69001799915449,26.645995473432375],[89.669141216952,26.646380217967913],[89.66128761081195,26.646324532837063],[89.6611577147795,26.650464096864336],[89.66102173483439,26.653259318867345],[89.6607849687261,26.656688051339582],[89.66039835793902,26.66015117022923],[89.66006774915192,26.661700327187727],[89.65915395589114,26.662786687228696],[89.65801657997734,26.664193040029993],[89.65637703199485,26.665599756357334],[89.65575095667948,26.6665363443562],[89.65529866122812,26.667821583933957],[89.65309159828263,26.669662969320648],[89.65057451031977,26.67134769476687],[89.64909480454813,26.672291168205895],[89.64771911535419,26.67339059343643],[89.6480876964707,26.675431989125574],[89.6640735075555,26.675471262843413],[89.67188986176636,26.675351431757466],[89.67206354613079,26.667078478689394],[89.67248706174693,26.662198024121352]]]}},{"type":"Feature","properties":{"Village_Name":"Turturi Tea Garden","Village_Code":"307159","Block_Name":"Kumargram","District":"Alipurduar","Vill_Cat":"rural","State_LGD":"19","Dist_LGD":"328N002","Subdis_LGD":"2172"},"geometry":{"type":"Polygon","coordinates":[[[89.74496715557552,26.665904354132156],[89.74520857672451,26.66382444439806],[89.74515900465806,26.661335111577298],[89.7477703873238,26.659466514603178],[89.74851918966603,26.65781890017023],[89.7486991933332,26.655902585402004],[89.74919725621588,26.65426884451094],[89.74995985809151,26.652151772891756],[89.7513710397023,26.6481905122836],[89.75356103993917,26.64467882203112],[89.75558954676362,26.64071909720184],[89.75748823115408,26.637420531659597],[89.7490362796951,26.637286549695112],[89.7457034785848,26.63709834997418],[89.74038305059165,26.637133386635394],[89.74034232918771,26.63713808655149],[89.73662832833051,26.63756666350024],[89.73663832866816,26.637986034436892],[89.73671851899202,26.640506377957312],[89.73695283605781,26.64569902730081],[89.73637968338105,26.652188473187607],[89.73602798991698,26.65470359941104],[89.7357291233537,26.660064413823953],[89.72779622500562,26.66029370812778],[89.72118780365243,26.660479140878955],[89.72063937731502,26.666778614010248],[89.72080522265613,26.66678445842631],[89.72323130097244,26.667026680817767],[89.72729110630159,26.666709651606087],[89.73365104627837,26.665987327961307],[89.73421289675251,26.66680661060666],[89.73422784703197,26.666801812023703],[89.73516393897806,26.666680019902024],[89.73621611362533,26.66658305331564],[89.73759495458806,26.666497826222397],[89.7375718412339,26.665740354332094],[89.73699020298375,26.664303403029734],[89.73875609401152,26.663606176908818],[89.7395379062032,26.663753506430407],[89.73946026710554,26.664706911343274],[89.74006022996502,26.666278839195662],[89.74303905033479,26.665698000194027],[89.74496715557552,26.665904354132156]]]}},{"type":"Feature","properties":{"Village_Name":"Adma Phulbari","Village_Code":"307145N165","Block_Name":"Kalchini","District":"Alipurduar","Vill_Cat":"rural","State_LGD":"19","Dist_LGD":"328N002","Subdis_LGD":"2171"},"geometry":{"type":"Polygon","coordinates":[[[89.53772203772562,26.779789344460013],[89.53582806142518,26.782101734085945],[89.53485785563356,26.783684701272527],[89.53445531309774,26.784346118476723],[89.53422493456304,26.78483751596099],[89.53454642634681,26.785052838774366],[89.5365833875094,26.785097568066607],[89.5385663829849,26.784976299203144],[89.54025470155474,26.78494150297931],[89.54106845904333,26.784687774957575],[89.54351455290161,26.785045395663424],[89.54456082246901,26.783497102596737],[89.54491443974985,26.782222937835343],[89.54458818607834,26.780893316524114],[89.54463961780316,26.780044178362807],[89.54443749591732,26.779095825803555],[89.54472288363743,26.77836881311001],[89.54568892054492,26.777733334584948],[89.54692105167443,26.777084040704622],[89.5476312883988,26.776024532986835],[89.54858810587697,26.774753042797812],[89.54912578051669,26.773845522563125],[89.54990207137546,26.772369733870278],[89.54993017181309,26.771827815256202],[89.54873739038626,26.77041003195204],[89.5471708153764,26.76868313646198],[89.54488039222699,26.766725591655145],[89.54238174268266,26.76534473966488],[89.539530658586,26.763934065726634],[89.53825087183203,26.764922529331173],[89.53701045331589,26.765874183069258],[89.53700741123976,26.7664156534378],[89.5367962339516,26.767542873857828],[89.53720305886657,26.768433434349372],[89.53806021727974,26.770813839454075],[89.53926464662472,26.771857032233658],[89.5396575446539,26.772571873281315],[89.53989467807614,26.773740685845922],[89.53965044900586,26.77541442813671],[89.5396820763334,26.77683507374056],[89.53943351960615,26.77854047610227],[89.53772203772562,26.779789344460013]]]}},{"type":"Feature","properties":{"Village_Name":"Chilapata Kumari","Village_Code":"307218N187","Block_Name":"Alipurduar - I","District":"Alipurduar","Vill_Cat":"rural","State_LGD":"19","Dist_LGD":"328N002","Subdis_LGD":"2173"},"geometry":{"type":"Polygon","coordinates":[[[89.35100680189043,26.539103202828112],[89.34744382560929,26.538436519187137],[89.3435051945593,26.537422909657135],[89.34324491139157,26.536957910037287],[89.34437517767438,26.5338258269725],[89.3447882291022,26.531689221229357],[89.33863296436488,26.53291844109698],[89.3389697025465,26.534433566157485],[89.33664349037159,26.53524784746459],[89.3352814347854,26.538389581339302],[89.33754665544544,26.54290813214255],[89.33935311805593,26.543647632413144],[89.34470183634315,26.544196890384665],[89.34882938109347,26.543328677005615],[89.35091418285583,26.53925704400987],[89.35100680189043,26.539103202828112]]]}},{"type":"Feature","properties":{"Village_Name":"Kurmai","Village_Code":"307218N188","Block_Name":"Alipurduar - I","District":"Alipurduar","Vill_Cat":"rural","State_LGD":"19","Dist_LGD":"328N002","Subdis_LGD":"2173"},"geometry":{"type":"Polygon","coordinates":[[[89.37653214177811,26.541113735310063],[89.3764503510437,26.54112780461284],[89.37494566720413,26.54138753024504],[89.37303364229244,26.541599879087634],[89.36962750109318,26.541611448001014],[89.36867169353485,26.540995625164562],[89.36591479971044,26.541352777520164],[89.36141592706369,26.541162688773444],[89.36185152876001,26.542293165698638],[89.36171479083501,26.54517076190767],[89.36334935419175,26.54660557662375],[89.36830753831487,26.54720122472307],[89.37089457240049,26.54595358234574],[89.37484101748532,26.542988233950886],[89.37644780287023,26.541368026293338],[89.37653214177811,26.541113735310063]]]}},{"type":"Feature","properties":{"Village_Name":"Andu Busti","Village_Code":"307218N189","Block_Name":"Alipurduar - I","District":"Alipurduar","Vill_Cat":"rural","State_LGD":"19","Dist_LGD":"328N002","Subdis_LGD":"2173"},"geometry":{"type":"Polygon","coordinates":[[[89.3957978729027,26.545407402034105],[89.39242852080835,26.54426711864722],[89.38904864760339,26.54312810087666],[89.3876348724359,26.54244789434921],[89.38436336948087,26.541207674612217],[89.3826645557551,26.540878010802516],[89.38135426685113,26.542224947849448],[89.38085718414298,26.542745896148187],[89.38219648393864,26.546563585488013],[89.38314678245725,26.551691350528483],[89.38739588690416,26.55186901162311],[89.39225129870495,26.55135360306223],[89.39538197332678,26.55036727794177],[89.39536093845825,26.548392092586536],[89.3957978729027,26.545407402034105]]]}},{"type":"Feature","properties":{"Village_Name":"Bania","Village_Code":"307218N190","Block_Name":"Alipurduar - I","District":"Alipurduar","Vill_Cat":"rural","State_LGD":"19","Dist_LGD":"328N002","Subdis_LGD":"2173"},"geometry":{"type":"Polygon","coordinates":[[[89.41380039447851,26.55089541912353],[89.41366066035297,26.550560695005057],[89.41158463842935,26.54931899313738],[89.41051292721072,26.54867523095304],[89.4072660008657,26.549871382185717],[89.40549307793569,26.551253594265717],[89.40712159989869,26.55397337627922],[89.40761767354819,26.55810186612289],[89.40709603162404,26.562463853547232],[89.40670076414321,26.564381661647595],[89.40776070148085,26.566628337682683],[89.40839589130931,26.565809916776622],[89.40909170871988,26.565491318206593],[89.41032005905711,26.565204312510044],[89.41133650568256,26.564862226540892],[89.41210603370187,26.56447017169206],[89.41239516752412,26.56414039801183],[89.41257773711287,26.563753770829795],[89.41243957550165,26.563386114888875],[89.41215673651594,26.562339572906094],[89.41205191166722,26.56140733172503],[89.41202583679521,26.560162417126918],[89.41241492938326,26.558856323545054],[89.4126463333946,26.558166555298158],[89.41271109502202,26.557186319231747],[89.41209769407246,26.55688537040305],[89.41151242662058,26.55601089769479],[89.41153440856195,26.55538333505562],[89.41184595599475,26.554926842594185],[89.4125713108167,26.55482431443631],[89.41342555300538,26.554647403853366],[89.41392787190723,26.553957554252257],[89.41388539772846,26.553367181752307],[89.41370268260147,26.552788208682976],[89.41341966283501,26.55221093597088],[89.41267429204645,26.55159637302624],[89.41264572937257,26.551190762085657],[89.41318739003258,26.55094244160511],[89.41367349627458,26.55091615652708],[89.41380039447851,26.55089541912353]]]}},{"type":"Feature","properties":{"Village_Name":"Motharam","Village_Code":"307218N090","Block_Name":"Alipurduar - I","District":"Alipurduar","Vill_Cat":"rural","State_LGD":"19","Dist_LGD":"328N002","Subdis_LGD":"2173"},"geometry":{"type":"Polygon","coordinates":[[[89.40223110963161,26.61132449664335],[89.40250244161092,26.610376873009542],[89.4024181809261,26.609227696922858],[89.40218586004484,26.60795919331394],[89.40194773096128,26.60713297851653],[89.40165672105036,26.606898748331663],[89.40127508713563,26.6068916555474],[89.40053525803246,26.607278652636364],[89.39985580001206,26.607912797134745],[89.39888318806999,26.60796981419367],[89.39415159828181,26.606332512781258],[89.38788538019597,26.607096236840135],[89.38634359727318,26.610688200712644],[89.3882261516077,26.614146554411427],[89.39075977652404,26.616107122978345],[89.39888729684868,26.613519334910485],[89.40223110963161,26.61132449664335]]]}},{"type":"Feature","properties":{"Village_Name":"Kodal Basti","Village_Code":"307218N191","Block_Name":"Alipurduar - I","District":"Alipurduar","Vill_Cat":"rural","State_LGD":"19","Dist_LGD":"328N002","Subdis_LGD":"2173"},"geometry":{"type":"Polygon","coordinates":[[[89.38856538088359,26.5934680655921],[89.38307022851507,26.59330958128585],[89.37993481905276,26.593219049491456],[89.37548260740394,26.59624327782371],[89.37661111027231,26.601035073568205],[89.38260498848018,26.603409201569207],[89.38398278209888,26.603954874062975],[89.39014621880744,26.603203910976028],[89.39329953232848,26.601283061922683],[89.39301553982516,26.595762512519173],[89.38856538088359,26.5934680655921]]]}},{"type":"Feature","properties":{"Village_Name":"Satali Mandalpara","Village_Code":"307112","Block_Name":"Kalchini","District":"Alipurduar","Vill_Cat":"rural","State_LGD":"19","Dist_LGD":"328N002","Subdis_LGD":"2171"},"geometry":{"type":"Polygon","coordinates":[[[89.38878050314638,26.690288251716733],[89.38845754237485,26.6894950383018],[89.38857254075513,26.688987743325708],[89.38846803494657,26.68710793897235],[89.38884970355906,26.686140430095783],[89.38960547728057,26.68528845079544],[89.39071024647637,26.68455241755146],[89.39203474340523,26.684236814642098],[89.39326986203614,26.684211483173815],[89.3935222667963,26.684031254150693],[89.39342566547268,26.683735082805168],[89.39339847007602,26.683694407476697],[89.39320789700447,26.68340936797898],[89.39281274921524,26.682527139450865],[89.39217527681582,26.68158582267205],[89.3920087279167,26.680826077895635],[89.39213738596436,26.680011724590194],[89.39266363187875,26.678513851399426],[89.39027441473966,26.67859019505369],[89.39045307052122,26.678005120007782],[89.39033662122051,26.67747916000062],[89.39050585945336,26.677164972662595],[89.39043930390892,26.676863779660618],[89.39006170333488,26.676820503276765],[89.38951063014738,26.676888437503802],[89.38865281190317,26.676938969206578],[89.38741096034137,26.676878639010656],[89.38720488929785,26.67759502334995],[89.38664813152536,26.677631456847724],[89.38648359983794,26.676966424641638],[89.38624357831239,26.67677643687809],[89.38599704260702,26.67699716286965],[89.38584537445375,26.676467278016062],[89.38488427660657,26.676623302099078],[89.3848833414259,26.67706099735661],[89.38440368247238,26.67766465846623],[89.38372613716416,26.678172372588303],[89.38319846483286,26.678641472096757],[89.38226409362773,26.678634592828544],[89.38191444879772,26.678969847303478],[89.38121990461299,26.679143936513817],[89.37942266311187,26.67918760666726],[89.37798792735347,26.67903115929099],[89.37791170059859,26.67850451277273],[89.37813692119677,26.67798184072994],[89.37830037953879,26.676661550695247],[89.37676323037583,26.676651194163256],[89.37499967213796,26.676622048093755],[89.37469621342554,26.676036029151273],[89.37465356154806,26.675432110789522],[89.37357575654912,26.675531352094637],[89.37307612040584,26.67590067807025],[89.3728553878691,26.675913391735754],[89.37246635035795,26.67580257719338],[89.37144234724096,26.67558956308845],[89.36979428176696,26.675558422198492],[89.36661372335669,26.675498668296832],[89.36668291747843,26.675930684776734],[89.36714931465592,26.676139494334993],[89.36694451288888,26.67692351822555],[89.36544363115091,26.67745389713634],[89.36398848254251,26.678010573058074],[89.36343766485959,26.67857925609967],[89.36345432092672,26.6793866617222],[89.36405893897559,26.681425130575793],[89.36417111387864,26.682966431752057],[89.36441280457888,26.683724966536605],[89.36457787518547,26.68442160673179],[89.36487991309559,26.68493998898977],[89.36503892687217,26.68509977775177],[89.36536942051424,26.685536465997824],[89.36491481362141,26.68590050333329],[89.36408563691643,26.685882730338225],[89.36345992009008,26.685987906647128],[89.36301581727577,26.686617983301065],[89.36291298101158,26.687233353524384],[89.36196560324595,26.68708668196812],[89.36194311218138,26.688675348419274],[89.36342417323507,26.68863715800684],[89.36370389851051,26.689047621372797],[89.36459878221558,26.690056981060504],[89.36579192297843,26.691399777938834],[89.36469203928053,26.692383715704086],[89.36193368697234,26.694550378614625],[89.36264715777318,26.695043867221955],[89.36352899421534,26.696879178655866],[89.36369090370606,26.696935140058326],[89.36400756773217,26.697187059681283],[89.36450959515702,26.697900644374254],[89.36479215502908,26.698690080245303],[89.36513730131148,26.69934761806569],[89.36630301985312,26.698872452910795],[89.36719970640851,26.698749204346385],[89.36832358931946,26.69868081673603],[89.3696554951027,26.698469068595255],[89.37184572024316,26.698707717799735],[89.37346548296509,26.698811486423825],[89.37470963471701,26.698971155925033],[89.37607408441579,26.698149661849477],[89.37534619293652,26.697448927645087],[89.37399133255592,26.696794776449153],[89.37308524084987,26.695736036339895],[89.37308264860945,26.694156820518366],[89.3761450922808,26.69309936499612],[89.37855226981235,26.692179169149927],[89.37857657673783,26.693591067105544],[89.37886580209594,26.69542266721245],[89.3795087506505,26.698078570349672],[89.38198583238388,26.698100180428252],[89.3818943643894,26.696842826620603],[89.38478459010484,26.695959536148724],[89.38790839789145,26.695198598929164],[89.38783490167677,26.693119739725624],[89.38761394303515,26.690713973868913],[89.38878050314638,26.690288251716733]]]}},{"type":"Feature","properties":{"Village_Name":"Dakshin Satali","Village_Code":"307123","Block_Name":"Kalchini","District":"Alipurduar","Vill_Cat":"rural","State_LGD":"19","Dist_LGD":"328N002","Subdis_LGD":"2171"},"geometry":{"type":"Polygon","coordinates":[[[89.38549984468041,26.64368771852196],[89.383577479349,26.64589935769481],[89.38019950300377,26.64862719328911],[89.37753798860074,26.650557847961693],[89.37318584246688,26.65184439315738],[89.3688069155765,26.653298206680507],[89.36671892287283,26.654077519871425],[89.36642879466393,26.654375646112364],[89.36604654155991,26.654833234224306],[89.36611665530572,26.6557976769835],[89.36599937897586,26.65790231618049],[89.365992891262,26.658804865000064],[89.36600713070018,26.65949499439204],[89.3679540273399,26.659173770266133],[89.36936134220244,26.658987862858933],[89.37035597376885,26.658759195173698],[89.37119441588598,26.65850605532525],[89.37141972897247,26.657987904229746],[89.37138427556053,26.657487642507622],[89.37186969685875,26.656920026280787],[89.37220008845146,26.656869387358615],[89.37239839035145,26.656987904650684],[89.37248356362129,26.657221116256064],[89.3724275215403,26.657425100496717],[89.37254610174512,26.65805933885367],[89.37294396494752,26.658842325661116],[89.37333565094764,26.65908395225111],[89.37384313137908,26.658854374560207],[89.37405638350745,26.658724469106726],[89.37460392834853,26.65848970718341],[89.37507166572081,26.658766154896544],[89.3756545887515,26.65902713791664],[89.37608011230891,26.65920501969333],[89.37628656586193,26.65898949316283],[89.37661447416933,26.658334253467615],[89.37695718702413,26.65790888628866],[89.37732839359192,26.657889136994164],[89.37749305813703,26.6580804046935],[89.37790638951539,26.65815470487809],[89.37820656602109,26.658100045618337],[89.37845326824163,26.657888354628962],[89.37876865906269,26.657598806253084],[89.37945590763432,26.657321077712833],[89.37991507288815,26.6574261900685],[89.3802101100006,26.65784990285294],[89.38043627300758,26.65834245212403],[89.38085678166824,26.658520403360352],[89.381247076468,26.658694347205003],[89.3812970338467,26.658923630589726],[89.38153635184433,26.65908205661425],[89.38181232687361,26.658829259957486],[89.38187187348396,26.658553018441204],[89.38177673349696,26.658324493363178],[89.38156918514156,26.658003096806087],[89.38149418169937,26.657535089147345],[89.38154889581736,26.6572679539421],[89.38195299058464,26.657139349319568],[89.38225391205589,26.657120766917444],[89.38274821884053,26.657225280319615],[89.38308046759342,26.657747630320838],[89.38310011134698,26.658451198665016],[89.38361725070531,26.659895438803616],[89.38398118422474,26.660250303909887],[89.38472126466056,26.65961520137728],[89.3850295589778,26.659226491281995],[89.38559889672335,26.658350595781688],[89.3860992605817,26.65802182791354],[89.38658071787668,26.657991178222527],[89.38692311503615,26.658035058612523],[89.38750029359153,26.65874279128654],[89.38760534833585,26.659205778211323],[89.38839284816869,26.659160953323465],[89.38900460416353,26.659358224976483],[89.38960143390904,26.65932111257753],[89.38984234270067,26.65907340233087],[89.38984762627744,26.658604050146327],[89.38995739105269,26.65808781739391],[89.39057500998739,26.658325592957244],[89.3909875948208,26.658363769667098],[89.39136457019472,26.65837998455682],[89.39196139354716,26.65834286228477],[89.39218983609335,26.65846084334689],[89.39219676644895,26.659033769294147],[89.39213548533436,26.659707111895237],[89.3929051002918,26.659527198899212],[89.3941506149802,26.659050484122826],[89.39441946687182,26.658698516287462],[89.3943629565877,26.65839715557346],[89.3942894078688,26.658001326287685],[89.39414200234593,26.65743528120856],[89.39506947919293,26.657360987296727],[89.39615943485535,26.656891390949944],[89.39613905329391,26.656156256108215],[89.39616517119148,26.655483506265217],[89.39650794406055,26.65458431935941],[89.39617616070629,26.654567355288407],[89.39579219998325,26.654456515549136],[89.39557392207514,26.654103737353545],[89.39541374478458,26.653407055907305],[89.39594191540566,26.65296949517128],[89.39664261576296,26.65285840910703],[89.3964954020515,26.651340299692517],[89.39648136131363,26.650668226993833],[89.39622052426992,26.650681651081864],[89.39587880765782,26.650669365401292],[89.39555521825042,26.650322874896283],[89.39553309523829,26.649984836382806],[89.39549961347795,26.649583819889855],[89.39536856533424,26.649319812634438],[89.39526556374899,26.648956065056957],[89.39551070596386,26.648672178858313],[89.39586050469141,26.64835043086795],[89.39587417837573,26.64804337399247],[89.3958321925399,26.647475551962312],[89.39610654574315,26.647628850526992],[89.39647686348157,26.64756845872403],[89.39671848794195,26.6473568247677],[89.3969220538053,26.647005955484698],[89.39683474260477,26.64691267317353],[89.39671731420847,26.646819899088133],[89.39640073259126,26.646568046765715],[89.39622821159928,26.6462415695576],[89.39620027443601,26.645384731884803],[89.39578028414292,26.644268289158433],[89.39647242746867,26.64399040056674],[89.39706273876034,26.64388568899708],[89.39755723397661,26.64352088668397],[89.39738471524372,26.643194410656836],[89.3972811991199,26.642325312126598],[89.39726589069059,26.64111180325059],[89.39795810482985,26.640838419116786],[89.39833506782313,26.64037633148005],[89.39824634739743,26.640215390715635],[89.39778582643305,26.640042676600384],[89.39715396771564,26.640080408557907],[89.39661957382852,26.63997661858769],[89.3965580506262,26.639675342406765],[89.39687977938209,26.639453332509937],[89.39754610900236,26.63938343504874],[89.39774966002581,26.63903256569749],[89.39797008205919,26.63852799745375],[89.39853842576234,26.638094264869107],[89.39937404832686,26.637236388129594],[89.4002796963789,26.63684658747477],[89.40102035200847,26.636730296903394],[89.40123302176178,26.63705609040173],[89.4016247777001,26.637302150793197],[89.40276393949567,26.637034728758717],[89.40285407943472,26.637263323443648],[89.40325076298465,26.637504784103157],[89.40339622255624,26.637497811552112],[89.40364917518622,26.637349145855737],[89.4036901088339,26.63690626358866],[89.4035735626656,26.63637580227526],[89.40420407336818,26.636274894760547],[89.40440901599236,26.63599167557954],[89.40435325089867,26.63572640346752],[89.40431189437349,26.635190157888207],[89.4044281107548,26.634746002924125],[89.4047362746979,26.63435725741251],[89.40496281075684,26.633906722584076],[89.40471509805444,26.63358604058945],[89.40445297963974,26.633536329182306],[89.40416578014494,26.63324789849272],[89.40430262571591,26.633069610406267],[89.4045149663355,26.63242078204641],[89.40434256629779,26.631620537722036],[89.40377272544403,26.631021037166605],[89.40335383194422,26.63043702980764],[89.40278368709599,26.630302280258068],[89.40216629802995,26.630069058694936],[89.40148593176765,26.629945190592494],[89.40111429757026,26.62945964495162],[89.40006475871436,26.628967496450453],[89.39964002832394,26.629304053917963],[89.3994647948005,26.628846772240056],[89.3992082029548,26.628580374477227],[89.39883537828179,26.628758128251174],[89.39795260894061,26.630000328231787],[89.39644124739132,26.631916409603054],[89.39513407817739,26.63399598506304],[89.39341755604605,26.63619073703062],[89.39095006563467,26.63849286278395],[89.38549984468041,26.64368771852196]]]}},{"type":"Feature","properties":{"Village_Name":"Dakshin Latabari","Village_Code":"307129","Block_Name":"Kalchini","District":"Alipurduar","Vill_Cat":"rural","State_LGD":"19","Dist_LGD":"328N002","Subdis_LGD":"2171"},"geometry":{"type":"Polygon","coordinates":[[[89.41554909128327,26.621860329322683],[89.41567547246666,26.62357278772024],[89.41610725964306,26.623813617618435],[89.41619030754265,26.623943057698423],[89.41608852515843,26.624116247642668],[89.41568960940994,26.62424485404138],[89.4150031112106,26.62406700826889],[89.41428990485944,26.62357376351557],[89.41360161222563,26.623310211395772],[89.41309455492109,26.62307065110374],[89.4125400663107,26.62320188897466],[89.41183161624352,26.62365158542576],[89.4111265694199,26.6242636578458],[89.40954791488895,26.624633345296115],[89.40878906113896,26.62555314319533],[89.40875401750365,26.62603653557717],[89.40882341788918,26.62647303638984],[89.40896147115495,26.626831668324],[89.4103138459712,26.626921547572977],[89.41071003314288,26.626662150776973],[89.41093568071038,26.62664929983048],[89.41135392917056,26.626723423571324],[89.41156727079168,26.627080775386307],[89.41189670473769,26.62746774122549],[89.41235719077443,26.627640412774387],[89.41288509568881,26.62767657409757],[89.41330979020985,26.62781826466721],[89.41318584594235,26.628131705681508],[89.41300242995479,26.628243110109615],[89.41269364640738,26.628600297407925],[89.41244840733556,26.62935347168196],[89.41335455592596,26.63066465419649],[89.41444101534273,26.631715575800868],[89.41588261169157,26.632940937554828],[89.41692469211524,26.63378954646918],[89.41665312893365,26.634245375342644],[89.41632342611504,26.634801458858966],[89.41596361859838,26.635597196246785],[89.41546280074324,26.63637276793016],[89.41502590513566,26.637323224302392],[89.41434012555095,26.638138033019302],[89.41444459690419,26.638569421066748],[89.4147239703497,26.638722598597454],[89.41528914791782,26.6388573815017],[89.41547181770102,26.638709889534887],[89.41566394307354,26.638296021870673],[89.4160406604875,26.638303154170494],[89.41623480481157,26.638462289438486],[89.416380101754,26.638924566721148],[89.41635143965149,26.63947101930924],[89.41639996409728,26.64010640181096],[89.41695077371672,26.640512148617063],[89.41772716595887,26.64090051917068],[89.41839768459825,26.641268126422407],[89.4183781972225,26.641534672927918],[89.41811097831409,26.641958845869436],[89.417221100372,26.642619217241087],[89.41744749429063,26.643355351620464],[89.4174085478212,26.64436672587268],[89.41679743799224,26.64467492088375],[89.41596917547646,26.64516277770591],[89.41501050731955,26.645896499819006],[89.41437922046845,26.64643965771634],[89.41379602423358,26.646643587141302],[89.41384662934593,26.64737820157991],[89.4133965245512,26.648419121559375],[89.41309622400539,26.648943115435447],[89.41309614714821,26.649416888643046],[89.41247962969186,26.650663677745293],[89.41257692546671,26.65146969384625],[89.41321309657006,26.651395719239495],[89.41341159611717,26.65104491466589],[89.41377430794445,26.650384496615562],[89.41390404789304,26.650107054024257],[89.41428298795852,26.650217929838345],[89.41468485439333,26.650463778128383],[89.41524146405487,26.65042724354479],[89.4157229676367,26.650401009167744],[89.41611128402589,26.650480135047612],[89.41648311578005,26.65049186022383],[89.41650956060447,26.65079372065407],[89.4165811046651,26.65132944497264],[89.41693059723889,26.651472398446476],[89.41741077423774,26.651383011048317],[89.41812991597014,26.651433941740397],[89.41918670764623,26.65154228896118],[89.41952468784214,26.652091520803776],[89.41950320557592,26.652263346625073],[89.41929684977808,26.652478929713936],[89.4196270544167,26.652897442917645],[89.42052486673607,26.652372281008848],[89.4226026437386,26.651605905066734],[89.4242949619984,26.65113485168913],[89.42769380782103,26.64991720629579],[89.42922291507614,26.649566198932153],[89.42949818214528,26.649286254903306],[89.42990256558495,26.649175561369905],[89.43051532909875,26.64918312896748],[89.43080569666726,26.649142064666055],[89.43093787766573,26.648981880405785],[89.43089757994426,26.648738917533628],[89.43107398032483,26.64853285578527],[89.43123675636089,26.648394707888624],[89.43122346689633,26.648241524273708],[89.43114038367406,26.64811209630922],[89.43091240463782,26.64801673147926],[89.4304628059219,26.6478890610009],[89.43015002657125,26.647583077733554],[89.42999672392381,26.647220220770713],[89.42986660974216,26.646766726142936],[89.42983764845975,26.6463475978584],[89.4297410567204,26.645343056013854],[89.42972176266335,26.644431945183882],[89.42973028283045,26.643885838122845],[89.42984138511615,26.643441753662632],[89.43014259351311,26.64320197448965],[89.4303012033888,26.643104508224173],[89.43052281506422,26.643136814825557],[89.43070059051814,26.643233039647033],[89.43079452277125,26.64316375158157],[89.43084911604289,26.64289660446014],[89.43083535136886,26.6427208690923],[89.43082063089226,26.642500028364267],[89.43092087488178,26.642254661525723],[89.43109449525488,26.641917797675326],[89.43110373499577,26.64069486525291],[89.43110675328856,26.64012629194438],[89.43121679625345,26.639632592404965],[89.43136345624045,26.638971318957726],[89.43168276936933,26.63840184604018],[89.43170361362917,26.637963817145415],[89.43159444195811,26.63755057406292],[89.43137069433784,26.637179899339955],[89.43120870428717,26.636880360863945],[89.4311930813215,26.63637978703974],[89.43129226848124,26.636084804935905],[89.43144757507218,26.635594842580574],[89.43142611746453,26.63529289997256],[89.43141139797883,26.63507205951379],[89.43125122682584,26.63485822012219],[89.43098403573678,26.634569505088663],[89.43091239050297,26.634268421057],[89.43091593282038,26.63396153826415],[89.43084428911335,26.633660453966126],[89.4309333511028,26.6328873637381],[89.43075316206792,26.632439237574285],[89.42996167974492,26.632285823455938],[89.42933490562051,26.63232360962042],[89.42888594353371,26.632222992303422],[89.42842360463531,26.63196467932813],[89.42826855791327,26.631755260310108],[89.42744966483178,26.631254868945337],[89.42701693473916,26.63073434333089],[89.42698904064639,26.630364828208183],[89.42686636511485,26.630024003436496],[89.42665611802934,26.62981552385654],[89.4262932146574,26.629510384643854],[89.42585763772516,26.628854540573172],[89.42539973528922,26.628329926627455],[89.42499348710533,26.62739834019322],[89.4272899959294,26.624651888466406],[89.4327708348528,26.617717878827026],[89.4326762043345,26.614908465279356],[89.43136025713133,26.614398545092353],[89.42818812714438,26.615129561642508],[89.42596783103981,26.615532937664902],[89.42419089077602,26.61577531126896],[89.42308864904071,26.61611445775352],[89.42288245667251,26.615382497615023],[89.42282671233465,26.61464346163763],[89.42365268484251,26.613582576869675],[89.42254803954467,26.613330672195524],[89.42150751786811,26.61445386172099],[89.42032903586933,26.61570122074145],[89.41910327528724,26.616850108094777],[89.41800652510601,26.617689968069563],[89.41701236637002,26.617918941220434],[89.41550506019597,26.61928916778884],[89.41439932818335,26.61898758660646],[89.41381568899611,26.61868615938112],[89.41361514402267,26.618459445940612],[89.41330079146385,26.61831136868229],[89.41280729896808,26.618238525852274],[89.41239609312636,26.618737324989745],[89.41232044385988,26.61919884514026],[89.41232025929291,26.61966811043646],[89.41252790618331,26.61999397200972],[89.41277409075873,26.620242474607906],[89.41250689412676,26.620666635736896],[89.41219235138959,26.62098782225457],[89.41248086321166,26.621339385181386],[89.41297569507935,26.621475375768995],[89.41385315707898,26.621663526694412],[89.41472474893952,26.62181116242365],[89.41554909128327,26.621860329322683]]]}},{"type":"Feature","properties":{"Village_Name":"Uttar Mandabari","Village_Code":"307125","Block_Name":"Kalchini","District":"Alipurduar","Vill_Cat":"rural","State_LGD":"19","Dist_LGD":"328N002","Subdis_LGD":"2171"},"geometry":{"type":"Polygon","coordinates":[[[89.39953484530825,26.604561163552393],[89.39921532534095,26.60536520702484],[89.39840977450076,26.606691832078585],[89.39839553867061,26.606971826113796],[89.39855025089578,26.607650554085865],[89.39888318806999,26.60796981419367],[89.39985580001206,26.607912797134745],[89.40053525803246,26.607278652636364],[89.40127508713563,26.6068916555474],[89.40165672105036,26.606898748331663],[89.40194773096128,26.60713297851653],[89.40218586004484,26.60795919331394],[89.4024181809261,26.609227696922858],[89.40250244161092,26.610376873009542],[89.40223110963161,26.61132449664335],[89.40181396814938,26.612261045767198],[89.40175682145627,26.612889200717767],[89.40184764969777,26.613632172192577],[89.40206489511358,26.614178985501905],[89.40264474919425,26.61502198615383],[89.40296738255675,26.615567016431402],[89.40360256119256,26.616174446278208],[89.4036969303261,26.616606017295805],[89.40342032906118,26.6170619078419],[89.40297452270056,26.617588339047323],[89.40265578961142,26.617950184692152],[89.40246554879394,26.618215103790806],[89.40249335763016,26.61858463094624],[89.40312940138976,26.61923265566014],[89.40308471803718,26.620456202937334],[89.40324726998716,26.620787354442875],[89.40327593195022,26.621197475284774],[89.4030273544006,26.621553624424592],[89.40247910319097,26.621743375705503],[89.40186996853551,26.621902568606586],[89.40134697441108,26.622340056620384],[89.4013749697528,26.622718604184282],[89.40147239145013,26.624016457661277],[89.40148616206368,26.624674999440156],[89.40100083007201,26.62523367877771],[89.40036988157291,26.62555115918317],[89.39981328871188,26.625583116832832],[89.39955712866738,26.62581756092717],[89.39933873645003,26.62617770659209],[89.39960090673529,26.626471083996993],[89.40017206619534,26.626655464696036],[89.40021518914685,26.627277413143492],[89.40026925010474,26.628422585570544],[89.40006475871436,26.628967496450453],[89.40111429757026,26.62945964495162],[89.40148593176765,26.629945190592494],[89.40216629802995,26.630069058694936],[89.40278368709599,26.630302280258068],[89.40335383194422,26.63043702980764],[89.40377272544403,26.631021037166605],[89.40432172879811,26.629906277842558],[89.40480621083759,26.629306991829942],[89.40483360724583,26.628697389809496],[89.40481177347338,26.627894597595606],[89.40524414674753,26.627684236090076],[89.40579268373013,26.62798629181145],[89.40630771784338,26.627887332000213],[89.40643168093831,26.627573896229013],[89.40640328788716,26.62717730827947],[89.40607254916286,26.626727180313456],[89.40624508205764,26.626575360190046],[89.40658835011591,26.62618601758238],[89.40673684462551,26.62560595038487],[89.40726636207496,26.625240525642777],[89.40812936465888,26.62521688593006],[89.40878906113896,26.62555314319533],[89.40954791488895,26.624633345296115],[89.4111265694199,26.6242636578458],[89.41183161624352,26.62365158542576],[89.4125400663107,26.62320188897466],[89.41309455492109,26.62307065110374],[89.41360161222563,26.623310211395772],[89.41428990485944,26.62357376351557],[89.4150031112106,26.62406700826889],[89.41568960940994,26.62424485404138],[89.41608852515843,26.624116247642668],[89.41619030754265,26.623943057698423],[89.41610725964306,26.623813617618435],[89.41567547246666,26.62357278772024],[89.41554909128327,26.621860329322683],[89.41472474893952,26.62181116242365],[89.41385315707898,26.621663526694412],[89.41297569507935,26.621475375768995],[89.41248086321166,26.621339385181386],[89.41219235138959,26.62098782225457],[89.41250689412676,26.620666635736896],[89.41277409075873,26.620242474607906],[89.41252790618331,26.61999397200972],[89.41232025929291,26.61966811043646],[89.41232044385988,26.61919884514026],[89.41239609312636,26.618737324989745],[89.41280729896808,26.618238525852274],[89.41330079146385,26.61831136868229],[89.41361514402267,26.618459445940612],[89.41381568899611,26.61868615938112],[89.41439932818335,26.61898758660646],[89.41550506019597,26.61928916778884],[89.41701236637002,26.617918941220434],[89.41800652510601,26.617689968069563],[89.41910327528724,26.616850108094777],[89.42032903586933,26.61570122074145],[89.42150751786811,26.61445386172099],[89.42254803954467,26.613330672195524],[89.42198522340617,26.612825878372682],[89.42171685343096,26.612239361587932],[89.4209004125637,26.61184717162147],[89.42023593986242,26.611520072943033],[89.42017873103696,26.611187149978807],[89.42026192722702,26.610847325214547],[89.42052257246063,26.61082935233299],[89.42078899463866,26.610847378721125],[89.42113135069184,26.610895695715755],[89.42151727235684,26.61110570724409],[89.42198916413501,26.611345837469006],[89.4230262505534,26.611251465169182],[89.42336221154935,26.610758432868383],[89.42310739542793,26.610338636361046],[89.42294202453967,26.60963756381406],[89.42237139732774,26.60947582406298],[89.42198605110072,26.609292878555888],[89.42161659576553,26.60891112711333],[89.42126647180086,26.608732092126587],[89.42087611110495,26.608549227440207],[89.42039563998972,26.60861606265857],[89.4198949220158,26.60891335919663],[89.41940867048598,26.608944192607293],[89.41893972325381,26.608604735633218],[89.41902073867753,26.608161169537016],[89.41913830202519,26.607784663937135],[89.4199871081659,26.60709340570019],[89.42040027110856,26.607167593553537],[89.42086712597707,26.60740781457184],[89.42152456226479,26.607640277264604],[89.42225893683718,26.60747436070006],[89.42248592834125,26.607050867596904],[89.42241449738697,26.606519654494452],[89.42205154796126,26.605731703215437],[89.42152307921047,26.60566399501467],[89.42096659548797,26.60569602830431],[89.4208571220697,26.605264728008716],[89.42072617115598,26.605005254111912],[89.42032012354197,26.605030212850426],[89.41985530418198,26.605362993602185],[89.41929373698473,26.60586888058973],[89.41921840509008,26.60634393406101],[89.41897975338411,26.606690914950185],[89.41869846355924,26.606443019263466],[89.41866340954387,26.60596984312318],[89.41868356167791,26.605734869939287],[89.41870153056281,26.6053961544073],[89.41866088972873,26.60489599966208],[89.41836477760779,26.60346617906685],[89.41756003884592,26.602672187936008],[89.41681886586662,26.602752464123355],[89.41614064465851,26.602723376845532],[89.4158577735726,26.60287708156984],[89.41548761255329,26.60293751331911],[89.41518674904788,26.60295164655322],[89.41489818514006,26.60259557479157],[89.41508316074588,26.602082563466446],[89.41554163841798,26.60168673558306],[89.41600001828766,26.601286395303944],[89.4167269755172,26.601007831715258],[89.41749532072807,26.601265503630998],[89.4185937792852,26.601467925643238],[89.41916319443449,26.601097272813035],[89.41924496577703,26.600689791591833],[89.41913550567823,26.600258488798524],[89.41929746006988,26.599845131441587],[89.4201417928848,26.599659308982975],[89.42023644334088,26.59938697053854],[89.42005892185732,26.599060606186264],[89.41979754436389,26.599042491850952],[89.41935071389241,26.599036555171924],[89.4190154984312,26.599087376514223],[89.41883715119323,26.599198700545273],[89.4186251997208,26.599382788672767],[89.41825495630707,26.599438717098444],[89.4177250951785,26.59930333448348],[89.41691603874766,26.598540995709918],[89.41672327836137,26.59796671805551],[89.41521781247567,26.59893532060992],[89.41261075745957,26.600030886313824],[89.4113008213846,26.600513334476535],[89.40998585539025,26.60099585674705],[89.40910135101869,26.601182299994687],[89.40842825018282,26.6011576006243],[89.40796134994767,26.600912824543077],[89.40784351187142,26.60031921566529],[89.40773977289638,26.59991939048107],[89.40732883692381,26.599470618160563],[89.4072123274517,26.598940155418518],[89.40717600224298,26.598403824525008],[89.40728366944366,26.59779286238141],[89.40725519571386,26.597391762065953],[89.40659452465192,26.59724050243819],[89.40618502849436,26.598298760964845],[89.40571051631423,26.598888853029617],[89.404057939393,26.59954849158348],[89.40222334904661,26.600626304064598],[89.40114701075623,26.601000936199792],[89.4002516060221,26.601146900193303],[89.39995265333772,26.602695103786736],[89.39953484530825,26.604561163552393]]]}},{"type":"Feature","properties":{"Village_Name":"Nimti Domohani","Village_Code":"307128","Block_Name":"Kalchini","District":"Alipurduar","Vill_Cat":"rural","State_LGD":"19","Dist_LGD":"328N002","Subdis_LGD":"2171"},"geometry":{"type":"Polygon","coordinates":[[[89.42774262088967,26.589521933452875],[89.42713453089925,26.591147643783437],[89.42634605962695,26.59159876679659],[89.4257496050036,26.59163600949387],[89.42527493704756,26.59126057073023],[89.42475364396245,26.591292015400363],[89.42421282359362,26.592063778857494],[89.42396270189397,26.592817052515638],[89.42403131766284,26.59369123440957],[89.42414145278637,26.59415410666907],[89.42409482166049,26.59456099206597],[89.42352545413456,26.594931661169745],[89.42291466916024,26.594766091363322],[89.42263980815085,26.594107489738516],[89.42272673268695,26.593230657972253],[89.42211103650273,26.593069680228304],[89.42180735006453,26.592948509698996],[89.42151162668387,26.592967079512903],[89.42109410036356,26.593398325115956],[89.42084110641399,26.594016278506473],[89.4203340092705,26.59424599980689],[89.41986730606801,26.594010283821014],[89.4196468799651,26.593075509972213],[89.41871196850167,26.592531902248705],[89.41852158297073,26.59207038900202],[89.41808055533535,26.592100445229285],[89.41795864607809,26.5925086086613],[89.41815822062682,26.59316850040682],[89.41843296039495,26.593822601429284],[89.41874943085139,26.594074413990224],[89.41899718072388,26.594399586601515],[89.41900996612088,26.594530221199097],[89.4189425723324,26.594666731435584],[89.41858598461414,26.594893887302923],[89.41775606102699,26.594808726202643],[89.41698709594382,26.59451947892352],[89.41613009449519,26.59410087000568],[89.41568252437688,26.594058836132806],[89.41541671806321,26.59454614755208],[89.41586393203595,26.595526712150136],[89.41685848792257,26.595803109716062],[89.41756659940093,26.596300949870002],[89.41753272958697,26.59683846882345],[89.41672327836137,26.59796671805551],[89.41691603874766,26.598540995709918],[89.4177250951785,26.59930333448348],[89.41825495630707,26.599438717098444],[89.4186251997208,26.599382788672767],[89.41883715119323,26.599198700545273],[89.4190154984312,26.599087376514223],[89.41935071389241,26.599036555171924],[89.41979754436389,26.599042491850952],[89.42005892185732,26.599060606186264],[89.42023644334088,26.59938697053854],[89.4201417928848,26.599659308982975],[89.41929746006988,26.599845131441587],[89.41913550567823,26.600258488798524],[89.41924496577703,26.600689791591833],[89.41916319443449,26.601097272813035],[89.4185937792852,26.601467925643238],[89.41749532072807,26.601265503630998],[89.4167269755172,26.601007831715258],[89.41600001828766,26.601286395303944],[89.41554163841798,26.60168673558306],[89.41508316074588,26.602082563466446],[89.41489818514006,26.60259557479157],[89.41518674904788,26.60295164655322],[89.41548761255329,26.60293751331911],[89.4158577735726,26.60287708156984],[89.41614064465851,26.602723376845532],[89.41681886586662,26.602752464123355],[89.41756003884592,26.602672187936008],[89.41836477760779,26.60346617906685],[89.41866088972873,26.60489599966208],[89.41870153056281,26.6053961544073],[89.41868356167791,26.605734869939287],[89.41866340954387,26.60596984312318],[89.41869846355924,26.606443019263466],[89.41897975338411,26.606690914950185],[89.41921840509008,26.60634393406101],[89.41929373698473,26.60586888058973],[89.41985530418198,26.605362993602185],[89.42032012354197,26.605030212850426],[89.42072617115598,26.605005254111912],[89.4208571220697,26.605264728008716],[89.42096659548797,26.60569602830431],[89.42152307921047,26.60566399501467],[89.42205154796126,26.605731703215437],[89.42241449738697,26.606519654494452],[89.42248592834125,26.607050867596904],[89.42225893683718,26.60747436070006],[89.42152456226479,26.607640277264604],[89.42086712597707,26.60740781457184],[89.42040027110856,26.607167593553537],[89.4199871081659,26.60709340570019],[89.41913830202519,26.607784663937135],[89.41902073867753,26.608161169537016],[89.41893972325381,26.608604735633218],[89.41940867048598,26.608944192607293],[89.4198949220158,26.60891335919663],[89.42039563998972,26.60861606265857],[89.42087611110495,26.608549227440207],[89.42126647180086,26.608732092126587],[89.42161659576553,26.60891112711333],[89.42198605110072,26.609292878555888],[89.42237139732774,26.60947582406298],[89.42294202453967,26.60963756381406],[89.42310739542793,26.610338636361046],[89.42336221154935,26.610758432868383],[89.4230262505534,26.611251465169182],[89.42198916413501,26.611345837469006],[89.42151727235684,26.61110570724409],[89.42113135069184,26.610895695715755],[89.42078899463866,26.610847378721125],[89.42052257246063,26.61082935233299],[89.42026192722702,26.610847325214547],[89.42017873103696,26.611187149978807],[89.42023593986242,26.611520072943033],[89.4209004125637,26.61184717162147],[89.42171685343096,26.612239361587932],[89.42198522340617,26.612825878372682],[89.42254803954467,26.613330672195524],[89.42365268484251,26.613582576869675],[89.42282671233465,26.61464346163763],[89.42288245667251,26.615382497615023],[89.42308864904071,26.61611445775352],[89.42419089077602,26.61577531126896],[89.42596783103981,26.615532937664902],[89.42818812714438,26.615129561642508],[89.43136025713133,26.614398545092353],[89.4326762043345,26.614908465279356],[89.43282640111234,26.609911009620607],[89.4330828897003,26.60945992491443],[89.43577593411065,26.60673815818725],[89.43915228211891,26.602398329533543],[89.43924639509683,26.601629660852353],[89.4397442899475,26.600966870269968],[89.44044000115002,26.600165321673582],[89.44082482128263,26.5993781293776],[89.4412349089204,26.597417360374067],[89.44326583012646,26.591900318179444],[89.44671855268138,26.58858778105724],[89.44599244510302,26.580401814924567],[89.44396323585691,26.58078861684978],[89.43743276351302,26.58071109793985],[89.43377261999068,26.580863975154827],[89.4300308600668,26.580954982943762],[89.42915067306949,26.582287546149956],[89.42825213050843,26.582275806543834],[89.42797862463792,26.582632417865856],[89.42709169694494,26.5857879808157],[89.42686218597223,26.587754666394044],[89.42711629136932,26.588142885944382],[89.42795118556678,26.588227910080985],[89.42797982152096,26.58863351160664],[89.42774262088967,26.589521933452875]]]}},{"type":"Feature","properties":{"Village_Name":"Nimtijhora Tea Garden","Village_Code":"307127","Block_Name":"Kalchini","District":"Alipurduar","Vill_Cat":"rural","State_LGD":"19","Dist_LGD":"328N002","Subdis_LGD":"2171"},"geometry":{"type":"Polygon","coordinates":[[[89.42774262088967,26.589521933452875],[89.42797982152096,26.58863351160664],[89.42795118556678,26.588227910080985],[89.42711629136932,26.588142885944382],[89.42686218597223,26.587754666394044],[89.42709169694494,26.5857879808157],[89.42797862463792,26.582632417865856],[89.42825213050843,26.582275806543834],[89.42915067306949,26.582287546149956],[89.4300308600668,26.580954982943762],[89.43377261999068,26.580863975154827],[89.43743276351302,26.58071109793985],[89.44396323585691,26.58078861684978],[89.44599244510302,26.580401814924567],[89.44546575317929,26.574509058993073],[89.44493575367235,26.566094091780275],[89.44391553013084,26.565085331301823],[89.44180941835297,26.56300280941243],[89.44316720025256,26.56314646687969],[89.44323273260969,26.55906442572622],[89.4432428442476,26.558434539078462],[89.44289909965077,26.552872502760465],[89.43980133142975,26.55276767771424],[89.43805873916341,26.552689226625656],[89.43781154110472,26.553573319849026],[89.43799560331064,26.55515843279015],[89.4386774366268,26.557741221527845],[89.43667283688427,26.558799784063527],[89.43511912449706,26.5598280501854],[89.43476818656956,26.560790619776682],[89.43454011772353,26.56139463000914],[89.43506227013343,26.56283409016991],[89.43399803526175,26.563759221480773],[89.43262314944452,26.564468558694028],[89.43176153671968,26.5635853648434],[89.4313092908615,26.56307870544339],[89.43102008937792,26.56387777676364],[89.43126097470763,26.564830233638276],[89.43163341736339,26.565121673371337],[89.4333433061301,26.56483075907467],[89.43413939180721,26.5647494699258],[89.43547166328206,26.563923532411057],[89.43587555633012,26.56380382049938],[89.43642671738813,26.56376731764325],[89.4363839086416,26.56411548310581],[89.43549375731622,26.564730822584927],[89.43448508328207,26.56519928327563],[89.43354798005171,26.56525591220928],[89.43289649222346,26.56529411840251],[89.43243126507356,26.566073639056363],[89.43255652691548,26.567727445318717],[89.43292441898315,26.568515291314245],[89.43312074723188,26.568782662953158],[89.43151870821174,26.569193562984797],[89.42943749681336,26.569725426002645],[89.4282014379512,26.570360162079403],[89.42700223558951,26.569649646573204],[89.4264952111523,26.56940109806807],[89.42400293204318,26.569953424846513],[89.42233020318105,26.56986909161784],[89.42252749438698,26.569229523739324],[89.42247227447251,26.568513034215098],[89.4221750814762,26.568220289247826],[89.42161176980062,26.568157677381762],[89.42117365814904,26.567844766941818],[89.4212866426804,26.56749089882604],[89.4219291498623,26.567263388306582],[89.42245325001828,26.566893501027305],[89.42226707723833,26.566630452632445],[89.42163523330767,26.56617193828086],[89.41935594556043,26.567067993486805],[89.41891621878446,26.56620010886496],[89.41858678953226,26.566760699061863],[89.41799178392502,26.566861047254896],[89.41742790447559,26.566293068013817],[89.41706486519843,26.56644813270782],[89.41719566863787,26.567181391581205],[89.41629194318226,26.568112697687333],[89.41803537314158,26.569414181596414],[89.41866791332585,26.57086085903976],[89.42007587563515,26.571716798743665],[89.42034421962047,26.572307838531362],[89.42157974889727,26.57283730794173],[89.42153168763888,26.57317653551997],[89.42275279933517,26.574450740811233],[89.42355025075096,26.575145570401414],[89.42080388713762,26.577461906625405],[89.41963058287084,26.576791499040365],[89.41903277875603,26.57676105106841],[89.41940094923578,26.578758182372304],[89.41974630700359,26.58038570428127],[89.42187401782242,26.580859385525947],[89.42292152986563,26.580796436115325],[89.42370339087579,26.581225312013192],[89.4238291483162,26.581954134642114],[89.42276075800446,26.58269426694137],[89.42187642029192,26.582880779662386],[89.42145630681495,26.582233668705605],[89.42092217161087,26.582129951995828],[89.41979640520951,26.58300640306173],[89.41940741274729,26.58383873684016],[89.41898479667965,26.584265549476754],[89.41856586629117,26.58462912807103],[89.41858660573375,26.5848995034774],[89.41954077067008,26.585645834960427],[89.41999451320997,26.586698470906143],[89.42192920232657,26.586579826408514],[89.4227733751557,26.586867769089093],[89.4234528311132,26.586959978777948],[89.42392604997268,26.587267767484192],[89.42390794507497,26.588075745308995],[89.4239701116367,26.5888823570312],[89.42482842897621,26.589364066043238],[89.42603715214422,26.58956455686413],[89.42660487982076,26.59006925799775],[89.42713453089925,26.591147643783437],[89.42774262088967,26.589521933452875]]]}},{"type":"Feature","properties":{"Village_Name":"Chuapara","Village_Code":"307135","Block_Name":"Kalchini","District":"Alipurduar","Vill_Cat":"rural","State_LGD":"19","Dist_LGD":"328N002","Subdis_LGD":"2171"},"geometry":{"type":"Polygon","coordinates":[[[89.40452509077845,26.73101478316579],[89.40471423532581,26.733556391486253],[89.40557086417714,26.733907336882858],[89.40497757631441,26.735086032287622],[89.40495234884904,26.737707980477325],[89.40408746596631,26.73816032396727],[89.40338759738377,26.738812908236646],[89.40378097845077,26.740074133587388],[89.40756083566205,26.740587526567904],[89.41206892641569,26.74179230873371],[89.41556639187388,26.742256144099926],[89.41548064301885,26.74176579084191],[89.41567936417245,26.741419487166727],[89.41626610932047,26.740886087364245],[89.41638371823491,26.740744208184857],[89.41604850742091,26.740339325475006],[89.41565422461582,26.73975496632082],[89.41470594672307,26.740064407658434],[89.41418067927972,26.739464226686877],[89.41415248448236,26.739081182025643],[89.41428635219982,26.736854453943046],[89.4143603570776,26.7358379789188],[89.41442107561618,26.73466831997332],[89.4148386229039,26.73421451368153],[89.41442290067383,26.734041112042227],[89.41467550935059,26.733391584742918],[89.41472959447118,26.733097378446985],[89.41499182417225,26.732903405455115],[89.41528145612044,26.732817254056155],[89.41516579862883,26.732575572725437],[89.41536190544349,26.731868349503827],[89.41529530884472,26.73133254906955],[89.41476346625443,26.730894913415284],[89.41401443951699,26.729928551032202],[89.41350946094656,26.72885876337749],[89.41307879025713,26.72773807581364],[89.41274849470514,26.726611166923444],[89.41253670426288,26.725861253733818],[89.41251247774281,26.725189367256483],[89.4120238828727,26.72465623018982],[89.41099060058696,26.723550296042195],[89.41008376325516,26.722482812012284],[89.40975848699243,26.722068716939297],[89.40935842773482,26.721443823233834],[89.40921910775047,26.721270218661154],[89.40887291759311,26.721294148014508],[89.40867219784144,26.72130658137498],[89.40851421193673,26.721200975091786],[89.40850131646478,26.721065831131714],[89.40855399048561,26.720703970167605],[89.40862125610953,26.72031930006241],[89.40869989749821,26.719997606761055],[89.40865354129245,26.719705108829164],[89.40846371200301,26.7195188250333],[89.40827283891285,26.719282925752687],[89.40790100277336,26.719997637697066],[89.40702203880588,26.720251699431877],[89.40711410706912,26.72152254459323],[89.40638954448306,26.72290651658102],[89.40529090004344,26.724184029152013],[89.40403376896114,26.725333370422636],[89.4038596950678,26.72709152496912],[89.40452509077845,26.73101478316579]]]}},{"type":"Feature","properties":{"Village_Name":"Simlabari","Village_Code":"307314","Block_Name":"Alipurduar - II","District":"Alipurduar","Vill_Cat":"rural","State_LGD":"19","Dist_LGD":"328N002","Subdis_LGD":"2174"},"geometry":{"type":"Polygon","coordinates":[[[89.69283857152422,26.59136146351076],[89.68981583111584,26.59192845178911],[89.68825256743767,26.59374908846634],[89.6861028778851,26.593884437524554],[89.68600975210762,26.59269063185087],[89.68209347016182,26.59346381369312],[89.68198876948456,26.592847701243176],[89.68018687318411,26.593048588977574],[89.6799570607781,26.59373867776344],[89.67691191210403,26.593349364044638],[89.67446212163063,26.592881118982234],[89.67408568964254,26.593957442856226],[89.67316918577338,26.593821273639946],[89.6724603667563,26.59420002987652],[89.67285560264403,26.59565887256692],[89.67370250510152,26.595606864084058],[89.67378785068387,26.59517665898757],[89.67446430308175,26.595132361565415],[89.67492534913288,26.595967360199218],[89.6754375294909,26.595980286423515],[89.67543415045294,26.596697692185174],[89.6740472300885,26.596403447878494],[89.67387244961408,26.597087983450923],[89.67392691985917,26.59856676015495],[89.67602054244594,26.598820641682458],[89.67666363515237,26.601222237562904],[89.67523986529453,26.601934785482154],[89.6721366032263,26.602940556126825],[89.67252021521243,26.60497709798085],[89.67441465404468,26.605293389340346],[89.67786930514512,26.605796840949363],[89.67801473895076,26.60622270245319],[89.67929990623004,26.606667699358095],[89.6791578775805,26.605957546050515],[89.68281693715666,26.60554117634821],[89.68281930607321,26.60779240256622],[89.68447766547371,26.60788291884533],[89.68484972116624,26.608340585550273],[89.68853148861069,26.607391273561944],[89.6893958201713,26.60829528628368],[89.69185146778689,26.607711949978384],[89.69197117729485,26.607037463238488],[89.69259260707801,26.606998629327116],[89.69248013795095,26.60776772112276],[89.69458515539219,26.608499323659917],[89.69680896924216,26.609373008291083],[89.69655836505245,26.60981538028789],[89.69680456763345,26.610040799169166],[89.69740428975122,26.609718128160043],[89.69978713321714,26.60966839609717],[89.70052424004574,26.60664972389638],[89.6991483867887,26.602132733934166],[89.69763846875686,26.597243806152754],[89.70029323558107,26.597031019609656],[89.70023224833074,26.595502768068396],[89.70043620086506,26.59371684121961],[89.69990649775113,26.592743381826477],[89.69938624109865,26.591530627764957],[89.69511069253139,26.59131392664638],[89.69283857152422,26.59136146351076]]]}},{"type":"Feature","properties":{"Village_Name":"Loknathpur","Village_Code":"307320","Block_Name":"Alipurduar - II","District":"Alipurduar","Vill_Cat":"rural","State_LGD":"19","Dist_LGD":"328N002","Subdis_LGD":"2174"},"geometry":{"type":"Polygon","coordinates":[[[89.71304053437026,26.605134738553144],[89.71306159622699,26.604538819514737],[89.71206347359431,26.603926247131156],[89.71204731414817,26.603028765993844],[89.7117110342934,26.60260207405402],[89.71110747426344,26.602545907394664],[89.71105757451905,26.60191976037157],[89.71100671882132,26.60125302617404],[89.71149485656383,26.600458720082727],[89.71171607870559,26.59941234500238],[89.71169992563993,26.598514863504988],[89.71157033358254,26.597488710742898],[89.71130375034225,26.595973414927883],[89.71004792158742,26.595920649661178],[89.70998268676414,26.59506921752784],[89.71072711831839,26.592375197205236],[89.71134977733118,26.589412804343254],[89.71186915186065,26.588455488129917],[89.71202722744081,26.588375080273583],[89.71297489939285,26.587893027244224],[89.7143896122817,26.58681486415296],[89.71417435695956,26.585348219864997],[89.71361943450657,26.583946701719313],[89.70417134110018,26.58503338655594],[89.69980377162362,26.585161438496986],[89.70068337360826,26.587788505922365],[89.70044501915804,26.58981870917046],[89.69957057197624,26.588053247454663],[89.69909597410921,26.587074224783816],[89.69781001373414,26.58509097690951],[89.69613529878183,26.584716681017795],[89.6950318603603,26.585166181410578],[89.69335144869152,26.58326254261839],[89.69216651954211,26.58151643578676],[89.69142158256437,26.581417738432243],[89.68951825473106,26.58177855594445],[89.69153170494101,26.585051970771296],[89.68985602849035,26.58549420933125],[89.68815015692165,26.585503888895968],[89.68772553047448,26.587303001642535],[89.68766926247797,26.588116145761816],[89.68828507700671,26.588700038273625],[89.6889644624184,26.589427095609917],[89.68925802674883,26.591036684862047],[89.68981583111584,26.59192845178911],[89.69283857152422,26.59136146351076],[89.69511069253139,26.59131392664638],[89.69938624109865,26.591530627764957],[89.69990649775113,26.592743381826477],[89.70043620086506,26.59371684121961],[89.70023224833074,26.595502768068396],[89.70029323558107,26.597031019609656],[89.69763846875686,26.597243806152754],[89.6991483867887,26.602132733934166],[89.70052424004574,26.60664972389638],[89.70179917615718,26.608150401959637],[89.7073553812629,26.607949987948274],[89.71089869012768,26.608162197127474],[89.71106425367431,26.60518144956592],[89.71304053437026,26.605134738553144]]]}},{"type":"Feature","properties":{"Village_Name":"Dangi","Village_Code":"307312","Block_Name":"Alipurduar - II","District":"Alipurduar","Vill_Cat":"rural","State_LGD":"19","Dist_LGD":"328N002","Subdis_LGD":"2174"},"geometry":{"type":"Polygon","coordinates":[[[89.65131641490427,26.58455726132253],[89.65449596491388,26.589722745076596],[89.65458399764357,26.589758387283283],[89.6547215372534,26.58977595488682],[89.65623812516122,26.589969661179673],[89.65858088687695,26.590268859655122],[89.65925844418406,26.590355384461766],[89.65999954148782,26.590937064977897],[89.66070687400477,26.592011138855945],[89.66075901790535,26.59209588437745],[89.66362980706172,26.591676724042852],[89.6641558631037,26.593372263923534],[89.66677105900904,26.59339996195914],[89.66684514245338,26.592915831110183],[89.6687371727051,26.593137512577908],[89.66946384684947,26.59223058134387],[89.67111190386669,26.591455234317998],[89.67215693365449,26.5917243525851],[89.67215023523607,26.593163676755907],[89.67316641106618,26.593054354163353],[89.67334956219453,26.59251403354822],[89.67446212163063,26.592881118982234],[89.67691191210403,26.593349364044638],[89.6799570607781,26.59373867776344],[89.68018687318411,26.593048588977574],[89.68198876948456,26.592847701243176],[89.68209347016182,26.59346381369312],[89.68600975210762,26.59269063185087],[89.6861028778851,26.593884437524554],[89.68825256743767,26.59374908846634],[89.68981583111584,26.59192845178911],[89.68925802674883,26.591036684862047],[89.6889644624184,26.589427095609917],[89.68828507700671,26.588700038273625],[89.68766926247797,26.588116145761816],[89.68772553047448,26.587303001642535],[89.68815015692165,26.585503888895968],[89.68985602849035,26.58549420933125],[89.69153170494101,26.585051970771296],[89.68951825473106,26.58177855594445],[89.69142158256437,26.581417738432243],[89.68996773573689,26.579112749249393],[89.68826813350634,26.579171933871773],[89.68913945917963,26.580170574472906],[89.68909660389936,26.581127836263978],[89.68636827023057,26.581829032499236],[89.686410399269,26.58019504797029],[89.68590551821896,26.580276763415608],[89.68519967300591,26.581422488213448],[89.68477037153336,26.581732864007364],[89.68314651450042,26.58202967381686],[89.68200681794812,26.58200153147804],[89.68147680131915,26.5825123046695],[89.68168951580076,26.583027128631883],[89.68225858680394,26.583760813208112],[89.68255653353609,26.584702627459475],[89.6833024347304,26.584841957654564],[89.68449000065046,26.584769929858428],[89.68517978451449,26.5848697041936],[89.68554337511708,26.585183163833822],[89.68449901949765,26.585586354501718],[89.68084836428348,26.585474719779747],[89.67789762847157,26.585467120931526],[89.6757395889611,26.585453579469224],[89.67221872058843,26.58552876806211],[89.67206006239476,26.584963285847845],[89.6665360143905,26.58477816957366],[89.65721878216016,26.584393023734446],[89.65131641490427,26.58455726132253]]]}},{"type":"Feature","properties":{"Village_Name":"Uttar Rampur","Village_Code":"307319","Block_Name":"Alipurduar - II","District":"Alipurduar","Vill_Cat":"rural","State_LGD":"19","Dist_LGD":"328N002","Subdis_LGD":"2174"},"geometry":{"type":"Polygon","coordinates":[[[89.721763155513,26.587544721689557],[89.72078593781868,26.589719903823422],[89.72177767677262,26.590914524559352],[89.72195238206045,26.59193528870518],[89.72213712379032,26.59295586053461],[89.72158869099944,26.59501456857991],[89.72082049590412,26.595421762798516],[89.72041622409681,26.595939292430852],[89.7201904966129,26.59679176911093],[89.72030159017457,26.598941622720414],[89.71991256216245,26.600316042990595],[89.71940377211585,26.602143899963004],[89.71955500420003,26.60280870805007],[89.72050982109708,26.604134868874784],[89.72099236534122,26.60522643939962],[89.72105941520198,26.607422246935972],[89.72079504915706,26.609186781840407],[89.7256714169653,26.60931445774824],[89.72624591295295,26.606240157491833],[89.73546922310746,26.605981835968777],[89.74413229898646,26.605174311725],[89.73062968035443,26.591764487821532],[89.72485629049135,26.586150118436223],[89.72377140867037,26.58504753100127],[89.72339705944516,26.585343432018455],[89.72307575361467,26.586396246077808],[89.72234955761073,26.58666729757047],[89.721763155513,26.587544721689557]]]}},{"type":"Feature","properties":{"Village_Name":"Dhaola Jhora Tea Garden","Village_Code":"307321","Block_Name":"Alipurduar - II","District":"Alipurduar","Vill_Cat":"rural","State_LGD":"19","Dist_LGD":"328N002","Subdis_LGD":"2174"},"geometry":{"type":"Polygon","coordinates":[[[89.71203145360224,26.56149157801248],[89.71149410549683,26.560406600206694],[89.71172854782941,26.559221434730254],[89.71265546434658,26.558578578090827],[89.71426936262347,26.558742021203482],[89.71509883365262,26.556687001183143],[89.7142576671865,26.5559044982566],[89.71406807831332,26.555948715847602],[89.71478700666405,26.551545302768638],[89.71447822040427,26.549724021956525],[89.7142925656734,26.547805651357645],[89.71237191744927,26.547616665017504],[89.71251242583291,26.54847117953106],[89.71152897103306,26.549951641376445],[89.70982399154617,26.550615707252977],[89.70714638478799,26.55109071465647],[89.70491095137791,26.551597878778445],[89.70518410870626,26.55318977560595],[89.70508664034968,26.554806759488777],[89.70392084514351,26.554937176600003],[89.70425148261243,26.55726787754889],[89.70185934800506,26.55858554400006],[89.70226803749539,26.561036580035275],[89.69818662579681,26.56134858515878],[89.69796321692566,26.560378322987585],[89.69616582223202,26.55881978975297],[89.69614302211787,26.55956011752994],[89.69534005889076,26.55954824973793],[89.6958790036665,26.5632826404842],[89.69661826131028,26.566142501221414],[89.69879612222655,26.56594783845305],[89.6992590453088,26.56814520836082],[89.69949786267468,26.573193611143186],[89.69921643705212,26.57809397419918],[89.6985982103185,26.581471309026067],[89.69894298430553,26.583120506319464],[89.69980377162362,26.585161438496986],[89.70417134110018,26.58503338655594],[89.71361943450657,26.583946701719313],[89.7169450383932,26.584320857206972],[89.71686558355916,26.583293752115956],[89.71616393792833,26.58141682729808],[89.71585363376418,26.579324900653557],[89.71488855691256,26.574574651201747],[89.71446041420502,26.570887889702114],[89.71409406592859,26.56875641741765],[89.71376413028072,26.567743105905386],[89.71278501387367,26.566006787262257],[89.71177314083839,26.564582379304177],[89.71083702061453,26.56339111913058],[89.71098039350117,26.562662033971385],[89.71203145360224,26.56149157801248]]]}},{"type":"Feature","properties":{"Village_Name":"Garokhuta","Village_Code":"307311","Block_Name":"Alipurduar - II","District":"Alipurduar","Vill_Cat":"rural","State_LGD":"19","Dist_LGD":"328N002","Subdis_LGD":"2174"},"geometry":{"type":"Polygon","coordinates":[[[89.67345577558767,26.558426887950695],[89.66727671937821,26.558714210612017],[89.66681797277296,26.560134940823172],[89.66724745809552,26.561349545942218],[89.66785968078736,26.56265546918567],[89.66870792310789,26.563320826853715],[89.66954509132076,26.56350815490195],[89.670964443942,26.56500194776173],[89.67048124749603,26.565367429097513],[89.67012392773988,26.56510343473161],[89.66995582642025,26.565210354392793],[89.66960571843398,26.565040966784743],[89.66945694959817,26.56533250024811],[89.66915682140082,26.567318726951388],[89.6689184242325,26.568721796661787],[89.66926634655273,26.568796482327475],[89.66962606208362,26.56829797145684],[89.67012474256967,26.568166804545296],[89.6715359051121,26.569520881205964],[89.67197847957671,26.56935015641762],[89.67325153484003,26.570372947287705],[89.67480174986,26.572094327383656],[89.67470778103434,26.57301645991581],[89.67382747533958,26.57421503893663],[89.67220415802547,26.575612541255197],[89.67242510234298,26.576700200961998],[89.67346376062223,26.579076353248077],[89.6743740352534,26.58132407210103],[89.67499354288738,26.583581760253953],[89.6757395889611,26.585453579469224],[89.67789762847157,26.585467120931526],[89.68084836428348,26.585474719779747],[89.68449901949765,26.585586354501718],[89.68554337511708,26.585183163833822],[89.68517978451449,26.5848697041936],[89.68449000065046,26.584769929858428],[89.6833024347304,26.584841957654564],[89.68255653353609,26.584702627459475],[89.68225858680394,26.583760813208112],[89.68168951580076,26.583027128631883],[89.68147680131915,26.5825123046695],[89.68200681794812,26.58200153147804],[89.68314651450042,26.58202967381686],[89.68477037153336,26.581732864007364],[89.68519967300591,26.581422488213448],[89.68590551821896,26.580276763415608],[89.686410399269,26.58019504797029],[89.68636827023057,26.581829032499236],[89.68909660389936,26.581127836263978],[89.68913945917963,26.580170574472906],[89.68826813350634,26.579171933871773],[89.68732691385684,26.579261895718805],[89.68618866469072,26.577790055239195],[89.68547976391046,26.576224382066936],[89.68439894439665,26.575491338815347],[89.68311680185566,26.57408534421911],[89.68550790797465,26.57270031132182],[89.68594730698864,26.571749100944068],[89.68540749637215,26.57140738318163],[89.68429599793296,26.571293000595407],[89.68394670178773,26.570514572275886],[89.68305044177654,26.570378074542933],[89.6805769778935,26.57059611544579],[89.67980751722398,26.57008725899946],[89.67945961965155,26.569367442003553],[89.67976796000053,26.56860369089997],[89.68063836758961,26.56849255950006],[89.68267896517817,26.56929327251467],[89.68301300298313,26.567910944532333],[89.68397126022721,26.567049214691586],[89.68474720379574,26.567621088930107],[89.68494534911778,26.56729702912962],[89.6847441247579,26.56662859936201],[89.6830821437402,26.565495943868715],[89.68240411458306,26.563311577417874],[89.68181055050285,26.561306079566343],[89.68197581832612,26.559570515564786],[89.68048288202152,26.559228678091145],[89.67937997771737,26.5581846996022],[89.67345577558767,26.558426887950695]]]}},{"type":"Feature","properties":{"Village_Name":"Sambalpur","Village_Code":"307310","Block_Name":"Alipurduar - II","District":"Alipurduar","Vill_Cat":"rural","State_LGD":"19","Dist_LGD":"328N002","Subdis_LGD":"2174"},"geometry":{"type":"Polygon","coordinates":[[[89.66752503339471,26.576142452628304],[89.66534207571969,26.576562326217644],[89.6631145801624,26.577226627115568],[89.6608693087228,26.577557367148376],[89.65938065755199,26.577409238274466],[89.65800005911902,26.57715981927323],[89.6561851806807,26.577225283426138],[89.65566427266165,26.57639583945038],[89.64805456428624,26.58040862606714],[89.6487973860127,26.581942299053082],[89.65131641490427,26.58455726132253],[89.65721878216016,26.584393023734446],[89.6665360143905,26.58477816957366],[89.67206006239476,26.584963285847845],[89.67221872058843,26.58552876806211],[89.6757395889611,26.585453579469224],[89.67499354288738,26.583581760253953],[89.6743740352534,26.58132407210103],[89.67346376062223,26.579076353248077],[89.67242510234298,26.576700200961998],[89.67129162105316,26.576721479345398],[89.67107288485627,26.575728520207882],[89.66752503339471,26.576142452628304]]]}},{"type":"Feature","properties":{"Village_Name":"Purba Jitpur","Village_Code":"307309","Block_Name":"Alipurduar - II","District":"Alipurduar","Vill_Cat":"rural","State_LGD":"19","Dist_LGD":"328N002","Subdis_LGD":"2174"},"geometry":{"type":"Polygon","coordinates":[[[89.64788303637867,26.567720522628896],[89.6458572002093,26.567988283436993],[89.64286455256641,26.567885964499176],[89.64334720560642,26.569677160100124],[89.64438852104406,26.572197889698508],[89.6457051151831,26.576432433817537],[89.64714738963033,26.57892763360223],[89.64805456428624,26.58040862606714],[89.65566427266165,26.57639583945038],[89.65527679084977,26.575694741184048],[89.65417765580149,26.573942166085306],[89.6530868998374,26.5723337963224],[89.65193538935085,26.57135366831725],[89.65152706703486,26.56974610341365],[89.65023110384392,26.567284314207857],[89.64788303637867,26.567720522628896]]]}},{"type":"Feature","properties":{"Village_Name":"Baniadabri","Village_Code":"307307","Block_Name":"Alipurduar - II","District":"Alipurduar","Vill_Cat":"rural","State_LGD":"19","Dist_LGD":"328N002","Subdis_LGD":"2174"},"geometry":{"type":"Polygon","coordinates":[[[89.65434010336182,26.55117334974142],[89.65309162970729,26.551201124515142],[89.65220071977951,26.550635714115085],[89.6505363015286,26.5511178655536],[89.6507978123997,26.551582211176942],[89.64919195436927,26.552212143154698],[89.64661760081279,26.55261191814617],[89.64552604401422,26.55248331399941],[89.64543237418769,26.551244343374645],[89.64446438651814,26.551253297415055],[89.6440505943137,26.55027292251621],[89.64326530372277,26.55037322050177],[89.64341155787635,26.55084423293442],[89.64371976968353,26.551158840815464],[89.64333728206302,26.551323849266062],[89.64298846904943,26.552737967526436],[89.64376914107689,26.553309994654228],[89.64379685826889,26.553643345060582],[89.64335079320892,26.554535914226484],[89.64356317596074,26.55504630321505],[89.64429354365485,26.55495604425779],[89.64557441572919,26.554589367040673],[89.64621727314851,26.55483909994015],[89.64685283824869,26.554989708295807],[89.64736970085615,26.55586889949391],[89.64725992357619,26.55807714670374],[89.6474612643411,26.5585426168197],[89.64720848181032,26.558894714796434],[89.64744013660506,26.56046046819022],[89.64865453620529,26.56374493211466],[89.65023110384392,26.567284314207857],[89.65152706703486,26.56974610341365],[89.65193538935085,26.57135366831725],[89.6530868998374,26.5723337963224],[89.65417765580149,26.573942166085306],[89.65527679084977,26.575694741184048],[89.65566427266165,26.57639583945038],[89.6561851806807,26.577225283426138],[89.65800005911902,26.57715981927323],[89.65938065755199,26.577409238274466],[89.6608693087228,26.577557367148376],[89.6631145801624,26.577226627115568],[89.66534207571969,26.576562326217644],[89.66752503339471,26.576142452628304],[89.67107288485627,26.575728520207882],[89.67129162105316,26.576721479345398],[89.67242510234298,26.576700200961998],[89.67220415802547,26.575612541255197],[89.67382747533958,26.57421503893663],[89.67470778103434,26.57301645991581],[89.67480174986,26.572094327383656],[89.67325153484003,26.570372947287705],[89.67197847957671,26.56935015641762],[89.6715359051121,26.569520881205964],[89.67012474256967,26.568166804545296],[89.66962606208362,26.56829797145684],[89.66926634655273,26.568796482327475],[89.6689184242325,26.568721796661787],[89.66915682140082,26.567318726951388],[89.66945694959817,26.56533250024811],[89.66960571843398,26.565040966784743],[89.66995582642025,26.565210354392793],[89.67012392773988,26.56510343473161],[89.67048124749603,26.565367429097513],[89.670964443942,26.56500194776173],[89.66954509132076,26.56350815490195],[89.66870792310789,26.563320826853715],[89.66785968078736,26.56265546918567],[89.66724745809552,26.561349545942218],[89.66681797277296,26.560134940823172],[89.66727671937821,26.558714210612017],[89.66706757413628,26.5574819426051],[89.66641475190745,26.55637077351117],[89.66566739355689,26.55550951009079],[89.66453246478474,26.554808889394046],[89.66244688685963,26.554216268500532],[89.65945313664983,26.552963831191434],[89.65851880659459,26.55269253102799],[89.65790209140332,26.552054364992486],[89.65503949488799,26.55213483056487],[89.65434010336182,26.55117334974142]]]}},{"type":"Feature","properties":{"Village_Name":"Uttar Shibkata","Village_Code":"307284","Block_Name":"Alipurduar - II","District":"Alipurduar","Vill_Cat":"rural","State_LGD":"19","Dist_LGD":"328N002","Subdis_LGD":"2174"},"geometry":{"type":"Polygon","coordinates":[[[89.64438852104406,26.572197889698508],[89.64334720560642,26.569677160100124],[89.64286455256641,26.567885964499176],[89.64233545580124,26.56691224130296],[89.64167203075138,26.564894299098796],[89.64049384676404,26.56208733239732],[89.63903748239838,26.559398299514825],[89.63743177331797,26.559166372670898],[89.63547307387744,26.55885523828285],[89.63522493477622,26.558534989033888],[89.6360438018212,26.55814536156108],[89.63580181284597,26.55787462792856],[89.63459404591033,26.55771199930547],[89.63349536818126,26.5574932021328],[89.6328630466981,26.555948358689072],[89.63172756826683,26.555874602167986],[89.6304934774467,26.556095918569333],[89.62880232420939,26.556294081393293],[89.62706829366043,26.556592271871235],[89.62620943984264,26.55654946179357],[89.62565417673754,26.555959643114374],[89.62519004901574,26.555846383220867],[89.62484115854488,26.55572648674001],[89.62465641573134,26.555544911198286],[89.62460713135499,26.554923202348004],[89.62435185719501,26.554508316940854],[89.62437822527542,26.554124335047213],[89.62400157552226,26.553666567943882],[89.62360842928004,26.55292486534794],[89.62362138159867,26.55239224303812],[89.62327250205288,26.552272341763736],[89.62312485656486,26.552617952454543],[89.62249890767133,26.553328797244525],[89.62221122780387,26.55325288317132],[89.62185610056231,26.553078953102048],[89.62137411687999,26.551959893151764],[89.6214869444829,26.55118631139336],[89.62218955960901,26.55075829818945],[89.62214643577677,26.55018610241675],[89.62088359996142,26.550024365566937],[89.61882100961893,26.549769043519024],[89.61790829858654,26.550444535929365],[89.61765290133332,26.551568141128975],[89.61769940721275,26.552952388351965],[89.61765502202935,26.553869086615236],[89.61724824216536,26.554512717629233],[89.61785765720823,26.55644155146419],[89.61785907823175,26.55644604770037],[89.6196503540215,26.55623714909828],[89.62320550065361,26.556379243365033],[89.62333310077355,26.557355935897437],[89.62360586980691,26.557657707502557],[89.62401500410314,26.558439719959335],[89.6245594215574,26.558993651377584],[89.62540637905249,26.559614189297655],[89.62531455929232,26.560427991384294],[89.62525593645825,26.56159760670868],[89.626921150685,26.561138281093108],[89.62731627841366,26.561744583004337],[89.62670011101336,26.562225169382703],[89.62964981584689,26.563528744357352],[89.6293904372792,26.56403433410791],[89.62870861840344,26.56493573004841],[89.6285948658395,26.566106362458495],[89.62893227164535,26.567259640136648],[89.62953315454689,26.568525353992136],[89.62963396627103,26.56986346677028],[89.62844289373635,26.57065696578989],[89.62783990881297,26.57127717880678],[89.6282283047034,26.572465609277607],[89.62897989343969,26.572420147684888],[89.62979108068025,26.57322629272295],[89.63100244797418,26.573758845005244],[89.6353444258089,26.576904375720893],[89.63498676177679,26.57881492967274],[89.63719059404048,26.578859830447616],[89.64147022199505,26.582552219760743],[89.6468504802333,26.58761358231293],[89.65131641490427,26.58455726132253],[89.6487973860127,26.581942299053082],[89.64805456428624,26.58040862606714],[89.64714738963033,26.57892763360223],[89.6457051151831,26.576432433817537],[89.64438852104406,26.572197889698508]]]}},{"type":"Feature","properties":{"Village_Name":"Jaypur","Village_Code":"307308","Block_Name":"Alipurduar - II","District":"Alipurduar","Vill_Cat":"rural","State_LGD":"19","Dist_LGD":"328N002","Subdis_LGD":"2174"},"geometry":{"type":"Polygon","coordinates":[[[89.63720433547216,26.550986376318363],[89.63723921860966,26.55294831652239],[89.6371984291141,26.554672538274666],[89.63724310919045,26.555966566676947],[89.63855747434661,26.558374018302345],[89.63903748239838,26.559398299514825],[89.64049384676404,26.56208733239732],[89.64167203075138,26.564894299098796],[89.64233545580124,26.56691224130296],[89.64286455256641,26.567885964499176],[89.6458572002093,26.567988283436993],[89.64788303637867,26.567720522628896],[89.65023110384392,26.567284314207857],[89.64865453620529,26.56374493211466],[89.64744013660506,26.56046046819022],[89.64720848181032,26.558894714796434],[89.6474612643411,26.5585426168197],[89.64725992357619,26.55807714670374],[89.64736970085615,26.55586889949391],[89.64685283824869,26.554989708295807],[89.64621727314851,26.55483909994015],[89.64557441572919,26.554589367040673],[89.64429354365485,26.55495604425779],[89.64356317596074,26.55504630321505],[89.64335079320892,26.554535914226484],[89.64379685826889,26.553643345060582],[89.64376914107689,26.553309994654228],[89.64298846904943,26.552737967526436],[89.64067394676613,26.55331328056447],[89.64027920297123,26.551849789988264],[89.63972389785096,26.551260029499836],[89.63966631775573,26.550498621420758],[89.6386767818437,26.55022369820209],[89.63838658733064,26.54938087584636],[89.63804695382638,26.54944581951984],[89.6377642989067,26.550903819269713],[89.63720433547216,26.550986376318363]]]}},{"type":"Feature","properties":{"Village_Name":"Bairiguri","Village_Code":"307252","Block_Name":"Alipurduar - I","District":"Alipurduar","Vill_Cat":"rural","State_LGD":"19","Dist_LGD":"328N002","Subdis_LGD":"2173"},"geometry":{"type":"Polygon","coordinates":[[[89.51005928241952,26.550665247922637],[89.51006901713626,26.5506668330293],[89.51017093201116,26.550675024813973],[89.51039667693368,26.55068646010236],[89.51040369885563,26.550686815659365],[89.51050530081264,26.550691961747706],[89.5105872521993,26.55069668134601],[89.5121084157697,26.550784284356677],[89.51179680441979,26.547766765347326],[89.51125482307958,26.54637761194884],[89.51062641598094,26.545856277095606],[89.51019829525085,26.546008204633164],[89.50927951056748,26.54643498177068],[89.50816191940434,26.546256136936822],[89.50669353978083,26.545172038505225],[89.50705287298264,26.544164056634663],[89.50794983311063,26.543426352609565],[89.50865316888721,26.543012403251364],[89.50910155621034,26.542178815864695],[89.50966459517133,26.540851403146533],[89.51059739322453,26.54060936990811],[89.51105999862754,26.54088998291682],[89.51158632130995,26.54110179133409],[89.51161306280328,26.541408133789364],[89.51128327946405,26.54192831174549],[89.51088181547365,26.542382072774053],[89.51170518412465,26.542642788965303],[89.51256916319397,26.54246512292262],[89.51329420670022,26.542357582029013],[89.51350196533065,26.542223070119245],[89.51334748988354,26.54112036466783],[89.51315860313862,26.539589628741176],[89.51228029635863,26.538648582222653],[89.5121603483029,26.537978413959614],[89.51257438014447,26.536721298042014],[89.51363554089063,26.536156633702653],[89.51390295927953,26.534847958318448],[89.51319821496361,26.534273834305452],[89.51282480534964,26.53417213241099],[89.51365794449433,26.533503202676055],[89.51447611513574,26.53122827253884],[89.5159821896699,26.530827197540184],[89.51627760216539,26.52988349328979],[89.51584156362338,26.528979775062584],[89.51466033354762,26.52886526319731],[89.51363847049184,26.528928409981596],[89.51337450201362,26.528323950027392],[89.51372488733536,26.528060587600784],[89.51442299840686,26.527642196243228],[89.51509819495901,26.5268632469941],[89.51471565836005,26.525651766610835],[89.51440951643141,26.524493079402895],[89.51418900757992,26.52358103942114],[89.5151750348029,26.523026718175295],[89.51620589166856,26.523148395134296],[89.51753098353934,26.523192675974943],[89.51846991360499,26.523009146936953],[89.51855128013227,26.522141412184574],[89.51841086472479,26.52122345247991],[89.51894975455836,26.520636399596036],[89.51989505427832,26.520515916820717],[89.51918260625706,26.51981561892116],[89.51875331342603,26.519908932966093],[89.51800817178703,26.520237934358814],[89.51741312671574,26.520090525851572],[89.51702697922389,26.519862722786677],[89.51659747773695,26.519486788838172],[89.5163405996638,26.518976959222194],[89.51629143745326,26.518332615165843],[89.51656088233582,26.518039092752797],[89.5172155810587,26.517932782225472],[89.51747105948598,26.517459026863346],[89.5176990150349,26.51710306751014],[89.51805191685125,26.516956962909354],[89.51872704662111,26.516638222891764],[89.51808204873333,26.515350171379538],[89.51709471320835,26.515381142418768],[89.51681110076206,26.514564971439547],[89.51546949629089,26.51467888848868],[89.51541120998134,26.51591619775024],[89.51423719240805,26.51589629978096],[89.5134117753249,26.514151183508563],[89.51266577749482,26.51397934172247],[89.5123889753313,26.513474366649028],[89.51127108606265,26.514188906922797],[89.50902620427304,26.514047951799306],[89.50615683029095,26.513787093355155],[89.50593514077961,26.512816398881757],[89.5042444871954,26.512791960859232],[89.50423758323922,26.514091537497745],[89.49849064184664,26.51388555056173],[89.49847495033485,26.517098374830553],[89.49914073781963,26.517271697014685],[89.50010649785348,26.517863883811618],[89.4997288991011,26.51872327386923],[89.50134137441606,26.519764333062945],[89.50298442790125,26.521057507643143],[89.50441733394963,26.521217330367367],[89.50533463737061,26.521192186715528],[89.50619091019196,26.520897391398027],[89.5065221037808,26.520905104097668],[89.50664123984947,26.521078976326905],[89.50683647184643,26.52267729815992],[89.50723147662131,26.52262071903149],[89.50796917867424,26.52263932504255],[89.50828049521445,26.523116628783555],[89.50803211408088,26.52414973175466],[89.50806787243762,26.524640909381702],[89.5077463646863,26.52530982804291],[89.5071856579064,26.52605063365729],[89.50661570118898,26.52682769602457],[89.5065883340234,26.52741473520505],[89.5070649497351,26.52741988812568],[89.5073681383495,26.52752284226596],[89.50679687453652,26.528701495542126],[89.50597708473141,26.52952355825309],[89.50526553482838,26.53024896199987],[89.50443663121465,26.530421451491694],[89.50375234959134,26.53055529896573],[89.50220679644436,26.530988524233692],[89.50207594745528,26.531893219986554],[89.50220987003982,26.532748146978495],[89.50194035494337,26.53304164662604],[89.50153386599581,26.53349547024639],[89.50178316658305,26.53481310642843],[89.5017170322808,26.5354639950514],[89.50158516952897,26.53562874147842],[89.5013710225741,26.535700180822523],[89.50099967080216,26.535693163620824],[89.50078156156812,26.535119456373454],[89.50055347326729,26.535010659284136],[89.50042424782627,26.536222141784062],[89.5004887974588,26.536654160363902],[89.50134578937276,26.537311404500713],[89.50171218421188,26.53778324243114],[89.50154015974223,26.538408917550033],[89.5010636450858,26.538872994257392],[89.50060867661462,26.53917425945929],[89.49973339724603,26.53929339456848],[89.49904905581721,26.539427223591357],[89.49900829814328,26.539861090308282],[89.49864057892765,26.539790835988082],[89.49827549850119,26.539842358021048],[89.49818036044485,26.540313273108424],[89.49771776275688,26.540957575407738],[89.49756049271538,26.541339340712454],[89.49766300295845,26.54167143093542],[89.49866812552067,26.542912652459897],[89.49873125110783,26.54374175175434],[89.49886116038333,26.54441176022448],[89.49948435134857,26.544463995112558],[89.49995538899961,26.544902416110055],[89.50009232695167,26.54520231654765],[89.50061865370515,26.545414166230746],[89.50110442754804,26.546068900022714],[89.50120754017362,26.54642804828039],[89.50201624840854,26.546937236199266],[89.502252080578,26.54763245159281],[89.50174739982454,26.549342333619357],[89.50574422473196,26.549962410456768],[89.50606451123389,26.550014582854356],[89.50696824672393,26.550161792096453],[89.50735155697907,26.550224227255036],[89.50774434711474,26.550288206011896],[89.5097143440003,26.55060906889629],[89.51005928241952,26.550665247922637]]]}},{"type":"Feature","properties":{"Village_Name":"Paschim Jitpur (CT)","Village_Code":"307254","Block_Name":"Alipurduar - I","District":"Alipurduar","Vill_Cat":"partly_urban","State_LGD":"19","Dist_LGD":"328N002","Subdis_LGD":"2173"},"geometry":{"type":"Polygon","coordinates":[[[89.53448289278967,26.545515033105733],[89.52983813482207,26.54462753382452],[89.53000059538793,26.54288755571485],[89.53105075742911,26.54022491349241],[89.53195515805245,26.535723988166275],[89.529440938853,26.535443784556403],[89.526670762569,26.53561475606402],[89.52019308976948,26.535761058850625],[89.52042912873243,26.53692096722884],[89.52019478275948,26.53767409556795],[89.51937921087018,26.537539625493284],[89.51920738230567,26.5381698251318],[89.51736986749938,26.538098527368884],[89.5152977570293,26.537850870237303],[89.5156401756504,26.536531843936366],[89.51797594064749,26.53644997766756],[89.51786363712554,26.535901503884833],[89.51719329541696,26.535755429166404],[89.5170744738891,26.53421895070864],[89.51588286071494,26.533860989931643],[89.51511696468401,26.53347294562228],[89.51365794449433,26.533503202676055],[89.51282480534964,26.53417213241099],[89.51319821496361,26.534273834305452],[89.51390295927953,26.534847958318448],[89.51363554089063,26.536156633702653],[89.51257438014447,26.536721298042014],[89.5121603483029,26.537978413959614],[89.51228029635863,26.538648582222653],[89.51315860313862,26.539589628741176],[89.51334748988354,26.54112036466783],[89.51350196533065,26.542223070119245],[89.51329420670022,26.542357582029013],[89.51256916319397,26.54246512292262],[89.51170518412465,26.542642788965303],[89.51088181547365,26.542382072774053],[89.51128327946405,26.54192831174549],[89.51161306280328,26.541408133789364],[89.51158632130995,26.54110179133409],[89.51105999862754,26.54088998291682],[89.51059739322453,26.54060936990811],[89.50966459517133,26.540851403146533],[89.50910155621034,26.542178815864695],[89.50865316888721,26.543012403251364],[89.50794983311063,26.543426352609565],[89.50705287298264,26.544164056634663],[89.50669353978083,26.545172038505225],[89.50816191940434,26.546256136936822],[89.50927951056748,26.54643498177068],[89.51019829525085,26.546008204633164],[89.51062641598094,26.545856277095606],[89.51125482307958,26.54637761194884],[89.51179680441979,26.547766765347326],[89.5121084157697,26.550784284356677],[89.51440420357996,26.550982673984723],[89.51541690927526,26.551070175033853],[89.5177034837476,26.551267718825034],[89.51827295665396,26.551316911891554],[89.51831533165425,26.55132057209398],[89.51842898848645,26.55133039061285],[89.51846559742158,26.55133355279547],[89.52011658696182,26.551478645127073],[89.5206933940053,26.551525974838743],[89.5211406657434,26.55152866163589],[89.52125573095263,26.551529352760152],[89.52328298559854,26.551541513253486],[89.5236514844377,26.551543720474175],[89.5253889797827,26.551554118159984],[89.52561127833079,26.551555447518847],[89.52592464995482,26.55155732071659],[89.52962142959026,26.55157936523241],[89.52976365720207,26.551580211916505],[89.53055526603347,26.551584920236706],[89.5334428580847,26.551602063089554],[89.53448289278967,26.545515033105733]]]}},{"type":"Feature","properties":{"Village_Name":"Paschim Majherdabri Tea Garden","Village_Code":"307253","Block_Name":"Alipurduar - I","District":"Alipurduar","Vill_Cat":"rural","State_LGD":"19","Dist_LGD":"328N002","Subdis_LGD":"2173"},"geometry":{"type":"Polygon","coordinates":[[[89.5151750348029,26.523026718175295],[89.51418900757992,26.52358103942114],[89.51440951643141,26.524493079402895],[89.51471565836005,26.525651766610835],[89.51509819495901,26.5268632469941],[89.51442299840686,26.527642196243228],[89.51372488733536,26.528060587600784],[89.51337450201362,26.528323950027392],[89.51363847049184,26.528928409981596],[89.51466033354762,26.52886526319731],[89.51584156362338,26.528979775062584],[89.51627760216539,26.52988349328979],[89.5159821896699,26.530827197540184],[89.51447611513574,26.53122827253884],[89.51365794449433,26.533503202676055],[89.51511696468401,26.53347294562228],[89.51588286071494,26.533860989931643],[89.5170744738891,26.53421895070864],[89.51719329541696,26.535755429166404],[89.51786363712554,26.535901503884833],[89.51797594064749,26.53644997766756],[89.5156401756504,26.536531843936366],[89.5152977570293,26.537850870237303],[89.51736986749938,26.538098527368884],[89.51920738230567,26.5381698251318],[89.51937921087018,26.537539625493284],[89.52019478275948,26.53767409556795],[89.52042912873243,26.53692096722884],[89.52019308976948,26.535761058850625],[89.52103242633734,26.534230195311437],[89.52188086920206,26.53380459429194],[89.52180922135571,26.53282225730044],[89.52289836885372,26.531706574742657],[89.52307784861547,26.531198058996228],[89.52289170047885,26.53071406443793],[89.52366371699145,26.530235664229647],[89.52347490272231,26.529629894039296],[89.52373643571863,26.528745433702007],[89.52368791434282,26.52813266799318],[89.52467254519046,26.52751513917629],[89.52458179259095,26.526348152680043],[89.52535988166034,26.52500334318487],[89.52563334906898,26.523748688209714],[89.52367553166802,26.52114838718969],[89.52242913944728,26.52011465185818],[89.5210493440476,26.52031954012596],[89.5209355187097,26.51878297543965],[89.51968558353784,26.518732882487907],[89.51918260625706,26.51981561892116],[89.51989505427832,26.520515916820717],[89.51894975455836,26.520636399596036],[89.51841086472479,26.52122345247991],[89.51855128013227,26.522141412184574],[89.51846991360499,26.523009146936953],[89.51753098353934,26.523192675974943],[89.51620589166856,26.523148395134296],[89.5151750348029,26.523026718175295]]]}},{"type":"Feature","properties":{"Village_Name":"Kadampur","Village_Code":"307304","Block_Name":"Alipurduar - II","District":"Alipurduar","Vill_Cat":"rural","State_LGD":"19","Dist_LGD":"328N002","Subdis_LGD":"2174"},"geometry":{"type":"Polygon","coordinates":[[[89.66269143354666,26.50485877721234],[89.65974889939777,26.506641662690747],[89.65977549535552,26.511712277474285],[89.6595477415028,26.51357984400269],[89.65952313889852,26.515123290959327],[89.66091581976546,26.51658163798104],[89.66364686207449,26.519747439448732],[89.6627525111573,26.52054466562662],[89.66350588691293,26.527541692207762],[89.66134449195732,26.527988121823462],[89.6641660990506,26.528982100569092],[89.66487931956621,26.529677092975028],[89.67279259535351,26.528757398425718],[89.68110491591308,26.5281816688963],[89.68034488798402,26.526986854958462],[89.67952482261437,26.52579767587294],[89.67903327718875,26.5251482214227],[89.6796063294192,26.52498856453132],[89.67837430099414,26.524199633579805],[89.67743921122029,26.5234547403927],[89.67628663315641,26.523710992484],[89.67608566243315,26.523047046585205],[89.67564837590776,26.523005628765986],[89.67550181385646,26.522092520594875],[89.67595671580841,26.521380167151023],[89.675637646601,26.52102973877723],[89.67549599650054,26.52011202702134],[89.67602608566803,26.519398262142246],[89.67607766153377,26.519027340539626],[89.67659342601848,26.518128866754267],[89.67592803704038,26.51711722091799],[89.67449654534958,26.516156039786875],[89.6734328001172,26.516563994230058],[89.6728182123985,26.51666124017253],[89.67206629292014,26.516458778751783],[89.67173367325897,26.5163883161307],[89.6713388138324,26.516012227095754],[89.67151833402308,26.51553514114792],[89.67163362862186,26.51509986357192],[89.67137610090366,26.51459036334337],[89.67080872734476,26.51434383041011],[89.67017787457239,26.513304436697204],[89.66864768826872,26.512191643740863],[89.6680503913579,26.511083935022043],[89.66778786135441,26.51100763763388],[89.66766410199519,26.511294187361262],[89.6664851034006,26.51127112732653],[89.66553238360554,26.50975498134749],[89.6645468196227,26.507901067621408],[89.66424368374946,26.506282536058933],[89.66324592787133,26.504767212062305],[89.66265667793729,26.504656401687157],[89.66269143354666,26.50485877721234]]]}},{"type":"Feature","properties":{"Village_Name":"Bakla","Village_Code":"307329","Block_Name":"Alipurduar - II","District":"Alipurduar","Vill_Cat":"rural","State_LGD":"19","Dist_LGD":"328N002","Subdis_LGD":"2174"},"geometry":{"type":"Polygon","coordinates":[[[89.69481546738699,26.50234688577182],[89.69279295829234,26.504636378442093],[89.69107359682577,26.50616668764316],[89.69078888116155,26.505784064412822],[89.68911863495838,26.506411105260657],[89.6866222019224,26.507306347961098],[89.68243966160138,26.50793551463094],[89.6801256324813,26.508267774939284],[89.68017493294569,26.50844731284374],[89.68015998392237,26.509746940548347],[89.68056710818581,26.512162025007573],[89.68129476969621,26.5147741011269],[89.68233847331749,26.51501613992313],[89.68277241935117,26.520737717510872],[89.68224734040032,26.521018296374397],[89.68237471943927,26.521751291269627],[89.68430140305377,26.522003760019967],[89.68486852413412,26.526545283809007],[89.68858303271351,26.526249675018345],[89.6916924132279,26.526673719221343],[89.69253901002418,26.52555689943351],[89.69263339871593,26.524873866915517],[89.69092403207559,26.52362035073064],[89.69043288636279,26.52191521917859],[89.69064226097478,26.51992616696177],[89.69140697300958,26.518955272572427],[89.6930557910117,26.51847748268196],[89.69424982387804,26.518712078134836],[89.69627732103258,26.518344394554898],[89.69795323429413,26.51731111354999],[89.6984353041894,26.516909481102868],[89.69760237646224,26.515603354642312],[89.69755629156317,26.514061266570696],[89.69834644935834,26.51289586043244],[89.69890211489421,26.511567961737125],[89.70047117002413,26.510044917976156],[89.70035804862368,26.509496649344758],[89.69960466504185,26.5092311988111],[89.6993972135565,26.50850876293506],[89.6998425768394,26.507611549719538],[89.70011752508,26.505431763259256],[89.69962782605778,26.50378979822479],[89.69803233926106,26.501604808670443],[89.6973190327067,26.498974513874842],[89.69652324170022,26.50032499312228],[89.69481546738699,26.50234688577182]]]}},{"type":"Feature","properties":{"Village_Name":"Chepani","Village_Code":"307330","Block_Name":"Alipurduar - II","District":"Alipurduar","Vill_Cat":"rural","State_LGD":"19","Dist_LGD":"328N002","Subdis_LGD":"2174"},"geometry":{"type":"Polygon","coordinates":[[[89.68555649250062,26.48779114071401],[89.68414687695373,26.48991557438089],[89.68315643208706,26.490877136477717],[89.68140624771728,26.491293535406093],[89.67969393343628,26.491397900353142],[89.67985997926509,26.492071524582332],[89.68075547482624,26.493281860403606],[89.68072473654559,26.4943336462181],[89.67984631238686,26.4942915027338],[89.67981992741755,26.494883021393292],[89.6758517058442,26.494790594705805],[89.6756907312212,26.496499012886638],[89.67820558904776,26.497268414805628],[89.67790669345266,26.501027702896096],[89.67652606709014,26.500954366680137],[89.67648819232157,26.50191605475729],[89.67373151216972,26.501751210335367],[89.67342388903684,26.500592975139025],[89.67225721873382,26.500664469384656],[89.6722193193388,26.500110248024512],[89.67067507708572,26.500116617148326],[89.6707251222787,26.49881181458353],[89.67086181699028,26.498218229656477],[89.6696665700877,26.497920280972476],[89.66967801887975,26.499066025558594],[89.66830963578059,26.49887056451295],[89.66824449844474,26.498438664428207],[89.66714154164372,26.498445760592315],[89.6670593463243,26.498794695324197],[89.66582181624811,26.49840276112657],[89.66373518202616,26.497936443846204],[89.66412461341775,26.50112342431588],[89.66328841536209,26.501175136974773],[89.66363078382943,26.502756846631804],[89.66231246297998,26.50277695389082],[89.66265667793729,26.504656401687157],[89.66324592787133,26.504767212062305],[89.66424368374946,26.506282536058933],[89.6645468196227,26.507901067621408],[89.66553238360554,26.50975498134749],[89.6664851034006,26.51127112732653],[89.66766410199519,26.511294187361262],[89.66778786135441,26.51100763763388],[89.6680503913579,26.511083935022043],[89.66864768826872,26.512191643740863],[89.67017787457239,26.513304436697204],[89.67080872734476,26.51434383041011],[89.67137610090366,26.51459036334337],[89.67163362862186,26.51509986357192],[89.67151833402308,26.51553514114792],[89.6713388138324,26.516012227095754],[89.67173367325897,26.5163883161307],[89.67206629292014,26.516458778751783],[89.6728182123985,26.51666124017253],[89.6734328001172,26.516563994230058],[89.67449654534958,26.516156039786875],[89.67594374449845,26.51541604341387],[89.67737098840776,26.51489747765167],[89.67875960939189,26.51487590220691],[89.67847396061369,26.512508156607847],[89.68056710818581,26.512162025007573],[89.68015998392237,26.509746940548347],[89.68017493294569,26.50844731284374],[89.6801256324813,26.508267774939284],[89.68243966160138,26.50793551463094],[89.6866222019224,26.507306347961098],[89.68911863495838,26.506411105260657],[89.69078888116155,26.505784064412822],[89.69107359682577,26.50616668764316],[89.69279295829234,26.504636378442093],[89.69481546738699,26.50234688577182],[89.69652324170022,26.50032499312228],[89.6973190327067,26.498974513874842],[89.69655140246297,26.498095736096428],[89.69488826516697,26.496872950244118],[89.6938988850572,26.495944207130496],[89.69338367241414,26.49449218018179],[89.69287348499874,26.493040055410823],[89.69158019924218,26.491977170937993],[89.69085786087372,26.489595136962606],[89.68658217844343,26.488777917432458],[89.68607508762868,26.48788514385649],[89.68555649250062,26.48779114071401]]]}},{"type":"Feature","properties":{"Village_Name":"Chhipra","Village_Code":"307328","Block_Name":"Alipurduar - II","District":"Alipurduar","Vill_Cat":"rural","State_LGD":"19","Dist_LGD":"328N002","Subdis_LGD":"2174"},"geometry":{"type":"Polygon","coordinates":[[[89.70405088422618,26.520926631140476],[89.71032698258479,26.520595380075648],[89.71196303509151,26.5208575095866],[89.71284900153488,26.52099855300643],[89.71361028722033,26.519463672089245],[89.71482984149122,26.516092887911515],[89.71453488957836,26.514853319987918],[89.71403116997548,26.51411850748292],[89.71351628822107,26.51397491637557],[89.71024957752897,26.514312265342767],[89.70963861147908,26.513493754987152],[89.70928710130279,26.513473366980108],[89.70860631599692,26.51373895028524],[89.70751464486563,26.513804803520724],[89.70648874536879,26.513467871809453],[89.7052810077582,26.512647134098643],[89.70472020939098,26.511827647898826],[89.7041457927015,26.508928584633253],[89.70355627810886,26.50645389100287],[89.70529897248215,26.50571252117719],[89.7082152618822,26.50476838237297],[89.71027372832036,26.50423751110285],[89.71104668409413,26.50405588985007],[89.71322877149287,26.503879039815082],[89.71390957395425,26.502977308527353],[89.71440032933599,26.5029499213819],[89.71734856247801,26.50294339595627],[89.72443178730647,26.50286237703323],[89.72722400235497,26.502195434815984],[89.72443265194445,26.500349441529675],[89.7215430820586,26.49837442913675],[89.72023308994358,26.498318214566495],[89.71986629094083,26.4980725644568],[89.71982107868297,26.498068915434168],[89.71860569814147,26.498836492884614],[89.71661635039226,26.49952857599785],[89.71555155355242,26.49902551668131],[89.71353142810055,26.499262477922713],[89.71168777154953,26.500181811066398],[89.70921850239806,26.501365656608254],[89.70818670961042,26.501200281695276],[89.70720397799792,26.49991961102214],[89.70773726271247,26.498285324173242],[89.70681796019997,26.497783945386683],[89.70517918157508,26.497390952494403],[89.70318728144323,26.4981911771729],[89.70171912246667,26.49908973221731],[89.70030574530986,26.49589974518189],[89.69996625126674,26.493388709857566],[89.70008465445247,26.492019458913795],[89.69887352060223,26.49061220730948],[89.69724419435167,26.490403911543673],[89.69589105105787,26.49085809332909],[89.69527954692244,26.491510295784956],[89.6950560262495,26.49331915643402],[89.69568287937443,26.494827716959204],[89.69726231200828,26.496331796289677],[89.69775979360209,26.498095440841535],[89.6973190327067,26.498974513874842],[89.69803233926106,26.501604808670443],[89.69962782605778,26.50378979822479],[89.70011752508,26.505431763259256],[89.6998425768394,26.507611549719538],[89.6993972135565,26.50850876293506],[89.69960466504185,26.5092311988111],[89.70035804862368,26.509496649344758],[89.70047117002413,26.510044917976156],[89.69890211489421,26.511567961737125],[89.69834644935834,26.51289586043244],[89.69755629156317,26.514061266570696],[89.69760237646224,26.515603354642312],[89.6984353041894,26.516909481102868],[89.69795323429413,26.51731111354999],[89.69627732103258,26.518344394554898],[89.69647036408767,26.521453730861808],[89.69851863459554,26.52132924534897],[89.70405088422618,26.520926631140476]]]}},{"type":"Feature","properties":{"Village_Name":"Uttar Parokata","Village_Code":"307332","Block_Name":"Alipurduar - II","District":"Alipurduar","Vill_Cat":"rural","State_LGD":"19","Dist_LGD":"328N002","Subdis_LGD":"2174"},"geometry":{"type":"Polygon","coordinates":[[[89.71353142810055,26.499262477922713],[89.71555155355242,26.49902551668131],[89.71661635039226,26.49952857599785],[89.71860569814147,26.498836492884614],[89.71982107868297,26.498068915434168],[89.71986629094083,26.4980725644568],[89.7198659722365,26.498059035743047],[89.7195642151422,26.496742910653545],[89.71950500353657,26.495931962651305],[89.71931831082738,26.493539895458277],[89.72052433516791,26.49301611659287],[89.72460736746173,26.49096664133821],[89.72565181156945,26.490184239153656],[89.72632647204937,26.489241971434783],[89.72640541156953,26.488338157516374],[89.72641135389205,26.4864657614331],[89.72651139556801,26.48326968751436],[89.72604383831273,26.481726656732622],[89.72580940459518,26.48135216714257],[89.72513191193751,26.480259783305893],[89.72390356476151,26.480468212640538],[89.72186498200475,26.48118384772397],[89.72061812431085,26.481884361010437],[89.7196420415503,26.482800767426063],[89.71860322540994,26.484886853640997],[89.7165586373821,26.487483849181643],[89.71502861313176,26.485739938217158],[89.71427499086941,26.484391789177312],[89.71423838700635,26.483900725920574],[89.71567359637191,26.4824658095598],[89.71736022481593,26.48063809875014],[89.71524639512668,26.480073793887012],[89.71506283174006,26.48058258082359],[89.71372396060738,26.48035540501411],[89.71351971610159,26.481478156275934],[89.71278883693682,26.48152363582959],[89.712680533279,26.4801135766122],[89.71167846732718,26.479925092121828],[89.70837728787579,26.479820865598008],[89.70823337402348,26.481808688206886],[89.70781867466364,26.482082742225334],[89.70785387661402,26.48251518465801],[89.70591348671772,26.482078283821743],[89.70587042932206,26.481524177360264],[89.70188604997847,26.481148527471202],[89.70010399306835,26.48083487151223],[89.69945782422997,26.47914171663897],[89.69062268507493,26.47863636567781],[89.68949065613216,26.479108868293974],[89.68873479252767,26.4798043673078],[89.6883093906056,26.48091321742656],[89.68870288225396,26.482742030183196],[89.68942390554622,26.48377964572806],[89.6915051888344,26.484669787244552],[89.69398635843147,26.485507229814917],[89.69528662353727,26.486227083463515],[89.69600212559342,26.487454251765417],[89.69611517194778,26.488431131093197],[89.69586072031301,26.488914168945204],[89.69504108348978,26.48924095721742],[89.69350128637159,26.48921590087399],[89.690937877631,26.489156002480925],[89.69085786087372,26.489595136962606],[89.69158019924218,26.491977170937993],[89.69287348499874,26.493040055410823],[89.69338367241414,26.49449218018179],[89.6938988850572,26.495944207130496],[89.69488826516697,26.496872950244118],[89.69655140246297,26.498095736096428],[89.6973190327067,26.498974513874842],[89.69775979360209,26.498095440841535],[89.69726231200828,26.496331796289677],[89.69568287937443,26.494827716959204],[89.6950560262495,26.49331915643402],[89.69527954692244,26.491510295784956],[89.69589105105787,26.49085809332909],[89.69724419435167,26.490403911543673],[89.69887352060223,26.49061220730948],[89.70008465445247,26.492019458913795],[89.69996625126674,26.493388709857566],[89.70030574530986,26.49589974518189],[89.70171912246667,26.49908973221731],[89.70318728144323,26.4981911771729],[89.70517918157508,26.497390952494403],[89.70681796019997,26.497783945386683],[89.70773726271247,26.498285324173242],[89.70720397799792,26.49991961102214],[89.70818670961042,26.501200281695276],[89.70921850239806,26.501365656608254],[89.71168777154953,26.500181811066398],[89.71353142810055,26.499262477922713]]]}},{"type":"Feature","properties":{"Village_Name":"Purba Chepani","Village_Code":"307331","Block_Name":"Alipurduar - II","District":"Alipurduar","Vill_Cat":"rural","State_LGD":"19","Dist_LGD":"328N002","Subdis_LGD":"2174"},"geometry":{"type":"Polygon","coordinates":[[[89.68402140923216,26.47156464561243],[89.68269137656173,26.47192802525823],[89.68226517979666,26.472572176101185],[89.68196279734494,26.47336739496331],[89.68225810729976,26.474859706648726],[89.68318499356016,26.47591604938937],[89.68408895229129,26.4772796070913],[89.68412406322291,26.477712062797472],[89.6837865733904,26.47807482958931],[89.68323587930306,26.47810774444623],[89.6824191642661,26.477911053407656],[89.68098953314478,26.477658200475695],[89.67889125980058,26.47797281831821],[89.67661497458676,26.478394513756047],[89.67677502556982,26.479027652468833],[89.67735725895724,26.479057333494758],[89.67728074073715,26.479433236032936],[89.67592115023183,26.479391065235458],[89.6717032092579,26.479316709424776],[89.67171605893887,26.479005164887504],[89.67080350573417,26.478999690575392],[89.67083919393546,26.479459211572635],[89.66788274857137,26.47865279302284],[89.66570009956419,26.478355210443063],[89.66430192173175,26.47794369217272],[89.66439181652,26.480103103657935],[89.66481447067572,26.48082158840985],[89.66520617598968,26.482154237282835],[89.66495641647408,26.483715427539483],[89.66393131080788,26.48557082102103],[89.66249516253261,26.485038182796753],[89.66258044747723,26.484170350665693],[89.66095915946674,26.484087807334593],[89.66096310951764,26.486000683664848],[89.65860938730529,26.485900192557192],[89.65890988532395,26.48501481448513],[89.65766828277219,26.48509209009927],[89.65757234711432,26.48571648838519],[89.65636426104801,26.485725452953933],[89.656742833288,26.487798289186525],[89.65797309289152,26.48766258062828],[89.65825050791713,26.48838830350643],[89.66037906981995,26.488506531802965],[89.6599530203027,26.491559855897176],[89.65845175986288,26.49103290706884],[89.65784782660745,26.492677388471993],[89.65805298441528,26.493530784870103],[89.65901847749294,26.493652650311912],[89.66013116380796,26.495811040479055],[89.66180849911851,26.495707559322195],[89.66150926607662,26.497517810997213],[89.66373518202616,26.497936443846204],[89.66582181624811,26.49840276112657],[89.6670593463243,26.498794695324197],[89.66714154164372,26.498445760592315],[89.66824449844474,26.498438664428207],[89.66830963578059,26.49887056451295],[89.66967801887975,26.499066025558594],[89.6696665700877,26.497920280972476],[89.67086181699028,26.498218229656477],[89.6707251222787,26.49881181458353],[89.67067507708572,26.500116617148326],[89.6722193193388,26.500110248024512],[89.67225721873382,26.500664469384656],[89.67342388903684,26.500592975139025],[89.67373151216972,26.501751210335367],[89.67648819232157,26.50191605475729],[89.67652606709014,26.500954366680137],[89.67790669345266,26.501027702896096],[89.67820558904776,26.497268414805628],[89.6756907312212,26.496499012886638],[89.6758517058442,26.494790594705805],[89.67981992741755,26.494883021393292],[89.67984631238686,26.4942915027338],[89.68072473654559,26.4943336462181],[89.68075547482624,26.493281860403606],[89.67985997926509,26.492071524582332],[89.67969393343628,26.491397900353142],[89.68140624771728,26.491293535406093],[89.68315643208706,26.490877136477717],[89.68414687695373,26.48991557438089],[89.68555649250062,26.48779114071401],[89.68607508762868,26.48788514385649],[89.68658217844343,26.488777917432458],[89.69085786087372,26.489595136962606],[89.690937877631,26.489156002480925],[89.69350128637159,26.48921590087399],[89.69504108348978,26.48924095721742],[89.69586072031301,26.488914168945204],[89.69611517194778,26.488431131093197],[89.69600212559342,26.487454251765417],[89.69528662353727,26.486227083463515],[89.69398635843147,26.485507229814917],[89.6915051888344,26.484669787244552],[89.68942390554622,26.48377964572806],[89.68870288225396,26.482742030183196],[89.6883093906056,26.48091321742656],[89.68873479252767,26.4798043673078],[89.68949065613216,26.479108868293974],[89.69062268507493,26.47863636567781],[89.69146290793542,26.478119730625966],[89.69169598029471,26.47779500916155],[89.69151852267169,26.476417804205038],[89.69104789879839,26.47558300890885],[89.6892228160462,26.47513918370912],[89.68670261248174,26.474983632931284],[89.68578442138276,26.474518172776943],[89.68539948307443,26.472838069265926],[89.6854188441049,26.47216096177555],[89.68494685123997,26.471696121292567],[89.68402140923216,26.47156464561243]]]}},{"type":"Feature","properties":{"Village_Name":"Uttar Majidkhana","Village_Code":"307290","Block_Name":"Alipurduar - II","District":"Alipurduar","Vill_Cat":"rural","State_LGD":"19","Dist_LGD":"328N002","Subdis_LGD":"2174"},"geometry":{"type":"Polygon","coordinates":[[[89.63457027200312,26.487726739754336],[89.63124819007376,26.48737748444306],[89.6311756800304,26.486395262945923],[89.62662467138139,26.486240003511092],[89.62462213997514,26.48592945315685],[89.62376119487152,26.48709578732928],[89.62281633682058,26.48721693176398],[89.6179230382927,26.48788882943546],[89.61718248349665,26.489725171732328],[89.61717060162417,26.490528484401022],[89.61777446331601,26.49173106882015],[89.61833016016989,26.49324133478528],[89.61888863380804,26.494873363321602],[89.61873396987137,26.496676395165537],[89.61781602638146,26.497103817069352],[89.61867238544725,26.499709428968803],[89.62103543053475,26.500428506479093],[89.62435393857777,26.50170746599028],[89.62689872892993,26.502477236685237],[89.62816134839105,26.50265248946652],[89.62923089210847,26.50227634600514],[89.63104820677627,26.503027869842743],[89.63101330824554,26.501936674354003],[89.63281922599468,26.500649084068915],[89.63375504605065,26.501886064072437],[89.63555004661784,26.50517352781916],[89.63827003570596,26.504387818779453],[89.63931374103446,26.50661082506341],[89.64082395984195,26.506208390352985],[89.64090429479687,26.50533614291482],[89.64162903331508,26.50523248494196],[89.641702871001,26.507144079883535],[89.64143985131244,26.508579163129983],[89.64283334471129,26.508553340517672],[89.6429448527738,26.509043049239494],[89.64231734088298,26.509451709659828],[89.64291356406875,26.510523466966752],[89.64414409197849,26.51038785861467],[89.64396776150704,26.511884501397336],[89.64426857261375,26.512975264217726],[89.64720526799168,26.51310574349575],[89.6471610181891,26.512488463783455],[89.6491653943495,26.512857283862484],[89.64896826874563,26.512134564737234],[89.65155866163296,26.511599148768898],[89.65164283856808,26.509806444886355],[89.65061221120583,26.50881950395182],[89.65085210637484,26.50812926789835],[89.6520188805732,26.508057941403315],[89.65206686754225,26.50774574315137],[89.65105543793705,26.506938913588847],[89.6487193956069,26.506098036982774],[89.64759127805837,26.505667818984534],[89.64768593062294,26.504984796182786],[89.64929988774055,26.504079550453824],[89.64985593008933,26.503618049979014],[89.64986246111873,26.502810336068997],[89.64946844184021,26.50246574542709],[89.64757190941089,26.50351158893532],[89.64656458830709,26.503755872881698],[89.64590580123402,26.503673353303657],[89.64520066439309,26.5030999139322],[89.64527316385839,26.502105995636523],[89.64619882999509,26.501800072289925],[89.6477389355779,26.501830137745632],[89.64824966771941,26.50179809590322],[89.64835357012224,26.50129987960364],[89.64740594207316,26.500866305200734],[89.64607837617261,26.500701453139627],[89.64458639408582,26.500363680529134],[89.64436470483322,26.497471278294956],[89.64400292075003,26.49656210920418],[89.64450326116302,26.495420395347505],[89.64443842910723,26.494559861665778],[89.64462120389308,26.4931262616576],[89.64524339673643,26.493583941437254],[89.64622862243618,26.49500489949594],[89.64695715873937,26.493976248151625],[89.64620774907766,26.49278101794532],[89.64556102585333,26.491033449212463],[89.64475093955546,26.490033337211102],[89.6444928705804,26.48949220500849],[89.64519668621944,26.489136266174185],[89.6462686213808,26.489748023796068],[89.6472435336501,26.490063800664057],[89.64712650308896,26.489114003077027],[89.64525641982844,26.488679475543503],[89.64364642742798,26.488655181198975],[89.6436812916705,26.489083147433522],[89.64117833871245,26.489914549559106],[89.64114203991127,26.489423444467846],[89.64085166871259,26.48944235551273],[89.64020498721393,26.48966637647678],[89.63965021706157,26.48908560856822],[89.63886976231525,26.489379774720348],[89.63785234164862,26.48851880536007],[89.63767071894222,26.488030386310943],[89.63457027200312,26.487726739754336]]]}},{"type":"Feature","properties":{"Village_Name":"Dakshin Majidkhana","Village_Code":"307291","Block_Name":"Alipurduar - II","District":"Alipurduar","Vill_Cat":"rural","State_LGD":"19","Dist_LGD":"328N002","Subdis_LGD":"2174"},"geometry":{"type":"Polygon","coordinates":[[[89.62540793283395,26.473291104425186],[89.62467020090281,26.474139349110033],[89.62403635100553,26.474484876087306],[89.6216142187811,26.47445269194663],[89.61920977477496,26.474537448445176],[89.61775939016702,26.474690390189263],[89.61578366441275,26.476662171217964],[89.61519479714396,26.47855437629632],[89.61511910273327,26.480969563795618],[89.61619323794791,26.482574112216916],[89.61646261419524,26.483178262045417],[89.61645411551864,26.483467171225133],[89.61758815157206,26.48395168866955],[89.6194546086641,26.484454332995515],[89.62167107120425,26.48469335018017],[89.62332082425834,26.485145783585182],[89.62380042517773,26.48573251549153],[89.62281633682058,26.48721693176398],[89.62376119487152,26.48709578732928],[89.62462213997514,26.48592945315685],[89.62662467138139,26.486240003511092],[89.6311756800304,26.486395262945923],[89.63124819007376,26.48737748444306],[89.63457027200312,26.487726739754336],[89.63767071894222,26.488030386310943],[89.63785234164862,26.48851880536007],[89.63886976231525,26.489379774720348],[89.63965021706157,26.48908560856822],[89.64020498721393,26.48966637647678],[89.64085166871259,26.48944235551273],[89.64114203991127,26.489423444467846],[89.64117833871245,26.489914549559106],[89.6436812916705,26.489083147433522],[89.64364642742798,26.488655181198975],[89.64525641982844,26.488679475543503],[89.64712650308896,26.489114003077027],[89.64663540851957,26.48846891841501],[89.64575517074377,26.48747011245934],[89.64560101048014,26.48643076735856],[89.64595105751279,26.48529634870073],[89.6449774120378,26.48590994877494],[89.64313054364072,26.486706657128007],[89.64210920527658,26.486770693281787],[89.64168387651435,26.485930367222775],[89.6417735480548,26.485247437576305],[89.64439557389449,26.485022904567693],[89.64436706290958,26.48465347279386],[89.64383435217763,26.484379108089986],[89.6428870021821,26.483512363882436],[89.6424772748538,26.48291538373577],[89.64508120018262,26.483435608113076],[89.64497239171466,26.481091535636303],[89.64628903595637,26.48100846955263],[89.64614268471091,26.480090795593018],[89.6443463747873,26.47958720377808],[89.64395102497346,26.478741816068137],[89.64258505402134,26.479078427760534],[89.63997202447487,26.48034947345263],[89.63937948986606,26.481186080865264],[89.63857993333292,26.481300127170137],[89.63735365756375,26.480510688023752],[89.63720092478066,26.47952995440805],[89.63662552968454,26.478701405712226],[89.63682263664701,26.4774525259097],[89.63632866874157,26.47667661132968],[89.63604363441952,26.475829159085535],[89.63628991657403,26.475197478668882],[89.63636260044761,26.474208066534228],[89.63562927188984,26.47282748534316],[89.633608839645,26.47326181807906],[89.63233208615175,26.47377264118653],[89.63003908850604,26.474347304006777],[89.6290570202978,26.47304796905563],[89.62540793283395,26.473291104425186]]]}},{"type":"Feature","properties":{"Village_Name":"Tatpara","Village_Code":"307289","Block_Name":"Alipurduar - II","District":"Alipurduar","Vill_Cat":"rural","State_LGD":"19","Dist_LGD":"328N002","Subdis_LGD":"2174"},"geometry":{"type":"Polygon","coordinates":[[[89.62816134839105,26.50265248946652],[89.62689872892993,26.502477236685237],[89.62435393857777,26.50170746599028],[89.62103543053475,26.500428506479093],[89.61867238544725,26.499709428968803],[89.61781602638146,26.497103817069352],[89.61873396987137,26.496676395165537],[89.61888863380804,26.494873363321602],[89.61833016016989,26.49324133478528],[89.61777446331601,26.49173106882015],[89.61717060162417,26.490528484401022],[89.61718248349665,26.489725171732328],[89.6179230382927,26.48788882943546],[89.62281633682058,26.48721693176398],[89.62380042517773,26.48573251549153],[89.62332082425834,26.485145783585182],[89.62167107120425,26.48469335018017],[89.6194546086641,26.484454332995515],[89.61758815157206,26.48395168866955],[89.61645411551864,26.483467171225133],[89.61646261419524,26.483178262045417],[89.61478669706725,26.48333982715843],[89.61422017257816,26.483562262088995],[89.61444553720001,26.484659006030803],[89.61401769869391,26.48480671030595],[89.61362798775434,26.483537017443986],[89.61152658251578,26.48372889778953],[89.6116534542728,26.484461995269253],[89.60994134398771,26.484132383527147],[89.60989741988662,26.483519583608953],[89.60819952391505,26.483374672622634],[89.60779650552462,26.48284513650407],[89.60621358205128,26.48268456408794],[89.6046218985809,26.483024943168086],[89.60534689060482,26.48582706701485],[89.60468964203207,26.48580748550655],[89.60387207220458,26.484680924671878],[89.60313965496408,26.484662707613587],[89.60340395878075,26.485266977579368],[89.60281819858412,26.48530473664424],[89.60359477018902,26.487726938518033],[89.60429049310211,26.489230203243167],[89.60580349552686,26.48895442498272],[89.60587447077786,26.489878045855697],[89.60559042060719,26.489955423709418],[89.60543463768612,26.490829044681714],[89.6050769309745,26.490975443493205],[89.60533420859952,26.492378423930862],[89.60613541799742,26.492332205261484],[89.60678718705276,26.493218141798987],[89.60609229339805,26.493754207245583],[89.60630066548102,26.494544474400733],[89.6057821801774,26.494454688971317],[89.60592323173209,26.49537251674358],[89.60654387329095,26.4957672373139],[89.60767810398211,26.496256336625272],[89.60795012299293,26.496977759861874],[89.60735235924976,26.49781885727308],[89.60660433810531,26.49755731192441],[89.60692089063399,26.49691987593612],[89.60384074956833,26.49685883511608],[89.60359093451515,26.499344881489645],[89.60580113761858,26.499516569811515],[89.60547190128949,26.500036928592486],[89.6062151428999,26.50208523400917],[89.60571092339892,26.502184683917243],[89.6065876002705,26.505033645668533],[89.60585647997964,26.505078590481595],[89.60577485859184,26.508793280754304],[89.604692288269,26.50904316208919],[89.60316580518783,26.51028922337609],[89.60336511503615,26.51089918688174],[89.60312777287331,26.511715642324713],[89.60408062255901,26.511716288644212],[89.60517517313406,26.510663093758605],[89.60570710973175,26.51001270009337],[89.60674923524539,26.510192169410125],[89.60879156065512,26.509139664857504],[89.61015811041989,26.50880785338037],[89.61089711944132,26.50888906993297],[89.61123017778765,26.509424383175688],[89.61125716770205,26.50973068981506],[89.61047158137116,26.510029316973302],[89.61005785355428,26.51036173924799],[89.61023644818516,26.51071941120317],[89.61090947483693,26.5109868173604],[89.61222661410494,26.510908550189868],[89.6125610114591,26.51150248785621],[89.61660194369853,26.511455452034337],[89.61674886673103,26.509530746430148],[89.61931711072077,26.50956028817747],[89.61923159809909,26.510432626698364],[89.62379770375072,26.510768262147675],[89.62394199939968,26.507851020326168],[89.62749534190985,26.509301528111397],[89.62845115939636,26.507452145896732],[89.63035153193438,26.508323959016128],[89.62995067572534,26.510758664415476],[89.63172674213192,26.511014642131467],[89.63265665272442,26.507812196088928],[89.63319614961699,26.50530273811134],[89.63250783883942,26.503925835063278],[89.63104820677627,26.503027869842743],[89.62923089210847,26.50227634600514],[89.62816134839105,26.50265248946652]]]}},{"type":"Feature","properties":{"Village_Name":"Saudpara","Village_Code":"307292","Block_Name":"Alipurduar - II","District":"Alipurduar","Vill_Cat":"rural","State_LGD":"19","Dist_LGD":"328N002","Subdis_LGD":"2174"},"geometry":{"type":"Polygon","coordinates":[[[89.61306322197798,26.459219811621594],[89.61268819951309,26.461035903295553],[89.61232140535478,26.460997497674782],[89.61231771358351,26.45994631746844],[89.61098563348656,26.459781191140923],[89.61138263567844,26.45827150154995],[89.60977446464634,26.458309930569918],[89.60994610946038,26.460585251796598],[89.61073505074312,26.46133783188871],[89.61107939676036,26.46193611426672],[89.61034069050271,26.461854875820325],[89.61038981377797,26.462476605549767],[89.60954908218294,26.4620949383516],[89.60850551108572,26.462276435907413],[89.60859842254091,26.46350645962441],[89.61008493870936,26.463849254461937],[89.61024098634711,26.465876709201467],[89.60921193109205,26.465814310930366],[89.611137214149,26.468048536661836],[89.61058484924268,26.468451167044922],[89.6094587541225,26.468088255894358],[89.60830204211236,26.46636784385531],[89.60807624480572,26.467247259409973],[89.6067928846562,26.46769030008296],[89.60722736061243,26.470506751318464],[89.60575637489785,26.470411796884637],[89.60584283801424,26.471578775179033],[89.60757446742146,26.471226809567728],[89.60797835553716,26.472685764405593],[89.60761284729409,26.472705978006278],[89.60775888109374,26.473623716174203],[89.60688917154778,26.473738865365103],[89.60696657140667,26.474725535544486],[89.6048424127206,26.474791394023416],[89.60514784573485,26.47588669818305],[89.60477589157381,26.47584385764376],[89.60433899462068,26.47581122560239],[89.604804950572,26.47869027426295],[89.6054908192091,26.480870486722655],[89.60584500975533,26.480791829688943],[89.60621358205128,26.48268456408794],[89.60779650552462,26.48284513650407],[89.60819952391505,26.483374672622634],[89.60989741988662,26.483519583608953],[89.60994134398771,26.484132383527147],[89.6116534542728,26.484461995269253],[89.61152658251578,26.48372889778953],[89.61362798775434,26.483537017443986],[89.61401769869391,26.48480671030595],[89.61444553720001,26.484659006030803],[89.61422017257816,26.483562262088995],[89.61478669706725,26.48333982715843],[89.61646261419524,26.483178262045417],[89.61619323794791,26.482574112216916],[89.61511910273327,26.480969563795618],[89.61519479714396,26.47855437629632],[89.61578366441275,26.476662171217964],[89.61775939016702,26.474690390189263],[89.61920977477496,26.474537448445176],[89.6216142187811,26.47445269194663],[89.62403635100553,26.474484876087306],[89.62467020090281,26.474139349110033],[89.62540793283395,26.473291104425186],[89.62506466874682,26.471641602704125],[89.6242850328684,26.469097772036715],[89.62308401711691,26.46676019545252],[89.62086975795569,26.464612660485123],[89.61846131189937,26.461855045751904],[89.61615511867963,26.459402310764187],[89.61604783031405,26.457983064781697],[89.61596271586457,26.456879236838475],[89.61660186540014,26.455662877510786],[89.61711787516806,26.454764598550014],[89.61422306875394,26.45420402482531],[89.61340159785614,26.45400700901704],[89.61313373903252,26.452356081859097],[89.61163459856884,26.451891723429096],[89.60887443793776,26.452185815700492],[89.60869397791454,26.453741173279308],[89.60997145829094,26.45415547358487],[89.60983361305686,26.455155101540807],[89.6091791857355,26.455252785376203],[89.61099715106347,26.456072282828284],[89.6112448662788,26.455499266158228],[89.61225953053535,26.455372422635588],[89.6125508684581,26.456287498117902],[89.61313647604676,26.45624971091737],[89.61311177682605,26.45693144325196],[89.61261531638657,26.457143559628097],[89.61263737600889,26.457454470431006],[89.61481289216835,26.458122994173426],[89.61485778201244,26.45966520381327],[89.61431881290441,26.459327666226635],[89.61306322197798,26.459219811621594]]]}},{"type":"Feature","properties":{"Village_Name":"Bindipara","Village_Code":"307274","Block_Name":"Alipurduar - II","District":"Alipurduar","Vill_Cat":"rural","State_LGD":"19","Dist_LGD":"328N002","Subdis_LGD":"2174"},"geometry":{"type":"Polygon","coordinates":[[[89.59649966661283,26.462265204990356],[89.59301998097298,26.462229192595082],[89.593601414202,26.463120996665698],[89.59494901005523,26.463529642178926],[89.5956254174736,26.463738424567474],[89.59553820829568,26.46454311497246],[89.59372240621865,26.464715986964453],[89.59228124416059,26.465053482210397],[89.59213389966237,26.46697819863483],[89.59208895473499,26.46877472540026],[89.59147430040927,26.46930925903496],[89.58979078307199,26.469348839386388],[89.58856209676397,26.46955160171594],[89.58828929934359,26.47080181710407],[89.58807292209309,26.471437398691954],[89.58815299998592,26.471431434023913],[89.59155890317123,26.471965192739923],[89.59154551928826,26.47270988819833],[89.59228419045147,26.472786709681152],[89.5924506364909,26.472161053175068],[89.59478210068791,26.471951746544757],[89.59482461914841,26.472505928112138],[89.59879650540705,26.47368343098009],[89.59956070094975,26.479575475525888],[89.60104200312,26.479232655416304],[89.604804950572,26.47869027426295],[89.60433899462068,26.47581122560239],[89.60477589157381,26.47584385764376],[89.60514784573485,26.47588669818305],[89.6048424127206,26.474791394023416],[89.60696657140667,26.474725535544486],[89.60688917154778,26.473738865365103],[89.60775888109374,26.473623716174203],[89.60761284729409,26.472705978006278],[89.60797835553716,26.472685764405593],[89.60757446742146,26.471226809567728],[89.60584283801424,26.471578775179033],[89.60575637489785,26.470411796884637],[89.60722736061243,26.470506751318464],[89.6067928846562,26.46769030008296],[89.60516754289715,26.46741768424549],[89.60522826486373,26.465440405242948],[89.6034110525684,26.46555026034747],[89.60329615534427,26.464009316173623],[89.60196261174704,26.463780968297982],[89.60138111317283,26.462889203402348],[89.60063617528826,26.462753886326926],[89.60028270992836,26.461970757112095],[89.59649966661283,26.462265204990356]]]}},{"type":"Feature","properties":{"Village_Name":"Karipara","Village_Code":"307275","Block_Name":"Alipurduar - II","District":"Alipurduar","Vill_Cat":"rural","State_LGD":"19","Dist_LGD":"328N002","Subdis_LGD":"2174"},"geometry":{"type":"Polygon","coordinates":[[[89.5924506364909,26.472161053175068],[89.59228419045147,26.472786709681152],[89.59154551928826,26.47270988819833],[89.59155890317123,26.471965192739923],[89.58815299998592,26.471431434023913],[89.58807292209309,26.471437398691954],[89.58799328495753,26.471686993482482],[89.58804492287352,26.472425999425266],[89.58871702334602,26.473559816924606],[89.58927789988698,26.474203857899468],[89.58969224142166,26.47479641401176],[89.58900379025089,26.4753954440287],[89.58866659380111,26.475785067088307],[89.58873230275394,26.476704289346266],[89.59002503217583,26.478237415436833],[89.5907672503227,26.479365434607125],[89.59121901565041,26.480507748165554],[89.59114040427895,26.482368048694717],[89.59359159634377,26.482346072628864],[89.5939159344358,26.481830340478332],[89.59580717741643,26.481656080104326],[89.59606358666032,26.482134179064296],[89.59724425238772,26.48224353528038],[89.59729965319205,26.48292381027628],[89.59880474640704,26.48252192379396],[89.5980508862727,26.481326486961244],[89.59898950847673,26.481151479393823],[89.59888238473602,26.479732210287622],[89.59956070094975,26.479575475525888],[89.59879650540705,26.47368343098009],[89.59482461914841,26.472505928112138],[89.59478210068791,26.471951746544757],[89.5924506364909,26.472161053175068]]]}},{"type":"Feature","properties":{"Village_Name":"Chengpara","Village_Code":"307259","Block_Name":"Alipurduar - II","District":"Alipurduar","Vill_Cat":"rural","State_LGD":"19","Dist_LGD":"328N002","Subdis_LGD":"2174"},"geometry":{"type":"Polygon","coordinates":[[[89.5462058973359,26.480253271136725],[89.54525445533113,26.47734651627351],[89.54606789989728,26.47649278730138],[89.54767780207284,26.476518198171156],[89.54780764578494,26.47626772398769],[89.5488741408576,26.474840960496948],[89.54934414971703,26.475238637369376],[89.55029411995038,26.477166302024933],[89.55059044058244,26.47628118195773],[89.5505576960995,26.47479734547108],[89.55105436341027,26.474585431825016],[89.55233321619389,26.47505887671048],[89.55351668942107,26.47529939768758],[89.55435687890838,26.474751955932085],[89.55246257778052,26.47387895412388],[89.55029472987157,26.473331159521347],[89.54972497169985,26.47250212187211],[89.55112372116605,26.47068589412841],[89.5525788471419,26.469608601636075],[89.55362610849237,26.467997162594443],[89.55279561530725,26.467619481377778],[89.55216852478578,26.467599111442233],[89.55185276842293,26.465330749078834],[89.55098630027301,26.464457387165677],[89.55046579085496,26.462449857214025],[89.55058737305743,26.46114373819926],[89.5521784025203,26.46191391450525],[89.55240498840514,26.461959495373215],[89.55255020482052,26.461952387181423],[89.55266081039092,26.461512752575025],[89.54999857217459,26.46013004942116],[89.55050243145158,26.45911037701448],[89.5503963872118,26.458620471162153],[89.55028404004071,26.458072022661554],[89.54962192603116,26.45805226447551],[89.54818697832827,26.458447860453603],[89.54693770740263,26.458397960779507],[89.54565137285026,26.457802766380887],[89.54536694793707,26.456950569066723],[89.5457525192543,26.45624885617109],[89.54689073036384,26.455808948120193],[89.5472280241991,26.455419416865592],[89.54565388599437,26.454955688667965],[89.54507796212886,26.45406807816731],[89.54512583618536,26.452826441263177],[89.5452125041943,26.45152545714225],[89.5466879572527,26.45069602683301],[89.54782750138168,26.45031925761508],[89.54780561735991,26.450008323724497],[89.54738388912708,26.449293937501416],[89.54678739503497,26.448154031040318],[89.54745374137691,26.44631932311022],[89.54658408378369,26.446132503901673],[89.54648163905537,26.446240373949024],[89.54549291573338,26.445898090159798],[89.54499300730349,26.445725024175676],[89.54412841167418,26.445285521534103],[89.54405091433715,26.44524612616763],[89.54332408045937,26.445078773581535],[89.54168799493091,26.444727283849712],[89.5416600079865,26.4447212710748],[89.53984532502022,26.444562245015167],[89.53862715553466,26.444561522827275],[89.53832111673174,26.444886228371907],[89.5383803430743,26.446023544039125],[89.53835448207636,26.4461868177767],[89.53826455498698,26.44675455325532],[89.53916152978078,26.447224366584347],[89.54153727902884,26.44801104411398],[89.54233415794421,26.448363501432585],[89.54293421474898,26.448822835040644],[89.54396259415175,26.44961003021258],[89.54449802624879,26.450932596703765],[89.54432212166058,26.451677134009184],[89.54371507812431,26.452236420686088],[89.54300291400288,26.452578928244538],[89.54137842087067,26.452668219105387],[89.53815411555743,26.453460564104123],[89.53740211211401,26.453500729906445],[89.53718127627138,26.453784936788622],[89.53831369481586,26.45463399422022],[89.53982177558275,26.455903099955467],[89.54051341594244,26.456345690675754],[89.5416452972482,26.457966541624906],[89.54197549543011,26.45898658925531],[89.54206012238004,26.4597945256276],[89.54148293611924,26.460633554996548],[89.54000308063114,26.461584841119706],[89.53846022710862,26.46231633727973],[89.53852806379378,26.46236033080031],[89.53883412488955,26.46351445958489],[89.53989901918528,26.464068534628527],[89.539706898205,26.46445095644401],[89.53975079705646,26.46599326096437],[89.54016625233132,26.46664912405165],[89.53992445434714,26.46728058741984],[89.5400240671136,26.467707449334597],[89.54071302368405,26.468033583893263],[89.54059105688691,26.4684147584163],[89.54006019131904,26.469123557071484],[89.54037113014883,26.469357156396473],[89.5414000261413,26.4694110322147],[89.54253848109688,26.468975658782067],[89.54186416821229,26.470684157856574],[89.54124423303782,26.474182926210506],[89.54201748302556,26.474692540404003],[89.54212341377382,26.475177942444635],[89.54141782821902,26.475465737825942],[89.54059638805472,26.475272814434668],[89.53951292012388,26.476388500623028],[89.53908638234876,26.476599127764704],[89.53838648771611,26.47805991199946],[89.5413512164247,26.48041651904672],[89.54213230079831,26.481052323461622],[89.54207929822678,26.48228953780506],[89.54355123288978,26.48196551893058],[89.5450564520103,26.481559676758042],[89.54513483442945,26.480565654339316],[89.5462058973359,26.480253271136725]]]}},{"type":"Feature","properties":{"Village_Name":"Chandirjhar","Village_Code":"307267","Block_Name":"Alipurduar - II","District":"Alipurduar","Vill_Cat":"rural","State_LGD":"19","Dist_LGD":"328N002","Subdis_LGD":"2174"},"geometry":{"type":"Polygon","coordinates":[[[89.58176448229997,26.466417162778733],[89.58223494088199,26.463913596440392],[89.58091367190185,26.462886227506814],[89.57933019309377,26.462238067552356],[89.57905401295343,26.462441578744052],[89.57895405138754,26.463129188099433],[89.57801563060345,26.463308565174607],[89.5762479887772,26.463169025696565],[89.57494081546666,26.462321818528526],[89.57452334807513,26.46068251382138],[89.57506027201273,26.460032144290906],[89.57591568955888,26.45972795289816],[89.57634991340583,26.45964341530801],[89.57550648663693,26.459135255539767],[89.57309401105815,26.45817260688143],[89.57182238872855,26.45689158468097],[89.57194424107016,26.456510391701087],[89.57272608903699,26.456279735750243],[89.57401030116485,26.456324267998134],[89.57439375203482,26.45463442401959],[89.57473391612774,26.45325216748298],[89.5741250372955,26.452920242694926],[89.57355793927967,26.452213076042884],[89.57379811929528,26.451518429155506],[89.57425985549352,26.450869419004814],[89.57470176907471,26.450906570658507],[89.57488539806961,26.449472993643724],[89.57559433824592,26.449121818709802],[89.57614805716929,26.448777952277545],[89.57592946643076,26.447739651316127],[89.57523142816757,26.447228861769034],[89.57427267815997,26.447164933023725],[89.57308905487199,26.446004149609212],[89.57295737840799,26.44526657267761],[89.5712819996362,26.445432101923902],[89.57035323119366,26.44468630957571],[89.56952217988984,26.443374766639742],[89.56952800701491,26.442508378109768],[89.57004945964292,26.44161466558318],[89.56936690837993,26.441347207183735],[89.56825185876664,26.442594497140732],[89.56606959588494,26.442728469209403],[89.56422582248119,26.44253147461959],[89.56321441608756,26.44370918857268],[89.56101471192996,26.44464200631609],[89.55948812118882,26.444737050851565],[89.55815624868839,26.44457141132751],[89.55670422321164,26.44373112272033],[89.55542748107554,26.444245770737133],[89.55438126108278,26.444986393737974],[89.55346808862741,26.444488363538692],[89.55279021054984,26.443295795687217],[89.55190470886198,26.442233267986065],[89.55017155455256,26.441596455147415],[89.54906507716808,26.441422192198736],[89.54840021433273,26.441241747552965],[89.54873021414402,26.442220644807747],[89.5492708880667,26.443443927755215],[89.54946079254503,26.444278856144688],[89.54932506759911,26.444793293902574],[89.5485026984804,26.445135807077897],[89.5476253422859,26.445230147750966],[89.5470086187488,26.445315504083325],[89.54686285650386,26.44583896279686],[89.54658408378369,26.446132503901673],[89.54745374137691,26.44631932311022],[89.54678739503497,26.448154031040318],[89.54738388912708,26.449293937501416],[89.54780561735991,26.450008323724497],[89.54782750138168,26.45031925761508],[89.5466879572527,26.45069602683301],[89.5452125041943,26.45152545714225],[89.54512583618536,26.452826441263177],[89.55047351448287,26.45188729525906],[89.55282754474916,26.451123323225605],[89.55333996512054,26.45208422603458],[89.55470596224626,26.451748472197046],[89.55601158201785,26.45253725357848],[89.55720425458105,26.451843624622114],[89.55900723812032,26.45154963429005],[89.56084975653985,26.451683544869052],[89.56227368156588,26.452154311327078],[89.5636665829516,26.45212931097861],[89.56490936947144,26.45211601768864],[89.56502187608484,26.452668960735473],[89.56438653626962,26.45295108565617],[89.5636557072264,26.452995791854313],[89.56319250260917,26.453581631067472],[89.56344509796664,26.454123036760492],[89.56441987825079,26.455359841165713],[89.56548339904545,26.455850580826297],[89.56651414181206,26.456896864192316],[89.56673768332982,26.4579350925412],[89.56630412617847,26.45895355061197],[89.56575084605115,26.458868744598917],[89.56413294257894,26.45779239602011],[89.56356131308127,26.45801020856501],[89.56330063024751,26.458461567092762],[89.56387401385268,26.4592273176411],[89.56457989496934,26.459864353368694],[89.56491314659281,26.461329244176966],[89.56466788568937,26.46202397075517],[89.56428742814455,26.462725636553163],[89.56395798704136,26.463241398207597],[89.56422193304158,26.463841251829702],[89.56506535262857,26.464349478141116],[89.56523230613983,26.464644263474312],[89.56483281057682,26.465165798067826],[89.56407997196492,26.464899584702675],[89.56320114978958,26.464829641574337],[89.56323710206505,26.465320792581384],[89.56335147188324,26.466861807398576],[89.5635607913604,26.467710796374313],[89.56363911331827,26.468756149802566],[89.56333519852718,26.469519606180704],[89.56285735041462,26.47103064785114],[89.56458232147037,26.471049293743977],[89.5677669495655,26.47245839774381],[89.56832089994317,26.472119062288805],[89.5689535239517,26.471710631223793],[89.57215761460272,26.471513054501102],[89.57409451175415,26.470467476031825],[89.57664920852062,26.47037626012655],[89.57846504286145,26.470199087778475],[89.58028880053986,26.470152593438332],[89.57998463863957,26.46708100349363],[89.58176448229997,26.466417162778733]]]}},{"type":"Feature","properties":{"Village_Name":"Paschim Barachouki","Village_Code":"307269","Block_Name":"Alipurduar - II","District":"Alipurduar","Vill_Cat":"rural","State_LGD":"19","Dist_LGD":"328N002","Subdis_LGD":"2174"},"geometry":{"type":"Polygon","coordinates":[[[89.57905401295343,26.462441578744052],[89.57933019309377,26.462238067552356],[89.58091367190185,26.462886227506814],[89.58184986733755,26.46260761046232],[89.5826223896289,26.46218305842288],[89.5831869684507,26.46097720112002],[89.5837062587646,26.459090872417136],[89.58381331102251,26.45760002254868],[89.58382685311278,26.456859832843524],[89.58468019407323,26.455567532194546],[89.5857122368729,26.454646475774375],[89.58672051623543,26.454456762527524],[89.58637991470626,26.45379517879807],[89.58594378895981,26.452896195112537],[89.58635492093812,26.45200442583271],[89.58650581418355,26.45113090489377],[89.58684081273296,26.449748721287136],[89.58720645358208,26.446822928004863],[89.58739634712961,26.445452395716444],[89.58807963275726,26.44485347425855],[89.59009980797572,26.444419809699397],[89.59178296263163,26.44438025289961],[89.59266936705755,26.44457170890931],[89.5937188229223,26.44488201897245],[89.59468519069235,26.445062987283258],[89.59527085563448,26.44502978611639],[89.59577293297485,26.44395135697773],[89.59601296427924,26.443256682659882],[89.59568793260205,26.44284298911306],[89.59555480459069,26.44204681299933],[89.59528433609236,26.441383975941722],[89.59477884663391,26.441415718731605],[89.59481281494445,26.44091879867368],[89.5953028220474,26.440643698131296],[89.59533668609285,26.44014226897458],[89.59487159572008,26.439740140540305],[89.59372733023427,26.440117359117245],[89.59260515619263,26.44080999585182],[89.59135467921823,26.44069733233658],[89.59094547787295,26.44010467927895],[89.59095049326389,26.438313384175608],[89.5916225006878,26.43654157233661],[89.59082176411951,26.436592191220956],[89.58966335692195,26.43678464663187],[89.58797768850961,26.43670691042986],[89.58793084892845,26.437077730709817],[89.58721429142547,26.437307280268296],[89.58672725757927,26.436594202066477],[89.58609382229103,26.436506409980446],[89.58549713874609,26.435371196779847],[89.58439972950691,26.43537751879082],[89.58422625835568,26.43501519528635],[89.58371437256292,26.434983847000805],[89.58340296442955,26.433829928938234],[89.58319279719537,26.432047028214892],[89.58268233237636,26.432078816361997],[89.58237663371355,26.431854236756593],[89.58250766630456,26.43166237004044],[89.58347843377706,26.430922920178997],[89.58302176962675,26.42977162583018],[89.58215532803766,26.429570716655043],[89.58264028213969,26.4290054894596],[89.58164639921941,26.42849291230391],[89.58035842180222,26.427774965888798],[89.57863446803785,26.426953071362167],[89.57746188850798,26.426325418469947],[89.5756927749518,26.42560726142278],[89.57405397783673,26.425186956003223],[89.57320196072527,26.425046730473703],[89.57273571146622,26.425096184488307],[89.57108950502857,26.425742868843226],[89.57091089510129,26.425813030760615],[89.56832870787652,26.427418599240223],[89.5676618762726,26.42781093657001],[89.56684982812422,26.427824173270984],[89.5657922167755,26.42788693445495],[89.56538607155294,26.428216196809835],[89.56421776989184,26.427941906901374],[89.56404389042207,26.42797931861274],[89.56150859524092,26.428453422530023],[89.5622665510911,26.429188811360813],[89.56284106307484,26.43001321257141],[89.56353273462419,26.430470042568512],[89.56441760135823,26.430598544650685],[89.56512830611582,26.43123550222748],[89.56588266692228,26.43248529118655],[89.56656795592104,26.432879053862887],[89.56722407092111,26.433765133743453],[89.5674584134473,26.433936887129217],[89.56788243195342,26.43384805198887],[89.56831646813608,26.433759035473017],[89.56880511692223,26.433420881814122],[89.56912675218355,26.43278343244667],[89.56934837390745,26.432833589421563],[89.56969501938008,26.43354925894464],[89.56937979646563,26.434249760631847],[89.57006230351884,26.434517221952294],[89.57079431272504,26.434531122605158],[89.57188541291099,26.434466365554357],[89.57215713461979,26.435192400645228],[89.57273184694274,26.436021262911915],[89.57305537575681,26.436371875590446],[89.57290438860888,26.437245389729785],[89.57187899163868,26.43823842354109],[89.57112831777158,26.438964815698604],[89.57031129568205,26.440315040478264],[89.56936690837993,26.441347207183735],[89.57004945964292,26.44161466558318],[89.56952800701491,26.442508378109768],[89.56952217988984,26.443374766639742],[89.57035323119366,26.44468630957571],[89.5712819996362,26.445432101923902],[89.57295737840799,26.44526657267761],[89.57308905487199,26.446004149609212],[89.57427267815997,26.447164933023725],[89.57523142816757,26.447228861769034],[89.57592946643076,26.447739651316127],[89.57614805716929,26.448777952277545],[89.57559433824592,26.449121818709802],[89.57488539806961,26.449472993643724],[89.57470176907471,26.450906570658507],[89.57425985549352,26.450869419004814],[89.57379811929528,26.451518429155506],[89.57355793927967,26.452213076042884],[89.5741250372955,26.452920242694926],[89.57473391612774,26.45325216748298],[89.57439375203482,26.45463442401959],[89.57401030116485,26.456324267998134],[89.57272608903699,26.456279735750243],[89.57194424107016,26.456510391701087],[89.57182238872855,26.45689158468097],[89.57309401105815,26.45817260688143],[89.57550648663693,26.459135255539767],[89.57634991340583,26.45964341530801],[89.57591568955888,26.45972795289816],[89.57506027201273,26.460032144290906],[89.57452334807513,26.46068251382138],[89.57494081546666,26.462321818528526],[89.5762479887772,26.463169025696565],[89.57801563060345,26.463308565174607],[89.57895405138754,26.463129188099433],[89.57905401295343,26.462441578744052]]]}},{"type":"Feature","properties":{"Village_Name":"Purba Barachouki","Village_Code":"307270","Block_Name":"Alipurduar - II","District":"Alipurduar","Vill_Cat":"rural","State_LGD":"19","Dist_LGD":"328N002","Subdis_LGD":"2174"},"geometry":{"type":"Polygon","coordinates":[[[89.58793084892845,26.437077730709817],[89.58797768850961,26.43670691042986],[89.58966335692195,26.43678464663187],[89.59082176411951,26.436592191220956],[89.5916225006878,26.43654157233661],[89.59226169922913,26.43576747176938],[89.59484444468933,26.435174648820762],[89.59895021555634,26.435230857302123],[89.59860748607169,26.43358124816594],[89.59805660250962,26.431141338832376],[89.59759074105934,26.42980979329145],[89.59827176415493,26.428222778351973],[89.59951795612082,26.428150481527727],[89.60026049299704,26.42841219156306],[89.60189528992889,26.428684724620776],[89.60298968356415,26.428547484142314],[89.60255526867479,26.42772522016848],[89.60120379415818,26.425340510579392],[89.60013046058631,26.42373578336387],[89.60027348939622,26.422740576661138],[89.60100327432144,26.421766274725275],[89.60174089182038,26.420918158126018],[89.60152215069309,26.41987990531375],[89.60262842459237,26.41425155118903],[89.60101801764809,26.414163556916797],[89.6011014886822,26.41341758419253],[89.60008575242142,26.41348118302416],[89.59885009036657,26.41323560099724],[89.59734880431006,26.41516594581581],[89.59632098658005,26.416641405489553],[89.59363866635252,26.419935211780924],[89.5922047557896,26.421329403330017],[89.59082601441244,26.42261971096721],[89.5901440418299,26.42354473226627],[89.58899092079942,26.424568885574942],[89.58771249637427,26.42559295396333],[89.58639732394377,26.426942392394352],[89.58510503344868,26.42826831282521],[89.58401181345869,26.429838546854228],[89.58324000034729,26.429314777930564],[89.58264028213969,26.4290054894596],[89.58215532803766,26.429570716655043],[89.58302176962675,26.42977162583018],[89.58347843377706,26.430922920178997],[89.58250766630456,26.43166237004044],[89.58237663371355,26.431854236756593],[89.58268233237636,26.432078816361997],[89.58319279719537,26.432047028214892],[89.58340296442955,26.433829928938234],[89.58371437256292,26.434983847000805],[89.58422625835568,26.43501519528635],[89.58439972950691,26.43537751879082],[89.58549713874609,26.435371196779847],[89.58609382229103,26.436506409980446],[89.58672725757927,26.436594202066477],[89.58721429142547,26.437307280268296],[89.58793084892845,26.437077730709817]]]}},{"type":"Feature","properties":{"Village_Name":"Karjeepara","Village_Code":"307273","Block_Name":"Alipurduar - II","District":"Alipurduar","Vill_Cat":"rural","State_LGD":"19","Dist_LGD":"328N002","Subdis_LGD":"2174"},"geometry":{"type":"Polygon","coordinates":[[[89.6062009285513,26.445868469982685],[89.60177390042492,26.444469309327083],[89.60042866671056,26.445048764216185],[89.59922982311626,26.445675172198396],[89.59825485961615,26.44734424234068],[89.59716235628468,26.44735057934996],[89.59700087016829,26.446184951479353],[89.59848134526078,26.444484133292672],[89.59796096146258,26.443406247913487],[89.59811044497393,26.442474091783193],[89.59684077099975,26.44217684125194],[89.59601296427924,26.443256682659882],[89.59577293297485,26.44395135697773],[89.59527085563448,26.44502978611639],[89.59468519069235,26.445062987283258],[89.5937188229223,26.44488201897245],[89.59266936705755,26.44457170890931],[89.59178296263163,26.44438025289961],[89.59009980797572,26.444419809699397],[89.58807963275726,26.44485347425855],[89.58739634712961,26.445452395716444],[89.58720645358208,26.446822928004863],[89.58684081273296,26.449748721287136],[89.58650581418355,26.45113090489377],[89.58635492093812,26.45200442583271],[89.58594378895981,26.452896195112537],[89.58637991470626,26.45379517879807],[89.58672051623543,26.454456762527524],[89.58868975984394,26.455323443747847],[89.59031284098144,26.456399409143877],[89.59053158240452,26.457437676276022],[89.59104500526715,26.459323332596124],[89.59207599591466,26.4603694115742],[89.59299728574749,26.46099336185321],[89.59301998097298,26.462229192595082],[89.59649966661283,26.462265204990356],[89.60028270992836,26.461970757112095],[89.60063617528826,26.462753886326926],[89.60138111317283,26.462889203402348],[89.60196261174704,26.463780968297982],[89.60329615534427,26.464009316173623],[89.6034110525684,26.46555026034747],[89.60522826486373,26.465440405242948],[89.60516754289715,26.46741768424549],[89.6067928846562,26.46769030008296],[89.60807624480572,26.467247259409973],[89.60830204211236,26.46636784385531],[89.6094587541225,26.468088255894358],[89.61058484924268,26.468451167044922],[89.611137214149,26.468048536661836],[89.60921193109205,26.465814310930366],[89.61024098634711,26.465876709201467],[89.61008493870936,26.463849254461937],[89.60859842254091,26.46350645962441],[89.60850551108572,26.462276435907413],[89.60954908218294,26.4620949383516],[89.61038981377797,26.462476605549767],[89.61034069050271,26.461854875820325],[89.61107939676036,26.46193611426672],[89.61073505074312,26.46133783188871],[89.60994610946038,26.460585251796598],[89.60977446464634,26.458309930569918],[89.61138263567844,26.45827150154995],[89.61098563348656,26.459781191140923],[89.61231771358351,26.45994631746844],[89.61232140535478,26.460997497674782],[89.61268819951309,26.461035903295553],[89.61306322197798,26.459219811621594],[89.61431881290441,26.459327666226635],[89.61485778201244,26.45966520381327],[89.61481289216835,26.458122994173426],[89.61263737600889,26.457454470431006],[89.61261531638657,26.457143559628097],[89.61311177682605,26.45693144325196],[89.61313647604676,26.45624971091737],[89.6125508684581,26.456287498117902],[89.61225953053535,26.455372422635588],[89.6112448662788,26.455499266158228],[89.61099715106347,26.456072282828284],[89.6091791857355,26.455252785376203],[89.60983361305686,26.455155101540807],[89.60997145829094,26.45415547358487],[89.60869397791454,26.453741173279308],[89.60887443793776,26.452185815700492],[89.61163459856884,26.451891723429096],[89.61313373903252,26.452356081859097],[89.61340159785614,26.45400700901704],[89.61422306875394,26.45420402482531],[89.61711787516806,26.454764598550014],[89.61734747481226,26.453835473631546],[89.61676494970993,26.45201436536184],[89.615235119653,26.450192557454987],[89.61347316922028,26.449187101911903],[89.61131478829988,26.44771513281216],[89.61009965961149,26.44717337126862],[89.6062009285513,26.445868469982685]]]}},{"type":"Feature","properties":{"Village_Name":"Chilurghat","Village_Code":"307294","Block_Name":"Alipurduar - II","District":"Alipurduar","Vill_Cat":"rural","State_LGD":"19","Dist_LGD":"328N002","Subdis_LGD":"2174"},"geometry":{"type":"Polygon","coordinates":[[[89.6201103803442,26.44060137204192],[89.61685566704199,26.441175382601628],[89.61702367452276,26.44239951190643],[89.61507095372204,26.442705985316277],[89.6155496441555,26.44415001808344],[89.61751755999911,26.444957669837382],[89.61800701455778,26.44665415482985],[89.61905169506409,26.450736211758038],[89.62322023597609,26.450664207990297],[89.6285651011722,26.45030423906938],[89.62807142057025,26.449532791045257],[89.62627015652595,26.449890777054243],[89.62505985298067,26.449344547628616],[89.62450433521168,26.447834290755342],[89.62495164736418,26.44700492707393],[89.6260532070618,26.44607329748323],[89.62718714340619,26.444581606440586],[89.62764864231288,26.44393695708582],[89.62850521030865,26.443695607360823],[89.62966252391037,26.44257343270453],[89.63063545354055,26.442821710070845],[89.63199982137641,26.442431121860388],[89.63266717891686,26.441584147346678],[89.63289885911915,26.44031207233723],[89.62927395302768,26.438926056176527],[89.62615929745334,26.43837877596795],[89.62506597448052,26.437460422396295],[89.62292790559665,26.43820804650531],[89.6238423026373,26.43963502264023],[89.62369722744164,26.439646711657677],[89.62302183662732,26.44036295347662],[89.6201103803442,26.44060137204192]]]}},{"type":"Feature","properties":{"Village_Name":"Uttar Bhatibari","Village_Code":"307293","Block_Name":"Alipurduar - II","District":"Alipurduar","Vill_Cat":"rural","State_LGD":"19","Dist_LGD":"328N002","Subdis_LGD":"2174"},"geometry":{"type":"Polygon","coordinates":[[[89.61013322055618,26.438437899200995],[89.61063712634376,26.44211483705124],[89.61072277647898,26.442356909072434],[89.61022504857301,26.44251038377133],[89.61031570764922,26.442752364479333],[89.61047508197714,26.442929924413363],[89.61084540298776,26.44290510767007],[89.61120580668553,26.442884984452576],[89.6112135637137,26.44300666123251],[89.61118742401578,26.443625256467048],[89.6102331775305,26.44553765708813],[89.61011906507892,26.446478198530958],[89.61009965961149,26.44717337126862],[89.61131478829988,26.44771513281216],[89.61347316922028,26.449187101911903],[89.615235119653,26.450192557454987],[89.61676494970993,26.45201436536184],[89.61734747481226,26.453835473631546],[89.61711787516806,26.454764598550014],[89.61660186540014,26.455662877510786],[89.61596271586457,26.456879236838475],[89.61604783031405,26.457983064781697],[89.61615511867963,26.459402310764187],[89.61846131189937,26.461855045751904],[89.62086975795569,26.464612660485123],[89.62308401711691,26.46676019545252],[89.6242850328684,26.469097772036715],[89.62506466874682,26.471641602704125],[89.62540793283395,26.473291104425186],[89.6290570202978,26.47304796905563],[89.63003908850604,26.474347304006777],[89.63233208615175,26.47377264118653],[89.633608839645,26.47326181807906],[89.63562927188984,26.47282748534316],[89.63552573295276,26.472463947695292],[89.63485289306698,26.472196643285084],[89.6339340809832,26.471694753083366],[89.63355055989481,26.470483660445613],[89.63416910013892,26.46902848887286],[89.63404979520016,26.468412582008394],[89.63268145928144,26.467761066747162],[89.63189614308206,26.466074620562498],[89.63084165974514,26.463793066918054],[89.62933596881587,26.463270374970826],[89.62852594876706,26.462698764426825],[89.62706200707528,26.459820138900916],[89.62634326571437,26.457085699321855],[89.62591618384997,26.45439100661255],[89.62623253006558,26.453753541035073],[89.62805505063163,26.454108019748897],[89.62831199997805,26.45173912670068],[89.6285651011722,26.45030423906938],[89.62322023597609,26.450664207990297],[89.61905169506409,26.450736211758038],[89.61800701455778,26.44665415482985],[89.61751755999911,26.444957669837382],[89.6155496441555,26.44415001808344],[89.61507095372204,26.442705985316277],[89.61493912075612,26.441972976223585],[89.61464885833877,26.441991825400976],[89.61452979908205,26.441380400627896],[89.61357611013389,26.441316642087955],[89.61354904503399,26.441005822902177],[89.61331973699359,26.44083856973186],[89.61305049616985,26.440234402624775],[89.61239984249646,26.44027337511003],[89.61244159443011,26.43990264334058],[89.61279412828699,26.439756329802876],[89.61276441922244,26.439328251901895],[89.6146703386769,26.439392636177676],[89.61511078212169,26.439366526754977],[89.61421078650224,26.43812872046393],[89.61013322055618,26.438437899200995]]]}},{"type":"Feature","properties":{"Village_Name":"Kumarijan","Village_Code":"307295","Block_Name":"Alipurduar - II","District":"Alipurduar","Vill_Cat":"rural","State_LGD":"19","Dist_LGD":"328N002","Subdis_LGD":"2174"},"geometry":{"type":"Polygon","coordinates":[[[89.63102396218942,26.45373752093003],[89.63150470751727,26.453277486661225],[89.63289253464623,26.45325190270985],[89.63284841383299,26.45263460631299],[89.63601558915899,26.45194904000307],[89.6358330249374,26.45053572139311],[89.63634220262122,26.450445110384525],[89.63641121632484,26.44951441736301],[89.63622199431052,26.448908824164327],[89.63661966147154,26.4483239790802],[89.63686088624101,26.447692392416787],[89.63684418792535,26.44651964683102],[89.63801542090931,26.446010748498146],[89.63850920070969,26.44480601455246],[89.63925955571345,26.444083806825283],[89.64034911596238,26.443950875067383],[89.64059676222901,26.44338232919994],[89.6410724174252,26.442922359669545],[89.64074723514503,26.442508781076178],[89.64081968074723,26.441510347004023],[89.6410933013569,26.440323212051535],[89.63930636479935,26.44086155770844],[89.6394619587638,26.439992427723986],[89.63887634901897,26.44002580604832],[89.63791766313736,26.43996230290542],[89.63804716738592,26.439707253125203],[89.63836197134944,26.439006630028228],[89.63930537513129,26.437960523974812],[89.63856681742858,26.437879421783716],[89.63772588509633,26.43836417436156],[89.6369109494208,26.438230332689493],[89.63658446166104,26.43775811412302],[89.63654811578323,26.437262491526102],[89.63729209540125,26.436481760315093],[89.63862912886309,26.435775796284545],[89.6384972625832,26.435047328251848],[89.63981339686221,26.434964361533392],[89.63949112214351,26.434677052553752],[89.63887419612124,26.43421471604474],[89.63957002883781,26.433741663037402],[89.6393963936237,26.43337942008399],[89.63909981556345,26.433339780872046],[89.63847133908912,26.433689771011238],[89.63795435038278,26.433654201157868],[89.63773178621702,26.432683771645703],[89.63656574923105,26.432754925100866],[89.63558501342558,26.432380499089973],[89.63531291327058,26.431654613349657],[89.63586891945651,26.430322411820146],[89.63704010257369,26.42981804195952],[89.63647810331396,26.42824478789726],[89.63725672853118,26.427887524548392],[89.6373915517601,26.426766121342123],[89.63782692740419,26.42674003697889],[89.63779447979545,26.427295582335507],[89.63836047523212,26.427943847500238],[89.64060307559244,26.427618179907228],[89.64046466014797,26.426822158601052],[89.63986855749621,26.426612096955097],[89.64021611935215,26.422513518629973],[89.64020453275597,26.422432323337006],[89.63971986691537,26.41903573305772],[89.63753461417926,26.418778663848073],[89.63760454546326,26.41640039790247],[89.63669239911158,26.41640044437516],[89.63708343691424,26.417316516684803],[89.63706844370984,26.417930302649044],[89.63444715693822,26.41782217693128],[89.63282322242841,26.41773199780018],[89.63220170781774,26.41757407423945],[89.63028705983858,26.416685131059936],[89.62908419670865,26.41629254037789],[89.62857802752261,26.416319626947633],[89.62812690288686,26.417677937289223],[89.62765084911915,26.418251114687415],[89.62708441785796,26.418657301279627],[89.62689401590845,26.418891984356502],[89.62689400981976,26.420173601517916],[89.62427267107802,26.419848725930684],[89.62386670701649,26.41920783647783],[89.62340056617991,26.418214956785587],[89.62306486645244,26.417574127511745],[89.62325523634247,26.41724921351394],[89.6234307178029,26.417028072598086],[89.6232001825275,26.416698702046748],[89.62279419813345,26.416436889346052],[89.62280984949855,26.416403821191857],[89.6230398033945,26.41591794758308],[89.62360114410586,26.414622777160975],[89.62393701324656,26.41336819915444],[89.62445822907411,26.413174097925104],[89.6248191140309,26.41276799749465],[89.62554659840248,26.412100536956235],[89.62561596768455,26.412036890165872],[89.62662832119538,26.41143663228773],[89.62713957404452,26.411174937531005],[89.62734001740922,26.410795783282996],[89.62735507378102,26.410195619766064],[89.627545436734,26.40925691765708],[89.62780362536647,26.408354614970847],[89.62788118848697,26.408083547680317],[89.62743015094001,26.407415701782632],[89.62622744023366,26.407126847929465],[89.62612719891703,26.40638216907506],[89.62621231765856,26.405583461890462],[89.62588161266315,26.404396528726796],[89.62579135905139,26.403561609681095],[89.62538553374084,26.40264549873401],[89.62470399734593,26.402279922816554],[89.62383700506541,26.401472161965625],[89.62337092478357,26.400898962646888],[89.62370669549091,26.400650789626166],[89.62400741528762,26.40069138168829],[89.62421286638128,26.40101634075104],[89.62437323413114,26.401354849668955],[89.62478917530963,26.401368330261455],[89.62499461331846,26.400962197075696],[89.62471905644506,26.400258181629987],[89.62471898437596,26.39985654307439],[89.62416775422635,26.39978887648821],[89.62344118338446,26.400222076796048],[89.6230251898431,26.40007766105804],[89.62249899259713,26.39972564722094],[89.62145670170128,26.39996024267283],[89.6206148311172,26.399996338831404],[89.61973281944664,26.399878951888418],[89.6196325779804,26.399775122086442],[89.61977793614919,26.399174914431647],[89.62031423526022,26.39822275222973],[89.62074526013232,26.397383327600743],[89.62036943445553,26.39691403889684],[89.61980320478654,26.39662518997813],[89.61942734193141,26.396313721818455],[89.61918180121991,26.39563233445383],[89.61907980875856,26.395541805245458],[89.61884612769197,26.39533438564228],[89.61812454608986,26.39569988037255],[89.61807309188006,26.395732314014747],[89.61755057060533,26.396061680666577],[89.616921754193,26.396458044114638],[89.6154284078999,26.39761774004041],[89.61391985751746,26.398948878919324],[89.61327986683166,26.399551732889435],[89.6139679219009,26.400712211520894],[89.61408109279971,26.402176484129164],[89.61458721413052,26.40306959301485],[89.61542250433176,26.403451355651647],[89.61720484625674,26.403838339504382],[89.61762547260068,26.404493875247006],[89.61798802408413,26.40546178728923],[89.61804563784207,26.40712558962496],[89.61862193112223,26.408017396103638],[89.61927958918538,26.408961850271908],[89.61955796137198,26.40975082701751],[89.61904847201355,26.410707641082013],[89.61776323990523,26.41214788964326],[89.6176214544507,26.413634869830656],[89.61815056932559,26.415763774195824],[89.61917184898957,26.41860554412015],[89.61939160861523,26.4205686602577],[89.61848854589451,26.421185279317005],[89.61759956667379,26.42198210587541],[89.61698791910229,26.422633984404843],[89.61781798727483,26.423886597001506],[89.61900177953025,26.425046995977898],[89.61839241539556,26.42668692239202],[89.6190451826601,26.427631459677613],[89.620403867549,26.42810284612936],[89.62199106438439,26.42782106794417],[89.62331633942394,26.427923072241203],[89.62407914615879,26.42929869461354],[89.62463996929233,26.42994260248922],[89.62639432365857,26.429959993475652],[89.62762354135616,26.430686346769253],[89.6283708729029,26.431818590107948],[89.62906735468887,26.434242131375928],[89.62951947512366,26.435393334466568],[89.63087962044928,26.43592323928058],[89.63107129665958,26.437521385015952],[89.63166709026001,26.438597744332714],[89.63289885911915,26.44031207233723],[89.63266717891686,26.441584147346678],[89.63199982137641,26.442431121860388],[89.63063545354055,26.442821710070845],[89.62966252391037,26.44257343270453],[89.62850521030865,26.443695607360823],[89.62764864231288,26.44393695708582],[89.62718714340619,26.444581606440586],[89.6260532070618,26.44607329748323],[89.62495164736418,26.44700492707393],[89.62450433521168,26.447834290755342],[89.62505985298067,26.449344547628616],[89.62627015652595,26.449890777054243],[89.62807142057025,26.449532791045257],[89.6285651011722,26.45030423906938],[89.62831199997805,26.45173912670068],[89.62805505063163,26.454108019748897],[89.63002991226192,26.454107751407847],[89.62994708257655,26.453991971716704],[89.63102396218942,26.45373752093003]]]}},{"type":"Feature","properties":{"Village_Name":"Thanupara","Village_Code":"307300","Block_Name":"Alipurduar - II","District":"Alipurduar","Vill_Cat":"rural","State_LGD":"19","Dist_LGD":"328N002","Subdis_LGD":"2174"},"geometry":{"type":"Polygon","coordinates":[[[89.64174076655097,26.453977285091025],[89.64164108139111,26.454660400414507],[89.64067304313961,26.454412114942308],[89.64043076925051,26.454118821040264],[89.64085729013448,26.45304165157665],[89.64054487595449,26.452749655485245],[89.63927482778058,26.45332356767931],[89.63861410064123,26.453362849711336],[89.63796880351165,26.45254010144432],[89.63766959783791,26.451507928142803],[89.6373547234267,26.450227897534116],[89.63724198199479,26.449679546817688],[89.63641121632484,26.44951441736301],[89.63634220262122,26.450445110384525],[89.6358330249374,26.45053572139311],[89.63601558915899,26.45194904000307],[89.63284841383299,26.45263460631299],[89.63289253464623,26.45325190270985],[89.63150470751727,26.453277486661225],[89.63102396218942,26.45373752093003],[89.62994708257655,26.453991971716704],[89.63002991226192,26.454107751407847],[89.62805505063163,26.454108019748897],[89.62623253006558,26.453753541035073],[89.62591618384997,26.45439100661255],[89.62634326571437,26.457085699321855],[89.62706200707528,26.459820138900916],[89.62852594876706,26.462698764426825],[89.62933596881587,26.463270374970826],[89.63084165974514,26.463793066918054],[89.63189614308206,26.466074620562498],[89.63268145928144,26.467761066747162],[89.63404979520016,26.468412582008394],[89.63416910013892,26.46902848887286],[89.63355055989481,26.470483660445613],[89.6339340809832,26.471694753083366],[89.63485289306698,26.472196643285084],[89.63552573295276,26.472463947695292],[89.63562927188984,26.47282748534316],[89.63636260044761,26.474208066534228],[89.63628991657403,26.475197478668882],[89.63604363441952,26.475829159085535],[89.63632866874157,26.47667661132968],[89.63682263664701,26.4774525259097],[89.63662552968454,26.478701405712226],[89.63720092478066,26.47952995440805],[89.63735365756375,26.480510688023752],[89.63857993333292,26.481300127170137],[89.63937948986606,26.481186080865264],[89.63997202447487,26.48034947345263],[89.64258505402134,26.479078427760534],[89.64395102497346,26.478741816068137],[89.64362183237493,26.4772816076905],[89.64224152338662,26.477428988741046],[89.64180079527668,26.475474550441252],[89.6416467984823,26.474439705272527],[89.64273808086601,26.474369871981136],[89.64419987078723,26.474279629910114],[89.64423217760833,26.473719578115723],[89.64249812827119,26.473083962498205],[89.64144697170373,26.472715413957463],[89.64167143439329,26.470911082406143],[89.64299085548808,26.4709543304221],[89.64399255221316,26.47157192905558],[89.64460036702674,26.471844905485565],[89.6454778012982,26.471851202246494],[89.64565531594256,26.471283946648168],[89.64512256280456,26.47100507220016],[89.64408711469513,26.470884396117224],[89.64378645209037,26.4697936180145],[89.64338745684755,26.469444581880566],[89.64358568348806,26.469125090085754],[89.64567080307093,26.46955116147302],[89.6462798357123,26.467906629897186],[89.64331371544935,26.465561355107393],[89.64205264305778,26.464339466213648],[89.64254251347448,26.464059695113654],[89.64364804848533,26.464179088740934],[89.6446574021897,26.46294222727114],[89.64664552982323,26.462201552573728],[89.64700443047333,26.46211368682593],[89.64711332804309,26.46161537855754],[89.64799078680082,26.461626175886167],[89.64814756613782,26.460811159214874],[89.65000448912042,26.46112861440069],[89.64995132767933,26.45946478002688],[89.64864506413937,26.458676911924957],[89.6486850114384,26.45626240341859],[89.64819797175468,26.457101594325806],[89.64751629872133,26.457759412179705],[89.6465574653847,26.457695978271794],[89.6459469400789,26.45730123945562],[89.64601443010812,26.456307410031506],[89.64663910094215,26.454910733677266],[89.64640450398628,26.454734613179088],[89.64565289605483,26.455402742009433],[89.64499727514787,26.45544647140356],[89.644713585232,26.45465766285315],[89.64457756744328,26.452873539037853],[89.64309623859923,26.45253551711801],[89.64233449954827,26.45319930428769],[89.64174076655097,26.453977285091025]]]}},{"type":"Feature","properties":{"Village_Name":"Paschim Khalishamari","Village_Code":"307301","Block_Name":"Alipurduar - II","District":"Alipurduar","Vill_Cat":"rural","State_LGD":"19","Dist_LGD":"328N002","Subdis_LGD":"2174"},"geometry":{"type":"Polygon","coordinates":[[[89.6486850114384,26.45626240341859],[89.64864506413937,26.458676911924957],[89.64995132767933,26.45946478002688],[89.65000448912042,26.46112861440069],[89.64814756613782,26.460811159214874],[89.64799078680082,26.461626175886167],[89.64711332804309,26.46161537855754],[89.64700443047333,26.46211368682593],[89.64664552982323,26.462201552573728],[89.6446574021897,26.46294222727114],[89.64364804848533,26.464179088740934],[89.64254251347448,26.464059695113654],[89.64205264305778,26.464339466213648],[89.64331371544935,26.465561355107393],[89.6462798357123,26.467906629897186],[89.64567080307093,26.46955116147302],[89.64358568348806,26.469125090085754],[89.64338745684755,26.469444581880566],[89.64378645209037,26.4697936180145],[89.64408711469513,26.470884396117224],[89.64512256280456,26.47100507220016],[89.64565531594256,26.471283946648168],[89.6454778012982,26.471851202246494],[89.64460036702674,26.471844905485565],[89.64399255221316,26.47157192905558],[89.64299085548808,26.4709543304221],[89.64167143439329,26.470911082406143],[89.64144697170373,26.472715413957463],[89.64249812827119,26.473083962498205],[89.64423217760833,26.473719578115723],[89.64419987078723,26.474279629910114],[89.64273808086601,26.474369871981136],[89.6416467984823,26.474439705272527],[89.64180079527668,26.475474550441252],[89.64224152338662,26.477428988741046],[89.64362183237493,26.4772816076905],[89.64395102497346,26.478741816068137],[89.64765656559841,26.47767601921085],[89.65055447452701,26.47724774860357],[89.65328661590473,26.476587895265784],[89.6558024386018,26.4769877510018],[89.6587509252288,26.47723512767098],[89.66108237487644,26.477029248033137],[89.66152405675116,26.47465689160817],[89.66226245795119,26.471890994719175],[89.66423768374631,26.471894739807617],[89.66302117455572,26.467396744064654],[89.66395944452013,26.467216814831954],[89.66379453565092,26.465063311432072],[89.66176656608017,26.465376355164338],[89.66198779825166,26.46344574108672],[89.66376190753924,26.462776499321144],[89.6632989106021,26.460520274633055],[89.65783811829652,26.46042804420182],[89.65783781934034,26.458451928493513],[89.65785078268841,26.457707257565822],[89.65218651874797,26.456386894500742],[89.6486850114384,26.45626240341859]]]}},{"type":"Feature","properties":{"Village_Name":"Purba Khalishamari","Village_Code":"307334","Block_Name":"Alipurduar - II","District":"Alipurduar","Vill_Cat":"rural","State_LGD":"19","Dist_LGD":"328N002","Subdis_LGD":"2174"},"geometry":{"type":"Polygon","coordinates":[[[89.66997715052189,26.458198346983227],[89.66763036638507,26.458156494431147],[89.66755112440183,26.457111266961153],[89.66541678540116,26.456934569269404],[89.66538312414524,26.45743148244459],[89.66443712034385,26.457489745505356],[89.66421999255988,26.460466994786856],[89.6632989106021,26.460520274633055],[89.66376190753924,26.462776499321144],[89.66198779825166,26.46344574108672],[89.66176656608017,26.465376355164338],[89.66379453565092,26.465063311432072],[89.66395944452013,26.467216814831954],[89.66302117455572,26.467396744064654],[89.66423768374631,26.471894739807617],[89.66226245795119,26.471890994719175],[89.66152405675116,26.47465689160817],[89.66108237487644,26.477029248033137],[89.66224246152221,26.47689932916722],[89.66213362177706,26.477397644097795],[89.66430192173175,26.47794369217272],[89.66570009956419,26.478355210443063],[89.66788274857137,26.47865279302284],[89.67083919393546,26.479459211572635],[89.67080350573417,26.478999690575392],[89.67171605893887,26.479005164887504],[89.6717032092579,26.479316709424776],[89.67592115023183,26.479391065235458],[89.67728074073715,26.479433236032936],[89.67735725895724,26.479057333494758],[89.67677502556982,26.479027652468833],[89.67661497458676,26.478394513756047],[89.67889125980058,26.47797281831821],[89.68098953314478,26.477658200475695],[89.68141776757527,26.475588337908995],[89.68154431253029,26.473912144016396],[89.68040230530134,26.472873363928215],[89.67876821255456,26.471798694638224],[89.67681742252577,26.470251709906947],[89.67688537718583,26.46972257295769],[89.67783070662617,26.467683622901866],[89.67847707599825,26.467454935397402],[89.67977066191291,26.467683305788768],[89.68057311230707,26.468132936040412],[89.68176724743323,26.46882785377259],[89.68261897104844,26.469023894696132],[89.68341347171555,26.46891421458885],[89.68394834313065,26.468633460160326],[89.6842307792955,26.468059682587512],[89.68411065988916,26.466988173709293],[89.68345985705093,26.466161246853588],[89.6825445646406,26.465600962238515],[89.68091560694313,26.465392450044494],[89.6793839495067,26.46548888410186],[89.67736730604229,26.465422957903062],[89.67690037977994,26.463658637448024],[89.6773602948684,26.462738658137535],[89.67865097317743,26.46089625169832],[89.67891054876156,26.45955142145647],[89.67459042759992,26.45914516477157],[89.67205566208541,26.45856099789902],[89.66997715052189,26.458198346983227]]]}},{"type":"Feature","properties":{"Village_Name":"Uttar Chikliguri","Village_Code":"307299","Block_Name":"Alipurduar - II","District":"Alipurduar","Vill_Cat":"rural","State_LGD":"19","Dist_LGD":"328N002","Subdis_LGD":"2174"},"geometry":{"type":"Polygon","coordinates":[[[89.66088847885449,26.451830594667015],[89.65830832229113,26.45057026000547],[89.65561818720782,26.44888330939225],[89.65485631763096,26.447571033682788],[89.65438828849486,26.446176593114824],[89.65333359482285,26.44389521966557],[89.65248219133694,26.4432658597104],[89.65233470220934,26.444265687273553],[89.65146249059856,26.444259324479557],[89.65117744947243,26.443411901544934],[89.65066052014257,26.443380890950543],[89.64862753671845,26.444555560068412],[89.64732031551337,26.44568968185431],[89.64566293090846,26.445977562746787],[89.64377132239991,26.44522755148832],[89.64222812298604,26.44415073528437],[89.6410724174252,26.442922359669545],[89.64059676222901,26.44338232919994],[89.64034911596238,26.443950875067383],[89.63925955571345,26.444083806825283],[89.63850920070969,26.44480601455246],[89.63801542090931,26.446010748498146],[89.63684418792535,26.44651964683102],[89.63686088624101,26.447692392416787],[89.63661966147154,26.4483239790802],[89.63622199431052,26.448908824164327],[89.63641121632484,26.44951441736301],[89.63724198199479,26.449679546817688],[89.6373547234267,26.450227897534116],[89.63766959783791,26.451507928142803],[89.63796880351165,26.45254010144432],[89.63861410064123,26.453362849711336],[89.63927482778058,26.45332356767931],[89.64054487595449,26.452749655485245],[89.64085729013448,26.45304165157665],[89.64043076925051,26.454118821040264],[89.64067304313961,26.454412114942308],[89.64164108139111,26.454660400414507],[89.64174076655097,26.453977285091025],[89.64233449954827,26.45319930428769],[89.64309623859923,26.45253551711801],[89.64457756744328,26.452873539037853],[89.644713585232,26.45465766285315],[89.64499727514787,26.45544647140356],[89.64565289605483,26.455402742009433],[89.64640450398628,26.454734613179088],[89.64663910094215,26.454910733677266],[89.64601443010812,26.456307410031506],[89.6459469400789,26.45730123945562],[89.6465574653847,26.457695978271794],[89.64751629872133,26.457759412179705],[89.64819797175468,26.457101594325806],[89.6486850114384,26.45626240341859],[89.65218651874797,26.456386894500742],[89.65785078268841,26.457707257565822],[89.65783781934034,26.458451928493513],[89.65783811829652,26.46042804420182],[89.6632989106021,26.460520274633055],[89.66421999255988,26.460466994786856],[89.66443712034385,26.457489745505356],[89.66538312414524,26.45743148244459],[89.66541678540116,26.456934569269404],[89.66755112440183,26.457111266961153],[89.66763036638507,26.458156494431147],[89.66997715052189,26.458198346983227],[89.67205566208541,26.45856099789902],[89.67459042759992,26.45914516477157],[89.67426239170177,26.45774818509077],[89.6754557756177,26.457116752692382],[89.67803778873184,26.455412567165446],[89.67715903740232,26.45447708807514],[89.67511922122308,26.453617500969397],[89.67188096458857,26.453384877108647],[89.66986452776555,26.453318827094243],[89.66714605779498,26.453238794551837],[89.66626085600447,26.453106441961694],[89.66454130898119,26.452655791082616],[89.66311069514259,26.452127543052768],[89.66088847885449,26.451830594667015]]]}},{"type":"Feature","properties":{"Village_Name":"Brajerkuthi","Village_Code":"307336","Block_Name":"Alipurduar - II","District":"Alipurduar","Vill_Cat":"rural","State_LGD":"19","Dist_LGD":"328N002","Subdis_LGD":"2174"},"geometry":{"type":"Polygon","coordinates":[[[89.68702473646454,26.443107421603997],[89.68956350479507,26.442797960869438],[89.6920958527185,26.44307508680282],[89.69318181930554,26.44343810128271],[89.69505746467985,26.442631232259096],[89.69461126065102,26.441547839491633],[89.69422360388998,26.44039566605913],[89.69647121273726,26.440069019952702],[89.69785106627786,26.439925660890037],[89.69905522317008,26.441274441062063],[89.70180824996682,26.440915600354998],[89.7039901287489,26.440779566857024],[89.70483086107339,26.440727555284663],[89.70497423583332,26.44064363090251],[89.70752805696146,26.440126036793522],[89.7089900988963,26.437071038340108],[89.71032442177753,26.436269734104318],[89.71460230857856,26.435764413403252],[89.71457044695191,26.435744162203886],[89.71263546423097,26.434514248356468],[89.71263207780343,26.434516581861228],[89.71225613427764,26.434516772085058],[89.71112316263047,26.434490365706438],[89.71117226761261,26.433073337267736],[89.71116661585552,26.43212565017934],[89.71108961916983,26.429774407897362],[89.7108722703617,26.427292465651302],[89.70908761735835,26.42690087216962],[89.70714229501586,26.426225090733663],[89.70537194400268,26.42482709011763],[89.70530146884013,26.424371309032665],[89.70345690177406,26.424295594412733],[89.70261470601831,26.42404786803133],[89.70126574992693,26.423015130612704],[89.69993173536884,26.42178827836671],[89.69923473358426,26.421319333891322],[89.69920868034997,26.421323830230726],[89.69742550334753,26.421631593496244],[89.6956413650525,26.42189427020035],[89.69250893389615,26.422365056656975],[89.69294556057288,26.423317085145403],[89.69313645271352,26.42397137445285],[89.69325262057417,26.425523712752764],[89.69331347682528,26.426791867164447],[89.69110803285292,26.426869606618652],[89.68916327931866,26.426974256720904],[89.68793124932208,26.42894692059179],[89.6875406216845,26.42948411581436],[89.68664329423703,26.429443875158203],[89.68519470031394,26.42935425642038],[89.68373107222384,26.42936840155127],[89.682598209785,26.42941846129845],[89.68229224435002,26.429012382435676],[89.68203138954225,26.428507101251782],[89.68093880459756,26.428751204221268],[89.68059573085063,26.42880434212091],[89.67894402612208,26.429060158119086],[89.67705435165085,26.42935280775908],[89.67593166175831,26.429578849641594],[89.67648923050074,26.430597742964924],[89.67656872955878,26.43074301704578],[89.67729638871718,26.432543342636876],[89.67747202562964,26.43302622748929],[89.67765344741755,26.433124120807495],[89.67810215063307,26.433069639562515],[89.67967710872793,26.433130339142576],[89.68034510185242,26.433411065628743],[89.68062311303025,26.433730688389083],[89.68075909353496,26.433976277475573],[89.68080935224484,26.433979387856567],[89.6808092900755,26.43397984709198],[89.68226967539253,26.434069737185688],[89.68209029548701,26.43454682896551],[89.68121881782862,26.435650497043557],[89.68109067582907,26.436392813223453],[89.6814225506418,26.43687384233757],[89.6824447725397,26.43730130339847],[89.6833991710097,26.43782928653787],[89.68407629649523,26.43850233417665],[89.68399829449659,26.439893386999177],[89.68340784455394,26.440797786948245],[89.68189220158317,26.442003794811278],[89.6815562609202,26.44242968543622],[89.68143615790773,26.443302689092153],[89.68230901708826,26.44463528057802],[89.68392270359773,26.443765798410737],[89.68702473646454,26.443107421603997]]]}},{"type":"Feature","properties":{"Village_Name":"Uttar Chakirbas","Village_Code":"307322","Block_Name":"Alipurduar - II","District":"Alipurduar","Vill_Cat":"rural","State_LGD":"19","Dist_LGD":"328N002","Subdis_LGD":"2174"},"geometry":{"type":"Polygon","coordinates":[[[89.71509883365262,26.556687001183143],[89.71543459560068,26.55518277469399],[89.71561843236942,26.552341524982914],[89.71573954844995,26.550669952531926],[89.71682402368432,26.548582993999013],[89.7184515725087,26.54634129638027],[89.71766767117944,26.545219352947562],[89.71538360320615,26.542804134191147],[89.71439272930674,26.541410911567475],[89.71314912057868,26.54142557997518],[89.71278312014697,26.541432550672475],[89.71278322648254,26.541437059743007],[89.70934424401271,26.541520555310083],[89.70993486661224,26.54253343981373],[89.71294406192031,26.543581484798093],[89.71322027221959,26.54529962791315],[89.71540259780487,26.545100137778633],[89.7159915207173,26.546889005663925],[89.71559614352532,26.54841692775282],[89.7142925656734,26.547805651357645],[89.71447822040427,26.549724021956525],[89.71478700666405,26.551545302768638],[89.71406807831332,26.555948715847602],[89.7142576671865,26.5559044982566],[89.71509883365262,26.556687001183143]]]}},{"type":"Feature","properties":{"Village_Name":"Jaldapara","Village_Code":"307216","Block_Name":"Alipurduar - I","District":"Alipurduar","Vill_Cat":"rural","State_LGD":"19","Dist_LGD":"328N002","Subdis_LGD":"2173"},"geometry":{"type":"Polygon","coordinates":[[[89.29427808505075,26.608256217455022],[89.28994196018473,26.609566996591784],[89.29141843788715,26.61110900960997],[89.29137274184525,26.613600574144478],[89.29223240200213,26.61441699575183],[89.29465997093517,26.616570853288444],[89.295418513732,26.6191080940617],[89.29682889077654,26.622857647373678],[89.29664032816049,26.62497698646367],[89.30193493104969,26.628880269347043],[89.30335265033412,26.631226281743988],[89.3048253689474,26.631807063225093],[89.30761488776993,26.63295305995222],[89.30954606265875,26.633359389830368],[89.31236897853212,26.634414499392093],[89.31538934942725,26.635299378378505],[89.31579480862517,26.63548680216146],[89.31582876111057,26.635427588992044],[89.3171888246787,26.627684861224342],[89.31752542144616,26.62296851967767],[89.31545678917217,26.622708923538042],[89.31526505588339,26.621665187551148],[89.31223214437769,26.622134189209454],[89.3121696319665,26.621273351101692],[89.3096983604685,26.621710602401745],[89.30874250251284,26.614867380323318],[89.30580563093423,26.613610963928185],[89.30626118089633,26.612046819490597],[89.30512802986485,26.612114826471338],[89.30554833366783,26.608543262146714],[89.3029260221076,26.609948474607357],[89.30188728899418,26.609717110091093],[89.30011189271126,26.610300852055072],[89.29944790869453,26.607473317753573],[89.29427808505075,26.608256217455022]]]}},{"type":"Feature","properties":{"Village_Name":"Nutanpara","Village_Code":"307217","Block_Name":"Alipurduar - I","District":"Alipurduar","Vill_Cat":"rural","State_LGD":"19","Dist_LGD":"328N002","Subdis_LGD":"2173"},"geometry":{"type":"Polygon","coordinates":[[[89.3159705114926,26.59489110424546],[89.31068880179342,26.597314371043133],[89.30980649344568,26.596119390327775],[89.309212272801,26.595772560628514],[89.30753860934765,26.59616070215962],[89.30604138399346,26.59433491322788],[89.30060730415495,26.595424625182662],[89.30064550817814,26.600595171071895],[89.30197071733798,26.603105164548175],[89.30332691555917,26.604653509859407],[89.30650752898939,26.604561361182178],[89.30554833366783,26.608543262146714],[89.30512802986485,26.612114826471338],[89.30626118089633,26.612046819490597],[89.30580563093423,26.613610963928185],[89.30874250251284,26.614867380323318],[89.3096983604685,26.621710602401745],[89.3121696319665,26.621273351101692],[89.31223214437769,26.622134189209454],[89.31526505588339,26.621665187551148],[89.31545678917217,26.622708923538042],[89.31752542144616,26.62296851967767],[89.31854949892842,26.621471785195933],[89.3219081528553,26.61849300271577],[89.3247929864488,26.615923489182478],[89.3253656194598,26.614452140373565],[89.32484588440825,26.612087166380377],[89.32410564755543,26.609739327798707],[89.3239875001359,26.60811682745435],[89.32330478202879,26.606625382134798],[89.32242226808057,26.605430494324356],[89.32271460266125,26.60474436199488],[89.32442217664187,26.603299603215866],[89.32593501789495,26.602155822468514],[89.3260555156695,26.59918024066389],[89.32696899299445,26.597689777313022],[89.32618294720174,26.596299303508598],[89.32436522766987,26.594772262578758],[89.32153095889858,26.594850121608772],[89.32076578677844,26.59374354847002],[89.31836952480967,26.59513179841769],[89.31807446369551,26.59418901747487],[89.3159705114926,26.59489110424546]]]}},{"type":"Feature","properties":{"Village_Name":"Prodhanpara","Village_Code":"307215","Block_Name":"Alipurduar - I","District":"Alipurduar","Vill_Cat":"rural","State_LGD":"19","Dist_LGD":"328N002","Subdis_LGD":"2173"},"geometry":{"type":"Polygon","coordinates":[[[89.2817193630141,26.58351371433329],[89.28315448324948,26.58754734563477],[89.28538222791985,26.593070855466358],[89.28334875612052,26.59328850930092],[89.28413454662665,26.596208952358793],[89.28636787371921,26.595690255098692],[89.28748748635118,26.596967313675712],[89.28533173304852,26.59709671757007],[89.2867391789974,26.599217486499942],[89.28661044987734,26.600568758163167],[89.28499446431306,26.604876977923023],[89.28714575527624,26.606281853490824],[89.28843759956544,26.606874758664034],[89.28994196018473,26.609566996591784],[89.29427808505075,26.608256217455022],[89.29944790869453,26.607473317753573],[89.30011189271126,26.610300852055072],[89.30188728899418,26.609717110091093],[89.3029260221076,26.609948474607357],[89.30554833366783,26.608543262146714],[89.30650752898939,26.604561361182178],[89.30332691555917,26.604653509859407],[89.30197071733798,26.603105164548175],[89.30064550817814,26.600595171071895],[89.30060730415495,26.595424625182662],[89.29321180092064,26.597583607531963],[89.29158518658147,26.594040525457267],[89.29148833428543,26.59270642099599],[89.29131078784624,26.591856441023154],[89.29000520737337,26.5910697414769],[89.28976536639581,26.589358895403272],[89.29735147697038,26.587467778564456],[89.29599064987661,26.58592394673784],[89.29440654917929,26.586017179708936],[89.2938654878717,26.584807559230093],[89.28974389697214,26.586011051109654],[89.28966079611541,26.584861728824873],[89.29318823788056,26.583311338392758],[89.29094283000722,26.58220135268527],[89.29294800461376,26.580070806010426],[89.2904216816851,26.57820725175403],[89.29154027458503,26.576415881114933],[89.29142265688075,26.574793313712146],[89.28954631707022,26.57557707359286],[89.2864801546058,26.577097396183987],[89.28307287580435,26.577111472324646],[89.28235686153074,26.578205931315726],[89.28379857081221,26.580804513311442],[89.28427956458597,26.582786761921685],[89.2817193630141,26.58351371433329]]]}},{"type":"Feature","properties":{"Village_Name":"Munshipara","Village_Code":"307214","Block_Name":"Alipurduar - I","District":"Alipurduar","Vill_Cat":"rural","State_LGD":"19","Dist_LGD":"328N002","Subdis_LGD":"2173"},"geometry":{"type":"Polygon","coordinates":[[[89.31176936978419,26.574157515592663],[89.30502923554756,26.57513318257791],[89.2984748889097,26.575618199518132],[89.29678954292312,26.575911631315382],[89.29697598385711,26.576955494555538],[89.29596339040056,26.57701244243844],[89.29510172416678,26.574571601875164],[89.29142265688075,26.574793313712146],[89.29154027458503,26.576415881114933],[89.2904216816851,26.57820725175403],[89.29294800461376,26.580070806010426],[89.29094283000722,26.58220135268527],[89.29318823788056,26.583311338392758],[89.28966079611541,26.584861728824873],[89.28974389697214,26.586011051109654],[89.2938654878717,26.584807559230093],[89.29440654917929,26.586017179708936],[89.29599064987661,26.58592394673784],[89.29735147697038,26.587467778564456],[89.28976536639581,26.589358895403272],[89.29000520737337,26.5910697414769],[89.29131078784624,26.591856441023154],[89.29148833428543,26.59270642099599],[89.29158518658147,26.594040525457267],[89.29321180092064,26.597583607531963],[89.30060730415495,26.595424625182662],[89.30604138399346,26.59433491322788],[89.30753860934765,26.59616070215962],[89.309212272801,26.595772560628514],[89.30980649344568,26.596119390327775],[89.31068880179342,26.597314371043133],[89.3159705114926,26.59489110424546],[89.31807446369551,26.59418901747487],[89.31836952480967,26.59513179841769],[89.32076578677844,26.59374354847002],[89.32153095889858,26.594850121608772],[89.32436522766987,26.594772262578758],[89.3245458916514,26.59179118249325],[89.3244399533288,26.587294131952763],[89.32060214061777,26.587622992812367],[89.32054653378637,26.58685680481132],[89.32103862845378,26.58587411703059],[89.32113639387282,26.582510838850798],[89.32354622703119,26.58131185039645],[89.3235045576724,26.580739465980805],[89.3243998513796,26.580589477909708],[89.32381875676181,26.578902332663326],[89.32296428140711,26.578090524070273],[89.32373177429866,26.574594481194147],[89.32186679748209,26.57393903752095],[89.32153012375723,26.572423872272513],[89.32017181639466,26.57250467595392],[89.31990040094665,26.573479251748413],[89.31241711691868,26.575175811499257],[89.31176936978419,26.574157515592663]]]}},{"type":"Feature","properties":{"Village_Name":"Salkumarhat","Village_Code":"307213","Block_Name":"Alipurduar - I","District":"Alipurduar","Vill_Cat":"rural","State_LGD":"19","Dist_LGD":"328N002","Subdis_LGD":"2173"},"geometry":{"type":"Polygon","coordinates":[[[89.29958854548966,26.561025236932913],[89.29551025246653,26.56133470309376],[89.29115018402092,26.560849892889088],[89.29130759331943,26.55917777305071],[89.28797654012772,26.558707887645653],[89.28835110825342,26.556093700824714],[89.285757040056,26.556347438002387],[89.28481571250927,26.557459058119356],[89.28487818745457,26.559849632804013],[89.28274004660177,26.560073442350323],[89.28272843991607,26.561513088423283],[89.28355484993628,26.561942054987266],[89.28404075135415,26.563924235093864],[89.28497046761143,26.564247750028226],[89.28157075091514,26.565890632570248],[89.28157793813372,26.567519497650878],[89.28010935611036,26.56760619650208],[89.2804109194211,26.5686437340852],[89.28076083167137,26.570348333786093],[89.27982427734916,26.57145533796205],[89.28222277024992,26.571696678728276],[89.28388052177873,26.571024821436225],[89.28397757985688,26.573893153673705],[89.2807131729731,26.574274894567044],[89.28060708151357,26.576771956430516],[89.28307287580435,26.577111472324646],[89.2864801546058,26.577097396183987],[89.28954631707022,26.57557707359286],[89.29142265688075,26.574793313712146],[89.29510172416678,26.574571601875164],[89.29596339040056,26.57701244243844],[89.29697598385711,26.576955494555538],[89.29678954292312,26.575911631315382],[89.2984748889097,26.575618199518132],[89.30502923554756,26.57513318257791],[89.31176936978419,26.574157515592663],[89.31100253849527,26.572956143385337],[89.31163071604098,26.57225104310285],[89.313076461919,26.57177632582932],[89.31346512540892,26.570890102885354],[89.31584029608162,26.569222530461452],[89.31673967821567,26.56753381905739],[89.31671122680268,26.56562104828218],[89.31596460779404,26.563178476384678],[89.31551704892622,26.560135406366392],[89.31247016407828,26.559828438138815],[89.31255263789885,26.56093713867543],[89.31026615073921,26.560766682200782],[89.31004284052787,26.561641189830322],[89.30937388513115,26.561561792744186],[89.30941501844468,26.562111634212897],[89.3083926255962,26.562173334360374],[89.30777125266044,26.561714119497708],[89.30723886355877,26.561438467075586],[89.30615998522177,26.561686073832448],[89.30604962399968,26.562188733852505],[89.30549693354781,26.56265343149919],[89.30544081949482,26.561855650881736],[89.30040389285317,26.562153700166323],[89.29958854548966,26.561025236932913]]]}},{"type":"Feature","properties":{"Village_Name":"Sidhabari","Village_Code":"307219","Block_Name":"Alipurduar - I","District":"Alipurduar","Vill_Cat":"rural","State_LGD":"19","Dist_LGD":"328N002","Subdis_LGD":"2173"},"geometry":{"type":"Polygon","coordinates":[[[89.32277052441677,26.5615244050621],[89.32140533089482,26.56150605525579],[89.32019714463017,26.562058201493958],[89.31930890857807,26.56230280057318],[89.31817289533562,26.559212292477138],[89.31521018807464,26.55909804248723],[89.31551704892622,26.560135406366392],[89.31596460779404,26.563178476384678],[89.31671122680268,26.56562104828218],[89.31673967821567,26.56753381905739],[89.31584029608162,26.569222530461452],[89.31346512540892,26.570890102885354],[89.313076461919,26.57177632582932],[89.31163071604098,26.57225104310285],[89.31100253849527,26.572956143385337],[89.31176936978419,26.574157515592663],[89.31241711691868,26.575175811499257],[89.31990040094665,26.573479251748413],[89.32017181639466,26.57250467595392],[89.32153012375723,26.572423872272513],[89.32186679748209,26.57393903752095],[89.32373177429866,26.574594481194147],[89.32296428140711,26.578090524070273],[89.32381875676181,26.578902332663326],[89.3243998513796,26.580589477909708],[89.3235045576724,26.580739465980805],[89.32354622703119,26.58131185039645],[89.32113639387282,26.582510838850798],[89.32103862845378,26.58587411703059],[89.32054653378637,26.58685680481132],[89.32060214061777,26.587622992812367],[89.3244399533288,26.587294131952763],[89.3245458916514,26.59179118249325],[89.32638991865349,26.591395548266213],[89.32774150491991,26.591220026396346],[89.33034919441637,26.589625111280256],[89.333008656746,26.588606876968377],[89.3362859414003,26.586874535703227],[89.33842248167221,26.586555169676593],[89.33928592855938,26.582863461652053],[89.33961478223465,26.578056975732565],[89.33887924419335,26.572731016352787],[89.33718809603856,26.566798036620767],[89.33524919515126,26.561257146405367],[89.33399145881476,26.559608209841585],[89.33098021975565,26.55883177402495],[89.32992405892185,26.559950064210003],[89.3280461593067,26.560630550024843],[89.32733770214882,26.56182435974413],[89.32664037966548,26.561583064156594],[89.32492552641837,26.561394480024937],[89.32367761599379,26.561468995338107],[89.32277052441677,26.5615244050621]]]}},{"type":"Feature","properties":{"Village_Name":"Kalabaria","Village_Code":"307212","Block_Name":"Alipurduar - I","District":"Alipurduar","Vill_Cat":"rural","State_LGD":"19","Dist_LGD":"328N002","Subdis_LGD":"2173"},"geometry":{"type":"Polygon","coordinates":[[[89.31551704892622,26.560135406366392],[89.31521018807464,26.55909804248723],[89.3127587509835,26.55895737979217],[89.3112695759744,26.55876045015564],[89.30935888786941,26.55906218745019],[89.30736522229859,26.558228127404064],[89.30595910237071,26.559171424635984],[89.30456135338197,26.558778911652006],[89.30133012942876,26.55953960557098],[89.29997850074636,26.5581896767037],[89.3002380477884,26.557116050732038],[89.29934237043827,26.555731675184372],[89.29828351426987,26.55522081601347],[89.3002816457025,26.55452523910164],[89.3003226503088,26.55356343952709],[89.30154693230372,26.552483782840767],[89.30159966703562,26.552437276653023],[89.30103790609164,26.550939217057664],[89.3005932311009,26.549524998390222],[89.29970011241436,26.549774063991897],[89.29875699557573,26.550786523602785],[89.29813722916451,26.550151251882145],[89.2969078385497,26.54888504895211],[89.29632034191471,26.547098587909552],[89.29727339523568,26.54608147146089],[89.29951277695406,26.54566630275959],[89.30145271267789,26.545833522010458],[89.3033254723522,26.53259550536863],[89.30212385508072,26.531707929703547],[89.30015875449577,26.532782022345575],[89.29605295605202,26.53417938903182],[89.29611515933124,26.535035743555778],[89.2945234037641,26.536473764119567],[89.29041542470853,26.53777173884845],[89.28716126814945,26.539881669320433],[89.28658332238439,26.541348455264206],[89.28330614931592,26.541545407762424],[89.28457691773527,26.544151265990727],[89.2838109721328,26.544488439948104],[89.28385000994072,26.549749293286922],[89.28039359700142,26.55053567908735],[89.28034055930883,26.55216551276466],[89.28279417529002,26.554702801649857],[89.28488920515223,26.555346070735464],[89.28878111528441,26.55425024220986],[89.2902891149534,26.554641143899413],[89.29108131762472,26.55612651949318],[89.29188053226589,26.55771105039918],[89.29130759331943,26.55917777305071],[89.29115018402092,26.560849892889088],[89.29551025246653,26.56133470309376],[89.29958854548966,26.561025236932913],[89.30040389285317,26.562153700166323],[89.30544081949482,26.561855650881736],[89.30549693354781,26.56265343149919],[89.30604962399968,26.562188733852505],[89.30615998522177,26.561686073832448],[89.30723886355877,26.561438467075586],[89.30777125266044,26.561714119497708],[89.3083926255962,26.562173334360374],[89.30941501844468,26.562111634212897],[89.30937388513115,26.561561792744186],[89.31004284052787,26.561641189830322],[89.31026615073921,26.560766682200782],[89.31255263789885,26.56093713867543],[89.31247016407828,26.559828438138815],[89.31551704892622,26.560135406366392]]]}},{"type":"Feature","properties":{"Village_Name":"Suripara","Village_Code":"307220","Block_Name":"Alipurduar - I","District":"Alipurduar","Vill_Cat":"rural","State_LGD":"19","Dist_LGD":"328N002","Subdis_LGD":"2173"},"geometry":{"type":"Polygon","coordinates":[[[89.32026242641355,26.53589906051964],[89.31271402193629,26.536730208394477],[89.31671123688506,26.54166948551276],[89.32282726545715,26.54915967072189],[89.31817289533562,26.559212292477138],[89.31930890857807,26.56230280057318],[89.32019714463017,26.562058201493958],[89.32140533089482,26.56150605525579],[89.32277052441677,26.5615244050621],[89.32367761599379,26.561468995338107],[89.32492552641837,26.561394480024937],[89.32664037966548,26.561583064156594],[89.32733770214882,26.56182435974413],[89.3280461593067,26.560630550024843],[89.32992405892185,26.559950064210003],[89.33098021975565,26.55883177402495],[89.33399145881476,26.559608209841585],[89.33418123825948,26.557583581832315],[89.33484104763792,26.555727229661873],[89.3351668881292,26.553980133983416],[89.33552466751897,26.551086385802968],[89.33440504003313,26.549809703411125],[89.33410208824385,26.54723813194266],[89.33137232661434,26.547215147389515],[89.32869339014886,26.543252011838337],[89.3314347244926,26.542611551709037],[89.33161854635108,26.542026452928255],[89.32543837558896,26.536834478357427],[89.32377947148305,26.53741204717542],[89.32126501676854,26.534118402309122],[89.31936870053434,26.534614050609004],[89.32026242641355,26.53589906051964]]]}},{"type":"Feature","properties":{"Village_Name":"Jogendranagar","Village_Code":"307211","Block_Name":"Alipurduar - I","District":"Alipurduar","Vill_Cat":"rural","State_LGD":"19","Dist_LGD":"328N002","Subdis_LGD":"2173"},"geometry":{"type":"Polygon","coordinates":[[[89.29439123974886,26.5199965782559],[89.29291875231152,26.521622176044918],[89.29113074323908,26.52201191667258],[89.29003767530688,26.521023210426012],[89.28599019493336,26.521552951269435],[89.28548641462382,26.52397517824026],[89.28279158560578,26.52442447825685],[89.27953763270213,26.526534222524983],[89.27905911850881,26.526180879750314],[89.27826053288435,26.52613047135394],[89.27669638016067,26.529481132578237],[89.2757226070688,26.531739367760864],[89.27610001327346,26.533831625478754],[89.27369534790628,26.533490965685765],[89.27289192865616,26.53497935154864],[89.27017615601586,26.536674197108194],[89.2716996360319,26.53888357881995],[89.27291286858794,26.538331763234954],[89.27352733122879,26.538962727694983],[89.27177356116371,26.539834526122068],[89.2721575882443,26.54048270756666],[89.27430951107304,26.54351683458327],[89.27578969697119,26.543524785915473],[89.27583592596865,26.542562898737515],[89.27744199526344,26.542848592951078],[89.27885568239635,26.546598379511853],[89.28039359700142,26.55053567908735],[89.28385000994072,26.549749293286922],[89.2838109721328,26.544488439948104],[89.28457691773527,26.544151265990727],[89.28330614931592,26.541545407762424],[89.28658332238439,26.541348455264206],[89.28716126814945,26.539881669320433],[89.29041542470853,26.53777173884845],[89.2945234037641,26.536473764119567],[89.29611515933124,26.535035743555778],[89.29605295605202,26.53417938903182],[89.30015875449577,26.532782022345575],[89.30212385508072,26.531707929703547],[89.30229848880218,26.52939927731745],[89.30108760784775,26.526788105432114],[89.30157025937466,26.524077387937414],[89.30158115322116,26.521103541864996],[89.30014977556877,26.52176740538905],[89.29810181716017,26.521696649793274],[89.29565096170116,26.520788532384973],[89.29439123974886,26.5199965782559]]]}},{"type":"Feature","properties":{"Village_Name":"Sirubari","Village_Code":"307222","Block_Name":"Alipurduar - I","District":"Alipurduar","Vill_Cat":"rural","State_LGD":"19","Dist_LGD":"328N002","Subdis_LGD":"2173"},"geometry":{"type":"Polygon","coordinates":[[[89.31343266183154,26.519287251459062],[89.30918696921105,26.518674714989572],[89.30680093308708,26.520256579254156],[89.30400989227712,26.520901863333517],[89.30158115322116,26.521103541864996],[89.30157025937466,26.524077387937414],[89.30108760784775,26.526788105432114],[89.30229848880218,26.52939927731745],[89.30212385508072,26.531707929703547],[89.3033254723522,26.53259550536863],[89.3075778843589,26.531764122096284],[89.31006633817717,26.534783198725375],[89.31271402193629,26.536730208394477],[89.32026242641355,26.53589906051964],[89.31936870053434,26.534614050609004],[89.32126501676854,26.534118402309122],[89.31945497110806,26.53167058970775],[89.31865142404148,26.5316250042087],[89.3183017753316,26.531450198392296],[89.31827261329153,26.52800322852231],[89.31972412899076,26.526097958035283],[89.3197068721903,26.522745553822375],[89.32186497276678,26.522805179057556],[89.3221487417519,26.51896053964699],[89.31375510071187,26.5206086576561],[89.31343266183154,26.519287251459062]]]}},{"type":"Feature","properties":{"Village_Name":"Parpatla Khawa","Village_Code":"307208","Block_Name":"Alipurduar - I","District":"Alipurduar","Vill_Cat":"rural","State_LGD":"19","Dist_LGD":"328N002","Subdis_LGD":"2173"},"geometry":{"type":"Polygon","coordinates":[[[89.26583861125658,26.509447332083308],[89.26408216816381,26.509141306648257],[89.26383987729656,26.50803959630095],[89.26338676760098,26.507184904854],[89.26249541221463,26.507000499921805],[89.26043832934741,26.50747534275189],[89.25996442807018,26.50811911381692],[89.25988364550777,26.508860441638536],[89.26024041007639,26.509662522036272],[89.26086787392788,26.51071300810798],[89.26212402817481,26.514154156852843],[89.26816249603613,26.513616007207673],[89.2680608650061,26.512272908903885],[89.27385514740646,26.51207684212188],[89.27360121474423,26.515735978990033],[89.27363587887113,26.517495283872524],[89.2739451661242,26.518681638512664],[89.27494882795641,26.516161216727813],[89.27587511049677,26.5127711202919],[89.27463935749779,26.50987579377441],[89.27323116954692,26.509681650996708],[89.2725448731009,26.50972417634304],[89.27104417444106,26.509671372769116],[89.26869171319798,26.50966369324104],[89.26583861125658,26.509447332083308]]]}},{"type":"Feature","properties":{"Village_Name":"Mejbil","Village_Code":"307209","Block_Name":"Alipurduar - I","District":"Alipurduar","Vill_Cat":"rural","State_LGD":"19","Dist_LGD":"328N002","Subdis_LGD":"2173"},"geometry":{"type":"Polygon","coordinates":[[[89.27998303724051,26.502362967668837],[89.27795597395398,26.501046133602447],[89.27863683656787,26.49793520294391],[89.27725181394578,26.497636935619756],[89.2766443625393,26.497096112189823],[89.27822710226116,26.495468921816382],[89.2764306191241,26.494139350371572],[89.2750388092939,26.49527613071568],[89.2711643004609,26.49665550889799],[89.26603992673668,26.49670541520152],[89.26769392720367,26.49921062982762],[89.26852032892418,26.500686605986587],[89.26863997266726,26.50141572348893],[89.26862318538086,26.50209286088805],[89.26925086285334,26.502642422355557],[89.27016184502814,26.50306112178196],[89.27047677327592,26.503773590963174],[89.26938671030935,26.50623669803266],[89.27079471696923,26.507188978123736],[89.27226766234438,26.508126670950098],[89.27323116954692,26.509681650996708],[89.27463935749779,26.50987579377441],[89.27587511049677,26.5127711202919],[89.27494882795641,26.516161216727813],[89.2739451661242,26.518681638512664],[89.27433345223182,26.52107606812748],[89.27586784436531,26.523592088535374],[89.27535891246617,26.526781487348043],[89.27453488778956,26.529511131371],[89.27669638016067,26.529481132578237],[89.27826053288435,26.52613047135394],[89.27905911850881,26.526180879750314],[89.27953763270213,26.526534222524983],[89.28279158560578,26.52442447825685],[89.28548641462382,26.52397517824026],[89.28599019493336,26.521552951269435],[89.29003767530688,26.521023210426012],[89.29113074323908,26.52201191667258],[89.29291875231152,26.521622176044918],[89.29439123974886,26.5199965782559],[89.2930996792283,26.516339739318983],[89.29257252741948,26.514547761608103],[89.29120499006656,26.50983621263477],[89.29002191329333,26.506073802989807],[89.2898694238263,26.500914031508863],[89.28656754470032,26.50081809241974],[89.28612141083879,26.499309063841007],[89.28466255277662,26.49958964688604],[89.28400684718235,26.498386300646093],[89.28300368581179,26.49863249456947],[89.28237062219851,26.497812335472037],[89.28035759040381,26.49821906384678],[89.27998303724051,26.502362967668837]]]}},{"type":"Feature","properties":{"Village_Name":"Paschim Khatalbari","Village_Code":"307210","Block_Name":"Alipurduar - I","District":"Alipurduar","Vill_Cat":"rural","State_LGD":"19","Dist_LGD":"328N002","Subdis_LGD":"2173"},"geometry":{"type":"Polygon","coordinates":[[[89.29867197118222,26.49945030474798],[89.29866471345453,26.497825951967172],[89.30056735913037,26.497420748670805],[89.30501184255289,26.49773255400447],[89.30769959664867,26.498722435962396],[89.30967788057518,26.497837573660398],[89.31096104377542,26.496801503325717],[89.31131989601397,26.49543745877687],[89.3102886927234,26.49377555209816],[89.30877265497477,26.49319543371659],[89.30540197868581,26.492153429503666],[89.30477372586613,26.491328785018773],[89.30481419225899,26.488832769464885],[89.30669604147536,26.48814805889553],[89.30709598616653,26.485826728406018],[89.30717078384167,26.48480120232507],[89.30853624937969,26.48487839124196],[89.30978978957664,26.484661419934852],[89.30952542425342,26.484423237231436],[89.30896416987878,26.483723511459228],[89.30832799198916,26.482450566465854],[89.30747593243125,26.481791276524827],[89.30600665094815,26.48156043631546],[89.30475793470863,26.48166814986523],[89.30437965209819,26.481920789435133],[89.30385989688604,26.48226791112513],[89.30276084593301,26.483621145133846],[89.30155188601496,26.484220766132694],[89.29907302703266,26.486421725098143],[89.29857642728436,26.486660581596677],[89.29799967211032,26.48665128029488],[89.29655018304899,26.48685357958699],[89.29504527640721,26.487416848839377],[89.2937962073018,26.48793510648353],[89.29235688016415,26.487943256681767],[89.29143375595031,26.48785206554791],[89.29125361397658,26.487834269177107],[89.29078236896582,26.487653486430403],[89.29045631711473,26.48765330577751],[89.2893276281886,26.487843640155884],[89.28885639322316,26.487923103367752],[89.28840504654559,26.48781004130845],[89.28831925335437,26.487762279119924],[89.287552899854,26.487335640362335],[89.28700118961414,26.487335278318778],[89.2862046145787,26.487591635587947],[89.28560170442985,26.487785663593677],[89.28433775505232,26.48792927497754],[89.28305933415771,26.487432068210936],[89.28267921811107,26.487261402235426],[89.28176087597298,26.486849072302313],[89.2800363355543,26.486125857286655],[89.27973543357871,26.486215860041472],[89.27582737410036,26.487181584516055],[89.27569242407101,26.48721492951141],[89.27449363156701,26.487484847083074],[89.27123817764894,26.488272237329607],[89.26772184107635,26.489045832153284],[89.26621712367178,26.489270365179443],[89.26524411875452,26.489359821471545],[89.2648671964765,26.490167312603337],[89.26331747440318,26.4901435309354],[89.262835289289,26.490056361875236],[89.26302245279948,26.49141053409752],[89.26351420553185,26.492449629229984],[89.26603992673668,26.49670541520152],[89.2711643004609,26.49665550889799],[89.2750388092939,26.49527613071568],[89.2764306191241,26.494139350371572],[89.27822710226116,26.495468921816382],[89.2766443625393,26.497096112189823],[89.27725181394578,26.497636935619756],[89.27863683656787,26.49793520294391],[89.27795597395398,26.501046133602447],[89.27998303724051,26.502362967668837],[89.28035759040381,26.49821906384678],[89.28237062219851,26.497812335472037],[89.28300368581179,26.49863249456947],[89.28400684718235,26.498386300646093],[89.28466255277662,26.49958964688604],[89.28612141083879,26.499309063841007],[89.28656754470032,26.50081809241974],[89.2898694238263,26.500914031508863],[89.29002191329333,26.506073802989807],[89.29120499006656,26.50983621263477],[89.29257252741948,26.514547761608103],[89.2930996792283,26.516339739318983],[89.29439123974886,26.5199965782559],[89.29565096170116,26.520788532384973],[89.29810181716017,26.521696649793274],[89.30014977556877,26.52176740538905],[89.30158115322116,26.521103541864996],[89.30334535582713,26.519775478561996],[89.30475095435558,26.518827720898315],[89.30491416670051,26.517958702562037],[89.30406711809421,26.51723687430052],[89.30388964071732,26.51638689898435],[89.30460510435167,26.515292361261118],[89.30554099422736,26.514185232041307],[89.30537534327375,26.513425315532732],[89.303730016366,26.512662238154547],[89.30320487436448,26.511732143032805],[89.30295819445128,26.509926654793436],[89.30339286564123,26.508083086398365],[89.30537824691305,26.507292921840573],[89.3070418529206,26.506715506484134],[89.30728053490957,26.50535792672731],[89.30635751407084,26.503590459593045],[89.30562095945604,26.502871359230426],[89.30356643704027,26.502706011464106],[89.30231024836513,26.502586410495013],[89.30063929297913,26.50153490764101],[89.29955334898571,26.500645425077977],[89.29867197118222,26.49945030474798]]]}},{"type":"Feature","properties":{"Village_Name":"Purba Kathalbari","Village_Code":"307223","Block_Name":"Alipurduar - I","District":"Alipurduar","Vill_Cat":"rural","State_LGD":"19","Dist_LGD":"328N002","Subdis_LGD":"2173"},"geometry":{"type":"Polygon","coordinates":[[[89.3221487417519,26.51896053964699],[89.32263540425866,26.51547809472443],[89.32442850359304,26.515850472632568],[89.32436619704195,26.51375324197062],[89.3230147160418,26.51239448525191],[89.32409761730162,26.510129683008675],[89.32324290377879,26.507783645230287],[89.32220797104267,26.50295873309944],[89.32477302961475,26.502325826172566],[89.3245945469637,26.499937181602977],[89.32397926262738,26.497772247041468],[89.3231925123455,26.497054059199773],[89.32251758741229,26.49566170223071],[89.32119137672842,26.493052574337334],[89.31842050991189,26.49091815100083],[89.31554655228884,26.488889126444786],[89.31669050556853,26.485919455681373],[89.31569772623402,26.48517297739893],[89.31265203013696,26.484624298830052],[89.3126510791381,26.484624555469995],[89.31197252639609,26.48480795543659],[89.31094935705738,26.484997083359445],[89.31012685345193,26.48496509800508],[89.30978978957664,26.484661419934852],[89.30853624937969,26.48487839124196],[89.30717078384167,26.48480120232507],[89.30709598616653,26.485826728406018],[89.30669604147536,26.48814805889553],[89.30481419225899,26.488832769464885],[89.30477372586613,26.491328785018773],[89.30540197868581,26.492153429503666],[89.30877265497477,26.49319543371659],[89.3102886927234,26.49377555209816],[89.31131989601397,26.49543745877687],[89.31096104377542,26.496801503325717],[89.30967788057518,26.497837573660398],[89.30769959664867,26.498722435962396],[89.30501184255289,26.49773255400447],[89.30056735913037,26.497420748670805],[89.29866471345453,26.497825951967172],[89.29867197118222,26.49945030474798],[89.29955334898571,26.500645425077977],[89.30063929297913,26.50153490764101],[89.30231024836513,26.502586410495013],[89.30356643704027,26.502706011464106],[89.30562095945604,26.502871359230426],[89.30635751407084,26.503590459593045],[89.30728053490957,26.50535792672731],[89.3070418529206,26.506715506484134],[89.30537824691305,26.507292921840573],[89.30339286564123,26.508083086398365],[89.30295819445128,26.509926654793436],[89.30320487436448,26.511732143032805],[89.303730016366,26.512662238154547],[89.30537534327375,26.513425315532732],[89.30554099422736,26.514185232041307],[89.30460510435167,26.515292361261118],[89.30388964071732,26.51638689898435],[89.30406711809421,26.51723687430052],[89.30491416670051,26.517958702562037],[89.30475095435558,26.518827720898315],[89.30334535582713,26.519775478561996],[89.30158115322116,26.521103541864996],[89.30400989227712,26.520901863333517],[89.30680093308708,26.520256579254156],[89.30918696921105,26.518674714989572],[89.31343266183154,26.519287251459062],[89.31375510071187,26.5206086576561],[89.3221487417519,26.51896053964699]]]}},{"type":"Feature","properties":{"Village_Name":"Paschim Simlabari","Village_Code":"307228","Block_Name":"Alipurduar - I","District":"Alipurduar","Vill_Cat":"rural","State_LGD":"19","Dist_LGD":"328N002","Subdis_LGD":"2173"},"geometry":{"type":"Polygon","coordinates":[[[89.35762935255849,26.52747948362339],[89.35657054237207,26.52696905686144],[89.35309133260299,26.527558988997704],[89.35185157613729,26.52456974869812],[89.35272554873058,26.52413568233981],[89.35212456483355,26.52368985854957],[89.3510159360032,26.52097820461315],[89.35089132530737,26.52052451704799],[89.34718922929397,26.521492494704454],[89.34971622576408,26.524889239448125],[89.34383050901694,26.526773018380375],[89.34259196454067,26.525313340482764],[89.34058525217552,26.52505300490769],[89.33900206179527,26.525146677756627],[89.33664029193677,26.52394903582695],[89.33051859971373,26.52459073442392],[89.33090689367715,26.526678110235757],[89.33042082428538,26.530923144619116],[89.33238926907686,26.533007227666157],[89.33399145736041,26.5331028296343],[89.33535217427155,26.53465082723053],[89.33664349037159,26.53524784746459],[89.3389697025465,26.534433566157485],[89.33863296436488,26.53291844109698],[89.3447882291022,26.531689221229357],[89.34437517767438,26.5338258269725],[89.34324491139157,26.536957910037287],[89.3435051945593,26.537422909657135],[89.34744382560929,26.538436519187137],[89.35100680189043,26.539103202828112],[89.35247468728595,26.539377838981753],[89.35536146689265,26.539975404578154],[89.35562739923864,26.53727717477016],[89.35718860340643,26.535365222821788],[89.35821264140714,26.535397915424376],[89.35762935255849,26.52747948362339]]]}},{"type":"Feature","properties":{"Village_Name":"Patlakhawa","Village_Code":"307224","Block_Name":"Alipurduar - I","District":"Alipurduar","Vill_Cat":"rural","State_LGD":"19","Dist_LGD":"328N002","Subdis_LGD":"2173"},"geometry":{"type":"Polygon","coordinates":[[[89.3342203218988,26.49879177668219],[89.32805278854723,26.499831143377705],[89.32648221979213,26.497050079508952],[89.32397926262738,26.497772247041468],[89.3245945469637,26.499937181602977],[89.32477302961475,26.502325826172566],[89.32220797104267,26.50295873309944],[89.32324290377879,26.507783645230287],[89.32409761730162,26.510129683008675],[89.3230147160418,26.51239448525191],[89.32436619704195,26.51375324197062],[89.32442850359304,26.515850472632568],[89.32986182600087,26.517156103569967],[89.33103747585585,26.520728711078362],[89.3311554416568,26.52234671241897],[89.33051859971373,26.52459073442392],[89.33664029193677,26.52394903582695],[89.33900206179527,26.525146677756627],[89.34058525217552,26.52505300490769],[89.34259196454067,26.525313340482764],[89.34383050901694,26.526773018380375],[89.34971622576408,26.524889239448125],[89.34718922929397,26.521492494704454],[89.35089132530737,26.52052451704799],[89.3502430339642,26.51824746813095],[89.34895071940575,26.516116395441053],[89.35153563392326,26.514237276882152],[89.349970455047,26.512990611741177],[89.34972473545577,26.506587179915197],[89.34457330968745,26.506798310046943],[89.3441125283821,26.50510022735539],[89.34412341330844,26.500696018815606],[89.34463966409665,26.49845844408511],[89.33965983790414,26.50019172856018],[89.33756753197656,26.50261757352032],[89.3352121145032,26.50294946103417],[89.3342203218988,26.49879177668219]]]}},{"type":"Feature","properties":{"Village_Name":"Dakshin Chakoakheti","Village_Code":"307226","Block_Name":"Alipurduar - I","District":"Alipurduar","Vill_Cat":"rural","State_LGD":"19","Dist_LGD":"328N002","Subdis_LGD":"2173"},"geometry":{"type":"Polygon","coordinates":[[[89.39649113830929,26.50704078684234],[89.38959089616837,26.50755816906248],[89.38840626168273,26.50532640897516],[89.38580663208033,26.505482729178997],[89.38592228332932,26.50404138906561],[89.38643943370136,26.503342363286414],[89.38684628553413,26.50264518245321],[89.38229531002484,26.502531759044786],[89.37799277521914,26.50279307736726],[89.37705331477342,26.499302710936586],[89.37509525196228,26.49577966281155],[89.37374905139411,26.492986412988724],[89.3759640267885,26.492182454075294],[89.37518519632717,26.49088686501279],[89.37365695599956,26.490212898019504],[89.37364560510221,26.48819610007812],[89.37308402342799,26.487465428327106],[89.37205820865755,26.485127076181257],[89.37111785380814,26.483827177998265],[89.37035118381519,26.484718565085693],[89.36656954262868,26.489307884164564],[89.3638160061984,26.4916272769186],[89.36357127504465,26.49176434438234],[89.36478832543054,26.492273386221285],[89.36513711276432,26.49387849199431],[89.36402876745335,26.49730364208544],[89.36098103503163,26.502272520462647],[89.35950311430395,26.506764150444173],[89.35921748444002,26.508984411450484],[89.35984247403277,26.511343022437135],[89.3633200186788,26.515350994009662],[89.36677693745341,26.519074935392766],[89.36681043963414,26.51801850685421],[89.36789945558492,26.515848069525575],[89.36956280887787,26.515269937597058],[89.3676154979122,26.51203088992901],[89.36750949026877,26.509063573303504],[89.37190367394541,26.508611519377116],[89.37252909791748,26.507806955840923],[89.37463255761017,26.508638299249483],[89.37612670002531,26.50739961155934],[89.37820178478871,26.509287241192414],[89.37911352017834,26.51239902329426],[89.3782625952942,26.51321188796787],[89.3800216601818,26.517035995808627],[89.3827402210787,26.515339105599942],[89.38395981742111,26.518048622738085],[89.38597342703237,26.51840298952265],[89.38778524510037,26.516761787212438],[89.38819243164802,26.514625193877404],[89.38915144677217,26.51370668081236],[89.38958668844404,26.511957665488133],[89.39386365347983,26.5114166532199],[89.39655954338228,26.511060023920265],[89.39649113830929,26.50704078684234]]]}},{"type":"Feature","properties":{"Village_Name":"Uttar Chokowakhati","Village_Code":"307242","Block_Name":"Alipurduar - I","District":"Alipurduar","Vill_Cat":"rural","State_LGD":"19","Dist_LGD":"328N002","Subdis_LGD":"2173"},"geometry":{"type":"Polygon","coordinates":[[[89.41070393210774,26.54182929941859],[89.41097753740199,26.539320413774476],[89.41256389770773,26.53769625274606],[89.4149817269309,26.53505628560584],[89.41788962403422,26.534501612570004],[89.41787146797999,26.53267900608949],[89.41618706804567,26.53296928089822],[89.41612397949072,26.532113039007335],[89.4181689600838,26.52748948210611],[89.42003851241755,26.526704218493325],[89.41013933236233,26.52490013295623],[89.40465293251637,26.524469382204643],[89.40403455899188,26.52536420365895],[89.40083847123947,26.52507965890236],[89.39994137201374,26.527526843856982],[89.39703775073738,26.534316942847536],[89.40312612461449,26.533763180358257],[89.40268967832495,26.5385760241449],[89.39871757778798,26.538624901074243],[89.38763800020817,26.537755133372556],[89.38795773314217,26.54204992080861],[89.38920730897264,26.542069581709534],[89.38904864760339,26.54312810087666],[89.39242852080835,26.54426711864722],[89.3957978729027,26.545407402034105],[89.39603591600454,26.54548795902557],[89.4018870965989,26.54772674103781],[89.40373093797538,26.548092712358645],[89.40488239857052,26.546773769421076],[89.40612502295423,26.54669863979009],[89.4076122356234,26.546804365983164],[89.40743199429119,26.544420469671216],[89.40734788203527,26.54327579710712],[89.40886106506642,26.542225956422257],[89.40941230659055,26.54123749327636],[89.41070393210774,26.54182929941859]]]}},{"type":"Feature","properties":{"Village_Name":"Uttar Patkapara","Village_Code":"307244","Block_Name":"Alipurduar - I","District":"Alipurduar","Vill_Cat":"rural","State_LGD":"19","Dist_LGD":"328N002","Subdis_LGD":"2173"},"geometry":{"type":"Polygon","coordinates":[[[89.42077170785721,26.54036360443425],[89.41907821580573,26.540464562351143],[89.41863634591178,26.540684134951217],[89.41889202545616,26.542588436848146],[89.41536862175543,26.542508337976816],[89.41508704763416,26.54175957998864],[89.41420216620496,26.54142713985104],[89.41267693919795,26.542377971584656],[89.4113141208055,26.543899084842437],[89.41144034996805,26.545616084999867],[89.41354286595863,26.54635657164001],[89.4153797086041,26.546627754261273],[89.41644593151518,26.54723234969589],[89.41595689798177,26.548314539139742],[89.41570546114373,26.549482939992703],[89.41661756551831,26.550153316993942],[89.41793051766194,26.54984225797522],[89.41960208291519,26.548929492059333],[89.42045609134789,26.549221808808795],[89.42104195350403,26.55012330684898],[89.42081507562138,26.551264223932737],[89.42013701626693,26.552900120548234],[89.41977515922908,26.55310931474544],[89.41804145042303,26.553215465098123],[89.4162410219343,26.55372882030129],[89.41535234554043,26.553937916597608],[89.41474348155482,26.554570918716674],[89.4146807312321,26.555167587442337],[89.41507609912254,26.55535941875408],[89.4156545795583,26.555669971136744],[89.4165862302992,26.556073796769486],[89.41978831077822,26.556601494210884],[89.42023981764827,26.55707662175071],[89.42011511480983,26.55782775733147],[89.41938085201502,26.557745477703026],[89.41922455811007,26.559381530348475],[89.4194444939167,26.559580840214668],[89.42007287190661,26.55963784518514],[89.42010497967541,26.56044948544189],[89.41885153191846,26.5604933431799],[89.4189352168066,26.56161093433848],[89.41951307620661,26.56188989372653],[89.42076919337462,26.561972324511522],[89.42163523238554,26.562354667547332],[89.4214950496243,26.56380093636354],[89.42085740651825,26.56449762412133],[89.42169250462464,26.56460073976375],[89.42163523330767,26.56617193828086],[89.42226707723833,26.566630452632445],[89.42245325001828,26.566893501027305],[89.4219291498623,26.567263388306582],[89.4212866426804,26.56749089882604],[89.42117365814904,26.567844766941818],[89.42161176980062,26.568157677381762],[89.4221750814762,26.568220289247826],[89.42247227447251,26.568513034215098],[89.42252749438698,26.569229523739324],[89.42233020318105,26.56986909161784],[89.42400293204318,26.569953424846513],[89.4264952111523,26.56940109806807],[89.42700223558951,26.569649646573204],[89.4282014379512,26.570360162079403],[89.42943749681336,26.569725426002645],[89.43151870821174,26.569193562984797],[89.43312074723188,26.568782662953158],[89.43292441898315,26.568515291314245],[89.43255652691548,26.567727445318717],[89.43243126507356,26.566073639056363],[89.43289649222346,26.56529411840251],[89.43354798005171,26.56525591220928],[89.43448508328207,26.56519928327563],[89.43549375731622,26.564730822584927],[89.4363839086416,26.56411548310581],[89.43642671738813,26.56376731764325],[89.43587555633012,26.56380382049938],[89.43547166328206,26.563923532411057],[89.43413939180721,26.5647494699258],[89.4333433061301,26.56483075907467],[89.43163341736339,26.565121673371337],[89.43126097470763,26.564830233638276],[89.43102008937792,26.56387777676364],[89.4313092908615,26.56307870544339],[89.43176153671968,26.5635853648434],[89.43262314944452,26.564468558694028],[89.43399803526175,26.563759221480773],[89.43506227013343,26.56283409016991],[89.43454011772353,26.56139463000914],[89.43476818656956,26.560790619776682],[89.43511912449706,26.5598280501854],[89.43667283688427,26.558799784063527],[89.4386774366268,26.557741221527845],[89.43799560331064,26.55515843279015],[89.43781154110472,26.553573319849026],[89.43615878935555,26.553236117397272],[89.433189308028,26.5530296867506],[89.4330482852408,26.554191711762076],[89.43356043337356,26.554922949213964],[89.43342643111507,26.556179608553208],[89.42950991607832,26.55698646335357],[89.42958024237755,26.557941834260177],[89.42789561443261,26.558236780714285],[89.42531594161991,26.55867780486417],[89.42532785703493,26.557337497717],[89.42501813531284,26.556210225357628],[89.4256925654935,26.55607240040299],[89.42676873749474,26.55523737108318],[89.42708567404983,26.55646829414017],[89.42920215409916,26.555953923901416],[89.4303346935008,26.555889480471173],[89.43052503242286,26.555398923078407],[89.42987232026364,26.554187273850953],[89.42940713409993,26.55258889072087],[89.43050922954897,26.550607312322082],[89.43041786560009,26.54936803620379],[89.42999978860826,26.54833737846742],[89.43009175222484,26.54651290929212],[89.4284331066284,26.545652302867204],[89.43066314123469,26.541968467830998],[89.42917185773867,26.540238681896366],[89.42512676352473,26.540871609827438],[89.42635446698276,26.543666283401013],[89.42400570117415,26.544098823204607],[89.42312973350424,26.54299922454382],[89.42329691394465,26.540690673213575],[89.42161052214654,26.540890807571067],[89.42077170785721,26.54036360443425]]]}},{"type":"Feature","properties":{"Village_Name":"Mechiabasti (CT)","Village_Code":"307148","Block_Name":"Kalchini","District":"Alipurduar","Vill_Cat":"partly_urban","State_LGD":"19","Dist_LGD":"328N002","Subdis_LGD":"2171"},"geometry":{"type":"Polygon","coordinates":[[[89.3643705583978,26.81861203150328],[89.34902202314387,26.820067967799112],[89.34919712836665,26.821486386255334],[89.34930837249318,26.82297805928607],[89.35004070393289,26.823615642625896],[89.35148808587576,26.825757414644325],[89.35223071677596,26.827622114938034],[89.3523887412789,26.828697887502138],[89.35311600650552,26.829331024026082],[89.35459250253494,26.8319009252734],[89.35634126170733,26.834985164040518],[89.3575622109878,26.8361379643572],[89.35999906175218,26.838439102077594],[89.36084289089162,26.840563757403313],[89.36121388309742,26.842443624863904],[89.36162674478604,26.84391670111567],[89.36251875264497,26.845693104121576],[89.36454769390454,26.84553735381444],[89.3662730320167,26.84577921012658],[89.36696589103002,26.84499152895404],[89.3675673227567,26.84488670365321],[89.36832082340996,26.844837985067866],[89.37082274065563,26.84686258641259],[89.37108604951807,26.846704758353248],[89.37155773057523,26.846408071736132],[89.37202132700043,26.846206273554152],[89.37361815976236,26.845110104945203],[89.37253465330835,26.844289045422503],[89.37197819709152,26.84389680701766],[89.37197861680616,26.843675707047826],[89.37189125443946,26.84358693118625],[89.37150271110043,26.843286627679934],[89.37065185077832,26.84204202385439],[89.37068432093967,26.841427834691064],[89.37121523768539,26.840836871288083],[89.37066467737722,26.840002342042443],[89.36988028983555,26.840015492709973],[89.36955628901893,26.839190696553764],[89.36867520262405,26.83890766253409],[89.36815275159003,26.83893897491378],[89.36760938356468,26.839173679731207],[89.3671221267405,26.83920439924372],[89.3667226162118,26.83885914311962],[89.36648124851912,26.838136734035043],[89.36638410157498,26.83733520553543],[89.36637078161638,26.83669470971349],[89.36733902517886,26.836574722866192],[89.36729703400839,26.836006901328673],[89.36850749865357,26.836167114234154],[89.36936624052399,26.836585888710918],[89.37090259215388,26.836695498134944],[89.37235807061556,26.836544746638268],[89.37220994271215,26.835229699385057],[89.37073187916235,26.835019859627003],[89.37068230237216,26.83577872401839],[89.37027616978776,26.835356883345582],[89.3684262206681,26.833470237755805],[89.36742473391082,26.83223264291335],[89.36760937099942,26.83167907475944],[89.36839646506095,26.832040399701945],[89.37023352648949,26.832343514995678],[89.37083629671386,26.832306337581922],[89.370003729377,26.830244727457952],[89.3694051867798,26.828310040502814],[89.36799456179949,26.82771099601506],[89.36759465708995,26.826377594686605],[89.36715683058908,26.826606016776815],[89.36647876746696,26.826648948741497],[89.36593063638954,26.826409953102534],[89.36587626140617,26.82572953429477],[89.36590092144151,26.824980111102455],[89.36588557474748,26.823757585062328],[89.36600808986482,26.822392877207637],[89.36574309296323,26.820772947894554],[89.36492648512537,26.818986268241513],[89.3643705583978,26.81861203150328]]]}},{"type":"Feature","properties":{"Village_Name":"Beech Tea Garden","Village_Code":"307116","Block_Name":"Kalchini","District":"Alipurduar","Vill_Cat":"rural","State_LGD":"19","Dist_LGD":"328N002","Subdis_LGD":"2171"},"geometry":{"type":"Polygon","coordinates":[[[89.33994601157583,26.742942694029704],[89.33752371590842,26.744665717867345],[89.33579835603604,26.74557404487552],[89.3340273781745,26.746956886923574],[89.33349038538776,26.747732806534067],[89.33392481204977,26.748578461311265],[89.33476362796574,26.748799278755783],[89.33574519799964,26.748873348937906],[89.33626223239119,26.74884226474809],[89.33670261078912,26.748749272215374],[89.3370449158759,26.749267044142243],[89.3368743372262,26.75001888336806],[89.33438224744009,26.751779110610997],[89.33125832601452,26.753861036549477],[89.3317519011869,26.754895237045105],[89.33254456395984,26.75580719454583],[89.33347816147838,26.755990359851157],[89.33410636866508,26.756232695798317],[89.3342974888179,26.75673040308504],[89.33431883289332,26.75703688125639],[89.33441573667471,26.758334800915282],[89.33419359628884,26.75951614824233],[89.33427026772759,26.76105354776542],[89.33442231467363,26.76258970456435],[89.33414587074525,26.7645570701226],[89.33326724720655,26.766083134168326],[89.33347853028803,26.766828680470624],[89.33384864101005,26.768212342293143],[89.33458768545964,26.77042919161706],[89.33538524427827,26.77353848522865],[89.33563614738655,26.776954593200077],[89.33750347178322,26.77632817345847],[89.34004001471976,26.775487625031754],[89.34054381431937,26.775050641567088],[89.34048427901878,26.774844065105206],[89.340155499256,26.774010231025542],[89.3398447279995,26.772828659923725],[89.33976925671723,26.771354419563718],[89.33960898137367,26.768685849237478],[89.339346153439,26.76616336085347],[89.33929432622587,26.763389216279233],[89.34192139932341,26.763300688177875],[89.34603525727309,26.763160424834286],[89.34953439801912,26.76294901883497],[89.35364896097693,26.76284461955269],[89.35673919840134,26.762793243242733],[89.35658003721568,26.759465913596568],[89.35656939572827,26.75627147667207],[89.35639193262286,26.7527865215849],[89.3565966081769,26.74955240397424],[89.35652067415108,26.74246053106855],[89.35659250041803,26.739363984023203],[89.35522455829886,26.739070867523782],[89.35359611773401,26.739305475183645],[89.3524787562331,26.740443045342055],[89.35200435240141,26.741078112172723],[89.35081481724448,26.741151991478745],[89.3482657804941,26.741099489458236],[89.34691344813399,26.742055911105282],[89.34583659808457,26.742723493566604],[89.34550571471144,26.742273238090547],[89.34546957610212,26.74173688403541],[89.3456621054564,26.741323088868835],[89.34532611028746,26.740868404213682],[89.344740264362,26.740972853067166],[89.34445771107555,26.740183379166435],[89.34406076393795,26.739941772998684],[89.33994601157583,26.742942694029704]]]}},{"type":"Feature","properties":{"Village_Name":"Malangi Tea Garden","Village_Code":"307115","Block_Name":"Kalchini","District":"Alipurduar","Vill_Cat":"rural","State_LGD":"19","Dist_LGD":"328N002","Subdis_LGD":"2171"},"geometry":{"type":"Polygon","coordinates":[[[89.32837138244055,26.723428383221716],[89.32842586739608,26.72388322453691],[89.32855652799911,26.724377424835687],[89.32873454359017,26.72448279580261],[89.32905109585073,26.724482109207006],[89.329255607639,26.724654726754864],[89.32930550242094,26.72488403199686],[89.32925713854343,26.725223243593017],[89.32907247395508,26.72528493624006],[89.3285904279828,26.72530187774212],[89.32815879867148,26.725327014068682],[89.3279223033516,26.725804681745714],[89.32806905235014,26.728816446846686],[89.32814653899312,26.72990713602699],[89.3273227417862,26.731157013281262],[89.3265400732453,26.73195950111461],[89.326261820085,26.73334932349249],[89.32670623200087,26.73469118966482],[89.32794844530994,26.735478486570795],[89.32810580085034,26.736048956161618],[89.32810632108652,26.736567855002058],[89.32816249883996,26.73735206044414],[89.3281364908201,26.73903554975091],[89.32822744184021,26.740292968603917],[89.32861057868305,26.74133802413626],[89.3291847026874,26.742876285232573],[89.33025288959026,26.74596765022824],[89.33077961955881,26.74789022001444],[89.33129302050166,26.749158733529768],[89.33196247454805,26.749946382400225],[89.33199671402825,26.75039252829214],[89.33179249584519,26.751221624412235],[89.33146960121938,26.753131093648765],[89.33125832601452,26.753861036549477],[89.33438224744009,26.751779110610997],[89.3368743372262,26.75001888336806],[89.3370449158759,26.749267044142243],[89.33670261078912,26.748749272215374],[89.33626223239119,26.74884226474809],[89.33574519799964,26.748873348937906],[89.33476362796574,26.748799278755783],[89.33392481204977,26.748578461311265],[89.33349038538776,26.747732806534067],[89.3340273781745,26.746956886923574],[89.33579835603604,26.74557404487552],[89.33752371590842,26.744665717867345],[89.33994601157583,26.742942694029704],[89.34406076393795,26.739941772998684],[89.34445771107555,26.740183379166435],[89.344740264362,26.740972853067166],[89.34532611028746,26.740868404213682],[89.3456621054564,26.741323088868835],[89.34546957610212,26.74173688403541],[89.34550571471144,26.742273238090547],[89.34583659808457,26.742723493566604],[89.34691344813399,26.742055911105282],[89.3482657804941,26.741099489458236],[89.35081481724448,26.741151991478745],[89.35200435240141,26.741078112172723],[89.3524787562331,26.740443045342055],[89.35359611773401,26.739305475183645],[89.35522455829886,26.739070867523782],[89.35659250041803,26.739363984023203],[89.3570498452456,26.73644151403427],[89.35784458519885,26.734041356163992],[89.35909242425912,26.731683290396994],[89.36237540073368,26.729571075572725],[89.35912431018289,26.730062888292835],[89.35652240942865,26.730358840428963],[89.35392393686293,26.730577980511942],[89.35212584927797,26.730621358620322],[89.351554893095,26.729981074279678],[89.3518121510919,26.727341687158226],[89.35191247872417,26.724646244235363],[89.35243565921392,26.71856866544454],[89.35112494259907,26.719091254242606],[89.34979786643828,26.719307273027795],[89.3489814296881,26.717475307242374],[89.34984994948059,26.716951041443096],[89.34970659008967,26.716087073415924],[89.34930823838982,26.71577330593082],[89.34925295706594,26.71503873240781],[89.34883900831781,26.714454489336305],[89.34880426237524,26.71398579531055],[89.34936042841268,26.713421583826445],[89.34856950952097,26.71185089665209],[89.34829984146758,26.711196579577884],[89.34730438680347,26.710919761983767],[89.34644723779472,26.711506993517755],[89.34667424444659,26.713511171311342],[89.34631459380816,26.715818348199793],[89.34315398359225,26.71654291754623],[89.34199940902673,26.717085403861727],[89.34227597513659,26.718813527924627],[89.34233130734525,26.719552617328407],[89.34264928825233,26.719867732113443],[89.34305543360314,26.720316756315906],[89.34316393317884,26.720707526054134],[89.34245738179106,26.72129224913518],[89.341488773624,26.721348854880237],[89.33790280452679,26.721430578554237],[89.3349016483923,26.72234636989926],[89.33407219703139,26.722328438495552],[89.33387783375834,26.721668340017175],[89.3333558966289,26.721699490086674],[89.33253189713837,26.72268768697827],[89.33205882321079,26.723390351880465],[89.33129683683293,26.723231415931227],[89.32981179569943,26.722357886305268],[89.32903664549845,26.72278574516447],[89.32837138244055,26.723428383221716]]]}},{"type":"Feature","properties":{"Village_Name":"Parmalangi","Village_Code":"307107","Block_Name":"Kalchini","District":"Alipurduar","Vill_Cat":"rural","State_LGD":"19","Dist_LGD":"328N002","Subdis_LGD":"2171"},"geometry":{"type":"Polygon","coordinates":[[[89.32748405722114,26.723776854912035],[89.32654952203157,26.724275000931897],[89.32651624506923,26.724862138106193],[89.32698191993008,26.72552230832981],[89.3279223033516,26.725804681745714],[89.32815879867148,26.725327014068682],[89.3285904279828,26.72530187774212],[89.32907247395508,26.72528493624006],[89.32925713854343,26.725223243593017],[89.32930550242094,26.72488403199686],[89.329255607639,26.724654726754864],[89.32905109585073,26.724482109207006],[89.32873454359017,26.72448279580261],[89.32855652799911,26.724377424835687],[89.32842586739608,26.72388322453691],[89.32837138244055,26.723428383221716],[89.32748405722114,26.723776854912035]]]}},{"type":"Feature","properties":{"Village_Name":"Satali Tea Garden (CT)","Village_Code":"307114","Block_Name":"Kalchini","District":"Alipurduar","Vill_Cat":"partly_urban","State_LGD":"19","Dist_LGD":"328N002","Subdis_LGD":"2171"},"geometry":{"type":"Polygon","coordinates":[[[89.3590478292457,26.714907747129665],[89.35855235194562,26.715245376334043],[89.3585885331375,26.715781725014832],[89.35827926375316,26.716134305774553],[89.35782768423769,26.716164374210155],[89.35764119285535,26.716135889041205],[89.35733982385048,26.716628214570854],[89.35697101485896,26.717261537854565],[89.35713601322675,26.71795367289961],[89.3574712342903,26.718372246801742],[89.35693760003237,26.718809773630785],[89.35559399383457,26.718710267599306],[89.35458663191628,26.718835287696695],[89.35388651617794,26.7185084955817],[89.35351345580791,26.717959686444516],[89.35317079180703,26.71791122661053],[89.35279938127785,26.717930924543502],[89.35243565921392,26.71856866544454],[89.35191247872417,26.724646244235363],[89.3518121510919,26.727341687158226],[89.351554893095,26.729981074279678],[89.35212584927797,26.730621358620322],[89.35392393686293,26.730577980511942],[89.35652240942865,26.730358840428963],[89.35912431018289,26.730062888292835],[89.36237540073368,26.729571075572725],[89.3674328864074,26.7291979399271],[89.37199408682159,26.729126218485174],[89.37518825997145,26.72880201628985],[89.3774891260754,26.72853333416539],[89.38002489486315,26.728445670838717],[89.38510086676546,26.728243058898375],[89.38617293544328,26.72784600266018],[89.38571866486045,26.727267070182105],[89.38560709678762,26.72673651627163],[89.38558522768372,26.72592921399708],[89.38540489394636,26.72451092734115],[89.38469371720905,26.72149073777808],[89.38398078429121,26.71790204267638],[89.38394747812441,26.717027247930506],[89.38345253138091,26.716904714559828],[89.38312131838337,26.716923816730723],[89.38282667268757,26.71700998642657],[89.38261436254778,26.7171895259916],[89.3822100617625,26.717318145102723],[89.38141840546571,26.71766533849503],[89.3793462261822,26.718530352443377],[89.37679471682901,26.720026047502376],[89.37636187298867,26.71974903583473],[89.37592054078425,26.719305215178178],[89.37484307604063,26.7194405777977],[89.37331168335008,26.719493286268033],[89.37286082594669,26.71641000383757],[89.37262432037926,26.712759112712824],[89.36969626180391,26.712568914553998],[89.36561815770695,26.71264600995641],[89.36310558373805,26.712624721219594],[89.36062919114973,26.712896076381256],[89.36073206632618,26.71325533877692],[89.36071970213527,26.71363005647866],[89.3605222448149,26.714043950885888],[89.35969184243173,26.714463865037988],[89.3590478292457,26.714907747129665]]]}},{"type":"Feature","properties":{"Village_Name":"Uttar Satali (CT)","Village_Code":"307149","Block_Name":"Kalchini","District":"Alipurduar","Vill_Cat":"partly_urban","State_LGD":"19","Dist_LGD":"328N002","Subdis_LGD":"2171"},"geometry":{"type":"Polygon","coordinates":[[[89.34999872721188,26.70046549008003],[89.3502053100115,26.70122914423702],[89.35015874133461,26.703120530582222],[89.35013229189741,26.703545115967756],[89.34966752181441,26.70390927814371],[89.3498859560994,26.704271149318256],[89.35015528336716,26.70442010331921],[89.35022240538946,26.704752895520407],[89.34983222396279,26.705079725105865],[89.34943456033729,26.704797529618144],[89.34920062197631,26.705148843629328],[89.34938100935224,26.705615125894187],[89.34954464334223,26.70624412494756],[89.34920884505853,26.70677310183489],[89.34881215056207,26.707027841740626],[89.34842163443506,26.706849306101223],[89.34812462458098,26.70633080671748],[89.34765942388988,26.70618509020404],[89.34724902239196,26.70675139524281],[89.34711799177927,26.707466492344153],[89.34663117549526,26.708471744448566],[89.34539781872525,26.709087753632154],[89.34331023186114,26.709207984711014],[89.34304934147036,26.709225830320687],[89.34335418064823,26.710863243039185],[89.3438354425028,26.71203749223346],[89.34376114658365,26.712580185681578],[89.34365745433864,26.71315946256779],[89.34339750434894,26.713714247361477],[89.34276057357589,26.714261723132665],[89.34265067561451,26.71527427387667],[89.34315398359225,26.71654291754623],[89.34631459380816,26.715818348199793],[89.34667424444659,26.713511171311342],[89.34644723779472,26.711506993517755],[89.34730438680347,26.710919761983767],[89.34829984146758,26.711196579577884],[89.34856950952097,26.71185089665209],[89.34936042841268,26.713421583826445],[89.34880426237524,26.71398579531055],[89.34883900831781,26.714454489336305],[89.34925295706594,26.71503873240781],[89.34930823838982,26.71577330593082],[89.34970659008967,26.716087073415924],[89.34984994948059,26.716951041443096],[89.3489814296881,26.717475307242374],[89.34979786643828,26.719307273027795],[89.35112494259907,26.719091254242606],[89.35243565921392,26.71856866544454],[89.35279938127785,26.717930924543502],[89.35317079180703,26.71791122661053],[89.35351345580791,26.717959686444516],[89.35388651617794,26.7185084955817],[89.35458663191628,26.718835287696695],[89.35559399383457,26.718710267599306],[89.35693760003237,26.718809773630785],[89.3574712342903,26.718372246801742],[89.35713601322675,26.71795367289961],[89.35697101485896,26.717261537854565],[89.35733982385048,26.716628214570854],[89.35764119285535,26.716135889041205],[89.35782768423769,26.716164374210155],[89.35827926375316,26.716134305774553],[89.3585885331375,26.715781725014832],[89.35855235194562,26.715245376334043],[89.3590478292457,26.714907747129665],[89.35969184243173,26.714463865037988],[89.3605222448149,26.714043950885888],[89.36071970213527,26.71363005647866],[89.36073206632618,26.71325533877692],[89.36062919114973,26.712896076381256],[89.36310558373805,26.712624721219594],[89.36561815770695,26.71264600995641],[89.36969626180391,26.712568914553998],[89.37262432037926,26.712759112712824],[89.3723200697593,26.7102012939037],[89.37168394002275,26.70714365986382],[89.37101302200624,26.703617336534844],[89.37095817458699,26.702909842820905],[89.3713629074061,26.70280381078845],[89.37263171667158,26.70269686764055],[89.37315311331675,26.70216022487315],[89.37320701886819,26.701852495987197],[89.3727130673431,26.70080491043747],[89.37184572024316,26.698707717799735],[89.3696554951027,26.698469068595255],[89.36832358931946,26.69868081673603],[89.36719970640851,26.698749204346385],[89.36630301985312,26.698872452910795],[89.36513730131148,26.69934761806569],[89.36479215502908,26.698690080245303],[89.36450959515702,26.697900644374254],[89.36400756773217,26.697187059681283],[89.36369090370606,26.696935140058326],[89.36352899421534,26.696879178655866],[89.36264715777318,26.695043867221955],[89.36193368697234,26.694550378614625],[89.36469203928053,26.692383715704086],[89.36579192297843,26.691399777938834],[89.36459878221558,26.690056981060504],[89.36370389851051,26.689047621372797],[89.36342417323507,26.68863715800684],[89.36194311218138,26.688675348419274],[89.36196560324595,26.68708668196812],[89.36137493509409,26.687186754008525],[89.36134685025398,26.68631185557614],[89.36001524833736,26.68653253907403],[89.3596517520676,26.686687484153882],[89.35971516568382,26.68708350338297],[89.35996865161175,26.687440264912116],[89.36002369881852,26.687673983895063],[89.35977764420906,26.687921734041257],[89.35946788931795,26.688247249389953],[89.35930347783697,26.688556811896003],[89.35933118346168,26.68892635182891],[89.35946146170666,26.68915430797807],[89.35922256117394,26.68950571826404],[89.35911254427461,26.69001742583821],[89.35943550122674,26.690332422765263],[89.35966091005353,26.690788919829956],[89.35975947842334,26.691184353527735],[89.3593200787394,26.69180080521319],[89.3595533002947,26.692392537573948],[89.35947201886546,26.69283608445499],[89.35825834443885,26.69317662299162],[89.35637667844249,26.693523732618853],[89.35580764577529,26.693456473080744],[89.355814410346,26.694029410064847],[89.35622608224767,26.69450538120104],[89.35658568366308,26.694891971777437],[89.3571324013478,26.695094964660353],[89.35741519406474,26.695410633586633],[89.35710745712072,26.69583537933396],[89.35675108527121,26.69609398181806],[89.35609119078293,26.69576201211621],[89.35564536194244,26.695823560189034],[89.3556865371739,26.696359828549088],[89.3558514871715,26.697051968793346],[89.35606490329863,26.69741391455186],[89.35620838618874,26.697795068162222],[89.35583098152722,26.69825255494069],[89.35219138399351,26.69813244494569],[89.3506742205261,26.69788685412792],[89.34895048944898,26.697856739374384],[89.34826334088687,26.69766506236148],[89.34875523257898,26.69837887576741],[89.34914004971114,26.69852592080436],[89.34940059128425,26.69898185291382],[89.34932502927369,26.69946139844647],[89.34921496213092,26.699973100688428],[89.34934671514287,26.700273237624852],[89.3494587299789,26.700835408948254],[89.34971254070543,26.700718400727336],[89.34999872721188,26.70046549008003]]]}},{"type":"Feature","properties":{"Village_Name":"Madhu Tea Garden","Village_Code":"307113","Block_Name":"Kalchini","District":"Alipurduar","Vill_Cat":"rural","State_LGD":"19","Dist_LGD":"328N002","Subdis_LGD":"2171"},"geometry":{"type":"Polygon","coordinates":[[[89.37101302200624,26.703617336534844],[89.37168394002275,26.70714365986382],[89.3723200697593,26.7102012939037],[89.37262432037926,26.712759112712824],[89.37286082594669,26.71641000383757],[89.37331168335008,26.719493286268033],[89.37484307604063,26.7194405777977],[89.37592054078425,26.719305215178178],[89.37636187298867,26.71974903583473],[89.37679471682901,26.720026047502376],[89.3793462261822,26.718530352443377],[89.38141840546571,26.71766533849503],[89.3822100617625,26.717318145102723],[89.38261436254778,26.7171895259916],[89.38282667268757,26.71700998642657],[89.38312131838337,26.716923816730723],[89.38345253138091,26.716904714559828],[89.38394747812441,26.717027247930506],[89.38398078429121,26.71790204267638],[89.38469371720905,26.72149073777808],[89.38540489394636,26.72451092734115],[89.38558522768372,26.72592921399708],[89.38560709678762,26.72673651627163],[89.38571866486045,26.727267070182105],[89.38617293544328,26.72784600266018],[89.38863854583518,26.726085369276095],[89.39083279058619,26.72480755587893],[89.39079143043483,26.72427131136394],[89.390712978817,26.723162652970757],[89.39058239038418,26.722203773330452],[89.39140434772308,26.721143103011222],[89.39160184019147,26.720255398026048],[89.3917247443555,26.719405047372813],[89.39175669607192,26.718290014971835],[89.3917081439127,26.7176501123197],[89.39136429423459,26.71706482287604],[89.39055374991126,26.716266305514786],[89.39040817510617,26.715551331776346],[89.39010623182597,26.714085467983914],[89.39014580829082,26.713574931436533],[89.39036393015947,26.712953094276568],[89.39063741826274,26.71209569386617],[89.39063681269673,26.71158583428507],[89.39027085549088,26.71066250352423],[89.39005890836097,26.71037729835005],[89.38910478410742,26.709436799714265],[89.38844422806967,26.708599643115782],[89.3881414226685,26.707571463208946],[89.3876055577141,26.7069307359318],[89.38617116141569,26.705362085756207],[89.38452146082491,26.70358496664044],[89.3840662521277,26.70199080688071],[89.38420990710846,26.701410838317095],[89.38461944335698,26.700812865383128],[89.38512130199793,26.700547238382423],[89.38563478575247,26.69987532115839],[89.38594885426023,26.699518093245963],[89.38745784205156,26.699127227620778],[89.3889128634357,26.699039569122718],[89.39003596788484,26.698934925432486],[89.39134710075422,26.698452597712006],[89.39172209554593,26.697886772953538],[89.39228419552428,26.696659022944715],[89.39222790469842,26.69588839815228],[89.39230920510366,26.694971065408645],[89.3919850339742,26.693640938660486],[89.39205331833624,26.693062235106492],[89.39224885009124,26.691601521200422],[89.3917259729211,26.690617663906814],[89.38878050314638,26.690288251716733],[89.38761394303515,26.690713973868913],[89.38783490167677,26.693119739725624],[89.38790839789145,26.695198598929164],[89.38478459010484,26.695959536148724],[89.3818943643894,26.696842826620603],[89.38198583238388,26.698100180428252],[89.3795087506505,26.698078570349672],[89.37886580209594,26.69542266721245],[89.37857657673783,26.693591067105544],[89.37855226981235,26.692179169149927],[89.3761450922808,26.69309936499612],[89.37308264860945,26.694156820518366],[89.37308524084987,26.695736036339895],[89.37399133255592,26.696794776449153],[89.37534619293652,26.697448927645087],[89.37607408441579,26.698149661849477],[89.37470963471701,26.698971155925033],[89.37346548296509,26.698811486423825],[89.37184572024316,26.698707717799735],[89.3727130673431,26.70080491043747],[89.37320701886819,26.701852495987197],[89.37315311331675,26.70216022487315],[89.37263171667158,26.70269686764055],[89.3713629074061,26.70280381078845],[89.37095817458699,26.702909842820905],[89.37101302200624,26.703617336534844]]]}},{"type":"Feature","properties":{"Village_Name":"Parmalangi","Village_Code":"307107","Block_Name":"Kalchini","District":"Alipurduar","Vill_Cat":"rural","State_LGD":"19","Dist_LGD":"328N002","Subdis_LGD":"2171"},"geometry":{"type":"Polygon","coordinates":[[[89.32845790057439,26.70694373688427],[89.32852730795751,26.707885657484535],[89.32818289483421,26.708243265270237],[89.32759354554408,26.708415377533832],[89.32685991756736,26.708657536759866],[89.32649639386224,26.70881691583887],[89.32629104246973,26.709095530081687],[89.32616659343854,26.71038807471216],[89.32621679240174,26.7111272609484],[89.32537560710024,26.713000099832666],[89.32433863793914,26.714140646512444],[89.32355165654818,26.714726596735865],[89.32379934679973,26.71504742097184],[89.32426657630693,26.715292451760735],[89.32564486139138,26.71561730311933],[89.32639809799117,26.71658410797271],[89.32685194978585,26.718146924412604],[89.32726571415171,26.71872672693723],[89.32751987626473,26.719611468262716],[89.32848701444108,26.719482786554757],[89.33049671954149,26.71922867652468],[89.33130703531714,26.719048406625486],[89.33201874980746,26.718468163405863],[89.33193511575192,26.717323430898166],[89.33197646835448,26.715901396448952],[89.33135659206563,26.714084130803457],[89.33108712368183,26.711462436260156],[89.33151829911898,26.71117107840571],[89.33230797194211,26.710720409688555],[89.33350025030207,26.70956371833873],[89.33400751864369,26.708323532773726],[89.33406805847787,26.70710423258318],[89.33353779977085,26.705984896551268],[89.33249406802052,26.70604718269951],[89.33145250471188,26.705229537734795],[89.33051326865727,26.704748622944393],[89.3296542493111,26.703765523708967],[89.32851471830807,26.70356313064315],[89.32762355112398,26.702233102339076],[89.32645569705112,26.70162505287459],[89.32727937830808,26.703096075792683],[89.32737062591524,26.70437154573998],[89.32845790057439,26.70694373688427]]]}},{"type":"Feature","properties":{"Village_Name":"Parmalangi","Village_Code":"307107","Block_Name":"Kalchini","District":"Alipurduar","Vill_Cat":"rural","State_LGD":"19","Dist_LGD":"328N002","Subdis_LGD":"2171"},"geometry":{"type":"Polygon","coordinates":[[[89.32215784419661,26.69432241629382],[89.3219589907678,26.6946731147659],[89.32239693448727,26.69546010677849],[89.32276229934101,26.696383654020355],[89.32236586987985,26.697148202228064],[89.32317509146753,26.697911066148095],[89.3239436273411,26.699143865962444],[89.32407552768765,26.699949400278783],[89.32450839434321,26.700731954844795],[89.32645569705112,26.70162505287459],[89.32762355112398,26.702233102339076],[89.32851471830807,26.70356313064315],[89.3296542493111,26.703765523708967],[89.33051326865727,26.704748622944393],[89.33162307595656,26.704477702467095],[89.33224213905558,26.704778872371264],[89.33266679430454,26.704415423914543],[89.33371553258415,26.704353054855723],[89.33372730992849,26.70246674523989],[89.3329590615111,26.702240230628917],[89.33179930146657,26.702277343519135],[89.33183288680418,26.700720067785134],[89.33155773786373,26.699050546147795],[89.33091173197018,26.698411395418802],[89.3308912462725,26.698145509918152],[89.33023894211613,26.697443287915473],[89.33073881744646,26.697074097919657],[89.33146449308788,26.6966921728304],[89.33144400752856,26.696426286898106],[89.33075113386805,26.69619851927707],[89.32877546164892,26.694895327735136],[89.32861666076842,26.693756334057277],[89.32830099554148,26.69256125292771],[89.32725689147719,26.69111640640048],[89.32652302105926,26.690352330073193],[89.32553409603982,26.690138411568217],[89.3242866379708,26.690551412612088],[89.32314135404575,26.691296638642196],[89.32266331253449,26.691999352046615],[89.32215784419661,26.69432241629382]]]}},{"type":"Feature","properties":{"Village_Name":"Dakshin Dhalkar","Village_Code":"307281","Block_Name":"Alipurduar - II","District":"Alipurduar","Vill_Cat":"rural","State_LGD":"19","Dist_LGD":"328N002","Subdis_LGD":"2174"},"geometry":{"type":"Polygon","coordinates":[[[89.59787832151696,26.528247860904166],[89.59249320678286,26.52877003678411],[89.59297591742181,26.52993883411862],[89.58936164673116,26.530924962254254],[89.58693954355019,26.531171984888797],[89.58359636516997,26.531277756231244],[89.58245866605499,26.530869756442854],[89.58269335122732,26.531718236707786],[89.582567017762,26.53301993129828],[89.58216130777387,26.53371759251929],[89.58127610776656,26.534730743858844],[89.58050712314889,26.535110130449567],[89.58044907627202,26.53655045379084],[89.58079397116136,26.537392430131277],[89.58140909070536,26.53798135820097],[89.58147340897509,26.538837439540632],[89.58174388839771,26.540163524877226],[89.58115952242244,26.540724555749716],[89.5803823552144,26.540964224832983],[89.57981012695211,26.541619778985996],[89.57997751683318,26.542374733500996],[89.57964866006755,26.542922108317573],[89.58170039320939,26.543372215880492],[89.58421984560574,26.54365138433465],[89.58397981119948,26.54122387112797],[89.58554941684491,26.540978825591033],[89.58579599201639,26.5423549647316],[89.59042033698064,26.541878424409756],[89.59069632921714,26.544783515598784],[89.59266903635032,26.544616782908893],[89.59225630847459,26.542102200845996],[89.59588852962335,26.542121784106495],[89.6016961636268,26.542291056712088],[89.60166981949283,26.542679549782243],[89.60515584928952,26.542223318374592],[89.60500061566948,26.538684418019507],[89.60376333822644,26.538093434923844],[89.60250064858559,26.537931523065446],[89.60231973432145,26.537027960691486],[89.60294085506152,26.536989543825214],[89.60332837826101,26.536824550867532],[89.60345198594473,26.535856772854242],[89.60236684331,26.535781849820914],[89.60126138784925,26.536140419237878],[89.6010392399965,26.536965618979007],[89.60052730655097,26.536952404610375],[89.60044834643493,26.53589808914293],[89.60027592641504,26.53514776834636],[89.60000740158455,26.534584184672024],[89.60062861257686,26.5345502888772],[89.60018328633387,26.532374712506506],[89.60086658285819,26.532425408023617],[89.60098669332338,26.531746448375433],[89.60149257169712,26.531714654011626],[89.60174331252489,26.531267922222778],[89.60199629089111,26.530920407542958],[89.60253588617763,26.53127149584993],[89.60290173305354,26.53081363576688],[89.60377684106399,26.531140543635257],[89.60386456476246,26.530805069542254],[89.60270775236424,26.529774958359106],[89.60279537648525,26.529434974271418],[89.60349194107529,26.529629791797287],[89.60488405832088,26.529974316858038],[89.6050471258773,26.529199823171354],[89.60448109691201,26.52923272740737],[89.60416477626221,26.528773796011915],[89.60488062074333,26.528490005517106],[89.60418781984212,26.527573242134242],[89.60282332125196,26.527562075663194],[89.59787832151696,26.528247860904166]]]}},{"type":"Feature","properties":{"Village_Name":"Uttar Dhalkar","Village_Code":"307283","Block_Name":"Alipurduar - II","District":"Alipurduar","Vill_Cat":"rural","State_LGD":"19","Dist_LGD":"328N002","Subdis_LGD":"2174"},"geometry":{"type":"Polygon","coordinates":[[[89.61940175768824,26.547290445302355],[89.6183008193134,26.546304569841904],[89.61677553629342,26.545628768116707],[89.61644408209918,26.545612298062355],[89.61612757123477,26.545812116272312],[89.61539272410144,26.54614594385819],[89.6150006846048,26.545449310041572],[89.61374026206317,26.544949080632485],[89.61327721132596,26.544880876563326],[89.61318869050321,26.545180276154415],[89.61338290627269,26.546223438198147],[89.61346773607954,26.546645985979502],[89.61225683103059,26.546338841086655],[89.61161287313038,26.5453715988686],[89.61076627634262,26.545423212770416],[89.61058157258955,26.545241615902547],[89.61047629658651,26.544580317295026],[89.60964998397738,26.544198423271947],[89.60894009452018,26.54452724927021],[89.60848802957362,26.54383620540562],[89.6090672517244,26.54327516337943],[89.60875690532228,26.542861253492198],[89.60735261095209,26.5430945044361],[89.60663096600149,26.5417947876586],[89.60762736683937,26.541492311727716],[89.60783746317944,26.541244830405223],[89.60746920274102,26.540931236217485],[89.60697895730269,26.540768760961143],[89.60732047062007,26.540121840631762],[89.60656050571102,26.53978834130914],[89.60630645340977,26.539423023861676],[89.60640224686449,26.53922275371162],[89.60700794196259,26.538945477089484],[89.60708840153953,26.538510875511555],[89.60668442486859,26.538391938080746],[89.60596137061066,26.538581124505388],[89.6058940475065,26.538487608964203],[89.60626112469156,26.538083858170932],[89.60664966589538,26.537963956500718],[89.60662094130431,26.537580981726304],[89.60627314200622,26.537506132661704],[89.60545531695793,26.537940684761615],[89.60516256914896,26.53786031474657],[89.605266105046,26.53689290263823],[89.60401885555649,26.536969845244933],[89.60332837826101,26.536824550867532],[89.60294085506152,26.536989543825214],[89.60231973432145,26.537027960691486],[89.60250064858559,26.537931523065446],[89.60376333822644,26.538093434923844],[89.60500061566948,26.538684418019507],[89.60515584928952,26.542223318374592],[89.60166981949283,26.542679549782243],[89.6016961636268,26.542291056712088],[89.59588852962335,26.542121784106495],[89.59225630847459,26.542102200845996],[89.59266903635032,26.544616782908893],[89.59069632921714,26.544783515598784],[89.59042033698064,26.541878424409756],[89.58579599201639,26.5423549647316],[89.58554941684491,26.540978825591033],[89.58397981119948,26.54122387112797],[89.58421984560574,26.54365138433465],[89.58170039320939,26.543372215880492],[89.58054185210926,26.543830854127975],[89.58039398197558,26.544171919074792],[89.58159545583864,26.54495776549875],[89.58224639248402,26.545352030441688],[89.58192722788792,26.545660107760956],[89.58150386887574,26.54601970225117],[89.58166201891297,26.546585324737052],[89.582344389756,26.546591003067963],[89.58299932215266,26.5462678131768],[89.58382759757096,26.546740066926468],[89.5843446936309,26.546757757380334],[89.58463345192932,26.546883360565523],[89.5847773407667,26.54725974150162],[89.58566580363355,26.54773089136587],[89.58629312167844,26.5477420613481],[89.58680733344721,26.547854542557015],[89.58691136639878,26.54846625848721],[89.58909536824505,26.54876947166552],[89.59020257277922,26.54915089173439],[89.59019679316572,26.548893823742823],[89.59285201149763,26.54895830849562],[89.59505039123194,26.54967625160691],[89.59887340938843,26.551916575260076],[89.60178948902293,26.55353268868103],[89.60630295749401,26.555678968318126],[89.60974027093967,26.556820655564227],[89.61194472867098,26.556911079299883],[89.61370573661382,26.55691486111316],[89.61785907823175,26.55644604770037],[89.61785765720823,26.55644155146419],[89.61724824216536,26.554512717629233],[89.61765502202935,26.553869086615236],[89.61769940721275,26.552952388351965],[89.61765290133332,26.551568141128975],[89.61790829858654,26.550444535929365],[89.61882100961893,26.549769043519024],[89.61858244324195,26.54920495143393],[89.61797946761783,26.548719744429878],[89.61704606567778,26.548484240168648],[89.61700307190756,26.547916551616805],[89.61741444977781,26.547696940859407],[89.61940175768824,26.547290445302355]]]}},{"type":"Feature","properties":{"Village_Name":"Madhya Shibkata","Village_Code":"307286","Block_Name":"Alipurduar - II","District":"Alipurduar","Vill_Cat":"rural","State_LGD":"19","Dist_LGD":"328N002","Subdis_LGD":"2174"},"geometry":{"type":"Polygon","coordinates":[[[89.6213755671326,26.536367322602455],[89.619392836505,26.536304529929303],[89.61768546856841,26.5366607542624],[89.61698506677149,26.537183448463296],[89.61643467135671,26.538127487864156],[89.61609024831426,26.538864716163825],[89.61612616963636,26.539342301505936],[89.6166994044172,26.53940396204719],[89.61674012759822,26.539209209049957],[89.61688174145038,26.538818597909668],[89.617392655737,26.538786653468254],[89.61776308503332,26.539194927802175],[89.61750522944811,26.53954706941536],[89.61792027122412,26.53971088991294],[89.61833734397548,26.539301679668068],[89.61917939550351,26.539493741726243],[89.61953174159828,26.54043021714962],[89.61998976197204,26.540498494098998],[89.62046826051841,26.540805514142885],[89.62045143578757,26.54205106314536],[89.6209932902691,26.542496779884193],[89.62185659368501,26.54340128585371],[89.62204258436721,26.544300209114127],[89.62272846234092,26.545122251842777],[89.62357504570379,26.545070568152003],[89.62379459541667,26.545680119485215],[89.62446362873543,26.545541465342257],[89.62427060352027,26.54521566560834],[89.62452353740146,26.544868115045137],[89.62537400071028,26.544766719960695],[89.62668338408498,26.54037072336517],[89.6278011743087,26.54011550032894],[89.62838632068936,26.539599392894313],[89.62786304611707,26.538869124849814],[89.62621639463075,26.537487318312145],[89.62525545473939,26.537360653162978],[89.62360850736873,26.536845071295204],[89.62270353378769,26.536532376907402],[89.6213755671326,26.536367322602455]]]}},{"type":"Feature","properties":{"Village_Name":"Bhasardabri","Village_Code":"307280","Block_Name":"Alipurduar - II","District":"Alipurduar","Vill_Cat":"rural","State_LGD":"19","Dist_LGD":"328N002","Subdis_LGD":"2174"},"geometry":{"type":"Polygon","coordinates":[[[89.59211211678982,26.515607007150678],[89.58727859475086,26.51565420687687],[89.58649154310443,26.512983955216637],[89.58201174367596,26.513818634278824],[89.57836769285726,26.51502608150742],[89.57856960632735,26.51575785888814],[89.57877354678128,26.517477692091646],[89.57964352529838,26.51735817873474],[89.58037615751002,26.51737650151444],[89.58050147843426,26.518046496037726],[89.5798616476952,26.519262737410504],[89.58015284235341,26.520173369160684],[89.58155142009896,26.521262468258602],[89.58164842291643,26.52156300329308],[89.58122813977579,26.521832301960895],[89.58050472973174,26.52200331410733],[89.58038635716908,26.5223167732941],[89.58064291186592,26.52279940631659],[89.58177722508961,26.523284188730294],[89.58225549186083,26.52381243208517],[89.58244829571737,26.524359381897266],[89.58202800500354,26.52462868202289],[89.5816078132776,26.52490249207772],[89.58171397357499,26.525387846685916],[89.58198470819381,26.526055204221148],[89.58261309280849,26.526567189376163],[89.5832366702653,26.527088283721866],[89.5832856066594,26.527705516104458],[89.5833294289494,26.528318329495],[89.5836985112712,26.52934484594908],[89.58326489751883,26.530363354812117],[89.58245866605499,26.530869756442854],[89.58359636516997,26.531277756231244],[89.58693954355019,26.531171984888797],[89.58936164673116,26.530924962254254],[89.59297591742181,26.52993883411862],[89.59249320678286,26.52877003678411],[89.59787832151696,26.528247860904166],[89.60282332125196,26.527562075663194],[89.602784461801,26.52650702836682],[89.60415123593845,26.526175259427383],[89.60362249836462,26.524971251240714],[89.60310387554037,26.524881464956437],[89.60274006727312,26.522984137874396],[89.60223063920718,26.523079163590733],[89.60141923133689,26.52201565898204],[89.60168140536385,26.52163188345703],[89.60143622020914,26.5212122503601],[89.60015509468143,26.521781553526733],[89.59983491743108,26.521372309566864],[89.59884160642929,26.52180550822322],[89.59934046710083,26.522576951919834],[89.59857670906096,26.523181922902644],[89.5968512562011,26.52161619568287],[89.59559839472935,26.519653824160674],[89.59625309855905,26.51955166462288],[89.59545737795972,26.51873598510858],[89.59547714907883,26.51805434266227],[89.59606951472274,26.51807965005636],[89.59667966751108,26.519340864352127],[89.59733863214501,26.519428117755478],[89.59746044594164,26.519046907522444],[89.59723013124336,26.517950225281847],[89.59774653274758,26.517051991517416],[89.59854649760773,26.516942663994605],[89.5991960673276,26.516836073911787],[89.59874537020687,26.51575243665078],[89.5996644182926,26.516254535705976],[89.60009086708058,26.516039215404387],[89.59964907427822,26.51557353481309],[89.59875489897381,26.514394212068158],[89.59766308225421,26.514459229034266],[89.59719264841335,26.514057226729904],[89.59565877480466,26.514089674523706],[89.59456434701664,26.51805291303968],[89.5928993189604,26.518277216750754],[89.59211211678982,26.515607007150678]]]}},{"type":"Feature","properties":{"Village_Name":"Jashodanga","Village_Code":"307288","Block_Name":"Alipurduar - II","District":"Alipurduar","Vill_Cat":"rural","State_LGD":"19","Dist_LGD":"328N002","Subdis_LGD":"2174"},"geometry":{"type":"Polygon","coordinates":[[[89.62394199939968,26.507851020326168],[89.62379770375072,26.510768262147675],[89.61923159809909,26.510432626698364],[89.61931711072077,26.50956028817747],[89.61674886673103,26.509530746430148],[89.61660194369853,26.511455452034337],[89.6125610114591,26.51150248785621],[89.6118436132467,26.512598456561047],[89.61080518411684,26.51347020096918],[89.6107181788491,26.514279401848803],[89.61050501840326,26.515275893995774],[89.60987744824531,26.515688932910717],[89.60799999845291,26.51605265140868],[89.60694577639353,26.51667200136298],[89.60677435521997,26.517297760951802],[89.60734701378964,26.51800465981655],[89.60884845261931,26.51853213658137],[89.60939403791377,26.51892820986259],[89.60943809315293,26.51954551582408],[89.60816357372659,26.520182443303728],[89.60819188700033,26.52054737879985],[89.60879213115706,26.5206988182771],[89.60981391131936,26.52063950763866],[89.61032607583502,26.520666223032862],[89.61074847839309,26.521380369180726],[89.6112955132236,26.52183957166242],[89.61167538909756,26.522004058884992],[89.61284225448526,26.521928531678196],[89.61364366075071,26.52188225568924],[89.61415593281603,26.52191346689164],[89.61425312188406,26.522218483963083],[89.61377061099193,26.522615344606223],[89.61365386252042,26.522996473369396],[89.61368219427044,26.52336140680874],[89.61451305291229,26.52461397154346],[89.61457770097336,26.525474530688243],[89.61510153824423,26.526678581485687],[89.61679332345147,26.526525709865513],[89.61931281872853,26.525938016480552],[89.61957995220322,26.525554120161228],[89.61926880916846,26.52532522837942],[89.61852191273702,26.525122388978787],[89.61848067129479,26.524631366267275],[89.6187206852147,26.523936658890513],[89.61950777183152,26.523701118945276],[89.62052407024362,26.524503574183523],[89.62188920726071,26.526089158336383],[89.62119287439499,26.526566676325526],[89.62179833305257,26.527827849996193],[89.62096939280639,26.52842962379721],[89.62180170208467,26.52974076492091],[89.62117543546297,26.530212483329333],[89.62190910589263,26.531155474489804],[89.62312278631462,26.530709034826838],[89.62394868692391,26.531957113521724],[89.6261842843367,26.531013583214108],[89.62631035076572,26.52884111877918],[89.62713527518677,26.52718364478277],[89.62949169604984,26.524505338935107],[89.63063766360514,26.5250526683284],[89.63313021612721,26.519335411044793],[89.63527892467887,26.51438244391728],[89.63207919962102,26.513715170031816],[89.63172674213192,26.511014642131467],[89.62995067572534,26.510758664415476],[89.63035153193438,26.508323959016128],[89.62845115939636,26.507452145896732],[89.62749534190985,26.509301528111397],[89.62394199939968,26.507851020326168]]]}},{"type":"Feature","properties":{"Village_Name":"Pukhuria","Village_Code":"307287","Block_Name":"Alipurduar - II","District":"Alipurduar","Vill_Cat":"rural","State_LGD":"19","Dist_LGD":"328N002","Subdis_LGD":"2174"},"geometry":{"type":"Polygon","coordinates":[[[89.64691786949004,26.51894018303502],[89.64379048368774,26.51684163255468],[89.63933182922995,26.51310284016517],[89.63677776381375,26.511282252535217],[89.63527892467887,26.51438244391728],[89.63313021612721,26.519335411044793],[89.63063766360514,26.5250526683284],[89.62949169604984,26.524505338935107],[89.62713527518677,26.52718364478277],[89.62631035076572,26.52884111877918],[89.6261842843367,26.531013583214108],[89.62394868692391,26.531957113521724],[89.62312278631462,26.530709034826838],[89.62190910589263,26.531155474489804],[89.62117543546297,26.530212483329333],[89.62180170208467,26.52974076492091],[89.62096939280639,26.52842962379721],[89.62179833305257,26.527827849996193],[89.62119287439499,26.526566676325526],[89.62188920726071,26.526089158336383],[89.62052407024362,26.524503574183523],[89.61950777183152,26.523701118945276],[89.6187206852147,26.523936658890513],[89.61848067129479,26.524631366267275],[89.61852191273702,26.525122388978787],[89.61926880916846,26.52532522837942],[89.61957995220322,26.525554120161228],[89.61931281872853,26.525938016480552],[89.61679332345147,26.526525709865513],[89.61510153824423,26.526678581485687],[89.6148040965747,26.52749615444761],[89.61384056611622,26.52835752879384],[89.61366937647408,26.52899231451979],[89.61372614802737,26.529726689989428],[89.6138674322528,26.530649007613256],[89.61439375309159,26.531298068448173],[89.61606821599112,26.53258927941028],[89.61663159924879,26.53332337378878],[89.61702145042865,26.533925299364537],[89.6166579130208,26.535145635869906],[89.61708246435619,26.536171028356925],[89.61768546856841,26.5366607542624],[89.619392836505,26.536304529929303],[89.6213755671326,26.536367322602455],[89.62270353378769,26.536532376907402],[89.62360850736873,26.536845071295204],[89.62525545473939,26.537360653162978],[89.62849084695434,26.536484378729813],[89.62870376870632,26.535483360296713],[89.63152165846607,26.534998218513028],[89.63486977445024,26.534670151533263],[89.63891036063784,26.534793888209943],[89.64367710454583,26.534867944691776],[89.64938405406258,26.53525822418978],[89.6548069603838,26.53529263251727],[89.66209604331446,26.535774724209027],[89.66139458722961,26.533852331766774],[89.66127240044642,26.53225297794265],[89.66205031657735,26.530970674106335],[89.66134449195732,26.527988121823462],[89.66062635537057,26.5277308325011],[89.6570900312739,26.52553646933008],[89.65425433994119,26.52392450511318],[89.6510981683576,26.52189434276493],[89.64691786949004,26.51894018303502]]]}},{"type":"Feature","properties":{"Village_Name":"Baniagaon","Village_Code":"307306","Block_Name":"Alipurduar - II","District":"Alipurduar","Vill_Cat":"rural","State_LGD":"19","Dist_LGD":"328N002","Subdis_LGD":"2174"},"geometry":{"type":"Polygon","coordinates":[[[89.6548069603838,26.53529263251727],[89.64938405406258,26.53525822418978],[89.64367710454583,26.534867944691776],[89.63891036063784,26.534793888209943],[89.63486977445024,26.534670151533263],[89.63152165846607,26.534998218513028],[89.62870376870632,26.535483360296713],[89.62849084695434,26.536484378729813],[89.62525545473939,26.537360653162978],[89.62621639463075,26.537487318312145],[89.62786304611707,26.538869124849814],[89.62838632068936,26.539599392894313],[89.62900630375874,26.53951125418331],[89.63016448738051,26.538389018234895],[89.63057236368815,26.538458186716134],[89.63018836288457,26.539435295907793],[89.6323926711032,26.541510574152397],[89.63335681067349,26.542214628183924],[89.63462201057949,26.544677182627257],[89.63541957197307,26.54467596494849],[89.63663550411799,26.54651679415855],[89.63724946840397,26.54638361248423],[89.63810460348788,26.54714378780541],[89.63844777776832,26.547890884485646],[89.63804695382638,26.54944581951984],[89.63838658733064,26.54938087584636],[89.6386767818437,26.55022369820209],[89.63966631775573,26.550498621420758],[89.63972389785096,26.551260029499836],[89.64027920297123,26.551849789988264],[89.64067394676613,26.55331328056447],[89.64298846904943,26.552737967526436],[89.64333728206302,26.551323849266062],[89.64371976968353,26.551158840815464],[89.64341155787635,26.55084423293442],[89.64326530372277,26.55037322050177],[89.6440505943137,26.55027292251621],[89.64446438651814,26.551253297415055],[89.64543237418769,26.551244343374645],[89.64552604401422,26.55248331399941],[89.64661760081279,26.55261191814617],[89.64919195436927,26.552212143154698],[89.6507978123997,26.551582211176942],[89.6505363015286,26.5511178655536],[89.65220071977951,26.550635714115085],[89.65309162970729,26.551201124515142],[89.65434010336182,26.55117334974142],[89.65503949488799,26.55213483056487],[89.65790209140332,26.552054364992486],[89.65851880659459,26.55269253102799],[89.65945313664983,26.552963831191434],[89.66244688685963,26.554216268500532],[89.66453246478474,26.554808889394046],[89.66420970500411,26.553434368500998],[89.66380474280436,26.551975662799077],[89.66361885823065,26.55044518426585],[89.66286538996108,26.54975094617511],[89.6621749638976,26.54831110519722],[89.66200476652992,26.547023957567898],[89.66157633346133,26.544329490355913],[89.66215322205422,26.543244939175377],[89.6622606914777,26.541817251394246],[89.66319799430111,26.541569637529435],[89.66309439338985,26.541210642666307],[89.662285072211,26.541135537771172],[89.6625792764058,26.540191617329764],[89.66246488363876,26.538713936337807],[89.66161786770346,26.537222873259754],[89.66209604331446,26.535774724209027],[89.6548069603838,26.53529263251727]]]}},{"type":"Feature","properties":{"Village_Name":"Samuktala","Village_Code":"307337","Block_Name":"Alipurduar - II","District":"Alipurduar","Vill_Cat":"rural","State_LGD":"19","Dist_LGD":"328N002","Subdis_LGD":"2174"},"geometry":{"type":"Polygon","coordinates":[[[89.6714159404964,26.53947576759006],[89.66442646763616,26.54003075577303],[89.6625792764058,26.540191617329764],[89.662285072211,26.541135537771172],[89.66309439338985,26.541210642666307],[89.66319799430111,26.541569637529435],[89.6622606914777,26.541817251394246],[89.66215322205422,26.543244939175377],[89.66157633346133,26.544329490355913],[89.66200476652992,26.547023957567898],[89.6621749638976,26.54831110519722],[89.66286538996108,26.54975094617511],[89.66361885823065,26.55044518426585],[89.66380474280436,26.551975662799077],[89.66420970500411,26.553434368500998],[89.66453246478474,26.554808889394046],[89.66566739355689,26.55550951009079],[89.66641475190745,26.55637077351117],[89.66706757413628,26.5574819426051],[89.66727671937821,26.558714210612017],[89.67345577558767,26.558426887950695],[89.67937997771737,26.5581846996022],[89.67917150432416,26.55655542382539],[89.67985833353086,26.555026603022036],[89.68126521415493,26.55426021843134],[89.68416630502293,26.553894266833634],[89.68408034116597,26.553219148727745],[89.68240221845029,26.553322953306935],[89.68201136451597,26.552049021933374],[89.6826138106928,26.550345827551684],[89.6823286110458,26.547576568411568],[89.68053110532841,26.54707352818575],[89.68098678593378,26.545314450842525],[89.67970660102957,26.54483775291692],[89.67969857028112,26.54384535125855],[89.68136233574185,26.543561393239905],[89.682469058976,26.541758475559238],[89.68088262534135,26.54105294865848],[89.678896312985,26.541054222459938],[89.67743303722776,26.54003503930911],[89.67542651167541,26.538732786110195],[89.6714159404964,26.53947576759006]]]}},{"type":"Feature","properties":{"Village_Name":"Kohinoor Tea Garden","Village_Code":"307323","Block_Name":"Alipurduar - II","District":"Alipurduar","Vill_Cat":"rural","State_LGD":"19","Dist_LGD":"328N002","Subdis_LGD":"2174"},"geometry":{"type":"Polygon","coordinates":[[[89.68630449417343,26.553082468290665],[89.68416630502293,26.553894266833634],[89.68126521415493,26.55426021843134],[89.67985833353086,26.555026603022036],[89.67917150432416,26.55655542382539],[89.67937997771737,26.5581846996022],[89.68048288202152,26.559228678091145],[89.68197581832612,26.559570515564786],[89.68181055050285,26.561306079566343],[89.68240411458306,26.563311577417874],[89.6830821437402,26.565495943868715],[89.6847441247579,26.56662859936201],[89.68494534911778,26.56729702912962],[89.68474720379574,26.567621088930107],[89.68397126022721,26.567049214691586],[89.68301300298313,26.567910944532333],[89.68267896517817,26.56929327251467],[89.68063836758961,26.56849255950006],[89.67976796000053,26.56860369089997],[89.67945961965155,26.569367442003553],[89.67980751722398,26.57008725899946],[89.6805769778935,26.57059611544579],[89.68305044177654,26.570378074542933],[89.68394670178773,26.570514572275886],[89.68429599793296,26.571293000595407],[89.68540749637215,26.57140738318163],[89.68594730698864,26.571749100944068],[89.68550790797465,26.57270031132182],[89.68311680185566,26.57408534421911],[89.68439894439665,26.575491338815347],[89.68547976391046,26.576224382066936],[89.68618866469072,26.577790055239195],[89.68732691385684,26.579261895718805],[89.68826813350634,26.579171933871773],[89.68996773573689,26.579112749249393],[89.69142158256437,26.581417738432243],[89.69216651954211,26.58151643578676],[89.69335144869152,26.58326254261839],[89.6950318603603,26.585166181410578],[89.69613529878183,26.584716681017795],[89.69781001373414,26.58509097690951],[89.69909597410921,26.587074224783816],[89.69957057197624,26.588053247454663],[89.70044501915804,26.58981870917046],[89.70068337360826,26.587788505922365],[89.69980377162362,26.585161438496986],[89.69894298430553,26.583120506319464],[89.6985982103185,26.581471309026067],[89.69921643705212,26.57809397419918],[89.69949786267468,26.573193611143186],[89.6992590453088,26.56814520836082],[89.69879612222655,26.56594783845305],[89.69661826131028,26.566142501221414],[89.6958790036665,26.5632826404842],[89.69534005889076,26.55954824973793],[89.69614302211787,26.55956011752994],[89.69616582223202,26.55881978975297],[89.69796321692566,26.560378322987585],[89.69818662579681,26.56134858515878],[89.70226803749539,26.561036580035275],[89.70185934800506,26.55858554400006],[89.70425148261243,26.55726787754889],[89.70392084514351,26.554937176600003],[89.70508664034968,26.554806759488777],[89.70518410870626,26.55318977560595],[89.70491095137791,26.551597878778445],[89.70714638478799,26.55109071465647],[89.70982399154617,26.550615707252977],[89.71152897103306,26.549951641376445],[89.71251242583291,26.54847117953106],[89.71237191744927,26.547616665017504],[89.7142925656734,26.547805651357645],[89.71559614352532,26.54841692775282],[89.7159915207173,26.546889005663925],[89.71540259780487,26.545100137778633],[89.71322027221959,26.54529962791315],[89.71294406192031,26.543581484798093],[89.70993486661224,26.54253343981373],[89.70934424401271,26.541520555310083],[89.71278322648254,26.541437059743007],[89.71278312014697,26.541432550672475],[89.71314912057868,26.54142557997518],[89.71439272930674,26.541410911567475],[89.71538360320615,26.542804134191147],[89.71391726163374,26.540603384683443],[89.71355079041305,26.53909900359287],[89.71355933125754,26.53903567938369],[89.71330153862013,26.538738317029054],[89.708322588424,26.53966769370899],[89.70676126088382,26.539395094305025],[89.70682661315585,26.540255557681274],[89.70617056284591,26.540299602390146],[89.70693811926597,26.544575497564338],[89.70919232498895,26.545299601329262],[89.70889850311629,26.546243589006355],[89.7025811885709,26.545091338425582],[89.70268347789049,26.54731359233633],[89.69617238086391,26.547527226170075],[89.69299536051832,26.548097139130356],[89.69164473494259,26.546755662310233],[89.69100334478395,26.54506691726656],[89.68893406233825,26.545814314067794],[89.6872224996574,26.546415074107436],[89.69011521108999,26.548277891034875],[89.69129285700348,26.551233282444514],[89.69175242632156,26.552438209763967],[89.68866306821525,26.552257455626616],[89.68630449417343,26.553082468290665]]]}},{"type":"Feature","properties":{"Village_Name":"Kayakhata","Village_Code":"307278","Block_Name":"Alipurduar - II","District":"Alipurduar","Vill_Cat":"rural","State_LGD":"19","Dist_LGD":"328N002","Subdis_LGD":"2174"},"geometry":{"type":"Polygon","coordinates":[[[89.60146930356592,26.490639730596897],[89.597986314812,26.491163411012888],[89.59643155166687,26.49181434882599],[89.59440989765113,26.49310993010298],[89.59485675204093,26.494252314305417],[89.59500141140849,26.49511143860757],[89.59398349657873,26.496226325753764],[89.59302423776077,26.496158043858834],[89.59174500999524,26.49568499448182],[89.59109534556134,26.495782522768536],[89.59048328605105,26.496438830773343],[89.59053866169259,26.497119110191402],[89.59041673953165,26.497495806347704],[89.5883928251129,26.497803260106167],[89.58709606825019,26.49856221663483],[89.58662922947742,26.499211364242562],[89.58705924306055,26.500051788239578],[89.58793049284517,26.499995374850187],[89.58901161236288,26.49968248385928],[89.5904468833062,26.499286451915943],[89.59073729734523,26.499267641105114],[89.5910844082421,26.499987738175687],[89.5909207622891,26.50073967327799],[89.58962942084824,26.50106993203027],[89.58808285444279,26.500976188075537],[89.58684740562725,26.50111591083881],[89.58559332839016,26.501991388835037],[89.58619585536323,26.502697843860677],[89.58805336604102,26.50301606742372],[89.5887129161115,26.504028279963045],[89.59006320135582,26.505429496119774],[89.59124060520871,26.507393303990206],[89.59240968802355,26.508315022005373],[89.5934688045481,26.508805596871532],[89.59432676464449,26.509493830600636],[89.59524991646107,26.509066455801285],[89.59606675346288,26.509263640424493],[89.59689635907749,26.509582405980943],[89.59835584485799,26.51048073452897],[89.59988411002547,26.51131462738558],[89.60145794989049,26.51194464055436],[89.60316580518783,26.51028922337609],[89.604692288269,26.50904316208919],[89.60577485859184,26.508793280754304],[89.60585647997964,26.505078590481595],[89.6065876002705,26.505033645668533],[89.60571092339892,26.502184683917243],[89.6062151428999,26.50208523400917],[89.60547190128949,26.500036928592486],[89.60580113761858,26.499516569811515],[89.60359093451515,26.499344881489645],[89.60384074956833,26.49685883511608],[89.60692089063399,26.49691987593612],[89.60660433810531,26.49755731192441],[89.60735235924976,26.49781885727308],[89.60795012299293,26.496977759861874],[89.60767810398211,26.496256336625272],[89.60654387329095,26.4957672373139],[89.60592323173209,26.49537251674358],[89.6057821801774,26.494454688971317],[89.60630066548102,26.494544474400733],[89.60609229339805,26.493754207245583],[89.60678718705276,26.493218141798987],[89.60613541799742,26.492332205261484],[89.60533420859952,26.492378423930862],[89.6050769309745,26.490975443493205],[89.60543463768612,26.490829044681714],[89.60559042060719,26.489955423709418],[89.60587447077786,26.489878045855697],[89.60580349552686,26.48895442498272],[89.60429049310211,26.489230203243167],[89.60261957232504,26.489396051146144],[89.60273220767532,26.489944436216557],[89.60177943557098,26.48993925749744],[89.60146930356592,26.490639730596897]]]}},{"type":"Feature","properties":{"Village_Name":"Putimari","Village_Code":"307279","Block_Name":"Alipurduar - II","District":"Alipurduar","Vill_Cat":"rural","State_LGD":"19","Dist_LGD":"328N002","Subdis_LGD":"2174"},"geometry":{"type":"Polygon","coordinates":[[[89.58405122037036,26.500977106276498],[89.5833066818616,26.501766630361573],[89.58156535364881,26.501933518277102],[89.58093285784335,26.499436383379784],[89.57798206354549,26.49865957317785],[89.57597948268484,26.49835285631899],[89.57284323024147,26.4984771452754],[89.57102694022771,26.49865427816518],[89.57152723658096,26.499953698639548],[89.5722384383305,26.500590580816702],[89.5733988240047,26.5004568503681],[89.57427651286477,26.500463569986778],[89.5742020900149,26.501398867139837],[89.57406662771068,26.502520252379487],[89.5749038617245,26.50296083505895],[89.57454032145073,26.503973541742923],[89.57424272945988,26.504795559169654],[89.57344923317054,26.504967796681527],[89.5727166770611,26.504949431866482],[89.57220588597731,26.504981205884448],[89.57226236925085,26.505715620258105],[89.57287304277087,26.506115181921952],[89.5741992204266,26.506217578190135],[89.57432318092067,26.50682895236743],[89.57297056672476,26.50734064671835],[89.57250361262818,26.50798975506189],[89.57343936075138,26.50879853870553],[89.57605069229945,26.510307970796763],[89.57542290979717,26.510716354580012],[89.5755149742285,26.51102149715227],[89.57722663281469,26.510417562961212],[89.57815971167857,26.51110454140797],[89.57871431023014,26.511685562607898],[89.57849464872064,26.512627997719452],[89.57850581257416,26.513800874541197],[89.57825009688885,26.51425217144721],[89.57836769285726,26.51502608150742],[89.58201174367596,26.513818634278824],[89.58649154310443,26.512983955216637],[89.58727859475086,26.51565420687687],[89.59211211678982,26.515607007150678],[89.5928993189604,26.518277216750754],[89.59456434701664,26.51805291303968],[89.59565877480466,26.514089674523706],[89.59719264841335,26.514057226729904],[89.59766308225421,26.514459229034266],[89.59875489897381,26.514394212068158],[89.59893798236452,26.513393768188454],[89.59956842917627,26.513107054447655],[89.59939901215719,26.511819770217546],[89.60145794989049,26.51194464055436],[89.59988411002547,26.51131462738558],[89.59835584485799,26.51048073452897],[89.59689635907749,26.509582405980943],[89.59606675346288,26.509263640424493],[89.59524991646107,26.509066455801285],[89.59432676464449,26.509493830600636],[89.5934688045481,26.508805596871532],[89.59240968802355,26.508315022005373],[89.59124060520871,26.507393303990206],[89.59006320135582,26.505429496119774],[89.5887129161115,26.504028279963045],[89.58805336604102,26.50301606742372],[89.58619585536323,26.502697843860677],[89.58559332839016,26.501991388835037],[89.58510609632118,26.501282840665905],[89.58405122037036,26.500977106276498]]]}},{"type":"Feature","properties":{"Village_Name":"Bhelukdabri","Village_Code":"307266","Block_Name":"Alipurduar - II","District":"Alipurduar","Vill_Cat":"rural","State_LGD":"19","Dist_LGD":"328N002","Subdis_LGD":"2174"},"geometry":{"type":"Polygon","coordinates":[[[89.56276483181101,26.477033127269546],[89.56280079035052,26.477524278249145],[89.56123604797898,26.478179524213502],[89.56088963546445,26.47838426433091],[89.56162562049548,26.4803743355453],[89.56211372352352,26.482941861477926],[89.56251710294505,26.484400981293277],[89.56289224198517,26.485490631970013],[89.56284531567078,26.485861449461222],[89.56160857562082,26.48593780275679],[89.55999354165426,26.485912649046753],[89.55882055418371,26.48592466755957],[89.55732113331622,26.48545975455894],[89.55649861567953,26.486128721597172],[89.55527046779652,26.48636729421892],[89.55522862793875,26.48674253178393],[89.55473650726672,26.488068820762308],[89.555545843739,26.489069503089386],[89.55763122163847,26.489501368244493],[89.55873687495311,26.489616898108505],[89.55917296154578,26.490515965883414],[89.55848295323939,26.491056235064878],[89.55814059423872,26.49144588591063],[89.55906883182821,26.49305803000334],[89.55926276364815,26.493663655953096],[89.55904436168196,26.49466921359032],[89.55936292030437,26.49501542578732],[89.5614952490224,26.49507189846402],[89.56285690079714,26.494745143000014],[89.56276675602561,26.495428056271734],[89.56149219576575,26.496064567410382],[89.56104513053059,26.4973855545591],[89.56328742857268,26.49900564568494],[89.56496047731561,26.499828310742924],[89.56551807007354,26.49942123647339],[89.56537101403721,26.498444805351408],[89.56546876181416,26.497879062630016],[89.56637199634402,26.49813352468559],[89.56709098129119,26.49889662826637],[89.56794810616454,26.498655603749782],[89.56878206272133,26.49804953145791],[89.56922738951305,26.499133381516298],[89.56995218723296,26.499030085666888],[89.57102694022771,26.49865427816518],[89.57284323024147,26.4984771452754],[89.57597948268484,26.49835285631899],[89.57798206354549,26.49865957317785],[89.5778405337038,26.49681227256219],[89.57871217290902,26.493854790766235],[89.57823275065239,26.493267893704285],[89.5777610623102,26.4928026742217],[89.57521172722119,26.49203207499016],[89.57406622365065,26.491479744394827],[89.5734420624905,26.49047132443414],[89.5728333468024,26.487229251045505],[89.57502776031198,26.487153564635133],[89.57478543405789,26.48302958409115],[89.57403125159148,26.482709314670895],[89.57373491551952,26.47975938802106],[89.57437799452593,26.479594384042986],[89.5742177667703,26.476452503271126],[89.57350681457139,26.475820128840944],[89.57320474576666,26.47373657956592],[89.57262136543318,26.471852110177537],[89.57215761460272,26.471513054501102],[89.5689535239517,26.471710631223793],[89.56832089994317,26.472119062288805],[89.5677669495655,26.47245839774381],[89.56458232147037,26.471049293743977],[89.56285735041462,26.47103064785114],[89.56330620804927,26.472055811239077],[89.56340496955445,26.47334443891811],[89.56357529480428,26.474694946337753],[89.56276483181101,26.477033127269546]]]}},{"type":"Feature","properties":{"Village_Name":"Dakshin Majherdabri","Village_Code":"307261","Block_Name":"Alipurduar - II","District":"Alipurduar","Vill_Cat":"rural","State_LGD":"19","Dist_LGD":"328N002","Subdis_LGD":"2174"},"geometry":{"type":"Polygon","coordinates":[[[89.56104513053059,26.4973855545591],[89.56149219576575,26.496064567410382],[89.56276675602561,26.495428056271734],[89.56285690079714,26.494745143000014],[89.5614952490224,26.49507189846402],[89.55936292030437,26.49501542578732],[89.55904436168196,26.49466921359032],[89.55926276364815,26.493663655953096],[89.55906883182821,26.49305803000334],[89.55814059423872,26.49144588591063],[89.55848295323939,26.491056235064878],[89.55917296154578,26.490515965883414],[89.55873687495311,26.489616898108505],[89.55763122163847,26.489501368244493],[89.555545843739,26.489069503089386],[89.55473650726672,26.488068820762308],[89.55522862793875,26.48674253178393],[89.55527046779652,26.48636729421892],[89.55390859371968,26.48577354842424],[89.55185160945086,26.485715605152986],[89.55088974895361,26.485525258265525],[89.55080232262047,26.486334453518474],[89.55015554537793,26.486562587223467],[89.54888416853787,26.486206306286558],[89.54793328114395,26.48514945480876],[89.54733632810294,26.483089142176183],[89.54656218784653,26.482087778730012],[89.5471181467979,26.480697206779396],[89.5462058973359,26.480253271136725],[89.54513483442945,26.480565654339316],[89.5450564520103,26.481559676758042],[89.54355123288978,26.48196551893058],[89.54207929822678,26.48228953780506],[89.54152030307104,26.482633378985295],[89.54172310368305,26.483419354426303],[89.54218652531901,26.484200686712427],[89.54246411528679,26.484055870664477],[89.5432230427819,26.48345579373155],[89.54379013618758,26.484163081189966],[89.54314186485695,26.48432353152948],[89.54343405311833,26.48529741189706],[89.54233474882076,26.485240302120967],[89.54241151591357,26.486222534678305],[89.54301419744455,26.486496044797907],[89.54322212828934,26.48728643823232],[89.54402335816324,26.4872405694463],[89.54508200062578,26.487727023754175],[89.54533095175452,26.48901299181276],[89.54513241175553,26.489332368419692],[89.54628251837315,26.49191973557651],[89.54512345771298,26.492111872359033],[89.5455749452278,26.493258868006322],[89.54614081364195,26.493907509103668],[89.54725430254308,26.49414932037026],[89.54832408842141,26.49377377100386],[89.54800850092772,26.494469731100285],[89.5472419359518,26.494952661960223],[89.54695454567496,26.496018093970505],[89.54746705148534,26.49697449160183],[89.54904447225627,26.497559928682442],[89.54835427302895,26.498095643738125],[89.54910906204199,26.49935000209262],[89.54956609908196,26.500063738509745],[89.55118273498148,26.500152138559425],[89.55201997585087,26.500597373141826],[89.55263715951448,26.501975993040386],[89.55283668258718,26.501964021200664],[89.55424471807031,26.501879531778325],[89.55492900825546,26.502210178429333],[89.55512573320037,26.50294209196649],[89.55459482196362,26.503650948070845],[89.55478244280934,26.504198037542714],[89.5565493179785,26.504274657548656],[89.55809626379951,26.503931083519962],[89.55797610623473,26.503260967838116],[89.55972382761084,26.50315290580338],[89.56185119399234,26.503204941834497],[89.5622450762946,26.50355430356405],[89.56419270243894,26.50318992954822],[89.56433597893312,26.502190229206644],[89.56305667670806,26.501712408591132],[89.56104513053059,26.4973855545591]]]}},{"type":"Feature","properties":{"Village_Name":"Chaparerpar","Village_Code":"307260","Block_Name":"Alipurduar - II","District":"Alipurduar","Vill_Cat":"rural","State_LGD":"19","Dist_LGD":"328N002","Subdis_LGD":"2174"},"geometry":{"type":"Polygon","coordinates":[[[89.55282754474916,26.451123323225605],[89.55047351448287,26.45188729525906],[89.54512583618536,26.452826441263177],[89.54507796212886,26.45406807816731],[89.54565388599437,26.454955688667965],[89.5472280241991,26.455419416865592],[89.54689073036384,26.455808948120193],[89.5457525192543,26.45624885617109],[89.54536694793707,26.456950569066723],[89.54565137285026,26.457802766380887],[89.54693770740263,26.458397960779507],[89.54818697832827,26.458447860453603],[89.54962192603116,26.45805226447551],[89.55028404004071,26.458072022661554],[89.5503963872118,26.458620471162153],[89.55050243145158,26.45911037701448],[89.54999857217459,26.46013004942116],[89.55266081039092,26.461512752575025],[89.55255020482052,26.461952387181423],[89.55240498840514,26.461959495373215],[89.5521784025203,26.46191391450525],[89.55058737305743,26.46114373819926],[89.55046579085496,26.462449857214025],[89.55098630027301,26.464457387165677],[89.55185276842293,26.465330749078834],[89.55216852478578,26.467599111442233],[89.55279561530725,26.467619481377778],[89.55362610849237,26.467997162594443],[89.5525788471419,26.469608601636075],[89.55112372116605,26.47068589412841],[89.54972497169985,26.47250212187211],[89.55029472987157,26.473331159521347],[89.55246257778052,26.47387895412388],[89.55435687890838,26.474751955932085],[89.55351668942107,26.47529939768758],[89.55233321619389,26.47505887671048],[89.55105436341027,26.474585431825016],[89.5505576960995,26.47479734547108],[89.55059044058244,26.47628118195773],[89.55029411995038,26.477166302024933],[89.54934414971703,26.475238637369376],[89.5488741408576,26.474840960496948],[89.54780764578494,26.47626772398769],[89.54767780207284,26.476518198171156],[89.54606789989728,26.47649278730138],[89.54525445533113,26.47734651627351],[89.5462058973359,26.480253271136725],[89.5471181467979,26.480697206779396],[89.54656218784653,26.482087778730012],[89.54733632810294,26.483089142176183],[89.54793328114395,26.48514945480876],[89.54888416853787,26.486206306286558],[89.55015554537793,26.486562587223467],[89.55080232262047,26.486334453518474],[89.55088974895361,26.485525258265525],[89.55185160945086,26.485715605152986],[89.55390859371968,26.48577354842424],[89.55527046779652,26.48636729421892],[89.55649861567953,26.486128721597172],[89.55732113331622,26.48545975455894],[89.55882055418371,26.48592466755957],[89.55999354165426,26.485912649046753],[89.56160857562082,26.48593780275679],[89.56284531567078,26.485861449461222],[89.56289224198517,26.485490631970013],[89.56251710294505,26.484400981293277],[89.56211372352352,26.482941861477926],[89.56162562049548,26.4803743355453],[89.56088963546445,26.47838426433091],[89.56123604797898,26.478179524213502],[89.56280079035052,26.477524278249145],[89.56276483181101,26.477033127269546],[89.56357529480428,26.474694946337753],[89.56340496955445,26.47334443891811],[89.56330620804927,26.472055811239077],[89.56285735041462,26.47103064785114],[89.56333519852718,26.469519606180704],[89.56363911331827,26.468756149802566],[89.5635607913604,26.467710796374313],[89.56335147188324,26.466861807398576],[89.56323710206505,26.465320792581384],[89.56320114978958,26.464829641574337],[89.56407997196492,26.464899584702675],[89.56483281057682,26.465165798067826],[89.56523230613983,26.464644263474312],[89.56506535262857,26.464349478141116],[89.56422193304158,26.463841251829702],[89.56395798704136,26.463241398207597],[89.56428742814455,26.462725636553163],[89.56466788568937,26.46202397075517],[89.56491314659281,26.461329244176966],[89.56457989496934,26.459864353368694],[89.56387401385268,26.4592273176411],[89.56330063024751,26.458461567092762],[89.56356131308127,26.45801020856501],[89.56413294257894,26.45779239602011],[89.56575084605115,26.458868744598917],[89.56630412617847,26.45895355061197],[89.56673768332982,26.4579350925412],[89.56651414181206,26.456896864192316],[89.56548339904545,26.455850580826297],[89.56441987825079,26.455359841165713],[89.56344509796664,26.454123036760492],[89.56319250260917,26.453581631067472],[89.5636557072264,26.452995791854313],[89.56438653626962,26.45295108565617],[89.56502187608484,26.452668960735473],[89.56490936947144,26.45211601768864],[89.5636665829516,26.45212931097861],[89.56227368156588,26.452154311327078],[89.56084975653985,26.451683544869052],[89.55900723812032,26.45154963429005],[89.55720425458105,26.451843624622114],[89.55601158201785,26.45253725357848],[89.55470596224626,26.451748472197046],[89.55333996512054,26.45208422603458],[89.55282754474916,26.451123323225605]]]}},{"type":"Feature","properties":{"Village_Name":"Uttar Majherdabri","Village_Code":"307265","Block_Name":"Alipurduar - II","District":"Alipurduar","Vill_Cat":"rural","State_LGD":"19","Dist_LGD":"328N002","Subdis_LGD":"2174"},"geometry":{"type":"Polygon","coordinates":[[[89.56328742857268,26.49900564568494],[89.56104513053059,26.4973855545591],[89.56305667670806,26.501712408591132],[89.56433597893312,26.502190229206644],[89.56419270243894,26.50318992954822],[89.5622450762946,26.50355430356405],[89.56185119399234,26.503204941834497],[89.55972382761084,26.50315290580338],[89.55797610623473,26.503260967838116],[89.55809626379951,26.503931083519962],[89.5565493179785,26.504274657548656],[89.5569180721721,26.505301269505654],[89.55723728850732,26.506581433516217],[89.5571293708733,26.50714284335279],[89.55686716890385,26.507531055509364],[89.55638449953636,26.507927732017926],[89.55624114944291,26.508927429355836],[89.5572860192079,26.509233549332198],[89.55692090663644,26.510183082037944],[89.55609769846194,26.509922617141797],[89.55551178000954,26.50996019101494],[89.55487620957908,26.510246806657076],[89.55511381536252,26.511465271791728],[89.55452788948783,26.511502841931],[89.55417965953315,26.510724011848474],[89.55335004159663,26.510400478574823],[89.55269533366571,26.510502440362576],[89.5526397666979,26.511617873204024],[89.55199145991044,26.511782883420103],[89.55200095739596,26.51289264012353],[89.55292110148275,26.513453689401125],[89.55210747532765,26.514307469064274],[89.55287427073306,26.515417201269003],[89.55416910693805,26.514099095852984],[89.55689183058509,26.514302955705027],[89.55722520449295,26.515767850281968],[89.56041057602636,26.516252100931673],[89.56332234224568,26.51706154176663],[89.56587860145616,26.5178953665553],[89.56873887569462,26.517965673737724],[89.57249623443661,26.518231794427873],[89.57332142866083,26.517003212101272],[89.5736708595725,26.51580577600376],[89.57299229648522,26.51461336078381],[89.57447941249224,26.514956484851258],[89.57521704473244,26.5149747450493],[89.57505458931846,26.515785300485334],[89.57560146723988,26.516244652300067],[89.57636741761968,26.516632366172807],[89.57614914143733,26.517637939597748],[89.5761915075039,26.518187618912204],[89.57670376466659,26.51821896689675],[89.57877354678128,26.517477692091646],[89.57856960632735,26.51575785888814],[89.57836769285726,26.51502608150742],[89.57825009688885,26.51425217144721],[89.57850581257416,26.513800874541197],[89.57849464872064,26.512627997719452],[89.57871431023014,26.511685562607898],[89.57815971167857,26.51110454140797],[89.57722663281469,26.510417562961212],[89.5755149742285,26.51102149715227],[89.57542290979717,26.510716354580012],[89.57605069229945,26.510307970796763],[89.57343936075138,26.50879853870553],[89.57250361262818,26.50798975506189],[89.57297056672476,26.50734064671835],[89.57432318092067,26.50682895236743],[89.5741992204266,26.506217578190135],[89.57287304277087,26.506115181921952],[89.57226236925085,26.505715620258105],[89.57220588597731,26.504981205884448],[89.5727166770611,26.504949431866482],[89.57344923317054,26.504967796681527],[89.57424272945988,26.504795559169654],[89.57454032145073,26.503973541742923],[89.5749038617245,26.50296083505895],[89.57406662771068,26.502520252379487],[89.5742020900149,26.501398867139837],[89.57427651286477,26.500463569986778],[89.5733988240047,26.5004568503681],[89.5722384383305,26.500590580816702],[89.57152723658096,26.499953698639548],[89.57102694022771,26.49865427816518],[89.56995218723296,26.499030085666888],[89.56922738951305,26.499133381516298],[89.56878206272133,26.49804953145791],[89.56794810616454,26.498655603749782],[89.56709098129119,26.49889662826637],[89.56637199634402,26.49813352468559],[89.56546876181416,26.497879062630016],[89.56537101403721,26.498444805351408],[89.56551807007354,26.49942123647339],[89.56496047731561,26.499828310742924],[89.56328742857268,26.49900564568494]]]}},{"type":"Feature","properties":{"Village_Name":"Sobhaganj (CT)","Village_Code":"307338","Block_Name":"Alipurduar - II","District":"Alipurduar","Vill_Cat":"partly_urban","State_LGD":"19","Dist_LGD":"328N002","Subdis_LGD":"2174"},"geometry":{"type":"Polygon","coordinates":[[[89.53838648771611,26.47805991199946],[89.53908638234876,26.476599127764704],[89.53951292012388,26.476388500623028],[89.54059638805472,26.475272814434668],[89.54141782821902,26.475465737825942],[89.54212341377382,26.475177942444635],[89.54201748302556,26.474692540404003],[89.54124423303782,26.474182926210506],[89.54186416821229,26.470684157856574],[89.54253848109688,26.468975658782067],[89.5414000261413,26.4694110322147],[89.54037113014883,26.469357156396473],[89.54006019131904,26.469123557071484],[89.54059105688691,26.4684147584163],[89.54071302368405,26.468033583893263],[89.5400240671136,26.467707449334597],[89.53992445434714,26.46728058741984],[89.54016625233132,26.46664912405165],[89.53975079705646,26.46599326096437],[89.539706898205,26.46445095644401],[89.53989901918528,26.464068534628527],[89.53883412488955,26.46351445958489],[89.53852806379378,26.46236033080031],[89.53846022710862,26.46231633727973],[89.53818735440329,26.462445709448975],[89.53605625379755,26.4626925767803],[89.53492296712818,26.462836242189052],[89.5347675253028,26.462967051491198],[89.5353884802066,26.463856521115154],[89.5364606702096,26.46494028628154],[89.53676504767076,26.466804269776784],[89.53718470621044,26.468803726867574],[89.537529812455,26.469950214596373],[89.53736861859409,26.470929376312846],[89.53654040790497,26.472025521651396],[89.53613386137563,26.472589340865596],[89.53543694523269,26.472403918504973],[89.53421898664077,26.471699125535135],[89.53353738739574,26.471283492671507],[89.53301636288928,26.47073253596776],[89.53258023549762,26.470614933104148],[89.53146204312307,26.47064126666023],[89.53092545320753,26.470774341959387],[89.53103380748618,26.47221216593062],[89.53086423250483,26.473397307096874],[89.53106872201015,26.476096344909088],[89.53159655461695,26.47730521088087],[89.53359401320907,26.478542132982522],[89.53838648771611,26.47805991199946]]]}},{"type":"Feature","properties":{"Village_Name":"Buxa Duar","Village_Code":"307145N157","Block_Name":"Kalchini","District":"Alipurduar","Vill_Cat":"rural","State_LGD":"19","Dist_LGD":"328N002","Subdis_LGD":"2171"},"geometry":{"type":"Polygon","coordinates":[[[89.59202038466518,26.758730255748198],[89.5873744230632,26.75381275863747],[89.57894710693836,26.75515282104458],[89.57160157588646,26.75638617866272],[89.57291839592503,26.762156225672754],[89.5859836166388,26.76252292347312],[89.59202038466518,26.758730255748198]]]}},{"type":"Feature","properties":{"Village_Name":"Dara Gaon Buxa Duar","Village_Code":"307145N158","Block_Name":"Kalchini","District":"Alipurduar","Vill_Cat":"rural","State_LGD":"19","Dist_LGD":"328N002","Subdis_LGD":"2171"},"geometry":{"type":"Polygon","coordinates":[[[89.58109911317803,26.74828731949101],[89.5695989503226,26.74647350257259],[89.56201319254721,26.748625539602255],[89.5634645307735,26.75230878465824],[89.56914035496084,26.753556640577663],[89.57985049008796,26.7526327632433],[89.58109911317803,26.74828731949101]]]}},{"type":"Feature","properties":{"Village_Name":"Chuna Bhati","Village_Code":"307145N160","Block_Name":"Kalchini","District":"Alipurduar","Vill_Cat":"rural","State_LGD":"19","Dist_LGD":"328N002","Subdis_LGD":"2171"},"geometry":{"type":"Polygon","coordinates":[[[89.55227998050488,26.742285777028954],[89.54325741426787,26.742657979641717],[89.54338354802998,26.7469966946967],[89.54300806591253,26.74830176004379],[89.54296679497128,26.748445234847587],[89.54570370735577,26.750696901894106],[89.55107494500923,26.752001712526337],[89.55650339980612,26.75082958516067],[89.55700582306083,26.74617341328709],[89.55227998050488,26.742285777028954]]]}},{"type":"Feature","properties":{"Village_Name":"Adma Busti","Village_Code":"307145N161","Block_Name":"Kalchini","District":"Alipurduar","Vill_Cat":"rural","State_LGD":"19","Dist_LGD":"328N002","Subdis_LGD":"2171"},"geometry":{"type":"Polygon","coordinates":[[[89.54296679497128,26.748445234847587],[89.54300806591253,26.74830176004379],[89.54012061741764,26.749918458095536],[89.54028942718934,26.75668459238743],[89.54351480710255,26.759184017223014],[89.54888938308125,26.75869989613059],[89.55345780044648,26.758081325438656],[89.55107494500923,26.752001712526337],[89.54570370735577,26.750696901894106],[89.54296679497128,26.748445234847587]]]}},{"type":"Feature","properties":{"Village_Name":"Lamna","Village_Code":"307145N162","Block_Name":"Kalchini","District":"Alipurduar","Vill_Cat":"rural","State_LGD":"19","Dist_LGD":"328N002","Subdis_LGD":"2171"},"geometry":{"type":"Polygon","coordinates":[[[89.55459316499687,26.76070003979838],[89.55345780044648,26.758081325438656],[89.54888938308125,26.75869989613059],[89.54351480710255,26.759184017223014],[89.54078074078001,26.76149952511384],[89.54259474568683,26.764923528096823],[89.54532767686806,26.76649423605362],[89.54894942848955,26.765860509791015],[89.55504934006065,26.764835711192497],[89.55459316499687,26.76070003979838]]]}},{"type":"Feature","properties":{"Village_Name":"Pakriguri","Village_Code":"307201","Block_Name":"Kumargram","District":"Alipurduar","Vill_Cat":"rural","State_LGD":"19","Dist_LGD":"328N002","Subdis_LGD":"2172"},"geometry":{"type":"Polygon","coordinates":[[[89.85961339961557,26.466304657042812],[89.86082682342793,26.465107420987874],[89.86425173829757,26.46537255955916],[89.86542934402262,26.46273241769483],[89.86631534368072,26.460057524297056],[89.86713628221143,26.459409467416606],[89.8673632306586,26.459062057154394],[89.87097724092709,26.458467564835615],[89.87043033610894,26.45669888845723],[89.87097685778627,26.454713254668214],[89.87127276603533,26.454104065613794],[89.87173907859511,26.453269135839022],[89.87214520334524,26.45207325663583],[89.87203485812569,26.451387337294257],[89.87138313121397,26.450728457209063],[89.87035048926889,26.450092028102514],[89.86839532437057,26.449063064206488],[89.86578349941803,26.447099716345992],[89.8642043193958,26.446756698662263],[89.86406904835604,26.446377582438675],[89.86401897747432,26.445763796673507],[89.86341757830799,26.444170672515202],[89.86265570187851,26.44292054793626],[89.86176339202564,26.442681291116184],[89.86113677821756,26.442360828060394],[89.85964311805407,26.440916562391028],[89.85907169878668,26.440257542251864],[89.85855544311103,26.439571521727373],[89.85825989002811,26.438565113982406],[89.85831514596434,26.43793333646466],[89.85902220842559,26.43636298690398],[89.85869648829559,26.435555136959298],[89.85821030033127,26.43477882759827],[89.85739338714761,26.433916741258667],[89.85662803375243,26.43333032187647],[89.8537497836639,26.433828259264324],[89.85372451994121,26.433819741063758],[89.85288243560596,26.43380949410834],[89.8520044031433,26.433763870638504],[89.8519087674014,26.43435675465198],[89.85131950017366,26.43525272565177],[89.85095254714093,26.435205914738127],[89.85096238921815,26.434384668850328],[89.8509104529782,26.433699993607572],[89.84959890554389,26.433753232029122],[89.84944588733622,26.43506906256188],[89.84813276965303,26.43505916155899],[89.84763013841504,26.433774448057044],[89.84554896588715,26.43370765192607],[89.84497002085573,26.434413920297267],[89.84541099455329,26.43543370667971],[89.84538684236053,26.436489825950936],[89.84543476503711,26.43803172682152],[89.84502824876398,26.43943380879888],[89.84475133288609,26.44141977411032],[89.84456354959651,26.442546821350597],[89.84492425598329,26.44295016208041],[89.84552412052334,26.442685579158738],[89.84494032810534,26.443603976059986],[89.8447788517757,26.444374109700245],[89.84511824872833,26.44533727063059],[89.84425296024766,26.446197687373324],[89.84612667971223,26.44606803073654],[89.84689465625418,26.44527514514157],[89.84752072921108,26.44462875457687],[89.85212286242702,26.444449033651484],[89.8538974823159,26.444485397355667],[89.85401759921055,26.445279683962802],[89.85411261206252,26.446624572841202],[89.85403229569303,26.4475091203493],[89.85259305525156,26.44734883500187],[89.85236791824586,26.447323761858538],[89.85186649635565,26.447459100027586],[89.85077858883638,26.447910204357726],[89.85094892838423,26.448816715570317],[89.8509838094759,26.449002342506038],[89.85124432293905,26.449995210008137],[89.85144468091508,26.450897790534523],[89.85130911804826,26.451741756596288],[89.85114351088306,26.45235092471643],[89.85228660740488,26.45240072359551],[89.85224644723849,26.452865553925733],[89.85247702934129,26.453086780129755],[89.85285798605601,26.453235708212972],[89.85284273460108,26.45425113464651],[89.85280246982245,26.45512206832154],[89.85292268435326,26.455460626385822],[89.85339899833883,26.455618654581926],[89.85478772009782,26.455632394220057],[89.85541452395327,26.455560220157093],[89.85618659624717,26.455497227170667],[89.85688344368918,26.455537869194362],[89.85738482274924,26.455695923458265],[89.85763751275668,26.455895631281955],[89.85783597775918,26.45605248397151],[89.85813182916849,26.45623305503284],[89.85842759085807,26.45609766111202],[89.85868840225906,26.455854064715616],[89.85872829125863,26.455767878260783],[89.8588638685479,26.45547494621708],[89.85902934209473,26.45526745414173],[89.85945054865093,26.455032824750795],[89.8604683170587,26.454861399450603],[89.86129559310358,26.454753153256068],[89.86190730070024,26.454739719106755],[89.86235842244804,26.45563328130656],[89.86298501098348,26.456662267711433],[89.8632005011765,26.45712711252444],[89.86326560571833,26.457619064019557],[89.86319529851265,26.45866608517278],[89.8629646218153,26.459365529889844],[89.8629244267999,26.460114657271436],[89.8630196357927,26.460579479228457],[89.86352088762071,26.461423398088428],[89.8639820980393,26.462168059351253],[89.86415756627999,26.462890212637063],[89.86430786153524,26.463725110010934],[89.86413230031602,26.46422143863815],[89.86371110414257,26.464429015579814],[89.86149996205852,26.464329545795188],[89.86104868690157,26.46437910282863],[89.86053219454882,26.464564130051652],[89.85993141703625,26.464582353206094],[89.85961339961557,26.466304657042812]]]}},{"type":"Feature","properties":{"Village_Name":"Baruipara","Village_Code":"307202","Block_Name":"Kumargram","District":"Alipurduar","Vill_Cat":"rural","State_LGD":"19","Dist_LGD":"328N002","Subdis_LGD":"2172"},"geometry":{"type":"Polygon","coordinates":[[[89.82991726234664,26.44770643925906],[89.83187344960193,26.447476883759077],[89.83330232096353,26.447242643420932],[89.83595447339862,26.44686427997331],[89.837994947321,26.44667983093036],[89.84020085552861,26.446522468319774],[89.84190038057262,26.446360444278163],[89.84425296024766,26.446197687373324],[89.84511824872833,26.44533727063059],[89.8447788517757,26.444374109700245],[89.84494032810534,26.443603976059986],[89.84552412052334,26.442685579158738],[89.84492425598329,26.44295016208041],[89.84456354959651,26.442546821350597],[89.84475133288609,26.44141977411032],[89.84502824876398,26.43943380879888],[89.84543476503711,26.43803172682152],[89.84538684236053,26.436489825950936],[89.84541099455329,26.43543370667971],[89.84497002085573,26.434413920297267],[89.8428964150585,26.43424768589291],[89.84083160022355,26.432601544403163],[89.83884903995498,26.433286073154516],[89.83772953234981,26.432997037846583],[89.83853372266762,26.43534497651379],[89.83624432671327,26.434961880919793],[89.83410085356071,26.43460291982733],[89.83394714814901,26.43405559111591],[89.8305327077751,26.434384947126624],[89.82802330587492,26.434430139208917],[89.82757027016946,26.433730831263976],[89.82777522373604,26.432684659714173],[89.82776966440738,26.43266221364745],[89.82734550159896,26.431364922886026],[89.82280677040056,26.431380805661714],[89.8230221552259,26.431895352201742],[89.82348294741992,26.432716871516728],[89.82354646689711,26.43298358680948],[89.82354672827775,26.43298468586855],[89.82372802448354,26.433745932615974],[89.82405338155513,26.434774939872828],[89.8242683199266,26.4362236982991],[89.82432296428019,26.437424163239566],[89.82451260686726,26.43912551288388],[89.82473291286256,26.439861193471316],[89.82505841965565,26.440624025579186],[89.82653213697989,26.440338295196938],[89.82696350302315,26.440254656845585],[89.82872825523884,26.439840042650165],[89.82906547435685,26.43973402467672],[89.83006181457446,26.439420779566017],[89.83087912885544,26.43905549707792],[89.83120514437257,26.438514083710224],[89.83137066690321,26.438270440069296],[89.8323228381343,26.439177822100863],[89.83245796493698,26.439764499169964],[89.83259292728606,26.44067617376159],[89.83302903709821,26.440820726858554],[89.83349007816473,26.441263071442002],[89.8335449706381,26.441777624632266],[89.83289318400104,26.441948901224357],[89.83202072860455,26.44249014790183],[89.83163459580396,26.442864573111436],[89.83139365647573,26.443622738255552],[89.83132836773879,26.443961117671524],[89.83161403855011,26.444146281377808],[89.83182955951548,26.444381016237532],[89.83181926003755,26.4449676898205],[89.8318841569706,26.44565365491437],[89.83165347505076,26.445897238011913],[89.83131738926893,26.446334912535352],[89.83109672344196,26.446664281135458],[89.83033443654398,26.44736357710329],[89.82980290378869,26.447719858501806],[89.82991726234664,26.44770643925906]]]}},{"type":"Feature","properties":{"Village_Name":"Majherdabri","Village_Code":"307203","Block_Name":"Kumargram","District":"Alipurduar","Vill_Cat":"rural","State_LGD":"19","Dist_LGD":"328N002","Subdis_LGD":"2172"},"geometry":{"type":"Polygon","coordinates":[[[89.8519087674014,26.43435675465198],[89.8520044031433,26.433763870638504],[89.85288243560596,26.43380949410834],[89.85372451994121,26.433819741063758],[89.8537497836639,26.433828259264324],[89.85662803375243,26.43333032187647],[89.85567923334368,26.4326033297629],[89.85618564533225,26.43195802120911],[89.85720348746872,26.430595299499913],[89.85771985930181,26.429931922090898],[89.8576899692231,26.428704468567318],[89.85739444669035,26.42765285180628],[89.85666287103255,26.426095852543316],[89.85587111524646,26.424917822901556],[89.85489889119205,26.424145978114645],[89.85388641444487,26.42379384554295],[89.8530995828335,26.42342817745649],[89.85247317064001,26.423012927267514],[89.85182158364796,26.422669813690945],[89.85010735881282,26.42294031805397],[89.84915511232934,26.422791129252833],[89.849481178125,26.421319997472295],[89.84964048899076,26.420831251114706],[89.84976210171936,26.420458156145227],[89.85060432625981,26.41965946325855],[89.85168115084275,26.41873529142817],[89.85189761517479,26.418549510992236],[89.85353191148589,26.417123716572824],[89.85446423899633,26.41627096512696],[89.85494540868125,26.416063398969985],[89.85530135347466,26.41599123504337],[89.85587267100105,26.415770226261152],[89.85671483039992,26.414935412770568],[89.85715100861749,26.414199929988627],[89.85734161534691,26.412985929576834],[89.85747712277978,26.41197964631042],[89.8563344555489,26.411735781396295],[89.85486614436645,26.41149182593872],[89.85440499562658,26.41180771187993],[89.85354783338245,26.412322059394484],[89.85196910809142,26.412664758630616],[89.85071607798025,26.412736763826132],[89.84943810230048,26.41268682074356],[89.84851595140825,26.41251518716974],[89.84756385281793,26.412221618240707],[89.84682719161057,26.41192817299732],[89.84557927953121,26.411535278434943],[89.84351955921903,26.411313714491634],[89.84028191496117,26.41153409070706],[89.83525443700456,26.412020309302907],[89.83501177628904,26.413591077718333],[89.83477273630785,26.415138375643494],[89.83458176550647,26.41660951204144],[89.83436118851026,26.41673127085324],[89.83362941967526,26.416609270155273],[89.83350239447091,26.416565574253806],[89.83248690296733,26.41621624733098],[89.83189053092755,26.415922740260733],[89.83175015585624,26.415972349158878],[89.83120869497215,26.416486630511365],[89.83020074599759,26.41779953995994],[89.8301895902541,26.41852308205691],[89.83014417699968,26.421468542449844],[89.8296026485958,26.422024206190713],[89.82957258396512,26.422055055793237],[89.82957244338891,26.42235289573128],[89.82984798272314,26.42269598316215],[89.83057964464318,26.42311141917652],[89.8313662907817,26.423824680910872],[89.8315314002386,26.42438884185201],[89.83177188867438,26.424871749008425],[89.8317717440235,26.425165076985408],[89.83158108117293,26.425584798712876],[89.83150078801748,26.425977340744446],[89.83169113973373,26.42622114916554],[89.83190657041585,26.42634301533226],[89.83196164314614,26.426591218332977],[89.83226228154034,26.426857561668864],[89.83247784414655,26.426857709024727],[89.83277854715382,26.426929973654534],[89.83264291238424,26.42766557009065],[89.83277805874113,26.42818006687761],[89.833810347852,26.42901069698415],[89.83435655033544,26.429552406357082],[89.83511814335023,26.43027922267079],[89.83568942105896,26.430649449818578],[89.83596016772148,26.430500615867807],[89.83596056172999,26.429444603694574],[89.83588050837083,26.429101619264802],[89.83590561838085,26.428907496111087],[89.83596079820896,26.428758610376796],[89.83628658590249,26.42870910531358],[89.83658739353892,26.428736245710457],[89.83672261784614,26.429101772600383],[89.83674735940907,26.430058578958516],[89.83677716012076,26.430600065045468],[89.83677702347656,26.431064911739554],[89.83495245857534,26.43123592921249],[89.83484521350186,26.431242361874645],[89.83375432119844,26.431307791643892],[89.83239607269653,26.43108624591845],[89.8314185450435,26.431307009213466],[89.82982449099507,26.431356189153906],[89.82734550159896,26.431364922886026],[89.82776966440738,26.43266221364745],[89.82777522373604,26.432684659714173],[89.82757027016946,26.433730831263976],[89.82802330587492,26.434430139208917],[89.8305327077751,26.434384947126624],[89.83394714814901,26.43405559111591],[89.83410085356071,26.43460291982733],[89.83624432671327,26.434961880919793],[89.83853372266762,26.43534497651379],[89.83772953234981,26.432997037846583],[89.83884903995498,26.433286073154516],[89.84083160022355,26.432601544403163],[89.8428964150585,26.43424768589291],[89.84497002085573,26.434413920297267],[89.84554896588715,26.43370765192607],[89.84763013841504,26.433774448057044],[89.84813276965303,26.43505916155899],[89.84944588733622,26.43506906256188],[89.84959890554389,26.433753232029122],[89.8509104529782,26.433699993607572],[89.85096238921815,26.434384668850328],[89.85095254714093,26.435205914738127],[89.85131950017366,26.43525272565177],[89.8519087674014,26.43435675465198]]]}},{"type":"Feature","properties":{"Village_Name":"Mechpara Tea Garden","Village_Code":"307136","Block_Name":"Kalchini","District":"Alipurduar","Vill_Cat":"rural","State_LGD":"19","Dist_LGD":"328N002","Subdis_LGD":"2171"},"geometry":{"type":"Polygon","coordinates":[[[89.42197464571665,26.707661144329474],[89.4179771069919,26.707494710509298],[89.4135482776652,26.707840855123465],[89.41354432227857,26.708129695409653],[89.41336249743463,26.70832229645959],[89.41304412288082,26.708472099072054],[89.41210176012117,26.70857385505097],[89.4117767605725,26.708886203008383],[89.41123592993361,26.709685011856045],[89.41079544325557,26.71047760161743],[89.41017888452079,26.711259645146974],[89.40981787472825,26.71177113264806],[89.40973007647158,26.71261187256017],[89.40937998521524,26.71364206256371],[89.40904804202137,26.71386428122607],[89.40813302068685,26.714073839366034],[89.40835379641945,26.715730539084284],[89.40840114377896,26.71702470433596],[89.40816695113891,26.71854925353481],[89.40817682786265,26.7190183434566],[89.40827283891285,26.719282925752687],[89.40846371200301,26.7195188250333],[89.40865354129245,26.719705108829164],[89.40869989749821,26.719997606761055],[89.40862125610953,26.72031930006241],[89.40855399048561,26.720703970167605],[89.40850131646478,26.721065831131714],[89.40851421193673,26.721200975091786],[89.40867219784144,26.72130658137498],[89.40887291759311,26.721294148014508],[89.40921910775047,26.721270218661154],[89.40935842773482,26.721443823233834],[89.40975848699243,26.722068716939297],[89.41008376325516,26.722482812012284],[89.41099060058696,26.723550296042195],[89.4120238828727,26.72465623018982],[89.41251247774281,26.725189367256483],[89.41253670426288,26.725861253733818],[89.41274849470514,26.726611166923444],[89.41307879025713,26.72773807581364],[89.41350946094656,26.72885876337749],[89.41401443951699,26.729928551032202],[89.41476346625443,26.730894913415284],[89.41529530884472,26.73133254906955],[89.41536190544349,26.731868349503827],[89.41516579862883,26.732575572725437],[89.41528145612044,26.732817254056155],[89.41499182417225,26.732903405455115],[89.41472959447118,26.733097378446985],[89.41467550935059,26.733391584742918],[89.41442290067383,26.734041112042227],[89.4148386229039,26.73421451368153],[89.41442107561618,26.73466831997332],[89.4143603570776,26.7358379789188],[89.41847700976572,26.73612425848142],[89.42330139405938,26.736371247253352],[89.42215737661245,26.733133099917556],[89.41896323209828,26.726568447702107],[89.42729001620148,26.72684125543716],[89.43529592374949,26.71723773604227],[89.43654624979132,26.717911113536623],[89.43658926137215,26.718514986219418],[89.43876008533293,26.721356344174556],[89.44264975600666,26.72821082752703],[89.44341690501369,26.72836906466471],[89.4440847456835,26.72623239758676],[89.4435840316371,26.72349321264652],[89.44272398926681,26.723453886446205],[89.44317465846123,26.72197069405522],[89.4424608719562,26.71842752067878],[89.44228992397997,26.715127666727916],[89.44156674686505,26.710434078861283],[89.44141948660214,26.707535382061582],[89.43564726798206,26.70730973916405],[89.43115019213963,26.70751321693255],[89.4264079158776,26.707526729447498],[89.42197464571665,26.707661144329474]]]}},{"type":"Feature","properties":{"Village_Name":"Bhatpara Tea Garden","Village_Code":"307137","Block_Name":"Kalchini","District":"Alipurduar","Vill_Cat":"rural","State_LGD":"19","Dist_LGD":"328N002","Subdis_LGD":"2171"},"geometry":{"type":"Polygon","coordinates":[[[89.44156674686505,26.710434078861283],[89.44228992397997,26.715127666727916],[89.4424608719562,26.71842752067878],[89.44317465846123,26.72197069405522],[89.44272398926681,26.723453886446205],[89.4435840316371,26.72349321264652],[89.44539339577749,26.722577667052022],[89.44737379770642,26.72096881155457],[89.44851875567633,26.72117464701113],[89.44986366047058,26.722035771235742],[89.4520699196728,26.724402531648142],[89.45301993852608,26.725590802041022],[89.4593220528676,26.725413954498553],[89.4648428832286,26.72582343026552],[89.46640715606806,26.725665381818807],[89.47587073756532,26.726001275087977],[89.47585766395787,26.72423733258325],[89.4766496988327,26.720672599300503],[89.47739155591154,26.715488950087927],[89.47773304582134,26.71107480997988],[89.47836152960258,26.707386592066808],[89.4697333713263,26.70727988901103],[89.4661280215494,26.707360660475054],[89.46191915170257,26.707411206960423],[89.45656553564596,26.707260370029548],[89.45291794246491,26.70724678471059],[89.44907535259271,26.707277079928215],[89.44592945340759,26.70746671647285],[89.44141948660214,26.707535382061582],[89.44156674686505,26.710434078861283]]]}},{"type":"Feature","properties":{"Village_Name":"Bhatkhawa Tea Garden","Village_Code":"307141","Block_Name":"Kalchini","District":"Alipurduar","Vill_Cat":"rural","State_LGD":"19","Dist_LGD":"328N002","Subdis_LGD":"2171"},"geometry":{"type":"Polygon","coordinates":[[[89.481139794732,26.653126840480322],[89.4842065466153,26.64982011517024],[89.48784100244377,26.645610023561193],[89.4878409049143,26.64560551288697],[89.48621528775648,26.645661039645926],[89.47951036354874,26.64580979094175],[89.47514113598773,26.645768659955678],[89.4653764678921,26.646299389835608],[89.46161693957418,26.646360062576818],[89.4576438893848,26.64653261794784],[89.45275672115181,26.646693774437573],[89.4448115851646,26.64685327017683],[89.44498077255791,26.64819494915905],[89.4462349807206,26.65285235072036],[89.4481981813047,26.658959415443917],[89.44431032378891,26.659106231969666],[89.44226726483701,26.65918334536543],[89.44086095166647,26.659173826669395],[89.4396327507079,26.659165504197595],[89.43931936384989,26.659338704833335],[89.43834797100274,26.659818460142116],[89.43690792363529,26.6619963604013],[89.43679416386917,26.66217144497047],[89.4367545444585,26.662232422506925],[89.43508878115587,26.662267369705646],[89.4349395730006,26.662270499577595],[89.43508442880388,26.66210296998803],[89.43515318803931,26.662068406233853],[89.43535710175823,26.661965901310932],[89.43556160381537,26.661470927525272],[89.43575758768958,26.661250091906112],[89.43561273093427,26.66099118108529],[89.43534857962577,26.660846496047185],[89.43508442734344,26.660374363316105],[89.43489696505098,26.660039300329558],[89.43487140243298,26.659689005834892],[89.43470950208535,26.65951385766837],[89.43477974432088,26.659422834660116],[89.43487992235119,26.659293018522458],[89.43528040978835,26.659178791510378],[89.43573202269052,26.659178791273632],[89.43585983703905,26.65922448216049],[89.43581169121295,26.659122290572434],[89.43570166396157,26.659117111753815],[89.43541958517925,26.659103834411837],[89.42991659926835,26.658844701184208],[89.4300891395113,26.659166618719006],[89.43033420645527,26.659830212068993],[89.4304700798908,26.66008056370023],[89.43051540281805,26.66032343995639],[89.43051090748838,26.66058521665077],[89.43042016206611,26.66199002409428],[89.4305974417529,26.662298323303485],[89.43104987251047,26.662556792078192],[89.43129604880042,26.662561602103494],[89.43163861296554,26.662849021737514],[89.4317372980471,26.663239881956205],[89.43177569258665,26.66339263496633],[89.43166688095587,26.663944969713217],[89.43149189426023,26.664218690297815],[89.42897109190436,26.6647040094691],[89.42886910164913,26.66534195581476],[89.42900195137831,26.667108416442726],[89.4290213126429,26.667311128388434],[89.42908146119196,26.667305586975846],[89.43179204454265,26.667241147538498],[89.43784846107253,26.666992920210095],[89.4424290725017,26.66677884934656],[89.4510062200111,26.666518268627986],[89.45359924481127,26.666360689819253],[89.46376612968126,26.666234296287445],[89.46807735085186,26.666109801493096],[89.46856569783063,26.665699746260994],[89.47056477844536,26.66385116301028],[89.4748564407421,26.659801383250855],[89.47796648232836,26.65639024727058],[89.481139794732,26.653126840480322]]]}},{"type":"Feature","properties":{"Village_Name":"Madhya Patkapara","Village_Code":"307243","Block_Name":"Alipurduar - I","District":"Alipurduar","Vill_Cat":"rural","State_LGD":"19","Dist_LGD":"328N002","Subdis_LGD":"2173"},"geometry":{"type":"Polygon","coordinates":[[[89.43179831937906,26.527528314257165],[89.42936759671029,26.526910994406478],[89.42785041316294,26.524892843972914],[89.42706386155639,26.52493782517675],[89.42767621724609,26.527102251076798],[89.42774167942413,26.529497085795846],[89.43086507942513,26.531799181533785],[89.43052886859147,26.53488670627533],[89.4274918811009,26.535263349546575],[89.4279005655715,26.53466078397578],[89.4288263409584,26.53336355912441],[89.42869978755735,26.53164207781645],[89.42721286608955,26.531541071379852],[89.42601957919211,26.5322833335278],[89.42493166050002,26.534458657341833],[89.42271918012715,26.5337292246891],[89.42062606168204,26.534622104926036],[89.41936540639898,26.5328747469418],[89.41787146797999,26.53267900608949],[89.41788962403422,26.534501612570004],[89.4149817269309,26.53505628560584],[89.41256389770773,26.53769625274606],[89.41097753740199,26.539320413774476],[89.41070393210774,26.54182929941859],[89.41273109613556,26.541609986069624],[89.41420216620496,26.54142713985104],[89.41508704763416,26.54175957998864],[89.41536862175543,26.542508337976816],[89.41889202545616,26.542588436848146],[89.41863634591178,26.540684134951217],[89.41907821580573,26.540464562351143],[89.42077170785721,26.54036360443425],[89.42161052214654,26.540890807571067],[89.42329691394465,26.540690673213575],[89.42312973350424,26.54299922454382],[89.42400570117415,26.544098823204607],[89.42635446698276,26.543666283401013],[89.42512676352473,26.540871609827438],[89.42917185773867,26.540238681896366],[89.43066314123469,26.541968467830998],[89.43290756793903,26.54087432056118],[89.43093451336219,26.540325933700338],[89.43154753408997,26.53942207075073],[89.43334220190073,26.539125216485086],[89.4349561895783,26.537874857002258],[89.4345312034163,26.53675408699916],[89.43388777651391,26.535740824896084],[89.4342283860902,26.535716958479714],[89.43488373385982,26.535394425173116],[89.43495167714438,26.53481119912926],[89.43575031839276,26.534860719695637],[89.43656568404793,26.533565336996592],[89.43613127836215,26.530811342301487],[89.43676535504763,26.530195876891202],[89.43514990562564,26.528283273234795],[89.43342155361155,26.52791121323804],[89.43179831937906,26.527528314257165]]]}},{"type":"Feature","properties":{"Village_Name":"Foskadanga","Village_Code":"307246","Block_Name":"Alipurduar - I","District":"Alipurduar","Vill_Cat":"rural","State_LGD":"19","Dist_LGD":"328N002","Subdis_LGD":"2173"},"geometry":{"type":"Polygon","coordinates":[[[89.48224813436988,26.52749783042732],[89.4824012380111,26.522725941761053],[89.47718543468767,26.522983629204962],[89.47379991092205,26.5227536548797],[89.47436293810769,26.524449438206073],[89.47174944115652,26.524670754585447],[89.4693668404009,26.524197677652783],[89.46888661880394,26.52261774965263],[89.46914071710313,26.520194882131545],[89.4688543102552,26.518295750553772],[89.46794336003695,26.51791446105932],[89.46727442940077,26.518765285195837],[89.46661291480605,26.519728780320367],[89.46537693029225,26.519862963875635],[89.46399448346169,26.519950035160644],[89.46353279626621,26.521582362119503],[89.46514579480541,26.522659934571916],[89.46556714845917,26.52430406460935],[89.46456155165487,26.525598373000726],[89.4629153313086,26.525080868038895],[89.46094791407806,26.525259237421782],[89.4604314838,26.527149690923256],[89.4599377792679,26.529400716876317],[89.45935213129347,26.532280507518433],[89.4590360000283,26.532980823441136],[89.45686071774135,26.533298093014007],[89.45722175782093,26.536116432523237],[89.45437120020709,26.536291899568607],[89.45417107850267,26.536552534982263],[89.45420517796822,26.53697608391844],[89.45627359468746,26.537996270277226],[89.45937381386081,26.53870533289618],[89.45940937693358,26.53919653505395],[89.45915615794085,26.54308129082211],[89.46136140111756,26.543219178900358],[89.46589361124951,26.543964368765746],[89.47181736289929,26.54493814590856],[89.47891638978288,26.54610480516747],[89.48298324425087,26.546643969143638],[89.48382104193907,26.546755026196983],[89.48613601292905,26.547061871328292],[89.48743584682501,26.547217995147605],[89.48771033512652,26.547250963048942],[89.48616360509475,26.541597335805154],[89.484644618703,26.536989986243825],[89.48094905101306,26.537523632889823],[89.48135700852686,26.53317144061584],[89.48224813436988,26.52749783042732]]]}},{"type":"Feature","properties":{"Village_Name":"Banchukamari","Village_Code":"307248","Block_Name":"Alipurduar - I","District":"Alipurduar","Vill_Cat":"rural","State_LGD":"19","Dist_LGD":"328N002","Subdis_LGD":"2173"},"geometry":{"type":"Polygon","coordinates":[[[89.4873114708589,26.507597230813815],[89.48592531625758,26.508668195675803],[89.48399136268168,26.509220783772847],[89.48300408217446,26.508786775078505],[89.48176698466723,26.508862457098008],[89.48285355549781,26.510648358566154],[89.48457473551929,26.51115982102486],[89.48499780785977,26.51194205479519],[89.48517861017906,26.513351170744745],[89.48376430049458,26.51498210249498],[89.48396046305135,26.516639114387065],[89.48119941194749,26.517918983811004],[89.4824012380111,26.522725941761053],[89.48224813436988,26.52749783042732],[89.4872284116947,26.527009433584652],[89.487219543686,26.524970152753635],[89.49203272368861,26.52511167903612],[89.49668084065344,26.524579132969507],[89.50235848547877,26.52318462298754],[89.50207790985904,26.52134865386222],[89.50298442790125,26.521057507643143],[89.50134137441606,26.519764333062945],[89.4997288991011,26.51872327386923],[89.50010649785348,26.517863883811618],[89.49914073781963,26.517271697014685],[89.49847495033485,26.517098374830553],[89.49849064184664,26.51388555056173],[89.49950921612798,26.511128907925077],[89.5003603231361,26.510829728663495],[89.4996608117979,26.510255433339854],[89.4999296264082,26.50900540592649],[89.50000201648054,26.507948327013615],[89.50015998728215,26.507137907904582],[89.49854894705862,26.505690717207123],[89.49826490614632,26.504847435009527],[89.49991328935162,26.50338824108372],[89.500382024255,26.502802486135337],[89.50041502651621,26.502242418387244],[89.50003544909896,26.502082128375044],[89.49901240085656,26.503006972881874],[89.49772323397121,26.50345368744689],[89.49655502953728,26.50346511920273],[89.49582246082849,26.503446357000247],[89.4958568511884,26.502949433552725],[89.49733469417475,26.502183591324123],[89.49796911813476,26.501838590741446],[89.49770667007361,26.501297234055013],[89.49631938522043,26.501380178770074],[89.49579317585498,26.501163787782584],[89.4959166845109,26.50084578458564],[89.49580297387347,26.500225116131837],[89.49424885968077,26.50001316623694],[89.4928271820251,26.500593001925058],[89.4924666441908,26.499687872994755],[89.49183722456179,26.500032761734015],[89.48988567036963,26.501388871068162],[89.48996337956999,26.502434305678293],[89.49017099133245,26.5032247976883],[89.48850846532754,26.504499140167013],[89.48897474300631,26.505889732755243],[89.4888905273552,26.506635687484593],[89.48755864263207,26.506965745976935],[89.4873114708589,26.507597230813815]]]}},{"type":"Feature","properties":{"Village_Name":"Chapatali","Village_Code":"307249","Block_Name":"Alipurduar - I","District":"Alipurduar","Vill_Cat":"rural","State_LGD":"19","Dist_LGD":"328N002","Subdis_LGD":"2173"},"geometry":{"type":"Polygon","coordinates":[[[89.47506119823255,26.504390246799858],[89.47111036653241,26.505370199643295],[89.47180429433438,26.507799201698685],[89.47194150876764,26.510693569437795],[89.46822615955737,26.511908511331864],[89.46833743132386,26.512890216718723],[89.46850540169724,26.514177761367606],[89.46946589672811,26.515234999512256],[89.47035001647717,26.515300900114873],[89.47117948037344,26.515624929920815],[89.47105714557657,26.51600155122223],[89.47019954381928,26.516237504657468],[89.4697292471047,26.516760029012648],[89.469800430578,26.517742425760073],[89.4693036040829,26.51796309958573],[89.4688543102552,26.518295750553772],[89.46914071710313,26.520194882131545],[89.46888661880394,26.52261774965263],[89.4693668404009,26.524197677652783],[89.47174944115652,26.524670754585447],[89.47436293810769,26.524449438206073],[89.47379991092205,26.5227536548797],[89.47718543468767,26.522983629204962],[89.4824012380111,26.522725941761053],[89.48119941194749,26.517918983811004],[89.48396046305135,26.516639114387065],[89.48376430049458,26.51498210249498],[89.48517861017906,26.513351170744745],[89.48499780785977,26.51194205479519],[89.48457473551929,26.51115982102486],[89.48285355549781,26.510648358566154],[89.48176698466723,26.508862457098008],[89.48300408217446,26.508786775078505],[89.48399136268168,26.509220783772847],[89.48592531625758,26.508668195675803],[89.4873114708589,26.507597230813815],[89.48755864263207,26.506965745976935],[89.4888905273552,26.506635687484593],[89.48897474300631,26.505889732755243],[89.48850846532754,26.504499140167013],[89.49017099133245,26.5032247976883],[89.48996337956999,26.502434305678293],[89.48988567036963,26.501388871068162],[89.49183722456179,26.500032761734015],[89.4924666441908,26.499687872994755],[89.4928271820251,26.500593001925058],[89.49424885968077,26.50001316623694],[89.49580297387347,26.500225116131837],[89.4959166845109,26.50084578458564],[89.49782875698435,26.499986610897185],[89.50010015304275,26.499048921671456],[89.50241214145316,26.498597782724886],[89.50381697263718,26.49585690088923],[89.50455660385295,26.49458506627475],[89.50329340817962,26.494142502864445],[89.50292653095894,26.493178858584272],[89.5039047254877,26.491577976978615],[89.50464066538383,26.489674526808937],[89.50469553218007,26.48942991462598],[89.50112997025059,26.487786928455392],[89.49920409525103,26.48846138499309],[89.49768577129599,26.48966561346198],[89.49643753901861,26.490607914414316],[89.49579818288088,26.491882468705732],[89.49518558536046,26.49346788259817],[89.49391945926378,26.49613858457083],[89.49344935009768,26.496661174026563],[89.49104050796677,26.496807040477492],[89.48887994415375,26.49730498516965],[89.48550038685968,26.497084170102337],[89.48347987975649,26.498500051337516],[89.48193962290684,26.499397687297026],[89.4804071594774,26.499492027872847],[89.47947335037482,26.498741215213048],[89.47881495206767,26.496803450347652],[89.47676647226226,26.497854249851287],[89.47634946774279,26.502026122664194],[89.47609439516489,26.503460874949575],[89.47506119823255,26.504390246799858]]]}},{"type":"Feature","properties":{"Village_Name":"Dakshin Paitkapara","Village_Code":"307239","Block_Name":"Alipurduar - I","District":"Alipurduar","Vill_Cat":"rural","State_LGD":"19","Dist_LGD":"328N002","Subdis_LGD":"2173"},"geometry":{"type":"Polygon","coordinates":[[[89.45476406340552,26.506667741835166],[89.4524246847634,26.50773675413826],[89.44963954034944,26.50765377567454],[89.44956534667207,26.50864771476144],[89.45030513680973,26.509713398165047],[89.45201233169897,26.510045019314198],[89.45402899543487,26.510542754067355],[89.45575142015873,26.51111772053338],[89.45665555266395,26.512361020499156],[89.45591896650956,26.513334786432313],[89.4552690347755,26.51343170973355],[89.45304492827532,26.512143435858356],[89.44991255406855,26.51035635176637],[89.44725163629367,26.509039387496415],[89.44599243039247,26.5068906638839],[89.44379189901574,26.50315174320019],[89.44237835731766,26.502472065551377],[89.44163817056878,26.503278874631814],[89.44099724119005,26.50379971740849],[89.44106749682733,26.504750574296615],[89.44236831615483,26.506975341712334],[89.44385931256775,26.5087050131416],[89.44554298589856,26.511478173932435],[89.4460012501354,26.51298638423881],[89.44535518403684,26.51350282423699],[89.44431723277081,26.513276967972136],[89.44384533801542,26.513018842010037],[89.4431244920787,26.510951106843972],[89.44278859939566,26.509535542586626],[89.44147806733446,26.508750317082953],[89.43985318176648,26.50827728242622],[89.43935549187134,26.509170175019783],[89.43907108322976,26.509951127005735],[89.43900306939136,26.510529843426788],[89.43995383697515,26.51114076337975],[89.44154613534519,26.512679214431763],[89.44141213487359,26.51393136804775],[89.44081325304853,26.515020019524787],[89.43944176582946,26.514912641656206],[89.43579208905496,26.514749435373183],[89.4350535608713,26.51468985706993],[89.43469425396243,26.51596390374718],[89.43442392004106,26.516938630463976],[89.43299951518442,26.518366222571068],[89.4309798288009,26.518680430646544],[89.43208109587917,26.519767121412812],[89.43348770024264,26.520347743401064],[89.43492738369761,26.51988096958929],[89.43651023980983,26.519781730333463],[89.43800402342903,26.51997728472459],[89.43922760752257,26.521152066954524],[89.43930498273318,26.522202068413524],[89.43820795954348,26.522744243355728],[89.43649580994521,26.522660717150828],[89.43424133294324,26.521359130370158],[89.43299191179901,26.52133533972128],[89.4328016282005,26.52182589828559],[89.4333207201263,26.522656295946796],[89.43290708872199,26.52325895875746],[89.43122988766929,26.523644035300993],[89.42887454069101,26.523981991365474],[89.42785041316294,26.524892843972914],[89.42936759671029,26.526910994406478],[89.43179831937906,26.527528314257165],[89.43342155361155,26.52791121323804],[89.43514990562564,26.528283273234795],[89.43676535504763,26.530195876891202],[89.43849135321074,26.527607980266335],[89.4453660678935,26.527503727918944],[89.44570918569427,26.5261803039751],[89.44792633664122,26.52642199273771],[89.44804589705012,26.52709224250225],[89.4473762353611,26.528863464895544],[89.4512525940528,26.528814894148002],[89.4568760039507,26.52860074908613],[89.45676927467555,26.527122623784184],[89.4604314838,26.527149690923256],[89.46094791407806,26.525259237421782],[89.4629153313086,26.525080868038895],[89.46456155165487,26.525598373000726],[89.46556714845917,26.52430406460935],[89.46514579480541,26.522659934571916],[89.46353279626621,26.521582362119503],[89.46399448346169,26.519950035160644],[89.46537693029225,26.519862963875635],[89.46661291480605,26.519728780320367],[89.46727442940077,26.518765285195837],[89.46794336003695,26.51791446105932],[89.4688543102552,26.518295750553772],[89.4693036040829,26.51796309958573],[89.469800430578,26.517742425760073],[89.4697292471047,26.516760029012648],[89.47019954381928,26.516237504657468],[89.47105714557657,26.51600155122223],[89.47117948037344,26.515624929920815],[89.47035001647717,26.515300900114873],[89.46946589672811,26.515234999512256],[89.46850540169724,26.514177761367606],[89.46833743132386,26.512890216718723],[89.46822615955737,26.511908511331864],[89.46780800578274,26.50970934590297],[89.46637873551855,26.509242258708817],[89.46419746805795,26.50949203907101],[89.46333864571965,26.509669313440643],[89.46209250247402,26.510733128534298],[89.46185859214896,26.513403809349583],[89.46002570316627,26.51141403072297],[89.45774448366004,26.50932817437728],[89.45751012496733,26.509156242292807],[89.45835803486891,26.506817898075887],[89.4588932501254,26.506046126031755],[89.45882342337192,26.5051223505561],[89.45754578592829,26.504706700561986],[89.456158019317,26.505714246706873],[89.45476406340552,26.506667741835166]]]}},{"type":"Feature","properties":{"Village_Name":"Nathawatari","Village_Code":"307241","Block_Name":"Alipurduar - I","District":"Alipurduar","Vill_Cat":"rural","State_LGD":"19","Dist_LGD":"328N002","Subdis_LGD":"2173"},"geometry":{"type":"Polygon","coordinates":[[[89.41562005839104,26.503974629364237],[89.41344016230778,26.506691774897888],[89.40816336591763,26.513621469849376],[89.40511329240712,26.518401736906863],[89.40359849999744,26.517917405715004],[89.40189657044228,26.516393892424123],[89.40082363517907,26.515690011096808],[89.40077882457504,26.52124980279792],[89.3990403723198,26.52231236601119],[89.39994137201374,26.527526843856982],[89.40083847123947,26.52507965890236],[89.40403455899188,26.52536420365895],[89.40465293251637,26.524469382204643],[89.41013933236233,26.52490013295623],[89.42003851241755,26.526704218493325],[89.4181689600838,26.52748948210611],[89.41612397949072,26.532113039007335],[89.41618706804567,26.53296928089822],[89.41787146797999,26.53267900608949],[89.41936540639898,26.5328747469418],[89.42062606168204,26.534622104926036],[89.42271918012715,26.5337292246891],[89.42493166050002,26.534458657341833],[89.42601957919211,26.5322833335278],[89.42721286608955,26.531541071379852],[89.42869978755735,26.53164207781645],[89.4288263409584,26.53336355912441],[89.4279005655715,26.53466078397578],[89.4274918811009,26.535263349546575],[89.43052886859147,26.53488670627533],[89.43086507942513,26.531799181533785],[89.42774167942413,26.529497085795846],[89.42767621724609,26.527102251076798],[89.42706386155639,26.52493782517675],[89.42785041316294,26.524892843972914],[89.42887454069101,26.523981991365474],[89.43122988766929,26.523644035300993],[89.43290708872199,26.52325895875746],[89.4333207201263,26.522656295946796],[89.4328016282005,26.52182589828559],[89.43299191179901,26.52133533972128],[89.43424133294324,26.521359130370158],[89.43649580994521,26.522660717150828],[89.43820795954348,26.522744243355728],[89.43930498273318,26.522202068413524],[89.43922760752257,26.521152066954524],[89.43800402342903,26.51997728472459],[89.43651023980983,26.519781730333463],[89.43492738369761,26.51988096958929],[89.43348770024264,26.520347743401064],[89.43208109587917,26.519767121412812],[89.4309798288009,26.518680430646544],[89.43299951518442,26.518366222571068],[89.43442392004106,26.516938630463976],[89.43469425396243,26.51596390374718],[89.4350535608713,26.51468985706993],[89.43313012979414,26.51480842611974],[89.4312257240296,26.515116154087522],[89.42878816968363,26.514399659513305],[89.42687381196363,26.516142365015796],[89.42439622215552,26.514952699507464],[89.42328106651979,26.513676667339706],[89.42275798691405,26.511217402456136],[89.42150375140366,26.511198099108395],[89.42067727357663,26.510769939559914],[89.41992885219008,26.508323510288204],[89.41939178643231,26.505670440669395],[89.41833294974036,26.505160476062493],[89.41562005839104,26.503974629364237]]]}},{"type":"Feature","properties":{"Village_Name":"Silbarihat","Village_Code":"307225","Block_Name":"Alipurduar - I","District":"Alipurduar","Vill_Cat":"rural","State_LGD":"19","Dist_LGD":"328N002","Subdis_LGD":"2173"},"geometry":{"type":"Polygon","coordinates":[[[89.35950311430395,26.506764150444173],[89.36098103503163,26.502272520462647],[89.36402876745335,26.49730364208544],[89.36513711276432,26.49387849199431],[89.36478832543054,26.492273386221285],[89.36357127504465,26.49176434438234],[89.36328433254674,26.49192505228646],[89.36288816448395,26.492159756346698],[89.36145370072606,26.492710183044206],[89.35991889051452,26.493337251017664],[89.35904619694499,26.493747864531876],[89.35854462430645,26.494248721317643],[89.3580981999934,26.494754078779465],[89.35688917777284,26.4965545245921],[89.35602645244711,26.496649185594976],[89.35521905899135,26.496540777192692],[89.35339028135206,26.494670233143225],[89.35113734610732,26.49236572235487],[89.35042538638518,26.491711255767928],[89.34757232411563,26.48919252366125],[89.34674494339856,26.48870950878971],[89.3452356650589,26.487720855589654],[89.3441124887504,26.48716552475049],[89.34358596174404,26.48685849121335],[89.34206008368075,26.486802504883293],[89.3417304439054,26.486790407121937],[89.3401454879985,26.48729092883408],[89.3388715550356,26.487773520101424],[89.33581686026245,26.489198745156138],[89.33498425901409,26.489636173848382],[89.33065015440967,26.492121512134915],[89.32941612861825,26.49290181854432],[89.32785088557803,26.49393470771399],[89.32575911693579,26.494841066045595],[89.32539326419807,26.494155013660095],[89.32459153690964,26.492557164356874],[89.32457938938948,26.492536122833414],[89.32374462599094,26.49109018201841],[89.32306819861846,26.48983087482977],[89.32243690272928,26.488530939841976],[89.3215847085085,26.48764152126441],[89.32095813373984,26.4871042730535],[89.31895804926498,26.485280308458222],[89.31788503503614,26.48477890859301],[89.31540793385058,26.484349205435347],[89.31318283419765,26.484496516666663],[89.31310596973061,26.48450160509311],[89.31265203013696,26.484624298830052],[89.31569772623402,26.48517297739893],[89.31669050556853,26.485919455681373],[89.31554655228884,26.488889126444786],[89.31842050991189,26.49091815100083],[89.32119137672842,26.493052574337334],[89.32251758741229,26.49566170223071],[89.3231925123455,26.497054059199773],[89.32397926262738,26.497772247041468],[89.32648221979213,26.497050079508952],[89.32805278854723,26.499831143377705],[89.3342203218988,26.49879177668219],[89.3352121145032,26.50294946103417],[89.33756753197656,26.50261757352032],[89.33965983790414,26.50019172856018],[89.34463966409665,26.49845844408511],[89.34412341330844,26.500696018815606],[89.3441125283821,26.50510022735539],[89.34457330968745,26.506798310046943],[89.34972473545577,26.506587179915197],[89.35177731739151,26.50665261554438],[89.35281819101178,26.50850805364932],[89.3562918222775,26.507918247557658],[89.35950311430395,26.506764150444173]]]}},{"type":"Feature","properties":{"Village_Name":"Uttar Sonapur","Village_Code":"307232","Block_Name":"Alipurduar - I","District":"Alipurduar","Vill_Cat":"rural","State_LGD":"19","Dist_LGD":"328N002","Subdis_LGD":"2173"},"geometry":{"type":"Polygon","coordinates":[[[89.38929214466927,26.475661621782102],[89.38811307285816,26.47659283065631],[89.38586866349891,26.47692366575677],[89.38408018474902,26.475780365747944],[89.38176051214336,26.476595205665383],[89.38166969678839,26.47851443389449],[89.37999801796111,26.47890330353169],[89.38040830001229,26.47983501259168],[89.37952429549273,26.481708809280455],[89.38044265683386,26.484910736425455],[89.37364560510221,26.48819610007812],[89.37365695599956,26.490212898019504],[89.37518519632717,26.49088686501279],[89.3759640267885,26.492182454075294],[89.37374905139411,26.492986412988724],[89.37509525196228,26.49577966281155],[89.37705331477342,26.499302710936586],[89.37799277521914,26.50279307736726],[89.38229531002484,26.502531759044786],[89.38684628553413,26.50264518245321],[89.38643943370136,26.503342363286414],[89.38592228332932,26.50404138906561],[89.38580663208033,26.505482729178997],[89.38840626168273,26.50532640897516],[89.38959089616837,26.50755816906248],[89.39649113830929,26.50704078684234],[89.39727553348993,26.50689674823369],[89.39779773572562,26.504753689216685],[89.39757064684999,26.50323688939366],[89.39939603149966,26.50178484258484],[89.39867614404328,26.499721331478078],[89.39884579405856,26.497507490540773],[89.39954087151429,26.497653726988176],[89.39994798748529,26.49552613475762],[89.40030576671658,26.494161936859513],[89.39940949031222,26.492778227145756],[89.39888773679037,26.49252529285141],[89.39899418381448,26.490890077565137],[89.39996885359996,26.490255510615153],[89.39953359506289,26.48740659440537],[89.3999615370924,26.485558409518383],[89.4013048385051,26.485292148335922],[89.40253973291807,26.485117944888433],[89.40360539552373,26.485727195133776],[89.40435462347077,26.485105423297174],[89.40462516398841,26.484130738025307],[89.4045342843156,26.482895921959006],[89.40481368068889,26.482106088229916],[89.40543381667139,26.481305997988912],[89.40461459736177,26.48097236462364],[89.40315419704518,26.48115038111306],[89.40312626857904,26.48077182523589],[89.40268277339855,26.479457212577252],[89.39699379523132,26.480757647871197],[89.39485074288518,26.474851011289747],[89.3945685591712,26.47333060880335],[89.39092838364853,26.47622983670092],[89.39031368199336,26.47559939409025],[89.38929214466927,26.475661621782102]]]}},{"type":"Feature","properties":{"Village_Name":"Uttar Kamsing Gram","Village_Code":"307236","Block_Name":"Alipurduar - I","District":"Alipurduar","Vill_Cat":"rural","State_LGD":"19","Dist_LGD":"328N002","Subdis_LGD":"2173"},"geometry":{"type":"Polygon","coordinates":[[[89.41148990712698,26.48486769181999],[89.40834592163276,26.485344940519788],[89.40784617711277,26.48470361729556],[89.40462516398841,26.484130738025307],[89.40435462347077,26.485105423297174],[89.40360539552373,26.485727195133776],[89.40253973291807,26.485117944888433],[89.4013048385051,26.485292148335922],[89.3999615370924,26.485558409518383],[89.39953359506289,26.48740659440537],[89.39996885359996,26.490255510615153],[89.39899418381448,26.490890077565137],[89.39888773679037,26.49252529285141],[89.39940949031222,26.492778227145756],[89.40940996371181,26.49140491540277],[89.40928658841976,26.49438505212133],[89.40819278963298,26.494836693110557],[89.409058035502,26.49737147657348],[89.41151804957697,26.499906370626807],[89.41302761224496,26.500390716586807],[89.415587994481,26.501962737660207],[89.41562005839104,26.503974629364237],[89.41833294974036,26.505160476062493],[89.41939178643231,26.505670440669395],[89.42103472898191,26.504140004539902],[89.42111285859964,26.503561120062454],[89.42113887088648,26.5024100751535],[89.42231488755107,26.503008273347582],[89.42319341522989,26.50257371651188],[89.42392162508978,26.50166793290482],[89.42290980734052,26.500290865224482],[89.42260920285062,26.499348415582407],[89.4232904047621,26.49930977060869],[89.42369900132744,26.498707221554426],[89.42482398624857,26.49854822324291],[89.42571234298637,26.499061041867872],[89.42609792591917,26.49807985569002],[89.42662675037214,26.496040386046822],[89.42628679814679,26.492986920258357],[89.42380975362798,26.493232076265027],[89.42258163133026,26.493492083594568],[89.4220557623104,26.492566992140855],[89.42026394261684,26.49296740241953],[89.41950363603266,26.491861278641238],[89.4214337157306,26.491837555771017],[89.42094294859197,26.491390154406552],[89.41933936740497,26.491200773255663],[89.41899272982018,26.488057147701344],[89.4188405741951,26.487495703906767],[89.41255232786823,26.4884414424047],[89.41232704421888,26.488458787958557],[89.41148990712698,26.48486769181999]]]}},{"type":"Feature","properties":{"Village_Name":"Pakuritala","Village_Code":"307238","Block_Name":"Alipurduar - I","District":"Alipurduar","Vill_Cat":"rural","State_LGD":"19","Dist_LGD":"328N002","Subdis_LGD":"2173"},"geometry":{"type":"Polygon","coordinates":[[[89.46419746805795,26.50949203907101],[89.46136643802534,26.50490702142859],[89.46231203422724,26.50386194182385],[89.46312472758844,26.503874980051503],[89.4636113561129,26.504588507289053],[89.46485448491944,26.505501028142884],[89.465787122055,26.505259300113146],[89.46619232205235,26.50474242846619],[89.4663364582548,26.503742766359007],[89.46627428610564,26.502945202745856],[89.46553534986329,26.502863226457062],[89.46490090709513,26.503212599631897],[89.4636983736235,26.502791194686505],[89.46301931675451,26.50246000471506],[89.46173008459704,26.502910912952782],[89.4611553171317,26.50300205123159],[89.4602038017406,26.50306358958659],[89.45967764065158,26.502847060450673],[89.4607148992228,26.502102720090097],[89.46174695103268,26.501114810250787],[89.46147706010618,26.500451678578763],[89.46262368230808,26.50013408717638],[89.4638608092981,26.500063087877287],[89.46472457404992,26.499885728977386],[89.46542147036423,26.49940893868125],[89.46539988371651,26.49910249026934],[89.4642661283531,26.498612217354943],[89.46268947045779,26.49710533826219],[89.46261247396006,26.496551680260332],[89.46373756863893,26.495932144214294],[89.46440117242177,26.496010921981135],[89.4659563426154,26.49721584338053],[89.46659941275954,26.49797629034791],[89.46772690429685,26.498407995698912],[89.46835899572467,26.497011849891244],[89.46783429955066,26.495924493419842],[89.46774918508083,26.494757336758376],[89.46665112528554,26.494762792816047],[89.46599410102431,26.49381759103959],[89.46546684375026,26.492608440733186],[89.4654316017036,26.491192255013374],[89.46644661742351,26.49199590937841],[89.46726839211074,26.491264276640667],[89.4670599161566,26.48948560907277],[89.46697816655336,26.488833177838973],[89.46613427322589,26.4888557522158],[89.4635164697394,26.48896568350464],[89.46141034526538,26.489251193383943],[89.46017680646285,26.48951368758502],[89.4578651983287,26.489988858956423],[89.45618033605372,26.49027416446523],[89.4549718553982,26.49062687704675],[89.45455054614516,26.490532333222454],[89.45443404314989,26.488754309579537],[89.45423305822362,26.487378719294163],[89.45401077697764,26.48585732334146],[89.45387950879022,26.484530582435287],[89.45384428210333,26.484334194243395],[89.45371844115883,26.48363264419916],[89.45316638479255,26.483041753388687],[89.4525490531981,26.48224776505037],[89.45250472506953,26.4810424840988],[89.45248266585712,26.480442704182487],[89.45233629356679,26.479007658061054],[89.45238999534388,26.476850482392486],[89.45203378910998,26.476485165113996],[89.45098063195329,26.476368343505637],[89.4503459388869,26.476526552824083],[89.4493111125395,26.47892623406445],[89.44835939909456,26.478969638953135],[89.44751025668313,26.47841116379846],[89.44672160446086,26.47857810031325],[89.44616059153367,26.4788403971638],[89.44558477910394,26.478877339348994],[89.44554558553223,26.479631537137166],[89.44492909989131,26.479642101051724],[89.44385694833156,26.479443883631482],[89.44323116004324,26.47925155261464],[89.44291960764613,26.47898164560509],[89.44275952139112,26.478524147593678],[89.4425287925125,26.47804529803741],[89.44217265306551,26.478037856509665],[89.4416393211466,26.478186858814812],[89.44195086791443,26.478456769544373],[89.4421973550613,26.478732304286986],[89.44191298455382,26.479274114845584],[89.44148899685644,26.4796152687656],[89.44095333291003,26.479416873717472],[89.44015158920703,26.479439609645016],[89.43896353387757,26.479450895652388],[89.43801726286185,26.479277554332775],[89.43769141691536,26.478804833206524],[89.43734767583848,26.478909971588735],[89.43696066279318,26.479340723570996],[89.43704515667841,26.48049439156131],[89.43726513807172,26.482128545827393],[89.43631795167911,26.482388377136605],[89.43523067685764,26.482424985639227],[89.43507919529193,26.482612568991193],[89.43520785348525,26.483007442719554],[89.43559442091866,26.483506206343264],[89.43602189161264,26.483566590914556],[89.43617514056321,26.48393848316556],[89.43653177487525,26.48396849147578],[89.43747808281151,26.484141838959342],[89.43808977406455,26.484140412941134],[89.43863320117782,26.484943312216775],[89.43919337882942,26.48511422275898],[89.4399646115415,26.48506945102861],[89.44045963159493,26.485241471191923],[89.44087977190013,26.486141224482964],[89.44092204299655,26.48671805608582],[89.43991503956606,26.48747075934224],[89.4382727714297,26.48829748437255],[89.43757885920205,26.48891848190379],[89.43701161993201,26.489126707129582],[89.4364276931989,26.489019364069645],[89.4362754446741,26.489170865565765],[89.43645687592654,26.48945203238606],[89.43621303187331,26.490015703167085],[89.43698876948142,26.490895859432026],[89.43718977957109,26.49186704880749],[89.43716315978516,26.493694921972654],[89.43681499462998,26.495018416521095],[89.43586956315056,26.49655515748732],[89.4355484757536,26.497499167175068],[89.435573722267,26.498220679808117],[89.43630135385351,26.498957268372386],[89.4371000638146,26.499259473235853],[89.43741413745413,26.499646662854058],[89.43738875880707,26.500107334894388],[89.437026078803,26.50050608891257],[89.4370609502978,26.500970243880733],[89.43742455457227,26.501090369909054],[89.4381898799259,26.501948131387817],[89.44210575078974,26.501912717322167],[89.44428251369588,26.502164204068187],[89.44379189901574,26.50315174320019],[89.44599243039247,26.5068906638839],[89.44725163629367,26.509039387496415],[89.44991255406855,26.51035635176637],[89.45304492827532,26.512143435858356],[89.4552690347755,26.51343170973355],[89.45591896650956,26.513334786432313],[89.45665555266395,26.512361020499156],[89.45575142015873,26.51111772053338],[89.45402899543487,26.510542754067355],[89.45201233169897,26.510045019314198],[89.45030513680973,26.509713398165047],[89.44956534667207,26.50864771476144],[89.44963954034944,26.50765377567454],[89.4524246847634,26.50773675413826],[89.45476406340552,26.506667741835166],[89.456158019317,26.505714246706873],[89.45754578592829,26.504706700561986],[89.45882342337192,26.5051223505561],[89.4588932501254,26.506046126031755],[89.45835803486891,26.506817898075887],[89.45751012496733,26.509156242292807],[89.45774448366004,26.50932817437728],[89.46002570316627,26.51141403072297],[89.46185859214896,26.513403809349583],[89.46209250247402,26.510733128534298],[89.46333864571965,26.509669313440643],[89.46419746805795,26.50949203907101]]]}},{"type":"Feature","properties":{"Village_Name":"Pararpar","Village_Code":"307250","Block_Name":"Alipurduar - I","District":"Alipurduar","Vill_Cat":"rural","State_LGD":"19","Dist_LGD":"328N002","Subdis_LGD":"2173"},"geometry":{"type":"Polygon","coordinates":[[[89.47194150876764,26.510693569437795],[89.47180429433438,26.507799201698685],[89.47111036653241,26.505370199643295],[89.47506119823255,26.504390246799858],[89.47609439516489,26.503460874949575],[89.47634946774279,26.502026122664194],[89.47676647226226,26.497854249851287],[89.47881495206767,26.496803450347652],[89.47947335037482,26.498741215213048],[89.4804071594774,26.499492027872847],[89.48193962290684,26.499397687297026],[89.48347987975649,26.498500051337516],[89.48550038685968,26.497084170102337],[89.48887994415375,26.49730498516965],[89.49104050796677,26.496807040477492],[89.49344935009768,26.496661174026563],[89.49391945926378,26.49613858457083],[89.49518558536046,26.49346788259817],[89.49579818288088,26.491882468705732],[89.49202139008034,26.492300434463985],[89.48940994280986,26.49258065680365],[89.48714779974878,26.492782549248226],[89.48645352649528,26.49127860598186],[89.48603584642893,26.488646337454362],[89.48574928821336,26.48674724688428],[89.48695050024244,26.486180355628125],[89.48700535519814,26.485001754666747],[89.48659522339119,26.484350144673517],[89.4865088754272,26.483226270388464],[89.48610933197534,26.483444380313735],[89.48608466386509,26.483868581497823],[89.48674251000391,26.484842910040243],[89.48666238913708,26.484982826040067],[89.48600452561544,26.48403565994651],[89.48555768714792,26.483467346433017],[89.48508628089566,26.483467706004014],[89.4847455025433,26.483657552534954],[89.48429962506397,26.484131681850776],[89.48411483147443,26.48493966918927],[89.48387937442676,26.485219635872348],[89.48377370189424,26.484912851087817],[89.48395338503597,26.483964989197084],[89.48382207079867,26.482927155893954],[89.4831397734219,26.482665871460316],[89.48221741117703,26.483090802604565],[89.48135072363515,26.48401659172637],[89.48031793068026,26.484315199159155],[89.47976137613557,26.484455451865227],[89.47939070591389,26.484902541506095],[89.47947177515336,26.485899832361834],[89.47915622442878,26.486252022557306],[89.47862975779735,26.486374241729226],[89.47742126672422,26.48651507183113],[89.47623781848027,26.486682800455192],[89.47560643847495,26.48720226716708],[89.47375593972326,26.487329930990917],[89.47305892474087,26.487398053975667],[89.47232185928279,26.487511357738274],[89.4719413534546,26.48828328909629],[89.47136491561751,26.488662814932027],[89.46949443555651,26.488898699765],[89.46768890511352,26.48881416107964],[89.46697816655336,26.488833177838973],[89.4670599161566,26.48948560907277],[89.46726839211074,26.491264276640667],[89.46644661742351,26.49199590937841],[89.4654316017036,26.491192255013374],[89.46546684375026,26.492608440733186],[89.46599410102431,26.49381759103959],[89.46665112528554,26.494762792816047],[89.46774918508083,26.494757336758376],[89.46783429955066,26.495924493419842],[89.46835899572467,26.497011849891244],[89.46772690429685,26.498407995698912],[89.46659941275954,26.49797629034791],[89.4659563426154,26.49721584338053],[89.46440117242177,26.496010921981135],[89.46373756863893,26.495932144214294],[89.46261247396006,26.496551680260332],[89.46268947045779,26.49710533826219],[89.4642661283531,26.498612217354943],[89.46539988371651,26.49910249026934],[89.46542147036423,26.49940893868125],[89.46472457404992,26.499885728977386],[89.4638608092981,26.500063087877287],[89.46262368230808,26.50013408717638],[89.46147706010618,26.500451678578763],[89.46174695103268,26.501114810250787],[89.4607148992228,26.502102720090097],[89.45967764065158,26.502847060450673],[89.4602038017406,26.50306358958659],[89.4611553171317,26.50300205123159],[89.46173008459704,26.502910912952782],[89.46301931675451,26.50246000471506],[89.4636983736235,26.502791194686505],[89.46490090709513,26.503212599631897],[89.46553534986329,26.502863226457062],[89.46627428610564,26.502945202745856],[89.4663364582548,26.503742766359007],[89.46619232205235,26.50474242846619],[89.465787122055,26.505259300113146],[89.46485448491944,26.505501028142884],[89.4636113561129,26.504588507289053],[89.46312472758844,26.503874980051503],[89.46231203422724,26.50386194182385],[89.46136643802534,26.50490702142859],[89.46419746805795,26.50949203907101],[89.46637873551855,26.509242258708817],[89.46780800578274,26.50970934590297],[89.46822615955737,26.511908511331864],[89.47194150876764,26.510693569437795]]]}},{"type":"Feature","properties":{"Village_Name":"Tapshikhata","Village_Code":"307237","Block_Name":"Alipurduar - I","District":"Alipurduar","Vill_Cat":"rural","State_LGD":"19","Dist_LGD":"328N002","Subdis_LGD":"2173"},"geometry":{"type":"Polygon","coordinates":[[[89.4503459388869,26.476526552824083],[89.45021855927332,26.4765583039768],[89.44969194836166,26.47653151869595],[89.44945601580882,26.476130017468215],[89.44935049017693,26.475678720966595],[89.44934188697562,26.475500408776],[89.44929453012034,26.474518981138008],[89.44903379328308,26.474451442131354],[89.44884831964276,26.47451923781469],[89.4480792464324,26.475215990368632],[89.44795625635643,26.475327413708342],[89.44708874676293,26.475372973417954],[89.44594559122862,26.475698492410096],[89.44374935788579,26.475925173900677],[89.44366331198735,26.474449552717754],[89.44321788822594,26.473800594503995],[89.44318646790303,26.473754815359282],[89.44292050789103,26.473420957019332],[89.44292034271687,26.47301928841399],[89.44226334792195,26.472852663417278],[89.4418811014754,26.470853644818042],[89.44001569175543,26.470759656453016],[89.43980446682323,26.469645155783166],[89.43911736879451,26.469338520976507],[89.43798545865917,26.469579567188656],[89.43767345641872,26.469646008546377],[89.43654519371054,26.46950662511264],[89.43572766207151,26.469195611799567],[89.43443915102993,26.46950754427915],[89.43336123909788,26.469697476342553],[89.43262398467832,26.46950825941318],[89.43257342540379,26.468677889548562],[89.43212679938038,26.467942436059538],[89.4314699471133,26.46794270652599],[89.43068806635445,26.46852518757352],[89.42852203239937,26.468724583740524],[89.42749906576432,26.468747488795568],[89.42749084370284,26.46874598000698],[89.42761110264713,26.46961841817404],[89.42963911447464,26.470933053545032],[89.42806605250557,26.472660910890728],[89.427107821605,26.475019028030868],[89.42642188474257,26.47649714874366],[89.42459724380527,26.477949495296492],[89.42371900362866,26.47982343173406],[89.42323726970088,26.481000267607328],[89.42330035053212,26.48185651046994],[89.42474162792176,26.48291946103026],[89.42683792937201,26.483655404606875],[89.42793680804826,26.484647436689656],[89.42730981825004,26.48535297855478],[89.42590770032766,26.486396575337892],[89.42570342825962,26.486697851169176],[89.42566335502607,26.487655113039033],[89.4260761153589,26.48868589419289],[89.4274144226493,26.489854342452276],[89.42760466158374,26.490794148158507],[89.42659713183001,26.491050434179414],[89.4263858522818,26.49125707545588],[89.42628679814679,26.492986920258357],[89.42662675037214,26.496040386046822],[89.42609792591917,26.49807985569002],[89.42571234298637,26.499061041867872],[89.42584568316782,26.500872663855006],[89.42914741179167,26.500965369062154],[89.42968739121459,26.502079697796585],[89.43296092294443,26.501784747798094],[89.4381898799259,26.501948131387817],[89.43742455457227,26.501090369909054],[89.4370609502978,26.500970243880733],[89.437026078803,26.50050608891257],[89.43738875880707,26.500107334894388],[89.43741413745413,26.499646662854058],[89.4371000638146,26.499259473235853],[89.43630135385351,26.498957268372386],[89.435573722267,26.498220679808117],[89.4355484757536,26.497499167175068],[89.43586956315056,26.49655515748732],[89.43681499462998,26.495018416521095],[89.43716315978516,26.493694921972654],[89.43718977957109,26.49186704880749],[89.43698876948142,26.490895859432026],[89.43621303187331,26.490015703167085],[89.43645687592654,26.48945203238606],[89.4362754446741,26.489170865565765],[89.4364276931989,26.489019364069645],[89.43701161993201,26.489126707129582],[89.43757885920205,26.48891848190379],[89.4382727714297,26.48829748437255],[89.43991503956606,26.48747075934224],[89.44092204299655,26.48671805608582],[89.44087977190013,26.486141224482964],[89.44045963159493,26.485241471191923],[89.4399646115415,26.48506945102861],[89.43919337882942,26.48511422275898],[89.43863320117782,26.484943312216775],[89.43808977406455,26.484140412941134],[89.43747808281151,26.484141838959342],[89.43653177487525,26.48396849147578],[89.43617514056321,26.48393848316556],[89.43602189161264,26.483566590914556],[89.43559442091866,26.483506206343264],[89.43520785348525,26.483007442719554],[89.43507919529193,26.482612568991193],[89.43523067685764,26.482424985639227],[89.43631795167911,26.482388377136605],[89.43726513807172,26.482128545827393],[89.43704515667841,26.48049439156131],[89.43696066279318,26.479340723570996],[89.43734767583848,26.478909971588735],[89.43769141691536,26.478804833206524],[89.43801726286185,26.479277554332775],[89.43896353387757,26.479450895652388],[89.44015158920703,26.479439609645016],[89.44095333291003,26.479416873717472],[89.44148899685644,26.4796152687656],[89.44191298455382,26.479274114845584],[89.4421973550613,26.478732304286986],[89.44195086791443,26.478456769544373],[89.4416393211466,26.478186858814812],[89.44217265306551,26.478037856509665],[89.4425287925125,26.47804529803741],[89.44275952139112,26.478524147593678],[89.44291960764613,26.47898164560509],[89.44323116004324,26.47925155261464],[89.44385694833156,26.479443883631482],[89.44492909989131,26.479642101051724],[89.44554558553223,26.479631537137166],[89.44558477910394,26.478877339348994],[89.44616059153367,26.4788403971638],[89.44672160446086,26.47857810031325],[89.44751025668313,26.47841116379846],[89.44835939909456,26.478969638953135],[89.4493111125395,26.47892623406445],[89.4503459388869,26.476526552824083]]]}},{"type":"Feature","properties":{"Village_Name":"Birpara (CT)","Village_Code":"307258","Block_Name":"Alipurduar - I","District":"Alipurduar","Vill_Cat":"partly_urban","State_LGD":"19","Dist_LGD":"328N002","Subdis_LGD":"2173"},"geometry":{"type":"Polygon","coordinates":[[[89.51383492074066,26.480606139195014],[89.51391478284951,26.478745791144984],[89.51408099022561,26.475092658273688],[89.51397510322147,26.474784646660105],[89.5138370824341,26.475362441016138],[89.51390640825164,26.47635539318],[89.51315339358689,26.477112955239996],[89.51199457381891,26.477621917381185],[89.51178901233708,26.477621835663832],[89.5120349125038,26.477360233263962],[89.51257180780824,26.477098921169787],[89.51258726773975,26.47664311762195],[89.51228193027852,26.47602917651835],[89.51118491179324,26.474863993523357],[89.51087168818073,26.47404543625938],[89.51080487082278,26.47387081966188],[89.50990828862352,26.472787014351177],[89.50937213470814,26.472407507417994],[89.50857563920668,26.472575242616607],[89.50845435759636,26.472600782578784],[89.50820869428301,26.472600587436684],[89.50816888904087,26.472212442434678],[89.50819537143947,26.472014614708364],[89.50811674883896,26.47189869957025],[89.50765780502714,26.471841962353885],[89.50726718822443,26.4713994285864],[89.50618008304045,26.47043273668021],[89.50592466923604,26.469690630028044],[89.5059050784511,26.469633704087478],[89.50579056905008,26.46890251209782],[89.50551509720037,26.468604501581048],[89.50496356059526,26.468540815528325],[89.50448379768731,26.46866324093269],[89.50431152829567,26.468707200059715],[89.50374405298352,26.46952805490305],[89.50310660083358,26.470141319212082],[89.50234882834862,26.47073178386641],[89.50246849266907,26.471359203424047],[89.50294465731432,26.471567250446572],[89.50352652563802,26.471387213266897],[89.50417844509823,26.471270376158586],[89.50462972610887,26.471334018316576],[89.5051205818323,26.471817303724507],[89.5055111203555,26.472395296522006],[89.50531019966968,26.472719988273404],[89.50487391288034,26.472733150838394],[89.50404701979481,26.47229925603492],[89.50321954676161,26.47236620080123],[89.50264245206021,26.472780869069986],[89.50236564569181,26.473759958161978],[89.50238008102144,26.474292484608423],[89.50231486819992,26.474355623007867],[89.5022346751383,26.474310374854415],[89.50191958687732,26.473493267455368],[89.50172424011537,26.473348696877068],[89.50137821670472,26.473325885348924],[89.50086148944263,26.473542042491186],[89.50045993922255,26.47398845942441],[89.5002438000546,26.474417008153768],[89.49997264799548,26.474777757067663],[89.49964658024864,26.47491287297188],[89.49940082472706,26.474890104842387],[89.49907500345758,26.474776963724427],[89.49882451628174,26.47461882704012],[89.4987393629699,26.474487844808973],[89.4987847196361,26.47426677313654],[89.49930163257491,26.473919770904363],[89.49966819226668,26.473473248432484],[89.49973880384887,26.473103288421964],[89.49956881029802,26.472651814421],[89.49921319981841,26.472231836129673],[89.49847154715333,26.471815997121546],[89.49718472044826,26.471575646287295],[89.4964479813422,26.47186512219062],[89.49563092146835,26.47215915744074],[89.49484420833979,26.472698051883103],[89.49473393809497,26.472773586210575],[89.49442413232838,26.473834367112328],[89.49464538425309,26.47437122180708],[89.49519756257062,26.475011573120966],[89.49541885937232,26.475647780662932],[89.49536898835593,26.47586441865219],[89.49509353800902,26.47619410078329],[89.49454738086371,26.476636804174312],[89.49277829403763,26.477712253877016],[89.49244319581807,26.4786151001143],[89.4926793494166,26.4790617276572],[89.49333625512135,26.479038610452218],[89.4944139656477,26.478609001045843],[89.49526666033971,26.47881139258304],[89.49587425901557,26.4795419137237],[89.49565957279763,26.48050790377923],[89.49550475852756,26.481130744798666],[89.49513874112957,26.481153659650115],[89.49466685980371,26.4806576456947],[89.4938739907094,26.48018447593476],[89.49255993718955,26.47996441618588],[89.49135184689776,26.48039863585125],[89.49032955181887,26.481134978564658],[89.48985390609357,26.481938661559045],[89.48967441027165,26.48298127826997],[89.48923847308133,26.48332458037368],[89.48816022360877,26.483275796675084],[89.48684615148665,26.483042150482664],[89.4865088754272,26.483226270388464],[89.48659522339119,26.484350144673517],[89.48700535519814,26.485001754666747],[89.48695050024244,26.486180355628125],[89.48574928821336,26.48674724688428],[89.48603584642893,26.488646337454362],[89.48645352649528,26.49127860598186],[89.48714779974878,26.492782549248226],[89.48940994280986,26.49258065680365],[89.49202139008034,26.492300434463985],[89.49579818288088,26.491882468705732],[89.49643753901861,26.490607914414316],[89.49768577129599,26.48966561346198],[89.49920409525103,26.48846138499309],[89.50112997025059,26.487786928455392],[89.50469553218007,26.48942991462598],[89.50464066538383,26.489674526808937],[89.5039047254877,26.491577976978615],[89.50292653095894,26.493178858584272],[89.50329340817962,26.494142502864445],[89.50455660385295,26.49458506627475],[89.50459513878513,26.494512196960706],[89.50627274401016,26.493485578717745],[89.50733991998044,26.492059080265726],[89.50786959677482,26.490357769264794],[89.50724458775096,26.487435952635927],[89.5065513723987,26.48599075559897],[89.50704042738113,26.485652786970583],[89.50371079084888,26.48424936344015],[89.50192619589842,26.482877429966067],[89.50146880111598,26.48166720487675],[89.50297923717497,26.480336745503738],[89.50480828886153,26.47936615156451],[89.50622326727347,26.47964812470812],[89.50775690797693,26.48054614149237],[89.50860280740461,26.4820969384117],[89.50903627361693,26.484972486284583],[89.50938297369731,26.48662229302214],[89.51043534221856,26.48797993882678],[89.51061137602325,26.489389095777714],[89.5109735344175,26.49128678339475],[89.51171379589344,26.493277076047455],[89.51235083738527,26.493978752155297],[89.51367834335196,26.494149380393825],[89.51425637008471,26.49306082898856],[89.51388513906555,26.490057875078605],[89.51717613002987,26.488064203786525],[89.51898952115796,26.485916079147298],[89.51908985187364,26.485228486545417],[89.51857124369522,26.484208910503597],[89.51519172325806,26.482129842165893],[89.51383492074066,26.480606139195014]]]}},{"type":"Feature","properties":{"Village_Name":"Dakshin Kamsing Gram","Village_Code":"307235","Block_Name":"Alipurduar - I","District":"Alipurduar","Vill_Cat":"rural","State_LGD":"19","Dist_LGD":"328N002","Subdis_LGD":"2173"},"geometry":{"type":"Polygon","coordinates":[[[89.41916102677655,26.475018583918153],[89.41634578627911,26.47537761623393],[89.4170968739189,26.476289898158125],[89.41700276382724,26.476584785084075],[89.41583404322519,26.476081158387583],[89.41478249311966,26.475665782759116],[89.41437186518701,26.474729680016978],[89.41282453053552,26.475301823765314],[89.41111799929502,26.47521334722347],[89.4087553097908,26.47708068781687],[89.40623153033266,26.476753260634997],[89.4050315541337,26.47739617394679],[89.40389796725925,26.47737466312793],[89.40361337355328,26.478155557943214],[89.40294624426257,26.47838337979674],[89.40268277339855,26.479457212577252],[89.40312626857904,26.48077182523589],[89.40315419704518,26.48115038111306],[89.40461459736177,26.48097236462364],[89.40543381667139,26.481305997988912],[89.40481368068889,26.482106088229916],[89.4045342843156,26.482895921959006],[89.40462516398841,26.484130738025307],[89.40784617711277,26.48470361729556],[89.40834592163276,26.485344940519788],[89.41148990712698,26.48486769181999],[89.41232704421888,26.488458787958557],[89.41255232786823,26.4884414424047],[89.4188405741951,26.487495703906767],[89.41899272982018,26.488057147701344],[89.41933936740497,26.491200773255663],[89.42094294859197,26.491390154406552],[89.4214337157306,26.491837555771017],[89.41950363603266,26.491861278641238],[89.42026394261684,26.49296740241953],[89.4220557623104,26.492566992140855],[89.42258163133026,26.493492083594568],[89.42380975362798,26.493232076265027],[89.42628679814679,26.492986920258357],[89.4263858522818,26.49125707545588],[89.42659713183001,26.491050434179414],[89.42760466158374,26.490794148158507],[89.4274144226493,26.489854342452276],[89.4260761153589,26.48868589419289],[89.42566335502607,26.487655113039033],[89.42570342825962,26.486697851169176],[89.42590770032766,26.486396575337892],[89.42730981825004,26.48535297855478],[89.42793680804826,26.484647436689656],[89.42683792937201,26.483655404606875],[89.42474162792176,26.48291946103026],[89.42330035053212,26.48185651046994],[89.42323726970088,26.481000267607328],[89.42371900362866,26.47982343173406],[89.42459724380527,26.477949495296492],[89.42642188474257,26.47649714874366],[89.427107821605,26.475019028030868],[89.42585190009486,26.474900502625296],[89.42531210574347,26.47378614406055],[89.42492949216992,26.47323313537329],[89.4235584118282,26.473121057384876],[89.42368465697977,26.47483805521987],[89.42078536632582,26.475491894318086],[89.41916102677655,26.475018583918153]]]}},{"type":"Feature","properties":{"Village_Name":"Panchkal Guri","Village_Code":"307234","Block_Name":"Alipurduar - I","District":"Alipurduar","Vill_Cat":"rural","State_LGD":"19","Dist_LGD":"328N002","Subdis_LGD":"2173"},"geometry":{"type":"Polygon","coordinates":[[[89.40268277339855,26.479457212577252],[89.40294624426257,26.47838337979674],[89.40361337355328,26.478155557943214],[89.40389796725925,26.47737466312793],[89.4050315541337,26.47739617394679],[89.40623153033266,26.476753260634997],[89.4087553097908,26.47708068781687],[89.41111799929502,26.47521334722347],[89.41282453053552,26.475301823765314],[89.41437186518701,26.474729680016978],[89.41478249311966,26.475665782759116],[89.41583404322519,26.476081158387583],[89.41700276382724,26.476584785084075],[89.4170968739189,26.476289898158125],[89.41634578627911,26.47537761623393],[89.41916102677655,26.475018583918153],[89.42078536632582,26.475491894318086],[89.42368465697977,26.47483805521987],[89.4235584118282,26.473121057384876],[89.42492949216992,26.47323313537329],[89.42531210574347,26.47378614406055],[89.42585190009486,26.474900502625296],[89.427107821605,26.475019028030868],[89.42806605250557,26.472660910890728],[89.42963911447464,26.470933053545032],[89.42761110264713,26.46961841817404],[89.42749084370284,26.46874598000698],[89.42610003443578,26.468490706456397],[89.42455576314359,26.468843265063075],[89.4216625333682,26.468821627024123],[89.42100571440831,26.468866970559613],[89.4207150206945,26.469268702950902],[89.42051980187844,26.469968335088616],[89.41965266834494,26.47082149262888],[89.41825869829674,26.47105655702276],[89.41702518172679,26.470889923694422],[89.41626290691661,26.4707503173364],[89.4154205438392,26.47089037389861],[89.41387139960925,26.471531684193597],[89.4119909537351,26.47156825621191],[89.41083255847137,26.47116683709515],[89.40930800392324,26.470458712655322],[89.40889055130732,26.470227640156928],[89.40793885531185,26.469700841197266],[89.4069157562996,26.46887070210869],[89.40625868315963,26.468162351893447],[89.40548118493838,26.466966631074484],[89.40393149414938,26.46573490801445],[89.40310415072801,26.465622223951517],[89.40156468643823,26.464697402996052],[89.40026966803292,26.464568390496062],[89.39991934273739,26.464533488336496],[89.39907651072316,26.4649027614443],[89.39936949484505,26.469116777280945],[89.39710416178431,26.46915483677006],[89.39646515447353,26.469770206023654],[89.39558836360264,26.471734211697118],[89.3945685591712,26.47333060880335],[89.39485074288518,26.474851011289747],[89.39699379523132,26.480757647871197],[89.40268277339855,26.479457212577252]]]}},{"type":"Feature","properties":{"Village_Name":"Dakshin Sonapur","Village_Code":"307233","Block_Name":"Alipurduar - I","District":"Alipurduar","Vill_Cat":"rural","State_LGD":"19","Dist_LGD":"328N002","Subdis_LGD":"2173"},"geometry":{"type":"Polygon","coordinates":[[[89.38176051214336,26.476595205665383],[89.38408018474902,26.475780365747944],[89.38586866349891,26.47692366575677],[89.38811307285816,26.47659283065631],[89.38929214466927,26.475661621782102],[89.39031368199336,26.47559939409025],[89.39092838364853,26.47622983670092],[89.3945685591712,26.47333060880335],[89.39558836360264,26.471734211697118],[89.39646515447353,26.469770206023654],[89.39710416178431,26.46915483677006],[89.39936949484505,26.469116777280945],[89.39907651072316,26.4649027614443],[89.39991934273739,26.464533488336496],[89.39925819103296,26.464467616356565],[89.39611484330536,26.46440050313982],[89.39610932116376,26.46440038530922],[89.3943493838663,26.46430582682806],[89.3938780724631,26.464409660782756],[89.39062402681381,26.465244988148466],[89.38817222819522,26.46591756028841],[89.38737017333258,26.46738888615265],[89.38655292735162,26.468625464392737],[89.38542987639686,26.46970858788664],[89.38320890000277,26.47064041363871],[89.38313842260915,26.47066998166287],[89.38274235392909,26.47178462617248],[89.38213062401664,26.473684574162206],[89.37858045354511,26.474181111544556],[89.37820943367178,26.476311220647457],[89.37771800675968,26.476776050874445],[89.37632017104205,26.47791417732957],[89.37613838593728,26.478062186208785],[89.3731496221957,26.48146481208415],[89.37111785380814,26.483827177998265],[89.37205820865755,26.485127076181257],[89.37308402342799,26.487465428327106],[89.37364560510221,26.48819610007812],[89.38044265683386,26.484910736425455],[89.37952429549273,26.481708809280455],[89.38040830001229,26.47983501259168],[89.37999801796111,26.47890330353169],[89.38166969678839,26.47851443389449],[89.38176051214336,26.476595205665383]]]}},{"type":"Feature","properties":{"Village_Name":"Turturi Khanda","Village_Code":"307157","Block_Name":"Kumargram","District":"Alipurduar","Vill_Cat":"rural","State_LGD":"19","Dist_LGD":"328N002","Subdis_LGD":"2172"},"geometry":{"type":"Polygon","coordinates":[[[89.74496715557552,26.665904354132156],[89.74303905033479,26.665698000194027],[89.74006022996502,26.666278839195662],[89.73946026710554,26.664706911343274],[89.7395379062032,26.663753506430407],[89.73875609401152,26.663606176908818],[89.73699020298375,26.664303403029734],[89.7375718412339,26.665740354332094],[89.73759495458806,26.666497826222397],[89.73621611362533,26.66658305331564],[89.73516393897806,26.666680019902024],[89.73422784703197,26.666801812023703],[89.73421289675251,26.66680661060666],[89.73468118433682,26.667492351218634],[89.73577821664638,26.675163179010386],[89.73503173220291,26.675867809791722],[89.73507599370214,26.678352746311322],[89.7341382795426,26.67946257415065],[89.72934121534972,26.67962707991043],[89.71526365556097,26.681070057718877],[89.71531282737696,26.682932347754782],[89.71532149168264,26.687745903224506],[89.71539451999246,26.69040175156725],[89.71867813028179,26.691836677512807],[89.72711648337713,26.692491317268114],[89.72855475826456,26.69699313199357],[89.73141396769273,26.6969073345275],[89.74071102773996,26.69662799088237],[89.73996284145224,26.694747657525355],[89.73946936806827,26.6925962276804],[89.74025511434846,26.691430649729398],[89.73978254723171,26.68910287204614],[89.74018903060986,26.68678067640226],[89.74189283023846,26.684316126395252],[89.74304779551635,26.682214055368487],[89.74305814685435,26.680968711442635],[89.74177532574114,26.68045664168311],[89.73986663811161,26.679392717428108],[89.73941063932746,26.678174416805458],[89.73947092652163,26.676075451007765],[89.74108108910134,26.672430735045804],[89.74391685632301,26.66943452242924],[89.74496715557552,26.665904354132156]]]}},{"type":"Feature","properties":{"Village_Name":"Amarpur","Village_Code":"307179","Block_Name":"Kumargram","District":"Alipurduar","Vill_Cat":"rural","State_LGD":"19","Dist_LGD":"328N002","Subdis_LGD":"2172"},"geometry":{"type":"Polygon","coordinates":[[[89.80236070537826,26.629356164207735],[89.80011970201656,26.630086051223103],[89.79867758665227,26.631260325993626],[89.79707979309552,26.631815092933024],[89.79675762675437,26.629511650923167],[89.79743065480687,26.62746832261608],[89.79610687521343,26.62731843132938],[89.79381445222624,26.627792086077868],[89.79351383356206,26.6276085210364],[89.7926730751142,26.628743847446575],[89.79211880568444,26.63051414737854],[89.79253779508652,26.631642763278066],[89.79239430961422,26.633585443785048],[89.79132744235383,26.635126713922805],[89.79016318358966,26.636999215961687],[89.79126112066339,26.637559610402104],[89.79093470448328,26.63961866577519],[89.79295915192256,26.639881142037364],[89.79991861370951,26.63974416476929],[89.80033701587998,26.640638174865707],[89.80408453639103,26.640537194695845],[89.8054546258249,26.64031616239513],[89.80677933279375,26.640497516588077],[89.80695455917927,26.639862477778703],[89.80861163767102,26.64008687255998],[89.81387161201003,26.64004595290531],[89.81743932003823,26.639984271657912],[89.81703411368582,26.63942840087905],[89.81737898953345,26.63875389905896],[89.8181065878084,26.637719928774786],[89.81889254295952,26.637018629255518],[89.81916047974102,26.636277981291077],[89.82012052466627,26.635920587750242],[89.82059210653755,26.63550070485879],[89.82084137945026,26.634205542036085],[89.82021945529688,26.63279684640363],[89.82063573813558,26.63155701590223],[89.8214239653116,26.63095039665402],[89.82280303929153,26.62987640447029],[89.82280561573005,26.62896057185791],[89.82243610135377,26.62842656301043],[89.82134399083525,26.628921927677464],[89.82073285899729,26.62856413668496],[89.82016645539615,26.628800939429034],[89.81982992327262,26.627770031322672],[89.8189500219743,26.627300271873445],[89.81778213225527,26.62757154989308],[89.81786694734315,26.62959541892235],[89.81719026544911,26.62983890812408],[89.81714662902013,26.628265346687087],[89.81615694419972,26.62823082608643],[89.81578715016667,26.628707324001745],[89.81353691532902,26.628851136834687],[89.812342941258,26.62846875584976],[89.81178019289612,26.62824079339273],[89.8112515519932,26.62899560929767],[89.80948790756639,26.629332740425706],[89.80899219908642,26.628972614865976],[89.8084884492119,26.62910437488442],[89.80838076571574,26.628190715826847],[89.8083054422274,26.6267531083193],[89.80775015247983,26.62662423010401],[89.80708156473692,26.626993827555452],[89.80595089618805,26.628378559454337],[89.8043622773639,26.62910014044601],[89.80369354393909,26.62802611613928],[89.80293810191131,26.628334250809274],[89.80236070537826,26.629356164207735]]]}},{"type":"Feature","properties":{"Village_Name":"Pukharigaon","Village_Code":"307185","Block_Name":"Kumargram","District":"Alipurduar","Vill_Cat":"rural","State_LGD":"19","Dist_LGD":"328N002","Subdis_LGD":"2172"},"geometry":{"type":"Polygon","coordinates":[[[89.82593887921396,26.644701121962527],[89.82806416814292,26.64456860426443],[89.83059263355065,26.644703205953554],[89.82961815327396,26.640202383797305],[89.82940513866791,26.639299872356034],[89.82970854939994,26.63898255585834],[89.83020662470811,26.63882376461033],[89.83056777029141,26.6388120171653],[89.83057033991123,26.63871276124765],[89.83056089734252,26.638126492488734],[89.8299228093684,26.637900108233893],[89.82957186924459,26.637104100784438],[89.8287053713093,26.636367981093734],[89.82881727556871,26.635409374833273],[89.8294577556599,26.634715428514777],[89.82950263727885,26.63388898211304],[89.83040480482813,26.632815391462962],[89.83189155734875,26.630818881308173],[89.83034663977493,26.63066018807996],[89.8298369719888,26.629736515878083],[89.83041324113864,26.626846882483193],[89.83055323594928,26.6241779645235],[89.83174905216897,26.62361731027176],[89.83351347495102,26.621894954004393],[89.83377135300796,26.619124439322032],[89.83317362363316,26.618698764936322],[89.83392250384283,26.61711393521482],[89.83385184744236,26.616691289373634],[89.83416927882023,26.615521067972825],[89.83475677282449,26.615125901948808],[89.8343330880245,26.614430599826562],[89.8345738173971,26.61320326049142],[89.83496009961507,26.612586545478166],[89.83446355724186,26.611175411518367],[89.83466952280723,26.609556290592742],[89.83505573012125,26.60792004163536],[89.83469107490095,26.606564923882026],[89.83451926025835,26.605296185109516],[89.83342916595483,26.604641225521576],[89.83157656693075,26.605219473252035],[89.82972176455257,26.605301506527873],[89.82780507887716,26.60552008305092],[89.82736012046949,26.605384570934635],[89.82623719386218,26.607270034197093],[89.82536193232072,26.60820772075136],[89.82519441260744,26.6097629150737],[89.82555356328211,26.61069411562512],[89.82660754326257,26.611512256904515],[89.82727390721878,26.61167043462273],[89.82721346750814,26.611865619571404],[89.82770129173628,26.61272207461915],[89.82890633139827,26.613762753424812],[89.82942738586989,26.61474485468532],[89.82980434036867,26.615377946309128],[89.82939358741966,26.61622520922482],[89.82923009904466,26.616923191698046],[89.82934538899268,26.617935923507403],[89.83007037120441,26.618841782195553],[89.83046574449259,26.619406835094825],[89.82949380471383,26.620089334423483],[89.82921939194094,26.620766968803935],[89.82989063789717,26.621935547593225],[89.8300504579982,26.622514312919254],[89.82948618272212,26.623242831109987],[89.82838539911229,26.623179026080905],[89.82777853256609,26.623809139527385],[89.8276673984216,26.624799308135213],[89.82672522963033,26.624858650393342],[89.82551929876173,26.624805938276033],[89.82418434390873,26.62501743053592],[89.82335026781026,26.624573854685543],[89.82270322912046,26.625204746192743],[89.8225695152804,26.626299120491392],[89.82250567699431,26.627581580108934],[89.82243610135377,26.62842656301043],[89.82280561573005,26.62896057185791],[89.82280303929153,26.62987640447029],[89.8214239653116,26.63095039665402],[89.82063573813558,26.63155701590223],[89.82021945529688,26.63279684640363],[89.82084137945026,26.634205542036085],[89.82059210653755,26.63550070485879],[89.82012052466627,26.635920587750242],[89.81916047974102,26.636277981291077],[89.81889254295952,26.637018629255518],[89.8181065878084,26.637719928774786],[89.81737898953345,26.63875389905896],[89.81703411368582,26.63942840087905],[89.81743932003823,26.639984271657912],[89.82375024831036,26.640016876598313],[89.82360485819846,26.644715953477277],[89.8237642930089,26.644870677820297],[89.82593887921396,26.644701121962527]]]}},{"type":"Feature","properties":{"Village_Name":"Jaydebpur","Village_Code":"307178","Block_Name":"Kumargram","District":"Alipurduar","Vill_Cat":"rural","State_LGD":"19","Dist_LGD":"328N002","Subdis_LGD":"2172"},"geometry":{"type":"Polygon","coordinates":[[[89.79108515127194,26.613183944135972],[89.79113292856105,26.61329127750777],[89.79116787997351,26.614729701090337],[89.79196673500658,26.615796731055937],[89.79178620220853,26.617248407352818],[89.79102645512616,26.61779114919706],[89.78965667334354,26.619875195911607],[89.7897284437849,26.62200312884025],[89.79085708819821,26.62527874249169],[89.79355000942225,26.626619833838635],[89.79351383356206,26.6276085210364],[89.79381445222624,26.627792086077868],[89.79610687521343,26.62731843132938],[89.79743065480687,26.62746832261608],[89.79675762675437,26.629511650923167],[89.79707979309552,26.631815092933024],[89.79867758665227,26.631260325993626],[89.80011970201656,26.630086051223103],[89.80236070537826,26.629356164207735],[89.80293810191131,26.628334250809274],[89.80369354393909,26.62802611613928],[89.8043622773639,26.62910014044601],[89.80595089618805,26.628378559454337],[89.80708156473692,26.626993827555452],[89.80775015247983,26.62662423010401],[89.8083054422274,26.6267531083193],[89.80838076571574,26.628190715826847],[89.8084884492119,26.62910437488442],[89.80899219908642,26.628972614865976],[89.80948790756639,26.629332740425706],[89.8112515519932,26.62899560929767],[89.81178019289612,26.62824079339273],[89.812342941258,26.62846875584976],[89.81353691532902,26.628851136834687],[89.81578715016667,26.628707324001745],[89.81615694419972,26.62823082608643],[89.81714662902013,26.628265346687087],[89.81719026544911,26.62983890812408],[89.81786694734315,26.62959541892235],[89.81778213225527,26.62757154989308],[89.81679156844828,26.627500960714332],[89.81589434696414,26.626733782605502],[89.81509881820261,26.62540518783655],[89.81465623329942,26.623731254858296],[89.81475708465733,26.62129317854724],[89.81512277547239,26.617988206972488],[89.81511549544071,26.616053021107145],[89.81466376618006,26.615642418030927],[89.8142139371291,26.61571899276378],[89.81413292002382,26.616099541850584],[89.81419711612917,26.61667120188142],[89.81352478837738,26.616679997964358],[89.81325936497144,26.615679238988612],[89.81345019512575,26.615273959497006],[89.81379154638233,26.614252170440867],[89.81399437580188,26.613517330883028],[89.81422608609273,26.612732296177573],[89.8139182371514,26.612048165799223],[89.81376618251659,26.61157749249808],[89.81394195745911,26.611172511111427],[89.81511990588429,26.611113103842406],[89.81554821343249,26.6109783074848],[89.81583332028127,26.610120033757863],[89.81593987146435,26.609143490837276],[89.81556223988296,26.60847879157191],[89.81519543950184,26.60825597879],[89.81467913074009,26.6076662017627],[89.81495510989147,26.607254725035713],[89.81438424624918,26.606896101186607],[89.81283970881172,26.606534181350696],[89.81076083443277,26.606895587687223],[89.80939313680913,26.60719780372689],[89.8088750996488,26.606125330852464],[89.80868085258317,26.605569768594332],[89.80799430960575,26.605610394321104],[89.8080458403077,26.606281558097788],[89.80870674824769,26.60745046058253],[89.80805894342669,26.60763919459139],[89.80726710636041,26.60747888871312],[89.80624374464121,26.60770209618105],[89.80553255927752,26.607350714970647],[89.80405839730473,26.607609867993773],[89.802875497115,26.60787679856961],[89.80164949272023,26.608022764936106],[89.80116058114557,26.608348187539622],[89.80149038837206,26.609113121359513],[89.80122940392356,26.609524279495048],[89.80126765053049,26.610475409363705],[89.8008654348989,26.610857769810448],[89.79983540120149,26.611220915436682],[89.79984544061703,26.61183876539739],[89.79932846327249,26.61266097789612],[89.79932066974874,26.61357692460557],[89.79924121815768,26.614435635657202],[89.79891752682805,26.61495178553518],[89.79872363909003,26.615027783011698],[89.79832572094442,26.614557417661082],[89.79678989472674,26.614556059414095],[89.79582559057128,26.614322392880503],[89.79455552264496,26.613485702395288],[89.79329547717568,26.613266852469614],[89.79220056641313,26.613234224063934],[89.79114011359896,26.613173842233618],[89.79108515127194,26.613183944135972]]]}},{"type":"Feature","properties":{"Village_Name":"Dhantali","Village_Code":"307177","Block_Name":"Kumargram","District":"Alipurduar","Vill_Cat":"rural","State_LGD":"19","Dist_LGD":"328N002","Subdis_LGD":"2172"},"geometry":{"type":"Polygon","coordinates":[[[89.79932066974874,26.61357692460557],[89.79932846327249,26.61266097789612],[89.79984544061703,26.61183876539739],[89.79983540120149,26.611220915436682],[89.8008654348989,26.610857769810448],[89.80126765053049,26.610475409363705],[89.80122940392356,26.609524279495048],[89.80149038837206,26.609113121359513],[89.80116058114557,26.608348187539622],[89.80164949272023,26.608022764936106],[89.802875497115,26.60787679856961],[89.80405839730473,26.607609867993773],[89.80553255927752,26.607350714970647],[89.8052500466515,26.606057037969236],[89.80556558780265,26.605414721860505],[89.80608291945906,26.605021055696405],[89.80663842094943,26.605574003754306],[89.80692246661955,26.605491705594797],[89.80724543585171,26.60494848718954],[89.80673981422595,26.604588542514403],[89.80628898128273,26.60441698854911],[89.80567999537962,26.604550809307433],[89.80532475129841,26.604183380080574],[89.80501699793525,26.603088696326754],[89.80467564441096,26.602878887049823],[89.80446488159824,26.60246800424375],[89.80472464834327,26.601596714389338],[89.80530780127926,26.602049875260583],[89.80617467945699,26.601996683182495],[89.80716079680256,26.60127797246786],[89.80673578931798,26.600519441910624],[89.80617911660582,26.599506364922725],[89.80620032273622,26.598319476999134],[89.80626506842286,26.597271580723277],[89.80616566396412,26.596488577486227],[89.80565230099185,26.596426523755483],[89.80554535629238,26.595539909225273],[89.80643677511293,26.595260669402553],[89.80628749933987,26.594284664760366],[89.80628147760058,26.594240367630064],[89.806281383678,26.59423967206354],[89.80616144936323,26.594260083033383],[89.80446639297674,26.59430253436269],[89.80369853889847,26.594710153669],[89.80339658551718,26.595086031206375],[89.80360000354418,26.595402324868914],[89.80127862522994,26.595484150291014],[89.80059572566047,26.59608406683878],[89.80018169095901,26.59597943497091],[89.80045532093759,26.59567630221598],[89.79952705321257,26.59547352044077],[89.79916431693718,26.595002461404622],[89.79765093208883,26.59529389002537],[89.79702288804334,26.596086697214634],[89.79352659162146,26.59614187178798],[89.79389865027792,26.59720374666763],[89.79007329422868,26.59796906746742],[89.78641394922623,26.59875359237482],[89.78504310037721,26.59913232630755],[89.78422115468831,26.599383007900272],[89.78381851513615,26.600784892807646],[89.7826198999536,26.60040232773898],[89.78218341106222,26.600821399854205],[89.78261637993286,26.603158826256617],[89.78392635268804,26.603372291028396],[89.78483824721471,26.606625154884668],[89.78440101091189,26.607635232850015],[89.78492738373112,26.609474572201325],[89.78559806361278,26.611468976312658],[89.78630947136344,26.612244520054354],[89.7874046276148,26.612701254775832],[89.78880765497014,26.611988020761117],[89.788484522545,26.610668030087936],[89.79015158721403,26.610495475962257],[89.79043471527888,26.61182075913236],[89.79108515127194,26.613183944135972],[89.79114011359896,26.613173842233618],[89.79220056641313,26.613234224063934],[89.79329547717568,26.613266852469614],[89.79455552264496,26.613485702395288],[89.79582559057128,26.614322392880503],[89.79678989472674,26.614556059414095],[89.79832572094442,26.614557417661082],[89.79872363909003,26.615027783011698],[89.79891752682805,26.61495178553518],[89.79924121815768,26.614435635657202],[89.79932066974874,26.61357692460557]]]}},{"type":"Feature","properties":{"Village_Name":"Madhya Haldibari","Village_Code":"307187","Block_Name":"Kumargram","District":"Alipurduar","Vill_Cat":"rural","State_LGD":"19","Dist_LGD":"328N002","Subdis_LGD":"2172"},"geometry":{"type":"Polygon","coordinates":[[[89.8582778622397,26.624372049568336],[89.85827212362507,26.624158621442504],[89.85827011584826,26.624083959932932],[89.85825113236929,26.623377996696995],[89.85863750794017,26.622700563191852],[89.85949161016065,26.62120303062481],[89.85970378987507,26.620920589908884],[89.86043782053422,26.619943476809006],[89.8619426612463,26.617940233545223],[89.86296701569523,26.616576566637324],[89.86314236763224,26.616343126231275],[89.86399093783191,26.61581519202507],[89.86422507029135,26.61577109926635],[89.86415332139238,26.615733369233055],[89.86412808126477,26.61572009679773],[89.86410605989242,26.615708516612063],[89.8640867257683,26.615698348780946],[89.86367484678021,26.615481756058706],[89.85985492816816,26.613472896998697],[89.8599808944504,26.613492919156144],[89.85877647918258,26.611681100429024],[89.85456120210351,26.606041119184432],[89.8495231936452,26.5999889087401],[89.84651653637967,26.59671534395097],[89.8456951337335,26.5975889073768],[89.84390980819168,26.597633638854155],[89.84171509622999,26.597966222325752],[89.84061845609602,26.598466315872184],[89.8401553399136,26.599016909942918],[89.83978139519161,26.598911596683426],[89.83864308526587,26.597928319299566],[89.83740478128607,26.597975584531476],[89.8364781979714,26.59865721471162],[89.83590606916599,26.59885809506746],[89.83510726281172,26.59841387554213],[89.83484146770962,26.597810158332926],[89.83328184055455,26.597647252893047],[89.83212625964816,26.597386060080453],[89.83195052394888,26.596974526081016],[89.83096690826015,26.596971549959616],[89.83088804745532,26.596418238564286],[89.83001544467794,26.59644011389735],[89.82936434774584,26.59608314558996],[89.82785824318145,26.596870984761665],[89.82533559777796,26.597746673987483],[89.82422450432873,26.597457464583005],[89.82469826682036,26.598562334234327],[89.82561603053551,26.59935612808875],[89.82580058986986,26.60033140071159],[89.82608793569857,26.6012008720758],[89.82659553147333,26.60123138612195],[89.82672724833898,26.60148590845026],[89.82664143345394,26.60228159214964],[89.82622646154631,26.60397704277025],[89.82653490882991,26.604683688629574],[89.82713757778787,26.604906292805403],[89.82736012046949,26.605384570934635],[89.82780507887716,26.60552008305092],[89.82972176455257,26.605301506527873],[89.83157656693075,26.605219473252035],[89.83342916595483,26.604641225521576],[89.83451926025835,26.605296185109516],[89.83469107490095,26.606564923882026],[89.83505573012125,26.60792004163536],[89.83466952280723,26.609556290592742],[89.83446355724186,26.611175411518367],[89.83496009961507,26.612586545478166],[89.8345738173971,26.61320326049142],[89.8343330880245,26.614430599826562],[89.83475677282449,26.615125901948808],[89.83416927882023,26.615521067972825],[89.83385184744236,26.616691289373634],[89.83392250384283,26.61711393521482],[89.83317362363316,26.618698764936322],[89.83377135300796,26.619124439322032],[89.83609713467565,26.619407374253285],[89.83679164088575,26.619889749900143],[89.83757389119616,26.62006360703071],[89.83775147297402,26.62054727202894],[89.83808301517904,26.62055869836476],[89.83861968407572,26.619934458080927],[89.83934630875903,26.619888368055662],[89.839410409747,26.620247983595466],[89.84008341577804,26.620469120764405],[89.8401689265532,26.6210854467426],[89.84038543101319,26.621924714742075],[89.84016704403773,26.62242982147441],[89.8395931352363,26.62256309039736],[89.83955077651663,26.62348873224565],[89.84009247691355,26.623879405679162],[89.84074376866644,26.624236308571778],[89.84067733373772,26.62479702470134],[89.84069272978223,26.62541926196708],[89.84106007279783,26.625457031506752],[89.84151939780617,26.62576363221562],[89.84155062471348,26.626214127785957],[89.8423741691649,26.626229238118878],[89.84236378018679,26.625606901778337],[89.84328440963266,26.625286238136542],[89.8433768010051,26.62455808775094],[89.84405439061781,26.62435506097963],[89.84549931496313,26.624127649575794],[89.8466978672436,26.624085604608922],[89.84766350622648,26.62517601139509],[89.8482606041306,26.626382064640225],[89.84922793698442,26.626123583157153],[89.84950371074284,26.625707537251806],[89.85798722742425,26.62441629427025],[89.85799970802277,26.62441439467319],[89.85812884955462,26.62439473473502],[89.85825227676608,26.6243759443564],[89.8582778622397,26.624372049568336]]]}},{"type":"Feature","properties":{"Village_Name":"Paglarhat","Village_Code":"307189","Block_Name":"Kumargram","District":"Alipurduar","Vill_Cat":"rural","State_LGD":"19","Dist_LGD":"328N002","Subdis_LGD":"2172"},"geometry":{"type":"Polygon","coordinates":[[[89.81985452461332,26.596876502093256],[89.81962148714652,26.596172854451254],[89.8199995824277,26.595425512796787],[89.82204900205163,26.59510065799527],[89.82228483047193,26.593873429882535],[89.82347360553824,26.59324081996879],[89.82417998212276,26.59339822527445],[89.82427029222426,26.59319342598835],[89.82392855897595,26.592559613072584],[89.82386994121717,26.591807397586987],[89.82531750020047,26.59027189835271],[89.8260262200876,26.58950444306991],[89.82185288006187,26.58976773435989],[89.821452574566,26.588381695745728],[89.82191611924829,26.58825520872208],[89.82192743926264,26.587898594877043],[89.82174714788891,26.587708187566435],[89.81982250404829,26.58779597066334],[89.81752716723356,26.58790911549776],[89.81693074480225,26.588141977364742],[89.81616942198245,26.589632235256868],[89.81462495917818,26.58946881507211],[89.81460351127583,26.589207585286314],[89.81515686132964,26.587829721513465],[89.81536130717429,26.58716251887992],[89.81521629169058,26.58677290734948],[89.81425419792872,26.58703103936871],[89.81393218745978,26.587610340537086],[89.81214255151811,26.58706377025202],[89.8126846854244,26.586047038679396],[89.81271113247746,26.585487116786823],[89.812474259392,26.585239167642897],[89.81207816707959,26.584840981141298],[89.81159698670133,26.584245978942207],[89.81027050110688,26.58478647142325],[89.80955305123584,26.5849946257763],[89.8085126664038,26.584306892828426],[89.80700751894025,26.584106519036748],[89.8047085687262,26.584481179185016],[89.80314158171747,26.585860937652665],[89.80185271636715,26.5885660397486],[89.80125988518579,26.5908017870506],[89.80179251469467,26.590831899145808],[89.80196393421757,26.592100710554796],[89.80122387036405,26.592413031313708],[89.80075365706111,26.59391553125969],[89.80054179337439,26.59448812731301],[89.80045532093759,26.59567630221598],[89.80018169095901,26.59597943497091],[89.80059572566047,26.59608406683878],[89.80127862522994,26.595484150291014],[89.80360000354418,26.595402324868914],[89.80339658551718,26.595086031206375],[89.80369853889847,26.594710153669],[89.80446639297674,26.59430253436269],[89.80616144936323,26.594260083033383],[89.806281383678,26.59423967206354],[89.80628147760058,26.594240367630064],[89.80781577731815,26.593988340029412],[89.80900870930603,26.594343735529005],[89.80952839751997,26.59487031529551],[89.81009907447176,26.59522445634623],[89.81074967257368,26.59515295540638],[89.81120537880072,26.595319889871032],[89.81128491681496,26.59590478363038],[89.81185483165555,26.596227352991992],[89.81163403635661,26.596637732423595],[89.81215893779047,26.597786753444854],[89.8131331332915,26.59719906858719],[89.81392742978473,26.597052529811865],[89.81558921452465,26.596879795768213],[89.8165378409865,26.596888081287187],[89.81622817128597,26.59756188094721],[89.81683166971956,26.597820606432744],[89.81708589950065,26.597341887978526],[89.81790294644647,26.597100140615908],[89.81985452461332,26.596876502093256]]]}},{"type":"Feature","properties":{"Village_Name":"Lalchandpur","Village_Code":"307176","Block_Name":"Kumargram","District":"Alipurduar","Vill_Cat":"rural","State_LGD":"19","Dist_LGD":"328N002","Subdis_LGD":"2172"},"geometry":{"type":"Polygon","coordinates":[[[89.78716709768784,26.58800636977557],[89.78326687079867,26.58940003618656],[89.78299693920474,26.590894061335096],[89.78333563894333,26.592448360431856],[89.78503936212483,26.5960782232386],[89.78400775701705,26.59637360931827],[89.78439390553393,26.59739914836839],[89.78504310037721,26.59913232630755],[89.78641394922623,26.59875359237482],[89.79007329422868,26.59796906746742],[89.79389865027792,26.59720374666763],[89.79352659162146,26.59614187178798],[89.79702288804334,26.596086697214634],[89.79765093208883,26.59529389002537],[89.79916431693718,26.595002461404622],[89.79952705321257,26.59547352044077],[89.80045532093759,26.59567630221598],[89.80054179337439,26.59448812731301],[89.80075365706111,26.59391553125969],[89.80122387036405,26.592413031313708],[89.80196393421757,26.592100710554796],[89.80179251469467,26.590831899145808],[89.80125988518579,26.5908017870506],[89.80185271636715,26.5885660397486],[89.80314158171747,26.585860937652665],[89.8047085687262,26.584481179185016],[89.80234889160874,26.583187815889445],[89.79939360793779,26.58360238227398],[89.79426490827815,26.58543102960112],[89.79155454500092,26.58622409076083],[89.78716709768784,26.58800636977557]]]}},{"type":"Feature","properties":{"Village_Name":"Paschim Chengmari","Village_Code":"307175","Block_Name":"Kumargram","District":"Alipurduar","Vill_Cat":"rural","State_LGD":"19","Dist_LGD":"328N002","Subdis_LGD":"2172"},"geometry":{"type":"Polygon","coordinates":[[[89.80377420255539,26.569612288567484],[89.80254150766164,26.5678185065469],[89.80159649726122,26.566506271183606],[89.80032349076514,26.565114765031215],[89.79945469330957,26.562808522786476],[89.79858322250644,26.561422635061376],[89.79928580670914,26.56019527634415],[89.80018198276085,26.559090425586962],[89.79946199573918,26.557331633440047],[89.7994346455579,26.55579380901819],[89.79789647120651,26.554218009204764],[89.79694049762199,26.553686407183505],[89.79549301828251,26.553777988491237],[89.79334772672745,26.553847155982147],[89.79187154775119,26.553582868406572],[89.78965017059828,26.553617380270644],[89.78903800127814,26.55278123739711],[89.7890578385325,26.552771826146813],[89.78788152170983,26.552253498578335],[89.78715374876951,26.552236164089674],[89.78409114836609,26.552954731977266],[89.78294044130054,26.55453364463948],[89.7826897277242,26.555991204216316],[89.78366125114405,26.556752680013588],[89.78583213869327,26.557531289845674],[89.78597004942144,26.558669964443503],[89.7861420229212,26.561838080977775],[89.78679455945255,26.56268246577825],[89.78807168906194,26.56280182376888],[89.7887445108716,26.563447302184827],[89.79006830887897,26.563628885813497],[89.79187334704172,26.564829605759627],[89.79068543428113,26.567356691980866],[89.7893119815177,26.56885430826777],[89.78853632939041,26.56831461042292],[89.78807484233842,26.56748905111083],[89.78691766620341,26.566938770059945],[89.78620649896928,26.567611349140154],[89.78538967989014,26.567857413382086],[89.78568112031799,26.56974196611971],[89.78677703770794,26.569833297875746],[89.78679748768353,26.57150660731659],[89.78488809932566,26.572216170404218],[89.78442566511877,26.572802670476747],[89.78432203973246,26.575362633872686],[89.78378728845432,26.580633328766623],[89.78349570904591,26.583720284702217],[89.7829652453812,26.587303648385593],[89.78326687079867,26.58940003618656],[89.78716709768784,26.58800636977557],[89.79155454500092,26.58622409076083],[89.79426490827815,26.58543102960112],[89.79939360793779,26.58360238227398],[89.79883958593634,26.582485452851607],[89.7981436468681,26.58151567369401],[89.79785541525503,26.580185991093966],[89.79837635696879,26.578912579754284],[89.79947275136055,26.577988752386133],[89.80084095286794,26.577307690532866],[89.80300547712292,26.576980861773677],[89.80364070913083,26.57628262958666],[89.80425663159961,26.574998306731494],[89.80465689699926,26.57310018289136],[89.80450584599136,26.57163698565537],[89.80492026035466,26.5713491186459],[89.80501318885442,26.571045029408676],[89.80366681458143,26.570146738173847],[89.80377420255539,26.569612288567484]]]}},{"type":"Feature","properties":{"Village_Name":"Chengmari","Village_Code":"307190","Block_Name":"Kumargram","District":"Alipurduar","Vill_Cat":"rural","State_LGD":"19","Dist_LGD":"328N002","Subdis_LGD":"2172"},"geometry":{"type":"Polygon","coordinates":[[[89.8263175536779,26.58870016467952],[89.82618921167746,26.587561369498854],[89.82603399626606,26.586553933273763],[89.82668827054778,26.586022141596708],[89.82755863293707,26.585504099159635],[89.82784955707615,26.584275770039763],[89.82746824007081,26.582235242143845],[89.82699667564935,26.57937996929931],[89.82699208412063,26.57796803943475],[89.82702084397755,26.57791333314168],[89.82704613959625,26.577921852381635],[89.82634873915714,26.576492105290686],[89.82591868896716,26.576550269098778],[89.82553329885634,26.575362438506815],[89.82270876513601,26.575571872152416],[89.82273428112009,26.576816474230746],[89.82203634241641,26.576794225839766],[89.8218112017521,26.575797189430503],[89.82151312054779,26.57571287400657],[89.82072649003797,26.576779593051853],[89.81963980226,26.57645375951921],[89.81903476308082,26.577151459229782],[89.81725272135638,26.576704042069036],[89.81692508759896,26.57623233324574],[89.81674810450149,26.575356137454524],[89.81548008687236,26.575205288428975],[89.81349618070895,26.575528733586925],[89.81335026919177,26.57694816085018],[89.81278734166906,26.57711267176552],[89.8118537111134,26.575042396595002],[89.81132937473545,26.574321926858808],[89.81171490563918,26.573673707116008],[89.81348061394888,26.57201926241188],[89.8133936543753,26.571335266347532],[89.81249185828673,26.570771132891604],[89.81101521287768,26.570498046790732],[89.80981150035943,26.570512791633828],[89.8091477826111,26.569835663723634],[89.80830260751769,26.569329030763495],[89.80733366242919,26.56909551146319],[89.8071570760405,26.56864335310324],[89.80676137147725,26.568669201993266],[89.80594437235021,26.56993493994557],[89.80377420255539,26.569612288567484],[89.80366681458143,26.570146738173847],[89.80501318885442,26.571045029408676],[89.80492026035466,26.5713491186459],[89.80450584599136,26.57163698565537],[89.80465689699926,26.57310018289136],[89.80425663159961,26.574998306731494],[89.80364070913083,26.57628262958666],[89.80300547712292,26.576980861773677],[89.80084095286794,26.577307690532866],[89.79947275136055,26.577988752386133],[89.79837635696879,26.578912579754284],[89.79785541525503,26.580185991093966],[89.7981436468681,26.58151567369401],[89.79883958593634,26.582485452851607],[89.79939360793779,26.58360238227398],[89.80234889160874,26.583187815889445],[89.8047085687262,26.584481179185016],[89.80700751894025,26.584106519036748],[89.8085126664038,26.584306892828426],[89.80955305123584,26.5849946257763],[89.81027050110688,26.58478647142325],[89.81159698670133,26.584245978942207],[89.81207816707959,26.584840981141298],[89.812474259392,26.585239167642897],[89.81271113247746,26.585487116786823],[89.8126846854244,26.586047038679396],[89.81214255151811,26.58706377025202],[89.81393218745978,26.587610340537086],[89.81425419792872,26.58703103936871],[89.81521629169058,26.58677290734948],[89.81536130717429,26.58716251887992],[89.81515686132964,26.587829721513465],[89.81460351127583,26.589207585286314],[89.81462495917818,26.58946881507211],[89.81616942198245,26.589632235256868],[89.81693074480225,26.588141977364742],[89.81752716723356,26.58790911549776],[89.81982250404829,26.58779597066334],[89.82174714788891,26.587708187566435],[89.82192743926264,26.587898594877043],[89.82191611924829,26.58825520872208],[89.821452574566,26.588381695745728],[89.82185288006187,26.58976773435989],[89.8260262200876,26.58950444306991],[89.8263175536779,26.58870016467952]]]}},{"type":"Feature","properties":{"Village_Name":"Dakshin Haldibari","Village_Code":"307188","Block_Name":"Kumargram","District":"Alipurduar","Vill_Cat":"rural","State_LGD":"19","Dist_LGD":"328N002","Subdis_LGD":"2172"},"geometry":{"type":"Polygon","coordinates":[[[89.84651653637967,26.59671534395097],[89.84467654372051,26.59414468172678],[89.84226299291093,26.590290734665682],[89.83949340645871,26.587251348751206],[89.83939032989726,26.587110606557626],[89.83639348933067,26.58301849897005],[89.83117138040227,26.576130080734224],[89.82972527036483,26.575062610618154],[89.82977116750104,26.57611281787532],[89.8278540762755,26.5762952845994],[89.82778600310743,26.577812416894275],[89.82704613959625,26.577921852381635],[89.82702084397755,26.57791333314168],[89.82699208412063,26.57796803943475],[89.82699667564935,26.57937996929931],[89.82746824007081,26.582235242143845],[89.82784955707615,26.584275770039763],[89.82755863293707,26.585504099159635],[89.82668827054778,26.586022141596708],[89.82603399626606,26.586553933273763],[89.82618921167746,26.587561369498854],[89.8263175536779,26.58870016467952],[89.8260262200876,26.58950444306991],[89.82531750020047,26.59027189835271],[89.82386994121717,26.591807397586987],[89.82392855897595,26.592559613072584],[89.82427029222426,26.59319342598835],[89.82417998212276,26.59339822527445],[89.82347360553824,26.59324081996879],[89.82228483047193,26.593873429882535],[89.82204900205163,26.59510065799527],[89.8224264736688,26.595963840777276],[89.82291344157566,26.596585751989114],[89.82393807086903,26.59662405908915],[89.82437101604472,26.59708914439912],[89.82422450432873,26.597457464583005],[89.82533559777796,26.597746673987483],[89.82785824318145,26.596870984761665],[89.82936434774584,26.59608314558996],[89.83001544467794,26.59644011389735],[89.83088804745532,26.596418238564286],[89.83096690826015,26.596971549959616],[89.83195052394888,26.596974526081016],[89.83212625964816,26.597386060080453],[89.83328184055455,26.597647252893047],[89.83484146770962,26.597810158332926],[89.83510726281172,26.59841387554213],[89.83590606916599,26.59885809506746],[89.8364781979714,26.59865721471162],[89.83740478128607,26.597975584531476],[89.83864308526587,26.597928319299566],[89.83978139519161,26.598911596683426],[89.8401553399136,26.599016909942918],[89.84061845609602,26.598466315872184],[89.84171509622999,26.597966222325752],[89.84390980819168,26.597633638854155],[89.8456951337335,26.5975889073768],[89.84651653637967,26.59671534395097]]]}},{"type":"Feature","properties":{"Village_Name":"Dakshin Chengmari","Village_Code":"307191","Block_Name":"Kumargram","District":"Alipurduar","Vill_Cat":"rural","State_LGD":"19","Dist_LGD":"328N002","Subdis_LGD":"2172"},"geometry":{"type":"Polygon","coordinates":[[[89.82972527036483,26.575062610618154],[89.83051308645605,26.574455970709547],[89.83144789547413,26.574726095058576],[89.83247386777013,26.573807943063894],[89.83295380739644,26.57394275008872],[89.83385967346723,26.573852535487276],[89.83438793969664,26.573097662043494],[89.83469010022695,26.572329245799605],[89.83492643491317,26.571129061280985],[89.83535731266431,26.570087406064225],[89.83598625603847,26.5697545785646],[89.8368751270527,26.569994005676598],[89.83689220918694,26.56946585117227],[89.83724116755526,26.56835815592688],[89.83797952098944,26.567987048974096],[89.83900914429658,26.567628174645204],[89.83920137499018,26.56728599912941],[89.84009684088319,26.566573406698247],[89.84009854008012,26.566537256869168],[89.84012316014342,26.56601348955859],[89.84139947227484,26.56508126382554],[89.8425128392396,26.565271063838495],[89.84305116959494,26.563302444231873],[89.84380686147628,26.56201067563034],[89.84312685133216,26.5616949383052],[89.83735881251812,26.559186714677494],[89.83204725540847,26.5568767114212],[89.82651974025369,26.554239189098958],[89.81928230472192,26.550649075643214],[89.81732884349421,26.54967997079846],[89.81611688709698,26.55140018539771],[89.81583375215703,26.55151405516726],[89.81458726788365,26.551001853279903],[89.81403945193082,26.551369072156856],[89.81371437738076,26.552435649551775],[89.81304412264267,26.55313009659165],[89.81307464057787,26.5535580668434],[89.81503960905412,26.55350119015409],[89.81554743781969,26.553960324088855],[89.81602780019105,26.555962859197468],[89.81606815005506,26.557202664391397],[89.81450693584004,26.55674631472354],[89.81283447743655,26.55728011684175],[89.81299849382812,26.558449812512194],[89.8117733705861,26.558198822937907],[89.81126038953036,26.558556323072445],[89.81136786663365,26.559465481917226],[89.81178507689029,26.559705364544104],[89.81158994245689,26.56095884640403],[89.8117002829817,26.562395770375208],[89.8122719429254,26.563413053240694],[89.81317929931288,26.563386103439566],[89.81423041325314,26.563288636874752],[89.81380668584139,26.564424834687273],[89.81243751057575,26.56464587612534],[89.81203713401517,26.565095892320716],[89.81240834879426,26.56612164403905],[89.81389959640671,26.566583903913823],[89.81399702038912,26.566875211977646],[89.81284354451522,26.567507033113138],[89.81274738338425,26.569114951958507],[89.81249185828673,26.570771132891604],[89.8133936543753,26.571335266347532],[89.81348061394888,26.57201926241188],[89.81171490563918,26.573673707116008],[89.81132937473545,26.574321926858808],[89.8118537111134,26.575042396595002],[89.81278734166906,26.57711267176552],[89.81335026919177,26.57694816085018],[89.81349618070895,26.575528733586925],[89.81548008687236,26.575205288428975],[89.81674810450149,26.575356137454524],[89.81692508759896,26.57623233324574],[89.81725272135638,26.576704042069036],[89.81903476308082,26.577151459229782],[89.81963980226,26.57645375951921],[89.82072649003797,26.576779593051853],[89.82151312054779,26.57571287400657],[89.8218112017521,26.575797189430503],[89.82203634241641,26.576794225839766],[89.82273428112009,26.576816474230746],[89.82270876513601,26.575571872152416],[89.82553329885634,26.575362438506815],[89.82591868896716,26.576550269098778],[89.82634873915714,26.576492105290686],[89.82704613959625,26.577921852381635],[89.82778600310743,26.577812416894275],[89.8278540762755,26.5762952845994],[89.82977116750104,26.57611281787532],[89.82972527036483,26.575062610618154]]]}},{"type":"Feature","properties":{"Village_Name":"Hemaguri","Village_Code":"307192","Block_Name":"Kumargram","District":"Alipurduar","Vill_Cat":"rural","State_LGD":"19","Dist_LGD":"328N002","Subdis_LGD":"2172"},"geometry":{"type":"Polygon","coordinates":[[[89.79016284322746,26.54827492178142],[89.78880763853641,26.548653351086738],[89.78880774758325,26.548657860075004],[89.78912948124896,26.5509658827267],[89.7890578385325,26.552771826146813],[89.78903800127814,26.55278123739711],[89.78965017059828,26.553617380270644],[89.79187154775119,26.553582868406572],[89.79334772672745,26.553847155982147],[89.79549301828251,26.553777988491237],[89.79694049762199,26.553686407183505],[89.79789647120651,26.554218009204764],[89.7994346455579,26.55579380901819],[89.79946199573918,26.557331633440047],[89.80018198276085,26.559090425586962],[89.79928580670914,26.56019527634415],[89.79858322250644,26.561422635061376],[89.79945469330957,26.562808522786476],[89.80032349076514,26.565114765031215],[89.80159649726122,26.566506271183606],[89.80254150766164,26.5678185065469],[89.80377420255539,26.569612288567484],[89.80594437235021,26.56993493994557],[89.80676137147725,26.568669201993266],[89.8071570760405,26.56864335310324],[89.80733366242919,26.56909551146319],[89.80830260751769,26.569329030763495],[89.8091477826111,26.569835663723634],[89.80981150035943,26.570512791633828],[89.81101521287768,26.570498046790732],[89.81249185828673,26.570771132891604],[89.81274738338425,26.569114951958507],[89.81284354451522,26.567507033113138],[89.81399702038912,26.566875211977646],[89.81389959640671,26.566583903913823],[89.81240834879426,26.56612164403905],[89.81203713401517,26.565095892320716],[89.81243751057575,26.56464587612534],[89.81380668584139,26.564424834687273],[89.81423041325314,26.563288636874752],[89.81317929931288,26.563386103439566],[89.8122719429254,26.563413053240694],[89.8117002829817,26.562395770375208],[89.81158994245689,26.56095884640403],[89.81178507689029,26.559705364544104],[89.81136786663365,26.559465481917226],[89.81126038953036,26.558556323072445],[89.8117733705861,26.558198822937907],[89.81299849382812,26.558449812512194],[89.81283447743655,26.55728011684175],[89.81450693584004,26.55674631472354],[89.81606815005506,26.557202664391397],[89.81602780019105,26.555962859197468],[89.81554743781969,26.553960324088855],[89.81503960905412,26.55350119015409],[89.81307464057787,26.5535580668434],[89.81304412264267,26.55313009659165],[89.81371437738076,26.552435649551775],[89.81403945193082,26.551369072156856],[89.81458726788365,26.551001853279903],[89.81583375215703,26.55151405516726],[89.81611688709698,26.55140018539771],[89.81732884349421,26.54967997079846],[89.81620451802405,26.549034537772574],[89.81422305764298,26.547386483058727],[89.81305651968559,26.54644862244374],[89.81067342647677,26.545809952958145],[89.80870811746922,26.546259252222075],[89.80423836466481,26.546442065908835],[89.80036790958344,26.546518219288796],[89.79519826674925,26.546592702722023],[89.79504171678758,26.54737623747541],[89.79262040007544,26.548055323483073],[89.79016284322746,26.54827492178142]]]}},{"type":"Feature","properties":{"Village_Name":"Ghaksapara","Village_Code":"307194","Block_Name":"Kumargram","District":"Alipurduar","Vill_Cat":"rural","State_LGD":"19","Dist_LGD":"328N002","Subdis_LGD":"2172"},"geometry":{"type":"Polygon","coordinates":[[[89.80638227169044,26.524898894225867],[89.80732906674734,26.52588626995364],[89.80670837607258,26.5314970458533],[89.80736008197515,26.53519250949716],[89.80452914220479,26.53530691338025],[89.80369903154238,26.53870674493576],[89.8018470555423,26.539275518588482],[89.80177416754208,26.54019726379817],[89.80312962096522,26.541690912852026],[89.80563412410689,26.54114084913591],[89.8053537794461,26.54404714717209],[89.80367120953738,26.54395395958482],[89.80185540313549,26.544982182241437],[89.80082391246434,26.544849084274194],[89.80036790958344,26.546518219288796],[89.80423836466481,26.546442065908835],[89.80870811746922,26.546259252222075],[89.81067342647677,26.545809952958145],[89.81305651968559,26.54644862244374],[89.81422305764298,26.547386483058727],[89.81516262643801,26.546425053622688],[89.81613397038566,26.545738179318235],[89.8161577637234,26.544659510591742],[89.81529893220286,26.54297122024355],[89.81519453690647,26.54218831771974],[89.81587414131984,26.539621492106118],[89.81764783495277,26.53687964513625],[89.81916549728601,26.53577142207203],[89.8200005591679,26.53525865369911],[89.81946470044885,26.534470761734127],[89.81873583000642,26.53399345334828],[89.81882212866596,26.532805276265357],[89.81963557657552,26.532229780119994],[89.82017686634084,26.532625082802824],[89.82066117625229,26.53233128483925],[89.82105555139373,26.532666334766837],[89.82181261345836,26.53163179233091],[89.82247282875338,26.530739014865503],[89.82157449982226,26.529484624176057],[89.82102466428607,26.528534607716985],[89.82083376225843,26.52749627945502],[89.82024930763741,26.526975515370726],[89.81943935004152,26.526666730382075],[89.81893030940027,26.525742963810966],[89.81737729238736,26.52498871102214],[89.81657633958768,26.524021080615384],[89.81659805458688,26.522446207430313],[89.81528872425577,26.52160590812828],[89.81463366180905,26.52086094748192],[89.81472032487518,26.520096825613113],[89.81433814127664,26.519436699226155],[89.81380436733191,26.519140469310834],[89.81464361019323,26.517775017159515],[89.8151664348654,26.517417320904382],[89.81526236917652,26.515800378402705],[89.81440366477047,26.51348950000962],[89.81311868201955,26.512820121866447],[89.81154171551414,26.512720405615074],[89.81085814179404,26.51286020342175],[89.80934897807518,26.514103499308597],[89.80835519106404,26.51489000690106],[89.80702810437215,26.51516878120075],[89.80687195240367,26.515758328313378],[89.80656770959547,26.518917737137635],[89.80638227169044,26.524898894225867]]]}},{"type":"Feature","properties":{"Village_Name":"Chhoto Daldali","Village_Code":"307171","Block_Name":"Kumargram","District":"Alipurduar","Vill_Cat":"rural","State_LGD":"19","Dist_LGD":"328N002","Subdis_LGD":"2172"},"geometry":{"type":"Polygon","coordinates":[[[89.79213290668426,26.53186913591507],[89.79223755769641,26.530391872888504],[89.79187320498487,26.529429071443737],[89.79285627427763,26.52756917405901],[89.79223359935077,26.527536262745144],[89.79110360163293,26.528920831197226],[89.79042567708464,26.529092005994787],[89.79059594097718,26.530324783619974],[89.78969787464787,26.530518312400517],[89.78828193120526,26.529621198661193],[89.78783959914627,26.52958022854104],[89.78636025571882,26.530001653392734],[89.78567895374728,26.527750266825166],[89.78524361988035,26.52633769469493],[89.78589746162174,26.525377526073957],[89.78742425844426,26.524431862283528],[89.78708612111733,26.52330612181346],[89.78762180911092,26.522023438467762],[89.78866385897072,26.520942881508148],[89.78964575301273,26.520486063288654],[89.79036339188451,26.519885537888012],[89.79150031203578,26.518997092841595],[89.79161380601609,26.517677553043228],[89.79046977658184,26.51702776152604],[89.79063733235333,26.515869571508777],[89.79147949484212,26.51565007060875],[89.79149234535545,26.515541721795906],[89.79167524468136,26.513999589244467],[89.7915505434964,26.512368917638526],[89.79162742628222,26.510986934145016],[89.79039554475162,26.510641120145248],[89.79019624883198,26.509864554637822],[89.79067073209951,26.508749982294557],[89.79032392208154,26.508508644815404],[89.78991632517865,26.5088639969133],[89.7884471655632,26.508658148284592],[89.78624428413151,26.509423037506693],[89.78483078933041,26.50944614408158],[89.77983757511366,26.510116539782732],[89.78008312852339,26.50761244019282],[89.77598093645399,26.507800646028098],[89.77552909137994,26.504024374879606],[89.77355172671763,26.50395006613642],[89.77299733552218,26.504249579776],[89.77278141491973,26.504862818927105],[89.77164350524369,26.504875920887603],[89.76956008580396,26.505606651651007],[89.76856678925472,26.506631989080606],[89.76740208336294,26.508874220175077],[89.76680000163954,26.51053257567752],[89.76662516243779,26.51265182561688],[89.76720072586097,26.51490538725364],[89.76792560339632,26.51648384399342],[89.76879507279962,26.518235431739924],[89.76872387193892,26.519865434797403],[89.76878459807665,26.52239515809481],[89.76914551137888,26.5244769286377],[89.7699433886865,26.525332124853303],[89.77042198375192,26.52542207231265],[89.77182076235195,26.52623850490287],[89.77238813149968,26.526683118661033],[89.77313231581051,26.527597987169873],[89.77513227602414,26.52921924587191],[89.77616851659161,26.53059759176305],[89.77684769649666,26.531518214261734],[89.77697959742137,26.532413410135945],[89.77712936528062,26.533425552989883],[89.7785711356169,26.533938808895005],[89.78052034925703,26.534072213627763],[89.78442629883844,26.53465008042538],[89.78710580350878,26.534908971357908],[89.78753499594328,26.536687073534516],[89.78759482657692,26.536672368943233],[89.78878218059249,26.536410028502335],[89.79098087232842,26.5360737341817],[89.79189879022546,26.535455738336037],[89.79208935224418,26.534626426338427],[89.79261197406596,26.533840230559743],[89.7925463203823,26.532993383639266],[89.79213290668426,26.53186913591507]]]}},{"type":"Feature","properties":{"Village_Name":"Nararthali","Village_Code":"307172","Block_Name":"Kumargram","District":"Alipurduar","Vill_Cat":"rural","State_LGD":"19","Dist_LGD":"328N002","Subdis_LGD":"2172"},"geometry":{"type":"Polygon","coordinates":[[[89.74993767058855,26.520689305294802],[89.74983107361787,26.52210795861278],[89.75059921367162,26.52382553465286],[89.75287323443776,26.526858432862387],[89.75594013491202,26.530534624421062],[89.7565973358921,26.532849812560276],[89.75728851138668,26.538051654028536],[89.75776453967681,26.539499631548686],[89.7577894993044,26.539494636962317],[89.75844824989062,26.539355562748163],[89.75815171467949,26.537443947243663],[89.75886338108585,26.537001581232403],[89.75995583620961,26.536542812851962],[89.76084620533115,26.53769853121082],[89.7611865280531,26.537876903515944],[89.76246652648699,26.537500198813053],[89.76370427594958,26.53745363498093],[89.76367733149024,26.537584988646117],[89.76296206059119,26.538713183103212],[89.76311738197565,26.539752307334915],[89.76376284564269,26.540105210678586],[89.76420169262407,26.539162833646415],[89.76626670409237,26.539519753449493],[89.76993712424724,26.539683023767175],[89.7710042120351,26.538796082390654],[89.77245421337628,26.539232543535014],[89.77373038379095,26.539740045854245],[89.77365016779967,26.53869947589412],[89.77404917195108,26.538605990468756],[89.77468375131376,26.5378808315498],[89.77534800277004,26.53797165424333],[89.77714477729464,26.538644926666077],[89.77985763682146,26.538411559379824],[89.78052034925703,26.534072213627763],[89.7785711356169,26.533938808895005],[89.77712936528062,26.533425552989883],[89.77697959742137,26.532413410135945],[89.77684769649666,26.531518214261734],[89.77616851659161,26.53059759176305],[89.77513227602414,26.52921924587191],[89.77313231581051,26.527597987169873],[89.77238813149968,26.526683118661033],[89.77182076235195,26.52623850490287],[89.77042198375192,26.52542207231265],[89.7699433886865,26.525332124853303],[89.76914551137888,26.5244769286377],[89.76878459807665,26.52239515809481],[89.76872387193892,26.519865434797403],[89.76879507279962,26.518235431739924],[89.76792560339632,26.51648384399342],[89.76720072586097,26.51490538725364],[89.76662516243779,26.51265182561688],[89.76680000163954,26.51053257567752],[89.76740208336294,26.508874220175077],[89.76856678925472,26.506631989080606],[89.76956008580396,26.505606651651007],[89.77164350524369,26.504875920887603],[89.77278141491973,26.504862818927105],[89.77299733552218,26.504249579776],[89.77355172671763,26.50395006613642],[89.772859489975,26.50205971383635],[89.77113870889447,26.502855594812463],[89.76866876223023,26.502939666418474],[89.76798400204358,26.501148391775722],[89.76557744680126,26.501993608687087],[89.76330173117229,26.502231719160967],[89.76273015078297,26.50328042453044],[89.76133815408507,26.50336152591155],[89.76161341327598,26.50501640338797],[89.76188622560912,26.50929247131927],[89.76197151157545,26.511808199183356],[89.7603825980137,26.512466064594193],[89.76143300369296,26.515707486898513],[89.75920497767872,26.516273959067146],[89.75563261257528,26.517245353778776],[89.75522549350248,26.51615694302595],[89.7521402008312,26.516315797941427],[89.75228167416167,26.517621387344988],[89.75051871055022,26.517926104866028],[89.750105264098,26.518673962189638],[89.74894202776161,26.518682866813627],[89.74878531734717,26.519051317459798],[89.7478095821975,26.519142314576616],[89.74711941768662,26.519642856954693],[89.74765834548592,26.520372347927342],[89.74993767058855,26.520689305294802]]]}},{"type":"Feature","properties":{"Village_Name":"Madhya Nararthali","Village_Code":"307162","Block_Name":"Kumargram","District":"Alipurduar","Vill_Cat":"rural","State_LGD":"19","Dist_LGD":"328N002","Subdis_LGD":"2172"},"geometry":{"type":"Polygon","coordinates":[[[89.71950500353657,26.495931962651305],[89.7195642151422,26.496742910653545],[89.7198659722365,26.498059035743047],[89.71986629094083,26.4980725644568],[89.72023308994358,26.498318214566495],[89.7215430820586,26.49837442913675],[89.72443265194445,26.500349441529675],[89.72722400235497,26.502195434815984],[89.72931387133922,26.502362979400296],[89.7393564756164,26.502328309866762],[89.74439328163999,26.502014909066542],[89.74586934645659,26.50441366663283],[89.74459942135115,26.50541259542994],[89.7443246831459,26.508408991641385],[89.74344662041501,26.50859732682091],[89.74395234202143,26.510464368166794],[89.74471613985513,26.511374516943103],[89.74462804345912,26.512098048791213],[89.74525445612154,26.512713082006563],[89.74470720707986,26.51310709389483],[89.74483200158883,26.514769424581512],[89.74530568285388,26.515919750173826],[89.74522179241627,26.51766279292288],[89.74472752634776,26.51880920190239],[89.74711941768662,26.519642856954693],[89.7478095821975,26.519142314576616],[89.74878531734717,26.519051317459798],[89.74894202776161,26.518682866813627],[89.750105264098,26.518673962189638],[89.75051871055022,26.517926104866028],[89.75228167416167,26.517621387344988],[89.7521402008312,26.516315797941427],[89.75522549350248,26.51615694302595],[89.75563261257528,26.517245353778776],[89.75920497767872,26.516273959067146],[89.76143300369296,26.515707486898513],[89.7603825980137,26.512466064594193],[89.76197151157545,26.511808199183356],[89.76188622560912,26.50929247131927],[89.76161341327598,26.50501640338797],[89.76133815408507,26.50336152591155],[89.76090925947429,26.50136223993287],[89.7610239024354,26.499027605820235],[89.7611415642079,26.496819232346205],[89.76111002624467,26.49571002823251],[89.75948597160227,26.495727926500557],[89.75642817237558,26.496175044049433],[89.75616381748509,26.495602686889786],[89.75441283663973,26.495974873918154],[89.7520410502875,26.49638608966075],[89.75206401195572,26.497139060830342],[89.75101916208611,26.49726749462206],[89.7499643555569,26.495925375047005],[89.748842836994,26.49599211032846],[89.74850742350539,26.495592542783072],[89.74482150593849,26.495983843032786],[89.744274119295,26.495525183581275],[89.74151988981282,26.495668383030274],[89.74091458704432,26.494881483203834],[89.73797019121805,26.49588545247602],[89.7375189054799,26.49546101147869],[89.73296688407456,26.49633331432948],[89.73231674833342,26.49598033946344],[89.72993013231182,26.49661705078972],[89.72954188923684,26.49631318724869],[89.72871019906279,26.49400567146845],[89.72334724192152,26.496210545932644],[89.72287469473973,26.495520281729156],[89.72139506604205,26.495710937567033],[89.71950500353657,26.495931962651305]]]}},{"type":"Feature","properties":{"Village_Name":"Radhanagar","Village_Code":"307195","Block_Name":"Kumargram","District":"Alipurduar","Vill_Cat":"rural","State_LGD":"19","Dist_LGD":"328N002","Subdis_LGD":"2172"},"geometry":{"type":"Polygon","coordinates":[[[89.80403904850128,26.50442296137654],[89.8035094201736,26.50511910022654],[89.80271764055507,26.50575723223769],[89.80253181680031,26.506157882134218],[89.80274476406682,26.507493565259384],[89.80352447385678,26.50862862569997],[89.8043391743522,26.509758481734657],[89.80525411749817,26.510060786082985],[89.80577249458405,26.51055134250763],[89.80691383048972,26.510677748450107],[89.8074404910314,26.510477902435408],[89.80809921333758,26.510965685215304],[89.80828059522365,26.511413244865764],[89.80835848146148,26.51193502485478],[89.80819004724725,26.512637598241],[89.80776958171414,26.513286488813574],[89.80755043692292,26.513759983013237],[89.80762909151525,26.514313326859366],[89.80835519106404,26.51489000690106],[89.80934897807518,26.514103499308597],[89.81085814179404,26.51286020342175],[89.81154171551414,26.512720405615074],[89.81311868201955,26.512820121866447],[89.81440366477047,26.51348950000962],[89.81526236917652,26.515800378402705],[89.8151664348654,26.517417320904382],[89.81464361019323,26.517775017159515],[89.81380436733191,26.519140469310834],[89.81433814127664,26.519436699226155],[89.81472032487518,26.520096825613113],[89.81463366180905,26.52086094748192],[89.81528872425577,26.52160590812828],[89.81659805458688,26.522446207430313],[89.81800065771704,26.523203445992397],[89.81867639719611,26.52253594466094],[89.81976452513,26.518634705561464],[89.8200189570034,26.51632439995792],[89.8203110532435,26.51391409964664],[89.82146261100942,26.511586039642584],[89.82293417325346,26.506147866382243],[89.82379270499477,26.502914313762155],[89.82319379206376,26.50282241384474],[89.82287336025725,26.502021236064504],[89.82219376809033,26.501705363776264],[89.81882029716037,26.501948033767768],[89.81854654273954,26.501209079560038],[89.81573167328246,26.501124840954105],[89.81569681829517,26.50257366030071],[89.81475793977802,26.50272753716357],[89.81455598247132,26.502875885342746],[89.81422915669378,26.503455273126555],[89.81338324640532,26.50330955964587],[89.81343793521354,26.5012332738878],[89.81111074732098,26.500791949105782],[89.81094353120703,26.50030802208731],[89.80814293439987,26.500809823468177],[89.80728484244378,26.502017711439322],[89.80648760709046,26.50160482781573],[89.80593024506226,26.500952630347037],[89.80468551710868,26.500900425354082],[89.80303101179946,26.501523944485843],[89.80305204368793,26.501564132903088],[89.80379972588895,26.502208088666478],[89.8041722552996,26.503301530125498],[89.80469464872655,26.503958933441666],[89.80471592951879,26.504215660781473],[89.80403904850128,26.50442296137654]]]}},{"type":"Feature","properties":{"Village_Name":"Laskarpara (CT)","Village_Code":"307204","Block_Name":"Kumargram","District":"Alipurduar","Vill_Cat":"partly_urban","State_LGD":"19","Dist_LGD":"328N002","Subdis_LGD":"2172"},"geometry":{"type":"Polygon","coordinates":[[[89.80303506333865,26.479174646397635],[89.80413118732397,26.484887033012097],[89.80436479052635,26.486249378479584],[89.80564941806365,26.48774444130319],[89.80919143998486,26.487850671562477],[89.80971290411463,26.48847198797511],[89.81372741228053,26.487598861701233],[89.81420544634824,26.48828868597167],[89.82069902989073,26.48834087726946],[89.82057827590478,26.487296641928474],[89.82198093869978,26.48704784494262],[89.82250412606977,26.488557803329073],[89.82527870181173,26.488647235229713],[89.82538300298809,26.49024667994697],[89.82715925787136,26.490103211997297],[89.82694159389946,26.484896982190023],[89.8251564459577,26.483443618825337],[89.82442769795712,26.481522700618353],[89.8232958097497,26.478693959030736],[89.82411883357639,26.477500220648402],[89.8249469607628,26.47631088772507],[89.82509675208813,26.475261300154614],[89.82445342761923,26.47437177472218],[89.82257598665193,26.47241492463915],[89.82159283609577,26.470950146124363],[89.82115683476346,26.47136478381459],[89.81893213097283,26.47160724605459],[89.81891339667932,26.47207228121384],[89.8178725038704,26.47276051537527],[89.81705317854903,26.474107532035006],[89.81501994115352,26.47459879058936],[89.8131668333104,26.474459394198433],[89.81281138822172,26.47427241439721],[89.81270748365004,26.473710545965975],[89.81219408990546,26.471564246490253],[89.80914478513111,26.471497986945227],[89.80527474018407,26.472106456167523],[89.80151465305745,26.472703640479782],[89.80303506333865,26.479174646397635]]]}},{"type":"Feature","properties":{"Village_Name":"Bhalka","Village_Code":"307200","Block_Name":"Kumargram","District":"Alipurduar","Vill_Cat":"rural","State_LGD":"19","Dist_LGD":"328N002","Subdis_LGD":"2172"},"geometry":{"type":"Polygon","coordinates":[[[89.84098587249399,26.488051046554318],[89.84251288012399,26.487560476354464],[89.84327789993465,26.488497103876636],[89.84471589818249,26.486835359423893],[89.8450217512913,26.487244294400423],[89.84943851710315,26.485419305584305],[89.85004471228429,26.484793666741325],[89.84935322811326,26.48155487442729],[89.84839913868038,26.4782356052177],[89.84735557401537,26.475351189320353],[89.84695592240801,26.474389244750387],[89.84743102738575,26.47393766283236],[89.84970814400234,26.472773414828303],[89.85048764915778,26.475315721781747],[89.85204260666119,26.475153823695692],[89.85458990969215,26.47417357068339],[89.8563265454384,26.474062126686594],[89.85709825151618,26.475066215360215],[89.85863904334315,26.474737613576778],[89.85864269795873,26.474277396045405],[89.86057076758632,26.473192153183554],[89.86448233859475,26.4729593716815],[89.86480359551004,26.470219157417826],[89.86482382380186,26.46911801541642],[89.86581888314701,26.4683634431893],[89.86590689234353,26.468296703015376],[89.86605298729283,26.468313634556104],[89.86863464597698,26.468612809420275],[89.8705501407647,26.467259007851258],[89.87192411364212,26.465503576985693],[89.87244053157512,26.46449720255596],[89.87295710156269,26.46263793730989],[89.87263120547182,26.462100897598305],[89.8719342814084,26.460747036162836],[89.87105689987297,26.45872517214715],[89.87097724092709,26.458467564835615],[89.8673632306586,26.459062057154394],[89.86713628221143,26.459409467416606],[89.86631534368072,26.460057524297056],[89.86542934402262,26.46273241769483],[89.86425173829757,26.46537255955916],[89.86082682342793,26.465107420987874],[89.85961339961557,26.466304657042812],[89.85993141703625,26.464582353206094],[89.85934889484061,26.464600021630265],[89.85806529513684,26.464613460690117],[89.85765412249187,26.464906712625893],[89.85654081644256,26.465958101821673],[89.85634725055698,26.466115108404637],[89.85634413288503,26.466117637383963],[89.8555728867402,26.46674320820607],[89.85497614366321,26.46719887291309],[89.85409354693674,26.46771772383479],[89.85333137358319,26.467965834842367],[89.85262434567753,26.468137230524725],[89.85175180240314,26.468308502441392],[89.85117013782249,26.46838066497606],[89.85107491039638,26.468466386617568],[89.85074873752522,26.469382459769708],[89.85039760742492,26.4698516959214],[89.85001649198063,26.470194583056568],[89.84967544573506,26.470402144874303],[89.84929433426045,26.470501332679913],[89.84880792980222,26.470465119286363],[89.84792059035212,26.469959524854755],[89.84715851853895,26.469350102876962],[89.84662585419208,26.469379500757366],[89.84389922461702,26.46952994765456],[89.84094079259395,26.469763910118758],[89.83866926769967,26.46995744219897],[89.83343915084454,26.470384659999212],[89.83244630235811,26.47044749773515],[89.82916187114027,26.47067667990206],[89.82582227692795,26.47086050285343],[89.82519587523838,26.469948719549294],[89.82506400308311,26.46972809823784],[89.82500771549874,26.469772804332397],[89.8221466694087,26.468381280173702],[89.82122156096062,26.46888228165701],[89.82159283609577,26.470950146124363],[89.82257598665193,26.47241492463915],[89.82445342761923,26.47437177472218],[89.82509675208813,26.475261300154614],[89.8249469607628,26.47631088772507],[89.82411883357639,26.477500220648402],[89.8232958097497,26.478693959030736],[89.82442769795712,26.481522700618353],[89.8251564459577,26.483443618825337],[89.82694159389946,26.484896982190023],[89.82866895467393,26.48439807820177],[89.8292575976815,26.483051062690286],[89.82950009684902,26.481489858592383],[89.82989027233788,26.480841516504498],[89.83131301919113,26.480393738518647],[89.83325844333434,26.4810227879447],[89.8347496143089,26.481525497058367],[89.83541719043441,26.481151329272482],[89.83600689685704,26.48025990865712],[89.83632441963935,26.479716755306505],[89.83690342317003,26.47961501796572],[89.8373775643591,26.48014243032609],[89.83710461330415,26.48127567695072],[89.83658251417262,26.482061997847815],[89.83574326919896,26.482998981813235],[89.83491107579403,26.483611009961106],[89.83445048616781,26.484657756336237],[89.8344517005307,26.486137430422687],[89.83403725679062,26.486817845329313],[89.8347687915719,26.48782285816891],[89.83526776444273,26.48854376730985],[89.83902823098711,26.487747167113703],[89.8398287018511,26.48910716810642],[89.84093668204554,26.488904654157007],[89.84098587249399,26.488051046554318]]]}},{"type":"Feature","properties":{"Village_Name":"Purba Salbari","Village_Code":"307197","Block_Name":"Kumargram","District":"Alipurduar","Vill_Cat":"rural","State_LGD":"19","Dist_LGD":"328N002","Subdis_LGD":"2172"},"geometry":{"type":"Polygon","coordinates":[[[89.85873182621786,26.499637769308137],[89.85685147469442,26.49710135393775],[89.856450427068,26.495846697032118],[89.85611449391556,26.495201283231236],[89.8551918738117,26.494352791541687],[89.85436445146229,26.493395922046254],[89.85413898556922,26.49257000732579],[89.8539736123772,26.49183446821854],[89.85413983888371,26.48817000982584],[89.85567975446861,26.48614396329091],[89.8563268819456,26.48539495533754],[89.86049946204815,26.484149886884033],[89.86201906943248,26.483734872076717],[89.86236509894773,26.483549916880076],[89.86181354814374,26.48276006217287],[89.86159303457983,26.481880017047377],[89.8617836402721,26.480824088028697],[89.86222522366019,26.47880232602379],[89.86260647844112,26.477304082006935],[89.86315333027905,26.475760740656813],[89.86427675468268,26.474073104796087],[89.86445229686858,26.47321560905087],[89.86448233859475,26.4729593716815],[89.86057076758632,26.473192153183554],[89.85864269795873,26.474277396045405],[89.85863904334315,26.474737613576778],[89.85709825151618,26.475066215360215],[89.8563265454384,26.474062126686594],[89.85458990969215,26.47417357068339],[89.85204260666119,26.475153823695692],[89.85048764915778,26.475315721781747],[89.84970814400234,26.472773414828303],[89.84743102738575,26.47393766283236],[89.84695592240801,26.474389244750387],[89.84735557401537,26.475351189320353],[89.84839913868038,26.4782356052177],[89.84935322811326,26.48155487442729],[89.85004471228429,26.484793666741325],[89.84943851710315,26.485419305584305],[89.8450217512913,26.487244294400423],[89.84471589818249,26.486835359423893],[89.84327789993465,26.488497103876636],[89.84251288012399,26.487560476354464],[89.84098587249399,26.488051046554318],[89.84093668204554,26.488904654157007],[89.8398287018511,26.48910716810642],[89.83902823098711,26.487747167113703],[89.83526776444273,26.48854376730985],[89.83568459450028,26.490615177641615],[89.83351458714431,26.490852288432013],[89.83214902364024,26.491592192712726],[89.83233171611947,26.49249984288408],[89.83345087072357,26.493772349121322],[89.8343297049175,26.49526165212245],[89.83605485287676,26.496301036864327],[89.83856562657664,26.49584958173956],[89.83927834473275,26.495677499158642],[89.83965400885026,26.496274528190543],[89.83965980389235,26.49732553653083],[89.83893191113478,26.498715963079086],[89.83857271530906,26.50021634079029],[89.83940179807139,26.50151261046598],[89.8406007871298,26.502354890741472],[89.84153825501267,26.50283590818787],[89.84247967633686,26.503318944639766],[89.84429654535309,26.504613529733895],[89.84528575327222,26.506096035272908],[89.84595166200745,26.50809024587683],[89.84640468126338,26.509177432684037],[89.84678099599984,26.511212784099644],[89.84687337342885,26.51171241052288],[89.84747321000366,26.51285530577478],[89.84824447553675,26.513426357212136],[89.85000966943899,26.514040691901894],[89.85140433046595,26.514675949669382],[89.85202904808133,26.51499728108974],[89.85602057325531,26.51540573180341],[89.85609252341838,26.51541309364732],[89.85609527926037,26.515413376241284],[89.85610470346182,26.51541434008796],[89.85616280961237,26.51542028564084],[89.85617369536511,26.515421398874675],[89.85603586010654,26.514781716575644],[89.8565121471211,26.51451275841603],[89.85662963448736,26.514446414049623],[89.85673607975569,26.514386303195195],[89.85703788768977,26.5142158713727],[89.85780170640167,26.51378453444108],[89.85832096395916,26.51315954191702],[89.85878011342346,26.512606889204925],[89.8587788565249,26.512592859619886],[89.85871692247954,26.511901634476157],[89.85867469035782,26.511430293520842],[89.8586550517733,26.511211121195895],[89.85860459415895,26.51064796922537],[89.85858480604618,26.510427110903027],[89.85856472263903,26.5103850532239],[89.85856454828088,26.510383104371634],[89.85854098937986,26.51033383943689],[89.85853319734872,26.510317546694623],[89.85847778057678,26.51020166087294],[89.858454259783,26.510152476484624],[89.85842677182659,26.510094994872034],[89.85841349963604,26.51006723972976],[89.85836707851757,26.50997016571334],[89.85834301550625,26.509919846590115],[89.85831058876393,26.509852037321615],[89.85827989757446,26.509787855780658],[89.8582365001222,26.509697105756114],[89.8581580699865,26.5095330939027],[89.85815172963633,26.509519835587838],[89.858108662687,26.50942977450074],[89.85808417888951,26.509378575681474],[89.85804899824336,26.50930500512856],[89.85748570626961,26.508125317191492],[89.85726177711686,26.507656340950238],[89.85725163229576,26.507635094032157],[89.85712513011192,26.507370157322484],[89.85687911571834,26.5068549196567],[89.8568358950621,26.506764400428455],[89.8568301421542,26.506752353192134],[89.85682769966664,26.50674723789101],[89.85681291720154,26.506716276647367],[89.85678558700836,26.506659038223088],[89.85676913853764,26.506624590483828],[89.85675956432306,26.50660453729705],[89.8567624627644,26.506565055211315],[89.85676839458027,26.50648424528258],[89.85678714093858,26.5062288588314],[89.85682249944193,26.505747162684404],[89.85684058530815,26.505500768848357],[89.85688336542937,26.50491794480257],[89.85689661246293,26.504737479628524],[89.85693401546537,26.504227909815985],[89.85694288233088,26.504107118325052],[89.8569556665353,26.50393294708558],[89.85700628395676,26.503722856295983],[89.85707812926654,26.50342466233815],[89.8571077246286,26.50330182449664],[89.85716364779377,26.503069711482254],[89.85722391123178,26.502819580912696],[89.85727996659178,26.50258692103133],[89.85728185259411,26.502579090818802],[89.85725861527163,26.502537257446733],[89.85723567702904,26.50249596201253],[89.85721803683619,26.502464203729982],[89.8571862993401,26.502407066087812],[89.85711538010514,26.5022793880969],[89.85705435664921,26.502169526890995],[89.85701160476793,26.502092558602044],[89.85694872379395,26.501979353826513],[89.85688253104402,26.501860183251697],[89.85676044082011,26.50164037943976],[89.85676148917611,26.501638106426096],[89.85677102331877,26.501617419976142],[89.85677769058273,26.501602954259777],[89.85681729956154,26.501517013575153],[89.85699376165731,26.501134147539275],[89.85699426464832,26.501133054771998],[89.85698369856193,26.501109325020888],[89.8568273530502,26.5007581789537],[89.85732804700896,26.500675187034265],[89.85763846648263,26.500623731748586],[89.85770617207935,26.500051472804838],[89.85770882729899,26.500029025985924],[89.85772537227888,26.499889188225897],[89.85884221724947,26.49990857496244],[89.85873182621786,26.499637769308137]]]}},{"type":"Feature","properties":{"Village_Name":"Purbba Narathali","Village_Code":"307169","Block_Name":"Kumargram","District":"Alipurduar","Vill_Cat":"rural","State_LGD":"19","Dist_LGD":"328N002","Subdis_LGD":"2172"},"geometry":{"type":"Polygon","coordinates":[[[89.76200021002578,26.48680976044811],[89.76103236399511,26.487428519190466],[89.76061897043684,26.48775232133092],[89.76085320843144,26.48937190914756],[89.76153566536858,26.49044595652684],[89.76210588684827,26.49122892910725],[89.76208327469794,26.49237978502204],[89.76172699834342,26.49341529310655],[89.7622900769816,26.494527737416572],[89.75971122026888,26.495082942773728],[89.75948597160227,26.495727926500557],[89.76111002624467,26.49571002823251],[89.7611415642079,26.496819232346205],[89.7610239024354,26.499027605820235],[89.76090925947429,26.50136223993287],[89.76133815408507,26.50336152591155],[89.76273015078297,26.50328042453044],[89.76330173117229,26.502231719160967],[89.76557744680126,26.501993608687087],[89.76798400204358,26.501148391775722],[89.76866876223023,26.502939666418474],[89.77113870889447,26.502855594812463],[89.772859489975,26.50205971383635],[89.7729106694401,26.50147674649647],[89.77345768556772,26.500035991128232],[89.77478739024666,26.498408572274208],[89.77595946084466,26.497316558720563],[89.77890051642937,26.496605126941585],[89.78138212286169,26.495762744136822],[89.78361170790785,26.49486659054757],[89.78514865365364,26.495395997280976],[89.78801266128829,26.495443799181384],[89.78961565142515,26.494555291734933],[89.79154511990501,26.494107003867406],[89.79235551716516,26.49320239891777],[89.79213805461472,26.492295359071004],[89.79100246037338,26.49177622074255],[89.79005479533718,26.49177220485108],[89.78798177287362,26.492295459235187],[89.78692778855363,26.491833338840614],[89.78686375412558,26.49104960903342],[89.78728592306305,26.48984584268307],[89.78795222204177,26.488163609050424],[89.78807066357699,26.486839458497304],[89.78757897536545,26.48516180953191],[89.7860322746923,26.484014551591997],[89.78374468057686,26.484158459520827],[89.78155078131724,26.48402981934166],[89.77935629580863,26.483251513381468],[89.77873891435075,26.482803376227537],[89.77803565623861,26.48274488959507],[89.77727579609024,26.48325142845693],[89.7760535963622,26.483920348515174],[89.77504815284422,26.48463917893051],[89.77414214052077,26.484697402773616],[89.77291776063501,26.48444149908061],[89.77101502952428,26.484329593453904],[89.76929846285857,26.484245628454016],[89.76877048379417,26.48355209298997],[89.76811318384976,26.48352875757812],[89.7670144879668,26.48349593362347],[89.76636997806007,26.482750511518145],[89.76143683733189,26.482327265609385],[89.76165889332354,26.484276424654563],[89.76200021002578,26.48680976044811]]]}},{"type":"Feature","properties":{"Village_Name":"Paschim Narathali","Village_Code":"307163","Block_Name":"Kumargram","District":"Alipurduar","Vill_Cat":"rural","State_LGD":"19","Dist_LGD":"328N002","Subdis_LGD":"2172"},"geometry":{"type":"Polygon","coordinates":[[[89.72651139556801,26.48326968751436],[89.72641135389205,26.4864657614331],[89.72640541156953,26.488338157516374],[89.72632647204937,26.489241971434783],[89.72565181156945,26.490184239153656],[89.72460736746173,26.49096664133821],[89.72052433516791,26.49301611659287],[89.71931831082738,26.493539895458277],[89.71950500353657,26.495931962651305],[89.72139506604205,26.495710937567033],[89.72287469473973,26.495520281729156],[89.72334724192152,26.496210545932644],[89.72871019906279,26.49400567146845],[89.72954188923684,26.49631318724869],[89.72993013231182,26.49661705078972],[89.73231674833342,26.49598033946344],[89.73296688407456,26.49633331432948],[89.7375189054799,26.49546101147869],[89.73797019121805,26.49588545247602],[89.74091458704432,26.494881483203834],[89.74151988981282,26.495668383030274],[89.744274119295,26.495525183581275],[89.74482150593849,26.495983843032786],[89.74850742350539,26.495592542783072],[89.748842836994,26.49599211032846],[89.7499643555569,26.495925375047005],[89.75101916208611,26.49726749462206],[89.75206401195572,26.497139060830342],[89.7520410502875,26.49638608966075],[89.75441283663973,26.495974873918154],[89.75616381748509,26.495602686889786],[89.75642817237558,26.496175044049433],[89.75948597160227,26.495727926500557],[89.75971122026888,26.495082942773728],[89.7622900769816,26.494527737416572],[89.76172699834342,26.49341529310655],[89.76208327469794,26.49237978502204],[89.76210588684827,26.49122892910725],[89.76153566536858,26.49044595652684],[89.76085320843144,26.48937190914756],[89.76061897043684,26.48775232133092],[89.76103236399511,26.487428519190466],[89.76200021002578,26.48680976044811],[89.76165889332354,26.484276424654563],[89.76143683733189,26.482327265609385],[89.76159141682336,26.481033999461097],[89.7614503562125,26.48058558491273],[89.76151064670853,26.479961838220323],[89.75920027082252,26.4802005292463],[89.75892794604303,26.480972742945085],[89.75852033209303,26.48132800668225],[89.75853679506866,26.482437506098282],[89.75775130741557,26.482714356649332],[89.75780577066625,26.483105800746824],[89.7518098189943,26.4818410698558],[89.74834560523846,26.483103386318135],[89.74856564434677,26.482237455374907],[89.74554417449187,26.4827242239635],[89.7444994925885,26.481377343442002],[89.74179528051927,26.481501520781638],[89.73703840274261,26.482589898565394],[89.73604923318427,26.480619297913773],[89.73391179732933,26.481179094495204],[89.73206614840254,26.48135881633129],[89.72983572260648,26.48074282791168],[89.72580940459518,26.48135216714257],[89.72604383831273,26.481726656732622],[89.72651139556801,26.48326968751436]]]}},{"type":"Feature","properties":{"Village_Name":"Telipara","Village_Code":"307167","Block_Name":"Kumargram","District":"Alipurduar","Vill_Cat":"rural","State_LGD":"19","Dist_LGD":"328N002","Subdis_LGD":"2172"},"geometry":{"type":"Polygon","coordinates":[[[89.76838107758401,26.48006329033575],[89.7700272662413,26.478677910251857],[89.77187737546332,26.477644954615506],[89.77264673664745,26.476281090524157],[89.77297341888728,26.47485364364926],[89.77219414529675,26.473713859209145],[89.77018846448034,26.4734821231289],[89.77004638164034,26.472573572270104],[89.77060413357785,26.472210852977703],[89.77053460466543,26.471819707490038],[89.7689158412757,26.471625553995175],[89.7681953729212,26.469798864441717],[89.76755664962542,26.46531334448091],[89.76739766643912,26.46465263842608],[89.76641743616487,26.464654403593325],[89.76497946683035,26.46465698098339],[89.76198616312995,26.464596012324698],[89.75860152385118,26.46468799412128],[89.75763904485731,26.464466040970876],[89.75352344936178,26.463672885243994],[89.75230010359984,26.463558969770645],[89.749056090307,26.463272851019575],[89.74878561490846,26.46324899115479],[89.74863565067,26.46286975634024],[89.7487462965138,26.46252691815755],[89.74892229341955,26.46204873926279],[89.74896043939948,26.46171228138217],[89.74896050337445,26.461711728898337],[89.74897806671271,26.461556815535612],[89.74895704494787,26.461288548340026],[89.7489533151969,26.46124094683655],[89.74895661308261,26.461235666402967],[89.74918431437708,26.460871068279772],[89.74927546130951,26.46011300649066],[89.74923566475584,26.459792555032813],[89.74902065401393,26.459291409749248],[89.74893786284208,26.45894032383149],[89.74821232800322,26.459154484648646],[89.74736183277122,26.459432521215536],[89.74537724967718,26.45965567318219],[89.7448178288691,26.46184999479613],[89.74305428402522,26.46209593528506],[89.74359916868333,26.46520290864353],[89.74341911195641,26.46754332580615],[89.7438336873166,26.4708603281918],[89.74347728952333,26.47189580028894],[89.74192861636962,26.47211955856423],[89.74080493235955,26.473142697436305],[89.74120136919069,26.474005801734602],[89.74252244216883,26.476019614734305],[89.74267411427155,26.47797468791972],[89.74261697172511,26.479157797261635],[89.74144223115982,26.479721753453273],[89.74179528051927,26.481501520781638],[89.7444994925885,26.481377343442002],[89.74554417449187,26.4827242239635],[89.74856564434677,26.482237455374907],[89.74834560523846,26.483103386318135],[89.7518098189943,26.4818410698558],[89.75780577066625,26.483105800746824],[89.75775130741557,26.482714356649332],[89.75853679506866,26.482437506098282],[89.75852033209303,26.48132800668225],[89.75892794604303,26.480972742945085],[89.75920027082252,26.4802005292463],[89.76151064670853,26.479961838220323],[89.7614503562125,26.48058558491273],[89.76159141682336,26.481033999461097],[89.76143683733189,26.482327265609385],[89.76636997806007,26.482750511518145],[89.7670144879668,26.48349593362347],[89.76811318384976,26.48352875757812],[89.76811657389666,26.48346101999205],[89.76779657948767,26.48265968166522],[89.76756380378062,26.48152280469112],[89.76838107758401,26.48006329033575]]]}},{"type":"Feature","properties":{"Village_Name":"Madhya Kamakhyaguri","Village_Code":"307165","Block_Name":"Kumargram","District":"Alipurduar","Vill_Cat":"rural","State_LGD":"19","Dist_LGD":"328N002","Subdis_LGD":"2172"},"geometry":{"type":"Polygon","coordinates":[[[89.70077770147319,26.45387888241719],[89.6990096620969,26.454792077288495],[89.69710919318085,26.455400964825824],[89.69411766126848,26.45608004905267],[89.69244472287846,26.456991373534965],[89.69160551644597,26.457760637135586],[89.69166228341855,26.458476914745077],[89.69189968653731,26.459631924562263],[89.69256125999362,26.460490189381915],[89.69325872522211,26.461167309749815],[89.69383056175603,26.461400147537425],[89.69437009808759,26.461322290394563],[89.69665215357163,26.459876089979392],[89.69886145912943,26.45875155497999],[89.69954090526802,26.458440943015944],[89.70020318205134,26.459971385431345],[89.70541015592045,26.455645444345002],[89.70594939270065,26.456199173399497],[89.70488651550944,26.459187939584908],[89.70477259703897,26.460317995497473],[89.70566600506729,26.461654541528684],[89.70750730723681,26.461727907089053],[89.7088771614892,26.46157559470963],[89.71085532277237,26.461713994130527],[89.71115010977334,26.463170145719673],[89.71256739296399,26.463116150032075],[89.71387339197679,26.462378499147547],[89.71471356133763,26.461442163578518],[89.71759419511322,26.46159037343243],[89.7175277570465,26.4602562162489],[89.71903626617072,26.460033494942543],[89.71902922040125,26.458454584560823],[89.71998563958226,26.458201764586903],[89.721371998469,26.461522915235125],[89.72373748438051,26.46108078318257],[89.72389844578642,26.463658315192685],[89.72470626385231,26.465181332817036],[89.72561878392824,26.465190980149796],[89.72487528112059,26.464483329344176],[89.72462767436988,26.462696973910678],[89.72519975340518,26.461873975513154],[89.72724334538186,26.46053562425636],[89.72903557937977,26.460654765147115],[89.73180188923799,26.46211772700683],[89.73635668295589,26.462689167773853],[89.73743181606277,26.461734671131463],[89.7379725211512,26.459802396550355],[89.73786272058327,26.456434400906588],[89.73764539493608,26.45339329529536],[89.7334001910013,26.452757297191603],[89.73316578453927,26.45386710914435],[89.73169693793736,26.454278699299095],[89.72999974621221,26.454996914398315],[89.72870988656705,26.454498234120425],[89.72625113234717,26.454166234527996],[89.7248051576877,26.453422363359046],[89.72462871795484,26.452527932545802],[89.7249142054823,26.45209388812017],[89.72440368844039,26.45148554738432],[89.72434619666981,26.450746750912465],[89.72491017011122,26.450645758569397],[89.72482003629155,26.44894662411109],[89.72647451002409,26.447268330174364],[89.72402573695561,26.445650300714398],[89.72358944410969,26.444999935129033],[89.72111863799431,26.447343418504975],[89.71918080237081,26.447204379726106],[89.71882834653401,26.447775036648693],[89.71644387203737,26.44782492705955],[89.71641840075723,26.44780736521438],[89.7162430296227,26.448022744808025],[89.71414951129077,26.449366394634048],[89.71199905699598,26.449993757994232],[89.71070757328135,26.450704040978636],[89.70931622745529,26.45078909725726],[89.70700534547713,26.451202875971674],[89.7055646786131,26.451965569871888],[89.70289693051126,26.452981576734864],[89.70077770147319,26.45387888241719]]]}},{"type":"Feature","properties":{"Village_Name":"Uttar Kamakhyaguri (CT)","Village_Code":"307206","Block_Name":"Kumargram","District":"Alipurduar","Vill_Cat":"partly_urban","State_LGD":"19","Dist_LGD":"328N002","Subdis_LGD":"2172"},"geometry":{"type":"Polygon","coordinates":[[[89.70610642602095,26.465481038776627],[89.70545403693234,26.46801989277514],[89.70539724406028,26.46923458527415],[89.7050668677234,26.470111582547737],[89.7037686859121,26.4714039380199],[89.7030662286558,26.472662442012005],[89.70277728042235,26.474025902604424],[89.70293028957491,26.474780950412576],[89.7034184505691,26.475290535483982],[89.70401279423402,26.4758387111822],[89.704976206775,26.476091146426164],[89.70694927779437,26.475787547375177],[89.70843402024715,26.475610492444765],[89.7100427120645,26.474519731896272],[89.71250800948263,26.47212236703498],[89.71374885875883,26.470740795699978],[89.71504797238703,26.469493454550733],[89.71554242972496,26.469416374017186],[89.71715654427558,26.469629276528924],[89.71862132679728,26.470526250103838],[89.71988591898446,26.47143604599225],[89.720380206393,26.471990568411773],[89.72126152962973,26.472163250398566],[89.72312892879407,26.471847913392264],[89.72410616803299,26.472474413576286],[89.7253110529429,26.47446355363178],[89.72668342179725,26.4752629475721],[89.72969339973531,26.475142239422297],[89.73246764864088,26.47522899998127],[89.73552451448096,26.474971924993866],[89.73672565219454,26.47361799951449],[89.73764250195569,26.471267963872506],[89.73750705828861,26.469993804480968],[89.7359382950462,26.468097471258424],[89.73372314379031,26.466633070511694],[89.73164204188402,26.46553601026782],[89.73077077611663,26.4655752396388],[89.7295586079168,26.465187877177883],[89.72794120956151,26.46568348549309],[89.72702718642019,26.465822763373186],[89.72561878392824,26.465190980149796],[89.72470626385231,26.465181332817036],[89.72389844578642,26.463658315192685],[89.72373748438051,26.46108078318257],[89.721371998469,26.461522915235125],[89.71998563958226,26.458201764586903],[89.71902922040125,26.458454584560823],[89.71903626617072,26.460033494942543],[89.7175277570465,26.4602562162489],[89.71759419511322,26.46159037343243],[89.71471356133763,26.461442163578518],[89.71387339197679,26.462378499147547],[89.71256739296399,26.463116150032075],[89.71115010977334,26.463170145719673],[89.71085532277237,26.461713994130527],[89.7088771614892,26.46157559470963],[89.70750730723681,26.461727907089053],[89.70566600506729,26.461654541528684],[89.70641367014721,26.463616441640028],[89.70610642602095,26.465481038776627]]]}},{"type":"Feature","properties":{"Village_Name":"Paschim Chakchaka","Village_Code":"307168","Block_Name":"Kumargram","District":"Alipurduar","Vill_Cat":"rural","State_LGD":"19","Dist_LGD":"328N002","Subdis_LGD":"2172"},"geometry":{"type":"Polygon","coordinates":[[[89.7860322746923,26.484014551591997],[89.78529751199821,26.482025840648166],[89.7841346797682,26.480162774401272],[89.78192859996724,26.478067402099263],[89.78082483036468,26.47698813478414],[89.78155171265918,26.47553031792458],[89.78200804705973,26.473662722592003],[89.78264726634758,26.47293745711062],[89.78339706225007,26.471808517796177],[89.78333884566531,26.471056248929635],[89.78286649452417,26.47059176346111],[89.78099906853038,26.470479289506446],[89.7804793586784,26.46992097920612],[89.77972679862346,26.468225813427633],[89.77938739720449,26.466409812734067],[89.77777447429501,26.466247222057408],[89.77810499978652,26.463939964870633],[89.7783484662473,26.463666597209112],[89.77654828423556,26.464183170259915],[89.77648714011674,26.464200715833385],[89.7727357379621,26.46519983502743],[89.77158269994949,26.465000448369235],[89.7714840379648,26.46497423242996],[89.77025425768564,26.464647457348427],[89.76739766643912,26.46465263842608],[89.76755664962542,26.46531334448091],[89.7681953729212,26.469798864441717],[89.7689158412757,26.471625553995175],[89.77053460466543,26.471819707490038],[89.77060413357785,26.472210852977703],[89.77004638164034,26.472573572270104],[89.77018846448034,26.4734821231289],[89.77219414529675,26.473713859209145],[89.77297341888728,26.47485364364926],[89.77264673664745,26.476281090524157],[89.77187737546332,26.477644954615506],[89.7700272662413,26.478677910251857],[89.76838107758401,26.48006329033575],[89.76756380378062,26.48152280469112],[89.76779657948767,26.48265968166522],[89.76811657389666,26.48346101999205],[89.76811318384976,26.48352875757812],[89.76877048379417,26.48355209298997],[89.76929846285857,26.484245628454016],[89.77101502952428,26.484329593453904],[89.77291776063501,26.48444149908061],[89.77414214052077,26.484697402773616],[89.77504815284422,26.48463917893051],[89.7760535963622,26.483920348515174],[89.77727579609024,26.48325142845693],[89.77803565623861,26.48274488959507],[89.77873891435075,26.482803376227537],[89.77935629580863,26.483251513381468],[89.78155078131724,26.48402981934166],[89.78374468057686,26.484158459520827],[89.7860322746923,26.484014551591997]]]}},{"type":"Feature","properties":{"Village_Name":"Dakshin Rampur (CT)","Village_Code":"307205","Block_Name":"Kumargram","District":"Alipurduar","Vill_Cat":"partly_urban","State_LGD":"19","Dist_LGD":"328N002","Subdis_LGD":"2172"},"geometry":{"type":"Polygon","coordinates":[[[89.82115683476346,26.47136478381459],[89.82159283609577,26.470950146124363],[89.82122156096062,26.46888228165701],[89.8221466694087,26.468381280173702],[89.82500771549874,26.469772804332397],[89.82506400308311,26.46972809823784],[89.8247048211908,26.469127186939808],[89.82451457661153,26.46846372954641],[89.82592866839154,26.468175433338736],[89.82675613065555,26.468040308853237],[89.82675017557033,26.468387778332353],[89.82674584422439,26.468640515962754],[89.82738241768608,26.46921383403299],[89.82815955555701,26.469254736317986],[89.82929784377264,26.469228022996273],[89.82961438283289,26.46747713862488],[89.83155996143132,26.46745073223054],[89.83170608764623,26.465632038097176],[89.8308891511443,26.464652510763827],[89.83098295535667,26.46285995485825],[89.83099022484414,26.462721024755698],[89.83063438600996,26.462292200612204],[89.82895036455695,26.4606399837898],[89.82776259606477,26.459394038124966],[89.82552521996908,26.45958159915202],[89.82427780982266,26.459686155864816],[89.8228739546178,26.459708150261502],[89.82175087014518,26.459770957487617],[89.81914705421944,26.45989346270733],[89.81842152817997,26.459927588591697],[89.80793208251968,26.460784935750937],[89.80706474254613,26.460775467053377],[89.80608692886908,26.460910364180137],[89.80518938015818,26.460982140968564],[89.80397598261632,26.46111687069279],[89.80288788854557,26.461152406064798],[89.80187500783009,26.461251239873917],[89.79967384851656,26.461421559371317],[89.79865096286913,26.461484205147297],[89.79645657131239,26.461655617076435],[89.79637180437331,26.461936611467944],[89.79937180304611,26.46660121188326],[89.80019441471458,26.467866303197564],[89.80151465305745,26.472703640479782],[89.80527474018407,26.472106456167523],[89.80914478513111,26.471497986945227],[89.81219408990546,26.471564246490253],[89.81270748365004,26.473710545965975],[89.81281138822172,26.47427241439721],[89.8131668333104,26.474459394198433],[89.81501994115352,26.47459879058936],[89.81705317854903,26.474107532035006],[89.8178725038704,26.47276051537527],[89.81891339667932,26.47207228121384],[89.81893213097283,26.47160724605459],[89.82115683476346,26.47136478381459]]]}},{"type":"Feature","properties":{"Village_Name":"Purba Chakchaka","Village_Code":"307199","Block_Name":"Kumargram","District":"Alipurduar","Vill_Cat":"rural","State_LGD":"19","Dist_LGD":"328N002","Subdis_LGD":"2172"},"geometry":{"type":"Polygon","coordinates":[[[89.78807066357699,26.486839458497304],[89.79449910664498,26.486271556157188],[89.8025929806431,26.48616239398766],[89.80436479052635,26.486249378479584],[89.80413118732397,26.484887033012097],[89.80303506333865,26.479174646397635],[89.80151465305745,26.472703640479782],[89.80019441471458,26.467866303197564],[89.79937180304611,26.46660121188326],[89.79637180437331,26.461936611467944],[89.79645657131239,26.461655617076435],[89.79526636336149,26.46174857444777],[89.79458947593847,26.461788805894077],[89.79430568463833,26.46179234012331],[89.79009190539604,26.46184475696105],[89.78627129605128,26.46179730649662],[89.78502283380922,26.46185974669083],[89.78311715323314,26.462359424512798],[89.78033371160247,26.463151826001273],[89.77942102191595,26.463358808970913],[89.7783484662473,26.463666597209112],[89.77810499978652,26.463939964870633],[89.77777447429501,26.466247222057408],[89.77938739720449,26.466409812734067],[89.77972679862346,26.468225813427633],[89.7804793586784,26.46992097920612],[89.78099906853038,26.470479289506446],[89.78286649452417,26.47059176346111],[89.78333884566531,26.471056248929635],[89.78339706225007,26.471808517796177],[89.78264726634758,26.47293745711062],[89.78200804705973,26.473662722592003],[89.78155171265918,26.47553031792458],[89.78082483036468,26.47698813478414],[89.78192859996724,26.478067402099263],[89.7841346797682,26.480162774401272],[89.78529751199821,26.482025840648166],[89.7860322746923,26.484014551591997],[89.78757897536545,26.48516180953191],[89.78807066357699,26.486839458497304]]]}},{"type":"Feature","properties":{"Village_Name":"Newlands Tea Garden","Village_Code":"307180","Block_Name":"Kumargram","District":"Alipurduar","Vill_Cat":"rural","State_LGD":"19","Dist_LGD":"328N002","Subdis_LGD":"2172"},"geometry":{"type":"Polygon","coordinates":[[[89.80861163767102,26.64008687255998],[89.80695455917927,26.639862477778703],[89.80677933279375,26.640497516588077],[89.8054546258249,26.64031616239513],[89.80408453639103,26.640537194695845],[89.80033701587998,26.640638174865707],[89.79991861370951,26.63974416476929],[89.79295915192256,26.639881142037364],[89.79093470448328,26.63961866577519],[89.78948456732115,26.64026519237026],[89.78887416034391,26.642208015632967],[89.78831482307875,26.642534785828136],[89.78779313423517,26.645030754906532],[89.78590363967713,26.647021220147007],[89.78399380044607,26.647762427276586],[89.7813392321446,26.647399386716913],[89.78043826050573,26.647096720074977],[89.77700159363033,26.648851183031606],[89.7769373532429,26.64951560467963],[89.77635168602266,26.65207595605485],[89.77730644043405,26.65542725246944],[89.77877833699516,26.657532318426323],[89.77952435143854,26.657653058483458],[89.78195368368503,26.658449107203424],[89.78270887120894,26.659981692228314],[89.78293945568373,26.662034332254876],[89.78218582883387,26.6640837020792],[89.78276371093361,26.664929527053058],[89.78270652204722,26.66733066497223],[89.78377054481963,26.66979102545165],[89.78703746477855,26.6705344520881],[89.78792618787685,26.67156362294106],[89.78979438918925,26.673841214175013],[89.79105974802647,26.675074990506662],[89.79052180480062,26.67566752282178],[89.78809125832285,26.675458139402405],[89.7858032070848,26.67697825634021],[89.78550122077411,26.679221786326572],[89.78576124260351,26.679176081064806],[89.79080073103438,26.67915191381289],[89.79487471904557,26.679132257945156],[89.80446821341279,26.678595660126987],[89.8129268740219,26.67806737877389],[89.8128269696832,26.67604381381501],[89.81288326079085,26.671382590497597],[89.81284824954025,26.66954721009856],[89.81248685928111,26.66566568077729],[89.81218802042565,26.663718231808463],[89.81175980456923,26.662431984642968],[89.81055757584917,26.659884374408307],[89.80866203613138,26.65711136637808],[89.80799774994898,26.655613231815266],[89.8091859287467,26.65287847073948],[89.80936090264045,26.649978783470814],[89.80895175080379,26.644956821548394],[89.80849744047093,26.642394384679076],[89.80861163767102,26.64008687255998]]]}},{"type":"Feature","properties":{"Village_Name":"Kumargram Tea Garden","Village_Code":"307182","Block_Name":"Kumargram","District":"Alipurduar","Vill_Cat":"rural","State_LGD":"19","Dist_LGD":"328N002","Subdis_LGD":"2172"},"geometry":{"type":"Polygon","coordinates":[[[89.83341822231185,26.671894502401354],[89.8330866536578,26.670669564663367],[89.83109372608025,26.670894281320308],[89.83088298289942,26.66581887628162],[89.8310443911813,26.66157964169713],[89.83110395996243,26.658095806194602],[89.83142628371158,26.654069899432244],[89.83162601235742,26.650975742911875],[89.83259580072531,26.644911393307083],[89.8329970395012,26.6404237657607],[89.83294970897977,26.638913455912622],[89.83235342230782,26.638753918291545],[89.83056777029141,26.6388120171653],[89.83020662470811,26.63882376461033],[89.82970854939994,26.63898255585834],[89.82940513866791,26.639299872356034],[89.82961815327396,26.640202383797305],[89.83059263355065,26.644703205953554],[89.82806416814292,26.64456860426443],[89.82593887921396,26.644701121962527],[89.8237642930089,26.644870677820297],[89.82360485819846,26.644715953477277],[89.82375024831036,26.640016876598313],[89.81743932003823,26.639984271657912],[89.81387161201003,26.64004595290531],[89.80861163767102,26.64008687255998],[89.80849744047093,26.642394384679076],[89.80895175080379,26.644956821548394],[89.80936090264045,26.649978783470814],[89.8091859287467,26.65287847073948],[89.80799774994898,26.655613231815266],[89.80866203613138,26.65711136637808],[89.81055757584917,26.659884374408307],[89.81175980456923,26.662431984642968],[89.81218802042565,26.663718231808463],[89.81248685928111,26.66566568077729],[89.81284824954025,26.66954721009856],[89.81288326079085,26.671382590497597],[89.8128269696832,26.67604381381501],[89.8129268740219,26.67806737877389],[89.82082896843959,26.677373720265383],[89.83277162951346,26.677018585135926],[89.83292489796506,26.674484749075557],[89.83341822231185,26.671894502401354]]]}},{"type":"Feature","properties":{"Village_Name":"Sankos Tea Garden","Village_Code":"307183","Block_Name":"Kumargram","District":"Alipurduar","Vill_Cat":"rural","State_LGD":"19","Dist_LGD":"328N002","Subdis_LGD":"2172"},"geometry":{"type":"Polygon","coordinates":[[[89.87022535382779,26.657101954518577],[89.87022955161886,26.65707031154004],[89.87023564152409,26.657024396163525],[89.87023798161742,26.65700675703066],[89.87026515038262,26.656801939895107],[89.8702935287866,26.656587996933165],[89.87039420255861,26.655829037501285],[89.8704604857827,26.655329334019758],[89.87059609284216,26.65522939365946],[89.87167205398535,26.6544364197348],[89.87182765514882,26.65432174162034],[89.87232193122769,26.653957457038118],[89.87353201248916,26.65306560465782],[89.8737301076906,26.65291960225288],[89.87399176535588,26.65246812885237],[89.87416633084229,26.652166925543007],[89.87476326860067,26.65113692798721],[89.87536732041755,26.650094635300725],[89.87594207337835,26.64951201305834],[89.87693426806936,26.6485062156818],[89.87634355735705,26.64713521196874],[89.87578148303795,26.645830639288498],[89.8752368736184,26.644566573814885],[89.87522651135241,26.644560976303097],[89.87260003412877,26.64314217350059],[89.87250124468397,26.643088806389017],[89.87163619583784,26.642621495383906],[89.87163593677909,26.642621054538758],[89.87162865777813,26.642608648873072],[89.8716234221493,26.64259972571657],[89.87161106490719,26.642578665332906],[89.87161016693167,26.64257713565017],[89.87159874192497,26.64255766270054],[89.87159680990042,26.64255437134245],[89.87159090343162,26.642544305134237],[89.87158025109348,26.642526149472587],[89.87157390222077,26.642515330450447],[89.87157324075982,26.642514202477997],[89.87157269522778,26.64251327182068],[89.87156126441286,26.6424937900167],[89.87155514980066,26.642483370081134],[89.87155392375534,26.642481277626615],[89.8715433291057,26.642463216950073],[89.8715380872394,26.6424542794358],[89.87152557237397,26.642432934028044],[89.87151921674182,26.642422107133946],[89.87151110892896,26.642408308442917],[89.87149911288662,26.642387866800803],[89.87149527329083,26.642381321252586],[89.87148051199578,26.642356165091165],[89.87147241185542,26.642342359461793],[89.87145685536478,26.642315846871607],[89.8714548025484,26.642312348363745],[89.87144855406471,26.642301698135245],[89.87144059021978,26.642288127247888],[89.87143953232294,26.64228632283178],[89.87135068718358,26.642134904632872],[89.87130268202532,26.642053089550217],[89.87124374548623,26.641952643228603],[89.87119142184483,26.641863467515346],[89.87111610571574,26.641735105916283],[89.87105677078236,26.641633980426978],[89.87099985076985,26.64153697027901],[89.87095139406796,26.641454384397264],[89.87086186370402,26.64130179423282],[89.8708299513937,26.641247405366],[89.87070258155201,26.641030324413343],[89.87068391611345,26.640998513289706],[89.87065626317285,26.64095138179616],[89.87059350386073,26.64084441989527],[89.87053931993161,26.640752070623257],[89.8705180645845,26.640715844508776],[89.87044824898932,26.640596853587425],[89.87038305029904,26.64048573258774],[89.87036804443464,26.640460157586357],[89.8703369180599,26.640407106262444],[89.87027783643701,26.640306410578365],[89.87020759781198,26.640186698675418],[89.87010012814854,26.640003530398964],[89.87007517214344,26.63996099597012],[89.87006568456736,26.639944825911826],[89.87000754509306,26.63984573444272],[89.86996564656577,26.639774322800214],[89.8699139779372,26.6396862611503],[89.86984801461308,26.63957383406776],[89.86980562893618,26.639501593108186],[89.8697003728581,26.63932219496048],[89.8696775065647,26.63928322210967],[89.86953974454586,26.63904842041194],[89.8695219739817,26.639018131645013],[89.86949788327114,26.638977071718298],[89.86943175262198,26.638864357259276],[89.86934196345807,26.638711320607484],[89.86918329353726,26.638440880526165],[89.86905264618328,26.638218201375008],[89.86900936335816,26.638144428568754],[89.8688310814648,26.63784055882164],[89.86878731616557,26.63776596283043],[89.8685895699173,26.637428915026494],[89.86854233852743,26.637348411586355],[89.8684004635702,26.63710659087631],[89.86834643904582,26.637014507192738],[89.86822798406808,26.63681260520383],[89.86813533339573,26.636654683176655],[89.8680196083168,26.636457431454257],[89.8679421655669,26.63632543222025],[89.86785968299164,26.636184841104395],[89.86771795389963,26.63594326487901],[89.86758217364941,26.635711825956975],[89.86744534105416,26.635478593161142],[89.86740671541303,26.635412754645547],[89.86732955427647,26.63528123228151],[89.8672238509355,26.635101057551342],[89.86713231253722,26.634945027106625],[89.86687821582949,26.63478859250356],[89.86675070115378,26.634710087369832],[89.86668720355502,26.634670994906234],[89.86416497683537,26.633118132741885],[89.86412743760685,26.63315450169324],[89.86406232075998,26.63321758788927],[89.85940506165817,26.63772938170174],[89.85878894793365,26.63778237922508],[89.85194280610692,26.63801920889572],[89.85106359603762,26.64122173614668],[89.84742669512308,26.641123249752624],[89.84077762081937,26.641017264411822],[89.83645342241373,26.64073374416707],[89.8329970395012,26.6404237657607],[89.83259580072531,26.644911393307083],[89.83162601235742,26.650975742911875],[89.83142628371158,26.654069899432244],[89.83110395996243,26.658095806194602],[89.8310443911813,26.66157964169713],[89.83088298289942,26.66581887628162],[89.83109372608025,26.670894281320308],[89.8330866536578,26.670669564663367],[89.83341822231185,26.671894502401354],[89.83292489796506,26.674484749075557],[89.83277162951346,26.677018585135926],[89.83994289965186,26.67683468243432],[89.84477049172926,26.66760741605798],[89.8484928717215,26.661009645889763],[89.84949209110272,26.658386659726816],[89.85460719034266,26.657539589694892],[89.86022355026847,26.657670182766626],[89.86023849155258,26.657665371406203],[89.86949213613308,26.657143341547958],[89.87009591402031,26.6571092618518],[89.87013664148915,26.657106963243837],[89.87019328830276,26.657103765103408],[89.87022535382779,26.657101954518577]]]}},{"type":"Feature","properties":{"Village_Name":"Phaskhawa Tea Garden","Village_Code":"307152","Block_Name":"Kumargram","District":"Alipurduar","Vill_Cat":"rural","State_LGD":"19","Dist_LGD":"328N002","Subdis_LGD":"2172"},"geometry":{"type":"Polygon","coordinates":[[[89.67654945268603,26.676179498525414],[89.67188986176636,26.675351431757466],[89.6640735075555,26.675471262843413],[89.6480876964707,26.675431989125574],[89.64808507513635,26.67966392501955],[89.6481527893712,26.681450922476365],[89.64821388823226,26.68306327172933],[89.64811181174876,26.685840532683482],[89.64809673794134,26.686250648774234],[89.64829169834792,26.690988703788477],[89.64859677620156,26.693103461227555],[89.65263847852843,26.69311289081599],[89.65525227435273,26.69311893411025],[89.66115683387866,26.692593255624224],[89.66498691353547,26.69253200105288],[89.66765879808555,26.692489214252117],[89.67071611560344,26.692855789012416],[89.6714333517525,26.689368395705568],[89.67587728195791,26.6893252722104],[89.67649036018769,26.685686433127096],[89.67671904466158,26.68193303001771],[89.6768160798491,26.677703884543956],[89.67654945268603,26.676179498525414]]]}},{"type":"Feature","properties":{"Village_Name":"Parmalangi","Village_Code":"307107","Block_Name":"Kalchini","District":"Alipurduar","Vill_Cat":"rural","State_LGD":"19","Dist_LGD":"328N002","Subdis_LGD":"2171"},"geometry":{"type":"Polygon","coordinates":[[[89.33150940339823,26.68261321193221],[89.33092739141989,26.684373524166265],[89.33092146850916,26.685316683307764],[89.33008644740036,26.686246380126875],[89.32929738821626,26.687707765676542],[89.3297387137642,26.690141652548434],[89.33027420899965,26.689302606836517],[89.33046349375046,26.687742771311964],[89.33132047317028,26.68715113008845],[89.33125746706556,26.686276787767135],[89.33174458598472,26.685776951270103],[89.33236207523905,26.686005955430673],[89.33307359205708,26.68542571872129],[89.33348399919424,26.684859454060263],[89.33373892348627,26.68430476786467],[89.33381995984838,26.6833513514061],[89.33326362735998,26.682918295725262],[89.33242806234863,26.682832757441304],[89.33150940339823,26.68261321193221]]]}},{"type":"Feature","properties":{"Village_Name":"Parmalangi","Village_Code":"307107","Block_Name":"Kalchini","District":"Alipurduar","Vill_Cat":"rural","State_LGD":"19","Dist_LGD":"328N002","Subdis_LGD":"2171"},"geometry":{"type":"Polygon","coordinates":[[[89.33443376975849,26.66984059953737],[89.33474360811196,26.671983338508443],[89.3351364623825,26.67425556630492],[89.33430914463953,26.67531150049168],[89.3335338895585,26.67596498462586],[89.33352079111441,26.6777881505125],[89.33301558597493,26.68011123972413],[89.33457954256244,26.67995467422086],[89.33431073551029,26.67834822082055],[89.33518180499539,26.67795937883965],[89.33575818659708,26.67765208949459],[89.33588045883401,26.677243975118735],[89.33567338263215,26.676448713951345],[89.3357840498005,26.675964081838277],[89.33638611425336,26.67593161536593],[89.33727774084397,26.67581315790125],[89.33700450483232,26.675222038842644],[89.3372694356115,26.674667184456258],[89.33811988100373,26.674007930671547],[89.33909302232857,26.673946780243746],[89.33984828050048,26.67403811782559],[89.34056802508344,26.67460382277414],[89.3399587348734,26.675511800885392],[89.34029030332137,26.67699086387771],[89.34150340163868,26.675152430611192],[89.34196214145658,26.67425144068565],[89.3427913153745,26.673290192095337],[89.34203619561126,26.672959719078506],[89.3407724528545,26.672317257783515],[89.33978394804573,26.671625128092145],[89.33906501329203,26.670851841442452],[89.33785954756966,26.669617287718935],[89.33729679491654,26.6686203198397],[89.33592176424665,26.668674529860127],[89.33476250300515,26.6692125036465],[89.33443376975849,26.66984059953737]]]}},{"type":"Feature","properties":{"Village_Name":"Radharani Tea Garden","Village_Code":"307133","Block_Name":"Kalchini","District":"Alipurduar","Vill_Cat":"rural","State_LGD":"19","Dist_LGD":"328N002","Subdis_LGD":"2171"},"geometry":{"type":"Polygon","coordinates":[[[89.44238747117099,26.7568440183637],[89.42923844474315,26.756803874844614],[89.42940192040554,26.759526333239098],[89.4291192585527,26.761832311567126],[89.42917471418654,26.76254877241357],[89.42953830030564,26.763336652191022],[89.42975413085537,26.764266938457894],[89.429558556055,26.76499672777131],[89.42919854227124,26.76555788146777],[89.42876658254636,26.765808937964216],[89.42867207427565,26.76585567799869],[89.42869194745664,26.766080938619893],[89.4290514780625,26.766914009431243],[89.428935556351,26.767371710753977],[89.42881268842883,26.767739290971946],[89.42890044237258,26.768319837355783],[89.42921453657748,26.769379286884043],[89.44784145993616,26.764145035759707],[89.47128548794132,26.7577009924205],[89.46194178170063,26.75745308384923],[89.45836075150139,26.757804033354745],[89.45691143641126,26.757486265551066],[89.45626732990078,26.756983069094844],[89.45574530296338,26.757014678943136],[89.45289922317029,26.75718580558112],[89.44238747117099,26.7568440183637]]]}},{"type":"Feature","properties":{"Village_Name":"Chuapara Tea Garden","Village_Code":"307134","Block_Name":"Kalchini","District":"Alipurduar","Vill_Cat":"rural","State_LGD":"19","Dist_LGD":"328N002","Subdis_LGD":"2171"},"geometry":{"type":"Polygon","coordinates":[[[89.43529592374949,26.71723773604227],[89.42729001620148,26.72684125543716],[89.41896323209828,26.726568447702107],[89.42215737661245,26.733133099917556],[89.42330139405938,26.736371247253352],[89.41847700976572,26.73612425848142],[89.4143603570776,26.7358379789188],[89.41428635219982,26.736854453943046],[89.41415248448236,26.739081182025643],[89.41418067927972,26.739464226686877],[89.41470594672307,26.740064407658434],[89.41565422461582,26.73975496632082],[89.41604850742091,26.740339325475006],[89.41638371823491,26.740744208184857],[89.41626610932047,26.740886087364245],[89.41567936417245,26.741419487166727],[89.41548064301885,26.74176579084191],[89.41556639187388,26.742256144099926],[89.4158532784416,26.742752092308365],[89.4165482323645,26.743295228130002],[89.41755199046399,26.74370675511533],[89.4186763611214,26.744355355718273],[89.41968921094598,26.74519535627116],[89.4203674468357,26.745896678226494],[89.42098778478051,26.747185551192196],[89.42117154499289,26.7480306762821],[89.42121927203468,26.749333842092273],[89.42174285819976,26.749613665061002],[89.4226986968593,26.750368885857522],[89.42348421059712,26.751149573174867],[89.42454395641387,26.752300061548805],[89.42541825800646,26.753237137873445],[89.42694893811843,26.753368849109393],[89.42774343589168,26.753860586245967],[89.42845406593783,26.754425947354004],[89.42908933072347,26.755700984862276],[89.42923844474315,26.756803874844614],[89.44238747117099,26.7568440183637],[89.45289922317029,26.75718580558112],[89.45574530296338,26.757014678943136],[89.45626732990078,26.756983069094844],[89.45691143641126,26.757486265551066],[89.45836075150139,26.757804033354745],[89.46194178170063,26.75745308384923],[89.47128548794132,26.7577009924205],[89.47276551822897,26.7482948479162],[89.473544048948,26.740615472552335],[89.47520351455263,26.73022708279139],[89.47587073756532,26.726001275087977],[89.46640715606806,26.725665381818807],[89.4648428832286,26.72582343026552],[89.4593220528676,26.725413954498553],[89.45301993852608,26.725590802041022],[89.4520699196728,26.724402531648142],[89.44986366047058,26.722035771235742],[89.44851875567633,26.72117464701113],[89.44737379770642,26.72096881155457],[89.44539339577749,26.722577667052022],[89.4435840316371,26.72349321264652],[89.4440847456835,26.72623239758676],[89.44341690501369,26.72836906466471],[89.44264975600666,26.72821082752703],[89.43876008533293,26.721356344174556],[89.43658926137215,26.718514986219418],[89.43654624979132,26.717911113536623],[89.43529592374949,26.71723773604227]]]}},{"type":"Feature","properties":{"Village_Name":"Rajabhat Tea Garden","Village_Code":"307143","Block_Name":"Kalchini","District":"Alipurduar","Vill_Cat":"rural","State_LGD":"19","Dist_LGD":"328N002","Subdis_LGD":"2171"},"geometry":{"type":"Polygon","coordinates":[[[89.49653802810406,26.66455200432288],[89.49693568540197,26.66228904578401],[89.49699724964441,26.66199129468482],[89.49733548243508,26.660355419600382],[89.49699688635208,26.65841221587682],[89.49691819729362,26.657335246574938],[89.49698894252816,26.655741288454962],[89.49737027344335,26.654805125082614],[89.49796942069545,26.653495152012404],[89.49888118901383,26.650632084038733],[89.49948506162086,26.64815794286817],[89.50023813570843,26.64469757279953],[89.4961628363764,26.645008358984857],[89.49038452961413,26.645511320271016],[89.4878409049143,26.64560551288697],[89.48784100244377,26.645610023561193],[89.4842065466153,26.64982011517024],[89.481139794732,26.653126840480322],[89.47796648232836,26.65639024727058],[89.4748564407421,26.659801383250855],[89.47056477844536,26.66385116301028],[89.46856569783063,26.665699746260994],[89.46807735085186,26.666109801493096],[89.46906109831693,26.666083677190738],[89.47425890212736,26.665853338222547],[89.47763507042421,26.665686186757572],[89.47854944025552,26.665603294378247],[89.48219608822002,26.665272651978476],[89.48590203363099,26.665261970780268],[89.48946368828038,26.66508226856945],[89.49283240756951,26.664806601947596],[89.49653802810406,26.66455200432288]]]}},{"type":"Feature","properties":{"Village_Name":"Mathura Tea Garden","Village_Code":"307231","Block_Name":"Alipurduar - I","District":"Alipurduar","Vill_Cat":"rural","State_LGD":"19","Dist_LGD":"328N002","Subdis_LGD":"2173"},"geometry":{"type":"Polygon","coordinates":[[[89.40030576671658,26.494161936859513],[89.39994798748529,26.49552613475762],[89.39954087151429,26.497653726988176],[89.39884579405856,26.497507490540773],[89.39867614404328,26.499721331478078],[89.39939603149966,26.50178484258484],[89.39757064684999,26.50323688939366],[89.39779773572562,26.504753689216685],[89.39727553348993,26.50689674823369],[89.39649113830929,26.50704078684234],[89.39655954338228,26.511060023920265],[89.39386365347983,26.5114166532199],[89.38958668844404,26.511957665488133],[89.38915144677217,26.51370668081236],[89.38819243164802,26.514625193877404],[89.38778524510037,26.516761787212438],[89.38597342703237,26.51840298952265],[89.38746388347487,26.520137807031833],[89.38750031679658,26.522140626895776],[89.3853001240932,26.526107615289543],[89.3852967410837,26.52764183095348],[89.38096368086703,26.532786038254258],[89.38219202876809,26.537124328228323],[89.38763800020817,26.537755133372556],[89.39871757778798,26.538624901074243],[89.40268967832495,26.5385760241449],[89.40312612461449,26.533763180358257],[89.39703775073738,26.534316942847536],[89.39994137201374,26.527526843856982],[89.3990403723198,26.52231236601119],[89.40077882457504,26.52124980279792],[89.40082363517907,26.515690011096808],[89.40189657044228,26.516393892424123],[89.40359849999744,26.517917405715004],[89.40511329240712,26.518401736906863],[89.40816336591763,26.513621469849376],[89.41344016230778,26.506691774897888],[89.41562005839104,26.503974629364237],[89.415587994481,26.501962737660207],[89.41302761224496,26.500390716586807],[89.41151804957697,26.499906370626807],[89.409058035502,26.49737147657348],[89.40819278963298,26.494836693110557],[89.40928658841976,26.49438505212133],[89.40940996371181,26.49140491540277],[89.39940949031222,26.492778227145756],[89.40030576671658,26.494161936859513]]]}},{"type":"Feature","properties":{"Village_Name":"Patkapara Tea Garden","Village_Code":"307245","Block_Name":"Alipurduar - I","District":"Alipurduar","Vill_Cat":"rural","State_LGD":"19","Dist_LGD":"328N002","Subdis_LGD":"2173"},"geometry":{"type":"Polygon","coordinates":[[[89.44273987781025,26.55101561326958],[89.44143635578108,26.55088690301449],[89.43986720898194,26.550932835574795],[89.4386628052327,26.551458339173582],[89.43832997198332,26.549952669123286],[89.438440532728,26.547800141722558],[89.43945066342377,26.545349477496128],[89.44227037167603,26.545539759952778],[89.4421326682977,26.543933627528286],[89.44294755512031,26.54356319962489],[89.44682436959818,26.54256717515962],[89.45069002572399,26.541521607560494],[89.45107560948173,26.537950421060177],[89.45627359468746,26.537996270277226],[89.45420517796822,26.53697608391844],[89.45417107850267,26.536552534982263],[89.45437120020709,26.536291899568607],[89.45722175782093,26.536116432523237],[89.45686071774135,26.533298093014007],[89.4590360000283,26.532980823441136],[89.45935213129347,26.532280507518433],[89.4599377792679,26.529400716876317],[89.4604314838,26.527149690923256],[89.45676927467555,26.527122623784184],[89.4568760039507,26.52860074908613],[89.4512525940528,26.528814894148002],[89.4473762353611,26.528863464895544],[89.44804589705012,26.52709224250225],[89.44792633664122,26.52642199273771],[89.44570918569427,26.5261803039751],[89.4453660678935,26.527503727918944],[89.43849135321074,26.527607980266335],[89.43676535504763,26.530195876891202],[89.43613127836215,26.530811342301487],[89.43656568404793,26.533565336996592],[89.43575031839276,26.534860719695637],[89.43495167714438,26.53481119912926],[89.43488373385982,26.535394425173116],[89.4342283860902,26.535716958479714],[89.43388777651391,26.535740824896084],[89.4345312034163,26.53675408699916],[89.4349561895783,26.537874857002258],[89.43334220190073,26.539125216485086],[89.43154753408997,26.53942207075073],[89.43093451336219,26.540325933700338],[89.43290756793903,26.54087432056118],[89.43066314123469,26.541968467830998],[89.4284331066284,26.545652302867204],[89.43009175222484,26.54651290929212],[89.42999978860826,26.54833737846742],[89.43041786560009,26.54936803620379],[89.43050922954897,26.550607312322082],[89.42940713409993,26.55258889072087],[89.42987232026364,26.554187273850953],[89.43052503242286,26.555398923078407],[89.4303346935008,26.555889480471173],[89.42920215409916,26.555953923901416],[89.42708567404983,26.55646829414017],[89.42676873749474,26.55523737108318],[89.4256925654935,26.55607240040299],[89.42501813531284,26.556210225357628],[89.42532785703493,26.557337497717],[89.42531594161991,26.55867780486417],[89.42789561443261,26.558236780714285],[89.42958024237755,26.557941834260177],[89.42950991607832,26.55698646335357],[89.43342643111507,26.556179608553208],[89.43356043337356,26.554922949213964],[89.4330482852408,26.554191711762076],[89.433189308028,26.5530296867506],[89.43615878935555,26.553236117397272],[89.43781154110472,26.553573319849026],[89.43805873916341,26.552689226625656],[89.43980133142975,26.55276767771424],[89.44289909965077,26.552872502760465],[89.44273987781025,26.55101561326958]]]}},{"type":"Feature","properties":{"Village_Name":"Paschim Salbari","Village_Code":"307240","Block_Name":"Alipurduar - I","District":"Alipurduar","Vill_Cat":"rural","State_LGD":"19","Dist_LGD":"328N002","Subdis_LGD":"2173"},"geometry":{"type":"Polygon","coordinates":[[[89.42914741179167,26.500965369062154],[89.42584568316782,26.500872663855006],[89.42571234298637,26.499061041867872],[89.42482398624857,26.49854822324291],[89.42369900132744,26.498707221554426],[89.4232904047621,26.49930977060869],[89.42260920285062,26.499348415582407],[89.42290980734052,26.500290865224482],[89.42392162508978,26.50166793290482],[89.42319341522989,26.50257371651188],[89.42231488755107,26.503008273347582],[89.42113887088648,26.5024100751535],[89.42111285859964,26.503561120062454],[89.42103472898191,26.504140004539902],[89.41939178643231,26.505670440669395],[89.41992885219008,26.508323510288204],[89.42067727357663,26.510769939559914],[89.42150375140366,26.511198099108395],[89.42275798691405,26.511217402456136],[89.42328106651979,26.513676667339706],[89.42439622215552,26.514952699507464],[89.42687381196363,26.516142365015796],[89.42878816968363,26.514399659513305],[89.4312257240296,26.515116154087522],[89.43313012979414,26.51480842611974],[89.4350535608713,26.51468985706993],[89.43579208905496,26.514749435373183],[89.43944176582946,26.514912641656206],[89.44081325304853,26.515020019524787],[89.44141213487359,26.51393136804775],[89.44154613534519,26.512679214431763],[89.43995383697515,26.51114076337975],[89.43900306939136,26.510529843426788],[89.43907108322976,26.509951127005735],[89.43935549187134,26.509170175019783],[89.43985318176648,26.50827728242622],[89.44147806733446,26.508750317082953],[89.44278859939566,26.509535542586626],[89.4431244920787,26.510951106843972],[89.44384533801542,26.513018842010037],[89.44431723277081,26.513276967972136],[89.44535518403684,26.51350282423699],[89.4460012501354,26.51298638423881],[89.44554298589856,26.511478173932435],[89.44385931256775,26.5087050131416],[89.44236831615483,26.506975341712334],[89.44106749682733,26.504750574296615],[89.44099724119005,26.50379971740849],[89.44163817056878,26.503278874631814],[89.44237835731766,26.502472065551377],[89.44379189901574,26.50315174320019],[89.44428251369588,26.502164204068187],[89.44210575078974,26.501912717322167],[89.4381898799259,26.501948131387817],[89.43296092294443,26.501784747798094],[89.42968739121459,26.502079697796585],[89.42914741179167,26.500965369062154]]]}},{"type":"Feature","properties":{"Village_Name":"Gopimohan Tea Garden (CT)","Village_Code":"307120","Block_Name":"Kalchini","District":"Alipurduar","Vill_Cat":"partly_urban","State_LGD":"19","Dist_LGD":"328N002","Subdis_LGD":"2171"},"geometry":{"type":"Polygon","coordinates":[[[89.36637078161638,26.83669470971349],[89.36638410157498,26.83733520553543],[89.36648124851912,26.838136734035043],[89.3667226162118,26.83885914311962],[89.3671221267405,26.83920439924372],[89.36760938356468,26.839173679731207],[89.36815275159003,26.83893897491378],[89.36867520262405,26.83890766253409],[89.36955628901893,26.839190696553764],[89.36988028983555,26.840015492709973],[89.37066467737722,26.840002342042443],[89.37121523768539,26.840836871288083],[89.37226724337313,26.840390573663218],[89.37289806001797,26.840249136849092],[89.37433122438945,26.840473240547905],[89.37451742014689,26.839513550944694],[89.37635169352502,26.83967675233627],[89.3764324226888,26.83776227143494],[89.37631142059615,26.836785182434976],[89.37608962534158,26.836761837084932],[89.37567192830124,26.836750807679255],[89.37478921049915,26.83663027299449],[89.37406302015374,26.836538690366876],[89.37267140340353,26.83661619418095],[89.37235807061556,26.836544746638268],[89.37090259215388,26.836695498134944],[89.36936624052399,26.836585888710918],[89.36850749865357,26.836167114234154],[89.36729703400839,26.836006901328673],[89.36733902517886,26.836574722866192],[89.36637078161638,26.83669470971349]]]}},{"type":"Feature","properties":{"Village_Name":"Paschim Satali","Village_Code":"307111","Block_Name":"Kalchini","District":"Alipurduar","Vill_Cat":"rural","State_LGD":"19","Dist_LGD":"328N002","Subdis_LGD":"2171"},"geometry":{"type":"Polygon","coordinates":[[[89.35651178030683,26.662238345130692],[89.35233182928455,26.66460886973498],[89.34675985771452,26.669154624958367],[89.3427913153745,26.673290192095337],[89.34411190087454,26.6732729088332],[89.34479036681785,26.67329329244386],[89.34528446438856,26.673876234792434],[89.34573886102733,26.674482392298426],[89.34605572356439,26.675239723461615],[89.34593998786018,26.675719932567755],[89.34544582952536,26.676116148426434],[89.34527443317847,26.676331054425535],[89.34548053732118,26.676584847476807],[89.34589829761772,26.676627579789695],[89.34651693325424,26.67642333073091],[89.34848667789564,26.676219298257173],[89.3498598404019,26.676070235925227],[89.35040933079952,26.675433941789926],[89.35064952802303,26.675145695340568],[89.35132860528103,26.674705789830373],[89.35195362812648,26.67456909552817],[89.35230994890003,26.674310508723355],[89.35274937979146,26.674185910036226],[89.35294834424307,26.674336028724003],[89.35284651721179,26.674513692494145],[89.35275732433013,26.674817489268328],[89.35259950583787,26.675203642761556],[89.35268137432169,26.675766313137572],[89.35288150640702,26.676462390244428],[89.35340322719732,26.676431182716577],[89.35463160809758,26.676325083903837],[89.35558699902893,26.6761332598053],[89.35672519262306,26.675794004297117],[89.3572391026714,26.67562754589962],[89.35835217358482,26.675532354245707],[89.35822836232872,26.674397334602762],[89.35822652264329,26.673819802475496],[89.35882279783625,26.67375123955711],[89.35892107930297,26.6736458255772],[89.35871346818955,26.6733198838117],[89.35859603976819,26.673227078203958],[89.35846011328005,26.672967627502697],[89.35842535575914,26.672498935383544],[89.35871210631288,26.67227758686999],[89.35927564171618,26.67232688256172],[89.3599491705877,26.67235178779841],[89.36132133029469,26.67264482989348],[89.3633469413567,26.672719422487503],[89.3658178206256,26.672709860258248],[89.3657759638885,26.672142021339397],[89.36559742386267,26.67127865476264],[89.3661521159366,26.671143071464666],[89.36645447647626,26.67119217889573],[89.3667504190457,26.671173709881685],[89.36724875382033,26.670741256859557],[89.36735937474444,26.67026112048895],[89.36779942339471,26.67016805217119],[89.36762768406575,26.669877623475294],[89.36745585430903,26.66958268374412],[89.36735151770304,26.669151252300246],[89.36788629065855,26.66878136096148],[89.3684225510459,26.668483637246375],[89.36868770925854,26.66843409294358],[89.36962247109855,26.668463620223065],[89.36994638353335,26.668340898017103],[89.37024091858036,26.668254762643492],[89.37066029824936,26.66789129946659],[89.37104331757449,26.667469783883003],[89.37126970790217,26.66748856435362],[89.37146877480622,26.66764316669522],[89.37160612194995,26.667970262651853],[89.37199020352274,26.668085676819643],[89.37243666017079,26.668060170352174],[89.37303485255244,26.668086272646566],[89.37318537672505,26.6680792448537],[89.37319910795131,26.6677721874374],[89.37314990819922,26.667578985921526],[89.37317080850079,26.667375588496103],[89.37327259731504,26.667197912392513],[89.3731782127427,26.66700546559683],[89.3729840719031,26.66684627163343],[89.37288177268627,26.666514079086287],[89.37323103679587,26.666160805269516],[89.37364374282906,26.666203541223013],[89.3736586404119,26.66643792569758],[89.37370620612893,26.66703725063128],[89.37414633259593,26.667918793318044],[89.3745992092887,26.667960854686218],[89.37492105913003,26.667738887839047],[89.37518967073544,26.667856224810297],[89.37524473603176,26.66808993649659],[89.37558660053752,26.668106778870012],[89.37604078724208,26.668211985162316],[89.3761302509915,26.668409023740356],[89.37594673423696,26.668520386648467],[89.37579449055634,26.668929029890467],[89.37622722428466,26.669210568188653],[89.37659934348537,26.66874861112442],[89.37686481192513,26.668229780383726],[89.37774303048617,26.667470569531698],[89.37833990906404,26.66743350168976],[89.37909438945736,26.667488546462558],[89.38009011807485,26.666826621761718],[89.38016486381908,26.666798295926682],[89.38015070177096,26.666599997469415],[89.38001333321829,26.666272911380148],[89.3802463536289,26.665885472105426],[89.38083623513464,26.665753755192192],[89.38143235366385,26.665680590357383],[89.38170703149088,26.66536464443464],[89.38154189487298,26.6646680277281],[89.38198823954883,26.66463798173758],[89.3818100507052,26.664279996793233],[89.38174854821388,26.663978712742047],[89.38202040864904,26.66352744958214],[89.38239825678659,26.663101480292745],[89.38244720066707,26.66279834422881],[89.38265941675678,26.6626188094554],[89.3831107732796,26.66258867599978],[89.38348973251013,26.662699632673533],[89.3834415417475,26.663038854394514],[89.3837631656931,26.663290649746706],[89.38403430231091,26.66401255666939],[89.38525607348143,26.663838628503097],[89.38618126498152,26.66365162512239],[89.38657261154398,26.66339236896796],[89.38672757693074,26.662875378507888],[89.38706345014553,26.661881571266164],[89.38726875073816,26.66112910257375],[89.38808563362223,26.661047688293163],[89.38875843297328,26.66104088627896],[89.38938975459979,26.6609716097067],[89.39072692307691,26.660312895005074],[89.39213548533436,26.659707111895237],[89.39219676644895,26.659033769294147],[89.39218983609335,26.65846084334689],[89.39196139354716,26.65834286228477],[89.39136457019472,26.65837998455682],[89.3909875948208,26.658363769667098],[89.39057500998739,26.658325592957244],[89.38995739105269,26.65808781739391],[89.38984762627744,26.658604050146327],[89.38984234270067,26.65907340233087],[89.38960143390904,26.65932111257753],[89.38900460416353,26.659358224976483],[89.38839284816869,26.659160953323465],[89.38760534833585,26.659205778211323],[89.38750029359153,26.65874279128654],[89.38692311503615,26.658035058612523],[89.38658071787668,26.657991178222527],[89.3860992605817,26.65802182791354],[89.38559889672335,26.658350595781688],[89.3850295589778,26.659226491281995],[89.38472126466056,26.65961520137728],[89.38398118422474,26.660250303909887],[89.38361725070531,26.659895438803616],[89.38310011134698,26.658451198665016],[89.38308046759342,26.657747630320838],[89.38274821884053,26.657225280319615],[89.38225391205589,26.657120766917444],[89.38195299058464,26.657139349319568],[89.38154889581736,26.6572679539421],[89.38149418169937,26.657535089147345],[89.38156918514156,26.658003096806087],[89.38177673349696,26.658324493363178],[89.38187187348396,26.658553018441204],[89.38181232687361,26.658829259957486],[89.38153635184433,26.65908205661425],[89.3812970338467,26.658923630589726],[89.381247076468,26.658694347205003],[89.38085678166824,26.658520403360352],[89.38043627300758,26.65834245212403],[89.3802101100006,26.65784990285294],[89.37991507288815,26.6574261900685],[89.37945590763432,26.657321077712833],[89.37876865906269,26.657598806253084],[89.37845326824163,26.657888354628962],[89.37820656602109,26.658100045618337],[89.37790638951539,26.65815470487809],[89.37749305813703,26.6580804046935],[89.37732839359192,26.657889136994164],[89.37695718702413,26.65790888628866],[89.37661447416933,26.658334253467615],[89.37628656586193,26.65898949316283],[89.37608011230891,26.65920501969333],[89.3756545887515,26.65902713791664],[89.37507166572081,26.658766154896544],[89.37460392834853,26.65848970718341],[89.37405638350745,26.658724469106726],[89.37384313137908,26.658854374560207],[89.37333565094764,26.65908395225111],[89.37294396494752,26.658842325661116],[89.37254610174512,26.65805933885367],[89.3724275215403,26.657425100496717],[89.37248356362129,26.657221116256064],[89.37239839035145,26.656987904650684],[89.37220008845146,26.656869387358615],[89.37186969685875,26.656920026280787],[89.37138427556053,26.657487642507622],[89.37141972897247,26.657987904229746],[89.37119441588598,26.65850605532525],[89.37035597376885,26.658759195173698],[89.36936134220244,26.658987862858933],[89.3679540273399,26.659173770266133],[89.36600713070018,26.65949499439204],[89.36641931243626,26.6617036175479],[89.36646860506619,26.66238865072799],[89.3660645773904,26.663009040464743],[89.36502033468561,26.662539115214454],[89.36382251410222,26.661927347246273],[89.36202078111457,26.66149707735485],[89.36119364667529,26.661082170427743],[89.36042657529316,26.660657235801715],[89.35865105632047,26.661011610574906],[89.35651178030683,26.662238345130692]]]}},{"type":"Feature","properties":{"Village_Name":"Purba Satali","Village_Code":"307130","Block_Name":"Kalchini","District":"Alipurduar","Vill_Cat":"rural","State_LGD":"19","Dist_LGD":"328N002","Subdis_LGD":"2171"},"geometry":{"type":"Polygon","coordinates":[[[89.39299641174057,26.67730202176578],[89.39323457090823,26.67627071984497],[89.39281639171192,26.675727287566794],[89.39211601596469,26.675138974359328],[89.39173007324925,26.67445511864552],[89.39192958385081,26.673666644833176],[89.39212686581122,26.67325271650372],[89.39262717678213,26.67291941271642],[89.39324343213804,26.672606713456037],[89.39365650136939,26.67218463401962],[89.39410596437419,26.671581454276893],[89.39417423313155,26.6710027491087],[89.3942368222687,26.670392555633804],[89.39454501387488,26.669999315024505],[89.39484479071295,26.669443778470665],[89.39629206936819,26.66900424640601],[89.39696336024619,26.66940352121054],[89.39778081755905,26.669827396261223],[89.39828938297019,26.67013014517032],[89.3990165915498,26.67032090676841],[89.39959936909376,26.670089965859084],[89.40019419739502,26.669475287940053],[89.403610791306,26.669543836725055],[89.4061889615807,26.66938737026996],[89.40798686429817,26.66938396625389],[89.40884460768568,26.66933332109917],[89.41021471731698,26.66904837030033],[89.41035803368334,26.66893764715706],[89.41021404004904,26.66853851404163],[89.40979497283264,26.66843282337608],[89.4095885618912,26.66817011108171],[89.40940952350321,26.667776083431985],[89.40916380384688,26.667554647021625],[89.4087926734085,26.667578991051055],[89.40839634846586,26.667838391660716],[89.40798287716221,26.66823795714438],[89.40714048643532,26.668301872516256],[89.40630946656991,26.66771133246762],[89.40563475622908,26.666671440512932],[89.40584704100134,26.666018099963953],[89.40692414350772,26.665413272912243],[89.40777266964068,26.664685975849288],[89.40862336330976,26.664062414879368],[89.40927391381275,26.664191256091584],[89.4098377931358,26.66425839482147],[89.410343789409,26.66396103323381],[89.41058314264332,26.663641122354367],[89.41088625299703,26.663726219958967],[89.41132463299942,26.664034625093183],[89.4118462633337,26.664003206759336],[89.41221027277709,26.663879709458197],[89.41285378870418,26.663435616147453],[89.41500061375314,26.663074255727413],[89.41554708146361,26.662076812402923],[89.41546549177758,26.661541260278007],[89.41486544511791,26.65999478774781],[89.41733967693465,26.658969062524637],[89.41735003699006,26.657078316609812],[89.41611561386402,26.657121879198478],[89.41420766426054,26.657136271223305],[89.41200807347522,26.65689388725298],[89.41202605815154,26.656555173813487],[89.41128623440294,26.65647749245641],[89.4094555781502,26.656585262329106],[89.40883727737899,26.65679428183368],[89.40838586260625,26.656819984699162],[89.40815816602583,26.656259830045045],[89.40810256867418,26.655525296891824],[89.40772239034355,26.65439919886537],[89.40768829803741,26.6534928410157],[89.40749443008977,26.652390656862465],[89.40628723188479,26.6522937940991],[89.4056363381248,26.653581749296514],[89.40506891195564,26.653582332479196],[89.40360150122797,26.654008748116983],[89.40305383454961,26.65471288078864],[89.40290331097663,26.655198224851404],[89.40269114107403,26.655377787069963],[89.402465434523,26.655390628979788],[89.40232082805836,26.65495990997865],[89.40223656718366,26.65429353960895],[89.40194221799648,26.65390596080245],[89.40171509814243,26.653851143055732],[89.4014635253075,26.654067466531774],[89.40077711381524,26.654381381572698],[89.39943922809071,26.65499958756106],[89.39772019124145,26.65564226481937],[89.39739752853826,26.656301970761927],[89.39735220934179,26.656776510845965],[89.39615943485535,26.656891390949944],[89.39506947919293,26.657360987296727],[89.39414200234593,26.65743528120856],[89.3942894078688,26.658001326287685],[89.3943629565877,26.65839715557346],[89.39441946687182,26.658698516287462],[89.3941506149802,26.659050484122826],[89.3929051002918,26.659527198899212],[89.39213548533436,26.659707111895237],[89.39072692307691,26.660312895005074],[89.38938975459979,26.6609716097067],[89.38875843297328,26.66104088627896],[89.38808563362223,26.661047688293163],[89.38726875073816,26.66112910257375],[89.38706345014553,26.661881571266164],[89.38672757693074,26.662875378507888],[89.38657261154398,26.66339236896796],[89.38618126498152,26.66365162512239],[89.38525607348143,26.663838628503097],[89.38403430231091,26.66401255666939],[89.3837631656931,26.663290649746706],[89.3834415417475,26.663038854394514],[89.38348973251013,26.662699632673533],[89.3831107732796,26.66258867599978],[89.38265941675678,26.6626188094554],[89.38244720066707,26.66279834422881],[89.38239825678659,26.663101480292745],[89.38202040864904,26.66352744958214],[89.38174854821388,26.663978712742047],[89.3818100507052,26.664279996793233],[89.38198823954883,26.66463798173758],[89.38154189487298,26.6646680277281],[89.38170703149088,26.66536464443464],[89.38143235366385,26.665680590357383],[89.38083623513464,26.665753755192192],[89.3802463536289,26.665885472105426],[89.38001333321829,26.666272911380148],[89.38015070177096,26.666599997469415],[89.38016486381908,26.666798295926682],[89.38009011807485,26.666826621761718],[89.37909438945736,26.667488546462558],[89.37833990906404,26.66743350168976],[89.37774303048617,26.667470569531698],[89.37686481192513,26.668229780383726],[89.37659934348537,26.66874861112442],[89.37622722428466,26.669210568188653],[89.37579449055634,26.668929029890467],[89.37594673423696,26.668520386648467],[89.3761302509915,26.668409023740356],[89.37604078724208,26.668211985162316],[89.37558660053752,26.668106778870012],[89.37524473603176,26.66808993649659],[89.37518967073544,26.667856224810297],[89.37492105913003,26.667738887839047],[89.3745992092887,26.667960854686218],[89.37414633259593,26.667918793318044],[89.37370620612893,26.66703725063128],[89.3736586404119,26.66643792569758],[89.37364374282906,26.666203541223013],[89.37323103679587,26.666160805269516],[89.37288177268627,26.666514079086287],[89.3729840719031,26.66684627163343],[89.3731782127427,26.66700546559683],[89.37327259731504,26.667197912392513],[89.37317080850079,26.667375588496103],[89.37314990819922,26.667578985921526],[89.37319910795131,26.6677721874374],[89.37318537672505,26.6680792448537],[89.37303485255244,26.668086272646566],[89.37243666017079,26.668060170352174],[89.37199020352274,26.668085676819643],[89.37160612194995,26.667970262651853],[89.37146877480622,26.66764316669522],[89.37126970790217,26.66748856435362],[89.37104331757449,26.667469783883003],[89.37066029824936,26.66789129946659],[89.37024091858036,26.668254762643492],[89.36994638353335,26.668340898017103],[89.36962247109855,26.668463620223065],[89.36868770925854,26.66843409294358],[89.3684225510459,26.668483637246375],[89.36788629065855,26.66878136096148],[89.36735151770304,26.669151252300246],[89.36745585430903,26.66958268374412],[89.36762768406575,26.669877623475294],[89.36779942339471,26.67016805217119],[89.36735937474444,26.67026112048895],[89.36724875382033,26.670741256859557],[89.3667504190457,26.671173709881685],[89.36645447647626,26.67119217889573],[89.3661521159366,26.671143071464666],[89.36559742386267,26.67127865476264],[89.3657759638885,26.672142021339397],[89.3658178206256,26.672709860258248],[89.36643403337872,26.67409385905238],[89.36661372335669,26.675498668296832],[89.36979428176696,26.675558422198492],[89.37144234724096,26.67558956308845],[89.37246635035795,26.67580257719338],[89.3728553878691,26.675913391735754],[89.37307612040584,26.67590067807025],[89.37357575654912,26.675531352094637],[89.37465356154806,26.675432110789522],[89.37469621342554,26.676036029151273],[89.37499967213796,26.676622048093755],[89.37676323037583,26.676651194163256],[89.37830037953879,26.676661550695247],[89.37813692119677,26.67798184072994],[89.37791170059859,26.67850451277273],[89.37798792735347,26.67903115929099],[89.37942266311187,26.67918760666726],[89.38121990461299,26.679143936513817],[89.38191444879772,26.678969847303478],[89.38226409362773,26.678634592828544],[89.38319846483286,26.678641472096757],[89.38372613716416,26.678172372588303],[89.38440368247238,26.67766465846623],[89.3848833414259,26.67706099735661],[89.38488427660657,26.676623302099078],[89.38584537445375,26.676467278016062],[89.38599704260702,26.67699716286965],[89.38624357831239,26.67677643687809],[89.38648359983794,26.676966424641638],[89.38664813152536,26.677631456847724],[89.38720488929785,26.67759502334995],[89.38741096034137,26.676878639010656],[89.38865281190317,26.676938969206578],[89.38951063014738,26.676888437503802],[89.39006170333488,26.676820503276765],[89.39043930390892,26.676863779660618],[89.39050585945336,26.677164972662595],[89.39033662122051,26.67747916000062],[89.39045307052122,26.678005120007782],[89.39027441473966,26.67859019505369],[89.39266363187875,26.678513851399426],[89.39294899569958,26.677507346597057],[89.39299641174057,26.67730202176578]]]}},{"type":"Feature","properties":{"Village_Name":"Panbari","Village_Code":"307313","Block_Name":"Alipurduar - II","District":"Alipurduar","Vill_Cat":"rural","State_LGD":"19","Dist_LGD":"328N002","Subdis_LGD":"2174"},"geometry":{"type":"Polygon","coordinates":[[[89.67252021521243,26.60497709798085],[89.6721366032263,26.602940556126825],[89.67523986529453,26.601934785482154],[89.67666363515237,26.601222237562904],[89.67602054244594,26.598820641682458],[89.67392691985917,26.59856676015495],[89.67387244961408,26.597087983450923],[89.6740472300885,26.596403447878494],[89.67543415045294,26.596697692185174],[89.6754375294909,26.595980286423515],[89.67492534913288,26.595967360199218],[89.67446430308175,26.595132361565415],[89.67378785068387,26.59517665898757],[89.67370250510152,26.595606864084058],[89.67285560264403,26.59565887256692],[89.6724603667563,26.59420002987652],[89.67316918577338,26.593821273639946],[89.67408568964254,26.593957442856226],[89.67446212163063,26.592881118982234],[89.67334956219453,26.59251403354822],[89.67316641106618,26.593054354163353],[89.67215023523607,26.593163676755907],[89.67215693365449,26.5917243525851],[89.67111190386669,26.591455234317998],[89.66946384684947,26.59223058134387],[89.6687371727051,26.593137512577908],[89.66684514245338,26.592915831110183],[89.66677105900904,26.59339996195914],[89.6641558631037,26.593372263923534],[89.66362980706172,26.591676724042852],[89.66075901790535,26.59209588437745],[89.66070687400477,26.592011138855945],[89.65999954148782,26.590937064977897],[89.65973052224423,26.59153988132334],[89.65944405326492,26.592181792589436],[89.65857013046485,26.594140008451333],[89.65855390569787,26.594176363922873],[89.65649254300372,26.599736194121196],[89.65606434217808,26.60089105416084],[89.65993628337775,26.60316925101362],[89.65983016211375,26.604439000654807],[89.65947569263199,26.6062547878141],[89.65919251906129,26.610501002261056],[89.6615598864248,26.609996528147953],[89.66312630938327,26.610883057123644],[89.66425132930844,26.60831743729769],[89.66404364982877,26.60780249361973],[89.67074324859514,26.607771572923994],[89.67085467715482,26.60479183005553],[89.67252021521243,26.60497709798085]]]}},{"type":"Feature","properties":{"Village_Name":"Kartika Tea Garden","Village_Code":"307154","Block_Name":"Kumargram","District":"Alipurduar","Vill_Cat":"rural","State_LGD":"19","Dist_LGD":"328N002","Subdis_LGD":"2172"},"geometry":{"type":"Polygon","coordinates":[[[89.74034232918771,26.63713808655149],[89.73989524661167,26.636338425445945],[89.7374097801889,26.63411864918585],[89.73624513393534,26.634065152214802],[89.73491517840581,26.63396508300446],[89.73344691795266,26.63412193327957],[89.73188189814951,26.63338493132491],[89.73098413978803,26.632543569316066],[89.73031672373043,26.630281577830303],[89.72957058667889,26.62539294977053],[89.72930249266392,26.624695542594843],[89.727899447836,26.624280341128657],[89.72633045142166,26.62399686848157],[89.72635306101203,26.62450050762777],[89.72035997124206,26.624511567932043],[89.7203542567536,26.627024566501138],[89.72056101945161,26.638078217642843],[89.71250398967126,26.637880356459267],[89.69786152386736,26.637513972984454],[89.69276638471815,26.63752941110298],[89.69017113695216,26.637537963329205],[89.69001799915449,26.645995473432375],[89.6899403011153,26.651031810650238],[89.68981573162202,26.655139659353065],[89.68968771111032,26.65845805470445],[89.68956952716186,26.66026941374822],[89.69590985850972,26.660207842980988],[89.7003744322229,26.660452358803962],[89.70860140770728,26.660336286746496],[89.72118780365243,26.660479140878955],[89.72779622500562,26.66029370812778],[89.7357291233537,26.660064413823953],[89.73602798991698,26.65470359941104],[89.73637968338105,26.652188473187607],[89.73695283605781,26.64569902730081],[89.73671851899202,26.640506377957312],[89.73663832866816,26.637986034436892],[89.73662832833051,26.63756666350024],[89.74034232918771,26.63713808655149]]]}},{"type":"Feature","properties":{"Village_Name":"Rangamati Tea Garden","Village_Code":"307131","Block_Name":"Kalchini","District":"Alipurduar","Vill_Cat":"rural","State_LGD":"19","Dist_LGD":"328N002","Subdis_LGD":"2171"},"geometry":{"type":"Polygon","coordinates":[[[89.45850166511961,26.80874187228366],[89.45704938583104,26.804919633447618],[89.45439389818173,26.797930015406696],[89.45365737203308,26.796647855363457],[89.45155047832621,26.794532161300566],[89.44991320380315,26.79274218898778],[89.44905830494993,26.792030556229484],[89.44583508050309,26.79223969474275],[89.44406341352618,26.79261771831839],[89.43770663443564,26.793706437080125],[89.43105926514025,26.794849500062906],[89.43005872184018,26.795239019077055],[89.42698535769837,26.796435448228976],[89.42553932994646,26.795111145524668],[89.4228045184448,26.79252296661081],[89.42182757131165,26.791501919997163],[89.42058304325678,26.791848072819537],[89.41982050702713,26.79168965282664],[89.4193229062045,26.790985258496352],[89.4186953676117,26.789606277961266],[89.41715616834882,26.78909563683073],[89.41255168656387,26.786516589768546],[89.41049280447557,26.784963420693014],[89.40922636206471,26.78403293506476],[89.41247780130095,26.783499292199906],[89.41350143802548,26.78317051604884],[89.41355330583988,26.781820531491114],[89.41371585627769,26.779999407363402],[89.41407852140955,26.77789512476197],[89.41431752955268,26.777074369790785],[89.41354578052963,26.776713026188347],[89.41124302290456,26.775980694594036],[89.40984538572032,26.775259997477686],[89.40810497011768,26.774017202813123],[89.406220263531,26.773796563265744],[89.40540216430628,26.772903536427055],[89.40524252874386,26.771769207816522],[89.40530389943277,26.77062661266933],[89.40530127778736,26.76954827448738],[89.40485979687483,26.768635309445855],[89.40402599696748,26.767471813804484],[89.402592341483,26.765271688300963],[89.40326171298948,26.771279433866848],[89.40373478446965,26.77464643175571],[89.40485488355033,26.78056528826548],[89.40619272841445,26.787504661780215],[89.40684039149461,26.793178836093873],[89.40497072049611,26.79416265873958],[89.40133556797235,26.795591530397747],[89.4014705948448,26.79746625502557],[89.40341905832277,26.79949970209188],[89.40346173685361,26.801046611211028],[89.40406895468864,26.80218235850323],[89.40599930782206,26.805971254817806],[89.40845207945887,26.808776625189285],[89.41086211635174,26.810982573693163],[89.41378796496288,26.81403244899909],[89.41622095520458,26.816598863721243],[89.41774373144416,26.818923605729353],[89.4201398952114,26.820931083017093],[89.42281017858903,26.822581882029727],[89.42500772136577,26.823992573767047],[89.42631645170343,26.82546359855606],[89.4282149793218,26.82581904665657],[89.43036176038213,26.82649506618441],[89.43201488935334,26.827603667186526],[89.43360568293909,26.82885319119181],[89.43418232862267,26.829948700802646],[89.44649585353464,26.83409455154323],[89.44671642711111,26.833902816176447],[89.44807535942019,26.832702568005235],[89.44919489387257,26.83174077299698],[89.45000825560466,26.831034281766364],[89.45024252004085,26.83077620782634],[89.45008542606901,26.830299079305746],[89.44988401321147,26.82967253168089],[89.4495917180632,26.828780803488105],[89.449211729674,26.827699033778554],[89.44883175299438,26.82644184503663],[89.44889025376303,26.82597406518921],[89.44913885854899,26.823265091855443],[89.44948986652483,26.821486296322647],[89.4497092311826,26.81993677356838],[89.4499269418373,26.81802352315271],[89.45143433352384,26.816501577308532],[89.4527369193295,26.814933656846836],[89.45303332528853,26.81463228796477],[89.45410954446292,26.813636540663218],[89.45599535468011,26.811516993533125],[89.4576693258248,26.809615976728544],[89.45850166511961,26.80874187228366]]]}},{"type":"Feature","properties":{"Village_Name":"Dima Tea Garden","Village_Code":"307140","Block_Name":"Kalchini","District":"Alipurduar","Vill_Cat":"rural","State_LGD":"19","Dist_LGD":"328N002","Subdis_LGD":"2171"},"geometry":{"type":"Polygon","coordinates":[[[89.47854944025552,26.665603294378247],[89.47763507042421,26.665686186757572],[89.47425890212736,26.665853338222547],[89.46906109831693,26.666083677190738],[89.46807735085186,26.666109801493096],[89.46376612968126,26.666234296287445],[89.45359924481127,26.666360689819253],[89.4510062200111,26.666518268627986],[89.4424290725017,26.66677884934656],[89.43784846107253,26.666992920210095],[89.43179204454265,26.667241147538498],[89.42908146119196,26.667305586975846],[89.4290213126429,26.667311128388434],[89.42912553471433,26.668437362872027],[89.42960222909811,26.66865481086165],[89.43069308619346,26.66917759050602],[89.43111891263511,26.669364320259177],[89.43146924233142,26.66954331593713],[89.43154689660173,26.669889415524104],[89.43137094532057,26.670118032113216],[89.43082434205274,26.670393601848243],[89.4305534792829,26.670646402370817],[89.43035935642453,26.670965569883776],[89.43037948643911,26.671204364664383],[89.43047181782225,26.67153216542144],[89.43095479151384,26.671808157670032],[89.4316384413954,26.6718370596923],[89.43228365024726,26.671947834246904],[89.4327082447935,26.672075922443636],[89.43314699898426,26.672397784498905],[89.433650695932,26.672939623705126],[89.43371799115098,26.67350698963812],[89.43356275300903,26.674001464869082],[89.43359896761639,26.67452424260082],[89.43406187930317,26.674800566991323],[89.43524063401279,26.67496534801475],[89.43565974334345,26.675070959927808],[89.43597773381458,26.675381348865397],[89.43606455094888,26.675921305032805],[89.43607433140991,26.676381366836928],[89.43614516232336,26.676641850717562],[89.43646594062999,26.677083038802458],[89.43644783945204,26.67741272924502],[89.43624870240396,26.677731990592385],[89.43594694488468,26.677949234557648],[89.435480458623,26.67821442460145],[89.43523670648267,26.67856152218579],[89.43523762933893,26.67884125409062],[89.43552512273351,26.679134117026617],[89.43594801494253,26.6798893982419],[89.43606726428577,26.68053708732741],[89.43616786933309,26.681252777033677],[89.43600521586568,26.681634579770616],[89.43603869794212,26.681791927275725],[89.43644420908599,26.68196544945113],[89.43690213711429,26.682241848306823],[89.43722015266468,26.682552231417837],[89.43737449411492,26.682960178003977],[89.4371581467048,26.683415096823673],[89.43669317781206,26.683752459378073],[89.43655601255038,26.684151873857257],[89.43655335818552,26.684499347083932],[89.44042733556543,26.68479826995158],[89.44860125771716,26.684878588602015],[89.45441248771944,26.685231931215434],[89.4627943855642,26.67810738570061],[89.47494618719041,26.669525324685843],[89.47845295310556,26.665798170082493],[89.47854944025552,26.665603294378247]]]}},{"type":"Feature","properties":{"Village_Name":"Satali Nakadala","Village_Code":"307124","Block_Name":"Kalchini","District":"Alipurduar","Vill_Cat":"rural","State_LGD":"19","Dist_LGD":"328N002","Subdis_LGD":"2171"},"geometry":{"type":"Polygon","coordinates":[[[89.40812936465888,26.62521688593006],[89.40726636207496,26.625240525642777],[89.40673684462551,26.62560595038487],[89.40658835011591,26.62618601758238],[89.40624508205764,26.626575360190046],[89.40607254916286,26.626727180313456],[89.40640328788716,26.62717730827947],[89.40643168093831,26.627573896229013],[89.40630771784338,26.627887332000213],[89.40579268373013,26.62798629181145],[89.40524414674753,26.627684236090076],[89.40481177347338,26.627894597595606],[89.40483360724583,26.628697389809496],[89.40480621083759,26.629306991829942],[89.40432172879811,26.629906277842558],[89.40377272544403,26.631021037166605],[89.40434256629779,26.631620537722036],[89.4045149663355,26.63242078204641],[89.40430262571591,26.633069610406267],[89.40416578014494,26.63324789849272],[89.40445297963974,26.633536329182306],[89.40471509805444,26.63358604058945],[89.40496281075684,26.633906722584076],[89.4047362746979,26.63435725741251],[89.4044281107548,26.634746002924125],[89.40431189437349,26.635190157888207],[89.40435325089867,26.63572640346752],[89.40440901599236,26.63599167557954],[89.40420407336818,26.636274894760547],[89.4035735626656,26.63637580227526],[89.4036901088339,26.63690626358866],[89.40364917518622,26.637349145855737],[89.40339622255624,26.637497811552112],[89.40325076298465,26.637504784103157],[89.40285407943472,26.637263323443648],[89.40276393949567,26.637034728758717],[89.4016247777001,26.637302150793197],[89.40123302176178,26.63705609040173],[89.40102035200847,26.636730296903394],[89.4002796963789,26.63684658747477],[89.39937404832686,26.637236388129594],[89.39853842576234,26.638094264869107],[89.39797008205919,26.63852799745375],[89.39774966002581,26.63903256569749],[89.39754610900236,26.63938343504874],[89.39687977938209,26.639453332509937],[89.3965580506262,26.639675342406765],[89.39661957382852,26.63997661858769],[89.39715396771564,26.640080408557907],[89.39778582643305,26.640042676600384],[89.39824634739743,26.640215390715635],[89.39833506782313,26.64037633148005],[89.39795810482985,26.640838419116786],[89.39726589069059,26.64111180325059],[89.3972811991199,26.642325312126598],[89.39738471524372,26.643194410656836],[89.39755723397661,26.64352088668397],[89.39706273876034,26.64388568899708],[89.39647242746867,26.64399040056674],[89.39578028414292,26.644268289158433],[89.39620027443601,26.645384731884803],[89.39622821159928,26.6462415695576],[89.39640073259126,26.646568046765715],[89.39671731420847,26.646819899088133],[89.39683474260477,26.64691267317353],[89.3969220538053,26.647005955484698],[89.39671848794195,26.6473568247677],[89.39647686348157,26.64756845872403],[89.39610654574315,26.647628850526992],[89.3958321925399,26.647475551962312],[89.39587417837573,26.64804337399247],[89.39586050469141,26.64835043086795],[89.39551070596386,26.648672178858313],[89.39526556374899,26.648956065056957],[89.39536856533424,26.649319812634438],[89.39549961347795,26.649583819889855],[89.39553309523829,26.649984836382806],[89.39555521825042,26.650322874896283],[89.39587880765782,26.650669365401292],[89.39622052426992,26.650681651081864],[89.39648136131363,26.650668226993833],[89.3964954020515,26.651340299692517],[89.39664261576296,26.65285840910703],[89.39594191540566,26.65296949517128],[89.39541374478458,26.653407055907305],[89.39557392207514,26.654103737353545],[89.39579219998325,26.654456515549136],[89.39617616070629,26.654567355288407],[89.39650794406055,26.65458431935941],[89.39616517119148,26.655483506265217],[89.39613905329391,26.656156256108215],[89.39615943485535,26.656891390949944],[89.39735220934179,26.656776510845965],[89.39739752853826,26.656301970761927],[89.39772019124145,26.65564226481937],[89.39943922809071,26.65499958756106],[89.40077711381524,26.654381381572698],[89.4014635253075,26.654067466531774],[89.40171509814243,26.653851143055732],[89.40194221799648,26.65390596080245],[89.40223656718366,26.65429353960895],[89.40232082805836,26.65495990997865],[89.402465434523,26.655390628979788],[89.40269114107403,26.655377787069963],[89.40290331097663,26.655198224851404],[89.40305383454961,26.65471288078864],[89.40360150122797,26.654008748116983],[89.40506891195564,26.653582332479196],[89.4056363381248,26.653581749296514],[89.40628723188479,26.6522937940991],[89.40749443008977,26.652390656862465],[89.40768829803741,26.6534928410157],[89.40772239034355,26.65439919886537],[89.40810256867418,26.655525296891824],[89.40815816602583,26.656259830045045],[89.40838586260625,26.656819984699162],[89.40883727737899,26.65679428183368],[89.4094555781502,26.656585262329106],[89.41128623440294,26.65647749245641],[89.41202605815154,26.656555173813487],[89.41200807347522,26.65689388725298],[89.41420766426054,26.657136271223305],[89.41611561386402,26.657121879198478],[89.4157725802697,26.656094442200494],[89.41543317919664,26.655477543435723],[89.41463224296292,26.654882025143742],[89.41393162760293,26.654519427667843],[89.41344451579499,26.65451868054693],[89.41279835487727,26.653879912546927],[89.41259213816275,26.65314794065787],[89.41222055081388,26.652193171143853],[89.41257692546671,26.65146969384625],[89.41247962969186,26.650663677745293],[89.41309614714821,26.649416888643046],[89.41309622400539,26.648943115435447],[89.4133965245512,26.648419121559375],[89.41384662934593,26.64737820157991],[89.41379602423358,26.646643587141302],[89.41437922046845,26.64643965771634],[89.41501050731955,26.645896499819006],[89.41596917547646,26.64516277770591],[89.41679743799224,26.64467492088375],[89.4174085478212,26.64436672587268],[89.41744749429063,26.643355351620464],[89.417221100372,26.642619217241087],[89.41811097831409,26.641958845869436],[89.4183781972225,26.641534672927918],[89.41839768459825,26.641268126422407],[89.41772716595887,26.64090051917068],[89.41695077371672,26.640512148617063],[89.41639996409728,26.64010640181096],[89.41635143965149,26.63947101930924],[89.416380101754,26.638924566721148],[89.41623480481157,26.638462289438486],[89.4160406604875,26.638303154170494],[89.41566394307354,26.638296021870673],[89.41547181770102,26.638709889534887],[89.41528914791782,26.6388573815017],[89.4147239703497,26.638722598597454],[89.41444459690419,26.638569421066748],[89.41434012555095,26.638138033019302],[89.41502590513566,26.637323224302392],[89.41546280074324,26.63637276793016],[89.41596361859838,26.635597196246785],[89.41632342611504,26.634801458858966],[89.41665312893365,26.634245375342644],[89.41692469211524,26.63378954646918],[89.41588261169157,26.632940937554828],[89.41444101534273,26.631715575800868],[89.41335455592596,26.63066465419649],[89.41244840733556,26.62935347168196],[89.41269364640738,26.628600297407925],[89.41300242995479,26.628243110109615],[89.41318584594235,26.628131705681508],[89.41330979020985,26.62781826466721],[89.41288509568881,26.62767657409757],[89.41235719077443,26.627640412774387],[89.41189670473769,26.62746774122549],[89.41156727079168,26.627080775386307],[89.41135392917056,26.626723423571324],[89.41093568071038,26.62664929983048],[89.41071003314288,26.626662150776973],[89.4103138459712,26.626921547572977],[89.40896147115495,26.626831668324],[89.40882341788918,26.62647303638984],[89.40875401750365,26.62603653557717],[89.40878906113896,26.62555314319533],[89.40812936465888,26.62521688593006]]]}},{"type":"Feature","properties":{"Village_Name":"Uttar Latabari (CT)","Village_Code":"307150","Block_Name":"Kalchini","District":"Alipurduar","Vill_Cat":"partly_urban","State_LGD":"19","Dist_LGD":"328N002","Subdis_LGD":"2171"},"geometry":{"type":"Polygon","coordinates":[[[89.410343789409,26.66396103323381],[89.4098377931358,26.66425839482147],[89.40927391381275,26.664191256091584],[89.40862336330976,26.664062414879368],[89.40777266964068,26.664685975849288],[89.40692414350772,26.665413272912243],[89.40584704100134,26.666018099963953],[89.40563475622908,26.666671440512932],[89.40630946656991,26.66771133246762],[89.40714048643532,26.668301872516256],[89.40798287716221,26.66823795714438],[89.40839634846586,26.667838391660716],[89.4087926734085,26.667578991051055],[89.40916380384688,26.667554647021625],[89.40940952350321,26.667776083431985],[89.4095885618912,26.66817011108171],[89.40979497283264,26.66843282337608],[89.41021404004904,26.66853851404163],[89.41035803368334,26.66893764715706],[89.41021471731698,26.66904837030033],[89.40884460768568,26.66933332109917],[89.40798686429817,26.66938396625389],[89.4077978996997,26.67138603577136],[89.40747753509075,26.672393157172152],[89.40774724088236,26.673994895045496],[89.40799158903589,26.67725751752647],[89.40842650109984,26.676920756786373],[89.40986422672326,26.67602552399954],[89.410909373128,26.67533096427941],[89.41259898399579,26.675189461057276],[89.41688959876356,26.67501722160441],[89.42018212335695,26.674911502461377],[89.4203620676229,26.675346107274958],[89.42055753059948,26.677941734514597],[89.42070819004333,26.682694898886396],[89.42059870246497,26.68511975305648],[89.42233175162065,26.685126284235853],[89.42429544641327,26.68487617993223],[89.43029143536003,26.68457511484361],[89.43411815192172,26.68454112849972],[89.43655335818552,26.684499347083932],[89.43655601255038,26.684151873857257],[89.43669317781206,26.683752459378073],[89.4371581467048,26.683415096823673],[89.43737449411492,26.682960178003977],[89.43722015266468,26.682552231417837],[89.43690213711429,26.682241848306823],[89.43644420908599,26.68196544945113],[89.43603869794212,26.681791927275725],[89.43600521586568,26.681634579770616],[89.43616786933309,26.681252777033677],[89.43606726428577,26.68053708732741],[89.43594801494253,26.6798893982419],[89.43552512273351,26.679134117026617],[89.43523762933893,26.67884125409062],[89.43523670648267,26.67856152218579],[89.435480458623,26.67821442460145],[89.43594694488468,26.677949234557648],[89.43624870240396,26.677731990592385],[89.43644783945204,26.67741272924502],[89.43646594062999,26.677083038802458],[89.43614516232336,26.676641850717562],[89.43607433140991,26.676381366836928],[89.43606455094888,26.675921305032805],[89.43597773381458,26.675381348865397],[89.43565974334345,26.675070959927808],[89.43524063401279,26.67496534801475],[89.43406187930317,26.674800566991323],[89.43359896761639,26.67452424260082],[89.43356275300903,26.674001464869082],[89.43371799115098,26.67350698963812],[89.433650695932,26.672939623705126],[89.43314699898426,26.672397784498905],[89.4327082447935,26.672075922443636],[89.43228365024726,26.671947834246904],[89.4316384413954,26.6718370596923],[89.43095479151384,26.671808157670032],[89.43047181782225,26.67153216542144],[89.43037948643911,26.671204364664383],[89.43035935642453,26.670965569883776],[89.4305534792829,26.670646402370817],[89.43082434205274,26.670393601848243],[89.43137094532057,26.670118032113216],[89.43154689660173,26.669889415524104],[89.43146924233142,26.66954331593713],[89.43111891263511,26.669364320259177],[89.43069308619346,26.66917759050602],[89.42960222909811,26.66865481086165],[89.42912553471433,26.668437362872027],[89.4290213126429,26.667311128388434],[89.42900195137831,26.667108416442726],[89.42886910164913,26.66534195581476],[89.42897109190436,26.6647040094691],[89.43149189426023,26.664218690297815],[89.43166688095587,26.663944969713217],[89.43177569258665,26.66339263496633],[89.4317372980471,26.663239881956205],[89.43163861296554,26.662849021737514],[89.43129604880042,26.662561602103494],[89.43104987251047,26.662556792078192],[89.4305974417529,26.662298323303485],[89.43042016206611,26.66199002409428],[89.43051090748838,26.66058521665077],[89.43051540281805,26.66032343995639],[89.4304700798908,26.66008056370023],[89.43033420645527,26.659830212068993],[89.4300891395113,26.659166618719006],[89.42991659926835,26.658844701184208],[89.43001848591587,26.65820224399535],[89.43011554127585,26.657568892597936],[89.4301062699082,26.657131380432013],[89.43001390982906,26.65656443879241],[89.43013697031327,26.65621039209222],[89.43055868544184,26.655968548877137],[89.43072955018481,26.65597464952593],[89.43096447635426,26.656160135669428],[89.43112458485679,26.656369463651544],[89.43133976810215,26.65633419542701],[89.43132465993585,26.6560953142262],[89.43121059051253,26.65592580816632],[89.43129124245836,26.655703336220338],[89.4313220778123,26.655499765043068],[89.43124506021725,26.65541986586637],[89.43097542600123,26.65501839417295],[89.43096175418601,26.654847169744276],[89.43094655140115,26.65460377749698],[89.43105947295622,26.65424539123029],[89.43105607911369,26.653848386993356],[89.43103499791873,26.65356448696146],[89.43084305467661,26.653274486556608],[89.43041121971534,26.653038222930615],[89.42993688482211,26.6529290233367],[89.42965004983773,26.652663205157427],[89.42963494733974,26.65242432283292],[89.42961520682385,26.65220356895568],[89.42956769245144,26.65185695132839],[89.42935525278611,26.651310110852307],[89.42912302388682,26.65077714478832],[89.42908182656286,26.650254447468697],[89.42907949178549,26.64990705726892],[89.42922291507614,26.649566198932153],[89.42769380782103,26.64991720629579],[89.4242949619984,26.65113485168913],[89.4226026437386,26.651605905066734],[89.42052486673607,26.652372281008848],[89.4196270544167,26.652897442917645],[89.41929684977808,26.652478929713936],[89.41950320557592,26.652263346625073],[89.41952468784214,26.652091520803776],[89.41918670764623,26.65154228896118],[89.41812991597014,26.651433941740397],[89.41741077423774,26.651383011048317],[89.41693059723889,26.651472398446476],[89.4165811046651,26.65132944497264],[89.41650956060447,26.65079372065407],[89.41648311578005,26.65049186022383],[89.41611128402589,26.650480135047612],[89.4157229676367,26.650401009167744],[89.41524146405487,26.65042724354479],[89.41468485439333,26.650463778128383],[89.41428298795852,26.650217929838345],[89.41390404789304,26.650107054024257],[89.41377430794445,26.650384496615562],[89.41341159611717,26.65104491466589],[89.41321309657006,26.651395719239495],[89.41257692546671,26.65146969384625],[89.41222055081388,26.652193171143853],[89.41259213816275,26.65314794065787],[89.41279835487727,26.653879912546927],[89.41344451579499,26.65451868054693],[89.41393162760293,26.654519427667843],[89.41463224296292,26.654882025143742],[89.41543317919664,26.655477543435723],[89.4157725802697,26.656094442200494],[89.41611561386402,26.657121879198478],[89.41735003699006,26.657078316609812],[89.41733967693465,26.658969062524637],[89.41486544511791,26.65999478774781],[89.41546549177758,26.661541260278007],[89.41554708146361,26.662076812402923],[89.41500061375314,26.663074255727413],[89.41285378870418,26.663435616147453],[89.41221027277709,26.663879709458197],[89.4118462633337,26.664003206759336],[89.41132463299942,26.664034625093183],[89.41088625299703,26.663726219958967],[89.41058314264332,26.663641122354367],[89.410343789409,26.66396103323381]]]}},{"type":"Feature","properties":{"Village_Name":"Dakshin Mandabari","Village_Code":"307126","Block_Name":"Kalchini","District":"Alipurduar","Vill_Cat":"rural","State_LGD":"19","Dist_LGD":"328N002","Subdis_LGD":"2171"},"geometry":{"type":"Polygon","coordinates":[[[89.41672327836137,26.59796671805551],[89.41753272958697,26.59683846882345],[89.41756659940093,26.596300949870002],[89.41685848792257,26.595803109716062],[89.41586393203595,26.595526712150136],[89.41541671806321,26.59454614755208],[89.41568252437688,26.594058836132806],[89.41613009449519,26.59410087000568],[89.41698709594382,26.59451947892352],[89.41775606102699,26.594808726202643],[89.41858598461414,26.594893887302923],[89.4189425723324,26.594666731435584],[89.41900996612088,26.594530221199097],[89.41899718072388,26.594399586601515],[89.41874943085139,26.594074413990224],[89.41843296039495,26.593822601429284],[89.41815822062682,26.59316850040682],[89.41795864607809,26.5925086086613],[89.41808055533535,26.592100445229285],[89.41852158297073,26.59207038900202],[89.41871196850167,26.592531902248705],[89.4196468799651,26.593075509972213],[89.41986730606801,26.594010283821014],[89.4203340092705,26.59424599980689],[89.42084110641399,26.594016278506473],[89.42109410036356,26.593398325115956],[89.42151162668387,26.592967079512903],[89.42180735006453,26.592948509698996],[89.42211103650273,26.593069680228304],[89.42272673268695,26.593230657972253],[89.42263980815085,26.594107489738516],[89.42291466916024,26.594766091363322],[89.42352545413456,26.594931661169745],[89.42409482166049,26.59456099206597],[89.42414145278637,26.59415410666907],[89.42403131766284,26.59369123440957],[89.42396270189397,26.592817052515638],[89.42421282359362,26.592063778857494],[89.42475364396245,26.591292015400363],[89.42527493704756,26.59126057073023],[89.4257496050036,26.59163600949387],[89.42634605962695,26.59159876679659],[89.42713453089925,26.591147643783437],[89.42660487982076,26.59006925799775],[89.42603715214422,26.58956455686413],[89.42482842897621,26.589364066043238],[89.4239701116367,26.5888823570312],[89.42390794507497,26.588075745308995],[89.42392604997268,26.587267767484192],[89.4234528311132,26.586959978777948],[89.4227733751557,26.586867769089093],[89.42192920232657,26.586579826408514],[89.41999451320997,26.586698470906143],[89.41954077067008,26.585645834960427],[89.41858660573375,26.5848995034774],[89.41856586629117,26.58462912807103],[89.41898479667965,26.584265549476754],[89.41940741274729,26.58383873684016],[89.41979640520951,26.58300640306173],[89.42092217161087,26.582129951995828],[89.42145630681495,26.582233668705605],[89.42187642029192,26.582880779662386],[89.42276075800446,26.58269426694137],[89.4238291483162,26.581954134642114],[89.42370339087579,26.581225312013192],[89.42292152986563,26.580796436115325],[89.42187401782242,26.580859385525947],[89.41974630700359,26.58038570428127],[89.41940094923578,26.578758182372304],[89.41903277875603,26.57676105106841],[89.41963058287084,26.576791499040365],[89.42080388713762,26.577461906625405],[89.42355025075096,26.575145570401414],[89.42275279933517,26.574450740811233],[89.42153168763888,26.57317653551997],[89.42157974889727,26.57283730794173],[89.42034421962047,26.572307838531362],[89.42007587563515,26.571716798743665],[89.41866791332585,26.57086085903976],[89.41803537314158,26.569414181596414],[89.41629194318226,26.568112697687333],[89.41719566863787,26.567181391581205],[89.41706486519843,26.56644813270782],[89.41742790447559,26.566293068013817],[89.41799178392502,26.566861047254896],[89.41858678953226,26.566760699061863],[89.41891621878446,26.56620010886496],[89.41935594556043,26.567067993486805],[89.42163523330767,26.56617193828086],[89.42169250462464,26.56460073976375],[89.42085740651825,26.56449762412133],[89.4214950496243,26.56380093636354],[89.42163523238554,26.562354667547332],[89.42076919337462,26.561972324511522],[89.41951307620661,26.56188989372653],[89.4189352168066,26.56161093433848],[89.41885153191846,26.5604933431799],[89.42010497967541,26.56044948544189],[89.42007287190661,26.55963784518514],[89.4194444939167,26.559580840214668],[89.41922455811007,26.559381530348475],[89.41938085201502,26.557745477703026],[89.42011511480983,26.55782775733147],[89.42023981764827,26.55707662175071],[89.41978831077822,26.556601494210884],[89.4165862302992,26.556073796769486],[89.4156545795583,26.555669971136744],[89.41507609912254,26.55535941875408],[89.4146807312321,26.555167587442337],[89.41474348155482,26.554570918716674],[89.41535234554043,26.553937916597608],[89.4162410219343,26.55372882030129],[89.41804145042303,26.553215465098123],[89.41977515922908,26.55310931474544],[89.42013701626693,26.552900120548234],[89.42081507562138,26.551264223932737],[89.42104195350403,26.55012330684898],[89.42045609134789,26.549221808808795],[89.41960208291519,26.548929492059333],[89.41793051766194,26.54984225797522],[89.41661756551831,26.550153316993942],[89.4161582436967,26.55026037584549],[89.41533346953663,26.55040521663836],[89.41462848587675,26.55076009355217],[89.41380039447851,26.55089541912353],[89.41367349627458,26.55091615652708],[89.41318739003258,26.55094244160511],[89.41264572937257,26.551190762085657],[89.41267429204645,26.55159637302624],[89.41341966283501,26.55221093597088],[89.41370268260147,26.552788208682976],[89.41388539772846,26.553367181752307],[89.41392787190723,26.553957554252257],[89.41342555300538,26.554647403853366],[89.4125713108167,26.55482431443631],[89.41184595599475,26.554926842594185],[89.41153440856195,26.55538333505562],[89.41151242662058,26.55601089769479],[89.41209769407246,26.55688537040305],[89.41271109502202,26.557186319231747],[89.4126463333946,26.558166555298158],[89.41241492938326,26.558856323545054],[89.41202583679521,26.560162417126918],[89.41205191166722,26.56140733172503],[89.41215673651594,26.562339572906094],[89.41243957550165,26.563386114888875],[89.41257773711287,26.563753770829795],[89.41239516752412,26.56414039801183],[89.41210603370187,26.56447017169206],[89.41133650568256,26.564862226540892],[89.41032005905711,26.565204312510044],[89.40909170871988,26.565491318206593],[89.40839589130931,26.565809916776622],[89.40776070148085,26.566628337682683],[89.4075693486913,26.567795712494377],[89.4077181450776,26.568912213244754],[89.40837992767479,26.569844062166823],[89.40958373875394,26.571019415217634],[89.41070618174508,26.57214198916964],[89.41127032801309,26.57320181560237],[89.41171426255681,26.574990132744354],[89.41198849356988,26.577300220414923],[89.41210705383305,26.578886488715245],[89.41313570650765,26.580078308979246],[89.41356731452841,26.580797446612838],[89.41317847130632,26.581638787160756],[89.41184096316968,26.584147653241093],[89.41073259745089,26.5856193448345],[89.41049128769865,26.58655744821467],[89.41068151535585,26.587731896302905],[89.41031253308275,26.587846438144688],[89.40922727272395,26.587788110322208],[89.40885790104184,26.590280559100755],[89.40877424138759,26.592037202297256],[89.40820105210895,26.592227390722822],[89.40839694964868,26.59343333134258],[89.40841656826477,26.59508895897456],[89.40875524525612,26.59592248461273],[89.40792881272773,26.596004156499824],[89.40698223280863,26.596340537109175],[89.40662475105142,26.596766214730778],[89.40659452465192,26.59724050243819],[89.40725519571386,26.597391762065953],[89.40728366944366,26.59779286238141],[89.40717600224298,26.598403824525008],[89.4072123274517,26.598940155418518],[89.40732883692381,26.599470618160563],[89.40773977289638,26.59991939048107],[89.40784351187142,26.60031921566529],[89.40796134994767,26.600912824543077],[89.40842825018282,26.6011576006243],[89.40910135101869,26.601182299994687],[89.40998585539025,26.60099585674705],[89.4113008213846,26.600513334476535],[89.41261075745957,26.600030886313824],[89.41521781247567,26.59893532060992],[89.41672327836137,26.59796671805551]]]}},{"type":"Feature","properties":{"Village_Name":"Shrinathpur Tea Garden","Village_Code":"307285","Block_Name":"Alipurduar - II","District":"Alipurduar","Vill_Cat":"rural","State_LGD":"19","Dist_LGD":"328N002","Subdis_LGD":"2174"},"geometry":{"type":"Polygon","coordinates":[[[89.61700307190756,26.547916551616805],[89.61704606567778,26.548484240168648],[89.61797946761783,26.548719744429878],[89.61858244324195,26.54920495143393],[89.61882100961893,26.549769043519024],[89.62088359996142,26.550024365566937],[89.62214643577677,26.55018610241675],[89.62218955960901,26.55075829818945],[89.6214869444829,26.55118631139336],[89.62137411687999,26.551959893151764],[89.62185610056231,26.553078953102048],[89.62221122780387,26.55325288317132],[89.62249890767133,26.553328797244525],[89.62312485656486,26.552617952454543],[89.62327250205288,26.552272341763736],[89.62362138159867,26.55239224303812],[89.62360842928004,26.55292486534794],[89.62400157552226,26.553666567943882],[89.62437822527542,26.554124335047213],[89.62435185719501,26.554508316940854],[89.62460713135499,26.554923202348004],[89.62465641573134,26.555544911198286],[89.62484115854488,26.55572648674001],[89.62519004901574,26.555846383220867],[89.62565417673754,26.555959643114374],[89.62620943984264,26.55654946179357],[89.62706829366043,26.556592271871235],[89.62880232420939,26.556294081393293],[89.6304934774467,26.556095918569333],[89.63172756826683,26.555874602167986],[89.6328630466981,26.555948358689072],[89.63349536818126,26.5574932021328],[89.63459404591033,26.55771199930547],[89.63580181284597,26.55787462792856],[89.6360438018212,26.55814536156108],[89.63522493477622,26.558534989033888],[89.63547307387744,26.55885523828285],[89.63743177331797,26.559166372670898],[89.63903748239838,26.559398299514825],[89.63855747434661,26.558374018302345],[89.63724310919045,26.555966566676947],[89.6371984291141,26.554672538274666],[89.63723921860966,26.55294831652239],[89.63720433547216,26.550986376318363],[89.6377642989067,26.550903819269713],[89.63804695382638,26.54944581951984],[89.63844777776832,26.547890884485646],[89.63810460348788,26.54714378780541],[89.63724946840397,26.54638361248423],[89.63663550411799,26.54651679415855],[89.63541957197307,26.54467596494849],[89.63462201057949,26.544677182627257],[89.63335681067349,26.542214628183924],[89.6323926711032,26.541510574152397],[89.63018836288457,26.539435295907793],[89.63057236368815,26.538458186716134],[89.63016448738051,26.538389018234895],[89.62900630375874,26.53951125418331],[89.62838632068936,26.539599392894313],[89.6278011743087,26.54011550032894],[89.62668338408498,26.54037072336517],[89.62537400071028,26.544766719960695],[89.62452353740146,26.544868115045137],[89.62427060352027,26.54521566560834],[89.62446362873543,26.545541465342257],[89.62379459541667,26.545680119485215],[89.62357504570379,26.545070568152003],[89.62272846234092,26.545122251842777],[89.62204258436721,26.544300209114127],[89.62185659368501,26.54340128585371],[89.6209932902691,26.542496779884193],[89.62045143578757,26.54205106314536],[89.62046826051841,26.540805514142885],[89.61998976197204,26.540498494098998],[89.61953174159828,26.54043021714962],[89.61917939550351,26.539493741726243],[89.61833734397548,26.539301679668068],[89.61792027122412,26.53971088991294],[89.61750522944811,26.53954706941536],[89.61776308503332,26.539194927802175],[89.617392655737,26.538786653468254],[89.61688174145038,26.538818597909668],[89.61674012759822,26.539209209049957],[89.6166994044172,26.53940396204719],[89.61612616963636,26.539342301505936],[89.61609024831426,26.538864716163825],[89.61643467135671,26.538127487864156],[89.61698506677149,26.537183448463296],[89.61768546856841,26.5366607542624],[89.61708246435619,26.536171028356925],[89.6166579130208,26.535145635869906],[89.61702145042865,26.533925299364537],[89.61663159924879,26.53332337378878],[89.61606821599112,26.53258927941028],[89.61533784607383,26.53422240516042],[89.61390614511909,26.534790087746284],[89.61410942189647,26.538224312265086],[89.61371115052016,26.539684403517793],[89.6149399961084,26.541669581260393],[89.61642442110704,26.544746404726915],[89.61561232192402,26.54521249272705],[89.6150006846048,26.545449310041572],[89.61539272410144,26.54614594385819],[89.61612757123477,26.545812116272312],[89.61644408209918,26.545612298062355],[89.61677553629342,26.545628768116707],[89.6183008193134,26.546304569841904],[89.61940175768824,26.547290445302355],[89.61741444977781,26.547696940859407],[89.61700307190756,26.547916551616805]]]}},{"type":"Feature","properties":{"Village_Name":"Dakshin Shibkata","Village_Code":"307282","Block_Name":"Alipurduar - II","District":"Alipurduar","Vill_Cat":"rural","State_LGD":"19","Dist_LGD":"328N002","Subdis_LGD":"2174"},"geometry":{"type":"Polygon","coordinates":[[[89.60018328633387,26.532374712506506],[89.60062861257686,26.5345502888772],[89.60000740158455,26.534584184672024],[89.60027592641504,26.53514776834636],[89.60044834643493,26.53589808914293],[89.60052730655097,26.536952404610375],[89.6010392399965,26.536965618979007],[89.60126138784925,26.536140419237878],[89.60236684331,26.535781849820914],[89.60345198594473,26.535856772854242],[89.60332837826101,26.536824550867532],[89.60401885555649,26.536969845244933],[89.605266105046,26.53689290263823],[89.60516256914896,26.53786031474657],[89.60545531695793,26.537940684761615],[89.60627314200622,26.537506132661704],[89.60662094130431,26.537580981726304],[89.60664966589538,26.537963956500718],[89.60626112469156,26.538083858170932],[89.6058940475065,26.538487608964203],[89.60596137061066,26.538581124505388],[89.60668442486859,26.538391938080746],[89.60708840153953,26.538510875511555],[89.60700794196259,26.538945477089484],[89.60640224686449,26.53922275371162],[89.60630645340977,26.539423023861676],[89.60656050571102,26.53978834130914],[89.60732047062007,26.540121840631762],[89.60697895730269,26.540768760961143],[89.60746920274102,26.540931236217485],[89.60783746317944,26.541244830405223],[89.60762736683937,26.541492311727716],[89.60663096600149,26.5417947876586],[89.60735261095209,26.5430945044361],[89.60875690532228,26.542861253492198],[89.6090672517244,26.54327516337943],[89.60848802957362,26.54383620540562],[89.60894009452018,26.54452724927021],[89.60964998397738,26.544198423271947],[89.61047629658651,26.544580317295026],[89.61058157258955,26.545241615902547],[89.61076627634262,26.545423212770416],[89.61161287313038,26.5453715988686],[89.61225683103059,26.546338841086655],[89.61346773607954,26.546645985979502],[89.61338290627269,26.546223438198147],[89.61318869050321,26.545180276154415],[89.61327721132596,26.544880876563326],[89.61374026206317,26.544949080632485],[89.6150006846048,26.545449310041572],[89.61561232192402,26.54521249272705],[89.61642442110704,26.544746404726915],[89.6149399961084,26.541669581260393],[89.61371115052016,26.539684403517793],[89.61410942189647,26.538224312265086],[89.61390614511909,26.534790087746284],[89.61533784607383,26.53422240516042],[89.61606821599112,26.53258927941028],[89.61439375309159,26.531298068448173],[89.6138674322528,26.530649007613256],[89.61372614802737,26.529726689989428],[89.61366937647408,26.52899231451979],[89.61384056611622,26.52835752879384],[89.6148040965747,26.52749615444761],[89.61510153824423,26.526678581485687],[89.61457770097336,26.525474530688243],[89.61451305291229,26.52461397154346],[89.61368219427044,26.52336140680874],[89.61365386252042,26.522996473369396],[89.61377061099193,26.522615344606223],[89.61425312188406,26.522218483963083],[89.61415593281603,26.52191346689164],[89.61364366075071,26.52188225568924],[89.61284225448526,26.521928531678196],[89.61167538909756,26.522004058884992],[89.6112955132236,26.52183957166242],[89.61074847839309,26.521380369180726],[89.61032607583502,26.520666223032862],[89.60981391131936,26.52063950763866],[89.60879213115706,26.5206988182771],[89.60819188700033,26.52054737879985],[89.60816357372659,26.520182443303728],[89.60943809315293,26.51954551582408],[89.60939403791377,26.51892820986259],[89.60884845261931,26.51853213658137],[89.60734701378964,26.51800465981655],[89.60677435521997,26.517297760951802],[89.60694577639353,26.51667200136298],[89.60799999845291,26.51605265140868],[89.60987744824531,26.515688932910717],[89.61050501840326,26.515275893995774],[89.6107181788491,26.514279401848803],[89.61080518411684,26.51347020096918],[89.6118436132467,26.512598456561047],[89.6125610114591,26.51150248785621],[89.61222661410494,26.510908550189868],[89.61090947483693,26.5109868173604],[89.61023644818516,26.51071941120317],[89.61005785355428,26.51036173924799],[89.61047158137116,26.510029316973302],[89.61125716770205,26.50973068981506],[89.61123017778765,26.509424383175688],[89.61089711944132,26.50888906993297],[89.61015811041989,26.50880785338037],[89.60879156065512,26.509139664857504],[89.60674923524539,26.510192169410125],[89.60570710973175,26.51001270009337],[89.60517517313406,26.510663093758605],[89.60408062255901,26.511716288644212],[89.60312777287331,26.511715642324713],[89.60336511503615,26.51089918688174],[89.60316580518783,26.51028922337609],[89.60145794989049,26.51194464055436],[89.59939901215719,26.511819770217546],[89.59956842917627,26.513107054447655],[89.59893798236452,26.513393768188454],[89.59875489897381,26.514394212068158],[89.59964907427822,26.51557353481309],[89.60009086708058,26.516039215404387],[89.5996644182926,26.516254535705976],[89.59874537020687,26.51575243665078],[89.5991960673276,26.516836073911787],[89.59854649760773,26.516942663994605],[89.59774653274758,26.517051991517416],[89.59723013124336,26.517950225281847],[89.59746044594164,26.519046907522444],[89.59733863214501,26.519428117755478],[89.59667966751108,26.519340864352127],[89.59606951472274,26.51807965005636],[89.59547714907883,26.51805434266227],[89.59545737795972,26.51873598510858],[89.59625309855905,26.51955166462288],[89.59559839472935,26.519653824160674],[89.5968512562011,26.52161619568287],[89.59857670906096,26.523181922902644],[89.59934046710083,26.522576951919834],[89.59884160642929,26.52180550822322],[89.59983491743108,26.521372309566864],[89.60015509468143,26.521781553526733],[89.60143622020914,26.5212122503601],[89.60168140536385,26.52163188345703],[89.60141923133689,26.52201565898204],[89.60223063920718,26.523079163590733],[89.60274006727312,26.522984137874396],[89.60310387554037,26.524881464956437],[89.60362249836462,26.524971251240714],[89.60415123593845,26.526175259427383],[89.602784461801,26.52650702836682],[89.60282332125196,26.527562075663194],[89.60418781984212,26.527573242134242],[89.60488062074333,26.528490005517106],[89.60416477626221,26.528773796011915],[89.60448109691201,26.52923272740737],[89.6050471258773,26.529199823171354],[89.60488405832088,26.529974316858038],[89.60349194107529,26.529629791797287],[89.60279537648525,26.529434974271418],[89.60270775236424,26.529774958359106],[89.60386456476246,26.530805069542254],[89.60377684106399,26.531140543635257],[89.60290173305354,26.53081363576688],[89.60253588617763,26.53127149584993],[89.60199629089111,26.530920407542958],[89.60174331252489,26.531267922222778],[89.60149257169712,26.531714654011626],[89.60098669332338,26.531746448375433],[89.60086658285819,26.532425408023617],[89.60018328633387,26.532374712506506]]]}},{"type":"Feature","properties":{"Village_Name":"Paschim Chepani","Village_Code":"307302","Block_Name":"Alipurduar - II","District":"Alipurduar","Vill_Cat":"rural","State_LGD":"19","Dist_LGD":"328N002","Subdis_LGD":"2174"},"geometry":{"type":"Polygon","coordinates":[[[89.6558024386018,26.4769877510018],[89.65328661590473,26.476587895265784],[89.65055447452701,26.47724774860357],[89.64765656559841,26.47767601921085],[89.64395102497346,26.478741816068137],[89.6443463747873,26.47958720377808],[89.64614268471091,26.480090795593018],[89.64628903595637,26.48100846955263],[89.64497239171466,26.481091535636303],[89.64508120018262,26.483435608113076],[89.6424772748538,26.48291538373577],[89.6428870021821,26.483512363882436],[89.64383435217763,26.484379108089986],[89.64436706290958,26.48465347279386],[89.64439557389449,26.485022904567693],[89.6417735480548,26.485247437576305],[89.64168387651435,26.485930367222775],[89.64210920527658,26.486770693281787],[89.64313054364072,26.486706657128007],[89.6449774120378,26.48590994877494],[89.64595105751279,26.48529634870073],[89.64560101048014,26.48643076735856],[89.64575517074377,26.48747011245934],[89.64663540851957,26.48846891841501],[89.64712650308896,26.489114003077027],[89.6472435336501,26.490063800664057],[89.6462686213808,26.489748023796068],[89.64519668621944,26.489136266174185],[89.6444928705804,26.48949220500849],[89.64475093955546,26.490033337211102],[89.64556102585333,26.491033449212463],[89.64620774907766,26.49278101794532],[89.64695715873937,26.493976248151625],[89.64622862243618,26.49500489949594],[89.64524339673643,26.493583941437254],[89.64462120389308,26.4931262616576],[89.64443842910723,26.494559861665778],[89.64450326116302,26.495420395347505],[89.64400292075003,26.49656210920418],[89.64436470483322,26.497471278294956],[89.64458639408582,26.500363680529134],[89.64607837617261,26.500701453139627],[89.64740594207316,26.500866305200734],[89.64835357012224,26.50129987960364],[89.64824966771941,26.50179809590322],[89.6477389355779,26.501830137745632],[89.64619882999509,26.501800072289925],[89.64527316385839,26.502105995636523],[89.64520066439309,26.5030999139322],[89.64590580123402,26.503673353303657],[89.64656458830709,26.503755872881698],[89.64757190941089,26.50351158893532],[89.64946844184021,26.50246574542709],[89.64986246111873,26.502810336068997],[89.64985593008933,26.503618049979014],[89.64929988774055,26.504079550453824],[89.64768593062294,26.504984796182786],[89.64759127805837,26.505667818984534],[89.6487193956069,26.506098036982774],[89.65105543793705,26.506938913588847],[89.65206686754225,26.50774574315137],[89.6520188805732,26.508057941403315],[89.65085210637484,26.50812926789835],[89.65061221120583,26.50881950395182],[89.65164283856808,26.509806444886355],[89.65155866163296,26.511599148768898],[89.65211371009194,26.512184365942026],[89.6517273073531,26.512827700940814],[89.65163278022412,26.513515233891884],[89.65331159667873,26.514336705216575],[89.65421144206667,26.514649306484777],[89.65496880509048,26.51596163451461],[89.65285546113049,26.516091213477306],[89.65267803725028,26.516662986352024],[89.6536373628566,26.51672634077826],[89.65610977375744,26.516508850058404],[89.65749703616349,26.515991223446452],[89.65803127986074,26.517194899929585],[89.66091581976546,26.51658163798104],[89.65952313889852,26.515123290959327],[89.6595477415028,26.51357984400269],[89.65977549535552,26.511712277474285],[89.65974889939777,26.506641662690747],[89.66269143354666,26.50485877721234],[89.66265667793729,26.504656401687157],[89.66231246297998,26.50277695389082],[89.66363078382943,26.502756846631804],[89.66328841536209,26.501175136974773],[89.66412461341775,26.50112342431588],[89.66373518202616,26.497936443846204],[89.66150926607662,26.497517810997213],[89.66180849911851,26.495707559322195],[89.66013116380796,26.495811040479055],[89.65901847749294,26.493652650311912],[89.65805298441528,26.493530784870103],[89.65784782660745,26.492677388471993],[89.65845175986288,26.49103290706884],[89.6599530203027,26.491559855897176],[89.66037906981995,26.488506531802965],[89.65825050791713,26.48838830350643],[89.65797309289152,26.48766258062828],[89.656742833288,26.487798289186525],[89.65636426104801,26.485725452953933],[89.65757234711432,26.48571648838519],[89.65766828277219,26.48509209009927],[89.65890988532395,26.48501481448513],[89.65860938730529,26.485900192557192],[89.66096310951764,26.486000683664848],[89.66095915946674,26.484087807334593],[89.66258044747723,26.484170350665693],[89.66249516253261,26.485038182796753],[89.66393131080788,26.48557082102103],[89.66495641647408,26.483715427539483],[89.66520617598968,26.482154237282835],[89.66481447067572,26.48082158840985],[89.66439181652,26.480103103657935],[89.66430192173175,26.47794369217272],[89.66213362177706,26.477397644097795],[89.66224246152221,26.47689932916722],[89.66108237487644,26.477029248033137],[89.6587509252288,26.47723512767098],[89.6558024386018,26.4769877510018]]]}},{"type":"Feature","properties":{"Village_Name":"Khatopara","Village_Code":"307276","Block_Name":"Alipurduar - II","District":"Alipurduar","Vill_Cat":"rural","State_LGD":"19","Dist_LGD":"328N002","Subdis_LGD":"2174"},"geometry":{"type":"Polygon","coordinates":[[[89.604804950572,26.47869027426295],[89.60104200312,26.479232655416304],[89.59956070094975,26.479575475525888],[89.59888238473602,26.479732210287622],[89.59898950847673,26.481151479393823],[89.5980508862727,26.481326486961244],[89.59880474640704,26.48252192379396],[89.59729965319205,26.48292381027628],[89.59724425238772,26.48224353528038],[89.59606358666032,26.482134179064296],[89.59580717741643,26.481656080104326],[89.5939159344358,26.481830340478332],[89.59359159634377,26.482346072628864],[89.59114040427895,26.482368048694717],[89.59152543811466,26.485004986927116],[89.5914326636713,26.48668055930617],[89.59028160722599,26.4869992430264],[89.58952935324699,26.487662602906543],[89.5901822865905,26.488607257499318],[89.59099844665124,26.489675274404735],[89.5925206514853,26.49137113451757],[89.5933459153779,26.492619442560567],[89.59440989765113,26.49310993010298],[89.59643155166687,26.49181434882599],[89.597986314812,26.491163411012888],[89.60146930356592,26.490639730596897],[89.60177943557098,26.48993925749744],[89.60273220767532,26.489944436216557],[89.60261957232504,26.489396051146144],[89.60429049310211,26.489230203243167],[89.60359477018902,26.487726938518033],[89.60281819858412,26.48530473664424],[89.60340395878075,26.485266977579368],[89.60313965496408,26.484662707613587],[89.60387207220458,26.484680924671878],[89.60468964203207,26.48580748550655],[89.60534689060482,26.48582706701485],[89.6046218985809,26.483024943168086],[89.60621358205128,26.48268456408794],[89.60584500975533,26.480791829688943],[89.6054908192091,26.480870486722655],[89.604804950572,26.47869027426295]]]}},{"type":"Feature","properties":{"Village_Name":"Salsalabari","Village_Code":"307277","Block_Name":"Alipurduar - II","District":"Alipurduar","Vill_Cat":"rural","State_LGD":"19","Dist_LGD":"328N002","Subdis_LGD":"2174"},"geometry":{"type":"Polygon","coordinates":[[[89.57998463863957,26.46708100349363],[89.58028880053986,26.470152593438332],[89.57846504286145,26.470199087778475],[89.57664920852062,26.47037626012655],[89.57409451175415,26.470467476031825],[89.57215761460272,26.471513054501102],[89.57262136543318,26.471852110177537],[89.57320474576666,26.47373657956592],[89.57350681457139,26.475820128840944],[89.5742177667703,26.476452503271126],[89.57437799452593,26.479594384042986],[89.57373491551952,26.47975938802106],[89.57403125159148,26.482709314670895],[89.57478543405789,26.48302958409115],[89.57502776031198,26.487153564635133],[89.5728333468024,26.487229251045505],[89.5734420624905,26.49047132443414],[89.57406622365065,26.491479744394827],[89.57521172722119,26.49203207499016],[89.5777610623102,26.4928026742217],[89.57823275065239,26.493267893704285],[89.57871217290902,26.493854790766235],[89.5778405337038,26.49681227256219],[89.57798206354549,26.49865957317785],[89.58093285784335,26.499436383379784],[89.58156535364881,26.501933518277102],[89.5833066818616,26.501766630361573],[89.58405122037036,26.500977106276498],[89.58510609632118,26.501282840665905],[89.58559332839016,26.501991388835037],[89.58684740562725,26.50111591083881],[89.58808285444279,26.500976188075537],[89.58962942084824,26.50106993203027],[89.5909207622891,26.50073967327799],[89.5910844082421,26.499987738175687],[89.59073729734523,26.499267641105114],[89.5904468833062,26.499286451915943],[89.58901161236288,26.49968248385928],[89.58793049284517,26.499995374850187],[89.58705924306055,26.500051788239578],[89.58662922947742,26.499211364242562],[89.58709606825019,26.49856221663483],[89.5883928251129,26.497803260106167],[89.59041673953165,26.497495806347704],[89.59053866169259,26.497119110191402],[89.59048328605105,26.496438830773343],[89.59109534556134,26.495782522768536],[89.59174500999524,26.49568499448182],[89.59302423776077,26.496158043858834],[89.59398349657873,26.496226325753764],[89.59500141140849,26.49511143860757],[89.59485675204093,26.494252314305417],[89.59440989765113,26.49310993010298],[89.5933459153779,26.492619442560567],[89.5925206514853,26.49137113451757],[89.59099844665124,26.489675274404735],[89.5901822865905,26.488607257499318],[89.58952935324699,26.487662602906543],[89.59028160722599,26.4869992430264],[89.5914326636713,26.48668055930617],[89.59152543811466,26.485004986927116],[89.59114040427895,26.482368048694717],[89.59121901565041,26.480507748165554],[89.5907672503227,26.479365434607125],[89.59002503217583,26.478237415436833],[89.58873230275394,26.476704289346266],[89.58866659380111,26.475785067088307],[89.58900379025089,26.4753954440287],[89.58969224142166,26.47479641401176],[89.58927789988698,26.474203857899468],[89.58871702334602,26.473559816924606],[89.58804492287352,26.472425999425266],[89.58799328495753,26.471686993482482],[89.58807292209309,26.471437398691954],[89.58828929934359,26.47080181710407],[89.58856209676397,26.46955160171594],[89.58979078307199,26.469348839386388],[89.59147430040927,26.46930925903496],[89.59208895473499,26.46877472540026],[89.59213389966237,26.46697819863483],[89.59228124416059,26.465053482210397],[89.59372240621865,26.464715986964453],[89.59553820829568,26.46454311497246],[89.5956254174736,26.463738424567474],[89.59494901005523,26.463529642178926],[89.593601414202,26.463120996665698],[89.59301998097298,26.462229192595082],[89.59299728574749,26.46099336185321],[89.59207599591466,26.4603694115742],[89.59104500526715,26.459323332596124],[89.59053158240452,26.457437676276022],[89.59031284098144,26.456399409143877],[89.58868975984394,26.455323443747847],[89.58672051623543,26.454456762527524],[89.5857122368729,26.454646475774375],[89.58468019407323,26.455567532194546],[89.58382685311278,26.456859832843524],[89.58381331102251,26.45760002254868],[89.5837062587646,26.459090872417136],[89.5831869684507,26.46097720112002],[89.5826223896289,26.46218305842288],[89.58184986733755,26.46260761046232],[89.58091367190185,26.462886227506814],[89.58223494088199,26.463913596440392],[89.58176448229997,26.466417162778733],[89.57998463863957,26.46708100349363]]]}},{"type":"Feature","properties":{"Village_Name":"Alipurduar (M)","Village_Code":"801642","Block_Name":"Alipurduar - II","District":"Alipurduar","Vill_Cat":"Fully_Urban","State_LGD":"19","Dist_LGD":"328N002","Subdis_LGD":"2174"},"geometry":{"type":"Polygon","coordinates":[[[89.52407924754272,26.507970460095148],[89.52411984165325,26.507961765116008],[89.52417120790575,26.507961266898743],[89.52424299924783,26.5079546238817],[89.52435694089829,26.507934372360122],[89.52445721170854,26.507917394136065],[89.52455961222108,26.507911455259737],[89.52463580309303,26.507908277870097],[89.5247052428274,26.507907972617623],[89.52479372132962,26.507901601394188],[89.524933576762,26.50788330286034],[89.5250550191043,26.507871298431272],[89.52511900498511,26.507872549238712],[89.52523369210105,26.50786341711138],[89.52535903550572,26.507847464962808],[89.52552277641217,26.507820611903114],[89.52565208028803,26.50779491368551],[89.52576438803001,26.507754603095208],[89.52580174535436,26.50774723670183],[89.52592611749898,26.507734824514166],[89.52597771742859,26.50772273123419],[89.52601916549267,26.50771122876434],[89.5260730568953,26.507689904207897],[89.52614345088591,26.507681752737113],[89.5262752465097,26.507671510235784],[89.52640541914379,26.50765875993718],[89.52649524640982,26.507652249337777],[89.52658678483087,26.50764954059425],[89.52669427271402,26.507645904286335],[89.5267768499089,26.507639814971522],[89.52683451117716,26.507631271164918],[89.52689849433631,26.50763015908896],[89.52706809329372,26.507620315037514],[89.52722239777901,26.50759836525646],[89.52735103260453,26.507584403654654],[89.52743523148852,26.507580818978656],[89.52753648555739,26.507571044584452],[89.52766648264348,26.50755570564661],[89.5277039280025,26.507549633020624],[89.52776158807842,26.507541088016573],[89.52783221384624,26.507530492049252],[89.52791993600329,26.507518717871108],[89.52804361089137,26.507495945072925],[89.52813410432454,26.507477695628534],[89.5281975671131,26.507468814375773],[89.52824379914769,26.50746353159044],[89.52827425299887,26.50746176430289],[89.52832356147748,26.507458904279133],[89.52840126280138,26.507445297963528],[89.52847035169691,26.507433489305395],[89.52853311764449,26.507414249909218],[89.52862642357631,26.507394537477847],[89.52866993020197,26.50739201247091],[89.52872460319558,26.507382342163506],[89.52878908009848,26.507366901796416],[89.52883342667387,26.50736203512993],[89.52885083082877,26.507361026119593],[89.52885396010294,26.507407640301665],[89.52886271762158,26.507451327964073],[89.52886842832797,26.50751469065985],[89.5288739958231,26.50753256601795],[89.52887811388321,26.507550525097304],[89.52888078148781,26.50756856796013],[89.52888165087217,26.50758151740862],[89.52889377457443,26.507588612109632],[89.52892097976715,26.507581835066546],[89.52900456896764,26.507569185827066],[89.52912490863773,26.507540105449618],[89.52919185123169,26.507518022194997],[89.52927944367326,26.507499940580114],[89.52936396288615,26.507479438718292],[89.52946187973677,26.507463358318393],[89.52950042649019,26.507452022502935],[89.52964532928253,26.507429067171394],[89.52976389797078,26.507416988075693],[89.52981329258397,26.50741542192857],[89.52985653743751,26.507409011906134],[89.52988296141875,26.507390581306137],[89.52988702120341,26.507364347429327],[89.52989468219177,26.50728331184196],[89.52990176199732,26.507215306736242],[89.52990710105979,26.50712140652434],[89.52991609518568,26.507081887893786],[89.52992398482914,26.507047633129766],[89.52992644425105,26.506970986617716],[89.5299473592108,26.506848885106994],[89.52996279254272,26.506775196401286],[89.52998019771013,26.506709192478002],[89.5299963194765,26.50665893385693],[89.53000186691926,26.50664164196393],[89.5300335986047,26.506572206195028],[89.53007841101784,26.506485731841412],[89.53011413972489,26.506417925323987],[89.53014961915146,26.50634641399569],[89.53018393747843,26.506257604864718],[89.5302438386629,26.506153715976673],[89.53028256490045,26.506094252435272],[89.53033566405273,26.50598054533556],[89.53039517847705,26.50589130549896],[89.53048511863048,26.50577820361483],[89.53053819369055,26.50572313199072],[89.5306075392507,26.50565021711075],[89.53067978580349,26.505577137346275],[89.53076114638432,26.505515250949728],[89.5308139329029,26.505467928039057],[89.530860443555,26.50542239877895],[89.53094897250287,26.50533588244783],[89.53101751290168,26.505285543765833],[89.5310447491065,26.505262547961813],[89.53108479401783,26.505215965669464],[89.53112334150805,26.505170897751277],[89.53112872444264,26.50513203780689],[89.53112691102014,26.50510501708001],[89.53106772612277,26.50505705363087],[89.5309461681121,26.504961312712204],[89.53079654851044,26.50482865267051],[89.53075475199124,26.504784206380062],[89.53066196165469,26.504688224237288],[89.53055767167851,26.504540085112264],[89.53041993712898,26.50439388490786],[89.53035358616916,26.504310644722974],[89.53029853728958,26.50426017440124],[89.53026795603238,26.504233395513342],[89.53026840455009,26.50421623646366],[89.53034813832332,26.504213039281904],[89.53051802089436,26.50421888617145],[89.53057376808725,26.504215651323317],[89.53065331012466,26.50420960838983],[89.53074467111746,26.504212874056762],[89.53086037851772,26.50420189554958],[89.53095135611049,26.504199470821405],[89.53105377152728,26.504200667011897],[89.53117491578777,26.504195065893125],[89.53125474416845,26.504193288357218],[89.53133157996933,26.50419454127086],[89.53141656817967,26.50419817566627],[89.53151850437003,26.50419225939942],[89.53168679582683,26.504198197408208],[89.5318159434469,26.504199269544856],[89.53201025983424,26.504187992254668],[89.53222913457131,26.504185283477533],[89.53235196870878,26.504181009829495],[89.53236967925764,26.50418283715934],[89.53249525890081,26.50418415483069],[89.53258426204441,26.50417613403255],[89.5326671809336,26.504172748852557],[89.53276752400478,26.504166926130623],[89.53286656025813,26.504165460652207],[89.53294966975406,26.504164919143456],[89.53305358149879,26.50416459968303],[89.53317829317666,26.5041644986839],[89.53343821777963,26.504156542381846],[89.53363798041636,26.504154941632727],[89.53379632939775,26.50415574322176],[89.53388300673049,26.504160706540365],[89.53395425028808,26.504165359217257],[89.53400419666306,26.50417102566854],[89.53403595833622,26.504167754343015],[89.53408698756127,26.50414195038298],[89.53416455572305,26.50413030774955],[89.53425037134951,26.50412247114295],[89.53432354248517,26.504116796377083],[89.53450288418541,26.504120661156815],[89.53461775230032,26.50411684843997],[89.5347387652206,26.50411842527477],[89.53482684493974,26.504120449873277],[89.53492588113295,26.504118983092376],[89.53504132239607,26.504123703293043],[89.53512940110394,26.50412572778353],[89.53522525094519,26.504124445909664],[89.53534817873059,26.504121591913467],[89.53543494875163,26.50412797460267],[89.53558934168751,26.504122033710424],[89.53571930918605,26.5041287644392],[89.53581337407337,26.50412473008669],[89.53587530106647,26.50411827943738],[89.53589485884235,26.504100011114634],[89.53589661126202,26.504078494837625],[89.53588042872535,26.50402803764427],[89.5358501352469,26.503934141976313],[89.53581818530539,26.503863185370648],[89.53576747793176,26.503781006182223],[89.53575639213643,26.503758807355382],[89.53575091404839,26.503724860407363],[89.53572269024318,26.50363798354723],[89.53569399021255,26.503543996179047],[89.53566231494517,26.503502070371734],[89.53563444383276,26.503467996847245],[89.53563260003138,26.503462777219504],[89.5356245688063,26.503440016957413],[89.53563457050065,26.503422302871105],[89.5356679221212,26.503418939763034],[89.53578935094664,26.503417600830673],[89.53592960606414,26.503410884824852],[89.53611117364397,26.50340770099316],[89.53634062069676,26.503395804723677],[89.53641331188727,26.503383017751545],[89.53654961670914,26.503365110183083],[89.5366386169125,26.503357086281568],[89.53670672143653,26.503347422392395],[89.53677810705472,26.503338994366306],[89.5368320677199,26.50333300524131],[89.53699683888891,26.50331199685884],[89.53710727733542,26.503289878198093],[89.53723928187574,26.503279358039755],[89.53739695951032,26.503270200029093],[89.53748277340407,26.50326236262467],[89.53756072033045,26.503256408811772],[89.53765937320783,26.50324925089324],[89.53773384821008,26.50323921638482],[89.53781310255171,26.503228902279307],[89.53790388661174,26.503223630734382],[89.53812140057765,26.50320640044615],[89.5383073644617,26.503189889860266],[89.5384729087773,26.50317884617173],[89.53859009915766,26.503162046643478],[89.53879348670705,26.503143095494575],[89.539005529427,26.50311934484102],[89.53909414676754,26.5031056319721],[89.53915830038521,26.503084774237166],[89.53919114002483,26.50305002976297],[89.53920560099239,26.50300350539881],[89.53920805260263,26.502944827306138],[89.53920164734863,26.502849546533852],[89.53920743637207,26.50272767337012],[89.5392061873055,26.50259561426],[89.5391946054941,26.50249139992659],[89.53918473767607,26.502390762320616],[89.53916908241733,26.502248645087153],[89.53916792189298,26.502207405788546],[89.53919159641944,26.50219649636894],[89.5392632010233,26.502195061549802],[89.53939434453322,26.50219425522062],[89.53949044458648,26.502194122260875],[89.53957517859666,26.502183751235744],[89.53967796627848,26.502169608458438],[89.53986958208357,26.502144477785738],[89.54000653039563,26.502139247413435],[89.54010548781442,26.502136223450837],[89.5402461125693,26.502140314697886],[89.54036172836838,26.502146035961974],[89.54048894966144,26.502154991147126],[89.5406084845354,26.502163031762255],[89.54071531249656,26.502163636144683],[89.54079478760522,26.502165829350147],[89.54086712240166,26.502175250307502],[89.54094848124221,26.502182782249125],[89.54104306257697,26.502182736401675],[89.541102601488,26.502183364274924],[89.54116955587865,26.502180836235418],[89.54128721268299,26.50218647928013],[89.54141908426875,26.50219652605226],[89.54147977774093,26.50219163693795],[89.54155290197453,26.502190112021786],[89.54161860985684,26.502191744880367],[89.54169872415335,26.502203435563157],[89.54178847220902,26.50219958260997],[89.54186159556214,26.50219805944686],[89.54192237798745,26.50219452702013],[89.54198410182603,26.502194174165563],[89.54204373080674,26.502196159395176],[89.5420838805144,26.502203361274024],[89.54211895257693,26.50222584161105],[89.54212238884415,26.502254247335877],[89.54212914081927,26.502354655688876],[89.5421320320642,26.502443027992424],[89.54214182447042,26.502543259070286],[89.54215102893504,26.50268122674739],[89.54216255488811,26.50280723824591],[89.54218140426063,26.502928736204566],[89.54218739537055,26.502995134660377],[89.54220728227264,26.503155519829573],[89.54221096413873,26.50323294920781],[89.54222093876348,26.503335894592286],[89.54223340113082,26.503454798711015],[89.54224240321685,26.50356597346457],[89.54225487014347,26.50366060036804],[89.54227289425414,26.503701779200366],[89.54230973421195,26.503773195772176],[89.54234414884445,26.503825091987196],[89.54236840325238,26.503845476548655],[89.54241256352088,26.503844272785052],[89.54253823502293,26.503830158422257],[89.54263853141217,26.503824331256517],[89.54279280165186,26.50380446827801],[89.54290336779252,26.50379259357702],[89.54296567382748,26.503788973334967],[89.54316423130052,26.503753898446472],[89.54330215059393,26.503740435073308],[89.54348198095846,26.503715000037467],[89.54361801624964,26.503696196692786],[89.54374359651038,26.50368072554651],[89.54397030694172,26.50365393912401],[89.5441160988077,26.503644103464765],[89.5442781493814,26.503626511692723],[89.5444089248876,26.503620271798066],[89.54449751942961,26.503621934156172],[89.54461383124965,26.503627433833106],[89.54462542773516,26.50362614341416],[89.54462564259978,26.50362355872467],[89.5446506499363,26.50339882142898],[89.54468304702311,26.503175628477116],[89.54472551512104,26.502956185905205],[89.54478001441846,26.50274255204795],[89.54484886527513,26.502536929157003],[89.54494795777511,26.502348479554595],[89.54513988037432,26.502206546410736],[89.54535875743139,26.50207730835112],[89.54551700788693,26.501916194993555],[89.54558749495152,26.501705027073157],[89.54561603030838,26.501468892412202],[89.54562581072975,26.501376759047744],[89.54571862419492,26.501387806014208],[89.54590337176558,26.501419401955406],[89.54610725591704,26.50144831584979],[89.54627028007661,26.501470199246647],[89.5464297003152,26.501490722704432],[89.54663293137297,26.501525669705472],[89.54679555438996,26.50155211926304],[89.54696024549538,26.50158443259377],[89.54709900147287,26.501604790334806],[89.54723765734559,26.501623657204803],[89.54740285555398,26.501647411420404],[89.54758393481562,26.501674283502144],[89.54768243575104,26.50169398809004],[89.54784545969085,26.501726397707305],[89.54793678370362,26.501739040418133],[89.54804155869985,26.50175239539648],[89.5481439956988,26.501764754765404],[89.54824907217281,26.50178258086546],[89.5483200684077,26.501791917004333],[89.54840942247837,26.50180018546906],[89.54855976016151,26.50181837281299],[89.54866620490508,26.50183163001684],[89.54879342383396,26.501844400045655],[89.54890821283409,26.501857173295754],[89.54905708219404,26.50187843619836],[89.54916559727644,26.501897557768277],[89.54927744951647,26.50191648374337],[89.54942995767915,26.501942022946537],[89.54962351347999,26.501962244629528],[89.54975078706875,26.50198625823645],[89.54986420809932,26.50200359849181],[89.54992322275926,26.50200914196003],[89.54995477626679,26.502104545908576],[89.54997257635115,26.502194767413048],[89.54999351635811,26.502281812614143],[89.55003283101098,26.50241649694338],[89.55006472192382,26.502541800922767],[89.55008525962344,26.502622887818113],[89.55010711494766,26.502747832333824],[89.5501233487075,26.50283963986281],[89.55014091284035,26.502901450057195],[89.55015959535758,26.502977756858456],[89.55018186501307,26.503034805630477],[89.55021411271706,26.503065842503528],[89.55025597368027,26.50309033607213],[89.55029693019856,26.503101416792315],[89.55031118464503,26.50311405199006],[89.55032113415015,26.503137408823086],[89.55032167173835,26.503170289463547],[89.55031032764106,26.503200869861296],[89.5502910399198,26.50323789618224],[89.55025733223283,26.50328473652707],[89.55024295123081,26.503319981017214],[89.55024399149252,26.503360311575058],[89.5502531405906,26.503420580307587],[89.55027978896301,26.503517765827542],[89.5503231637608,26.503639411362883],[89.55036863520208,26.503717550220006],[89.5503917478086,26.503751268658462],[89.5504133809209,26.503773945931293],[89.55046825401152,26.50376776362298],[89.5506034371736,26.503759899009324],[89.550753337738,26.5037466917084],[89.55083835233924,26.503740248856833],[89.55093651788611,26.503730050389873],[89.55109476351693,26.50371635604471],[89.55116485764533,26.50371227982546],[89.55130918802446,26.503700575448484],[89.55143101796419,26.503693488030464],[89.55160408188509,26.50367593846166],[89.55173896243532,26.503663603517783],[89.55184430422926,26.503660466985906],[89.55198302389039,26.503655388988005],[89.55230827953567,26.503625633865806],[89.55244645404836,26.50361759503069],[89.55262989275573,26.503603785848814],[89.5528219718864,26.503587905597378],[89.553038005933,26.503570311722147],[89.55327423035435,26.5035581331701],[89.55341775583872,26.503551349110527],[89.5535437912664,26.503545582892986],[89.55359080479307,26.503539712874122],[89.55363263754968,26.503509056490376],[89.55363668831832,26.503464921522294],[89.55362641778866,26.503338526603287],[89.55360982233518,26.503248558120955],[89.55359374194357,26.5032123061377],[89.55356648068553,26.503146475570155],[89.55356189213649,26.503104412341127],[89.55356838954955,26.50304445593964],[89.55358478930168,26.50300117019248],[89.55357568807729,26.502970343730993],[89.553550111107,26.502929501173124],[89.55351435562801,26.50289395363131],[89.55348332097026,26.50285029319037],[89.55344952383668,26.502817767182172],[89.55341243957359,26.502788569394273],[89.55338074684472,26.502787277079936],[89.55335465599484,26.502817016751667],[89.5533315366407,26.50283874396402],[89.55328627361493,26.502844512498342],[89.5532335915785,26.502844442691057],[89.55318038572132,26.502836563839253],[89.55312500843152,26.502822540761283],[89.55304657781006,26.502805154473783],[89.55296486093275,26.502791094468634],[89.55290483009529,26.502760095598514],[89.55286096126567,26.502724233435973],[89.55283321512286,26.50267724549726],[89.55279931360529,26.5026431569748],[89.55277573467198,26.502631987592142],[89.55272168537327,26.502611614655162],[89.55266648099976,26.502574063291252],[89.55262330982927,26.502532675155322],[89.55260350465548,26.502499336517733],[89.55259069619868,26.502465589762608],[89.55283668258718,26.501964021200664],[89.55263715951448,26.501975993040386],[89.55201997585087,26.500597373141826],[89.55118273498148,26.500152138559425],[89.54956609908196,26.500063738509745],[89.54910906204199,26.49935000209262],[89.54835427302895,26.498095643738125],[89.54904447225627,26.497559928682442],[89.54746705148534,26.49697449160183],[89.54695454567496,26.496018093970505],[89.5472419359518,26.494952661960223],[89.54800850092772,26.494469731100285],[89.54832408842141,26.49377377100386],[89.54725430254308,26.49414932037026],[89.54614081364195,26.493907509103668],[89.5455749452278,26.493258868006322],[89.54512345771298,26.492111872359033],[89.54628251837315,26.49191973557651],[89.54513241175553,26.489332368419692],[89.54533095175452,26.48901299181276],[89.54508200062578,26.487727023754175],[89.54402335816324,26.4872405694463],[89.54322212828934,26.48728643823232],[89.54301419744455,26.486496044797907],[89.54241151591357,26.486222534678305],[89.54233474882076,26.485240302120967],[89.54343405311833,26.48529741189706],[89.54314186485695,26.48432353152948],[89.54379013618758,26.484163081189966],[89.5432230427819,26.48345579373155],[89.54246411528679,26.484055870664477],[89.54218652531901,26.484200686712427],[89.54172310368305,26.483419354426303],[89.54152030307104,26.482633378985295],[89.54207929822678,26.48228953780506],[89.54213230079831,26.481052323461622],[89.5413512164247,26.48041651904672],[89.53838648771611,26.47805991199946],[89.53359401320907,26.478542132982522],[89.53159655461695,26.47730521088087],[89.53106872201015,26.476096344909088],[89.53086423250483,26.473397307096874],[89.53103380748618,26.47221216593062],[89.53092545320753,26.470774341959387],[89.53046389794315,26.470888806135303],[89.52991226417969,26.471068956271345],[89.52916939640495,26.471894276323642],[89.52883687479553,26.47374438942721],[89.52857958277855,26.475361350847592],[89.52857480317093,26.475391388177325],[89.5285440521778,26.4761720518295],[89.52762535298776,26.476484193997564],[89.52761601948022,26.476487364903832],[89.52592077215705,26.476851717435874],[89.52491828940268,26.47644479101864],[89.52420685959777,26.47563655788373],[89.52378627213302,26.47496828334176],[89.5234108783173,26.474133166681447],[89.52334382916797,26.473595945733873],[89.5233213142534,26.473415540980717],[89.52276061530408,26.47236820651576],[89.52154271054461,26.47169939602952],[89.52063022475737,26.47154532164348],[89.52054940158224,26.471551666579536],[89.51852409910356,26.471710642202854],[89.51579470633533,26.473378313257555],[89.5148966871549,26.473797332163418],[89.51411407777472,26.47420285155123],[89.51397510322147,26.474784646660105],[89.51408099022561,26.475092658273688],[89.51391478284951,26.478745791144984],[89.51383492074066,26.480606139195014],[89.51519172325806,26.482129842165893],[89.51857124369522,26.484208910503597],[89.51908985187364,26.485228486545417],[89.51898952115796,26.485916079147298],[89.51717613002987,26.488064203786525],[89.51388513906555,26.490057875078605],[89.51425637008471,26.49306082898856],[89.51367834335196,26.494149380393825],[89.51414704867497,26.494488543386176],[89.51399065899675,26.495366624757803],[89.51439833201526,26.495896365293074],[89.51465317802207,26.49631599849656],[89.5155385275485,26.49644477045229],[89.51681475817223,26.49587179545689],[89.5177191654412,26.495264765256177],[89.51830503574315,26.49522735111519],[89.51834081852196,26.495718525019374],[89.51755503800625,26.496016651197383],[89.5164927776873,26.496513665390623],[89.51659587917347,26.496872804991636],[89.51709408918629,26.497184364107326],[89.51773128332347,26.497890522219112],[89.51967286892776,26.499313602937953],[89.52202346202303,26.500404559391665],[89.5225077603033,26.500996086116302],[89.52218570236245,26.501633456875947],[89.52168896049918,26.50184979169762],[89.52073476433387,26.501785445644856],[89.51925068760409,26.501568022227865],[89.51913586510726,26.501677427698734],[89.51915881437131,26.501694110596663],[89.51919930379609,26.501735604213916],[89.51929303786481,26.501822287861625],[89.51934285088588,26.50188515949997],[89.5194261484099,26.501976621521884],[89.51948833368051,26.50204870712274],[89.5195156520804,26.502076871961243],[89.51959783923625,26.502138651752126],[89.51966664621686,26.502183983614163],[89.51976888559182,26.502237215839767],[89.5198223573617,26.502263083162553],[89.51986836992964,26.50228233702646],[89.51992187881234,26.50229567614035],[89.51997481218497,26.502300436981372],[89.52004680606429,26.50230174499391],[89.52018029019622,26.502309585007403],[89.52026425085916,26.502306285766974],[89.52034424873302,26.50229617122782],[89.5204428508319,26.502288890843023],[89.52051669598252,26.50229165833833],[89.52063106057186,26.502300885213014],[89.52066636674851,26.502304319969692],[89.52075635340834,26.502312412600087],[89.52085056662334,26.50233122159128],[89.52091687938886,26.502352429037135],[89.52098209978202,26.50237887464049],[89.52104914459278,26.502410998328887],[89.5211053048633,26.502450798940394],[89.5211659006956,26.50250443422839],[89.52121992458864,26.50254874850501],[89.52127620458045,26.502603417104982],[89.52132862461623,26.502652828319878],[89.5213753706022,26.502682997967202],[89.52140244375096,26.502706165217088],[89.52142015461908,26.502734885303678],[89.52143381112782,26.502768538211125],[89.5214412646457,26.50281429473694],[89.52145421996671,26.502863642670487],[89.52147643257624,26.502920286215076],[89.52147871933452,26.502949296681315],[89.52150831129143,26.502998443518592],[89.52155411111586,26.503071431210092],[89.52160606731712,26.5031448633754],[89.52162724974723,26.503177542723815],[89.52166883255855,26.503231211173524],[89.52171111132178,26.503295274571904],[89.52176308103358,26.503373118962546],[89.5217775120706,26.503414015317365],[89.52178277379934,26.5034489222975],[89.52180558792888,26.503484117117118],[89.52182587584875,26.503504863267924],[89.52188123543989,26.50353170901035],[89.52192961256331,26.503568521403942],[89.52195378251469,26.50360946892211],[89.5219646895713,26.503658017065735],[89.52197901275163,26.503711831149552],[89.52200835346754,26.50378022446626],[89.52206178742357,26.503886787328987],[89.52206902948929,26.503901228070216],[89.5221238683764,26.503995499266583],[89.52217599126821,26.50407214518133],[89.52222207391365,26.504156425616024],[89.52230799459234,26.50423183350261],[89.5223634168528,26.504290961510186],[89.52241015843752,26.504385046436717],[89.52243538158609,26.504404912195113],[89.52248696916078,26.504406844390193],[89.52253090542338,26.504404297626394],[89.52260068769304,26.504403533599103],[89.52268855912091,26.50439843913998],[89.52277603965831,26.504391525958408],[89.52283298746522,26.504401620443776],[89.52290019705528,26.504415584133312],[89.52296586367696,26.504425174286247],[89.52302149157255,26.50443422738392],[89.5230989652304,26.504452062832186],[89.52319028999177,26.504471326617278],[89.52326819019666,26.504476858030255],[89.52339401986896,26.50449596305892],[89.52348108644084,26.50450765987318],[89.52359059529473,26.504537032968916],[89.52368712602963,26.504559342667697],[89.52377391717603,26.504585567356145],[89.52386444350198,26.504611575546907],[89.52394939161576,26.504628975590006],[89.52407325067406,26.504648585388715],[89.52417064910692,26.504667747794578],[89.52425676717202,26.50468396299557],[89.52433738263623,26.50469268440507],[89.5244319197211,26.50470394776789],[89.52453467978243,26.504725896859593],[89.5246168384744,26.50473899345073],[89.5246794177981,26.504739829541904],[89.5247119508439,26.50474017598397],[89.52475041711354,26.504735713782743],[89.52482501063719,26.5047349948779],[89.52493354895404,26.50474991123121],[89.52503013111607,26.50475435718514],[89.52509791646784,26.504758241100575],[89.52514599490432,26.50476661597979],[89.52518278939348,26.504774528888646],[89.52521482475971,26.50478606734732],[89.525262129114,26.504820161493562],[89.5253315035984,26.504866369802063],[89.52541168783873,26.50492071810844],[89.52545680035871,26.504959403993812],[89.52547009887503,26.504989888362335],[89.52547196454363,26.50501768750372],[89.52546812446653,26.505053630911714],[89.52547810718825,26.505127841847564],[89.52548570004588,26.505166471394247],[89.52553297765449,26.505279403864773],[89.5255598405744,26.505388048870824],[89.52557447065291,26.50544902123425],[89.52557278358671,26.50551362740196],[89.52555901212773,26.505577590893136],[89.5255365723795,26.505624585812456],[89.52550338150341,26.50566902540577],[89.52545538479983,26.50573900586208],[89.52539056285843,26.50582743234486],[89.52535504813486,26.505859058038933],[89.52532745281168,26.505874097330437],[89.5252599062398,26.505899517302193],[89.52516182742052,26.50593747418827],[89.52507859385179,26.505975897240734],[89.52498741107529,26.50600806409302],[89.52494428100331,26.5060159405212],[89.52491110982491,26.50601517766073],[89.52487703851183,26.50600102386513],[89.52479354266819,26.50596823651747],[89.5247083664081,26.50593285736053],[89.52452478814567,26.505866898273407],[89.52441525806653,26.505827555203552],[89.52432471286858,26.50580189500891],[89.52427924644725,26.505774964549875],[89.52421097210751,26.50574693108109],[89.52402732682025,26.50571108745266],[89.52387555444945,26.505684552507688],[89.52373465460288,26.505664827404495],[89.52353909344211,26.50566872639683],[89.52344230703149,26.505685495630413],[89.52335469135603,26.5057147510594],[89.5232625036594,26.505800062471202],[89.52315338012511,26.505912389846777],[89.52305226260938,26.505981013806093],[89.52297094997817,26.50601108608473],[89.52281308278329,26.506057433224676],[89.52271954727398,26.506074688814586],[89.52258994289488,26.506090656055783],[89.52241630442701,26.50612777204639],[89.52227628399461,26.50615786611181],[89.52215506855113,26.506202946420512],[89.52200885857228,26.506253687166932],[89.5219317700734,26.506290278882297],[89.5218804499904,26.506343972189224],[89.52184912523697,26.506413413530534],[89.52181946062957,26.506479376659495],[89.52180688715778,26.50654604100166],[89.52177643197986,26.506600215805584],[89.52171537391332,26.506678141749358],[89.52171163276476,26.506728678616522],[89.52171410693893,26.50685026029665],[89.5217261723858,26.50691718649061],[89.52181320132786,26.50702879403596],[89.52192755683507,26.50714743457628],[89.52197620704219,26.507191249018327],[89.52205226746051,26.507221816789677],[89.5221519199194,26.507247130144616],[89.52225551772902,26.50726638633599],[89.52232594163782,26.507277847566375],[89.52239302989895,26.50727201439207],[89.52250683743938,26.507253035999906],[89.522625226687,26.507247938538853],[89.5227285531806,26.50725431454543],[89.52279931511939,26.507276708439036],[89.52287808178993,26.50730040565147],[89.52302504669854,26.50733781459456],[89.52317631000854,26.507380271514716],[89.52330671577643,26.50743630330267],[89.52340313963454,26.50748724033134],[89.52344665907795,26.507516513669838],[89.52347117650511,26.507557487647365],[89.52347683435457,26.507587548027026],[89.52346182439193,26.507649527494273],[89.52342870262272,26.50772722451869],[89.52339045220704,26.507810105987435],[89.52337031574406,26.507877271600446],[89.52335029091977,26.50790532000304],[89.5232968826013,26.507925528402538],[89.52323916231339,26.5079630959729],[89.52322431697826,26.50802751062376],[89.52322360023506,26.508098439276804],[89.52323990113305,26.508178156769883],[89.52326979279928,26.508215535102945],[89.52329499507286,26.508223851266283],[89.52335369679366,26.508200891811416],[89.52347109922071,26.50815497381373],[89.52354889339304,26.508130909499833],[89.52362750403232,26.508119017128745],[89.5236736188162,26.50811553464379],[89.52375916472198,26.50810685220718],[89.52380734924947,26.50810033842684],[89.52388783171605,26.508078305682464],[89.52397709021145,26.508042122108296],[89.52400994414434,26.50801416966319],[89.52403352476534,26.507992956500377],[89.524053286002,26.507976927333548],[89.52407924754272,26.507970460095148]]]}},{"type":"Feature","properties":{"Village_Name":"Ghagra (P) (CT)","Village_Code":"307251","Block_Name":"Alipurduar - I","District":"Alipurduar","Vill_Cat":"partly_urban","State_LGD":"19","Dist_LGD":"328N002","Subdis_LGD":"2173"},"geometry":{"type":"Polygon","coordinates":[[[89.51913586510726,26.501677427698734],[89.51925068760409,26.501568022227865],[89.52073476433387,26.501785445644856],[89.52168896049918,26.50184979169762],[89.52218570236245,26.501633456875947],[89.5225077603033,26.500996086116302],[89.52202346202303,26.500404559391665],[89.51967286892776,26.499313602937953],[89.51773128332347,26.497890522219112],[89.51709408918629,26.497184364107326],[89.51659587917347,26.496872804991636],[89.5164927776873,26.496513665390623],[89.51755503800625,26.496016651197383],[89.51834081852196,26.495718525019374],[89.51830503574315,26.49522735111519],[89.5177191654412,26.495264765256177],[89.51681475817223,26.49587179545689],[89.5155385275485,26.49644477045229],[89.51465317802207,26.49631599849656],[89.51439833201526,26.495896365293074],[89.51399065899675,26.495366624757803],[89.51414704867497,26.494488543386176],[89.51367834335196,26.494149380393825],[89.51235083738527,26.493978752155297],[89.51171379589344,26.493277076047455],[89.5109735344175,26.49128678339475],[89.51061137602325,26.489389095777714],[89.51043534221856,26.48797993882678],[89.50938297369731,26.48662229302214],[89.50903627361693,26.484972486284583],[89.50860280740461,26.4820969384117],[89.50775690797693,26.48054614149237],[89.50622326727347,26.47964812470812],[89.50480828886153,26.47936615156451],[89.50297923717497,26.480336745503738],[89.50146880111598,26.48166720487675],[89.50192619589842,26.482877429966067],[89.50371079084888,26.48424936344015],[89.50704042738113,26.485652786970583],[89.5065513723987,26.48599075559897],[89.50724458775096,26.487435952635927],[89.50786959677482,26.490357769264794],[89.50733991998044,26.492059080265726],[89.50627274401016,26.493485578717745],[89.50459513878513,26.494512196960706],[89.50455660385295,26.49458506627475],[89.50381697263718,26.49585690088923],[89.50241214145316,26.498597782724886],[89.50010015304275,26.499048921671456],[89.49782875698435,26.499986610897185],[89.4959166845109,26.50084578458564],[89.49579317585498,26.501163787782584],[89.49631938522043,26.501380178770074],[89.49770667007361,26.501297234055013],[89.49796911813476,26.501838590741446],[89.49733469417475,26.502183591324123],[89.4958568511884,26.502949433552725],[89.49582246082849,26.503446357000247],[89.49655502953728,26.50346511920273],[89.49772323397121,26.50345368744689],[89.49901240085656,26.503006972881874],[89.50003544909896,26.502082128375044],[89.50041502651621,26.502242418387244],[89.500382024255,26.502802486135337],[89.49991328935162,26.50338824108372],[89.49826490614632,26.504847435009527],[89.49854894705862,26.505690717207123],[89.50015998728215,26.507137907904582],[89.50000201648054,26.507948327013615],[89.4999296264082,26.50900540592649],[89.4996608117979,26.510255433339854],[89.5003603231361,26.510829728663495],[89.49950921612798,26.511128907925077],[89.49849064184664,26.51388555056173],[89.50423758323922,26.514091537497745],[89.5042444871954,26.512791960859232],[89.50593514077961,26.512816398881757],[89.50615683029095,26.513787093355155],[89.50902620427304,26.514047951799306],[89.51127108606265,26.514188906922797],[89.5123889753313,26.513474366649028],[89.51266577749482,26.51397934172247],[89.5134117753249,26.514151183508563],[89.51423719240805,26.51589629978096],[89.51541120998134,26.51591619775024],[89.51546949629089,26.51467888848868],[89.51681110076206,26.514564971439547],[89.51709471320835,26.515381142418768],[89.51808204873333,26.515350171379538],[89.51872704662111,26.516638222891764],[89.52157631820145,26.516434446853577],[89.52151099143592,26.515510651160845],[89.52094385569721,26.514803278928056],[89.52092211534507,26.514496849961727],[89.52176550580273,26.514075857771605],[89.52242027318049,26.5139740357023],[89.5227590897066,26.513643179391135],[89.52276394220081,26.51271814178196],[89.52066902782438,26.511176008082213],[89.52040517015283,26.51057606915876],[89.52045991080115,26.510326944324092],[89.52065354003885,26.51000768313973],[89.52203439726821,26.50985693081703],[89.52271712066697,26.509199642739272],[89.52286030003299,26.508637625623333],[89.52249812271884,26.50766944968917],[89.52122794915984,26.507376076810548],[89.51966093302177,26.50703830598514],[89.51897404166971,26.5065857082654],[89.51888210330617,26.50536007690897],[89.51937864066426,26.50421428919656],[89.51937713665298,26.503226194393232],[89.518794641941,26.50227092154772],[89.51898049690043,26.50182546537792],[89.51913586510726,26.501677427698734]]]}},{"type":"Feature","properties":{"Village_Name":"Bhatibari","Village_Code":"307272","Block_Name":"Alipurduar - II","District":"Alipurduar","Vill_Cat":"rural","State_LGD":"19","Dist_LGD":"328N002","Subdis_LGD":"2174"},"geometry":{"type":"Polygon","coordinates":[[[89.620403867549,26.42810284612936],[89.6190451826601,26.427631459677613],[89.61913878856214,26.43021951376699],[89.61780694861187,26.430049915260586],[89.61756478593789,26.42975657335938],[89.61647256451049,26.42976755504793],[89.61628623741449,26.429283692903383],[89.61487805084205,26.42906132203038],[89.61504147905744,26.428309372490997],[89.61457126595694,26.427902890963498],[89.61445448624613,26.428279507436816],[89.61328998754377,26.428418117845656],[89.61340943074494,26.427048855862704],[89.6117860831724,26.426839411771162],[89.61049416183917,26.428216563864467],[89.6084858075685,26.428713448879414],[89.60805727736371,26.427931703351668],[89.60768916780331,26.42783013794105],[89.60756745740233,26.42821135235645],[89.60684958008129,26.428377852803518],[89.60392428467664,26.42843570607811],[89.60298968356415,26.428547484142314],[89.60189528992889,26.428684724620776],[89.60026049299704,26.42841219156306],[89.59951795612082,26.428150481527727],[89.59827176415493,26.428222778351973],[89.59759074105934,26.42980979329145],[89.59805660250962,26.431141338832376],[89.59860748607169,26.43358124816594],[89.59895021555634,26.435230857302123],[89.59484444468933,26.435174648820762],[89.59226169922913,26.43576747176938],[89.5916225006878,26.43654157233661],[89.59095049326389,26.438313384175608],[89.59094547787295,26.44010467927895],[89.59135467921823,26.44069733233658],[89.59260515619263,26.44080999585182],[89.59372733023427,26.440117359117245],[89.59487159572008,26.439740140540305],[89.59533668609285,26.44014226897458],[89.5953028220474,26.440643698131296],[89.59481281494445,26.44091879867368],[89.59477884663391,26.441415718731605],[89.59528433609236,26.441383975941722],[89.59555480459069,26.44204681299933],[89.59568793260205,26.44284298911306],[89.59601296427924,26.443256682659882],[89.59684077099975,26.44217684125194],[89.59811044497393,26.442474091783193],[89.59796096146258,26.443406247913487],[89.59848134526078,26.444484133292672],[89.59700087016829,26.446184951479353],[89.59716235628468,26.44735057934996],[89.59825485961615,26.44734424234068],[89.59922982311626,26.445675172198396],[89.60042866671056,26.445048764216185],[89.60177390042492,26.444469309327083],[89.6062009285513,26.445868469982685],[89.61009965961149,26.44717337126862],[89.61011906507892,26.446478198530958],[89.6102331775305,26.44553765708813],[89.61118742401578,26.443625256467048],[89.6112135637137,26.44300666123251],[89.61120580668553,26.442884984452576],[89.61084540298776,26.44290510767007],[89.61047508197714,26.442929924413363],[89.61031570764922,26.442752364479333],[89.61022504857301,26.44251038377133],[89.61072277647898,26.442356909072434],[89.61063712634376,26.44211483705124],[89.61013322055618,26.438437899200995],[89.61421078650224,26.43812872046393],[89.61511078212169,26.439366526754977],[89.6146703386769,26.439392636177676],[89.61276441922244,26.439328251901895],[89.61279412828699,26.439756329802876],[89.61244159443011,26.43990264334058],[89.61239984249646,26.44027337511003],[89.61305049616985,26.440234402624775],[89.61331973699359,26.44083856973186],[89.61354904503399,26.441005822902177],[89.61357611013389,26.441316642087955],[89.61452979908205,26.441380400627896],[89.61464885833877,26.441991825400976],[89.61493912075612,26.441972976223585],[89.61507095372204,26.442705985316277],[89.61702367452276,26.44239951190643],[89.61685566704199,26.441175382601628],[89.6201103803442,26.44060137204192],[89.62302183662732,26.44036295347662],[89.62369722744164,26.439646711657677],[89.6238423026373,26.43963502264023],[89.62292790559665,26.43820804650531],[89.62506597448052,26.437460422396295],[89.62615929745334,26.43837877596795],[89.62927395302768,26.438926056176527],[89.63289885911915,26.44031207233723],[89.63166709026001,26.438597744332714],[89.63107129665958,26.437521385015952],[89.63087962044928,26.43592323928058],[89.62951947512366,26.435393334466568],[89.62906735468887,26.434242131375928],[89.6283708729029,26.431818590107948],[89.62762354135616,26.430686346769253],[89.62639432365857,26.429959993475652],[89.62463996929233,26.42994260248922],[89.62407914615879,26.42929869461354],[89.62331633942394,26.427923072241203],[89.62199106438439,26.42782106794417],[89.620403867549,26.42810284612936]]]}},{"type":"Feature","properties":{"Village_Name":"Paschim Chikliguri","Village_Code":"307296","Block_Name":"Alipurduar - II","District":"Alipurduar","Vill_Cat":"rural","State_LGD":"19","Dist_LGD":"328N002","Subdis_LGD":"2174"},"geometry":{"type":"Polygon","coordinates":[[[89.65333359482285,26.44389521966557],[89.65346569803518,26.443536340206567],[89.65366668664863,26.442684404276562],[89.65394125150401,26.44184765871441],[89.65398991437546,26.44169935744912],[89.65341121976218,26.44152428414637],[89.65217773905634,26.44146635419998],[89.6514172437629,26.441814883736154],[89.65129219955344,26.44082787048405],[89.65180328581948,26.43750133065054],[89.65250395556151,26.43589989914771],[89.65301491853266,26.43561867008677],[89.65242205052431,26.43517295895023],[89.65176995821878,26.434490260191676],[89.65107614345504,26.43417378198471],[89.6514467302051,26.43372475514357],[89.65240164208473,26.433188181882308],[89.65237189475873,26.43276463211343],[89.65210671470771,26.43278309086699],[89.65187055726614,26.432318255200723],[89.65213645811927,26.43145609321515],[89.65243566473617,26.430954248764],[89.65316627910215,26.43090910114888],[89.65340191129043,26.430476112136958],[89.65429085800771,26.430779930897245],[89.65481753187073,26.43036409162563],[89.65881286268336,26.429230204519953],[89.65876859280337,26.429128042264995],[89.65828712844835,26.42819847532097],[89.65798118465545,26.427571264597017],[89.65772033671729,26.42679956186062],[89.65761498060803,26.426586321136654],[89.65755984492455,26.42647472591904],[89.65673711059641,26.42654959834868],[89.65641709666244,26.42657872018288],[89.656401943082,26.426136493243988],[89.65641724897779,26.42583490700584],[89.65646172203391,26.424958636665586],[89.65639146286334,26.424538909570007],[89.65560446677667,26.424020072102177],[89.65531683391,26.42381767750877],[89.65482236727152,26.423469738264288],[89.65433104431064,26.422973371745204],[89.65288942063742,26.423157246073178],[89.65131873824632,26.423357566371198],[89.65083758130815,26.42349751399655],[89.65012591208709,26.42362846956538],[89.65012582122263,26.42304185666309],[89.64922860361773,26.422951745796798],[89.64903810573351,26.422676451836836],[89.64950417490617,26.422757595224784],[89.65074718845285,26.422612996402023],[89.65050147808823,26.421904521293186],[89.64919826538477,26.421931844253297],[89.64928346741463,26.421656492981686],[89.65045632617877,26.4215254706611],[89.65105274980532,26.42142155681509],[89.65106738623315,26.419647995197018],[89.65002480436513,26.419440571819877],[89.65002460863393,26.418393583911865],[89.6492276786669,26.418511045664864],[89.6489072469194,26.420275658498756],[89.64863176467668,26.42106093313362],[89.64834112692202,26.421358769786732],[89.64750407787568,26.421151309916638],[89.64751887279289,26.420158544658804],[89.64758894501053,26.4194138928231],[89.64631578985151,26.419233542475013],[89.64434099966617,26.419008143887645],[89.64325836872344,26.41884129456551],[89.64028615596807,26.418462565895926],[89.63976497473435,26.418358767936326],[89.63971986691537,26.41903573305772],[89.64020453275597,26.422432323337006],[89.64021611935215,26.422513518629973],[89.63986855749621,26.426612096955097],[89.64046466014797,26.426822158601052],[89.64060307559244,26.427618179907228],[89.63836047523212,26.427943847500238],[89.63779447979545,26.427295582335507],[89.63782692740419,26.42674003697889],[89.6373915517601,26.426766121342123],[89.63725672853118,26.427887524548392],[89.63647810331396,26.42824478789726],[89.63704010257369,26.42981804195952],[89.63586891945651,26.430322411820146],[89.63531291327058,26.431654613349657],[89.63558501342558,26.432380499089973],[89.63656574923105,26.432754925100866],[89.63773178621702,26.432683771645703],[89.63795435038278,26.433654201157868],[89.63847133908912,26.433689771011238],[89.63909981556345,26.433339780872046],[89.6393963936237,26.43337942008399],[89.63957002883781,26.433741663037402],[89.63887419612124,26.43421471604474],[89.63949112214351,26.434677052553752],[89.63981339686221,26.434964361533392],[89.6384972625832,26.435047328251848],[89.63862912886309,26.435775796284545],[89.63729209540125,26.436481760315093],[89.63654811578323,26.437262491526102],[89.63658446166104,26.43775811412302],[89.6369109494208,26.438230332689493],[89.63772588509633,26.43836417436156],[89.63856681742858,26.437879421783716],[89.63930537513129,26.437960523974812],[89.63836197134944,26.439006630028228],[89.63804716738592,26.439707253125203],[89.63791766313736,26.43996230290542],[89.63887634901897,26.44002580604832],[89.6394619587638,26.439992427723986],[89.63930636479935,26.44086155770844],[89.6410933013569,26.440323212051535],[89.64081968074723,26.441510347004023],[89.64074723514503,26.442508781076178],[89.6410724174252,26.442922359669545],[89.64222812298604,26.44415073528437],[89.64377132239991,26.44522755148832],[89.64566293090846,26.445977562746787],[89.64732031551337,26.44568968185431],[89.64862753671845,26.444555560068412],[89.65066052014257,26.443380890950543],[89.65117744947243,26.443411901544934],[89.65146249059856,26.444259324479557],[89.65233470220934,26.444265687273553],[89.65248219133694,26.4432658597104],[89.65333359482285,26.44389521966557]]]}},{"type":"Feature","properties":{"Village_Name":"Dakshin Parokata","Village_Code":"307335","Block_Name":"Alipurduar - II","District":"Alipurduar","Vill_Cat":"rural","State_LGD":"19","Dist_LGD":"328N002","Subdis_LGD":"2174"},"geometry":{"type":"Polygon","coordinates":[[[89.68116450405506,26.451694941794727],[89.6803509180188,26.452057612991393],[89.67995973527474,26.452696586456003],[89.67945207311979,26.453716722623597],[89.67900525042724,26.454550738676588],[89.67838734622579,26.455139822377493],[89.67803778873184,26.455412567165446],[89.6754557756177,26.457116752692382],[89.67426239170177,26.45774818509077],[89.67459042759992,26.45914516477157],[89.67891054876156,26.45955142145647],[89.67865097317743,26.46089625169832],[89.6773602948684,26.462738658137535],[89.67690037977994,26.463658637448024],[89.67736730604229,26.465422957903062],[89.6793839495067,26.46548888410186],[89.68091560694313,26.465392450044494],[89.6825445646406,26.465600962238515],[89.68345985705093,26.466161246853588],[89.68452623725841,26.46567198482219],[89.68438844010451,26.465566297547767],[89.68407449941081,26.464782665464963],[89.68558848885212,26.464573723189602],[89.6863696187947,26.464753024929916],[89.68710247119527,26.464364765441527],[89.68713821356813,26.464824278669862],[89.68803676750788,26.46487954562856],[89.68831236561462,26.465090913816475],[89.68867246883994,26.464840503321508],[89.68908085897765,26.4651576466993],[89.68948935565254,26.465479299299467],[89.68998725790549,26.465334567829224],[89.69077613662805,26.46563100055249],[89.69160067331194,26.46638242857928],[89.69350768929372,26.4662607339183],[89.69770754600324,26.46450761261518],[89.69973973415887,26.46416691423366],[89.70020318205134,26.459971385431345],[89.69954090526802,26.458440943015944],[89.69886145912943,26.45875155497999],[89.69665215357163,26.459876089979392],[89.69437009808759,26.461322290394563],[89.69383056175603,26.461400147537425],[89.69325872522211,26.461167309749815],[89.69256125999362,26.460490189381915],[89.69189968653731,26.459631924562263],[89.69166228341855,26.458476914745077],[89.69160551644597,26.457760637135586],[89.69244472287846,26.456991373534965],[89.69411766126848,26.45608004905267],[89.69710919318085,26.455400964825824],[89.6990096620969,26.454792077288495],[89.70077770147319,26.45387888241719],[89.70289693051126,26.452981576734864],[89.7055646786131,26.451965569871888],[89.70700534547713,26.451202875971674],[89.70931622745529,26.45078909725726],[89.71070757328135,26.450704040978636],[89.71199905699598,26.449993757994232],[89.71414951129077,26.449366394634048],[89.7162430296227,26.448022744808025],[89.71641840075723,26.44780736521438],[89.71714962023579,26.446931743926466],[89.717118456625,26.44581798047485],[89.71641521194013,26.444468864508362],[89.71540428839077,26.443676006713254],[89.71434945748844,26.442933602140283],[89.71291690783504,26.442753288362518],[89.71172593271572,26.44283004557387],[89.70857235954236,26.44598934807035],[89.70687796521604,26.447257650645135],[89.70455474051434,26.448213010716735],[89.70296824638943,26.448310723597906],[89.70087418757423,26.44835034500529],[89.6999265963731,26.447691523661547],[89.69945822111131,26.446734894313863],[89.69914945325125,26.445315062663255],[89.69938661528228,26.443235240217216],[89.69986780230862,26.44302312261049],[89.70146645983333,26.443019962073326],[89.70325372387175,26.44165071086337],[89.70483086107339,26.440727555284663],[89.7039901287489,26.440779566857024],[89.70180824996682,26.440915600354998],[89.69905522317008,26.441274441062063],[89.69785106627786,26.439925660890037],[89.69647121273726,26.440069019952702],[89.69422360388998,26.44039566605913],[89.69461126065102,26.441547839491633],[89.69505746467985,26.442631232259096],[89.69318181930554,26.44343810128271],[89.69329870927633,26.445876684120275],[89.69042157745052,26.445646683658733],[89.68915195627532,26.44579241004037],[89.68862648626275,26.446041420061544],[89.68863734482595,26.44952870664148],[89.68593413431596,26.449669810211596],[89.6851941304916,26.44953033226099],[89.68345085562544,26.44827277292595],[89.68229553397583,26.447080846038393],[89.68191520517372,26.446889476866797],[89.6817714905272,26.44695985043522],[89.68155201542052,26.447437694244496],[89.68152116589025,26.448918093723435],[89.68173288982102,26.450700729361937],[89.68159137915652,26.451298923671676],[89.68116450405506,26.451694941794727]]]}},{"type":"Feature","properties":{"Village_Name":"Madhya Parokata","Village_Code":"307333","Block_Name":"Alipurduar - II","District":"Alipurduar","Vill_Cat":"rural","State_LGD":"19","Dist_LGD":"328N002","Subdis_LGD":"2174"},"geometry":{"type":"Polygon","coordinates":[[[89.70823337402348,26.481808688206886],[89.70837728787579,26.479820865598008],[89.71167846732718,26.479925092121828],[89.712680533279,26.4801135766122],[89.71278883693682,26.48152363582959],[89.71351971610159,26.481478156275934],[89.71372396060738,26.48035540501411],[89.71506283174006,26.48058258082359],[89.71524639512668,26.480073793887012],[89.71736022481593,26.48063809875014],[89.71917954918197,26.478699564499582],[89.71914016995655,26.478091256698654],[89.71881423893856,26.47723576150071],[89.72009775243001,26.476390198521784],[89.72060599382257,26.475193972518355],[89.72079249819943,26.47374672228043],[89.720380206393,26.471990568411773],[89.71988591898446,26.47143604599225],[89.71862132679728,26.470526250103838],[89.71715654427558,26.469629276528924],[89.71554242972496,26.469416374017186],[89.71504797238703,26.469493454550733],[89.71374885875883,26.470740795699978],[89.71250800948263,26.47212236703498],[89.7100427120645,26.474519731896272],[89.70843402024715,26.475610492444765],[89.70694927779437,26.475787547375177],[89.704976206775,26.476091146426164],[89.70401279423402,26.4758387111822],[89.7034184505691,26.475290535483982],[89.70293028957491,26.474780950412576],[89.70277728042235,26.474025902604424],[89.7030662286558,26.472662442012005],[89.7037686859121,26.4714039380199],[89.7050668677234,26.470111582547737],[89.70539724406028,26.46923458527415],[89.70545403693234,26.46801989277514],[89.70610642602095,26.465481038776627],[89.70641367014721,26.463616441640028],[89.70566600506729,26.461654541528684],[89.70477259703897,26.460317995497473],[89.70488651550944,26.459187939584908],[89.70594939270065,26.456199173399497],[89.70541015592045,26.455645444345002],[89.70020318205134,26.459971385431345],[89.69973973415887,26.46416691423366],[89.69770754600324,26.46450761261518],[89.69350768929372,26.4662607339183],[89.69160067331194,26.46638242857928],[89.69077613662805,26.46563100055249],[89.68998725790549,26.465334567829224],[89.68948935565254,26.465479299299467],[89.68908085897765,26.4651576466993],[89.68867246883994,26.464840503321508],[89.68831236561462,26.465090913816475],[89.68803676750788,26.46487954562856],[89.68713821356813,26.464824278669862],[89.68710247119527,26.464364765441527],[89.6863696187947,26.464753024929916],[89.68558848885212,26.464573723189602],[89.68407449941081,26.464782665464963],[89.68438844010451,26.465566297547767],[89.68452623725841,26.46567198482219],[89.68345985705093,26.466161246853588],[89.68411065988916,26.466988173709293],[89.6842307792955,26.468059682587512],[89.68394834313065,26.468633460160326],[89.68341347171555,26.46891421458885],[89.68261897104844,26.469023894696132],[89.68176724743323,26.46882785377259],[89.68057311230707,26.468132936040412],[89.67977066191291,26.467683305788768],[89.67847707599825,26.467454935397402],[89.67783070662617,26.467683622901866],[89.67688537718583,26.46972257295769],[89.67681742252577,26.470251709906947],[89.67876821255456,26.471798694638224],[89.68040230530134,26.472873363928215],[89.68154431253029,26.473912144016396],[89.68141776757527,26.475588337908995],[89.68098953314478,26.477658200475695],[89.6824191642661,26.477911053407656],[89.68323587930306,26.47810774444623],[89.6837865733904,26.47807482958931],[89.68412406322291,26.477712062797472],[89.68408895229129,26.4772796070913],[89.68318499356016,26.47591604938937],[89.68225810729976,26.474859706648726],[89.68196279734494,26.47336739496331],[89.68226517979666,26.472572176101185],[89.68269137656173,26.47192802525823],[89.68402140923216,26.47156464561243],[89.68494685123997,26.471696121292567],[89.6854188441049,26.47216096177555],[89.68539948307443,26.472838069265926],[89.68578442138276,26.474518172776943],[89.68670261248174,26.474983632931284],[89.6892228160462,26.47513918370912],[89.69104789879839,26.47558300890885],[89.69151852267169,26.476417804205038],[89.69169598029471,26.47779500916155],[89.69146290793542,26.478119730625966],[89.69062268507493,26.47863636567781],[89.69945782422997,26.47914171663897],[89.70010399306835,26.48083487151223],[89.70188604997847,26.481148527471202],[89.70587042932206,26.481524177360264],[89.70591348671772,26.482078283821743],[89.70785387661402,26.48251518465801],[89.70781867466364,26.482082742225334],[89.70823337402348,26.481808688206886]]]}},{"type":"Feature","properties":{"Village_Name":"Kumarpara","Village_Code":"307230","Block_Name":"Alipurduar - I","District":"Alipurduar","Vill_Cat":"rural","State_LGD":"19","Dist_LGD":"328N002","Subdis_LGD":"2173"},"geometry":{"type":"Polygon","coordinates":[[[89.38763800020817,26.537755133372556],[89.38219202876809,26.537124328228323],[89.38096368086703,26.532786038254258],[89.3852967410837,26.52764183095348],[89.3853001240932,26.526107615289543],[89.38750031679658,26.522140626895776],[89.38746388347487,26.520137807031833],[89.38597342703237,26.51840298952265],[89.38395981742111,26.518048622738085],[89.3827402210787,26.515339105599942],[89.3800216601818,26.517035995808627],[89.3782625952942,26.51321188796787],[89.37911352017834,26.51239902329426],[89.37820178478871,26.509287241192414],[89.37612670002531,26.50739961155934],[89.37463255761017,26.508638299249483],[89.37252909791748,26.507806955840923],[89.37190367394541,26.508611519377116],[89.36750949026877,26.509063573303504],[89.3676154979122,26.51203088992901],[89.36956280887787,26.515269937597058],[89.36789945558492,26.515848069525575],[89.36681043963414,26.51801850685421],[89.36677693745341,26.519074935392766],[89.37016623844644,26.521938060839403],[89.37280743197357,26.526952362913395],[89.37343636477641,26.52728933434632],[89.37505444588697,26.528160319073134],[89.375925818334,26.5322293805117],[89.37568237755924,26.535022007920105],[89.3713814255157,26.5383469809724],[89.37292071283527,26.540744432466926],[89.37575916724857,26.53923516481561],[89.3764503510437,26.54112780461284],[89.37653214177811,26.541113735310063],[89.37752513366226,26.540942920360237],[89.37889701824021,26.541055388807266],[89.38170891535061,26.540692555198124],[89.3826645557551,26.540878010802516],[89.38436336948087,26.541207674612217],[89.3876348724359,26.54244789434921],[89.38904864760339,26.54312810087666],[89.38920730897264,26.542069581709534],[89.38795773314217,26.54204992080861],[89.38763800020817,26.537755133372556]]]}},{"type":"Feature","properties":{"Village_Name":"Purba Simlabari","Village_Code":"307227","Block_Name":"Alipurduar - I","District":"Alipurduar","Vill_Cat":"rural","State_LGD":"19","Dist_LGD":"328N002","Subdis_LGD":"2173"},"geometry":{"type":"Polygon","coordinates":[[[89.34972473545577,26.506587179915197],[89.349970455047,26.512990611741177],[89.35153563392326,26.514237276882152],[89.34895071940575,26.516116395441053],[89.3502430339642,26.51824746813095],[89.35089132530737,26.52052451704799],[89.3510159360032,26.52097820461315],[89.35212456483355,26.52368985854957],[89.35272554873058,26.52413568233981],[89.35185157613729,26.52456974869812],[89.35309133260299,26.527558988997704],[89.35657054237207,26.52696905686144],[89.35762935255849,26.52747948362339],[89.36059112213199,26.527588391565146],[89.36541601637744,26.52682253345023],[89.36725387421397,26.528628513748476],[89.36832534522782,26.527798505548624],[89.36965654527411,26.528868347324153],[89.3721116126208,26.528240913362325],[89.37343636477641,26.52728933434632],[89.37280743197357,26.526952362913395],[89.37016623844644,26.521938060839403],[89.36677693745341,26.519074935392766],[89.3633200186788,26.515350994009662],[89.35984247403277,26.511343022437135],[89.35921748444002,26.508984411450484],[89.35950311430395,26.506764150444173],[89.3562918222775,26.507918247557658],[89.35281819101178,26.50850805364932],[89.35177731739151,26.50665261554438],[89.34972473545577,26.506587179915197]]]}},{"type":"Feature","properties":{"Village_Name":"Satkodali","Village_Code":"307247","Block_Name":"Alipurduar - I","District":"Alipurduar","Vill_Cat":"rural","State_LGD":"19","Dist_LGD":"328N002","Subdis_LGD":"2173"},"geometry":{"type":"Polygon","coordinates":[[[89.50298442790125,26.521057507643143],[89.50207790985904,26.52134865386222],[89.50235848547877,26.52318462298754],[89.49668084065344,26.524579132969507],[89.49203272368861,26.52511167903612],[89.487219543686,26.524970152753635],[89.4872284116947,26.527009433584652],[89.48224813436988,26.52749783042732],[89.48135700852686,26.53317144061584],[89.48094905101306,26.537523632889823],[89.484644618703,26.536989986243825],[89.48616360509475,26.541597335805154],[89.48771033512652,26.547250963048942],[89.49253912168227,26.54783883887388],[89.49309303009527,26.54794370025852],[89.49377954409658,26.548073662246303],[89.49453506632007,26.54821668404283],[89.49775935042749,26.54882700199225],[89.49792525724988,26.548858404329263],[89.49866967509462,26.548999302130262],[89.50174739982454,26.549342333619357],[89.502252080578,26.54763245159281],[89.50201624840854,26.546937236199266],[89.50120754017362,26.54642804828039],[89.50110442754804,26.546068900022714],[89.50061865370515,26.545414166230746],[89.50009232695167,26.54520231654765],[89.49995538899961,26.544902416110055],[89.49948435134857,26.544463995112558],[89.49886116038333,26.54441176022448],[89.49873125110783,26.54374175175434],[89.49866812552067,26.542912652459897],[89.49766300295845,26.54167143093542],[89.49756049271538,26.541339340712454],[89.49771776275688,26.540957575407738],[89.49818036044485,26.540313273108424],[89.49827549850119,26.539842358021048],[89.49864057892765,26.539790835988082],[89.49900829814328,26.539861090308282],[89.49904905581721,26.539427223591357],[89.49973339724603,26.53929339456848],[89.50060867661462,26.53917425945929],[89.5010636450858,26.538872994257392],[89.50154015974223,26.538408917550033],[89.50171218421188,26.53778324243114],[89.50134578937276,26.537311404500713],[89.5004887974588,26.536654160363902],[89.50042424782627,26.536222141784062],[89.50055347326729,26.535010659284136],[89.50078156156812,26.535119456373454],[89.50099967080216,26.535693163620824],[89.5013710225741,26.535700180822523],[89.50158516952897,26.53562874147842],[89.5017170322808,26.5354639950514],[89.50178316658305,26.53481310642843],[89.50153386599581,26.53349547024639],[89.50194035494337,26.53304164662604],[89.50220987003982,26.532748146978495],[89.50207594745528,26.531893219986554],[89.50220679644436,26.530988524233692],[89.50375234959134,26.53055529896573],[89.50443663121465,26.530421451491694],[89.50526553482838,26.53024896199987],[89.50597708473141,26.52952355825309],[89.50679687453652,26.528701495542126],[89.5073681383495,26.52752284226596],[89.5070649497351,26.52741988812568],[89.5065883340234,26.52741473520505],[89.50661570118898,26.52682769602457],[89.5071856579064,26.52605063365729],[89.5077463646863,26.52530982804291],[89.50806787243762,26.524640909381702],[89.50803211408088,26.52414973175466],[89.50828049521445,26.523116628783555],[89.50796917867424,26.52263932504255],[89.50723147662131,26.52262071903149],[89.50683647184643,26.52267729815992],[89.50664123984947,26.521078976326905],[89.5065221037808,26.520905104097668],[89.50619091019196,26.520897391398027],[89.50533463737061,26.521192186715528],[89.50441733394963,26.521217330367367],[89.50298442790125,26.521057507643143]]]}},{"type":"Feature","properties":{"Village_Name":"Uttar Haldibari","Village_Code":"307184","Block_Name":"Kumargram","District":"Alipurduar","Vill_Cat":"rural","State_LGD":"19","Dist_LGD":"328N002","Subdis_LGD":"2172"},"geometry":{"type":"Polygon","coordinates":[[[89.86416497683537,26.633118132741885],[89.86416415480764,26.633117626892805],[89.86399462089966,26.633013245301264],[89.86377620627688,26.63287876858757],[89.86234213513062,26.631995801419638],[89.86146538408771,26.631455967101076],[89.86072538698652,26.631000327482393],[89.85916398856816,26.629556063388677],[89.85915030659397,26.62952215425938],[89.85838102445979,26.627615507825222],[89.8583770868235,26.627505012627005],[89.85837235190691,26.627372140621173],[89.85834298511986,26.62654803047968],[89.8583160554872,26.625792323969748],[89.85829765541995,26.625108094034754],[89.85828194967547,26.62452406966128],[89.8582792215204,26.624422585488595],[89.8582778622397,26.624372049568336],[89.85825227676608,26.6243759443564],[89.85812884955462,26.62439473473502],[89.85799970802277,26.62441439467319],[89.85798722742425,26.62441629427025],[89.84950371074284,26.625707537251806],[89.84922793698442,26.626123583157153],[89.8482606041306,26.626382064640225],[89.84766350622648,26.62517601139509],[89.8466978672436,26.624085604608922],[89.84549931496313,26.624127649575794],[89.84405439061781,26.62435506097963],[89.8433768010051,26.62455808775094],[89.84328440963266,26.625286238136542],[89.84236378018679,26.625606901778337],[89.8423741691649,26.626229238118878],[89.84155062471348,26.626214127785957],[89.84151939780617,26.62576363221562],[89.84106007279783,26.625457031506752],[89.84069272978223,26.62541926196708],[89.84067733373772,26.62479702470134],[89.84074376866644,26.624236308571778],[89.84009247691355,26.623879405679162],[89.83955077651663,26.62348873224565],[89.8395931352363,26.62256309039736],[89.84016704403773,26.62242982147441],[89.84038543101319,26.621924714742075],[89.8401689265532,26.6210854467426],[89.84008341577804,26.620469120764405],[89.839410409747,26.620247983595466],[89.83934630875903,26.619888368055662],[89.83861968407572,26.619934458080927],[89.83808301517904,26.62055869836476],[89.83775147297402,26.62054727202894],[89.83757389119616,26.62006360703071],[89.83679164088575,26.619889749900143],[89.83609713467565,26.619407374253285],[89.83377135300796,26.619124439322032],[89.83351347495102,26.621894954004393],[89.83174905216897,26.62361731027176],[89.83055323594928,26.6241779645235],[89.83041324113864,26.626846882483193],[89.8298369719888,26.629736515878083],[89.83034663977493,26.63066018807996],[89.83189155734875,26.630818881308173],[89.83040480482813,26.632815391462962],[89.82950263727885,26.63388898211304],[89.8294577556599,26.634715428514777],[89.82881727556871,26.635409374833273],[89.8287053713093,26.636367981093734],[89.82957186924459,26.637104100784438],[89.8299228093684,26.637900108233893],[89.83056089734252,26.638126492488734],[89.83057033991123,26.63871276124765],[89.83056777029141,26.6388120171653],[89.83235342230782,26.638753918291545],[89.83294970897977,26.638913455912622],[89.8329970395012,26.6404237657607],[89.83645342241373,26.64073374416707],[89.84077762081937,26.641017264411822],[89.84742669512308,26.641123249752624],[89.85106359603762,26.64122173614668],[89.85194280610692,26.63801920889572],[89.85878894793365,26.63778237922508],[89.85940506165817,26.63772938170174],[89.86406232075998,26.63321758788927],[89.86412743760685,26.63315450169324],[89.86416497683537,26.633118132741885]]]}},{"type":"Feature","properties":{"Village_Name":"Kumargram","Village_Code":"307186","Block_Name":"Kumargram","District":"Alipurduar","Vill_Cat":"rural","State_LGD":"19","Dist_LGD":"328N002","Subdis_LGD":"2172"},"geometry":{"type":"Polygon","coordinates":[[[89.80781577731815,26.593988340029412],[89.80628147760058,26.594240367630064],[89.80628749933987,26.594284664760366],[89.80643677511293,26.595260669402553],[89.80554535629238,26.595539909225273],[89.80565230099185,26.596426523755483],[89.80616566396412,26.596488577486227],[89.80626506842286,26.597271580723277],[89.80620032273622,26.598319476999134],[89.80617911660582,26.599506364922725],[89.80673578931798,26.600519441910624],[89.80716079680256,26.60127797246786],[89.80617467945699,26.601996683182495],[89.80530780127926,26.602049875260583],[89.80472464834327,26.601596714389338],[89.80446488159824,26.60246800424375],[89.80467564441096,26.602878887049823],[89.80501699793525,26.603088696326754],[89.80532475129841,26.604183380080574],[89.80567999537962,26.604550809307433],[89.80628898128273,26.60441698854911],[89.80673981422595,26.604588542514403],[89.80724543585171,26.60494848718954],[89.80692246661955,26.605491705594797],[89.80663842094943,26.605574003754306],[89.80608291945906,26.605021055696405],[89.80556558780265,26.605414721860505],[89.8052500466515,26.606057037969236],[89.80553255927752,26.607350714970647],[89.80624374464121,26.60770209618105],[89.80726710636041,26.60747888871312],[89.80805894342669,26.60763919459139],[89.80870674824769,26.60745046058253],[89.8080458403077,26.606281558097788],[89.80799430960575,26.605610394321104],[89.80868085258317,26.605569768594332],[89.8088750996488,26.606125330852464],[89.80939313680913,26.60719780372689],[89.81076083443277,26.606895587687223],[89.81283970881172,26.606534181350696],[89.81438424624918,26.606896101186607],[89.81495510989147,26.607254725035713],[89.81467913074009,26.6076662017627],[89.81519543950184,26.60825597879],[89.81556223988296,26.60847879157191],[89.81593987146435,26.609143490837276],[89.81583332028127,26.610120033757863],[89.81554821343249,26.6109783074848],[89.81511990588429,26.611113103842406],[89.81394195745911,26.611172511111427],[89.81376618251659,26.61157749249808],[89.8139182371514,26.612048165799223],[89.81422608609273,26.612732296177573],[89.81399437580188,26.613517330883028],[89.81379154638233,26.614252170440867],[89.81345019512575,26.615273959497006],[89.81325936497144,26.615679238988612],[89.81352478837738,26.616679997964358],[89.81419711612917,26.61667120188142],[89.81413292002382,26.616099541850584],[89.8142139371291,26.61571899276378],[89.81466376618006,26.615642418030927],[89.81511549544071,26.616053021107145],[89.81512277547239,26.617988206972488],[89.81475708465733,26.62129317854724],[89.81465623329942,26.623731254858296],[89.81509881820261,26.62540518783655],[89.81589434696414,26.626733782605502],[89.81679156844828,26.627500960714332],[89.81778213225527,26.62757154989308],[89.8189500219743,26.627300271873445],[89.81982992327262,26.627770031322672],[89.82016645539615,26.628800939429034],[89.82073285899729,26.62856413668496],[89.82134399083525,26.628921927677464],[89.82243610135377,26.62842656301043],[89.82250567699431,26.627581580108934],[89.8225695152804,26.626299120491392],[89.82270322912046,26.625204746192743],[89.82335026781026,26.624573854685543],[89.82418434390873,26.62501743053592],[89.82551929876173,26.624805938276033],[89.82672522963033,26.624858650393342],[89.8276673984216,26.624799308135213],[89.82777853256609,26.623809139527385],[89.82838539911229,26.623179026080905],[89.82948618272212,26.623242831109987],[89.8300504579982,26.622514312919254],[89.82989063789717,26.621935547593225],[89.82921939194094,26.620766968803935],[89.82949380471383,26.620089334423483],[89.83046574449259,26.619406835094825],[89.83007037120441,26.618841782195553],[89.82934538899268,26.617935923507403],[89.82923009904466,26.616923191698046],[89.82939358741966,26.61622520922482],[89.82980434036867,26.615377946309128],[89.82942738586989,26.61474485468532],[89.82890633139827,26.613762753424812],[89.82770129173628,26.61272207461915],[89.82721346750814,26.611865619571404],[89.82727390721878,26.61167043462273],[89.82660754326257,26.611512256904515],[89.82555356328211,26.61069411562512],[89.82519441260744,26.6097629150737],[89.82536193232072,26.60820772075136],[89.82623719386218,26.607270034197093],[89.82736012046949,26.605384570934635],[89.82713757778787,26.604906292805403],[89.82653490882991,26.604683688629574],[89.82622646154631,26.60397704277025],[89.82664143345394,26.60228159214964],[89.82672724833898,26.60148590845026],[89.82659553147333,26.60123138612195],[89.82608793569857,26.6012008720758],[89.82580058986986,26.60033140071159],[89.82561603053551,26.59935612808875],[89.82469826682036,26.598562334234327],[89.82422450432873,26.597457464583005],[89.82437101604472,26.59708914439912],[89.82393807086903,26.59662405908915],[89.82291344157566,26.596585751989114],[89.8224264736688,26.595963840777276],[89.82204900205163,26.59510065799527],[89.8199995824277,26.595425512796787],[89.81962148714652,26.596172854451254],[89.81985452461332,26.596876502093256],[89.81790294644647,26.597100140615908],[89.81708589950065,26.597341887978526],[89.81683166971956,26.597820606432744],[89.81622817128597,26.59756188094721],[89.8165378409865,26.596888081287187],[89.81558921452465,26.596879795768213],[89.81392742978473,26.597052529811865],[89.8131331332915,26.59719906858719],[89.81215893779047,26.597786753444854],[89.81163403635661,26.596637732423595],[89.81185483165555,26.596227352991992],[89.81128491681496,26.59590478363038],[89.81120537880072,26.595319889871032],[89.81074967257368,26.59515295540638],[89.81009907447176,26.59522445634623],[89.80952839751997,26.59487031529551],[89.80900870930603,26.594343735529005],[89.80781577731815,26.593988340029412]]]}},{"type":"Feature","properties":{"Village_Name":"Marakhata","Village_Code":"307174","Block_Name":"Kumargram","District":"Alipurduar","Vill_Cat":"rural","State_LGD":"19","Dist_LGD":"328N002","Subdis_LGD":"2172"},"geometry":{"type":"Polygon","coordinates":[[[89.76374037321571,26.552760157245064],[89.76375115649157,26.553418614219762],[89.76524269309219,26.55620477508404],[89.76724006531022,26.559161540514065],[89.76756097052119,26.559989911953608],[89.76779015420563,26.562011072761248],[89.76890188960388,26.566726416414536],[89.77005865303308,26.570389714708774],[89.77083364317372,26.572571673914958],[89.77548149425006,26.572445024732666],[89.77868133336816,26.57323072781276],[89.78113935177045,26.57300677584837],[89.78376120643132,26.572711906924635],[89.78442566511877,26.572802670476747],[89.78488809932566,26.572216170404218],[89.78679748768353,26.57150660731659],[89.78677703770794,26.569833297875746],[89.78568112031799,26.56974196611971],[89.78538967989014,26.567857413382086],[89.78620649896928,26.567611349140154],[89.78691766620341,26.566938770059945],[89.78807484233842,26.56748905111083],[89.78853632939041,26.56831461042292],[89.7893119815177,26.56885430826777],[89.79068543428113,26.567356691980866],[89.79187334704172,26.564829605759627],[89.79006830887897,26.563628885813497],[89.7887445108716,26.563447302184827],[89.78807168906194,26.56280182376888],[89.78679455945255,26.56268246577825],[89.7861420229212,26.561838080977775],[89.78597004942144,26.558669964443503],[89.78583213869327,26.557531289845674],[89.78366125114405,26.556752680013588],[89.7826897277242,26.555991204216316],[89.78294044130054,26.55453364463948],[89.78409114836609,26.552954731977266],[89.78715374876951,26.552236164089674],[89.78788152170983,26.552253498578335],[89.7890578385325,26.552771826146813],[89.78912948124896,26.5509658827267],[89.78880774758325,26.548657860075004],[89.78880763853641,26.548653351086738],[89.78875771920863,26.548663350909173],[89.78604683876003,26.54919461266438],[89.78183965116332,26.54945730903983],[89.7779563719218,26.549632358939892],[89.77488010984388,26.54936751134615],[89.77175727532057,26.5494599028192],[89.76972936781405,26.54981966607602],[89.7677716674366,26.54997051073537],[89.76505935616896,26.550239744871522],[89.76440877962867,26.550094475756367],[89.76461301559826,26.55087098459448],[89.76374037321571,26.552760157245064]]]}},{"type":"Feature","properties":{"Village_Name":"Uttar Nararthali","Village_Code":"307173","Block_Name":"Kumargram","District":"Alipurduar","Vill_Cat":"rural","State_LGD":"19","Dist_LGD":"328N002","Subdis_LGD":"2172"},"geometry":{"type":"Polygon","coordinates":[[[89.77468375131376,26.5378808315498],[89.77404917195108,26.538605990468756],[89.77365016779967,26.53869947589412],[89.77373038379095,26.539740045854245],[89.77245421337628,26.539232543535014],[89.7710042120351,26.538796082390654],[89.76993712424724,26.539683023767175],[89.76626670409237,26.539519753449493],[89.76420169262407,26.539162833646415],[89.76376284564269,26.540105210678586],[89.76311738197565,26.539752307334915],[89.76296206059119,26.538713183103212],[89.76367733149024,26.537584988646117],[89.76370427594958,26.53745363498093],[89.76246652648699,26.537500198813053],[89.7611865280531,26.537876903515944],[89.76084620533115,26.53769853121082],[89.75995583620961,26.536542812851962],[89.75886338108585,26.537001581232403],[89.75815171467949,26.537443947243663],[89.75844824989062,26.539355562748163],[89.7577894993044,26.539494636962317],[89.76184977135786,26.5412746802284],[89.76255164466664,26.541888157301564],[89.76205233365624,26.545331029076888],[89.76197750436388,26.5461851373045],[89.76340028608203,26.54862077101918],[89.76440877962867,26.550094475756367],[89.76505935616896,26.550239744871522],[89.7677716674366,26.54997051073537],[89.76972936781405,26.54981966607602],[89.77175727532057,26.5494599028192],[89.77488010984388,26.54936751134615],[89.7779563719218,26.549632358939892],[89.78183965116332,26.54945730903983],[89.78604683876003,26.54919461266438],[89.78875771920863,26.548663350909173],[89.78880763853641,26.548653351086738],[89.79016284322746,26.54827492178142],[89.79262040007544,26.548055323483073],[89.79504171678758,26.54737623747541],[89.79519826674925,26.546592702722023],[89.79512807684127,26.546594080641498],[89.79081009725175,26.547247186574232],[89.79054379796979,26.546607281211834],[89.79130022271244,26.54511724739076],[89.79509172106484,26.544681986254965],[89.79425708276082,26.54335849346482],[89.79091496882761,26.5435007112205],[89.7902400154198,26.541312394610483],[89.78877959539152,26.54127783457505],[89.78837530151533,26.53887217285954],[89.78759482657692,26.536672368943233],[89.78753499594328,26.536687073534516],[89.78710580350878,26.534908971357908],[89.78442629883844,26.53465008042538],[89.78052034925703,26.534072213627763],[89.77985763682146,26.538411559379824],[89.77714477729464,26.538644926666077],[89.77534800277004,26.53797165424333],[89.77468375131376,26.5378808315498]]]}},{"type":"Feature","properties":{"Village_Name":"Bara Daldali","Village_Code":"307193","Block_Name":"Kumargram","District":"Alipurduar","Vill_Cat":"rural","State_LGD":"19","Dist_LGD":"328N002","Subdis_LGD":"2172"},"geometry":{"type":"Polygon","coordinates":[[[89.79081009725175,26.547247186574232],[89.79512807684127,26.546594080641498],[89.79519826674925,26.546592702722023],[89.80036790958344,26.546518219288796],[89.80082391246434,26.544849084274194],[89.80185540313549,26.544982182241437],[89.80367120953738,26.54395395958482],[89.8053537794461,26.54404714717209],[89.80563412410689,26.54114084913591],[89.80312962096522,26.541690912852026],[89.80177416754208,26.54019726379817],[89.8018470555423,26.539275518588482],[89.80369903154238,26.53870674493576],[89.80452914220479,26.53530691338025],[89.80736008197515,26.53519250949716],[89.80670837607258,26.5314970458533],[89.80732906674734,26.52588626995364],[89.80638227169044,26.524898894225867],[89.80656770959547,26.518917737137635],[89.80687195240367,26.515758328313378],[89.80539189876062,26.51552129712664],[89.8049507809765,26.514496883355804],[89.8043634831267,26.514472348094884],[89.80445597592552,26.516626946214185],[89.80313000752037,26.517365819799128],[89.80199093816061,26.516716027291515],[89.79988036214611,26.514880782802322],[89.79778397453998,26.515075331385695],[89.79551288582452,26.514889809641186],[89.79460123595702,26.51534528792111],[89.79484004224321,26.51650904626828],[89.79456601793646,26.51678961208157],[89.79316229969507,26.51556296880008],[89.79149234535545,26.515541721795906],[89.79147949484212,26.51565007060875],[89.79063733235333,26.515869571508777],[89.79046977658184,26.51702776152604],[89.79161380601609,26.517677553043228],[89.79150031203578,26.518997092841595],[89.79036339188451,26.519885537888012],[89.78964575301273,26.520486063288654],[89.78866385897072,26.520942881508148],[89.78762180911092,26.522023438467762],[89.78708612111733,26.52330612181346],[89.78742425844426,26.524431862283528],[89.78589746162174,26.525377526073957],[89.78524361988035,26.52633769469493],[89.78567895374728,26.527750266825166],[89.78636025571882,26.530001653392734],[89.78783959914627,26.52958022854104],[89.78828193120526,26.529621198661193],[89.78969787464787,26.530518312400517],[89.79059594097718,26.530324783619974],[89.79042567708464,26.529092005994787],[89.79110360163293,26.528920831197226],[89.79223359935077,26.527536262745144],[89.79285627427763,26.52756917405901],[89.79187320498487,26.529429071443737],[89.79223755769641,26.530391872888504],[89.79213290668426,26.53186913591507],[89.7925463203823,26.532993383639266],[89.79261197406596,26.533840230559743],[89.79208935224418,26.534626426338427],[89.79189879022546,26.535455738336037],[89.79098087232842,26.5360737341817],[89.78878218059249,26.536410028502335],[89.78759482657692,26.536672368943233],[89.78837530151533,26.53887217285954],[89.78877959539152,26.54127783457505],[89.7902400154198,26.541312394610483],[89.79091496882761,26.5435007112205],[89.79425708276082,26.54335849346482],[89.79509172106484,26.544681986254965],[89.79130022271244,26.54511724739076],[89.79054379796979,26.546607281211834],[89.79081009725175,26.547247186574232]]]}},{"type":"Feature","properties":{"Village_Name":"Gochimari","Village_Code":"307170","Block_Name":"Kumargram","District":"Alipurduar","Vill_Cat":"rural","State_LGD":"19","Dist_LGD":"328N002","Subdis_LGD":"2172"},"geometry":{"type":"Polygon","coordinates":[[[89.78361170790785,26.49486659054757],[89.78138212286169,26.495762744136822],[89.77890051642937,26.496605126941585],[89.77595946084466,26.497316558720563],[89.77478739024666,26.498408572274208],[89.77345768556772,26.500035991128232],[89.7729106694401,26.50147674649647],[89.772859489975,26.50205971383635],[89.77355172671763,26.50395006613642],[89.77552909137994,26.504024374879606],[89.77598093645399,26.507800646028098],[89.78008312852339,26.50761244019282],[89.77983757511366,26.510116539782732],[89.78483078933041,26.50944614408158],[89.78624428413151,26.509423037506693],[89.7884471655632,26.508658148284592],[89.78991632517865,26.5088639969133],[89.79032392208154,26.508508644815404],[89.79067073209951,26.508749982294557],[89.79019624883198,26.509864554637822],[89.79039554475162,26.510641120145248],[89.79162742628222,26.510986934145016],[89.7915505434964,26.512368917638526],[89.79167524468136,26.513999589244467],[89.79149234535545,26.515541721795906],[89.79316229969507,26.51556296880008],[89.79456601793646,26.51678961208157],[89.79484004224321,26.51650904626828],[89.79460123595702,26.51534528792111],[89.79551288582452,26.514889809641186],[89.79778397453998,26.515075331385695],[89.79988036214611,26.514880782802322],[89.80199093816061,26.516716027291515],[89.80313000752037,26.517365819799128],[89.80445597592552,26.516626946214185],[89.8043634831267,26.514472348094884],[89.8049507809765,26.514496883355804],[89.80539189876062,26.51552129712664],[89.80687195240367,26.515758328313378],[89.80702810437215,26.51516878120075],[89.80835519106404,26.51489000690106],[89.80762909151525,26.514313326859366],[89.80755043692292,26.513759983013237],[89.80776958171414,26.513286488813574],[89.80819004724725,26.512637598241],[89.80835848146148,26.51193502485478],[89.80828059522365,26.511413244865764],[89.80809921333758,26.510965685215304],[89.8074404910314,26.510477902435408],[89.80691383048972,26.510677748450107],[89.80577249458405,26.51055134250763],[89.80525411749817,26.510060786082985],[89.8043391743522,26.509758481734657],[89.80352447385678,26.50862862569997],[89.80274476406682,26.507493565259384],[89.80253181680031,26.506157882134218],[89.80271764055507,26.50575723223769],[89.8035094201736,26.50511910022654],[89.80403904850128,26.50442296137654],[89.80471592951879,26.504215660781473],[89.80469464872655,26.503958933441666],[89.8041722552996,26.503301530125498],[89.80379972588895,26.502208088666478],[89.80305204368793,26.501564132903088],[89.80303101179946,26.501523944485843],[89.80291171966726,26.501566890891798],[89.80218002713079,26.501581272018587],[89.8007515500758,26.500982259196466],[89.79961696526841,26.500923335079573],[89.7978547467244,26.501034615459112],[89.79712418482896,26.5000609609395],[89.79532202410503,26.500800071451167],[89.79459610679983,26.500845879717172],[89.79328350548964,26.500889643980383],[89.79193287493959,26.50081233294323],[89.79146830618612,26.500054495430422],[89.79150380320405,26.499034230555917],[89.7913020231005,26.49836147484941],[89.79051608225961,26.497582853917216],[89.79014719164822,26.49704870751176],[89.79034437537199,26.49628693855386],[89.78956172418292,26.49564358846415],[89.78801266128829,26.495443799181384],[89.78514865365364,26.495395997280976],[89.78361170790785,26.49486659054757]]]}},{"type":"Feature","properties":{"Village_Name":"Barobisha","Village_Code":"307198","Block_Name":"Kumargram","District":"Alipurduar","Vill_Cat":"rural","State_LGD":"19","Dist_LGD":"328N002","Subdis_LGD":"2172"},"geometry":{"type":"Polygon","coordinates":[[[89.78795222204177,26.488163609050424],[89.78728592306305,26.48984584268307],[89.78686375412558,26.49104960903342],[89.78692778855363,26.491833338840614],[89.78798177287362,26.492295459235187],[89.79005479533718,26.49177220485108],[89.79100246037338,26.49177622074255],[89.79213805461472,26.492295359071004],[89.79235551716516,26.49320239891777],[89.79154511990501,26.494107003867406],[89.78961565142515,26.494555291734933],[89.78801266128829,26.495443799181384],[89.78956172418292,26.49564358846415],[89.79034437537199,26.49628693855386],[89.79014719164822,26.49704870751176],[89.79051608225961,26.497582853917216],[89.7913020231005,26.49836147484941],[89.79150380320405,26.499034230555917],[89.79146830618612,26.500054495430422],[89.79193287493959,26.50081233294323],[89.79328350548964,26.500889643980383],[89.79459610679983,26.500845879717172],[89.79532202410503,26.500800071451167],[89.79712418482896,26.5000609609395],[89.7978547467244,26.501034615459112],[89.79961696526841,26.500923335079573],[89.8007515500758,26.500982259196466],[89.80218002713079,26.501581272018587],[89.80291171966726,26.501566890891798],[89.80303101179946,26.501523944485843],[89.80468551710868,26.500900425354082],[89.80593024506226,26.500952630347037],[89.80648760709046,26.50160482781573],[89.80728484244378,26.502017711439322],[89.80814293439987,26.500809823468177],[89.81094353120703,26.50030802208731],[89.81111074732098,26.500791949105782],[89.81343793521354,26.5012332738878],[89.81338324640532,26.50330955964587],[89.81422915669378,26.503455273126555],[89.81455598247132,26.502875885342746],[89.81475793977802,26.50272753716357],[89.81569681829517,26.50257366030071],[89.81573167328246,26.501124840954105],[89.81854654273954,26.501209079560038],[89.81882029716037,26.501948033767768],[89.82219376809033,26.501705363776264],[89.82287336025725,26.502021236064504],[89.82319379206376,26.50282241384474],[89.82379270499477,26.502914313762155],[89.82504538748822,26.49837369689503],[89.83239254040383,26.497023445602316],[89.83605485287676,26.496301036864327],[89.8343297049175,26.49526165212245],[89.83345087072357,26.493772349121322],[89.83233171611947,26.49249984288408],[89.83214902364024,26.491592192712726],[89.83351458714431,26.490852288432013],[89.83568459450028,26.490615177641615],[89.83526776444273,26.48854376730985],[89.8347687915719,26.48782285816891],[89.83403725679062,26.486817845329313],[89.8344517005307,26.486137430422687],[89.83445048616781,26.484657756336237],[89.83491107579403,26.483611009961106],[89.83574326919896,26.482998981813235],[89.83658251417262,26.482061997847815],[89.83710461330415,26.48127567695072],[89.8373775643591,26.48014243032609],[89.83690342317003,26.47961501796572],[89.83632441963935,26.479716755306505],[89.83600689685704,26.48025990865712],[89.83541719043441,26.481151329272482],[89.8347496143089,26.481525497058367],[89.83325844333434,26.4810227879447],[89.83131301919113,26.480393738518647],[89.82989027233788,26.480841516504498],[89.82950009684902,26.481489858592383],[89.8292575976815,26.483051062690286],[89.82866895467393,26.48439807820177],[89.82694159389946,26.484896982190023],[89.82715925787136,26.490103211997297],[89.82538300298809,26.49024667994697],[89.82527870181173,26.488647235229713],[89.82250412606977,26.488557803329073],[89.82198093869978,26.48704784494262],[89.82057827590478,26.487296641928474],[89.82069902989073,26.48834087726946],[89.81420544634824,26.48828868597167],[89.81372741228053,26.487598861701233],[89.80971290411463,26.48847198797511],[89.80919143998486,26.487850671562477],[89.80564941806365,26.48774444130319],[89.80436479052635,26.486249378479584],[89.8025929806431,26.48616239398766],[89.79449910664498,26.486271556157188],[89.78807066357699,26.486839458497304],[89.78795222204177,26.488163609050424]]]}},{"type":"Feature","properties":{"Village_Name":"Dakshin Narathali","Village_Code":"307164","Block_Name":"Kumargram","District":"Alipurduar","Vill_Cat":"rural","State_LGD":"19","Dist_LGD":"328N002","Subdis_LGD":"2172"},"geometry":{"type":"Polygon","coordinates":[[[89.72390356476151,26.480468212640538],[89.72513191193751,26.480259783305893],[89.72580940459518,26.48135216714257],[89.72983572260648,26.48074282791168],[89.73206614840254,26.48135881633129],[89.73391179732933,26.481179094495204],[89.73604923318427,26.480619297913773],[89.73703840274261,26.482589898565394],[89.74179528051927,26.481501520781638],[89.74144223115982,26.479721753453273],[89.74261697172511,26.479157797261635],[89.74267411427155,26.47797468791972],[89.74252244216883,26.476019614734305],[89.74120136919069,26.474005801734602],[89.74080493235955,26.473142697436305],[89.74192861636962,26.47211955856423],[89.74347728952333,26.47189580028894],[89.7438336873166,26.4708603281918],[89.74341911195641,26.46754332580615],[89.74359916868333,26.46520290864353],[89.74305428402522,26.46209593528506],[89.7448178288691,26.46184999479613],[89.74537724967718,26.45965567318219],[89.74736183277122,26.459432521215536],[89.74821232800322,26.459154484648646],[89.74893786284208,26.45894032383149],[89.7486513179309,26.457725184571263],[89.74843631792926,26.457160876404267],[89.74833160847504,26.45667339510309],[89.747379188187,26.456550697069275],[89.74722895716407,26.456514160280292],[89.74652207047521,26.456342246042457],[89.74501330266442,26.45596179989977],[89.74539101591904,26.454504541428484],[89.74592450274427,26.45272243668365],[89.74597445640731,26.452496222352405],[89.74605223560522,26.452144000692744],[89.74588782290569,26.452025934413182],[89.74411210191053,26.448793744488718],[89.74241629244007,26.448506005688998],[89.7404411704307,26.449121398235192],[89.73784104834982,26.45170674780238],[89.73764539493608,26.45339329529536],[89.73786272058327,26.456434400906588],[89.7379725211512,26.459802396550355],[89.73743181606277,26.461734671131463],[89.73635668295589,26.462689167773853],[89.73180188923799,26.46211772700683],[89.72903557937977,26.460654765147115],[89.72724334538186,26.46053562425636],[89.72519975340518,26.461873975513154],[89.72462767436988,26.462696973910678],[89.72487528112059,26.464483329344176],[89.72561878392824,26.465190980149796],[89.72702718642019,26.465822763373186],[89.72794120956151,26.46568348549309],[89.7295586079168,26.465187877177883],[89.73077077611663,26.4655752396388],[89.73164204188402,26.46553601026782],[89.73372314379031,26.466633070511694],[89.7359382950462,26.468097471258424],[89.73750705828861,26.469993804480968],[89.73764250195569,26.471267963872506],[89.73672565219454,26.47361799951449],[89.73552451448096,26.474971924993866],[89.73246764864088,26.47522899998127],[89.72969339973531,26.475142239422297],[89.72668342179725,26.4752629475721],[89.7253110529429,26.47446355363178],[89.72410616803299,26.472474413576286],[89.72312892879407,26.471847913392264],[89.72126152962973,26.472163250398566],[89.720380206393,26.471990568411773],[89.72079249819943,26.47374672228043],[89.72060599382257,26.475193972518355],[89.72009775243001,26.476390198521784],[89.71881423893856,26.47723576150071],[89.71914016995655,26.478091256698654],[89.71917954918197,26.478699564499582],[89.71736022481593,26.48063809875014],[89.71567359637191,26.4824658095598],[89.71423838700635,26.483900725920574],[89.71427499086941,26.484391789177312],[89.71502861313176,26.485739938217158],[89.7165586373821,26.487483849181643],[89.71860322540994,26.484886853640997],[89.7196420415503,26.482800767426063],[89.72061812431085,26.481884361010437],[89.72186498200475,26.48118384772397],[89.72390356476151,26.480468212640538]]]}},{"type":"Feature","properties":{"Village_Name":"Dakshin Kamakhyaguri","Village_Code":"307166","Block_Name":"Kumargram","District":"Alipurduar","Vill_Cat":"rural","State_LGD":"19","Dist_LGD":"328N002","Subdis_LGD":"2172"},"geometry":{"type":"Polygon","coordinates":[[[89.73316578453927,26.45386710914435],[89.7334001910013,26.452757297191603],[89.73764539493608,26.45339329529536],[89.73784104834982,26.45170674780238],[89.7404411704307,26.449121398235192],[89.74241629244007,26.448506005688998],[89.74411210191053,26.448793744488718],[89.74588782290569,26.452025934413182],[89.74605223560522,26.452144000692744],[89.74628219904436,26.451102606193153],[89.74724606303423,26.44995727293001],[89.74776837169654,26.449149861231025],[89.74807863319113,26.447794866218736],[89.74809585722483,26.447719641056704],[89.74812168526248,26.447047201467765],[89.74809755178336,26.446149156146767],[89.74800343736828,26.44517431867235],[89.74788043976051,26.444724746048617],[89.74777371193568,26.44433463725868],[89.74781499041374,26.443710828493124],[89.74782984721183,26.443486298278977],[89.74774303490375,26.441802058567173],[89.74773656536406,26.441676545291585],[89.74776258995358,26.440801084788184],[89.74751795244573,26.439966019839574],[89.74720853820101,26.43871560875086],[89.74715845512624,26.43867046454885],[89.74510882815265,26.43859997087481],[89.74321435602829,26.43907091635795],[89.74230242781573,26.439500329628345],[89.74193705343517,26.440078321617012],[89.73989302710085,26.444374608597105],[89.73958081789108,26.44503080356589],[89.73879919088068,26.445500737339707],[89.73675290174485,26.444563672831613],[89.73412962772912,26.442999694708558],[89.7334323272206,26.44250378031129],[89.7284007280355,26.444312663807867],[89.72779410185994,26.444222832707503],[89.72662942921204,26.4432601175602],[89.72654492084062,26.44319026234641],[89.72623849694186,26.44243230763598],[89.72607541431881,26.439363687048367],[89.7260114117098,26.438625880960824],[89.7259133520922,26.437495478854615],[89.7256120457011,26.43680067451303],[89.72535104486049,26.436489484870584],[89.7243025835938,26.435578570865466],[89.72204092398384,26.434510578287636],[89.72005561854641,26.434146324192557],[89.71851641867617,26.43378176384123],[89.71493729058079,26.43366675013642],[89.71350379550194,26.43391586645323],[89.71263546423097,26.434514248356468],[89.71457044695191,26.435744162203886],[89.71460230857856,26.435764413403252],[89.71032442177753,26.436269734104318],[89.7089900988963,26.437071038340108],[89.70752805696146,26.440126036793522],[89.70497423583332,26.44064363090251],[89.70483086107339,26.440727555284663],[89.70325372387175,26.44165071086337],[89.70146645983333,26.443019962073326],[89.69986780230862,26.44302312261049],[89.69938661528228,26.443235240217216],[89.69914945325125,26.445315062663255],[89.69945822111131,26.446734894313863],[89.6999265963731,26.447691523661547],[89.70087418757423,26.44835034500529],[89.70296824638943,26.448310723597906],[89.70455474051434,26.448213010716735],[89.70687796521604,26.447257650645135],[89.70857235954236,26.44598934807035],[89.71172593271572,26.44283004557387],[89.71291690783504,26.442753288362518],[89.71434945748844,26.442933602140283],[89.71540428839077,26.443676006713254],[89.71641521194013,26.444468864508362],[89.717118456625,26.44581798047485],[89.71714962023579,26.446931743926466],[89.71641840075723,26.44780736521438],[89.71644387203737,26.44782492705955],[89.71882834653401,26.447775036648693],[89.71918080237081,26.447204379726106],[89.72111863799431,26.447343418504975],[89.72358944410969,26.444999935129033],[89.72402573695561,26.445650300714398],[89.72647451002409,26.447268330174364],[89.72482003629155,26.44894662411109],[89.72491017011122,26.450645758569397],[89.72434619666981,26.450746750912465],[89.72440368844039,26.45148554738432],[89.7249142054823,26.45209388812017],[89.72462871795484,26.452527932545802],[89.7248051576877,26.453422363359046],[89.72625113234717,26.454166234527996],[89.72870988656705,26.454498234120425],[89.72999974621221,26.454996914398315],[89.73169693793736,26.454278699299095],[89.73316578453927,26.45386710914435]]]}},{"type":"Feature","properties":{"Village_Name":"Jayanti Tea Garden","Village_Code":"307156","Block_Name":"Kumargram","District":"Alipurduar","Vill_Cat":"rural","State_LGD":"19","Dist_LGD":"328N002","Subdis_LGD":"2172"},"geometry":{"type":"Polygon","coordinates":[[[89.71497300419622,26.698979176772774],[89.71507643815292,26.694355356984893],[89.71539451999246,26.69040175156725],[89.71532149168264,26.687745903224506],[89.71531282737696,26.682932347754782],[89.71526365556097,26.681070057718877],[89.71550160839266,26.67564273429544],[89.71532079760901,26.675641681188186],[89.70828690497804,26.675500852275864],[89.7036427091989,26.675756304736872],[89.70037828661374,26.675534216422392],[89.694391259801,26.675706628452772],[89.68774391062155,26.675561951616448],[89.68311444552018,26.676236026592935],[89.67654945268603,26.676179498525414],[89.6768160798491,26.677703884543956],[89.67671904466158,26.68193303001771],[89.67649036018769,26.685686433127096],[89.67587728195791,26.6893252722104],[89.6714333517525,26.689368395705568],[89.67071611560344,26.692855789012416],[89.67105337392283,26.69396379334819],[89.67156648458072,26.695934702514016],[89.67145899694842,26.69692475456058],[89.6702528276444,26.698833287329],[89.67038286811672,26.700531693282468],[89.67079493934119,26.701615729377643],[89.67236155429822,26.701590739013167],[89.67587684919384,26.70133950262098],[89.67754625484953,26.701199727101244],[89.6795721643148,26.699767413721172],[89.68077170061397,26.69972670643029],[89.68191785328075,26.700408841047874],[89.68488710392265,26.701507625350104],[89.69058177321016,26.701873441537163],[89.70199405863669,26.702085122213337],[89.71026087153786,26.701404094474174],[89.71490822939954,26.70187464930286],[89.71497300419622,26.698979176772774]]]}},{"type":"Feature","properties":{"Village_Name":"Jayanti Tea Garden II","Village_Code":"307158","Block_Name":"Kumargram","District":"Alipurduar","Vill_Cat":"rural","State_LGD":"19","Dist_LGD":"328N002","Subdis_LGD":"2172"},"geometry":{"type":"Polygon","coordinates":[[[89.72048836219653,26.66845525527098],[89.71964015619388,26.675455231211654],[89.71552873313533,26.67551589455255],[89.71532079760901,26.675641681188186],[89.71550160839266,26.67564273429544],[89.71526365556097,26.681070057718877],[89.72934121534972,26.67962707991043],[89.7341382795426,26.67946257415065],[89.73507599370214,26.678352746311322],[89.73503173220291,26.675867809791722],[89.73577821664638,26.675163179010386],[89.73468118433682,26.667492351218634],[89.73421289675251,26.66680661060666],[89.73365104627837,26.665987327961307],[89.72729110630159,26.666709651606087],[89.72323130097244,26.667026680817767],[89.72080522265613,26.66678445842631],[89.72063937731502,26.666778614010248],[89.72048836219653,26.66845525527098]]]}},{"type":"Feature","properties":{"Village_Name":"Rahimabad Tea Garden","Village_Code":"307155","Block_Name":"Kumargram","District":"Alipurduar","Vill_Cat":"rural","State_LGD":"19","Dist_LGD":"328N002","Subdis_LGD":"2172"},"geometry":{"type":"Polygon","coordinates":[[[89.71964015619388,26.675455231211654],[89.72048836219653,26.66845525527098],[89.72063937731502,26.666778614010248],[89.72118780365243,26.660479140878955],[89.70860140770728,26.660336286746496],[89.7003744322229,26.660452358803962],[89.69590985850972,26.660207842980988],[89.68956952716186,26.66026941374822],[89.68321632065603,26.66042568598833],[89.67204435409953,26.66065437750023],[89.67248706174693,26.662198024121352],[89.67206354613079,26.667078478689394],[89.67188986176636,26.675351431757466],[89.67654945268603,26.676179498525414],[89.68311444552018,26.676236026592935],[89.68774391062155,26.675561951616448],[89.694391259801,26.675706628452772],[89.70037828661374,26.675534216422392],[89.7036427091989,26.675756304736872],[89.70828690497804,26.675500852275864],[89.71532079760901,26.675641681188186],[89.71552873313533,26.67551589455255],[89.71964015619388,26.675455231211654]]]}},{"type":"Feature","properties":{"Village_Name":"Saudamini Tea Garden","Village_Code":"307109","Block_Name":"Kalchini","District":"Alipurduar","Vill_Cat":"rural","State_LGD":"19","Dist_LGD":"328N002","Subdis_LGD":"2171"},"geometry":{"type":"Polygon","coordinates":[[[89.33046349375046,26.687742771311964],[89.33027420899965,26.689302606836517],[89.3297387137642,26.690141652548434],[89.3293349926555,26.69128536677462],[89.32830099554148,26.69256125292771],[89.32861666076842,26.693756334057277],[89.32877546164892,26.694895327735136],[89.33075113386805,26.69619851927707],[89.33144400752856,26.696426286898106],[89.33146449308788,26.6966921728304],[89.33073881744646,26.697074097919657],[89.33023894211613,26.697443287915473],[89.3308912462725,26.698145509918152],[89.33091173197018,26.698411395418802],[89.33155773786373,26.699050546147795],[89.33183288680418,26.700720067785134],[89.33179930146657,26.702277343519135],[89.3329590615111,26.702240230628917],[89.33372730992849,26.70246674523989],[89.33371553258415,26.704353054855723],[89.33266679430454,26.704415423914543],[89.33224213905558,26.704778872371264],[89.33162307595656,26.704477702467095],[89.33051326865727,26.704748622944393],[89.33145250471188,26.705229537734795],[89.33249406802052,26.70604718269951],[89.33353779977085,26.705984896551268],[89.33406805847787,26.70710423258318],[89.33400751864369,26.708323532773726],[89.33350025030207,26.70956371833873],[89.33230797194211,26.710720409688555],[89.33151829911898,26.71117107840571],[89.33108712368183,26.711462436260156],[89.33135659206563,26.714084130803457],[89.33197646835448,26.715901396448952],[89.33193511575192,26.717323430898166],[89.33201874980746,26.718468163405863],[89.33130703531714,26.719048406625486],[89.33049671954149,26.71922867652468],[89.32848701444108,26.719482786554757],[89.32751987626473,26.719611468262716],[89.32722564091144,26.72070825958747],[89.32652028632789,26.721356058909212],[89.32646560653623,26.721632202589],[89.32671972151807,26.72202059857782],[89.32623243693533,26.722520428048806],[89.32635799499431,26.723258376151097],[89.32654952203157,26.724275000931897],[89.32748405722114,26.723776854912035],[89.32837138244055,26.723428383221716],[89.32903664549845,26.72278574516447],[89.32981179569943,26.722357886305268],[89.33129683683293,26.723231415931227],[89.33205882321079,26.723390351880465],[89.33253189713837,26.72268768697827],[89.3333558966289,26.721699490086674],[89.33387783375834,26.721668340017175],[89.33407219703139,26.722328438495552],[89.3349016483923,26.72234636989926],[89.33790280452679,26.721430578554237],[89.341488773624,26.721348854880237],[89.34245738179106,26.72129224913518],[89.34316393317884,26.720707526054134],[89.34305543360314,26.720316756315906],[89.34264928825233,26.719867732113443],[89.34233130734525,26.719552617328407],[89.34227597513659,26.718813527924627],[89.34199940902673,26.717085403861727],[89.34315398359225,26.71654291754623],[89.34265067561451,26.71527427387667],[89.34276057357589,26.714261723132665],[89.34339750434894,26.713714247361477],[89.34365745433864,26.71315946256779],[89.34376114658365,26.712580185681578],[89.3438354425028,26.71203749223346],[89.34335418064823,26.710863243039185],[89.34304934147036,26.709225830320687],[89.34331023186114,26.709207984711014],[89.34202324417187,26.706959590532986],[89.34127986259196,26.70451269939512],[89.34073544643728,26.703195088083366],[89.34088568029958,26.70243455511158],[89.34061199241789,26.702317240536768],[89.34000914689894,26.7023181595411],[89.3395012130274,26.702046777612477],[89.33893623382457,26.700458762413067],[89.34023725287992,26.698731687405125],[89.34201996926602,26.69697860438363],[89.34381323054804,26.69525240109978],[89.34331863079984,26.693667752734786],[89.34306350050608,26.692737934998284],[89.34302174101347,26.692170083367994],[89.34334372168665,26.691948180152306],[89.34363843234539,26.69186660573635],[89.34390751694659,26.69151472139161],[89.34378293357432,26.691318240034885],[89.3434052927788,26.691274841649587],[89.34270390374343,26.69087580844621],[89.34163276201369,26.690573116904652],[89.33999077183576,26.69060471010429],[89.33997128005588,26.689896611068363],[89.3400913155068,26.685937401519062],[89.34024733477125,26.683001875253318],[89.3403529989822,26.67833898993969],[89.34029030332137,26.67699086387771],[89.3399587348734,26.675511800885392],[89.34056802508344,26.67460382277414],[89.33984828050048,26.67403811782559],[89.33909302232857,26.673946780243746],[89.33811988100373,26.674007930671547],[89.3372694356115,26.674667184456258],[89.33700450483232,26.675222038842644],[89.33727774084397,26.67581315790125],[89.33638611425336,26.67593161536593],[89.3357840498005,26.675964081838277],[89.33567338263215,26.676448713951345],[89.33588045883401,26.677243975118735],[89.33575818659708,26.67765208949459],[89.33518180499539,26.67795937883965],[89.33431073551029,26.67834822082055],[89.33457954256244,26.67995467422086],[89.33301558597493,26.68011123972413],[89.33270671879642,26.680729981585515],[89.33261214007727,26.681512155277808],[89.33221380143611,26.682177488825513],[89.33150940339823,26.68261321193221],[89.33242806234863,26.682832757441304],[89.33326362735998,26.682918295725262],[89.33381995984838,26.6833513514061],[89.33373892348627,26.68430476786467],[89.33348399919424,26.684859454060263],[89.33307359205708,26.68542571872129],[89.33236207523905,26.686005955430673],[89.33174458598472,26.685776951270103],[89.33125746706556,26.686276787767135],[89.33132047317028,26.68715113008845],[89.33046349375046,26.687742771311964]]]}},{"type":"Feature","properties":{"Village_Name":"Kalchini Tea Garden","Village_Code":"307138","Block_Name":"Kalchini","District":"Alipurduar","Vill_Cat":"rural","State_LGD":"19","Dist_LGD":"328N002","Subdis_LGD":"2171"},"geometry":{"type":"Polygon","coordinates":[[[89.49649921718907,26.682826005795953],[89.4884626515227,26.683043826081274],[89.48207776589102,26.68322780876778],[89.47682939848917,26.683477404339964],[89.47065429188052,26.683377470631736],[89.4640285059882,26.683808482652587],[89.46331471537935,26.68331552755238],[89.46225336936664,26.683243702966795],[89.46140508949296,26.683971310552796],[89.46085921939485,26.68474781445281],[89.45822127769482,26.684703284336937],[89.45810456154229,26.685115897933116],[89.45472707718028,26.685251053410294],[89.45441248771944,26.685231931215434],[89.44860125771716,26.684878588602015],[89.44042733556543,26.68479826995158],[89.43655335818552,26.684499347083932],[89.43411815192172,26.68454112849972],[89.43029143536003,26.68457511484361],[89.42429544641327,26.68487617993223],[89.42233175162065,26.685126284235853],[89.42059870246497,26.68511975305648],[89.42070819004333,26.682694898886396],[89.42055753059948,26.677941734514597],[89.4203620676229,26.675346107274958],[89.42018212335695,26.674911502461377],[89.41688959876356,26.67501722160441],[89.41259898399579,26.675189461057276],[89.410909373128,26.67533096427941],[89.40986422672326,26.67602552399954],[89.40842650109984,26.676920756786373],[89.40799158903589,26.67725751752647],[89.40710186467282,26.677940398217515],[89.4048088159631,26.680203729774693],[89.40396792937977,26.68106173744508],[89.40362431335632,26.681442061445576],[89.40360725196123,26.681825880510083],[89.40385326570521,26.68277828248178],[89.40473505542307,26.685303666193512],[89.4052492009322,26.68682455915024],[89.40626038304357,26.68928907880277],[89.40686106874604,26.69062350022568],[89.40751975606037,26.69208778486332],[89.40881392706848,26.69367213155813],[89.4115377606742,26.696590315194044],[89.41291256152508,26.69794313100552],[89.41482381597824,26.69971996271296],[89.41584014330135,26.700984093437754],[89.41606246083231,26.701282617042818],[89.4160767893514,26.701485416332645],[89.41597154510568,26.701735372891083],[89.41539393164744,26.702692744608957],[89.4146486080871,26.703797354355668],[89.41417360224968,26.70485675330389],[89.41413162771607,26.705962927138234],[89.41413073980277,26.70663524274178],[89.41337735007295,26.706882689237137],[89.41346892935307,26.707413557131666],[89.4135482776652,26.707840855123465],[89.4179771069919,26.707494710509298],[89.42197464571665,26.707661144329474],[89.4264079158776,26.707526729447498],[89.43115019213963,26.70751321693255],[89.43564726798206,26.70730973916405],[89.44141948660214,26.707535382061582],[89.44592945340759,26.70746671647285],[89.44907535259271,26.707277079928215],[89.45291794246491,26.70724678471059],[89.45656553564596,26.707260370029548],[89.46191915170257,26.707411206960423],[89.4661280215494,26.707360660475054],[89.4697333713263,26.70727988901103],[89.47836152960258,26.707386592066808],[89.48502981410124,26.70700372969321],[89.49149261017004,26.706876832549078],[89.4933726157829,26.702778559968422],[89.49475752042784,26.699248451853705],[89.49651810969308,26.693600145779023],[89.4979136710713,26.689185490210438],[89.49916510641046,26.685305768723243],[89.49649921718907,26.682826005795953]]]}},{"type":"Feature","properties":{"Village_Name":"Atiabari Tea Garden","Village_Code":"307142","Block_Name":"Kalchini","District":"Alipurduar","Vill_Cat":"rural","State_LGD":"19","Dist_LGD":"328N002","Subdis_LGD":"2171"},"geometry":{"type":"Polygon","coordinates":[[[89.4510447241643,26.639887578828823],[89.45058612303107,26.640269808719754],[89.4503194457951,26.6404920741432],[89.44916519957098,26.641454079676144],[89.447463332307,26.64287762473538],[89.446156807265,26.64400557364386],[89.44547405440238,26.64448206776102],[89.44407007989761,26.644808531340953],[89.4448115851646,26.64685327017683],[89.45275672115181,26.646693774437573],[89.4576438893848,26.64653261794784],[89.46161693957418,26.646360062576818],[89.4653764678921,26.646299389835608],[89.47514113598773,26.645768659955678],[89.47951036354874,26.64580979094175],[89.48621528775648,26.645661039645926],[89.4878409049143,26.64560551288697],[89.49038452961413,26.645511320271016],[89.4961628363764,26.645008358984857],[89.50023813570843,26.64469757279953],[89.50086450316135,26.64187561176446],[89.50141921174213,26.63876163528871],[89.50169440899029,26.636415094822645],[89.50165992815464,26.63391157514981],[89.50129041426378,26.630777767755237],[89.49692102542141,26.630701185627796],[89.49241640114276,26.630870486265184],[89.4875007211361,26.6310693983818],[89.48069014601228,26.631400489598025],[89.47488545700433,26.63181751983436],[89.4655269292659,26.632268934039267],[89.46395822295378,26.632395401734435],[89.46329314672484,26.632285105066188],[89.46125950675412,26.631801452170052],[89.45863479557198,26.633958508199314],[89.45647645782331,26.635568574610513],[89.45606509563942,26.63587543177657],[89.45576914049438,26.636120870130895],[89.45328408922016,26.638181685636976],[89.45328190418687,26.638194498183573],[89.45326333145667,26.63827569549792],[89.45323996686416,26.638365096479454],[89.45323735236276,26.638374647769755],[89.45321295804051,26.638463786530593],[89.45318345268674,26.6385728519712],[89.45313983981117,26.638685948643623],[89.45307213620687,26.638795969640896],[89.45298391601675,26.638902852085725],[89.45287875571523,26.63900653664591],[89.45276023281242,26.6391069639309],[89.45263192374239,26.639204073701183],[89.45249740685695,26.639297803768414],[89.45236025664235,26.63938809495423],[89.45222405385799,26.639474889557356],[89.45209236953706,26.639558123104436],[89.45196753827845,26.639627694503044],[89.45184959062509,26.639675548476987],[89.45173866204733,26.639704703250587],[89.45163488772461,26.639718173376544],[89.4515384029578,26.639718975240694],[89.4514493410609,26.63971012626845],[89.45136783928184,26.63969464180297],[89.45131848480617,26.63968186754461],[89.4510447241643,26.639887578828823]]]}},{"type":"Feature","properties":{"Village_Name":"Bhutri","Village_Code":"307132N131","Block_Name":"Kalchini","District":"Alipurduar","Vill_Cat":"rural","State_LGD":"19","Dist_LGD":"328N002","Subdis_LGD":"2171"},"geometry":{"type":"Polygon","coordinates":[[[89.42037311811868,26.758145422283867],[89.4151303837414,26.756540455933166],[89.40921776588611,26.75821001486101],[89.41084751437691,26.764539315445795],[89.41930014314791,26.767385080567315],[89.4255684521011,26.766355551875453],[89.42466933318249,26.76273280413096],[89.42380398876934,26.759245567611703],[89.42037311811868,26.758145422283867]]]}},{"type":"Feature","properties":{"Village_Name":"Pana","Village_Code":"307132N130","Block_Name":"Kalchini","District":"Alipurduar","Vill_Cat":"rural","State_LGD":"19","Dist_LGD":"328N002","Subdis_LGD":"2171"},"geometry":{"type":"Polygon","coordinates":[[[89.44910859411856,26.791924865454426],[89.44488191828269,26.787631146161292],[89.44156078430525,26.784708938602158],[89.43745240425433,26.78245937231408],[89.42957394128435,26.785100738830142],[89.4294913154092,26.794070759590266],[89.43005872184018,26.795239019077055],[89.43105926514025,26.794849500062906],[89.43770663443564,26.793706437080125],[89.44406341352618,26.79261771831839],[89.44583508050309,26.79223969474275],[89.44905830494993,26.792030556229484],[89.44910859411856,26.791924865454426]]]}},{"type":"Feature","properties":{"Village_Name":"Raimatang","Village_Code":"307144N145","Block_Name":"Kalchini","District":"Alipurduar","Vill_Cat":"rural","State_LGD":"19","Dist_LGD":"328N002","Subdis_LGD":"2171"},"geometry":{"type":"Polygon","coordinates":[[[89.45974995455438,26.7910059464719],[89.45939302669113,26.794269773221956],[89.45851218848482,26.796554584058843],[89.45620021525338,26.798458160055983],[89.45439389818173,26.797930015406696],[89.45704938583104,26.804919633447618],[89.45981646669894,26.80216278549878],[89.46170041440813,26.800415172943676],[89.46135847306036,26.79437599445905],[89.45974995455438,26.7910059464719]]]}},{"type":"Feature","properties":{"Village_Name":"Adma Panbari","Village_Code":"307145N166","Block_Name":"Kalchini","District":"Alipurduar","Vill_Cat":"rural","State_LGD":"19","Dist_LGD":"328N002","Subdis_LGD":"2171"},"geometry":{"type":"Polygon","coordinates":[[[89.48107328067708,26.801773037437258],[89.4788007945668,26.793161172937552],[89.4732123787909,26.78614129496221],[89.4690332254584,26.781834006506983],[89.46594018009797,26.78270005909328],[89.46290608422437,26.784435826125424],[89.46065966322308,26.78703316099963],[89.45974995455438,26.7910059464719],[89.46135847306036,26.79437599445905],[89.46170041440813,26.800415172943676],[89.45981646669894,26.80216278549878],[89.45704938583104,26.804919633447618],[89.45850166511961,26.80874187228366],[89.45956274786094,26.807627522598473],[89.46016294523825,26.806973820385434],[89.46089792006623,26.80611736876336],[89.4634244299132,26.80523986643679],[89.46470370949818,26.804671816384246],[89.4665605367694,26.803884161182168],[89.46739602892865,26.803545415379993],[89.4684791938978,26.80307823274995],[89.4693867846578,26.802730501024026],[89.46943308854009,26.802728692876876],[89.47241418485126,26.802612255289166],[89.47421544010649,26.802711214957686],[89.47533695839498,26.80286311462352],[89.47587222999853,26.802883536387004],[89.47863406366729,26.80229302311873],[89.48107328067708,26.801773037437258]]]}},{"type":"Feature","properties":{"Village_Name":"Tashi Gaon","Village_Code":"307145N163","Block_Name":"Kalchini","District":"Alipurduar","Vill_Cat":"rural","State_LGD":"19","Dist_LGD":"328N002","Subdis_LGD":"2171"},"geometry":{"type":"Polygon","coordinates":[[[89.59620882717255,26.791023268543004],[89.5940794513889,26.78380312968635],[89.5814610644072,26.781381943080373],[89.5726346576562,26.783084976492663],[89.57440306154004,26.789891832934916],[89.57610194656188,26.79305468351737],[89.57841366336076,26.796035409804382],[89.57898928572068,26.795893064342366],[89.57902148844771,26.795877812648854],[89.57961897119675,26.795594842371038],[89.57970819821466,26.795576637414808],[89.57996696491142,26.795523842326393],[89.58074306810185,26.79541808055516],[89.58082460124955,26.79538422405159],[89.58114490603413,26.79525121602563],[89.58184166968877,26.794893165960122],[89.58232426800414,26.794582502272164],[89.58242903241965,26.794562563576868],[89.58269271559894,26.794512378743235],[89.58352872698913,26.794369946077957],[89.5838632546857,26.79432290301954],[89.58394657595508,26.794288922539867],[89.58418471043225,26.794191804618777],[89.5848415930608,26.793761610836043],[89.58551223246907,26.793223430951542],[89.58606155535571,26.79294895362794],[89.5863968062625,26.792697865316185],[89.58680045374675,26.792240578912892],[89.58733550885597,26.791992411911245],[89.58739930130619,26.791985727373135],[89.58766998533723,26.791957361838005],[89.58817781295019,26.79206683833448],[89.58864380776339,26.79216901972387],[89.589715013195,26.792299274670885],[89.59030503906031,26.79231173298845],[89.59135971924007,26.792387969221373],[89.59249663713584,26.79235518357285],[89.59305859852262,26.792284758148337],[89.59377621439927,26.792197637885607],[89.59461142778193,26.79178667105456],[89.59502704949693,26.79158216242164],[89.59620882717255,26.791023268543004]]]}},{"type":"Feature","properties":{"Village_Name":"Santra Bari","Village_Code":"307145N159","Block_Name":"Kalchini","District":"Alipurduar","Vill_Cat":"rural","State_LGD":"19","Dist_LGD":"328N002","Subdis_LGD":"2171"},"geometry":{"type":"Polygon","coordinates":[[[89.5709488921793,26.718159647054904],[89.5697468101949,26.71810022373615],[89.56789538958388,26.717538209357414],[89.56618906570336,26.717844313998395],[89.56481445616825,26.71860459937968],[89.56386478247738,26.719943720111072],[89.56282801890148,26.722105551529236],[89.56269716374005,26.72579585499829],[89.56447644126655,26.731245540238227],[89.56958822755863,26.730739135221288],[89.57285643000742,26.729076547531967],[89.57330222072171,26.726001535898526],[89.57184970484263,26.724749268519723],[89.57111331038777,26.72040545279983],[89.5709488921793,26.718159647054904]]]}},{"type":"Feature","properties":{"Village_Name":"Seugaon","Village_Code":"307145N164","Block_Name":"Kalchini","District":"Alipurduar","Vill_Cat":"rural","State_LGD":"19","Dist_LGD":"328N002","Subdis_LGD":"2171"},"geometry":{"type":"Polygon","coordinates":[[[89.5580877757373,26.795263132856196],[89.54987889603534,26.787850661084985],[89.5379830868726,26.789463849006136],[89.53770921961703,26.78985723655823],[89.53233246139389,26.790460019692798],[89.52942176409083,26.792887013216664],[89.52943553521746,26.793072194657064],[89.52949318468693,26.793847453954413],[89.52954552668035,26.794551191831935],[89.52969168295863,26.796516330379657],[89.53610846371508,26.797943360366798],[89.54651247776343,26.79833461610428],[89.5580877757373,26.795263132856196]]]}},{"type":"Feature","properties":{"Village_Name":"Lepchakha Buxa Duar","Village_Code":"307145N156","Block_Name":"Kalchini","District":"Alipurduar","Vill_Cat":"rural","State_LGD":"19","Dist_LGD":"328N002","Subdis_LGD":"2171"},"geometry":{"type":"Polygon","coordinates":[[[89.6021566328578,26.76800132401454],[89.59715288998174,26.76368979994514],[89.59118246852728,26.765280722218744],[89.58794837467174,26.767515187119468],[89.58807630564431,26.77093236714929],[89.59007206854673,26.77134576591183],[89.59330869752405,26.77262988842083],[89.59759713273507,26.77333919441357],[89.60228501150101,26.77141832381679],[89.6021566328578,26.76800132401454]]]}},{"type":"Feature","properties":{"Village_Name":"Nil Para","Village_Code":"307106N127","Block_Name":"Kalchini","District":"Alipurduar","Vill_Cat":"rural","State_LGD":"19","Dist_LGD":"328N002","Subdis_LGD":"2171"},"geometry":{"type":"Polygon","coordinates":[[[89.363105810099,26.847260175646845],[89.3629337667843,26.84720455380823],[89.3577636954368,26.84555381652853],[89.3553376543324,26.846367653102913],[89.3555898492869,26.84776120995713],[89.35727098250942,26.851307051262065],[89.35874941777881,26.854896801484657],[89.35962252232491,26.855221189929683],[89.36058795658157,26.855562560461287],[89.36120288088429,26.855780799182273],[89.36208222223787,26.85609414806882],[89.36315826785427,26.856491251451068],[89.36430798415695,26.856938404974958],[89.36463395173138,26.857044835933767],[89.36527344705269,26.857279743177475],[89.36595601278992,26.85752589131762],[89.36591841002944,26.857426914146036],[89.36519686885241,26.854983857473908],[89.36535563199631,26.854877422078722],[89.36540327093583,26.85402383846994],[89.3647781671126,26.853718452159004],[89.36436392853234,26.851699448740305],[89.36373831128562,26.84894850567558],[89.363105810099,26.847260175646845]]]}},{"type":"Feature","properties":{"Village_Name":"Patkapara Tea Garden","Village_Code":"307245","Block_Name":"Alipurduar - I","District":"Alipurduar","Vill_Cat":"rural","State_LGD":"19","Dist_LGD":"328N002","Subdis_LGD":"2173"},"geometry":{"type":"Polygon","coordinates":[[[89.44273987781025,26.55101561326958],[89.44227037167603,26.545539759952778],[89.43945066342377,26.545349477496128],[89.438440532728,26.547800141722558],[89.43832997198332,26.549952669123286],[89.4386628052327,26.551458339173582],[89.43986720898194,26.550932835574795],[89.44143635578108,26.55088690301449],[89.44273987781025,26.55101561326958]]]}},{"type":"Feature","properties":{"Village_Name":"Gangutia Tea Garden","Village_Code":"307139","Block_Name":"Kalchini","District":"Alipurduar","Vill_Cat":"rural","State_LGD":"19","Dist_LGD":"328N002","Subdis_LGD":"2171"},"geometry":{"type":"Polygon","coordinates":[[[89.47854944025552,26.665603294378247],[89.47845295310556,26.665798170082493],[89.47494618719041,26.669525324685843],[89.4627943855642,26.67810738570061],[89.45441248771944,26.685231931215434],[89.45472707718028,26.685251053410294],[89.45810456154229,26.685115897933116],[89.45822127769482,26.684703284336937],[89.46085921939485,26.68474781445281],[89.46140508949296,26.683971310552796],[89.46225336936664,26.683243702966795],[89.46331471537935,26.68331552755238],[89.4640285059882,26.683808482652587],[89.47065429188052,26.683377470631736],[89.47682939848917,26.683477404339964],[89.48207776589102,26.68322780876778],[89.4884626515227,26.683043826081274],[89.49649921718907,26.682826005795953],[89.49604260323451,26.680772085115976],[89.49523032407063,26.678990617013312],[89.4950470440444,26.676570931808964],[89.49468578341842,26.67266543301681],[89.4957992562872,26.66752482008912],[89.49653802810406,26.66455200432288],[89.49283240756951,26.664806601947596],[89.48946368828038,26.66508226856945],[89.48590203363099,26.665261970780268],[89.48219608822002,26.665272651978476],[89.47854944025552,26.665603294378247]]]}},{"type":"Feature","properties":{"Village_Name":"Dalbadal","Village_Code":"307122N128","Block_Name":"Kalchini","District":"Alipurduar","Vill_Cat":"rural","State_LGD":"19","Dist_LGD":"328N002","Subdis_LGD":"2171"},"geometry":{"type":"Polygon","coordinates":[[[89.3881414226685,26.707571463208946],[89.38844422806967,26.708599643115782],[89.38910478410742,26.709436799714265],[89.39005890836097,26.71037729835005],[89.39027085549088,26.71066250352423],[89.39063681269673,26.71158583428507],[89.39063741826274,26.71209569386617],[89.39036393015947,26.712953094276568],[89.39260028609353,26.714001689759804],[89.40103465529378,26.70872072149962],[89.39872593645669,26.70587544265622],[89.39425798445917,26.702754938391703],[89.38858286247806,26.70621594887532],[89.3881414226685,26.707571463208946]]]}},{"type":"Feature","properties":{"Village_Name":"Godam Bari","Village_Code":"307122N129","Block_Name":"Kalchini","District":"Alipurduar","Vill_Cat":"rural","State_LGD":"19","Dist_LGD":"328N002","Subdis_LGD":"2171"},"geometry":{"type":"Polygon","coordinates":[[[89.39299641174057,26.67730202176578],[89.39294899569958,26.677507346597057],[89.39266363187875,26.678513851399426],[89.39213738596436,26.680011724590194],[89.3920087279167,26.680826077895635],[89.39217527681582,26.68158582267205],[89.39281274921524,26.682527139450865],[89.39320789700447,26.68340936797898],[89.39339847007602,26.683694407476697],[89.40215292684147,26.682710577498092],[89.40378066609578,26.67806156842256],[89.39775948234532,26.677166217422247],[89.39571767227027,26.67701386019325],[89.39299641174057,26.67730202176578]]]}},{"type":"Feature","properties":{"Village_Name":"Uttar Chakirbas","Village_Code":"307322","Block_Name":"Alipurduar - II","District":"Alipurduar","Vill_Cat":"rural","State_LGD":"19","Dist_LGD":"328N002","Subdis_LGD":"2174"},"geometry":{"type":"Polygon","coordinates":[[[89.71426936262347,26.558742021203482],[89.71265546434658,26.558578578090827],[89.71172854782941,26.559221434730254],[89.71149410549683,26.560406600206694],[89.71203145360224,26.56149157801248],[89.7135094036067,26.559915966367043],[89.71426936262347,26.558742021203482]]]}},{"type":"Feature","properties":{"Village_Name":"Chechakhata (CT)","Village_Code":"307255","Block_Name":"Alipurduar - I","District":"Alipurduar","Vill_Cat":"partly_urban","State_LGD":"19","Dist_LGD":"328N002","Subdis_LGD":"2173"},"geometry":{"type":"Polygon","coordinates":[[[89.52993269394598,26.51464404826607],[89.52938087357903,26.515690659205966],[89.52949249750641,26.5164678817196],[89.52964746106467,26.51735309423964],[89.52985124858071,26.518517143453057],[89.530326308199,26.52114141468351],[89.53085631369552,26.52373325237901],[89.53143793231351,26.525710655230963],[89.53204833040438,26.52791722472361],[89.53223751071666,26.52969777521989],[89.53269886223453,26.531145953233587],[89.53500150591937,26.531460199912544],[89.53510914309896,26.53293368369593],[89.53756229797035,26.533404377787914],[89.53774548054365,26.535801455023222],[89.53952363899512,26.537051156355616],[89.54024272321914,26.53781438589491],[89.5411221037339,26.537884430873472],[89.54232842753298,26.537312458487207],[89.5427488660052,26.537043265809178],[89.54326707574116,26.536203826203508],[89.54294531380232,26.5348063674461],[89.54486380316959,26.53354939041235],[89.54600720500773,26.532856692113803],[89.54683345168905,26.532566701313876],[89.54731485809684,26.532106907118937],[89.54674319911915,26.529843127535962],[89.54600673245234,26.528746359408892],[89.5444380780951,26.528350256457784],[89.54450643291617,26.527356416909946],[89.54552649988271,26.52630497552448],[89.5459163539251,26.52510686967349],[89.54559123544244,26.52469306919215],[89.54492386609311,26.52263402285337],[89.5437564635745,26.52177955114233],[89.54381583403989,26.520605394514142],[89.54320025444117,26.520210306833405],[89.53712175471713,26.516799326178297],[89.53654991188073,26.51405722576593],[89.53341459999501,26.514248332962413],[89.52993269394598,26.51464404826607]]]}},{"type":"Feature","properties":{"Village_Name":"Bholar Dabri (CT)","Village_Code":"307257","Block_Name":"Alipurduar - I","District":"Alipurduar","Vill_Cat":"partly_urban","State_LGD":"19","Dist_LGD":"328N002","Subdis_LGD":"2173"},"geometry":{"type":"Polygon","coordinates":[[[89.55287427073306,26.515417201269003],[89.55210747532765,26.514307469064274],[89.55292110148275,26.513453689401125],[89.55200095739596,26.51289264012353],[89.55199145991044,26.511782883420103],[89.5526397666979,26.511617873204024],[89.55269533366571,26.510502440362576],[89.55335004159663,26.510400478574823],[89.55417965953315,26.510724011848474],[89.55452788948783,26.511502841931],[89.55511381536252,26.511465271791728],[89.55487620957908,26.510246806657076],[89.55551178000954,26.50996019101494],[89.55609769846194,26.509922617141797],[89.55692090663644,26.510183082037944],[89.5572860192079,26.509233549332198],[89.55624114944291,26.508927429355836],[89.55638449953636,26.507927732017926],[89.55686716890385,26.507531055509364],[89.5571293708733,26.50714284335279],[89.55723728850732,26.506581433516217],[89.5569180721721,26.505301269505654],[89.5565493179785,26.504274657548656],[89.55478244280934,26.504198037542714],[89.55459482196362,26.503650948070845],[89.55512573320037,26.50294209196649],[89.55492900825546,26.502210178429333],[89.55424471807031,26.501879531778325],[89.55283668258718,26.501964021200664],[89.55259069619868,26.502465589762608],[89.55260350465548,26.502499336517733],[89.55262330982927,26.502532675155322],[89.55266648099976,26.502574063291252],[89.55272168537327,26.502611614655162],[89.55277573467198,26.502631987592142],[89.55279931360529,26.5026431569748],[89.55283321512286,26.50267724549726],[89.55286096126567,26.502724233435973],[89.55290483009529,26.502760095598514],[89.55296486093275,26.502791094468634],[89.55304657781006,26.502805154473783],[89.55312500843152,26.502822540761283],[89.55318038572132,26.502836563839253],[89.5532335915785,26.502844442691057],[89.55328627361493,26.502844512498342],[89.5533315366407,26.50283874396402],[89.55335465599484,26.502817016751667],[89.55338074684472,26.502787277079936],[89.55341243957359,26.502788569394273],[89.55344952383668,26.502817767182172],[89.55348332097026,26.50285029319037],[89.55351435562801,26.50289395363131],[89.553550111107,26.502929501173124],[89.55357568807729,26.502970343730993],[89.55358478930168,26.50300117019248],[89.55356838954955,26.50304445593964],[89.55356189213649,26.503104412341127],[89.55356648068553,26.503146475570155],[89.55359374194357,26.5032123061377],[89.55360982233518,26.503248558120955],[89.55362641778866,26.503338526603287],[89.55363668831832,26.503464921522294],[89.55363263754968,26.503509056490376],[89.55359080479307,26.503539712874122],[89.5535437912664,26.503545582892986],[89.55341775583872,26.503551349110527],[89.55327423035435,26.5035581331701],[89.553038005933,26.503570311722147],[89.5528219718864,26.503587905597378],[89.55262989275573,26.503603785848814],[89.55244645404836,26.50361759503069],[89.55230827953567,26.503625633865806],[89.55198302389039,26.503655388988005],[89.55184430422926,26.503660466985906],[89.55173896243532,26.503663603517783],[89.55160408188509,26.50367593846166],[89.55143101796419,26.503693488030464],[89.55130918802446,26.503700575448484],[89.55116485764533,26.50371227982546],[89.55109476351693,26.50371635604471],[89.55093651788611,26.503730050389873],[89.55083835233924,26.503740248856833],[89.550753337738,26.5037466917084],[89.5506034371736,26.503759899009324],[89.55046825401152,26.50376776362298],[89.5504133809209,26.503773945931293],[89.5503917478086,26.503751268658462],[89.55036863520208,26.503717550220006],[89.5503231637608,26.503639411362883],[89.55027978896301,26.503517765827542],[89.5502531405906,26.503420580307587],[89.55024399149252,26.503360311575058],[89.55024295123081,26.503319981017214],[89.55025733223283,26.50328473652707],[89.5502910399198,26.50323789618224],[89.55031032764106,26.503200869861296],[89.55032167173835,26.503170289463547],[89.55032113415015,26.503137408823086],[89.55031118464503,26.50311405199006],[89.55029693019856,26.503101416792315],[89.55025597368027,26.50309033607213],[89.55021411271706,26.503065842503528],[89.55018186501307,26.503034805630477],[89.55015959535758,26.502977756858456],[89.55014091284035,26.502901450057195],[89.5501233487075,26.50283963986281],[89.55010711494766,26.502747832333824],[89.55008525962344,26.502622887818113],[89.55006472192382,26.502541800922767],[89.55003283101098,26.50241649694338],[89.54999351635811,26.502281812614143],[89.54997257635115,26.502194767413048],[89.54995477626679,26.502104545908576],[89.54992322275926,26.50200914196003],[89.54986420809932,26.50200359849181],[89.54975078706875,26.50198625823645],[89.54962351347999,26.501962244629528],[89.54942995767915,26.501942022946537],[89.54927744951647,26.50191648374337],[89.54916559727644,26.501897557768277],[89.54905708219404,26.50187843619836],[89.54890821283409,26.501857173295754],[89.54879342383396,26.501844400045655],[89.54866620490508,26.50183163001684],[89.54855976016151,26.50181837281299],[89.54840942247837,26.50180018546906],[89.5483200684077,26.501791917004333],[89.54824907217281,26.50178258086546],[89.5481439956988,26.501764754765404],[89.54804155869985,26.50175239539648],[89.54793678370362,26.501739040418133],[89.54784545969085,26.501726397707305],[89.54768243575104,26.50169398809004],[89.54758393481562,26.501674283502144],[89.54740285555398,26.501647411420404],[89.54723765734559,26.501623657204803],[89.54709900147287,26.501604790334806],[89.54696024549538,26.50158443259377],[89.54679555438996,26.50155211926304],[89.54663293137297,26.501525669705472],[89.5464297003152,26.501490722704432],[89.54627028007661,26.501470199246647],[89.54610725591704,26.50144831584979],[89.54590337176558,26.501419401955406],[89.54571862419492,26.501387806014208],[89.54562581072975,26.501376759047744],[89.54561603030838,26.501468892412202],[89.54558749495152,26.501705027073157],[89.54551700788693,26.501916194993555],[89.54535875743139,26.50207730835112],[89.54513988037432,26.502206546410736],[89.54494795777511,26.502348479554595],[89.54484886527513,26.502536929157003],[89.54478001441846,26.50274255204795],[89.54472551512104,26.502956185905205],[89.54468304702311,26.503175628477116],[89.5446506499363,26.50339882142898],[89.54462564259978,26.50362355872467],[89.54462542773516,26.50362614341416],[89.54460701751555,26.503847890698125],[89.54459148312803,26.504069601558115],[89.54458066346436,26.50429055633639],[89.54457548541733,26.504512205451068],[89.5445746314635,26.50473432977444],[89.54457739896756,26.504956876340916],[89.5445830814992,26.505179701166888],[89.5445903669825,26.50540271198618],[89.54459865771068,26.505625834679712],[89.54460725150756,26.505848968323864],[89.54461471580161,26.50607191740225],[89.54462081488613,26.50629469445958],[89.5446241272759,26.50651716966532],[89.54462523692644,26.506739560842597],[89.5446249647721,26.506961954291867],[89.54462343889509,26.507184296108814],[89.54462202826369,26.50740695713009],[89.54462112279138,26.507629931988674],[89.54462202344922,26.507853314551696],[89.5446246178079,26.50807701305973],[89.54463043589683,26.508301061312917],[89.54463973094865,26.508525475192094],[89.54465332189079,26.508750177979376],[89.54467168607495,26.508975250219557],[89.54469362996068,26.509200799792843],[89.54471892211139,26.50942681409636],[89.54474684165835,26.50965320256344],[89.54477774650448,26.50987990186943],[89.54481115888466,26.510106852693337],[89.54484684546848,26.510334003836128],[89.54488491807774,26.510561275656368],[89.54492514030298,26.51078860331728],[89.54496703311071,26.51101595154001],[89.545010598525,26.511243197613393],[89.54505904273576,26.511469955029163],[89.54512323950001,26.51169520239649],[89.5451973291181,26.511919582204534],[89.54527415545968,26.512144057573337],[89.54534632491543,26.512369486307804],[89.54540894566097,26.51259635966695],[89.54546809117605,26.512823988917223],[89.54552531394653,26.513052243343225],[89.54558109527984,26.513280862217137],[89.54563697911081,26.513509818574004],[89.5456930862521,26.51373894834905],[89.54585666655271,26.51471198208626],[89.54634737510554,26.51532187194041],[89.54708456241327,26.51441083305484],[89.54827185921502,26.514579115649585],[89.54859064708748,26.51493436897836],[89.54957781235387,26.514442969203337],[89.54989196935809,26.515723241526437],[89.55117591282988,26.515271640747752],[89.55207285408582,26.51546313333238],[89.55287427073306,26.515417201269003]]]}},{"type":"Feature","properties":{"Village_Name":"New Lands","Village_Code":"307181N177","Block_Name":"Kumargram","District":"Alipurduar","Vill_Cat":"rural","State_LGD":"19","Dist_LGD":"328N002","Subdis_LGD":"2172"},"geometry":{"type":"Polygon","coordinates":[[[89.79080073103438,26.67915191381289],[89.78576124260351,26.679176081064806],[89.78550122077411,26.679221786326572],[89.78452407964706,26.67930862922186],[89.78159561177151,26.6772096448148],[89.77910614687316,26.67933361160838],[89.77694000719472,26.681126399403315],[89.77596482878788,26.68191691093263],[89.77492435748114,26.6818786105547],[89.77461125229893,26.682201552973858],[89.7775418385337,26.685990328672982],[89.78277966083968,26.68723104461815],[89.793609597017,26.687920376832913],[89.79480181944061,26.683951685636913],[89.79188556934376,26.68202574499617],[89.79080073103438,26.67915191381289]]]}},{"type":"Feature","properties":{"Village_Name":"Kumargram","Village_Code":"307181N179","Block_Name":"Kumargram","District":"Alipurduar","Vill_Cat":"rural","State_LGD":"19","Dist_LGD":"328N002","Subdis_LGD":"2172"},"geometry":{"type":"Polygon","coordinates":[[[89.84534195546367,26.70496645809402],[89.84299242521229,26.69803738861554],[89.83256717159634,26.696618139248258],[89.82442704510926,26.697695773151327],[89.82588598896638,26.703253864750742],[89.82507859603376,26.708754951894417],[89.8254139158786,26.708703266268007],[89.8278746493901,26.70820604703994],[89.82948775877857,26.70794396338025],[89.834075940863,26.707091786059625],[89.84070503774025,26.705860058195178],[89.84285734748443,26.705460092818655],[89.84534195546367,26.70496645809402]]]}},{"type":"Feature","properties":{"Village_Name":"Sankosh","Village_Code":"307181N178","Block_Name":"Kumargram","District":"Alipurduar","Vill_Cat":"rural","State_LGD":"19","Dist_LGD":"328N002","Subdis_LGD":"2172"},"geometry":{"type":"Polygon","coordinates":[[[89.87144212118655,26.68876371194381],[89.86780349705079,26.687350684097634],[89.85860764218937,26.68797113303199],[89.85442612635067,26.69302505912482],[89.8535607880576,26.695911263554155],[89.85621242643545,26.702804630715374],[89.85667838516773,26.702711883444728],[89.86053196781538,26.70194322425446],[89.86247622105046,26.70155680748886],[89.86306608233811,26.70063200021896],[89.86320072213434,26.700693597416176],[89.86333402986075,26.700847334347518],[89.8633432162192,26.700808321575888],[89.86335778662301,26.700765453493013],[89.86357612259059,26.700123058581337],[89.86376505661086,26.69956716314711],[89.86384632424034,26.699328052700363],[89.86516127130616,26.697427971076614],[89.86616130618114,26.695982885407183],[89.86720386344581,26.694476309527673],[89.86803700771002,26.693272319548175],[89.8686707709651,26.69243320508997],[89.87144212118655,26.68876371194381]]]}},{"type":"Feature","properties":{"Village_Name":"Lapra Guri","Village_Code":"307196N183","Block_Name":"Kumargram","District":"Alipurduar","Vill_Cat":"rural","State_LGD":"19","Dist_LGD":"328N002","Subdis_LGD":"2172"},"geometry":{"type":"Polygon","coordinates":[[[89.84282798524181,26.508698662171792],[89.83375693957518,26.505482535722276],[89.83208920228532,26.510228841412104],[89.83206635397633,26.51554380055125],[89.83785229769776,26.516707041487578],[89.84362396729581,26.516770807926857],[89.84282798524181,26.508698662171792]]]}},{"type":"Feature","properties":{"Village_Name":"Andu","Village_Code":"307196N182","Block_Name":"Kumargram","District":"Alipurduar","Vill_Cat":"rural","State_LGD":"19","Dist_LGD":"328N002","Subdis_LGD":"2172"},"geometry":{"type":"Polygon","coordinates":[[[89.84685894639783,26.523586931829655],[89.83456506114571,26.522351823239752],[89.83414406953355,26.52674553259989],[89.83415126319642,26.53148734105482],[89.84634053276598,26.533477148082632],[89.84982984030265,26.53139295178838],[89.84959082518513,26.527465258845748],[89.84685894639783,26.523586931829655]]]}},{"type":"Feature","properties":{"Village_Name":"Indu Busti","Village_Code":"307196N181","Block_Name":"Kumargram","District":"Alipurduar","Vill_Cat":"rural","State_LGD":"19","Dist_LGD":"328N002","Subdis_LGD":"2172"},"geometry":{"type":"Polygon","coordinates":[[[89.83792243201576,26.53906593243679],[89.82915611529366,26.538969369497668],[89.82817136139435,26.544308118565922],[89.8355664796238,26.54765355885533],[89.84308657914482,26.548102378611524],[89.84115487178138,26.543682967340704],[89.83792243201576,26.53906593243679]]]}},{"type":"Feature","properties":{"Village_Name":"Khuttimari","Village_Code":"307196N185","Block_Name":"Kumargram","District":"Alipurduar","Vill_Cat":"rural","State_LGD":"19","Dist_LGD":"328N002","Subdis_LGD":"2172"},"geometry":{"type":"Polygon","coordinates":[[[89.85359735353467,26.557516936981823],[89.84925787031425,26.55607256606463],[89.84669943298626,26.55899728893558],[89.84731216990298,26.56165069736623],[89.84791301575953,26.563589587354834],[89.85095082906261,26.565849455898643],[89.85494911557964,26.56577803441953],[89.85672167768338,26.560757614181867],[89.85359735353467,26.557516936981823]]]}},{"type":"Feature","properties":{"Village_Name":"Purba Salbari","Village_Code":"307196N184","Block_Name":"Kumargram","District":"Alipurduar","Vill_Cat":"rural","State_LGD":"19","Dist_LGD":"328N002","Subdis_LGD":"2172"},"geometry":{"type":"Polygon","coordinates":[[[89.84153825501267,26.50283590818787],[89.84072085292928,26.505083457330432],[89.84342451283946,26.507385807709756],[89.8441235719034,26.50958096610645],[89.8447394485674,26.511225126457337],[89.84678099599984,26.511212784099644],[89.84640468126338,26.509177432684037],[89.84595166200745,26.50809024587683],[89.84528575327222,26.506096035272908],[89.84429654535309,26.504613529733895],[89.84247967633686,26.503318944639766],[89.84153825501267,26.50283590818787]]]}},{"type":"Feature","properties":{"Village_Name":"Bengdoba","Village_Code":"307196N180","Block_Name":"Kumargram","District":"Alipurduar","Vill_Cat":"rural","State_LGD":"19","Dist_LGD":"328N002","Subdis_LGD":"2172"},"geometry":{"type":"Polygon","coordinates":[[[89.81928230472192,26.550649075643214],[89.82651974025369,26.554239189098958],[89.83204725540847,26.5568767114212],[89.83735881251812,26.559186714677494],[89.8384659452638,26.555382485981067],[89.83609193411918,26.552974063494272],[89.8208978887199,26.547055803494157],[89.81928230472192,26.550649075643214]]]}},{"type":"Feature","properties":{"Village_Name":"Balapara","Village_Code":"307196N186","Block_Name":"Kumargram","District":"Alipurduar","Vill_Cat":"rural","State_LGD":"19","Dist_LGD":"328N002","Subdis_LGD":"2172"},"geometry":{"type":"Polygon","coordinates":[[[89.84009854008012,26.566537256869168],[89.84009684088319,26.566573406698247],[89.83920137499018,26.56728599912941],[89.83900914429658,26.567628174645204],[89.83797952098944,26.567987048974096],[89.83724116755526,26.56835815592688],[89.83689220918694,26.56946585117227],[89.8368751270527,26.569994005676598],[89.83598625603847,26.5697545785646],[89.83535731266431,26.570087406064225],[89.83492643491317,26.571129061280985],[89.83469010022695,26.572329245799605],[89.83438793969664,26.573097662043494],[89.83385967346723,26.573852535487276],[89.83295380739644,26.57394275008872],[89.83247386777013,26.573807943063894],[89.83144789547413,26.574726095058576],[89.83051308645605,26.574455970709547],[89.82972527036483,26.575062610618154],[89.83117138040227,26.576130080734224],[89.83639348933067,26.58301849897005],[89.83939032989726,26.587110606557626],[89.83956698576421,26.586884265487942],[89.84207473026662,26.581458337130428],[89.84450963950671,26.57962827122226],[89.84523570615784,26.575252119856493],[89.84689231105267,26.57203515487934],[89.84609488385722,26.570014695332002],[89.84009854008012,26.566537256869168]]]}},{"type":"Feature","properties":{"Village_Name":"Bhutia Busti","Village_Code":"307151N170","Block_Name":"Kumargram","District":"Alipurduar","Vill_Cat":"rural","State_LGD":"19","Dist_LGD":"328N002","Subdis_LGD":"2172"},"geometry":{"type":"Polygon","coordinates":[[[89.62315412933431,26.687903531813934],[89.62273590415685,26.688562345270224],[89.62241355497342,26.689619517509072],[89.62173686798386,26.690556910692248],[89.61969380082456,26.69126687905663],[89.61673881687625,26.69295462386443],[89.61377627507154,26.694755242213503],[89.61143060928002,26.696738453293595],[89.6083670366814,26.699844702797993],[89.60561920287654,26.702484903478627],[89.6043136812213,26.70360314483902],[89.6084110061829,26.705054882850085],[89.61583664234875,26.70473307891473],[89.62768742395785,26.700284672769346],[89.6261875884371,26.68910103025164],[89.62315412933431,26.687903531813934]]]}},{"type":"Feature","properties":{"Village_Name":"Joyanti Hatipota","Village_Code":"307151N173","Block_Name":"Kumargram","District":"Alipurduar","Vill_Cat":"rural","State_LGD":"19","Dist_LGD":"328N002","Subdis_LGD":"2172"},"geometry":{"type":"Polygon","coordinates":[[[89.73141396769273,26.6969073345275],[89.72855475826456,26.69699313199357],[89.72711648337713,26.692491317268114],[89.71867813028179,26.691836677512807],[89.71539451999246,26.69040175156725],[89.71507643815292,26.694355356984893],[89.71497300419622,26.698979176772774],[89.7191306741962,26.700061468723124],[89.73067309096244,26.699531323358435],[89.73141396769273,26.6969073345275]]]}},{"type":"Feature","properties":{"Village_Name":"Phanskhowa","Village_Code":"307151N172","Block_Name":"Kumargram","District":"Alipurduar","Vill_Cat":"rural","State_LGD":"19","Dist_LGD":"328N002","Subdis_LGD":"2172"},"geometry":{"type":"Polygon","coordinates":[[[89.66498691353547,26.69253200105288],[89.66115683387866,26.692593255624224],[89.65525227435273,26.69311893411025],[89.65263847852843,26.69311289081599],[89.65127956998579,26.69677883191933],[89.65582001888448,26.699694918514346],[89.66176065137203,26.699138452518742],[89.66471770039772,26.696448355457008],[89.66498691353547,26.69253200105288]]]}},{"type":"Feature","properties":{"Village_Name":"Chunia Jhora","Village_Code":"307151N171","Block_Name":"Kumargram","District":"Alipurduar","Vill_Cat":"rural","State_LGD":"19","Dist_LGD":"328N002","Subdis_LGD":"2172"},"geometry":{"type":"Polygon","coordinates":[[[89.64811181174876,26.685840532683482],[89.64821388823226,26.68306327172933],[89.6481527893712,26.681450922476365],[89.6445331758275,26.680518265565212],[89.63721674722036,26.68472917264673],[89.63904942135238,26.68968661717769],[89.64811181174876,26.685840532683482]]]}},{"type":"Feature","properties":{"Village_Name":"Raydak Tea Garden","Village_Code":"307160","Block_Name":"Kumargram","District":"Alipurduar","Vill_Cat":"rural","State_LGD":"19","Dist_LGD":"328N002","Subdis_LGD":"2172"},"geometry":{"type":"Polygon","coordinates":[[[89.76627950999071,26.618513948388458],[89.76664444202106,26.616160934093916],[89.76731955926326,26.610016840232916],[89.76782283747346,26.605491161081364],[89.76765468458373,26.603301905649225],[89.76596565643129,26.603417476091],[89.7619429584199,26.603692651142794],[89.75252830807966,26.60411879504279],[89.74991375345947,26.604543822662787],[89.74413229898646,26.605174311725],[89.73546922310746,26.605981835968777],[89.72624591295295,26.606240157491833],[89.7256714169653,26.60931445774824],[89.72633045142166,26.62399686848157],[89.727899447836,26.624280341128657],[89.72930249266392,26.624695542594843],[89.72957058667889,26.62539294977053],[89.73031672373043,26.630281577830303],[89.73098413978803,26.632543569316066],[89.73188189814951,26.63338493132491],[89.73344691795266,26.63412193327957],[89.73491517840581,26.63396508300446],[89.73624513393534,26.634065152214802],[89.7374097801889,26.63411864918585],[89.73989524661167,26.636338425445945],[89.74034232918771,26.63713808655149],[89.74038305059165,26.637133386635394],[89.7457034785848,26.63709834997418],[89.7490362796951,26.637286549695112],[89.75748823115408,26.637420531659597],[89.75933219208515,26.633938042714547],[89.76085018868834,26.63089044745237],[89.76466817507978,26.623927362028084],[89.76627950999071,26.618513948388458]]]}},{"type":"Feature","properties":{"Village_Name":"Shiltong","Village_Code":"307161N174","Block_Name":"Kumargram","District":"Alipurduar","Vill_Cat":"rural","State_LGD":"19","Dist_LGD":"328N002","Subdis_LGD":"2172"},"geometry":{"type":"Polygon","coordinates":[[[89.71202722744081,26.588375080273583],[89.71186915186065,26.588455488129917],[89.71134977733118,26.589412804343254],[89.71072711831839,26.592375197205236],[89.70998268676414,26.59506921752784],[89.71004792158742,26.595920649661178],[89.71130375034225,26.595973414927883],[89.71157033358254,26.597488710742898],[89.71169992563993,26.598514863504988],[89.71171607870559,26.59941234500238],[89.71149485656383,26.600458720082727],[89.71100671882132,26.60125302617404],[89.71105757451905,26.60191976037157],[89.71110747426344,26.602545907394664],[89.7117110342934,26.60260207405402],[89.71204731414817,26.603028765993844],[89.71206347359431,26.603926247131156],[89.71306159622699,26.604538819514737],[89.71304053437026,26.605134738553144],[89.71300547390014,26.60598808107268],[89.71328534320173,26.607638461350916],[89.71369715682154,26.60913744239166],[89.71376413757173,26.609317410283488],[89.71450663042326,26.60902748133047],[89.71509892109408,26.60819248767709],[89.71554780489663,26.607025766243243],[89.7154338940035,26.601049474546404],[89.7154562301698,26.595674957790237],[89.71400318114483,26.59169672104132],[89.71202722744081,26.588375080273583]]]}},{"type":"Feature","properties":{"Village_Name":"Tiamari","Village_Code":"307161N175","Block_Name":"Kumargram","District":"Alipurduar","Vill_Cat":"rural","State_LGD":"19","Dist_LGD":"328N002","Subdis_LGD":"2172"},"geometry":{"type":"Polygon","coordinates":[[[89.76596565643129,26.603417476091],[89.76765468458373,26.603301905649225],[89.76782283747346,26.605491161081364],[89.76731955926326,26.610016840232916],[89.76664444202106,26.616160934093916],[89.76627950999071,26.618513948388458],[89.77573982314799,26.617524078524415],[89.77763551110137,26.61735358633489],[89.78360150634036,26.61189255040839],[89.7820354429267,26.608177320955033],[89.77756897036568,26.60543778545916],[89.77582737280697,26.601946518308075],[89.77598417629588,26.60038083898503],[89.7710005983671,26.60081611616213],[89.76694443577837,26.60268063376791],[89.76596565643129,26.603417476091]]]}},{"type":"Feature","properties":{"Village_Name":"Chipra","Village_Code":"307161N176","Block_Name":"Kumargram","District":"Alipurduar","Vill_Cat":"rural","State_LGD":"19","Dist_LGD":"328N002","Subdis_LGD":"2172"},"geometry":{"type":"Polygon","coordinates":[[[89.71860150096583,26.51563665288945],[89.72162190749665,26.515539285251233],[89.72267923471668,26.517630485776024],[89.7239989446203,26.52042496862855],[89.7245690869016,26.521420138718117],[89.72567977720922,26.52215683598543],[89.72845282294418,26.523204582076826],[89.72963404974264,26.523741389460042],[89.73059067296923,26.524535133922672],[89.7309296834593,26.526355793821104],[89.73066350982579,26.528034659864886],[89.72991871006354,26.529686030217416],[89.730906729839,26.5307501931097],[89.73331465006352,26.530542379881602],[89.73801673919202,26.529024591071263],[89.74254357273645,26.527903174932227],[89.74361429327081,26.526841689587357],[89.74004833472475,26.519259400373727],[89.73577592236718,26.512355108474736],[89.73011480127761,26.5085369760369],[89.7282279302636,26.510085894345835],[89.7211894703223,26.511828439825372],[89.7187635011874,26.514629899978797],[89.71860150096583,26.51563665288945]]]}},{"type":"Feature","properties":{"Village_Name":"Bhutia Busti","Village_Code":"307144N134","Block_Name":"Kalchini","District":"Alipurduar","Vill_Cat":"rural","State_LGD":"19","Dist_LGD":"328N002","Subdis_LGD":"2171"},"geometry":{"type":"Polygon","coordinates":[[[89.44323273260969,26.55906442572622],[89.44316720025256,26.56314646687969],[89.44180941835297,26.56300280941243],[89.44391553013084,26.565085331301823],[89.4439721417812,26.565046887946878],[89.45198292837469,26.562570679589623],[89.45598838092207,26.56091139638211],[89.45510929240764,26.556745853663145],[89.4444790949387,26.55625502204923],[89.44323273260969,26.55906442572622]]]}},{"type":"Feature","properties":{"Village_Name":"Dakshin Poro","Village_Code":"307144N135","Block_Name":"Kalchini","District":"Alipurduar","Vill_Cat":"rural","State_LGD":"19","Dist_LGD":"328N002","Subdis_LGD":"2171"},"geometry":{"type":"Polygon","coordinates":[[[89.47181736289929,26.54493814590856],[89.46589361124951,26.543964368765746],[89.46636870044986,26.55280656339739],[89.46912267494928,26.55396058416273],[89.4728338295131,26.5537585057183],[89.47181736289929,26.54493814590856]]]}},{"type":"Feature","properties":{"Village_Name":"Garam Busti Paschim","Village_Code":"307144N147","Block_Name":"Kalchini","District":"Alipurduar","Vill_Cat":"rural","State_LGD":"19","Dist_LGD":"328N002","Subdis_LGD":"2171"},"geometry":{"type":"Polygon","coordinates":[[[89.51017093201116,26.550675024813973],[89.51006901713626,26.5506668330293],[89.51005928241952,26.550665247922637],[89.5097143440003,26.55060906889629],[89.50774434711474,26.550288206011896],[89.50735155697907,26.550224227255036],[89.50722381030936,26.550801570581683],[89.50713701919103,26.551244672869483],[89.50692893094005,26.552250835727587],[89.5071316896642,26.553011667897483],[89.50736197360375,26.553875770383943],[89.50811558421238,26.554610255313058],[89.50808864588328,26.554767459178475],[89.50806829856694,26.554886200039093],[89.50799939783838,26.55528826660969],[89.50799748004273,26.555299457734474],[89.50786250483846,26.555636511280394],[89.5079693604463,26.55618988135942],[89.50743853297104,26.556410042302016],[89.5073657807544,26.55644021671081],[89.50728664442686,26.55684422501227],[89.50707854816814,26.557850382861773],[89.5071648151938,26.558174077217508],[89.50782032231251,26.55822726418328],[89.50776970593694,26.55887368597578],[89.50774721012309,26.55895165874908],[89.5081865331133,26.55894501017225],[89.51007272097611,26.558916447730862],[89.5100801599712,26.556771153451766],[89.51008397157149,26.555671727436525],[89.51009522131567,26.55530449063266],[89.51009795212538,26.55517686014823],[89.51010534913642,26.554831118995647],[89.5101098235513,26.554622045700462],[89.510117717881,26.554253077052177],[89.51084321026754,26.553558838802267],[89.51089382642026,26.553030610240302],[89.5104720301,26.552688517295152],[89.51012334349622,26.552210592893314],[89.51012094117982,26.55164763736815],[89.51011902200126,26.55119738446462],[89.51017093201116,26.550675024813973]]]}},{"type":"Feature","properties":{"Village_Name":"Garam Busti Purba","Village_Code":"307144N146","Block_Name":"Kalchini","District":"Alipurduar","Vill_Cat":"rural","State_LGD":"19","Dist_LGD":"328N002","Subdis_LGD":"2171"},"geometry":{"type":"Polygon","coordinates":[[[89.5236514844377,26.551543720474175],[89.52328298559854,26.551541513253486],[89.52125573095263,26.551529352760152],[89.5211406657434,26.55152866163589],[89.5206933940053,26.551525974838743],[89.52011658696182,26.551478645127073],[89.51846559742158,26.55133355279547],[89.51842898848645,26.55133039061285],[89.51831533165425,26.55132057209398],[89.51827295665396,26.551316911891554],[89.5177034837476,26.551267718825034],[89.51541690927526,26.551070175033853],[89.51440420357996,26.550982673984723],[89.51439922091207,26.55108148656702],[89.51432612129717,26.551431023404195],[89.51419126257116,26.552075874230916],[89.51406855707897,26.55218166901527],[89.51507214852761,26.553464154803272],[89.51532832386872,26.55379151451773],[89.51528333299224,26.55420403305028],[89.51527972405545,26.55423502572035],[89.51522709289615,26.554686980043673],[89.51521164875992,26.554695441106446],[89.51520827265647,26.554697289778755],[89.5147874765562,26.5549278023911],[89.51377610795642,26.55548182452271],[89.51277504033774,26.556528194532138],[89.51269630421199,26.55708155984553],[89.51359613789229,26.5574538232992],[89.5142147750839,26.557514190710023],[89.51530582406721,26.557504130915166],[89.51561265181947,26.557632957319562],[89.51695927063669,26.55819834863742],[89.51739794046199,26.558117858979337],[89.5177578735988,26.558530363611688],[89.51837575789362,26.558500759541722],[89.52027741128265,26.558409632557645],[89.52180713118126,26.558399574035622],[89.52313438660366,26.558369392152848],[89.52410413066798,26.558379249633315],[89.52412420549848,26.55837945321345],[89.52424793192267,26.558500187083943],[89.52448413961204,26.558459942127158],[89.52456287600363,26.557745605860692],[89.52457412419948,26.55741358922114],[89.52450663657301,26.55683004260695],[89.52464161316755,26.5564477162524],[89.52396673599357,26.556659000575934],[89.52419101893005,26.55591782501649],[89.52421808220346,26.555828389372806],[89.5243716628919,26.555320853779484],[89.52431970557429,26.555006159441135],[89.52413701910154,26.553899655912048],[89.52401343472644,26.553151117247044],[89.52378683026447,26.551740779109593],[89.5236514844377,26.551543720474175]]]}},{"type":"Feature","properties":{"Village_Name":"Kalkut","Village_Code":"307144N141","Block_Name":"Kalchini","District":"Alipurduar","Vill_Cat":"rural","State_LGD":"19","Dist_LGD":"328N002","Subdis_LGD":"2171"},"geometry":{"type":"Polygon","coordinates":[[[89.57350212270715,26.551293218436147],[89.57187143532143,26.551378044091575],[89.56953453085606,26.549168815392502],[89.56776308512711,26.54756747353817],[89.56669776962151,26.54630607080105],[89.56250352677402,26.551169918421884],[89.5620873497682,26.55412823284132],[89.567501680663,26.558156939164594],[89.57049363537907,26.555476137578488],[89.57350212270715,26.551293218436147]]]}},{"type":"Feature","properties":{"Village_Name":"Bamni Busti","Village_Code":"307144N138","Block_Name":"Kalchini","District":"Alipurduar","Vill_Cat":"rural","State_LGD":"19","Dist_LGD":"328N002","Subdis_LGD":"2171"},"geometry":{"type":"Polygon","coordinates":[[[89.52816909262542,26.56933758052545],[89.52258800444619,26.5693798939266],[89.51718168761751,26.570730855140777],[89.51828367452205,26.57593607489283],[89.5210446778066,26.57811919368138],[89.52801251836284,26.577281278619548],[89.52892032300132,26.573435818068866],[89.52816909262542,26.56933758052545]]]}},{"type":"Feature","properties":{"Village_Name":"Uttar Panjhora","Village_Code":"307144N139","Block_Name":"Kalchini","District":"Alipurduar","Vill_Cat":"rural","State_LGD":"19","Dist_LGD":"328N002","Subdis_LGD":"2171"},"geometry":{"type":"Polygon","coordinates":[[[89.53469117034153,26.578941400436555],[89.5422667551044,26.57828449283227],[89.54417749260777,26.578140387201472],[89.54365266139243,26.572703419903014],[89.53323216469295,26.573016652961503],[89.5333687326877,26.57555587044598],[89.53469117034153,26.578941400436555]]]}},{"type":"Feature","properties":{"Village_Name":"Pani Jhora","Village_Code":"307144N140","Block_Name":"Kalchini","District":"Alipurduar","Vill_Cat":"rural","State_LGD":"19","Dist_LGD":"328N002","Subdis_LGD":"2171"},"geometry":{"type":"Polygon","coordinates":[[[89.5380672025486,26.560566055815382],[89.53258731854505,26.560601027748977],[89.53313031953884,26.56466158890039],[89.53675639400706,26.565952548187425],[89.54060206929744,26.566607024867707],[89.54605794966733,26.564873840398207],[89.54372305617677,26.56032875312491],[89.5380672025486,26.560566055815382]]]}},{"type":"Feature","properties":{"Village_Name":"Garo Busti","Village_Code":"307144N137","Block_Name":"Kalchini","District":"Alipurduar","Vill_Cat":"rural","State_LGD":"19","Dist_LGD":"328N002","Subdis_LGD":"2171"},"geometry":{"type":"Polygon","coordinates":[[[89.51000288922299,26.61962095025968],[89.50250485864436,26.61865071299131],[89.49837180307692,26.61936092903142],[89.50058156576011,26.621497205373746],[89.50572289565173,26.62493747416393],[89.50907297837188,26.62311429860458],[89.51097585594557,26.622144675842847],[89.51000288922299,26.61962095025968]]]}},{"type":"Feature","properties":{"Village_Name":"Marchent Para","Village_Code":"307144N143","Block_Name":"Kalchini","District":"Alipurduar","Vill_Cat":"rural","State_LGD":"19","Dist_LGD":"328N002","Subdis_LGD":"2171"},"geometry":{"type":"Polygon","coordinates":[[[89.53450143712095,26.62249511309955],[89.53324257594645,26.619927213230085],[89.52814096138749,26.621898594667325],[89.5254084754655,26.62380448557746],[89.52626655891707,26.627932553676708],[89.53001739110833,26.6267996434502],[89.53544084539035,26.624483528705074],[89.53450143712095,26.62249511309955]]]}},{"type":"Feature","properties":{"Village_Name":"Pampu Busti","Village_Code":"307144N142","Block_Name":"Kalchini","District":"Alipurduar","Vill_Cat":"rural","State_LGD":"19","Dist_LGD":"328N002","Subdis_LGD":"2171"},"geometry":{"type":"Polygon","coordinates":[[[89.53389970087119,26.599926697339995],[89.53315203679993,26.59871396613106],[89.5322100980641,26.59916335857618],[89.53123635042073,26.599704487871165],[89.53160810503435,26.60041678044252],[89.53188748383894,26.600882210912953],[89.53326436543132,26.600465215137216],[89.5336942820009,26.60033500712192],[89.53389970087119,26.599926697339995]]]}},{"type":"Feature","properties":{"Village_Name":"Buxa Road 28th Mile","Village_Code":"307144N132","Block_Name":"Kalchini","District":"Alipurduar","Vill_Cat":"rural","State_LGD":"19","Dist_LGD":"328N002","Subdis_LGD":"2171"},"geometry":{"type":"Polygon","coordinates":[[[89.55882827217503,26.69713892984413],[89.55387049708116,26.69505993348373],[89.54886245833055,26.695628583384973],[89.54951679428363,26.698978498656672],[89.54888640717536,26.702348021490963],[89.55175690988717,26.705041067430347],[89.55618659618953,26.706215811083137],[89.56036397728344,26.70249922794738],[89.55882827217503,26.69713892984413]]]}},{"type":"Feature","properties":{"Village_Name":"Gangutia","Village_Code":"307144N144","Block_Name":"Kalchini","District":"Alipurduar","Vill_Cat":"rural","State_LGD":"19","Dist_LGD":"328N002","Subdis_LGD":"2171"},"geometry":{"type":"Polygon","coordinates":[[[89.49699724964441,26.66199129468482],[89.49693568540197,26.66228904578401],[89.49653802810406,26.66455200432288],[89.4957992562872,26.66752482008912],[89.49468578341842,26.67266543301681],[89.50390954276412,26.670096211616464],[89.51053842470998,26.664504227179876],[89.51041134563106,26.661091398870035],[89.50576006936454,26.660405522219015],[89.50051180901774,26.661496509612007],[89.49699724964441,26.66199129468482]]]}},{"type":"Feature","properties":{"Village_Name":"Buxa Road 29th Mile","Village_Code":"307144N133","Block_Name":"Kalchini","District":"Alipurduar","Vill_Cat":"rural","State_LGD":"19","Dist_LGD":"328N002","Subdis_LGD":"2171"},"geometry":{"type":"Polygon","coordinates":[[[89.56439162267472,26.708236758939098],[89.55910634982726,26.708260470643623],[89.55424899057036,26.709951245687026],[89.55610818121094,26.714450106054827],[89.56264306992851,26.71792810165966],[89.56714931111746,26.71289839182088],[89.56439162267472,26.708236758939098]]]}},{"type":"Feature","properties":{"Village_Name":"Nimti Dabri","Village_Code":"307144N038","Block_Name":"Kalchini","District":"Alipurduar","Vill_Cat":"rural","State_LGD":"19","Dist_LGD":"328N002","Subdis_LGD":"2171"},"geometry":{"type":"Polygon","coordinates":[[[89.43098403573678,26.634569505088663],[89.43125122682584,26.63485822012219],[89.43141139797883,26.63507205951379],[89.43142611746453,26.63529289997256],[89.43144757507218,26.635594842580574],[89.43129226848124,26.636084804935905],[89.4311930813215,26.63637978703974],[89.43120870428717,26.636880360863945],[89.43137069433784,26.637179899339955],[89.43159444195811,26.63755057406292],[89.43170361362917,26.637963817145415],[89.43168276936933,26.63840184604018],[89.43136345624045,26.638971318957726],[89.43762438082109,26.638476994017267],[89.44153556641088,26.63829050485312],[89.44340579998249,26.636180445134965],[89.44329609155291,26.6328953808799],[89.44110726574442,26.630832948800833],[89.43693542470191,26.63062470435777],[89.43321588036392,26.63207713122427],[89.43098403573678,26.634569505088663]]]}},{"type":"Feature","properties":{"Village_Name":"20th Mile","Village_Code":"307146N167","Block_Name":"Kalchini","District":"Alipurduar","Vill_Cat":"Rural","State_LGD":"19","Dist_LGD":"328N002","Subdis_LGD":"02171"},"geometry":{"type":"Polygon","coordinates":[[[89.66352721385546,26.626671098452917],[89.66464710375172,26.626387610392054],[89.66499989796482,26.626443196456087],[89.66494634533875,26.625728212266733],[89.66472291178476,26.62492906212445],[89.66450841756625,26.62416187546452],[89.66450870984211,26.623309177441524],[89.66439387262047,26.623030575222522],[89.66397287711378,26.62200920565769],[89.66354947473968,26.622098451709526],[89.66152657266804,26.622524823460125],[89.65919872424105,26.622902040388826],[89.65739166566786,26.62319483973131],[89.65561886027712,26.623990706624962],[89.65574756095306,26.62697568445009],[89.65771937629609,26.627704942801667],[89.6600305436194,26.627039695173607],[89.66217147022248,26.626814021872185],[89.66352721385546,26.626671098452917]]]}},{"type":"Feature","properties":{"Village_Name":"21st Mile","Village_Code":"307146N168","Block_Name":"Kalchini","District":"Alipurduar","Vill_Cat":"Rural","State_LGD":"19","Dist_LGD":"328N002","Subdis_LGD":"02171"},"geometry":{"type":"Polygon","coordinates":[[[89.66387226127479,26.642503605400382],[89.66432433857635,26.641534959746394],[89.66472893690202,26.640441318203393],[89.66494789219114,26.63984946583952],[89.66504160985149,26.639157005507727],[89.66511072347477,26.638646330009433],[89.66530615010758,26.63824523539242],[89.6657097071939,26.637416965610136],[89.66569460325654,26.63633446731833],[89.66586566015357,26.635707151096817],[89.66561701694444,26.635610181074227],[89.66427984176607,26.63492361921424],[89.66065494204398,26.633062346761612],[89.66022176822011,26.63283991595012],[89.65220575705338,26.6329351516055],[89.6520951423705,26.63688244778077],[89.65974719561365,26.640386266199215],[89.66231125814583,26.641886147328844],[89.66346981584357,26.64256382383624],[89.66370732470136,26.642702748597046],[89.66387226127479,26.642503605400382]]]}},{"type":"Feature","properties":{"Village_Name":"Gadahar","Village_Code":"307146N169","Block_Name":"Kalchini","District":"Alipurduar","Vill_Cat":"Forest_Village","State_LGD":"19","Dist_LGD":"328N002","Subdis_LGD":"02171"},"geometry":{"type":"Polygon","coordinates":[[[89.65999954148782,26.590937064977897],[89.65925844418406,26.590355384461766],[89.65858088687695,26.590268859655122],[89.65623812516122,26.589969661179673],[89.6547215372534,26.58977595488682],[89.65458399764357,26.589758387283283],[89.65449596491388,26.589722745076596],[89.6534786356899,26.589310852102752],[89.65123359623175,26.588601767060755],[89.64910508805133,26.588263560417474],[89.64640125689152,26.589110304719348],[89.64590361243536,26.59169270015993],[89.64559303997927,26.594911358627876],[89.6487896017044,26.59944759824927],[89.64973133575052,26.59939624029138],[89.65284356969428,26.599226472577406],[89.65552402433082,26.59908020803177],[89.65649254300372,26.599736194121196],[89.65855390569787,26.594176363922873],[89.65857013046485,26.594140008451333],[89.65944405326492,26.592181792589436],[89.65973052224423,26.59153988132334],[89.65999954148782,26.590937064977897]]]}},{"type":"Feature","properties":{"Village_Name":"Raja Bhat Khawa","Village_Code":"307144N151","Block_Name":"Kalchini","District":"Alipurduar","Vill_Cat":"Rural","State_LGD":"19","Dist_LGD":"328N002","Subdis_LGD":"02171"},"geometry":{"type":"Polygon","coordinates":[[[89.53202138591536,26.615268395471187],[89.53199889074014,26.615112524081248],[89.53181892085865,26.61513766370554],[89.53188641047925,26.615016988184184],[89.53170956545945,26.614939425767535],[89.53158833612083,26.614886255302306],[89.53155177875506,26.615054697727537],[89.5315061954791,26.615127502292644],[89.5313015028888,26.615454430390052],[89.53079252320649,26.615728458667302],[89.53035946792501,26.61592455068987],[89.53031447498046,26.61604522405526],[89.53046351167721,26.616065337108367],[89.53098373762916,26.61612064972774],[89.5316682732596,26.616109942459808],[89.53193480337823,26.616105773320093],[89.53226883822022,26.616100546613357],[89.53226883733231,26.61603769659251],[89.53210292809135,26.61603769475924],[89.53208043388936,26.615788804449533],[89.5320841632318,26.615580539607024],[89.53208606158232,26.615474548535914],[89.53208606357185,26.615323705756637],[89.53202138591536,26.615268395471187]]]}},{"type":"Feature","properties":{"Village_Name":"Raja Bhat Khawa Madhya","Village_Code":"307144N151","Block_Name":"Kalchini","District":"Alipurduar","Vill_Cat":"Rural","State_LGD":"19","Dist_LGD":"328N002","Subdis_LGD":"02171"},"geometry":{"type":"Polygon","coordinates":[[[89.52840680595948,26.616394861528082],[89.52841524206939,26.61629178593341],[89.5285755286671,26.61628927333084],[89.52872926865697,26.61610666778959],[89.52877237451087,26.616055469158354],[89.52856147255892,26.615987588308254],[89.52790908218017,26.615638129411952],[89.52782472049516,26.61565069874694],[89.52783315396226,26.61583171073583],[89.52783034268673,26.615952385754586],[89.52789501564085,26.61619122130559],[89.52806654829101,26.616379775144264],[89.52823808282858,26.6164702807283],[89.52840680454607,26.616472796420258],[89.52840680595948,26.616394861528082]]]}},{"type":"Feature","properties":{"Village_Name":"Uttar Poro Banobasti","Village_Code":"307144N148","Block_Name":"Kalchini","District":"Alipurduar","Vill_Cat":"Rural","State_LGD":"19","Dist_LGD":"328N002","Subdis_LGD":"02171"},"geometry":{"type":"Polygon","coordinates":[[[89.49453506632007,26.54821668404283],[89.49377954409658,26.548073662246303],[89.49309303009527,26.54794370025852],[89.49253912168227,26.54783883887388],[89.48771033512652,26.547250963048942],[89.48743584682501,26.547217995147605],[89.48613601292905,26.547061871328292],[89.48382104193907,26.546755026196983],[89.48402263579915,26.547289156728425],[89.48397323405713,26.547281996422203],[89.48395617169975,26.547643382026394],[89.48428110262428,26.547746519590824],[89.48500223328756,26.54797541368831],[89.48461422533786,26.550827944566],[89.48458048727193,26.551175073213773],[89.48466485170873,26.55150710632068],[89.48461424161806,26.55192969615378],[89.4842261925949,26.55218627111621],[89.4791646311644,26.55212596619957],[89.47705565259902,26.552533486810546],[89.47693761098816,26.55642723991795],[89.47744798431182,26.556381957881904],[89.47763358318502,26.556861119685838],[89.47749439063975,26.556940352835444],[89.47747330566636,26.557264825881667],[89.47779388112635,26.557860941932475],[89.47881884260434,26.557581733575915],[89.47910989042025,26.558072207720095],[89.47917315966282,26.55804202342502],[89.4793503179463,26.558298577522194],[89.479379856446,26.559075790745986],[89.48059884718649,26.55894749643003],[89.48064101676877,26.558358927724065],[89.48188953041233,26.557981621929702],[89.48187264982693,26.557445869672332],[89.48194013636345,26.557325134793558],[89.48239567051117,26.557000657494317],[89.48296930921101,26.556645992915122],[89.48290181668953,26.556298883683873],[89.48338265577966,26.555665019072432],[89.48377070616608,26.55555182447973],[89.48395629582893,26.55549145306029],[89.48420937258216,26.555385807170918],[89.4845468081499,26.555310343075774],[89.48478301472086,26.55531034002174],[89.48490111700438,26.55532543028932],[89.48508670957607,26.555431071527284],[89.48517107149144,26.555536714430467],[89.48530604696576,26.555627264572923],[89.48549163896259,26.55568762886357],[89.4856097419561,26.555732903230677],[89.4857109757152,26.555793270203377],[89.48581220771503,26.555883820030825],[89.48598092802827,26.555959277533947],[89.4861327767319,26.556019642164717],[89.48633523862122,26.556019639879906],[89.4865545739661,26.55608000456389],[89.48674017402735,26.55669876687595],[89.48783684589746,26.556713844136155],[89.48790432895953,26.556396916712448],[89.48839361011154,26.556245991610524],[89.48842734995274,26.55598942915985],[89.48871417108738,26.55595924285395],[89.48896725229422,26.556125249295345],[89.48937920283475,26.556075860649727],[89.48987260806797,26.556016705599266],[89.49060382110545,26.55592903503368],[89.49072191957706,26.555657378747764],[89.49146428131387,26.555597002219155],[89.49149802008189,26.5553253467158],[89.49153175944431,26.555068782089354],[89.49151488435928,26.554812218487065],[89.49144739459847,26.554661299397214],[89.49158236275424,26.55420853640165],[89.49178482205625,26.554042520392404],[89.49200415555576,26.55395196470325],[89.49218974507785,26.553861409327297],[89.49247656289124,26.55366520823095],[89.49278025397969,26.553484096622107],[89.49303332862061,26.553257711148532],[89.49313455711751,26.553091694530814],[89.4931345540113,26.552880402679175],[89.49318516438298,26.55257855645875],[89.49325264988047,26.55241254043357],[89.49332013418339,26.552291800327882],[89.4934888500453,26.55212578237696],[89.4935551791367,26.55206644785782],[89.49367443853951,26.551959763196233],[89.49372505215237,26.55182393172579],[89.49372504770811,26.55156736093383],[89.49369130127556,26.55132588203686],[89.49364068329739,26.55115986488868],[89.49362380690371,26.55090329214414],[89.49362380266953,26.55067690420291],[89.4936912859417,26.550435422213763],[89.49377564311887,26.550239216879135],[89.49382625579833,26.550103383325247],[89.49384312540971,26.54993736396355],[89.49391061226557,26.549876992015214],[89.49396122677308,26.54975625025433],[89.49394435145702,26.5495902301195],[89.49385998877878,26.549378933279122],[89.49438663934731,26.548472224815256],[89.49453506632007,26.54821668404283]]]}},{"type":"Feature","properties":{"Village_Name":"Salkumar Boro","Village_Code":"307221N194","Block_Name":"Alipurduar - I","District":"Alipurduar","Vill_Cat":"Rural","State_LGD":"19","Dist_LGD":"328N002","Subdis_LGD":"02173"},"geometry":{"type":"Polygon","coordinates":[[[89.31823151546573,26.550027925410227],[89.31878830023587,26.550027938362714],[89.31996937068733,26.54954498398663],[89.31988501578495,26.549288399872875],[89.32015063003037,26.54919480493533],[89.32044180604646,26.549092201463907],[89.3203988680581,26.54902879905243],[89.31193849408537,26.536533864901415],[89.31154197884828,26.537152740840455],[89.31165163510596,26.537711244710056],[89.31174442262929,26.538111253797236],[89.31171066382693,26.53869993916503],[89.31174439033335,26.539424472838974],[89.31182030935015,26.539688626555318],[89.31205649634647,26.54066221266152],[89.31215771954389,26.541099948218292],[89.31224207517812,26.54127353251263],[89.312849468549,26.541628256072975],[89.31358339567902,26.54232259773763],[89.31457039504042,26.543477303973443],[89.3145956989898,26.54362824341741],[89.3145366429951,26.54375653962628],[89.3133640134454,26.544028203663522],[89.3133724405697,26.54442064316368],[89.31350740543486,26.544911190465374],[89.31369299085011,26.54532626932342],[89.31402199063183,26.54572625624159],[89.31427506964593,26.545930024002008],[89.31448596362146,26.54628472648915],[89.3147052952097,26.54661678724744],[89.31539705469221,26.54672245475045],[89.31554889961077,26.547009232755304],[89.31657811305024,26.54681303939251],[89.31640935608073,26.548171435614716],[89.31640933435537,26.54903174726302],[89.316468965362,26.54909576184588],[89.31649369341712,26.549122307686293],[89.3166624106935,26.549378895080775],[89.31679737843442,26.549771316597337],[89.31676362668644,26.55002789720757],[89.31735415804015,26.55002790886405],[89.31779283805292,26.549922266325886],[89.31823151546573,26.550027925410227]]]}},{"type":"Feature","properties":{"Village_Name":"Damanpur","Village_Code":"307144N149","Block_Name":"Kalchini","District":"Alipurduar","Vill_Cat":"rural","State_LGD":"19","Dist_LGD":"328N002","Subdis_LGD":"2171"},"geometry":{"type":"Polygon","coordinates":[[[89.5253889797827,26.551554118159984],[89.52544054550549,26.5517224126789],[89.52572999560587,26.552799199272243],[89.52773638775767,26.553270570547078],[89.52954958174169,26.553081568285442],[89.5297125557474,26.552469438139866],[89.52967721274125,26.552124225698815],[89.52974413746473,26.55162222252765],[89.52976365720207,26.551580211916505],[89.52962142959026,26.55157936523241],[89.52592464995482,26.55155732071659],[89.52561127833079,26.551555447518847],[89.5253889797827,26.551554118159984]]]}},{"type":"Feature","properties":{"Village_Name":"Salkumar Choto","Village_Code":"307221N195","Block_Name":"Alipurduar - I","District":"Alipurduar","Vill_Cat":"Rural","State_LGD":"19","Dist_LGD":"328N002","Subdis_LGD":"02173"},"geometry":{"type":"Polygon","coordinates":[[[89.31089014176438,26.543075354830577],[89.31095930660257,26.542563041539143],[89.31102514340552,26.542075381909253],[89.31061177479722,26.54196216754204],[89.31017310016944,26.541833859836068],[89.31032917090418,26.54175084522883],[89.31029542752462,26.54170178822655],[89.31007186688231,26.541822537491846],[89.31018576392351,26.541464054509888],[89.3097006865197,26.541418761993857],[89.30940963730208,26.541547056705696],[89.30930840060225,26.541633845036216],[89.30909749719811,26.54165270956529],[89.30865881371075,26.54182628238982],[89.30776879558829,26.542097957111412],[89.30786157166825,26.54293567603137],[89.3079628062961,26.542882848987496],[89.3087473675291,26.54287531803514],[89.30885281841435,26.542905507412303],[89.30919026490038,26.542864005950747],[89.30986093943363,26.54282251078384],[89.30985671690193,26.5429809964982],[89.31089014176438,26.543075354830577]]]}},{"type":"Feature","properties":{"Village_Name":"Motharam Choto","Village_Code":"307218N192","Block_Name":"Alipurduar - I","District":"Alipurduar","Vill_Cat":"Rural","State_LGD":"19","Dist_LGD":"328N002","Subdis_LGD":"02173"},"geometry":{"type":"Polygon","coordinates":[[[89.37253621201457,26.64959259769231],[89.37186138725568,26.648526974870276],[89.37158020772411,26.648205273280592],[89.37084909513268,26.648496786941777],[89.37053415551777,26.648667677513117],[89.3700954853953,26.648939092804895],[89.36944311281034,26.64910997390145],[89.36862206345297,26.648195135973037],[89.36831837721378,26.648144862792215],[89.3677672299723,26.64844643479922],[89.36737355321091,26.648647481920076],[89.36726107921004,26.648536896782637],[89.3665637044691,26.649049574158244],[89.36686736691365,26.649803545779665],[89.36690110010628,26.650074971971602],[89.36688977342513,26.652316720007907],[89.36897061755751,26.65173372766484],[89.37312106284618,26.650437047812048],[89.37285993798778,26.65006001857777],[89.37253621201457,26.64959259769231]]]}},{"type":"Feature","properties":{"Village_Name":"Motharam Boro","Village_Code":"307218N193","Block_Name":"Alipurduar - I","District":"Alipurduar","Vill_Cat":"Rural","State_LGD":"19","Dist_LGD":"328N002","Subdis_LGD":"02173"},"geometry":{"type":"Polygon","coordinates":[[[89.3784638474025,26.646747781908747],[89.37885101053773,26.646407345719567],[89.38125336274751,26.64429488543921],[89.381613301093,26.643963137380183],[89.381419346945,26.643694693660787],[89.38139924417024,26.64366687043443],[89.38126463898175,26.643480566781367],[89.37873387994871,26.64424454898112],[89.37915000826314,26.645320255940188],[89.37840620663769,26.645488541012455],[89.37826143249356,26.645521295314555],[89.37799904657702,26.64465118938593],[89.37791279561759,26.64436516487474],[89.37787793703907,26.644396319394534],[89.37738413555431,26.64483765299845],[89.37675427644412,26.644536037304025],[89.37624813130978,26.644485756080375],[89.3754382955429,26.644546052886767],[89.3751683473941,26.64465663127484],[89.37503338391977,26.64440529553072],[89.37467345271642,26.644515870536125],[89.37432477462471,26.644505808948526],[89.37403233624728,26.644455532443533],[89.37262636792526,26.644656559829],[89.371400342886,26.64538035674987],[89.37231133123991,26.64751163808767],[89.37310992685579,26.64726033603894],[89.37278376739502,26.64657671881853],[89.37299747802435,26.646476194742654],[89.37343613941808,26.646425941787285],[89.37442593845431,26.6463757031796],[89.37484204802027,26.6479439883978],[89.37494325001342,26.64871806771752],[89.37513442752402,26.649652989237875],[89.37516282511808,26.64962820678717],[89.37572346882473,26.649138944273062],[89.37609051129495,26.648818629045802],[89.3784638474025,26.646747781908747]]]}},{"type":"Feature","properties":{"Village_Name":"Nimti Basti Purba","Village_Code":"307144N152","Block_Name":"Kalchini","District":"Alipurduar","Vill_Cat":"Rural","State_LGD":"19","Dist_LGD":"328N002","Subdis_LGD":"02171"},"geometry":{"type":"Polygon","coordinates":[[[89.45328408922016,26.638181685636976],[89.45328450628605,26.638179240447755],[89.45329453647169,26.638120420112543],[89.45330008469547,26.638052374717347],[89.45329739802834,26.637989274943347],[89.45328533088212,26.637930035260975],[89.45326273467558,26.637873571240853],[89.45322846375416,26.637818796430913],[89.45318475479141,26.637762612959392],[89.45313524368233,26.63770353412371],[89.45308087145193,26.63764288542768],[89.45302258558982,26.637581996593553],[89.45296133024458,26.63752219386008],[89.45289805058114,26.637464803405955],[89.45283369080755,26.63741115239076],[89.45276919628562,26.637362569748802],[89.45270551005655,26.637320380869966],[89.45264358053662,26.63728591450703],[89.45258648544305,26.63725933962075],[89.45253641031731,26.637238616627844],[89.45249294890758,26.637221754622715],[89.45245569605581,26.637206763553912],[89.45242424646992,26.637191651534],[89.45239819601855,26.63717442844747],[89.45237714152366,26.6371531031988],[89.45236067463556,26.637125684082392],[89.45234839245155,26.63709018367057],[89.45233988940993,26.63704460640135],[89.45232585451377,26.636973674779266],[89.45229913159164,26.636869261483312],[89.45226255583935,26.63674011412845],[89.45221896346666,26.636594980270722],[89.45217118549272,26.636442606862268],[89.45212205815395,26.636291742389815],[89.4520744143918,26.636151132780903],[89.45203109127439,26.636029524641938],[89.45199491890976,26.63593566776915],[89.45196873630822,26.63587830773754],[89.4519460383706,26.63583547575522],[89.45191942772581,26.63578178539277],[89.45189038598431,26.635720855533805],[89.45186040101405,26.635656306528343],[89.45183095441443,26.635591757263498],[89.45180353397235,26.635530827175835],[89.45177962236467,26.635477136011904],[89.45176070335347,26.63543430437544],[89.45174826464465,26.635405950789238],[89.45174378693679,26.635395696042437],[89.45168961830633,26.635395976181563],[89.45154258353641,26.63539673759449],[89.45132590193205,26.635397859109254],[89.45106278878359,26.63539922072944],[89.45077645938275,26.635400702555884],[89.45049013106457,26.635402184715172],[89.45022701708307,26.63540354774661],[89.45001033661342,26.635404669216356],[89.4498633018919,26.635405429971748],[89.44980913127996,26.63540571050173],[89.44980944565778,26.635450471779503],[89.44981029753254,26.635571968991453],[89.44981155212326,26.635751016082367],[89.44981307791682,26.635968429565605],[89.44981473530103,26.636205027374665],[89.44981639364369,26.63644162415154],[89.44981791938537,26.636659036574617],[89.44981917290814,26.636838082624827],[89.44982002568528,26.63695957778015],[89.44982033905,26.637004339053426],[89.4497995516323,26.637029262173712],[89.44974313012935,26.637097560229915],[89.44965998243447,26.637199517692608],[89.44955901780601,26.63732542355938],[89.44944914247868,26.63746556702936],[89.44933926968969,26.63761023414447],[89.44923830260876,26.637749712509695],[89.44915515482002,26.63787429097562],[89.44909873383399,26.63797425878121],[89.44907794486566,26.6380399016229],[89.44908119431443,26.638091529048317],[89.44909044939223,26.638153714381776],[89.44910496880777,26.63822313869539],[89.44912401126867,26.63829648306155],[89.44914682949216,26.638370430758],[89.44917268748966,26.638441665303183],[89.44920083973724,26.638506866184105],[89.44923054404308,26.638562716373812],[89.44926105827852,26.638605899763693],[89.44929164200926,26.63863309553557],[89.4493359245672,26.63866385286361],[89.4494042999048,26.63871626569444],[89.44949116704137,26.638784846946322],[89.4495909225333,26.63886410416114],[89.44969796747827,26.63894855106727],[89.44980670144292,26.639032695048],[89.44991151817834,26.639111048460247],[89.45000682133886,26.63917811939162],[89.45008700570904,26.639228421084617],[89.45014647402158,26.639256463544953],[89.45020854018264,26.639278020857333],[89.45029611611726,26.63931067730401],[89.45040299348763,26.63935165960037],[89.45052296483139,26.639398192573612],[89.45064981743016,26.639447499539134],[89.45077734596677,26.63949680706934],[89.45089933979345,26.639543339312997],[89.45100959239524,26.639584321109226],[89.45110189220581,26.639616978538506],[89.45117003159667,26.63963853560981],[89.45120085633226,26.639647724992454],[89.45122804984238,26.639655830519633],[89.4512940287328,26.639675537556165],[89.45129590264368,26.639676022510574],[89.45131848480617,26.63968186754461],[89.45136783928184,26.63969464180297],[89.4514493410609,26.63971012626845],[89.4515384029578,26.639718975240694],[89.45163488772461,26.639718173376544],[89.45173866204733,26.639704703250587],[89.45184959062509,26.639675548476987],[89.45196753827845,26.639627694503044],[89.45209236953706,26.639558123104436],[89.45222405385799,26.639474889557356],[89.45236025664235,26.63938809495423],[89.45249740685695,26.639297803768414],[89.45263192374239,26.639204073701183],[89.45276023281242,26.6391069639309],[89.45287875571523,26.63900653664591],[89.45298391601675,26.638902852085725],[89.45307213620687,26.638795969640896],[89.45313983981117,26.638685948643623],[89.45318345268674,26.6385728519712],[89.45321295804051,26.638463786530593],[89.45323735236276,26.638374647769755],[89.45323996686416,26.638365096479454],[89.45326333145667,26.63827569549792],[89.45328190418687,26.638194498183573],[89.45328408922016,26.638181685636976]]]}},{"type":"Feature","properties":{"Village_Name":"Nimti Dabri","Village_Code":"307144N154","Block_Name":"Kalchini","District":"Alipurduar","Vill_Cat":"Rural","State_LGD":"19","Dist_LGD":"328N002","Subdis_LGD":"02171"},"geometry":{"type":"Polygon","coordinates":[[[89.4396327507079,26.659165504197595],[89.43996696001314,26.658980793592757],[89.44027037720673,26.658609301212866],[89.44027384185438,26.658605058777766],[89.44081905832881,26.65793751156725],[89.44061455275177,26.655736688911656],[89.4405378631379,26.655607227886787],[89.4402822324848,26.655195996442608],[89.43971132499995,26.654320220697315],[89.43920006422495,26.652675268630425],[89.43852690288749,26.651266377166866],[89.43819458318112,26.65127399390845],[89.43777705425184,26.651319687651736],[89.43747029885859,26.651411075851183],[89.43721466950828,26.651456770800777],[89.43699312383002,26.651441539496805],[89.43683122333644,26.651319688750156],[89.43669488776214,26.651022677620663],[89.43673749212782,26.65069520161487],[89.43608989528262,26.64897403789589],[89.43601320510395,26.64860086249064],[89.43528039865554,26.648463777244967],[89.43548490309959,26.648303843241013],[89.43568088543282,26.64805251930639],[89.43583426206747,26.647138609513764],[89.43453054918906,26.6470776825899],[89.43436012908813,26.647268081837943],[89.43412154096802,26.6475270225559],[89.43413858437891,26.648105831178782],[89.43400224839387,26.64838761981201],[89.4341130237253,26.64956045725243],[89.43415562805396,26.649636615059347],[89.43419823421793,26.649781314799412],[89.43429196438716,26.650047865650706],[89.43441125897495,26.650162102426407],[89.43453055236048,26.650192565071887],[89.43471801416588,26.650177333557572],[89.43489695500305,26.650207796407873],[89.43499920752775,26.65035249547306],[89.43518666930474,26.650268722281282],[89.43522927394443,26.650238258906256],[89.43520371196881,26.65008594420667],[89.43531448482977,26.65004786438012],[89.43549342550348,26.65007071282231],[89.43559567836753,26.65015448503805],[89.43574053467066,26.65025348999152],[89.43570645089008,26.650405804409615],[89.43575757690239,26.650565734727984],[89.43591095478473,26.650497193727052],[89.43631144233427,26.650931288703813],[89.43638813142304,26.651235915778354],[89.4357746196931,26.651243532497777],[89.43560419975222,26.651959402773485],[89.43527188103684,26.652012712988512],[89.43490547830434,26.651829938864292],[89.43425788247582,26.65196702035665],[89.43424936178296,26.652081253940807],[89.43409598368301,26.652165026943575],[89.4338147896917,26.65221833593781],[89.43379774909175,26.652469651409536],[89.43365289294206,26.65318551475697],[89.43362196665146,26.65331680105977],[89.43358472418826,26.653474905764654],[89.43395112798268,26.653733832764754],[89.4338829602446,26.653916604203655],[89.43368697744295,26.65403845209821],[89.43392556511901,26.65420599250544],[89.43411302768152,26.654274532179404],[89.43413006964502,26.65462484328297],[89.43389709148302,26.654732311680654],[89.43386591900573,26.654746691433065],[89.43394600376976,26.654860016602978],[89.43396817047574,26.654891384306122],[89.43396817046025,26.654917893098702],[89.43396817157988,26.655036078590157],[89.43395965100235,26.655287385956818],[89.43396091637655,26.655288743616843],[89.43400225518621,26.65533307767022],[89.43415866953043,26.655399295119484],[89.43416415334869,26.6554016168613],[89.43424936392312,26.65553107772415],[89.4345049943403,26.65565292459334],[89.43464985093873,26.655531078815823],[89.43474393892141,26.65552707445379],[89.43482879304838,26.65552346334728],[89.43487991962438,26.655873769664076],[89.43511850743478,26.655843307964112],[89.43535709554737,26.655889000345702],[89.43551047235378,26.655957537497912],[89.43579166628342,26.65602607659686],[89.43597060698143,26.655987999633766],[89.43602173474812,26.656193614926902],[89.43574906177066,26.656383997834226],[89.43578314508865,26.656513458344424],[89.43561272559373,26.656589611555003],[89.43565533089524,26.65687899430644],[89.43553603665677,26.657023684994144],[89.4353741385534,26.657115067766934],[89.43536561799402,26.657221681666122],[89.43561272622351,26.65729021928519],[89.43582575172707,26.657366371022576],[89.43602173542277,26.65754152205271],[89.43600469407188,26.658066973586127],[89.43589392025399,26.65810504956969],[89.43591096271432,26.65824212484989],[89.43605581990805,26.658516271549697],[89.43617194539907,26.658613946978058],[89.43620067724383,26.658638114095492],[89.43620067762978,26.65870930132252],[89.43620067748165,26.65881326277799],[89.43580871154357,26.65898079699857],[89.43579166888708,26.65907979366336],[89.43581169121295,26.659122290572434],[89.43585983703905,26.65922448216049],[89.43573202269052,26.659178791273632],[89.43528040978835,26.659178791510378],[89.43487992235119,26.659293018522458],[89.43477974432088,26.659422834660116],[89.43470950208535,26.65951385766837],[89.43487140243298,26.659689005834892],[89.43489696505098,26.660039300329558],[89.43508442734344,26.660374363316105],[89.43534857962577,26.660846496047185],[89.43561273093427,26.66099118108529],[89.43575758768958,26.661250091906112],[89.43556160381537,26.661470927525272],[89.43535710175823,26.661965901310932],[89.43515318803931,26.662068406233853],[89.43508442880388,26.66210296998803],[89.4349395730006,26.662270499577595],[89.43508878115587,26.662267369705646],[89.4367545444585,26.662232422506925],[89.43679416386917,26.66217144497047],[89.43690792363529,26.6619963604013],[89.43834797100274,26.659818460142116],[89.43931936384989,26.659338704833335],[89.4396327507079,26.659165504197595]]]}},{"type":"Feature","properties":{"Village_Name":"Raja Bhat Khawa Uttar","Village_Code":"307144N150","Block_Name":"Kalchini","District":"Alipurduar","Vill_Cat":"rural","State_LGD":"19","Dist_LGD":"328N002","Subdis_LGD":"2171"},"geometry":{"type":"Polygon","coordinates":[[[89.52569681857064,26.605569136886338],[89.52560634902332,26.60556274735002],[89.52549846977132,26.60554953670111],[89.52538066800885,26.605531531099665],[89.52526043656124,26.605510749930648],[89.52514526824231,26.605489212601338],[89.52504265109594,26.605468943438527],[89.52496007798175,26.60545196280633],[89.52490504182119,26.605440291996093],[89.52488503145318,26.605435952545818],[89.5248680910342,26.605429154465565],[89.5248217263961,26.60541052850805],[89.52475261812329,26.60538273058169],[89.52466744789012,26.605348417449974],[89.52457289599742,26.60531024135955],[89.52447564511901,26.605270859033464],[89.52438237566481,26.605232924583152],[89.52429976904965,26.60519909207392],[89.52423450804169,26.605172020108892],[89.52419327076748,26.605154360206978],[89.52414841332285,26.605135855224972],[89.52407332294804,26.60510648936522],[89.52397622877638,26.605069278667234],[89.52386536619429,26.605027240641288],[89.52374897057145,26.60498339281597],[89.52363527507732,26.604940751032384],[89.52353251204632,26.604902333970166],[89.52344891671802,26.604871158308296],[89.52339272112138,26.604850239089476],[89.52337215865131,26.60484259588126],[89.52337545603964,26.604849542349434],[89.52302346835097,26.604711855862185],[89.52313595025107,26.605023625459815],[89.52332717168504,26.605405792420203],[89.52348464823213,26.60579801588621],[89.5236758717613,26.606562345070117],[89.52356339798251,26.60726632935181],[89.523304706697,26.608965931776343],[89.52329443777572,26.609072669159676],[89.52324363549475,26.609600736083085],[89.52321337701699,26.60962637607379],[89.52317400953646,26.6096589801415],[89.52313599113623,26.60969001646959],[89.52309521733481,26.60972291160611],[89.52304870578028,26.609760091143446],[89.5229988222827,26.609799805673582],[89.52294792435433,26.609840304453407],[89.5228983767266,26.609879837225815],[89.52285254114348,26.609916654840596],[89.52281277921608,26.60994900631546],[89.52278145385566,26.60997514427773],[89.52276092660952,26.609993316830515],[89.52275355929972,26.610001775746056],[89.52276274931852,26.61000375652105],[89.52278793365635,26.61000434936523],[89.52282553651524,26.61000458010066],[89.52287197903613,26.610005474735683],[89.52292368644386,26.610008059032474],[89.52297708083407,26.610013358025874],[89.52302858648338,26.61002239846609],[89.5230746245377,26.610036206376694],[89.52311161913495,26.61005580668122],[89.52313599549954,26.61008222516061],[89.52315855800246,26.6101205404856],[89.52319097487026,26.61017273467502],[89.52323095257616,26.6102351861902],[89.52327619248584,26.610304273804548],[89.52332440242613,26.610376380508573],[89.52337328762012,26.61044788208108],[89.52342055172251,26.610515160850937],[89.52346390218418,26.610574595232293],[89.52350104447567,26.610622564684146],[89.52352968202122,26.6106554487915],[89.52355551937865,26.610682109157654],[89.52358520324168,26.610713053186306],[89.52361785684353,26.610747135213295],[89.52365260320867,26.610783206822916],[89.52368856264333,26.610820124373717],[89.52372486136757,26.6108567411001],[89.52376061831704,26.610891908837498],[89.52379495868684,26.610924480884425],[89.52382700481543,26.61095331347874],[89.52385587855605,26.610977256437373],[89.52388435946484,26.610999754249512],[89.52391500050562,26.61102448269126],[89.52394658311998,26.611050658818055],[89.52397790004369,26.611077499920476],[89.52400772937678,26.611104219572663],[89.5240348607896,26.61113003525351],[89.52405807653027,26.611154161207956],[89.52407616401788,26.611175812288348],[89.52408790672648,26.611194205430266],[89.52409209112263,26.611208556465463],[89.52408795182201,26.61122569225652],[89.52407652306117,26.6112515172888],[89.52405929301315,26.61128386000255],[89.52403774141018,26.61132054566515],[89.52401335554534,26.611359404614333],[89.52398762134848,26.611398262663798],[89.52396201992647,26.611434949608732],[89.52393804034725,26.61146729199643],[89.5239171635166,26.611493116872186],[89.52390087558362,26.611510252806287],[89.52388521904375,26.61152763140675],[89.52386605183825,26.61155393930211],[89.52384459186628,26.611586642601345],[89.5238220499534,26.611623208766268],[89.52379964481683,26.61166110109325],[89.52377858837818,26.61169778790142],[89.52376009629876,26.61173073267536],[89.52374538451905,26.61175740257017],[89.52373566782185,26.61177526296849],[89.52373215697621,26.611781780418834],[89.52373137096886,26.611784031817017],[89.52372923241175,26.611790146883752],[89.52372608369319,26.611799158291106],[89.52372226005731,26.611810099145945],[89.52371809804528,26.611822006162456],[89.52371393603245,26.611833913178785],[89.52371011137384,26.611844854094997],[89.52370696258347,26.611853864584116],[89.52370482504463,26.611859979588004],[89.52370403808479,26.611862231965397],[89.52373271450884,26.611853970249143],[89.5238119751254,26.611831136045236],[89.5239316583297,26.61179665719412],[89.52408161149079,26.611753458218864],[89.52425167709383,26.611704466722294],[89.52443169655798,26.611652609485457],[89.52461151439469,26.611600813146246],[89.52478097092748,26.611552002802966],[89.52492991277222,26.61150910505884],[89.52504817949276,26.611475047902502],[89.52514763593,26.61144777849222],[89.5252458753792,26.611423436389423],[89.52534134904035,26.611402231062364],[89.52543250321915,26.61138437504588],[89.52551778612498,26.611370078918913],[89.5255956461059,26.611359555098065],[89.5256645281717,26.611353012518855],[89.52572288373119,26.61135066341499],[89.52576915806834,26.611352720393143],[89.52580180027061,26.611359392141246],[89.52583080391025,26.611369659363277],[89.52586645494937,26.61138179743626],[89.52590763987335,26.611394961736828],[89.52595324509687,26.6114083067247],[89.52600215805401,26.611420986798237],[89.5260532623017,26.611432159357832],[89.5261054493526,26.611440978555937],[89.5261576005805,26.61144660008506],[89.52620860450192,26.61144817920445],[89.5262573484732,26.61144486940197],[89.52629879734968,26.611445749053793],[89.52632978623753,26.61145914955441],[89.5263520016093,26.61148310936702],[89.52636712986349,26.611515666034595],[89.52637686080327,26.61155486149896],[89.52638287776205,26.611598733486748],[89.5263868723081,26.611645320144497],[89.52639052791557,26.61169266103322],[89.52639553411557,26.611738794423964],[89.526403576566,26.6117817615885],[89.52641320463428,26.61182462670619],[89.52642256460017,26.61187005731569],[89.52642313178086,26.611872591320168],[89.52643273349716,26.611915487529334],[89.52644479053896,26.61195835317021],[89.52645981902194,26.611996089812784],[89.52647889611836,26.612026133404232],[89.52650310097088,26.612045918849287],[89.52653351598799,26.612052883617352],[89.52657122016497,26.612044460775444],[89.52661729181413,26.612018088037047],[89.52667996690461,26.611970701062457],[89.5267630213327,26.61190448828789],[89.52685783844997,26.611827219890365],[89.52686085706878,26.611824758840616],[89.52696787018503,26.61173682498225],[89.52707846051865,26.611645994153413],[89.52718702610571,26.611557576687833],[89.52728796603674,26.611476882874243],[89.52737567725187,26.61140922130607],[89.52744456005013,26.6113599040709],[89.52748901139854,26.61133423977735],[89.52752982588775,26.61131569052312],[89.52758876005464,26.61128600736572],[89.5276616634144,26.611247937756144],[89.52774438841044,26.61120422712731],[89.5278327801436,26.611157618601496],[89.52792269128626,26.611110860379284],[89.52800997111704,26.611066696270388],[89.52809046811437,26.611027872908448],[89.5281600305601,26.61099713418312],[89.52821451008118,26.610977227472944],[89.52827993506881,26.61095972333249],[89.52837954192022,26.610935551231545],[89.52850499699042,26.610906492149304],[89.52864796548228,26.61087432530329],[89.52880011275,26.610840831767938],[89.52895310286678,26.61080778903999],[89.52909860230953,26.61077697911109],[89.52922827546087,26.610750183210126],[89.52933378848007,26.61072917879626],[89.52940680488541,26.610715749033027],[89.52946421984444,26.610711397823582],[89.52952733939684,26.610715344891368],[89.52959443997926,26.610725929368098],[89.5296638011564,26.61074149111906],[89.52973370255872,26.610760370929697],[89.52980242292959,26.6107809114856],[89.52986824073128,26.610801451805756],[89.52992943666996,26.610820333540154],[89.5299842881096,26.610835894857868],[89.53003107486717,26.61084647931004],[89.5300713202771,26.61085313141319],[89.53010805572045,26.610858063696373],[89.53014182321301,26.610861366652582],[89.5301731597372,26.61086313200258],[89.53020260717132,26.610863448403457],[89.53023070556006,26.610862407388424],[89.53025799283802,26.610860099696993],[89.53028501095308,26.61085661490242],[89.53031229879132,26.61085204276395],[89.53034039660533,26.61084647756536],[89.53036740881251,26.61084215260484],[89.53039114812363,26.610840845236456],[89.53041171459309,26.610841951241945],[89.53042921038485,26.6108448671961],[89.53044373875225,26.610848990528574],[89.53045539661672,26.61085371628948],[89.53046428941028,26.61085844361869],[89.53047051398474,26.610862566648578],[89.53047417563354,26.61086548268387],[89.5304753734573,26.610866588484622],[89.53047490194957,26.610876303351404],[89.53047361863342,26.610902672357188],[89.53047173049056,26.610941531029347],[89.53046943538665,26.610988716372347],[89.53046694037293,26.61104006483152],[89.53046444229544,26.61109141347469],[89.53046214725525,26.61113859972833],[89.53046025903619,26.61117745747428],[89.53045897666541,26.61120382549285],[89.53045850508602,26.61121353943915],[89.53047262684669,26.61121184542693],[89.53051141581814,26.611207224470846],[89.53056950665075,26.611200370083907],[89.53064153311243,26.611191977675322],[89.5307221308758,26.611182740700126],[89.53080593459542,26.611173352684585],[89.5308875789295,26.61116450716576],[89.53096169758759,26.611156898671343],[89.53102292625428,26.611151220696705],[89.53106590075365,26.61114816857798],[89.53110648955916,26.61114781183905],[89.53116182398699,26.61114953573479],[89.53122842905732,26.611153009969225],[89.53130283067291,26.61115790235225],[89.53138155058407,26.61116388003001],[89.53146111278862,26.61117061278308],[89.53153804406831,26.61117776654252],[89.53160886848703,26.611185012019956],[89.53167010778925,26.61119201638735],[89.53171828991114,26.611198447365126],[89.53177049732133,26.611198335788128],[89.53184237905275,26.611187302920335],[89.53192829587104,26.611167400861824],[89.53202261765989,26.611140680243185],[89.53211970410409,26.611109192327884],[89.53212995440883,26.611105472319966],[89.532213923133,26.611074988813233],[89.53229963867483,26.611040122576018],[89.53237121752439,26.61100664356627],[89.53242301852909,26.610976604990718],[89.53244941360288,26.610952056497283],[89.53245691909105,26.610896977133663],[89.53245683434358,26.610783548197396],[89.53245067470908,26.610626131970744],[89.53243995962357,26.610439090488224],[89.53242620817215,26.610236781204033],[89.53241093575993,26.610033567335403],[89.53239566566448,26.60984380794378],[89.53238191318995,26.609681865350773],[89.53237119873064,26.609562101574756],[89.53236504028834,26.60949887417404],[89.53236895858898,26.60945572695622],[89.5323855997377,26.609390222417154],[89.53241216179275,26.609307762299206],[89.53244584267615,26.609213746510324],[89.53248384447016,26.609113575629756],[89.532523363285,26.609012652448374],[89.53256159986493,26.608916373029288],[89.53259575457103,26.608830141758936],[89.53262302525097,26.608759356729895],[89.53264061112587,26.60870942056199],[89.53265604222773,26.608671199429814],[89.53267768385741,26.608632345638018],[89.53270398169859,26.608593430334544],[89.5327333827345,26.608555028275397],[89.53276433782555,26.608517711216823],[89.53279529205697,26.60848205587614],[89.53282469404562,26.60844863138407],[89.5328509919427,26.608418014273965],[89.53287263341721,26.608390774658336],[89.53288806546442,26.608367487299386],[89.53289836778376,26.608346902154985],[89.53290570251329,26.60832709958899],[89.5329101343987,26.608307660009007],[89.53291173097065,26.608288159966477],[89.5329105608496,26.608268176867753],[89.53290669170434,26.608247289098745],[89.53290018902456,26.60822507333463],[89.53289112354119,26.608201107774285],[89.53287956088256,26.608174970927507],[89.53286556749043,26.60814623848935],[89.53284475290619,26.60809145916867],[89.53281445437067,26.607994622625995],[89.53277734137835,26.60786646896897],[89.53273607524905,26.607717738805675],[89.53269332646718,26.607559172191177],[89.53265175644415,26.607401511583447],[89.532614035473,26.607255495220613],[89.53258282702475,26.607131866370757],[89.53256079638842,26.607041365430945],[89.53255061177332,26.60699473077823],[89.53253811467873,26.60693833696436],[89.53251002617056,26.60682175273076],[89.5324703318295,26.606660515226764],[89.53242300899396,26.60647016118486],[89.53237204150886,26.606266232479705],[89.5323214125508,26.6060642627448],[89.53227510280813,26.605879794073466],[89.53223709441306,26.605728361110117],[89.53221136872641,26.605625502240233],[89.53220190921662,26.605586756643376],[89.53216706178436,26.60559654336591],[89.53207228578012,26.605625820129234],[89.53193222512274,26.605669941136206],[89.53176152475301,26.605724260530817],[89.53175326109489,26.60572691029251],[89.53157482950286,26.60578413066159],[89.5313867844593,26.605844906690518],[89.53121203455608,26.6059019410972],[89.53106522586688,26.605950587280415],[89.5309610005575,26.605986200766864],[89.53091400658197,26.606004132134398],[89.5308958245456,26.60601165021347],[89.5308697788107,26.6060190177324],[89.53083813289356,26.606026082091525],[89.5307007499788,26.606048308956794],[89.53067500826216,26.606051602810798],[89.53065723000282,26.606053690984727],[89.53064967763018,26.606054420033065],[89.5306416857457,26.606040284353387],[89.53062286253035,26.60600168039626],[89.53059587180958,26.605944311104967],[89.53056338033153,26.605873877401674],[89.53052805592696,26.6057960810662],[89.53049256145098,26.60571662602735],[89.5304595656619,26.60564121309288],[89.53043173036946,26.605575546261537],[89.53041172635254,26.605525326223173],[89.5304022154088,26.60549625698024],[89.53039696245897,26.605480562845344],[89.53038853727196,26.60546664891938],[89.53037781721403,26.60545448481244],[89.53036568074072,26.605444040990037],[89.53035300412766,26.605435286207264],[89.53034066582966,26.605428190930052],[89.53032954021896,26.605422725873233],[89.53032050867357,26.605418859481833],[89.53031444542744,26.60541656063636],[89.53031222900448,26.605415800720554],[89.53031713958576,26.605411973724458],[89.53033058630946,26.605401480626778],[89.53035064718,26.605385795091944],[89.53037539885203,26.60536640008275],[89.53040291647683,26.60534477220287],[89.53043127847691,26.605322390623133],[89.5304585600774,26.60530073286731],[89.53048283956778,26.60528127627427],[89.53050219143375,26.60526550210214],[89.53051469389884,26.605254886774283],[89.5305169601097,26.605226092894736],[89.53050852936917,26.605160913383553],[89.53049186455114,26.60506852041487],[89.53046942934377,26.604958083348443],[89.5304436867522,26.604838776196374],[89.53041710160109,26.604719770099038],[89.5303921347546,26.60461023828599],[89.53037125209521,26.6045193527636],[89.53035691527452,26.604456283955717],[89.53035158928012,26.60443020576977],[89.530336157403,26.604429918872533],[89.53029426948012,26.60443696542942],[89.53023253959329,26.60444962195666],[89.53015758223866,26.604466170475824],[89.5300760108961,26.60448489307853],[89.52999444183742,26.604504068012556],[89.52991948426802,26.604521974891746],[89.52985775475219,26.60453689565925],[89.52981586761067,26.604547109638393],[89.5298004340343,26.60455089542237],[89.52978870848898,26.604550025185848],[89.52975656701615,26.604547556820453],[89.52970856613226,26.604543699462422],[89.52964925963819,26.604538667021135],[89.52958320609154,26.604532668511837],[89.52951495908448,26.604525915101657],[89.52944907329768,26.60451861882054],[89.52939010443086,26.604510991643874],[89.52934260899518,26.604503242738865],[89.5293111426872,26.6044955840906],[89.52928691967405,26.604487925835407],[89.52925908613808,26.604480176841378],[89.52922909338433,26.604472549182265],[89.52919839155858,26.604465253160186],[89.52916843291617,26.604458499871527],[89.52914066665039,26.604452500600182],[89.52911654413347,26.604447468341508],[89.52909751836363,26.604443610462837],[89.52908503880991,26.604441141919718],[89.52908055663706,26.604440272955962],[89.52906874644974,26.604407325372808],[89.52903668885935,26.60431789708404],[89.52898944524576,26.60418610781543],[89.52893207814392,26.60402607906664],[89.52886965086986,26.603851929532816],[89.52880722165732,26.603677779152495],[89.52874985501595,26.603517750260547],[89.52870261193014,26.603385959888975],[89.52867055485679,26.60329653143948],[89.52865874291086,26.603263584831698],[89.52863591072926,26.603277946827937],[89.52857393293412,26.60331692913104],[89.52848259994867,26.603374376373484],[89.52837169403487,26.603444133686853],[89.52825100258455,26.603520045910326],[89.5281303110587,26.603595958952823],[89.52801940584659,26.603665716857627],[89.52792807235802,26.603723163758104],[89.52786609514774,26.60376214570292],[89.5278432617659,26.603776507639047],[89.52783649079693,26.603772284135072],[89.52781811099464,26.60376081845104],[89.52779102596938,26.603743922656054],[89.52775813613145,26.60372340717093],[89.52772234474305,26.603701079479542],[89.5276865534364,26.603678752696982],[89.5276536635632,26.603658236271297],[89.52762657756125,26.60364134050836],[89.52760819888665,26.6036298756536],[89.52760142793336,26.603625652138874],[89.52758567955969,26.60363424007425],[89.52754293709643,26.603657552881824],[89.52747994798501,26.603691908927274],[89.52740346177876,26.603733627370094],[89.52732022586245,26.603779025668004],[89.52723699097609,26.60382442477499],[89.5271605035201,26.603866142238758],[89.52709751522185,26.603900498061655],[89.52705477257881,26.603923810730326],[89.52703902624124,26.603932399401472],[89.52703760764871,26.603921271518605],[89.52703376190104,26.603891044331895],[89.52702809200507,26.60384645603146],[89.5270212069524,26.603792242599862],[89.52701371587152,26.603733141855255],[89.5270062236687,26.603673890030368],[89.52699934041956,26.60361922396605],[89.52699367014398,26.6035738817941],[89.5269898237966,26.60354259846007],[89.52698840539563,26.603530112096724],[89.52697391847538,26.60353916877337],[89.52693459495902,26.603566358808077],[89.52687664532206,26.603607187239138],[89.52680627670286,26.603657155622454],[89.52672970088697,26.603711772611998],[89.52665312504409,26.60376653978268],[89.52658275861303,26.603816961349967],[89.52652480703895,26.60385854270682],[89.52648548496423,26.603886788694588],[89.52647099675814,26.60389720385938],[89.52646800512278,26.6038972034916],[89.52645988427034,26.60389720293061],[89.5264479158951,26.603897204334846],[89.52643338331801,26.603897204233974],[89.5264175692538,26.60389720472454],[89.52640175403086,26.603897203440837],[89.5263872205023,26.603897204315214],[89.52637525402999,26.60389720375483],[89.5263671322261,26.603897204168565],[89.5263641396393,26.60389720477838],[89.52636492814497,26.603898471927476],[89.52636706543926,26.603901911247444],[89.5263702143597,26.60390698015429],[89.52637403869532,26.603913135084326],[89.52637820019405,26.6039198325982],[89.52638236278281,26.603926530967286],[89.52638618814015,26.603932685834742],[89.52638933604158,26.60393775480318],[89.52639147333718,26.603941194122765],[89.52639226089204,26.603942462251172],[89.52638580487711,26.603945277260692],[89.52636828036111,26.60395292161802],[89.52634245555147,26.603964185382345],[89.52631109491925,26.603977863448623],[89.52627696892183,26.603992748505647],[89.5262428428473,26.60400763263761],[89.52621148219349,26.604021310683382],[89.52618565735595,26.604032574421147],[89.52616813281581,26.60404021875548],[89.52616167583953,26.60404303473506],[89.52615915692566,26.60404430137947],[89.52615231841774,26.60404774147754],[89.5261422398376,26.604052810075437],[89.52613000193496,26.604058964909434],[89.52611668443939,26.604065663778076],[89.52610336687323,26.60407236172822],[89.5260911279463,26.604078516621154],[89.52608105038185,26.60408358515285],[89.52607421084912,26.6040870253095],[89.52607169295399,26.60408829189034],[89.52607342380422,26.604090826964175],[89.52607812588668,26.604097705393485],[89.52608505534322,26.60410784439826],[89.52609346871391,26.60412015287981],[89.52610262425027,26.60413354885156],[89.5261117808782,26.60414694567786],[89.52612019439229,26.604159255992354],[89.52612712378644,26.604169394077264],[89.5261318258057,26.60417627158701],[89.52613355665827,26.604178806660002],[89.52612143200881,26.60418359336962],[89.52608851991097,26.604196587979057],[89.52604001837051,26.60421573681873],[89.52598112464969,26.604238989951313],[89.52591703267755,26.604264293961233],[89.52585294067983,26.60428959794437],[89.52579404689031,26.604312851005083],[89.5257455452608,26.604331999751512],[89.52571263301674,26.604344993362805],[89.52570050840455,26.604349780956518],[89.52570406212283,26.604379510736145],[89.52571342159719,26.604460892107184],[89.52572662778971,26.6045822218063],[89.52574172430657,26.604731790879306],[89.52575675297858,26.60489789417018],[89.52576975745535,26.605068823653223],[89.52577877960614,26.6052328751044],[89.52578186196244,26.60537833965781],[89.52577704950514,26.605493513833153],[89.52576238265326,26.605566687978413],[89.52569681857064,26.605569136886338]]]}},{"type":"Feature","properties":{"Village_Name":"Uttar Poro","Village_Code":"307144N136","Block_Name":"Kalchini","District":"Alipurduar","Vill_Cat":"rural","State_LGD":"19","Dist_LGD":"328N002","Subdis_LGD":"2171"},"geometry":{"type":"Polygon","coordinates":[[[89.47568155740142,26.56309518167541],[89.47563785838,26.562843088111443],[89.47519919404444,26.562903457266643],[89.47413627495622,26.562933653022853],[89.4740182172739,26.565665062099956],[89.47391698809366,26.5657857865019],[89.473883247224,26.56589142062455],[89.47393386532583,26.566117776809527],[89.47400135477697,26.566238499262166],[89.47403510000447,26.566344131203213],[89.47403510518502,26.566691208943247],[89.4740013846671,26.568109692809973],[89.47400138857715,26.568245505072422],[89.47395077507126,26.568381316281936],[89.47393390411102,26.568456766493725],[89.4739170353814,26.568607668124915],[89.47391703463545,26.568637848609363],[89.47401826801811,26.568773656769096],[89.47405201223302,26.568818926769563],[89.47406888497545,26.568879287041543],[89.47408575892753,26.569015096933143],[89.47427134808315,26.569045275015963],[89.47433883815562,26.569256533749922],[89.47452442908052,26.56927162169014],[89.47531739795755,26.56910562163563],[89.47614410878596,26.56887925967215],[89.47624533839928,26.568788718328143],[89.47624531209837,26.56721934088114],[89.47619467572721,26.565936662333034],[89.47597532433193,26.564789785576536],[89.47568155740142,26.56309518167541]]]}},{"type":"Feature","properties":{"Village_Name":"Uttar Poro","Village_Code":"307144N136","Block_Name":"Kalchini","District":"Alipurduar","Vill_Cat":"rural","State_LGD":"19","Dist_LGD":"328N002","Subdis_LGD":"2171"},"geometry":{"type":"Polygon","coordinates":[[[89.47724501077609,26.58183635423496],[89.47177550089893,26.581773917356493],[89.46936723632415,26.584669564735783],[89.47008278894037,26.590991013891106],[89.47990647759276,26.5913171949156],[89.48889163564228,26.592105799496178],[89.48985139283424,26.589148884064855],[89.48980847041375,26.587682601300102],[89.48884855103462,26.58519447265655],[89.4874971009303,26.584906056162943],[89.48660803514579,26.582700659546063],[89.47724501077609,26.58183635423496]]]}}]}