{
  "type": "FeatureCollection",
  "name": "BTR Forest Roads",
  "metadata": {
    "schemaVersion": "1.0",
    "operationalFieldsNote": "Static GIS/master fields only. Condition history and GPS-verified visit/patrol history should be stored separately at runtime.",
    "unknownPolicy": "Values not supported by the source KML are left null/UNKNOWN rather than inferred."
  },
  "features": [
    {
      "type": "Feature",
      "id": "ROAD_BTR_001",
      "properties": {
        "assetId": "ROAD_BTR_001",
        "name": "20th mile rd.",
        "assetType": "FOREST_ROAD",
        "division": null,
        "ranges": [],
        "beats": [],
        "compartments": [],
        "surface": "UNKNOWN",
        "vehicleAccess": "UNKNOWN",
        "status": "OPEN",
        "totalLengthKm": 4636.334,
        "currentCondition": null,
        "lastVisitedAt": null,
        "lastVisitedBy": null,
        "lastVisit": null,
        "lastSubstantialPatrolAt": null,
        "lastFullPatrolAt": null
      },
      "geometry": {
        "type": "LineString",
        "coordinates": [
          [
            89.6256100813234,
            26.5887059688469
          ],
          [
            89.6263215817885,
            26.5887071894308
          ],
          [
            89.6268887594964,
            26.5886985362004
          ],
          [
            89.6276509289233,
            26.5886712456404
          ],
          [
            89.6281568379075,
            26.588646407742
          ],
          [
            89.6284452278702,
            26.5886456898559
          ],
          [
            89.6287149599432,
            26.5886427801211
          ],
          [
            89.6289272740418,
            26.5886350880042
          ],
          [
            89.6289300437638,
            26.5886350801233
          ],
          [
            89.6292598401266,
            26.5886244945314
          ],
          [
            89.6294038136762,
            26.5886318500566
          ],
          [
            89.6295911471918,
            26.588641622686
          ],
          [
            89.6296988149051,
            26.5886439329585
          ],
          [
            89.6297043382575,
            26.5886439254872
          ],
          [
            89.6298535587447,
            26.5886437232804
          ],
          [
            89.6301239085337,
            26.5886396625929
          ],
          [
            89.6303682997858,
            26.5886331454179
          ],
          [
            89.6305715899837,
            26.5886165869404
          ],
          [
            89.630686390451,
            26.5886068447021
          ],
          [
            89.630875332224,
            26.5886068378731
          ],
          [
            89.6310724541821,
            26.5886019455447
          ],
          [
            89.6311916946186,
            26.5885990187139
          ],
          [
            89.6313450409093,
            26.5885965664912
          ],
          [
            89.631536743205,
            26.5885843267379
          ],
          [
            89.6316953069345,
            26.5885891565728
          ],
          [
            89.6318430396986,
            26.5885915321266
          ],
          [
            89.6319964799535,
            26.5885865878253
          ],
          [
            89.6321938771619,
            26.5886013795837
          ],
          [
            89.6323909676608,
            26.5885965635783
          ],
          [
            89.6325768287553,
            26.5885917504074
          ],
          [
            89.6327681586344,
            26.5885746568
          ],
          [
            89.6329512592617,
            26.5885722293169
          ],
          [
            89.633097886681,
            26.5885772658496
          ],
          [
            89.6332684908264,
            26.5885774412018
          ],
          [
            89.6334553881345,
            26.5885726984021
          ],
          [
            89.6336206069772,
            26.58856791872
          ],
          [
            89.6337583136277,
            26.5885436882737
          ],
          [
            89.6338879130043,
            26.5885340561447
          ],
          [
            89.6340365216072,
            26.5885341411181
          ],
          [
            89.6341603058321,
            26.5885365641688
          ],
          [
            89.6343098777052,
            26.5885316686249
          ],
          [
            89.63449255004,
            26.5885339612289
          ],
          [
            89.6346782572881,
            26.5885459845486
          ],
          [
            89.6348614552908,
            26.5885434196062
          ],
          [
            89.6350695945747,
            26.5885432700862
          ],
          [
            89.635300118719,
            26.5885552996264
          ],
          [
            89.6354481117108,
            26.5885552346665
          ],
          [
            89.6355531354106,
            26.588548799492
          ],
          [
            89.6357384322262,
            26.5885488513143
          ],
          [
            89.6359044429476,
            26.5885416290991
          ],
          [
            89.6360597647605,
            26.5885392818919
          ],
          [
            89.6362125462559,
            26.5885344828572
          ],
          [
            89.6363272574919,
            26.5885345504791
          ],
          [
            89.6364641316165,
            26.5885345421885
          ],
          [
            89.6365873180916,
            26.5885345345915
          ],
          [
            89.636746091483,
            26.5885369744744
          ],
          [
            89.6369405442055,
            26.5885321777062
          ],
          [
            89.6370968657229,
            26.5885322693357
          ],
          [
            89.6372451373065,
            26.5885323561193
          ],
          [
            89.6373715795668,
            26.5885324303466
          ],
          [
            89.6375007643804,
            26.5885324733459
          ],
          [
            89.6376160326393,
            26.5885275535324
          ],
          [
            89.6377256471244,
            26.5885201528618
          ],
          [
            89.6379085708155,
            26.5885028459316
          ],
          [
            89.6380422763159,
            26.5885027651728
          ],
          [
            89.6381625071357,
            26.5885051718893
          ],
          [
            89.6384137518599,
            26.5885004127314
          ],
          [
            89.6386866180152,
            26.5885031395693
          ],
          [
            89.6391494684973,
            26.5885158842028
          ],
          [
            89.6393541961883,
            26.588520930886
          ],
          [
            89.6395287491848,
            26.5885234948042
          ],
          [
            89.6396562372712,
            26.5885111915671
          ],
          [
            89.6399312152313,
            26.5885088474045
          ],
          [
            89.6399451196742,
            26.5885088538803
          ],
          [
            89.6402391967213,
            26.5884891007252
          ],
          [
            89.6405471731351,
            26.5884813639933
          ],
          [
            89.6409415476556,
            26.5884678687386
          ],
          [
            89.6412241695267,
            26.588468266155
          ],
          [
            89.6415000127775,
            26.5884687615678
          ],
          [
            89.6417192570344,
            26.5884688884691
          ],
          [
            89.6420198788266,
            26.5884517911636
          ],
          [
            89.6425934885229,
            26.588469330026
          ],
          [
            89.6428706705399,
            26.5884618899802
          ],
          [
            89.6431348690593,
            26.5884421785411
          ],
          [
            89.6433539926585,
            26.5884446571371
          ],
          [
            89.643484348873,
            26.5884446535925
          ],
          [
            89.6436091396533,
            26.5884421686363
          ],
          [
            89.6439427091047,
            26.5884249130975
          ],
          [
            89.6442717715102,
            26.5884276280561
          ],
          [
            89.6445988978046,
            26.5884303474544
          ],
          [
            89.6447516554099,
            26.5884329457535
          ],
          [
            89.644979738481,
            26.5884206526074
          ],
          [
            89.6449853065055,
            26.5884206564908
          ],
          [
            89.6451915000077,
            26.5884181313471
          ],
          [
            89.6453418603623,
            26.5884180209688
          ],
          [
            89.6457031704192,
            26.5884177720987
          ],
          [
            89.6459122887556,
            26.5884129301182
          ],
          [
            89.6460574416149,
            26.5884005647773
          ],
          [
            89.6462503269103,
            26.5883956924138
          ],
          [
            89.6463538857569,
            26.5883957507984
          ],
          [
            89.6464794304171,
            26.588393267197
          ],
          [
            89.6465803059445,
            26.5884008026672
          ],
          [
            89.6466700570331,
            26.5884233045086
          ],
          [
            89.646796378653,
            26.588465823956
          ],
          [
            89.6469368814369,
            26.5885383610811
          ],
          [
            89.6472101252237,
            26.5886799927369
          ],
          [
            89.6473166754838,
            26.5887225126033
          ],
          [
            89.6475356318977,
            26.5887525926899
          ],
          [
            89.6475524359794,
            26.5887550957526
          ],
          [
            89.6477008305667,
            26.5887651048536
          ],
          [
            89.6478072595942,
            26.5887776205055
          ],
          [
            89.6479304426279,
            26.5887801170477
          ],
          [
            89.6480535106462,
            26.5887625812265
          ],
          [
            89.64854154387,
            26.5885390892315
          ],
          [
            89.6486803947904,
            26.5884814373386
          ],
          [
            89.6487719396025,
            26.5884588792579
          ],
          [
            89.6489021431906,
            26.5884313321095
          ],
          [
            89.6490018109675,
            26.5884287737466
          ],
          [
            89.6491537824939,
            26.5884112439821
          ],
          [
            89.6493221122105,
            26.5884111525328
          ],
          [
            89.649418372847,
            26.5883837533102
          ],
          [
            89.6495501985854,
            26.5883489308289
          ],
          [
            89.6495859770065,
            26.588356372627
          ],
          [
            89.6496164150348,
            26.5883886406229
          ],
          [
            89.6496441224861,
            26.5884457322313
          ],
          [
            89.6496586421479,
            26.5886195966947
          ],
          [
            89.6496728374751,
            26.588758725263
          ],
          [
            89.6496979420619,
            26.5888854151299
          ],
          [
            89.6497036197579,
            26.588940095323
          ],
          [
            89.6497310999356,
            26.5889698006615
          ],
          [
            89.6497804313461,
            26.5889944086531
          ],
          [
            89.6498430773776,
            26.5889917571436
          ],
          [
            89.649948530589,
            26.5889594435889
          ],
          [
            89.6500816880019,
            26.5888873808656
          ],
          [
            89.6502840953709,
            26.5887532519339
          ],
          [
            89.6502868695583,
            26.588753251769
          ],
          [
            89.6505279711857,
            26.5886018185407
          ],
          [
            89.650774514445,
            26.5884678330311
          ],
          [
            89.6509600079244,
            26.5883587141381
          ],
          [
            89.6510873321441,
            26.5882892973969
          ],
          [
            89.6511289313398,
            26.5882843375053
          ],
          [
            89.6511621941045,
            26.588284334694
          ],
          [
            89.6511872336929,
            26.5883041626136
          ],
          [
            89.6512209538304,
            26.5883487831083
          ],
          [
            89.651282718631,
            26.5884207298169
          ],
          [
            89.6513580534704,
            26.5884430802008
          ],
          [
            89.6515276890494,
            26.5884654594207
          ],
          [
            89.6518337421821,
            26.588490376125
          ],
          [
            89.6520119582924,
            26.5884953913695
          ],
          [
            89.6521426789012,
            26.5884606014246
          ],
          [
            89.6522984725451,
            26.5884208325134
          ],
          [
            89.6524569319194,
            26.5883611637563
          ],
          [
            89.6526245572033,
            26.5883039794789
          ],
          [
            89.6527550672605,
            26.5882840890742
          ],
          [
            89.652891246388,
            26.5882840772093
          ],
          [
            89.6530275927423,
            26.5883039426639
          ],
          [
            89.6531476951532,
            26.5883611178737
          ],
          [
            89.6532261194955,
            26.5884133670958
          ],
          [
            89.6533267280683,
            26.5884531996185
          ],
          [
            89.6533825030455,
            26.5884631547366
          ],
          [
            89.6534661513597,
            26.5884756089272
          ],
          [
            89.6535604517131,
            26.5884506872596
          ],
          [
            89.6537403402541,
            26.5883834530868
          ],
          [
            89.653939952426,
            26.5882864662548
          ],
          [
            89.6541402755764,
            26.5881797014386
          ],
          [
            89.6543486020453,
            26.5880755884658
          ],
          [
            89.6545621400291,
            26.5879790740859
          ],
          [
            89.6548060148252,
            26.5878824674379
          ],
          [
            89.6548836203726,
            26.5878527141885
          ],
          [
            89.6549279633948,
            26.5878080934726
          ],
          [
            89.6549168674494,
            26.5877362132959
          ],
          [
            89.654855874131,
            26.5876271588076
          ],
          [
            89.654758847697,
            26.5875156280241
          ],
          [
            89.6547061720421,
            26.5874214434354
          ],
          [
            89.6546978473392,
            26.5873475964945
          ],
          [
            89.6548280700899,
            26.5872806370906
          ],
          [
            89.655029855456,
            26.5872284309871
          ],
          [
            89.6552285389204,
            26.5871837409234
          ],
          [
            89.6553582623912,
            26.5871639046824
          ],
          [
            89.6556320032847,
            26.5871366644305
          ],
          [
            89.655786875808,
            26.5871366479968
          ],
          [
            89.6559966568543,
            26.5871069404466
          ],
          [
            89.6559994132591,
            26.5871069400062
          ],
          [
            89.6562757843711,
            26.5870698200245
          ],
          [
            89.6566647946098,
            26.5870300281108
          ],
          [
            89.6571145424253,
            26.5869950533926
          ],
          [
            89.6581186398896,
            26.586930079669
          ],
          [
            89.6584162775819,
            26.5869078015549
          ],
          [
            89.6588104972408,
            26.5868955134853
          ],
          [
            89.6591276647051,
            26.5868606164535
          ],
          [
            89.6593835869663,
            26.5868481284741
          ],
          [
            89.6597286478098,
            26.5868281519437
          ],
          [
            89.6600897777234,
            26.5868132315163
          ],
          [
            89.660277351972,
            26.5868148148276
          ],
          [
            89.6607384714913,
            26.5867879467737
          ],
          [
            89.6610334293303,
            26.5867476723948
          ],
          [
            89.6614510434206,
            26.5867259293834
          ],
          [
            89.6618175911374,
            26.586739215906
          ],
          [
            89.6623430297874,
            26.586681751054
          ],
          [
            89.6627634424375,
            26.5866605944214
          ],
          [
            89.6631085487423,
            26.5866349516147
          ],
          [
            89.6634647391229,
            26.5866094196811
          ],
          [
            89.6637265210829,
            26.5866050818083
          ],
          [
            89.6637366738862,
            26.5866050984652
          ],
          [
            89.6642230463946,
            26.5866195207697
          ],
          [
            89.6644226411138,
            26.586619835956
          ],
          [
            89.6644302153575,
            26.5866198497105
          ],
          [
            89.6647211946208,
            26.5866018573565
          ],
          [
            89.6650540174743,
            26.586590240829
          ],
          [
            89.6652414494509,
            26.5866038603077
          ],
          [
            89.6654137093602,
            26.5866129275344
          ],
          [
            89.6657525538091,
            26.5866220527139
          ],
          [
            89.6661946035601,
            26.5866405483234
          ],
          [
            89.6666605039862,
            26.5866563376134
          ],
          [
            89.6670858157352,
            26.5866358481159
          ],
          [
            89.6680451249572,
            26.5866186020921
          ],
          [
            89.6689510590312,
            26.5865890166054
          ],
          [
            89.6693813519024,
            26.586573311312
          ],
          [
            89.6699826197325,
            26.5865665531573
          ]
        ]
      }
    },
    {
      "type": "Feature",
      "id": "ROAD_BTR_002",
      "properties": {
        "assetId": "ROAD_BTR_002",
        "name": "Unnamed Road 002",
        "assetType": "FOREST_ROAD",
        "division": null,
        "ranges": [],
        "beats": [],
        "compartments": [],
        "surface": "UNKNOWN",
        "vehicleAccess": "UNKNOWN",
        "status": "OPEN",
        "totalLengthKm": 858.574,
        "currentCondition": null,
        "lastVisitedAt": null,
        "lastVisitedBy": null,
        "lastVisit": null,
        "lastSubstantialPatrolAt": null,
        "lastFullPatrolAt": null
      },
      "geometry": {
        "type": "LineString",
        "coordinates": [
          [
            89.5588410081114,
            26.5473529163588
          ],
          [
            89.5587731564476,
            26.5473669699625
          ],
          [
            89.5587122926127,
            26.5473332050464
          ],
          [
            89.558633190401,
            26.5473294821505
          ],
          [
            89.5584487880222,
            26.5473257649869
          ],
          [
            89.5583617485863,
            26.5473406723289
          ],
          [
            89.5582520735601,
            26.5473481478345
          ],
          [
            89.5581506226095,
            26.5473406772498
          ],
          [
            89.5579945469022,
            26.5473626738653
          ],
          [
            89.5579094760828,
            26.5473435775005
          ],
          [
            89.5577921579936,
            26.5473134166244
          ],
          [
            89.5577124259183,
            26.547284475196
          ],
          [
            89.5576710732594,
            26.5471869835244
          ],
          [
            89.5575911043465,
            26.5470230827343
          ],
          [
            89.557517869344,
            26.5468298654823
          ],
          [
            89.5573261003037,
            26.546124515612
          ],
          [
            89.5573084330946,
            26.5460721323094
          ],
          [
            89.5572617447406,
            26.5460664619744
          ],
          [
            89.5571919518208,
            26.5460550767819
          ],
          [
            89.5571378204826,
            26.5460609799624
          ],
          [
            89.5570519466643,
            26.5460871406508
          ],
          [
            89.556879360713,
            26.546133966387
          ],
          [
            89.5560324860085,
            26.5463290325482
          ],
          [
            89.5555572449632,
            26.5464361737543
          ],
          [
            89.5552691111218,
            26.5465087244875
          ],
          [
            89.5551612879319,
            26.5465419583457
          ],
          [
            89.5548413066041,
            26.5465975382026
          ],
          [
            89.5544535561048,
            26.5466689057799
          ],
          [
            89.5537711043981,
            26.5468081186789
          ],
          [
            89.553570326644,
            26.5468512459054
          ],
          [
            89.5530842753229,
            26.5469839737299
          ],
          [
            89.5528287432474,
            26.5470501378371
          ],
          [
            89.5526110887606,
            26.5471027865985
          ],
          [
            89.5522624439463,
            26.5471878646352
          ],
          [
            89.5521710159856,
            26.5472238874758
          ],
          [
            89.5521198758263,
            26.5472501015558
          ],
          [
            89.5520614825604,
            26.5472927416093
          ],
          [
            89.5520323063679,
            26.5473354558648
          ],
          [
            89.5520213675942,
            26.5474045763398
          ],
          [
            89.5520396373792,
            26.5475166311454
          ],
          [
            89.5520831767544,
            26.5478266028642
          ]
        ]
      }
    },
    {
      "type": "Feature",
      "id": "ROAD_BTR_003",
      "properties": {
        "assetId": "ROAD_BTR_003",
        "name": "Pathar Leak",
        "assetType": "FOREST_ROAD",
        "division": null,
        "ranges": [],
        "beats": [],
        "compartments": [],
        "surface": "UNKNOWN",
        "vehicleAccess": "UNKNOWN",
        "status": "OPEN",
        "totalLengthKm": 3349.852,
        "currentCondition": null,
        "lastVisitedAt": null,
        "lastVisitedBy": null,
        "lastVisit": null,
        "lastSubstantialPatrolAt": null,
        "lastFullPatrolAt": null
      },
      "geometry": {
        "type": "LineString",
        "coordinates": [
          [
            89.5782128692178,
            26.5897185349707
          ],
          [
            89.5781968236149,
            26.589481475133
          ],
          [
            89.5782553049267,
            26.5891145612003
          ],
          [
            89.5783036445276,
            26.5888419698719
          ],
          [
            89.5783242050222,
            26.5884685679271
          ],
          [
            89.5784051564994,
            26.5882880042823
          ],
          [
            89.5784576684297,
            26.5877024891994
          ],
          [
            89.5785518172069,
            26.5875392016055
          ],
          [
            89.5786051505311,
            26.5871755760564
          ],
          [
            89.578733665892,
            26.5868319473297
          ],
          [
            89.5786722106441,
            26.5865477630775
          ],
          [
            89.5789021257885,
            26.5862273149987
          ],
          [
            89.5791455376344,
            26.5856939873945
          ],
          [
            89.5791455376917,
            26.5855549348442
          ],
          [
            89.5794151707573,
            26.585125602611
          ],
          [
            89.5795295809123,
            26.5844448185965
          ],
          [
            89.5795838382491,
            26.5842271887984
          ],
          [
            89.5795839582688,
            26.5838771181689
          ],
          [
            89.5796855135956,
            26.583598561487
          ],
          [
            89.5797804530052,
            26.5833263121838
          ],
          [
            89.57981459332,
            26.5831086841683
          ],
          [
            89.5797945392725,
            26.5829332460682
          ],
          [
            89.5799301276965,
            26.5826910509315
          ],
          [
            89.579971150163,
            26.5824485685334
          ],
          [
            89.5799579292507,
            26.5822726042294
          ],
          [
            89.5800124059335,
            26.5818280180245
          ],
          [
            89.5800802716012,
            26.5815553308443
          ],
          [
            89.5801550412407,
            26.5813189500636
          ],
          [
            89.5801755585061,
            26.5811005161481
          ],
          [
            89.5802163245327,
            26.5809365777592
          ],
          [
            89.5801143867629,
            26.5806816805024
          ],
          [
            89.5800192590232,
            26.5804999198476
          ],
          [
            89.5799717424764,
            26.5804212354288
          ],
          [
            89.5798293462363,
            26.580391165279
          ],
          [
            89.579802244059,
            26.5803005973607
          ],
          [
            89.5799106758519,
            26.5799975399554
          ],
          [
            89.5798903553922,
            26.5798155442411
          ],
          [
            89.5797480093417,
            26.5796883768167
          ],
          [
            89.5795648863104,
            26.5795001184984
          ],
          [
            89.5794901861064,
            26.5793057477455
          ],
          [
            89.5794901854639,
            26.5791904938325
          ],
          [
            89.5795375868196,
            26.5790142509723
          ],
          [
            89.5795916829224,
            26.5787583246137
          ],
          [
            89.579625612294,
            26.5785881914397
          ],
          [
            89.5796188605625,
            26.5782326393817
          ],
          [
            89.5796324235,
            26.5779958443827
          ],
          [
            89.5795445245556,
            26.5776991205818
          ],
          [
            89.5795989844174,
            26.5774815535484
          ],
          [
            89.5797480783791,
            26.5772335977396
          ],
          [
            89.5798564378889,
            26.5770935822149
          ],
          [
            89.5799445823308,
            26.5769715571643
          ],
          [
            89.5799445814874,
            26.5768502833489
          ],
          [
            89.5799717229233,
            26.5767105169742
          ],
          [
            89.5799888372373,
            26.5765281583125
          ],
          [
            89.5799617661412,
            26.5764674775531
          ],
          [
            89.5799214443297,
            26.576285311013
          ],
          [
            89.5798606102802,
            26.5761030008656
          ],
          [
            89.5798676734963,
            26.575926616984
          ],
          [
            89.5798677999837,
            26.5758414193572
          ],
          [
            89.5799087828047,
            26.5757500312977
          ],
          [
            89.5799634433739,
            26.5756402838956
          ],
          [
            89.5800045576624,
            26.5755060964799
          ],
          [
            89.5800114201099,
            26.5754269219396
          ],
          [
            89.5799842064581,
            26.5753478221546
          ],
          [
            89.5799365820567,
            26.5752139614485
          ],
          [
            89.579895761298,
            26.5751226920044
          ],
          [
            89.5798957610754,
            26.5750375067994
          ],
          [
            89.5799433846031,
            26.5749766599532
          ],
          [
            89.5800201914491,
            26.5748739087213
          ],
          [
            89.5800541740849,
            26.5746851042471
          ],
          [
            89.5800473386267,
            26.5745449230535
          ],
          [
            89.5800405329358,
            26.5744170809757
          ],
          [
            89.5801494488652,
            26.5742036513572
          ],
          [
            89.5801766993387,
            26.573995862153
          ],
          [
            89.5802244282883,
            26.5737757613221
          ],
          [
            89.5802244282911,
            26.5736172424408
          ],
          [
            89.5801971551903,
            26.5734181971656
          ],
          [
            89.5800745098262,
            26.5732656074596
          ],
          [
            89.5800064314407,
            26.5731315027779
          ],
          [
            89.5800336578845,
            26.5730096955249
          ],
          [
            89.5801426335499,
            26.5727294443423
          ],
          [
            89.5801426373303,
            26.5726076739692
          ],
          [
            89.5800202105267,
            26.5721943445235
          ],
          [
            89.5800474829483,
            26.5719089847214
          ],
          [
            89.5801358655129,
            26.5717692675073
          ],
          [
            89.5801630535674,
            26.5715812766025
          ],
          [
            89.5801494711095,
            26.5712874200017
          ],
          [
            89.5802105195895,
            26.5710996626742
          ],
          [
            89.5803055292161,
            26.5709416666187
          ],
          [
            89.5803259372418,
            26.5708018077113
          ],
          [
            89.5803735208398,
            26.5706496880349
          ],
          [
            89.5803668054979,
            26.5704913734884
          ],
          [
            89.5803467363932,
            26.5702399415642
          ],
          [
            89.5803743922532,
            26.5700174405301
          ],
          [
            89.5803540952016,
            26.5699250265223
          ],
          [
            89.5801288988365,
            26.5695122622538
          ],
          [
            89.5800262028312,
            26.5693659338877
          ],
          [
            89.5797382853301,
            26.5691276038677
          ],
          [
            89.5795802791845,
            26.5689377906344
          ],
          [
            89.5795658288757,
            26.5686126419542
          ],
          [
            89.5794968105919,
            26.568452851849
          ],
          [
            89.5792907750655,
            26.5683607092445
          ],
          [
            89.5791255982123,
            26.568206963338
          ],
          [
            89.5791044350287,
            26.5680775806026
          ],
          [
            89.5791310388921,
            26.5678924113734
          ],
          [
            89.5790685274394,
            26.5677565110776
          ],
          [
            89.5790818666022,
            26.5676206143589
          ],
          [
            89.5790404037901,
            26.5675219063194
          ],
          [
            89.5789714305721,
            26.5674170720376
          ],
          [
            89.5788956618963,
            26.5673431418868
          ],
          [
            89.5789156165774,
            26.5671019376881
          ],
          [
            89.5791160629302,
            26.5667721339669
          ],
          [
            89.579203630578,
            26.56649745826
          ],
          [
            89.5793789813988,
            26.5661817006614
          ],
          [
            89.5796320364715,
            26.5657622543282
          ],
          [
            89.5798680870058,
            26.5653074589342
          ],
          [
            89.5800127508475,
            26.5650394133802
          ],
          [
            89.5801049227742,
            26.5648182397035
          ],
          [
            89.5801963048602,
            26.5646554130847
          ],
          [
            89.5803130405167,
            26.5644344429636
          ],
          [
            89.5803389880727,
            26.5642599779815
          ],
          [
            89.5803126964062,
            26.5640621789853
          ],
          [
            89.5802371088509,
            26.5639012283594
          ],
          [
            89.5801403436205,
            26.5636851928922
          ],
          [
            89.5800302023983,
            26.5634905413761
          ],
          [
            89.5796252044898,
            26.5627647573776
          ],
          [
            89.579558794843,
            26.5626476274778
          ],
          [
            89.579502175228,
            26.5624454913369
          ],
          [
            89.579368197714,
            26.5621673211716
          ],
          [
            89.5792192063249,
            26.5619129647775
          ],
          [
            89.579146135447,
            26.5618004048447
          ],
          [
            89.5791109220045,
            26.5616113552664
          ]
        ]
      }
    },
    {
      "type": "Feature",
      "id": "ROAD_BTR_004",
      "properties": {
        "assetId": "ROAD_BTR_004",
        "name": "19th mile rd.",
        "assetType": "FOREST_ROAD",
        "division": null,
        "ranges": [],
        "beats": [],
        "compartments": [],
        "surface": "UNKNOWN",
        "vehicleAccess": "UNKNOWN",
        "status": "OPEN",
        "totalLengthKm": 349.604,
        "currentCondition": null,
        "lastVisitedAt": null,
        "lastVisitedBy": null,
        "lastVisit": null,
        "lastSubstantialPatrolAt": null,
        "lastFullPatrolAt": null
      },
      "geometry": {
        "type": "LineString",
        "coordinates": [
          [
            89.5492498805373,
            26.5773843469388
          ],
          [
            89.5457359939818,
            26.5774809465953
          ]
        ]
      }
    },
    {
      "type": "Feature",
      "id": "ROAD_BTR_005",
      "properties": {
        "assetId": "ROAD_BTR_005",
        "name": "Jainti to Mahakaal",
        "assetType": "FOREST_ROAD",
        "division": null,
        "ranges": [],
        "beats": [],
        "compartments": [],
        "surface": "UNKNOWN",
        "vehicleAccess": "UNKNOWN",
        "status": "OPEN",
        "totalLengthKm": 2883.62,
        "currentCondition": null,
        "lastVisitedAt": null,
        "lastVisitedBy": null,
        "lastVisit": null,
        "lastSubstantialPatrolAt": null,
        "lastFullPatrolAt": null
      },
      "geometry": {
        "type": "LineString",
        "coordinates": [
          [
            89.6153571257389,
            26.7008796078576
          ],
          [
            89.6153677896788,
            26.7009756213127
          ],
          [
            89.6154496411609,
            26.7010997989028
          ],
          [
            89.6154523753377,
            26.7011832161598
          ],
          [
            89.6154407863719,
            26.7013092248991
          ],
          [
            89.6153667957205,
            26.7014648416639
          ],
          [
            89.6152290725516,
            26.7016578917759
          ],
          [
            89.6151427751231,
            26.7017158106836
          ],
          [
            89.6149833848669,
            26.7017378714627
          ],
          [
            89.6148638114148,
            26.7017671461544
          ],
          [
            89.6146641372905,
            26.7018407128067
          ],
          [
            89.6144552854893,
            26.7020393788689
          ],
          [
            89.6143985627402,
            26.7021200741705
          ],
          [
            89.6142763719856,
            26.7022527638633
          ],
          [
            89.6141614811714,
            26.7023794804074
          ],
          [
            89.6140449597466,
            26.7025541245416
          ],
          [
            89.613886497595,
            26.7026705334188
          ],
          [
            89.6137021418913,
            26.702779603074
          ],
          [
            89.6135162537246,
            26.7028969725412
          ],
          [
            89.6134627532529,
            26.7030218516527
          ],
          [
            89.6133739655659,
            26.7031947958511
          ],
          [
            89.6133328575687,
            26.7034408017851
          ],
          [
            89.6133530902716,
            26.7036095873517
          ],
          [
            89.6133636274013,
            26.7038064034304
          ],
          [
            89.6133225481502,
            26.7040062056195
          ],
          [
            89.6133063514049,
            26.704225370089
          ],
          [
            89.6132693563262,
            26.7044675213086
          ],
          [
            89.6131609010156,
            26.7047025046126
          ],
          [
            89.6130595286491,
            26.7049310832582
          ],
          [
            89.6130420756022,
            26.7050825754021
          ],
          [
            89.6130073330759,
            26.7052527051057
          ],
          [
            89.6130575224519,
            26.7054824037809
          ],
          [
            89.6131169557624,
            26.705732113601
          ],
          [
            89.6130906844925,
            26.7058676149406
          ],
          [
            89.6130023845764,
            26.7060426219344
          ],
          [
            89.612937448774,
            26.7061737474886
          ],
          [
            89.612845862185,
            26.7064838042545
          ],
          [
            89.6128185630702,
            26.7067606427274
          ],
          [
            89.6127588357519,
            26.7069656410947
          ],
          [
            89.6127477826875,
            26.707188435897
          ],
          [
            89.6126543801696,
            26.7073514763718
          ],
          [
            89.612586341454,
            26.7074453276513
          ],
          [
            89.6125171841455,
            26.7075791497033
          ],
          [
            89.6125215006163,
            26.7077938080272
          ],
          [
            89.6125190825778,
            26.7079222510836
          ],
          [
            89.6124333256458,
            26.7079868156707
          ],
          [
            89.612285032721,
            26.7081584420047
          ],
          [
            89.6121862438476,
            26.7083326289347
          ],
          [
            89.6121213456001,
            26.7084916532844
          ],
          [
            89.612087118181,
            26.7087538580986
          ],
          [
            89.6120654174794,
            26.7089254727459
          ],
          [
            89.6120773033872,
            26.7091144038266
          ],
          [
            89.6120415107613,
            26.7092443208874
          ],
          [
            89.6120385532368,
            26.7093674240881
          ],
          [
            89.6120351990343,
            26.7095070337286
          ],
          [
            89.611947648462,
            26.7096950414615
          ],
          [
            89.6118215197631,
            26.7100360597723
          ],
          [
            89.611767543381,
            26.7102799663542
          ],
          [
            89.6116429363877,
            26.7106790577772
          ],
          [
            89.6115827676934,
            26.7109430542166
          ],
          [
            89.6115072775875,
            26.7110660413088
          ],
          [
            89.6114051270199,
            26.7112673398666
          ],
          [
            89.6113880679992,
            26.7112912167788
          ],
          [
            89.6113100099617,
            26.7114567176624
          ],
          [
            89.611248432086,
            26.7116070592418
          ],
          [
            89.6111996536031,
            26.7118808835101
          ],
          [
            89.611237130116,
            26.7121047217772
          ],
          [
            89.6112762742595,
            26.7122660806593
          ],
          [
            89.6112233978382,
            26.7124986402607
          ],
          [
            89.6112231080754,
            26.712634902579
          ],
          [
            89.611214609265,
            26.7128087397311
          ],
          [
            89.6111650138325,
            26.7129694096045
          ],
          [
            89.6110816191361,
            26.7131660632447
          ],
          [
            89.6109724228194,
            26.7133276530673
          ],
          [
            89.6108199885307,
            26.7134927020202
          ],
          [
            89.6107241786098,
            26.7136910778931
          ],
          [
            89.6105846659514,
            26.7139070730112
          ],
          [
            89.6105055346739,
            26.7140325005826
          ],
          [
            89.6104313664447,
            26.7143342892056
          ],
          [
            89.6104061909944,
            26.7144748039442
          ],
          [
            89.6102814075828,
            26.7146324947099
          ],
          [
            89.6101393468725,
            26.7147584374677
          ],
          [
            89.6100788803889,
            26.7149414784149
          ],
          [
            89.6100086798703,
            26.7151750643931
          ],
          [
            89.6099635585002,
            26.7153781503721
          ],
          [
            89.6100022955096,
            26.7155670789751
          ],
          [
            89.6100646086504,
            26.7157069188269
          ],
          [
            89.6101757788109,
            26.715846800514
          ],
          [
            89.6103281370398,
            26.7159716382429
          ],
          [
            89.6104650491078,
            26.7160757926609
          ],
          [
            89.6106591512286,
            26.7161702622394
          ],
          [
            89.6108787737317,
            26.7163703585298
          ],
          [
            89.6110511028493,
            26.7165580828629
          ],
          [
            89.6111579225841,
            26.7166477587683
          ],
          [
            89.61123123546,
            26.7167464984557
          ],
          [
            89.6112551045391,
            26.7168004016711
          ],
          [
            89.6112143288859,
            26.7168428694811
          ],
          [
            89.6110600847631,
            26.7168826067358
          ],
          [
            89.6109460215054,
            26.7169483287617
          ],
          [
            89.6107829165174,
            26.71702279426
          ],
          [
            89.6105786488102,
            26.7171034353476
          ],
          [
            89.6104390019126,
            26.7172076771847
          ],
          [
            89.610347646915,
            26.7173765079538
          ],
          [
            89.6102818278824,
            26.7174744546092
          ],
          [
            89.6101938010018,
            26.717610473884
          ],
          [
            89.6101494292863,
            26.7177682245235
          ],
          [
            89.6100537131076,
            26.7178995234373
          ],
          [
            89.6099393267898,
            26.7180377211245
          ],
          [
            89.6098351586334,
            26.7182114287403
          ],
          [
            89.6097985150117,
            26.7183469693202
          ],
          [
            89.6096997167016,
            26.7184723907267
          ],
          [
            89.6096424422653,
            26.718641378688
          ],
          [
            89.6095908617778,
            26.7187795497641
          ],
          [
            89.6094441279192,
            26.7189820097122
          ],
          [
            89.609391543486,
            26.7191266452254
          ],
          [
            89.6093853186629,
            26.7192491291923
          ],
          [
            89.6093949813673,
            26.7193846198598
          ],
          [
            89.6093108200505,
            26.7196610821073
          ],
          [
            89.6092386916163,
            26.7198827827079
          ],
          [
            89.6091798250932,
            26.7200348964808
          ],
          [
            89.6091287670945,
            26.7202049343599
          ],
          [
            89.6090466419532,
            26.7204003522591
          ],
          [
            89.6089787979618,
            26.7205990344699
          ],
          [
            89.6089176189491,
            26.7207722941811
          ],
          [
            89.6089106277856,
            26.7209577321121
          ],
          [
            89.6089033751623,
            26.7211074309958
          ],
          [
            89.6088881479211,
            26.7212808273021
          ],
          [
            89.6088166671335,
            26.7214224209044
          ],
          [
            89.6087443730507,
            26.721599466087
          ],
          [
            89.6087199954963,
            26.7217881509179
          ],
          [
            89.6087035558314,
            26.7219779349529
          ],
          [
            89.608580371555,
            26.7222016566625
          ],
          [
            89.6084846083009,
            26.7222938227599
          ],
          [
            89.6083404540972,
            26.7224238129164
          ],
          [
            89.6082263776138,
            26.72258992767
          ],
          [
            89.6082198174166,
            26.7227118643348
          ],
          [
            89.6082523404899,
            26.7228479536857
          ],
          [
            89.6082629637738,
            26.7230410653649
          ],
          [
            89.6082895765513,
            26.7232365722001
          ],
          [
            89.6083947189025,
            26.7233990828245
          ],
          [
            89.6084764281591,
            26.7235477269896
          ],
          [
            89.608664488949,
            26.7237321830738
          ]
        ]
      }
    },
    {
      "type": "Feature",
      "id": "ROAD_BTR_006",
      "properties": {
        "assetId": "ROAD_BTR_006",
        "name": "Unnamed Road 006",
        "assetType": "FOREST_ROAD",
        "division": null,
        "ranges": [],
        "beats": [],
        "compartments": [],
        "surface": "UNKNOWN",
        "vehicleAccess": "UNKNOWN",
        "status": "OPEN",
        "totalLengthKm": 939.708,
        "currentCondition": null,
        "lastVisitedAt": null,
        "lastVisitedBy": null,
        "lastVisit": null,
        "lastSubstantialPatrolAt": null,
        "lastFullPatrolAt": null
      },
      "geometry": {
        "type": "LineString",
        "coordinates": [
          [
            89.6667204267282,
            26.6627869437319
          ],
          [
            89.6668509338495,
            26.6627410826042
          ],
          [
            89.6670701816872,
            26.6627312212715
          ],
          [
            89.6673391927288,
            26.6627478673637
          ],
          [
            89.6676651103306,
            26.6627839507535
          ],
          [
            89.6679857112736,
            26.6628398965216
          ],
          [
            89.6681635248823,
            26.6628869027607
          ],
          [
            89.6685146833851,
            26.6628919367825
          ],
          [
            89.6687812819503,
            26.6629167317171
          ],
          [
            89.6691870482939,
            26.6629525377625
          ],
          [
            89.669470044383,
            26.6629411287009
          ],
          [
            89.669970267156,
            26.6629580923886
          ],
          [
            89.6701804166846,
            26.6629583293014
          ],
          [
            89.6703528803008,
            26.6629470548931
          ],
          [
            89.6704115221544,
            26.6629375536313
          ],
          [
            89.6704693202991,
            26.6629088255102
          ],
          [
            89.6706155807416,
            26.6628446923572
          ],
          [
            89.6709918999742,
            26.6626161362948
          ],
          [
            89.6712522188343,
            26.6624760070014
          ],
          [
            89.6715441863643,
            26.6622850807992
          ],
          [
            89.6717113823222,
            26.6621858726607
          ],
          [
            89.6718104353325,
            26.6620952758117
          ],
          [
            89.6719903008557,
            26.6619008549016
          ],
          [
            89.6721246164763,
            26.6617163725851
          ],
          [
            89.6722241934834,
            26.661558395874
          ],
          [
            89.6722954387159,
            26.6614470464795
          ],
          [
            89.6723608447458,
            26.6613291011275
          ],
          [
            89.6724589449123,
            26.661199148292
          ],
          [
            89.672575855626,
            26.6611008906605
          ],
          [
            89.6726397420189,
            26.661046090297
          ],
          [
            89.6727356044976,
            26.660950620233
          ],
          [
            89.6730017864672,
            26.6607788396882
          ],
          [
            89.6731470719933,
            26.6606783978072
          ],
          [
            89.6732698178001,
            26.6605794221319
          ],
          [
            89.6734929712657,
            26.6604212280386
          ],
          [
            89.6736226265946,
            26.6603025861149
          ],
          [
            89.6737716344464,
            26.6601836756696
          ],
          [
            89.6738754679473,
            26.6600867936889
          ],
          [
            89.6739940929691,
            26.6599457952721
          ],
          [
            89.6741156363598,
            26.6597755387483
          ],
          [
            89.6741460470427,
            26.6597062874752
          ],
          [
            89.6741598297951,
            26.6596047392504
          ],
          [
            89.674112756309,
            26.6595403824964
          ],
          [
            89.6740324410354,
            26.659424035481
          ],
          [
            89.6739577300832,
            26.6593746367929
          ]
        ]
      }
    },
    {
      "type": "Feature",
      "id": "ROAD_BTR_007",
      "properties": {
        "assetId": "ROAD_BTR_007",
        "name": "23.5 mile rd.",
        "assetType": "FOREST_ROAD",
        "division": null,
        "ranges": [],
        "beats": [],
        "compartments": [],
        "surface": "UNKNOWN",
        "vehicleAccess": "UNKNOWN",
        "status": "OPEN",
        "totalLengthKm": 581.704,
        "currentCondition": null,
        "lastVisitedAt": null,
        "lastVisitedBy": null,
        "lastVisit": null,
        "lastSubstantialPatrolAt": null,
        "lastFullPatrolAt": null
      },
      "geometry": {
        "type": "LineString",
        "coordinates": [
          [
            89.5682534482,
            26.6404075362
          ],
          [
            89.5681508537,
            26.6406659503
          ],
          [
            89.5680979639,
            26.6408048384
          ],
          [
            89.5680866484,
            26.6409121267
          ],
          [
            89.568109531,
            26.6410194989
          ],
          [
            89.5681450702,
            26.6411356721
          ],
          [
            89.5681617502,
            26.6412276216
          ],
          [
            89.5681571401999,
            26.6413493268
          ],
          [
            89.5681399573,
            26.6414484847
          ],
          [
            89.5681323297,
            26.6415618919
          ],
          [
            89.5681340899,
            26.6416869499
          ],
          [
            89.568182705,
            26.6417934
          ],
          [
            89.5682086889,
            26.6418942343
          ],
          [
            89.5682314038,
            26.6420037858
          ],
          [
            89.5682715531,
            26.642119037
          ],
          [
            89.5683221798,
            26.6422307678
          ],
          [
            89.5683684479,
            26.642348282
          ],
          [
            89.568426786,
            26.6424606834
          ],
          [
            89.5684815198,
            26.6425766889
          ],
          [
            89.5685377623999,
            26.6426912695
          ],
          [
            89.5685894787,
            26.642785985
          ],
          [
            89.5686596353,
            26.6428847238
          ],
          [
            89.5687214937,
            26.6429828759
          ],
          [
            89.5687424485,
            26.6431044135
          ],
          [
            89.5687172189,
            26.643221844
          ],
          [
            89.5687085018,
            26.6433303896
          ],
          [
            89.5687105134,
            26.6434596386
          ],
          [
            89.5687339827,
            26.6435666755
          ],
          [
            89.5687492378,
            26.6436766461
          ],
          [
            89.5687487348999,
            26.6438081581
          ],
          [
            89.5687610563,
            26.6439353116
          ],
          [
            89.5687214099,
            26.6440509818
          ],
          [
            89.5686880499,
            26.6441800632
          ],
          [
            89.568664832,
            26.6443161014
          ],
          [
            89.5686463919,
            26.6444450989
          ],
          [
            89.5686309691999,
            26.6445924528
          ],
          [
            89.5686007105,
            26.6447191034
          ],
          [
            89.5685717929,
            26.6448441613
          ],
          [
            89.5685308054,
            26.6449709795
          ],
          [
            89.5684578829,
            26.6451000609
          ],
          [
            89.5684088486999,
            26.6451951955
          ],
          [
            89.5683480799,
            26.6453117877
          ],
          [
            89.5682560469803,
            26.6453955659914
          ]
        ]
      }
    },
    {
      "type": "Feature",
      "id": "ROAD_BTR_008",
      "properties": {
        "assetId": "ROAD_BTR_008",
        "name": "Pokhari rd.",
        "assetType": "FOREST_ROAD",
        "division": null,
        "ranges": [],
        "beats": [],
        "compartments": [],
        "surface": "UNKNOWN",
        "vehicleAccess": "UNKNOWN",
        "status": "OPEN",
        "totalLengthKm": 2992.2,
        "currentCondition": null,
        "lastVisitedAt": null,
        "lastVisitedBy": null,
        "lastVisit": null,
        "lastSubstantialPatrolAt": null,
        "lastFullPatrolAt": null
      },
      "geometry": {
        "type": "LineString",
        "coordinates": [
          [
            89.6090861727303,
            26.6992466955617
          ],
          [
            89.6090681784871,
            26.6993266111446
          ],
          [
            89.6090177266326,
            26.699369863526
          ],
          [
            89.608981097349,
            26.6994784823843
          ],
          [
            89.6089651345156,
            26.6996508053565
          ],
          [
            89.60894627516,
            26.699795355278
          ],
          [
            89.6089100238493,
            26.6999165807717
          ],
          [
            89.6088888412577,
            26.6999974192203
          ],
          [
            89.6088737736533,
            26.7001763615431
          ],
          [
            89.6088532324522,
            26.7002973019268
          ],
          [
            89.6088415854471,
            26.7004536453999
          ],
          [
            89.6088542623804,
            26.7005908254668
          ],
          [
            89.6088546244734,
            26.7006501770124
          ],
          [
            89.608963552242,
            26.700754600968
          ],
          [
            89.6090518084189,
            26.7008066900826
          ],
          [
            89.6090660653886,
            26.700814787073
          ],
          [
            89.609262003457,
            26.7009334217167
          ],
          [
            89.6094081520477,
            26.7010439877354
          ],
          [
            89.6095386706694,
            26.7011321442764
          ],
          [
            89.6097899559399,
            26.7014472342314
          ],
          [
            89.6098245919864,
            26.7015532403866
          ],
          [
            89.6098967975795,
            26.7017561247976
          ],
          [
            89.6099135969261,
            26.7018914137626
          ],
          [
            89.6098292713039,
            26.7020669245243
          ],
          [
            89.6096507772671,
            26.7023095872379
          ],
          [
            89.6095386878371,
            26.7025153727704
          ],
          [
            89.6094625210752,
            26.7026498644687
          ],
          [
            89.6093637058088,
            26.7028068510322
          ],
          [
            89.6092785334716,
            26.7029515507885
          ],
          [
            89.6091386758811,
            26.703163349125
          ],
          [
            89.6089132849369,
            26.7035147164203
          ],
          [
            89.6087534185866,
            26.7037548161264
          ],
          [
            89.6084794476745,
            26.7041750429288
          ],
          [
            89.6082780675438,
            26.7044808244135
          ],
          [
            89.6079952897098,
            26.7048915361725
          ],
          [
            89.607788181962,
            26.7052077571966
          ],
          [
            89.6075919749076,
            26.7054879771581
          ],
          [
            89.6073673758701,
            26.7057883757197
          ],
          [
            89.6070312785301,
            26.7063021341483
          ],
          [
            89.6066904391413,
            26.7068226342384
          ],
          [
            89.6065255587437,
            26.7070799066024
          ],
          [
            89.6064395215874,
            26.7072037969207
          ],
          [
            89.6062847416586,
            26.7074320894908
          ],
          [
            89.6061773415605,
            26.7076153188881
          ],
          [
            89.6060983834995,
            26.7077365847187
          ],
          [
            89.6059564439802,
            26.7079601195612
          ],
          [
            89.6058222879226,
            26.7081500782104
          ],
          [
            89.6056856001106,
            26.7083335206699
          ],
          [
            89.6055619382956,
            26.7085197912941
          ],
          [
            89.6054794448358,
            26.7086717669027
          ],
          [
            89.605358011055,
            26.7088741491856
          ],
          [
            89.6051086816579,
            26.7092973070657
          ],
          [
            89.6047558865223,
            26.7098787038306
          ],
          [
            89.6044050303699,
            26.7103564329727
          ],
          [
            89.6043247621496,
            26.7104718939815
          ],
          [
            89.604168490683,
            26.7107286434096
          ],
          [
            89.6040048079634,
            26.7109575964544
          ],
          [
            89.6038211200388,
            26.7112389456043
          ],
          [
            89.6036938253107,
            26.71145681135
          ],
          [
            89.6035217831749,
            26.7117241762854
          ],
          [
            89.6032839633909,
            26.7121073956766
          ],
          [
            89.6030808569109,
            26.7124092521784
          ],
          [
            89.6027872916882,
            26.7128543494894
          ],
          [
            89.6026629989043,
            26.7130427746354
          ],
          [
            89.6025570105235,
            26.7131771927222
          ],
          [
            89.6022728402002,
            26.7135656704814
          ],
          [
            89.6021444035304,
            26.7137271050086
          ],
          [
            89.6020697334376,
            26.7138687329056
          ],
          [
            89.6018184315238,
            26.7142698685127
          ],
          [
            89.6016664321046,
            26.7145139614795
          ],
          [
            89.6015694239957,
            26.7146779962818
          ],
          [
            89.6012984916979,
            26.7150810349803
          ],
          [
            89.601108040281,
            26.715357433726
          ],
          [
            89.6009668308404,
            26.7155597053623
          ],
          [
            89.6006203535,
            26.7160471037858
          ],
          [
            89.6004313113881,
            26.7162927119618
          ],
          [
            89.60015525245,
            26.7166788959157
          ],
          [
            89.6000234186978,
            26.7169104506922
          ],
          [
            89.5999003123433,
            26.7170846442954
          ],
          [
            89.5998095112354,
            26.7172667745161
          ],
          [
            89.5997513323912,
            26.717439519102
          ],
          [
            89.5996759808912,
            26.7175457602334
          ],
          [
            89.5994353454322,
            26.7176999565078
          ],
          [
            89.599251105403,
            26.7177822195536
          ],
          [
            89.5989043727629,
            26.7179337928753
          ],
          [
            89.5986378449254,
            26.7180332980025
          ],
          [
            89.5983043972006,
            26.7183081352855
          ],
          [
            89.5981031177411,
            26.7185025471532
          ],
          [
            89.5979126390667,
            26.7187838771531
          ],
          [
            89.5976465199243,
            26.7191458037391
          ],
          [
            89.5974959007179,
            26.7193270716841
          ],
          [
            89.5973712989502,
            26.7194775170041
          ],
          [
            89.5971977170746,
            26.7196617951891
          ],
          [
            89.5965704494675,
            26.7200188787929
          ],
          [
            89.596282512811,
            26.7202140870426
          ],
          [
            89.5959118331955,
            26.7204805186453
          ],
          [
            89.5956563264108,
            26.7206308480139
          ],
          [
            89.5952335545473,
            26.7208003308717
          ],
          [
            89.5949856336794,
            26.7208786633721
          ],
          [
            89.5947569489557,
            26.7209648770514
          ]
        ]
      }
    },
    {
      "type": "Feature",
      "id": "ROAD_BTR_009",
      "properties": {
        "assetId": "ROAD_BTR_009",
        "name": "29th mile rd.",
        "assetType": "FOREST_ROAD",
        "division": null,
        "ranges": [],
        "beats": [],
        "compartments": [],
        "surface": "UNKNOWN",
        "vehicleAccess": "UNKNOWN",
        "status": "OPEN",
        "totalLengthKm": 2080.948,
        "currentCondition": null,
        "lastVisitedAt": null,
        "lastVisitedBy": null,
        "lastVisit": null,
        "lastSubstantialPatrolAt": null,
        "lastFullPatrolAt": null
      },
      "geometry": {
        "type": "LineString",
        "coordinates": [
          [
            89.6054233213551,
            26.7087721685187
          ],
          [
            89.6050496596401,
            26.7088789414248
          ],
          [
            89.604395377679,
            26.7090335374053
          ],
          [
            89.6036738378175,
            26.7092086358212
          ],
          [
            89.6030034079869,
            26.7094047505907
          ],
          [
            89.6027093719006,
            26.7093977477027
          ],
          [
            89.6021085470753,
            26.709287938732
          ],
          [
            89.6011805595058,
            26.7091352752292
          ],
          [
            89.6000406226136,
            26.7089451704738
          ],
          [
            89.5992709925193,
            26.708848422166
          ],
          [
            89.5986481389653,
            26.7088030964665
          ],
          [
            89.5974191846786,
            26.7087600651504
          ],
          [
            89.5966875207232,
            26.7087346828406
          ],
          [
            89.5957562225418,
            26.7086609358222
          ],
          [
            89.5952828782705,
            26.7086199602185
          ],
          [
            89.5944243824809,
            26.7084700187006
          ],
          [
            89.5939738593157,
            26.7083747804422
          ],
          [
            89.5936465547417,
            26.7083793331898
          ],
          [
            89.5929395216842,
            26.7084157784875
          ],
          [
            89.5925041112198,
            26.7085368083234
          ],
          [
            89.5922454791344,
            26.7086342669574
          ],
          [
            89.5913960015509,
            26.7089645047985
          ],
          [
            89.5910315739343,
            26.7091267405115
          ],
          [
            89.5906306015581,
            26.7092985347522
          ],
          [
            89.5899355063179,
            26.7095995341882
          ],
          [
            89.5896018642701,
            26.7097552515523
          ],
          [
            89.5889738561243,
            26.7099647426473
          ],
          [
            89.5886402914935,
            26.7100792983653
          ],
          [
            89.5883630212072,
            26.7101927142639
          ],
          [
            89.5875045895579,
            26.7104648150093
          ],
          [
            89.5870995437071,
            26.7105813249223
          ],
          [
            89.5867168876851,
            26.7107019513956
          ],
          [
            89.5860898565565,
            26.7109519950092
          ],
          [
            89.5857606923591,
            26.7110445862079
          ],
          [
            89.5855085707464,
            26.7111410221165
          ],
          [
            89.5853014875392,
            26.7112173737428
          ]
        ]
      }
    },
    {
      "type": "Feature",
      "id": "ROAD_BTR_010",
      "properties": {
        "assetId": "ROAD_BTR_010",
        "name": "Shanghai rd.",
        "assetType": "FOREST_ROAD",
        "division": null,
        "ranges": [],
        "beats": [],
        "compartments": [],
        "surface": "UNKNOWN",
        "vehicleAccess": "UNKNOWN",
        "status": "OPEN",
        "totalLengthKm": 16001.611,
        "currentCondition": null,
        "lastVisitedAt": null,
        "lastVisitedBy": null,
        "lastVisit": null,
        "lastSubstantialPatrolAt": null,
        "lastFullPatrolAt": null
      },
      "geometry": {
        "type": "LineString",
        "coordinates": [
          [
            89.6233539856396,
            26.688528323502
          ],
          [
            89.6229192745616,
            26.6882593782342
          ],
          [
            89.6226261396466,
            26.6880228027277
          ],
          [
            89.6223835329634,
            26.687845484492
          ],
          [
            89.6217102185819,
            26.6873489058194
          ],
          [
            89.6208259402681,
            26.6867683984479
          ],
          [
            89.6203217746803,
            26.6864378883926
          ],
          [
            89.6196059895974,
            26.6859267903859
          ],
          [
            89.6188754476697,
            26.6854233757427
          ],
          [
            89.6179972439952,
            26.68485736897
          ],
          [
            89.6175438323895,
            26.6845315035203
          ],
          [
            89.6171616194572,
            26.6842416649337
          ],
          [
            89.6163932363127,
            26.6837296582804
          ],
          [
            89.6155644964551,
            26.6831386610828
          ],
          [
            89.6151728519773,
            26.6828233023367
          ],
          [
            89.6144671513672,
            26.6823498872652
          ],
          [
            89.61338744712,
            26.6816002029731
          ],
          [
            89.6121683675855,
            26.6807913764191
          ],
          [
            89.6112745936006,
            26.6801642336406
          ],
          [
            89.6103927840114,
            26.6795510710413
          ],
          [
            89.6095326056168,
            26.6789568653536
          ],
          [
            89.6089324576088,
            26.6785660919912
          ],
          [
            89.6082311713372,
            26.6781435495298
          ],
          [
            89.6074351135716,
            26.67756119686
          ],
          [
            89.6070135158284,
            26.6772940192651
          ],
          [
            89.6061621410724,
            26.6766570144034
          ],
          [
            89.6055624439816,
            26.6762520556513
          ],
          [
            89.6050179423774,
            26.6758815648558
          ],
          [
            89.6045709938494,
            26.6755756508874
          ],
          [
            89.6038246833138,
            26.6750788913269
          ],
          [
            89.6028699927521,
            26.6744115010504
          ],
          [
            89.6023670883873,
            26.6741042203885
          ],
          [
            89.6016827574651,
            26.6735891449175
          ],
          [
            89.600982839642,
            26.6730979357903
          ],
          [
            89.6003807464513,
            26.6726954936335
          ],
          [
            89.5995362867846,
            26.6721113668511
          ],
          [
            89.5991258950348,
            26.6718521774895
          ],
          [
            89.5989920617369,
            26.6717724079652
          ],
          [
            89.5988738397063,
            26.6715173475263
          ],
          [
            89.5987174980801,
            26.670821934791
          ],
          [
            89.598514931542,
            26.669784784575
          ],
          [
            89.5983463706032,
            26.6687951673221
          ],
          [
            89.5981318594789,
            26.6676492903405
          ],
          [
            89.597979749256,
            26.6667225709152
          ],
          [
            89.5977742282636,
            26.6655689976192
          ],
          [
            89.5976702432392,
            26.664831936695
          ],
          [
            89.5976785577021,
            26.664517632713
          ],
          [
            89.5976782344943,
            26.664248079502
          ],
          [
            89.5975819130133,
            26.6638057015565
          ],
          [
            89.5974225859489,
            26.6632551057802
          ],
          [
            89.5973949814779,
            26.6629733623709
          ],
          [
            89.5971519887065,
            26.6623359877987
          ],
          [
            89.5969822965674,
            26.6619759448428
          ],
          [
            89.5968917735286,
            26.6613325016073
          ],
          [
            89.5969159137653,
            26.6609986188093
          ],
          [
            89.5968475030418,
            26.6605131038424
          ],
          [
            89.59674014758,
            26.6600263595887
          ],
          [
            89.5966651946082,
            26.659067113072
          ],
          [
            89.5966927433548,
            26.6587402635808
          ],
          [
            89.5965677986394,
            26.6574723261964
          ],
          [
            89.5963348792113,
            26.6562072203516
          ],
          [
            89.5960946664335,
            26.6548955253641
          ],
          [
            89.5959434452703,
            26.6536243430163
          ],
          [
            89.5958044887972,
            26.6526546898267
          ],
          [
            89.5957050511765,
            26.6519106818595
          ],
          [
            89.5954663207915,
            26.6508097597033
          ],
          [
            89.5953668974138,
            26.6496815720239
          ],
          [
            89.5951206188609,
            26.6483846569901
          ],
          [
            89.5949868804503,
            26.6474603143062
          ],
          [
            89.5944967708868,
            26.6452732296538
          ],
          [
            89.5943252370148,
            26.643765304545
          ],
          [
            89.5941654670941,
            26.6425361445836
          ],
          [
            89.5928731783051,
            26.6352635591466
          ],
          [
            89.5921674333924,
            26.6311677975443
          ],
          [
            89.591481,
            26.626683
          ],
          [
            89.591214,
            26.625718
          ],
          [
            89.590976,
            26.624513
          ],
          [
            89.590689,
            26.622947
          ],
          [
            89.590429,
            26.621505
          ],
          [
            89.590136,
            26.620046
          ],
          [
            89.590096,
            26.619872
          ],
          [
            89.5899712518312,
            26.6183531858519
          ],
          [
            89.5897382307419,
            26.6169854616265
          ],
          [
            89.589405,
            26.615262
          ],
          [
            89.5895566196812,
            26.614428196399
          ],
          [
            89.5899153431989,
            26.6132158053003
          ],
          [
            89.5901010397538,
            26.6122193483737
          ],
          [
            89.5899528309594,
            26.6110153445675
          ],
          [
            89.5899745267384,
            26.609745452852
          ],
          [
            89.589878,
            26.608414
          ],
          [
            89.589924,
            26.607926
          ],
          [
            89.590386,
            26.606529
          ],
          [
            89.5909,
            26.605164
          ],
          [
            89.591413,
            26.604079
          ],
          [
            89.592066,
            26.603334
          ],
          [
            89.592676,
            26.602608
          ],
          [
            89.592933,
            26.601517
          ],
          [
            89.593066,
            26.60055
          ],
          [
            89.593296,
            26.60009
          ],
          [
            89.593778,
            26.599335
          ],
          [
            89.593808,
            26.599296
          ],
          [
            89.593813,
            26.599126
          ],
          [
            89.593853,
            26.597726
          ],
          [
            89.594149,
            26.596996
          ],
          [
            89.5945819999999,
            26.595987
          ],
          [
            89.594981,
            26.594896
          ],
          [
            89.595435,
            26.593604
          ],
          [
            89.595653,
            26.592861
          ],
          [
            89.5959307576287,
            26.5922596076943
          ],
          [
            89.5962260914207,
            26.5920241651724
          ],
          [
            89.5963228971204,
            26.5917772098359
          ],
          [
            89.59629886974,
            26.5913687642209
          ],
          [
            89.5963231693367,
            26.5910515378281
          ],
          [
            89.5962737117652,
            26.5907568882342
          ],
          [
            89.5961772740064,
            26.5905227676512
          ],
          [
            89.595764,
            26.589762
          ],
          [
            89.595433,
            26.588898
          ],
          [
            89.595205,
            26.587784
          ],
          [
            89.594925,
            26.586458
          ],
          [
            89.594595,
            26.58517
          ],
          [
            89.594366,
            26.583935
          ],
          [
            89.594325,
            26.582881
          ],
          [
            89.594573,
            26.581241
          ],
          [
            89.594579,
            26.581165
          ],
          [
            89.594744,
            26.580042
          ],
          [
            89.594839,
            26.578978
          ],
          [
            89.594725,
            26.577466
          ],
          [
            89.594675,
            26.576205
          ],
          [
            89.594544,
            26.574916
          ],
          [
            89.59439,
            26.574685
          ],
          [
            89.593401,
            26.574056
          ],
          [
            89.592637,
            26.573755
          ],
          [
            89.5919739999999,
            26.572982
          ],
          [
            89.591277,
            26.571847
          ],
          [
            89.590665,
            26.570841
          ],
          [
            89.589899,
            26.569506
          ],
          [
            89.58942,
            26.568357
          ],
          [
            89.5889971535655,
            26.5672603916097
          ],
          [
            89.588293,
            26.566158
          ],
          [
            89.588242,
            26.566049
          ],
          [
            89.588154,
            26.56593
          ],
          [
            89.5874247437236,
            26.5654097078675
          ],
          [
            89.5878448209693,
            26.5657078410481
          ],
          [
            89.5869980286853,
            26.5651098172486
          ],
          [
            89.586898,
            26.564897
          ],
          [
            89.586723,
            26.564559
          ],
          [
            89.58653,
            26.563248
          ],
          [
            89.586229,
            26.562114
          ],
          [
            89.585905,
            26.561397
          ],
          [
            89.5857872331916,
            26.5613072919242
          ]
        ]
      }
    },
    {
      "type": "Feature",
      "id": "ROAD_BTR_011",
      "properties": {
        "assetId": "ROAD_BTR_011",
        "name": "22nd mile tower rd.",
        "assetType": "FOREST_ROAD",
        "division": null,
        "ranges": [],
        "beats": [],
        "compartments": [],
        "surface": "UNKNOWN",
        "vehicleAccess": "UNKNOWN",
        "status": "OPEN",
        "totalLengthKm": 1764.879,
        "currentCondition": null,
        "lastVisitedAt": null,
        "lastVisitedBy": null,
        "lastVisit": null,
        "lastSubstantialPatrolAt": null,
        "lastFullPatrolAt": null
      },
      "geometry": {
        "type": "LineString",
        "coordinates": [
          [
            89.6145211477829,
            26.6293484497991
          ],
          [
            89.6142845475756,
            26.6283930942175
          ],
          [
            89.6136833568359,
            26.6275656136346
          ],
          [
            89.6133264712709,
            26.6266982066425
          ],
          [
            89.6127857840727,
            26.6258483347207
          ],
          [
            89.6125851146372,
            26.6243912565761
          ],
          [
            89.6125035883073,
            26.6238521621371
          ],
          [
            89.6121435809285,
            26.6228656971259
          ],
          [
            89.6124874191624,
            26.6217326590525
          ],
          [
            89.612605811806,
            26.6214449435426
          ],
          [
            89.6127851613349,
            26.620697550397
          ],
          [
            89.6126296327693,
            26.6196807997698
          ],
          [
            89.6122923045966,
            26.6186409558323
          ],
          [
            89.6112328166382,
            26.6168256754023
          ],
          [
            89.6114612903087,
            26.6154299796742
          ],
          [
            89.6116897558604,
            26.61430524291
          ]
        ]
      }
    },
    {
      "type": "Feature",
      "id": "ROAD_BTR_012",
      "properties": {
        "assetId": "ROAD_BTR_012",
        "name": "PG rd.",
        "assetType": "FOREST_ROAD",
        "division": null,
        "ranges": [],
        "beats": [],
        "compartments": [],
        "surface": "UNKNOWN",
        "vehicleAccess": "UNKNOWN",
        "status": "OPEN",
        "totalLengthKm": 18649.505,
        "currentCondition": null,
        "lastVisitedAt": null,
        "lastVisitedBy": null,
        "lastVisit": null,
        "lastSubstantialPatrolAt": null,
        "lastFullPatrolAt": null
      },
      "geometry": {
        "type": "LineString",
        "coordinates": [
          [
            89.6049606993088,
            26.5597721628995
          ],
          [
            89.6051695721842,
            26.5604123423972
          ],
          [
            89.605514,
            26.561329
          ],
          [
            89.605816,
            26.56225
          ],
          [
            89.60615,
            26.563223
          ],
          [
            89.606471,
            26.564208
          ],
          [
            89.606886,
            26.565295
          ],
          [
            89.607262,
            26.566353
          ],
          [
            89.607586,
            26.567372
          ],
          [
            89.607924,
            26.568343
          ],
          [
            89.608647,
            26.569051
          ],
          [
            89.609583,
            26.56967
          ],
          [
            89.610531,
            26.57027
          ],
          [
            89.611454,
            26.570863
          ],
          [
            89.612429,
            26.571485
          ],
          [
            89.613426,
            26.572193
          ],
          [
            89.614344,
            26.572926
          ],
          [
            89.61503,
            26.573736
          ],
          [
            89.6157199999999,
            26.574539
          ],
          [
            89.616414,
            26.575398
          ],
          [
            89.617028,
            26.576239
          ],
          [
            89.617592,
            26.577056
          ],
          [
            89.6183749999999,
            26.578053
          ],
          [
            89.618995,
            26.578869
          ],
          [
            89.619559,
            26.57973
          ],
          [
            89.620134,
            26.580545
          ],
          [
            89.620727,
            26.581387
          ],
          [
            89.621334,
            26.582247
          ],
          [
            89.621921,
            26.583118
          ],
          [
            89.622492,
            26.583914
          ],
          [
            89.62292,
            26.584837
          ],
          [
            89.623605,
            26.585726
          ],
          [
            89.624156,
            26.58673
          ],
          [
            89.624923,
            26.587803
          ],
          [
            89.626187,
            26.589395
          ],
          [
            89.626819,
            26.590414
          ],
          [
            89.627439,
            26.591291
          ],
          [
            89.628071,
            26.592228
          ],
          [
            89.628727,
            26.593122
          ],
          [
            89.629302,
            26.593959
          ],
          [
            89.629892,
            26.594824
          ],
          [
            89.630454,
            26.595648
          ],
          [
            89.631026,
            26.596489
          ],
          [
            89.631578,
            26.597327
          ],
          [
            89.632147,
            26.598142
          ],
          [
            89.632743,
            26.59901
          ],
          [
            89.633303,
            26.599868
          ],
          [
            89.6339349999999,
            26.600722
          ],
          [
            89.634498,
            26.601537
          ],
          [
            89.635099,
            26.602403
          ],
          [
            89.6356479999999,
            26.603239
          ],
          [
            89.6361879999999,
            26.604042
          ],
          [
            89.6367709999999,
            26.604958
          ],
          [
            89.637429,
            26.605894
          ],
          [
            89.63806,
            26.606797
          ],
          [
            89.638652,
            26.607645
          ],
          [
            89.639196,
            26.608493
          ],
          [
            89.6398,
            26.609388
          ],
          [
            89.640365,
            26.610241
          ],
          [
            89.6410219999999,
            26.611055
          ],
          [
            89.641557,
            26.611983
          ],
          [
            89.64208,
            26.612791
          ],
          [
            89.642646,
            26.613641
          ],
          [
            89.643238,
            26.614473
          ],
          [
            89.643783,
            26.615285
          ],
          [
            89.6443809999999,
            26.616127
          ],
          [
            89.644955,
            26.616936
          ],
          [
            89.645523,
            26.617792
          ],
          [
            89.646142,
            26.618691
          ],
          [
            89.64668,
            26.619519
          ],
          [
            89.647241,
            26.620331
          ],
          [
            89.64778,
            26.621137
          ],
          [
            89.648336,
            26.621989
          ],
          [
            89.648915,
            26.622827
          ],
          [
            89.649463,
            26.62368
          ],
          [
            89.650164,
            26.624574
          ],
          [
            89.65075,
            26.625461
          ],
          [
            89.651271,
            26.626251
          ],
          [
            89.651892,
            26.627061
          ],
          [
            89.652408,
            26.62789
          ],
          [
            89.6524751613167,
            26.6282027536096
          ],
          [
            89.6524981580621,
            26.6284119620696
          ],
          [
            89.6521562066221,
            26.6287662812619
          ],
          [
            89.6516500655259,
            26.6292870738265
          ],
          [
            89.6513201602042,
            26.6295919865568
          ],
          [
            89.6507116156332,
            26.6301772716974
          ],
          [
            89.6501817331364,
            26.6307112505404
          ],
          [
            89.6496629079252,
            26.6312537343662
          ],
          [
            89.6491174069801,
            26.6318262595321
          ],
          [
            89.6484242699401,
            26.6325143580761
          ],
          [
            89.6474957653529,
            26.6334263035302
          ],
          [
            89.6466932542642,
            26.6342289578991
          ],
          [
            89.6458032430815,
            26.6351406395476
          ],
          [
            89.645239857849,
            26.6357508241776
          ],
          [
            89.644510400228,
            26.6364296507306
          ],
          [
            89.643765339224,
            26.6371627423321
          ],
          [
            89.643269188763,
            26.6376880055336
          ],
          [
            89.6427348415532,
            26.638168844587
          ],
          [
            89.6421746560952,
            26.638710137689
          ],
          [
            89.6418309865752,
            26.6390336664087
          ],
          [
            89.6415483024786,
            26.6391310897491
          ],
          [
            89.641282497888,
            26.6394364338109
          ],
          [
            89.6410957939698,
            26.6398023547899
          ],
          [
            89.6408419899506,
            26.6400844247507
          ],
          [
            89.6403581133824,
            26.6405850056813
          ],
          [
            89.639707096967,
            26.6412292911804
          ],
          [
            89.6383366728373,
            26.6425569676856
          ],
          [
            89.637773516992,
            26.6431824906522
          ],
          [
            89.6370916351809,
            26.6438980631152
          ],
          [
            89.6365780821111,
            26.6443896834756
          ],
          [
            89.6358987488223,
            26.6450874825679
          ],
          [
            89.6353819611742,
            26.6455148702544
          ],
          [
            89.6351681940899,
            26.645794719846
          ],
          [
            89.634209606974,
            26.6468126848278
          ],
          [
            89.6339243512137,
            26.6470851636955
          ],
          [
            89.6334341398864,
            26.6475158093634
          ],
          [
            89.6332708612378,
            26.6476342962103
          ],
          [
            89.6331352206948,
            26.6478072438788
          ],
          [
            89.63292571834,
            26.6481228636337
          ],
          [
            89.6320871347854,
            26.6489716008707
          ],
          [
            89.6319423817906,
            26.6491752265598
          ],
          [
            89.6316329542751,
            26.6494552373282
          ],
          [
            89.6313266977529,
            26.6497788631127
          ],
          [
            89.6304750044674,
            26.6506415919853
          ],
          [
            89.6300219237853,
            26.6511004407979
          ],
          [
            89.629828434478,
            26.6513216774854
          ],
          [
            89.6296987353239,
            26.6513761902581
          ],
          [
            89.6293519447234,
            26.6517863084241
          ],
          [
            89.6287816500604,
            26.6523146816379
          ],
          [
            89.6283735217366,
            26.6527234178115
          ],
          [
            89.6279454443204,
            26.6534377219919
          ],
          [
            89.6274739987588,
            26.6542001929073
          ],
          [
            89.6272232027369,
            26.6549034319339
          ],
          [
            89.6269948669688,
            26.6555308364145
          ],
          [
            89.6267560791175,
            26.6561948631683
          ],
          [
            89.626451841067,
            26.6571941733363
          ],
          [
            89.6262591664739,
            26.65763590846
          ],
          [
            89.6260952899826,
            26.6591064837244
          ],
          [
            89.6260437008073,
            26.6597572452276
          ],
          [
            89.6259267572248,
            26.6613589912314
          ],
          [
            89.6257719186186,
            26.663034708099
          ],
          [
            89.6256167089229,
            26.6646796093892
          ],
          [
            89.62542848611,
            26.6667846437931
          ],
          [
            89.6253869508303,
            26.6686471326415
          ],
          [
            89.625221341382,
            26.6700627760659
          ],
          [
            89.6248995518565,
            26.6733191621652
          ],
          [
            89.6246632856214,
            26.6750056492176
          ],
          [
            89.6245609082169,
            26.6762561403435
          ],
          [
            89.6245183787772,
            26.6773558291544
          ],
          [
            89.6243502689723,
            26.6789195424576
          ],
          [
            89.6242627633505,
            26.6803046017105
          ],
          [
            89.6239202028587,
            26.6845928290669
          ],
          [
            89.6237897251155,
            26.6860030910658
          ],
          [
            89.6236611483392,
            26.6870555480482
          ],
          [
            89.623487779221,
            26.6882169651305
          ],
          [
            89.6233103135904,
            26.6886822586724
          ],
          [
            89.6227434027796,
            26.6891865552155
          ],
          [
            89.6217408339237,
            26.6898281615282
          ],
          [
            89.6195180355407,
            26.691372823014
          ],
          [
            89.6178728647406,
            26.6924023770298
          ],
          [
            89.6165521401915,
            26.69320026998
          ],
          [
            89.6142366570502,
            26.6944762624085
          ],
          [
            89.612050586767,
            26.695838930787
          ],
          [
            89.6103481081506,
            26.6968709440227
          ],
          [
            89.6100485022503,
            26.6970707969188
          ],
          [
            89.6097828100827,
            26.6972458458624
          ],
          [
            89.6095262291883,
            26.6974227888022
          ],
          [
            89.6093649468453,
            26.6975352409085
          ],
          [
            89.6092598648557,
            26.6977903340191
          ],
          [
            89.6092032507972,
            26.6980014965588
          ],
          [
            89.6091258622135,
            26.698366795964
          ],
          [
            89.6090667555803,
            26.6986685197623
          ],
          [
            89.6090829076605,
            26.6987548157318
          ],
          [
            89.6091699417151,
            26.6988085092455
          ],
          [
            89.6091460806855,
            26.6989769552515
          ],
          [
            89.6090997171997,
            26.6992420675655
          ]
        ]
      }
    },
    {
      "type": "Feature",
      "id": "ROAD_BTR_013",
      "properties": {
        "assetId": "ROAD_BTR_013",
        "name": "Phaskhawa river bed",
        "assetType": "FOREST_ROAD",
        "division": null,
        "ranges": [],
        "beats": [],
        "compartments": [],
        "surface": "UNKNOWN",
        "vehicleAccess": "UNKNOWN",
        "status": "OPEN",
        "totalLengthKm": 1110.566,
        "currentCondition": null,
        "lastVisitedAt": null,
        "lastVisitedBy": null,
        "lastVisit": null,
        "lastSubstantialPatrolAt": null,
        "lastFullPatrolAt": null
      },
      "geometry": {
        "type": "LineString",
        "coordinates": [
          [
            89.6657024121339,
            26.6779547061802
          ],
          [
            89.6656623429083,
            26.6788988284749
          ],
          [
            89.6651190776975,
            26.6796348892232
          ],
          [
            89.6650064853101,
            26.6805837537805
          ],
          [
            89.6647960368329,
            26.6814068104828
          ],
          [
            89.6647995328421,
            26.6823035405787
          ],
          [
            89.6641192388426,
            26.6840520679173
          ],
          [
            89.6635811231417,
            26.684849551028
          ],
          [
            89.6631999111647,
            26.685690017934
          ],
          [
            89.6627132706297,
            26.6864422983422
          ],
          [
            89.6620945856267,
            26.6871622772747
          ]
        ]
      }
    },
    {
      "type": "Feature",
      "id": "ROAD_BTR_014",
      "properties": {
        "assetId": "ROAD_BTR_014",
        "name": "Unnamed Road 014",
        "assetType": "FOREST_ROAD",
        "division": null,
        "ranges": [],
        "beats": [],
        "compartments": [],
        "surface": "UNKNOWN",
        "vehicleAccess": "UNKNOWN",
        "status": "OPEN",
        "totalLengthKm": 3242.582,
        "currentCondition": null,
        "lastVisitedAt": null,
        "lastVisitedBy": null,
        "lastVisit": null,
        "lastSubstantialPatrolAt": null,
        "lastFullPatrolAt": null
      },
      "geometry": {
        "type": "LineString",
        "coordinates": [
          [
            89.6739778542266,
            26.6593879422909
          ],
          [
            89.6740007960001,
            26.6593700830001
          ],
          [
            89.674083609,
            26.659286013
          ],
          [
            89.6741640750001,
            26.6592004340001
          ],
          [
            89.6742432840001,
            26.6591167820001
          ],
          [
            89.6743193080001,
            26.659038411
          ],
          [
            89.674391057,
            26.6589571910001
          ],
          [
            89.6744675840001,
            26.658877144
          ],
          [
            89.6745441950001,
            26.6587905590001
          ],
          [
            89.674619883,
            26.658704895
          ],
          [
            89.6746924710001,
            26.658622418
          ],
          [
            89.6747661470001,
            26.6585442140001
          ],
          [
            89.6748388190001,
            26.6584665140001
          ],
          [
            89.674908556,
            26.658389233
          ],
          [
            89.6749839930001,
            26.6583074260001
          ],
          [
            89.6750546530001,
            26.658232491
          ],
          [
            89.67516412,
            26.658158395
          ],
          [
            89.675270067,
            26.6581624190001
          ],
          [
            89.67538448,
            26.6581868100001
          ],
          [
            89.67548917,
            26.6582109500001
          ],
          [
            89.6756241190001,
            26.658242885
          ],
          [
            89.6757258750001,
            26.658262918
          ],
          [
            89.6758373550001,
            26.658288063
          ],
          [
            89.6759697050001,
            26.658320501
          ],
          [
            89.67607121,
            26.65834506
          ],
          [
            89.6762003750001,
            26.658374313
          ],
          [
            89.676319817,
            26.658398705
          ],
          [
            89.676465997,
            26.6584267000001
          ],
          [
            89.6765679210001,
            26.6584475710001
          ],
          [
            89.6766703480001,
            26.6584698670001
          ],
          [
            89.676776212,
            26.6584931690001
          ],
          [
            89.676878974,
            26.6585095130001
          ],
          [
            89.6770160180001,
            26.6585339050001
          ],
          [
            89.677142668,
            26.658566007
          ],
          [
            89.6772519680001,
            26.6585867950001
          ],
          [
            89.6773848220001,
            26.6586240940001
          ],
          [
            89.6775362830001,
            26.6586521730001
          ],
          [
            89.6776533780001,
            26.6586798340001
          ],
          [
            89.6777696350001,
            26.6587069070001
          ],
          [
            89.677881869,
            26.658733394
          ],
          [
            89.6779956110001,
            26.6587525050001
          ],
          [
            89.6780966970001,
            26.6587644910001
          ],
          [
            89.678219911,
            26.658793492
          ],
          [
            89.678361984,
            26.658826182
          ],
          [
            89.6784762290001,
            26.6588493990001
          ],
          [
            89.6785926540001,
            26.6588694320001
          ],
          [
            89.678705726,
            26.658893488
          ],
          [
            89.678812679,
            26.658921987
          ],
          [
            89.6789449450001,
            26.6589501500001
          ],
          [
            89.679061957,
            26.658967165
          ],
          [
            89.6791595220001,
            26.658984097
          ],
          [
            89.6792682350001,
            26.659007063
          ],
          [
            89.6793724220001,
            26.6590348070001
          ],
          [
            89.6794865840001,
            26.6590581930001
          ],
          [
            89.6796286570001,
            26.659082165
          ],
          [
            89.6797698080001,
            26.659111334
          ],
          [
            89.6798854790001,
            26.659130277
          ],
          [
            89.6800050880001,
            26.65915492
          ],
          [
            89.680118496,
            26.659175958
          ],
          [
            89.680258725,
            26.659204792
          ],
          [
            89.6803469860001,
            26.6592581850001
          ],
          [
            89.680342292,
            26.6593511400001
          ],
          [
            89.680307256,
            26.659446023
          ],
          [
            89.680276662,
            26.659569908
          ],
          [
            89.6802505110001,
            26.659662612
          ],
          [
            89.6802131270001,
            26.6597583330001
          ],
          [
            89.6801664400001,
            26.659860257
          ],
          [
            89.680128219,
            26.65995338
          ],
          [
            89.6800911710001,
            26.660046838
          ],
          [
            89.6800566370001,
            26.660146583
          ],
          [
            89.68002554,
            26.6602475010001
          ],
          [
            89.6800089440001,
            26.6603558790001
          ],
          [
            89.680000562,
            26.6604707110001
          ],
          [
            89.6799873190001,
            26.6605793410001
          ],
          [
            89.6799814510001,
            26.660682019
          ],
          [
            89.679973321,
            26.6608020480001
          ],
          [
            89.67997089,
            26.6609333920001
          ],
          [
            89.6799630950001,
            26.6610667480001
          ],
          [
            89.679957647,
            26.6611941530001
          ],
          [
            89.679949852,
            26.661317367
          ],
          [
            89.6799376980001,
            26.661438988
          ],
          [
            89.6799278070001,
            26.6615570060001
          ],
          [
            89.679919844,
            26.6616833210001
          ],
          [
            89.6799230300001,
            26.661802763
          ],
          [
            89.6799079420001,
            26.6619113090001
          ],
          [
            89.6798926870001,
            26.6620247160001
          ],
          [
            89.6798704750001,
            26.662136866
          ],
          [
            89.6798154900001,
            26.662242645
          ],
          [
            89.679723037,
            26.6623341760001
          ],
          [
            89.679608708,
            26.6624087750001
          ],
          [
            89.679500917,
            26.662468705
          ],
          [
            89.6793933770001,
            26.6625318210001
          ],
          [
            89.67927603,
            26.662600217
          ],
          [
            89.679160025,
            26.662667943
          ],
          [
            89.6790603640001,
            26.6627341600001
          ],
          [
            89.678960955,
            26.662774142
          ],
          [
            89.6788613780001,
            26.662811274
          ],
          [
            89.6787525810001,
            26.662866175
          ],
          [
            89.678647723,
            26.662917808
          ],
          [
            89.6785547680001,
            26.6629617290001
          ],
          [
            89.678460639,
            26.6630001180001
          ],
          [
            89.6783499140001,
            26.6630188930001
          ],
          [
            89.6782352500001,
            26.6630261020001
          ],
          [
            89.6781191600001,
            26.6630465540001
          ],
          [
            89.678008268,
            26.6630998630001
          ],
          [
            89.6779235270001,
            26.663192399
          ],
          [
            89.6778661110001,
            26.66331117
          ],
          [
            89.6778051740001,
            26.6634316180001
          ],
          [
            89.6777466680001,
            26.663539745
          ],
          [
            89.6777019090001,
            26.663647955
          ],
          [
            89.6776574850001,
            26.6637510530001
          ],
          [
            89.6776121390001,
            26.6638510490001
          ],
          [
            89.6775678820001,
            26.6639534760001
          ],
          [
            89.677527565,
            26.664046179
          ],
          [
            89.677472999,
            26.664163694
          ],
          [
            89.6774143260001,
            26.664286824
          ],
          [
            89.6773569100001,
            26.6644122170001
          ],
          [
            89.6773150000001,
            26.6645001430001
          ],
          [
            89.6772730910001,
            26.6645908360001
          ],
          [
            89.677230846,
            26.6646839580001
          ],
          [
            89.6771834050001,
            26.6647837030001
          ],
          [
            89.6771359630001,
            26.6648929190001
          ],
          [
            89.6770956460001,
            26.66500641
          ],
          [
            89.677049378,
            26.665140185
          ],
          [
            89.676979976,
            26.6652856110001
          ],
          [
            89.676921135,
            26.665427601
          ],
          [
            89.6768679100001,
            26.6655534130001
          ],
          [
            89.6768166960001,
            26.6656597800001
          ],
          [
            89.676763974,
            26.6657686610001
          ],
          [
            89.6767042110001,
            26.665876703
          ],
          [
            89.6766447830001,
            26.665980807
          ],
          [
            89.676594492,
            26.666092286
          ],
          [
            89.6765452060001,
            26.666202508
          ],
          [
            89.6764861980001,
            26.6663104670001
          ],
          [
            89.676431296,
            26.6664246280001
          ],
          [
            89.6763833520001,
            26.666529989
          ],
          [
            89.676346471,
            26.66662856
          ],
          [
            89.676300036,
            26.6667490080001
          ],
          [
            89.6762641610001,
            26.666842466
          ],
          [
            89.676215546,
            26.6669431330001
          ],
          [
            89.6761663440001,
            26.6670496670001
          ],
          [
            89.6761109400001,
            26.6671608950001
          ],
          [
            89.676046651,
            26.667290144
          ],
          [
            89.6759881450001,
            26.667416627
          ],
          [
            89.6759350880001,
            26.6675276030001
          ],
          [
            89.6758807730001,
            26.6676461230001
          ],
          [
            89.675819082,
            26.6677613740001
          ],
          [
            89.67576812,
            26.6678809000001
          ],
          [
            89.6757087760001,
            26.6679895300001
          ],
          [
            89.6756698840001,
            26.6680793
          ],
          [
            89.675636608,
            26.668166053
          ],
          [
            89.6755978,
            26.668267809
          ],
          [
            89.6755522020001,
            26.6683901010001
          ],
          [
            89.6755097060001,
            26.668486493
          ],
          [
            89.6754605040001,
            26.668589087
          ],
          [
            89.675401831,
            26.6687050090001
          ],
          [
            89.675343744,
            26.6688318270001
          ],
          [
            89.6752838140001,
            26.668963423
          ],
          [
            89.6752149150001,
            26.669101557
          ],
          [
            89.6751580850001,
            26.669236841
          ],
          [
            89.6750983220001,
            26.6693641620001
          ],
          [
            89.6750247290001,
            26.6694896390001
          ],
          [
            89.6749306,
            26.669601034
          ],
          [
            89.6748047880001,
            26.669678064
          ],
          [
            89.6746596130001,
            26.669722404
          ],
          [
            89.6745096610001,
            26.669760039
          ],
          [
            89.674349986,
            26.6697904650001
          ],
          [
            89.6741929090001,
            26.6698059720001
          ],
          [
            89.6740494110001,
            26.6698079
          ],
          [
            89.673917815,
            26.6698181260001
          ],
          [
            89.6737861350001,
            26.669842433
          ],
          [
            89.6736639270001,
            26.6698766310001
          ],
          [
            89.673534594,
            26.6699344670001
          ],
          [
            89.6734091170001,
            26.6700053770001
          ],
          [
            89.6733190960001,
            26.67005986
          ],
          [
            89.6731998210001,
            26.6701367220001
          ],
          [
            89.673112314,
            26.670211656
          ],
          [
            89.6730227950001,
            26.670283657
          ],
          [
            89.6729347020001,
            26.670366218
          ],
          [
            89.672836885,
            26.670460012
          ],
          [
            89.6727529820001,
            26.6705492790001
          ],
          [
            89.6726650560001,
            26.6706387140001
          ],
          [
            89.6725826620001,
            26.670719767
          ],
          [
            89.6724861860001,
            26.670818925
          ],
          [
            89.6724126770001,
            26.670898804
          ],
          [
            89.6723364850001,
            26.670981198
          ],
          [
            89.6722503190001,
            26.671072226
          ],
          [
            89.6721665000001,
            26.671161829
          ],
          [
            89.6720791610001,
            26.6712534430001
          ],
          [
            89.6719753930001,
            26.671339609
          ],
          [
            89.6718681040001,
            26.671426361
          ],
          [
            89.6717678570001,
            26.6715090070001
          ],
          [
            89.6716629150001,
            26.6715910660001
          ],
          [
            89.6715525260001,
            26.671678238
          ],
          [
            89.671442304,
            26.6717714440001
          ],
          [
            89.6713418890001,
            26.6718625560001
          ],
          [
            89.671239546,
            26.6719597860001
          ],
          [
            89.6711566480001,
            26.672067074
          ],
          [
            89.671089007,
            26.672174027
          ],
          [
            89.671035949,
            26.6722827400001
          ],
          [
            89.6709777790001,
            26.6723906990001
          ],
          [
            89.6709104720001,
            26.672507124
          ],
          [
            89.670844339,
            26.67263939
          ],
          [
            89.6707808040001,
            26.672763526
          ],
          [
            89.670713833,
            26.672883471
          ],
          [
            89.67065474,
            26.6729982200001
          ],
          [
            89.670596989,
            26.6731041670001
          ],
          [
            89.670540998,
            26.673209695
          ],
          [
            89.670491042,
            26.6733003030001
          ],
          [
            89.6704436000001,
            26.673380686
          ],
          [
            89.6703841720001,
            26.673490321
          ],
          [
            89.6703228170001,
            26.6735963520001
          ],
          [
            89.6702807400001,
            26.673679501
          ],
          [
            89.6702275980001,
            26.6737790780001
          ],
          [
            89.6701685900001,
            26.6738728710001
          ],
          [
            89.6701110060001,
            26.6739633120001
          ],
          [
            89.670058871,
            26.6740561
          ],
          [
            89.669995084,
            26.674156012
          ],
          [
            89.6699205690001,
            26.6742523200001
          ],
          [
            89.669859214,
            26.67434888
          ],
          [
            89.6697977740001,
            26.6744406610001
          ],
          [
            89.669734491,
            26.674538646
          ],
          [
            89.669683278,
            26.67462213
          ],
          [
            89.6696282080001,
            26.6747211200001
          ],
          [
            89.6695658470001,
            26.674824804
          ],
          [
            89.6694965290001,
            26.674924968
          ],
          [
            89.6694234390001,
            26.6750356090001
          ],
          [
            89.6693839600001,
            26.6751226970001
          ],
          [
            89.669353701,
            26.6752378640001
          ],
          [
            89.669314893,
            26.6753584800001
          ],
          [
            89.6692558,
            26.675479012
          ],
          [
            89.669192266,
            26.6755978670001
          ],
          [
            89.6691275570001,
            26.675707502
          ],
          [
            89.6690591610001,
            26.6758235080001
          ],
          [
            89.6690089530001,
            26.675902046
          ],
          [
            89.6689393840001,
            26.6760091670001
          ],
          [
            89.6688686400001,
            26.6761243340001
          ],
          [
            89.668821031,
            26.6762050520001
          ],
          [
            89.66877535,
            26.6762871110001
          ],
          [
            89.6687160060001,
            26.6763985060001
          ],
          [
            89.6686538120001,
            26.676497748
          ],
          [
            89.668593043,
            26.6766005100001
          ],
          [
            89.6685173550001,
            26.676713582
          ],
          [
            89.668471841,
            26.6767948030001
          ],
          [
            89.6684030260001,
            26.6769149150001
          ],
          [
            89.668339491,
            26.677041398
          ],
          [
            89.6683018560001,
            26.677124044
          ],
          [
            89.668256845,
            26.677261759
          ],
          [
            89.6682431830001,
            26.6773653590001
          ],
          [
            89.6682400810001,
            26.677465355
          ],
          [
            89.6682540790001,
            26.677604495
          ],
          [
            89.6682996100001,
            26.677733489
          ],
          [
            89.668447014,
            26.6778068410001
          ]
        ]
      }
    },
    {
      "type": "Feature",
      "id": "ROAD_BTR_015",
      "properties": {
        "assetId": "ROAD_BTR_015",
        "name": "28th mile rd.",
        "assetType": "FOREST_ROAD",
        "division": null,
        "ranges": [],
        "beats": [],
        "compartments": [],
        "surface": "UNKNOWN",
        "vehicleAccess": "UNKNOWN",
        "status": "OPEN",
        "totalLengthKm": 2582.33,
        "currentCondition": null,
        "lastVisitedAt": null,
        "lastVisitedBy": null,
        "lastVisit": null,
        "lastSubstantialPatrolAt": null,
        "lastFullPatrolAt": null
      },
      "geometry": {
        "type": "LineString",
        "coordinates": [
          [
            89.5563037618984,
            26.6937980429175
          ],
          [
            89.556088995486,
            26.6938443774168
          ],
          [
            89.5557370257938,
            26.6940517075681
          ],
          [
            89.5556510149511,
            26.6941746653266
          ],
          [
            89.5555134398426,
            26.6944203348624
          ],
          [
            89.5554788545137,
            26.6945738434319
          ],
          [
            89.5552983988712,
            26.694758276465
          ],
          [
            89.5551954009466,
            26.6949115861679
          ],
          [
            89.5550754597303,
            26.6951868782121
          ],
          [
            89.5549642254863,
            26.6953778922131
          ],
          [
            89.5548359460378,
            26.6955382544304
          ],
          [
            89.5546480590664,
            26.6956755552991
          ],
          [
            89.5545456954673,
            26.6958355727063
          ],
          [
            89.5544776304528,
            26.6961475481065
          ],
          [
            89.5543754861842,
            26.6965050261928
          ],
          [
            89.5543499740397,
            26.6966266596753
          ],
          [
            89.5543755871169,
            26.6967710263605
          ],
          [
            89.5544181321326,
            26.6969386274766
          ],
          [
            89.5544350968516,
            26.6970912794074
          ],
          [
            89.5544350000962,
            26.69725181423
          ],
          [
            89.5544861248825,
            26.6973967016986
          ],
          [
            89.5544775583502,
            26.6974961203313
          ],
          [
            89.5544092974131,
            26.6976412189621
          ],
          [
            89.5543325284811,
            26.6977708335022
          ],
          [
            89.5541704329407,
            26.6978548723625
          ],
          [
            89.553776974368,
            26.6978423927313
          ],
          [
            89.5534512475825,
            26.6978751645113
          ],
          [
            89.5530064840841,
            26.6978525811476
          ],
          [
            89.552741,
            26.697895
          ],
          [
            89.551471,
            26.69795
          ],
          [
            89.549904,
            26.698008
          ],
          [
            89.5484859999999,
            26.698116
          ],
          [
            89.546753,
            26.698208
          ],
          [
            89.5451529999999,
            26.698321
          ],
          [
            89.5438309999999,
            26.698403
          ],
          [
            89.5426729999999,
            26.698502
          ],
          [
            89.541508,
            26.698558
          ],
          [
            89.5402969999999,
            26.698666
          ],
          [
            89.5391199999999,
            26.698732
          ],
          [
            89.537931,
            26.698814
          ],
          [
            89.536767,
            26.698907
          ],
          [
            89.5356479999999,
            26.698989
          ],
          [
            89.534561,
            26.699075
          ],
          [
            89.5336706795214,
            26.6991936380875
          ]
        ]
      }
    },
    {
      "type": "Feature",
      "id": "ROAD_BTR_016",
      "properties": {
        "assetId": "ROAD_BTR_016",
        "name": "Phaskhawa tea garden rd.",
        "assetType": "FOREST_ROAD",
        "division": null,
        "ranges": [],
        "beats": [],
        "compartments": [],
        "surface": "UNKNOWN",
        "vehicleAccess": "UNKNOWN",
        "status": "OPEN",
        "totalLengthKm": 1473.652,
        "currentCondition": null,
        "lastVisitedAt": null,
        "lastVisitedBy": null,
        "lastVisit": null,
        "lastSubstantialPatrolAt": null,
        "lastFullPatrolAt": null
      },
      "geometry": {
        "type": "LineString",
        "coordinates": [
          [
            89.6725057,
            26.6779984
          ],
          [
            89.6724245,
            26.6781977
          ],
          [
            89.6718398,
            26.6793529
          ],
          [
            89.6712899,
            26.6804146
          ],
          [
            89.6689886,
            26.6848243
          ],
          [
            89.6687204,
            26.6854306
          ],
          [
            89.6686238,
            26.6857565
          ],
          [
            89.6685433,
            26.6862454
          ],
          [
            89.6684065,
            26.6874748000001
          ],
          [
            89.6688196,
            26.6878774000001
          ],
          [
            89.6696644999999,
            26.6886419
          ],
          [
            89.6699837,
            26.6888696
          ],
          [
            89.6701553,
            26.6889199
          ],
          [
            89.6711022,
            26.6891308
          ]
        ]
      }
    },
    {
      "type": "Feature",
      "id": "ROAD_BTR_017",
      "properties": {
        "assetId": "ROAD_BTR_017",
        "name": "Unnamed Road 017",
        "assetType": "FOREST_ROAD",
        "division": null,
        "ranges": [],
        "beats": [],
        "compartments": [],
        "surface": "UNKNOWN",
        "vehicleAccess": "UNKNOWN",
        "status": "OPEN",
        "totalLengthKm": 435.13,
        "currentCondition": null,
        "lastVisitedAt": null,
        "lastVisitedBy": null,
        "lastVisit": null,
        "lastSubstantialPatrolAt": null,
        "lastFullPatrolAt": null
      },
      "geometry": {
        "type": "LineString",
        "coordinates": [
          [
            89.5143323999999,
            26.7043376
          ],
          [
            89.5145737999999,
            26.7042225
          ],
          [
            89.5147642,
            26.7041459
          ],
          [
            89.5149627,
            26.7040356
          ],
          [
            89.5152283,
            26.7039566
          ],
          [
            89.5156199,
            26.7039446
          ],
          [
            89.5157245,
            26.7040668
          ],
          [
            89.5157191000001,
            26.7043304
          ],
          [
            89.5157084,
            26.7044693
          ],
          [
            89.5157486,
            26.7048455
          ],
          [
            89.5158559,
            26.7053966
          ],
          [
            89.5159578,
            26.7058088
          ],
          [
            89.5160383,
            26.7061586
          ],
          [
            89.5160866,
            26.7065563
          ]
        ]
      }
    },
    {
      "type": "Feature",
      "id": "ROAD_BTR_018",
      "properties": {
        "assetId": "ROAD_BTR_018",
        "name": "Jainti to Phashkhawa",
        "assetType": "FOREST_ROAD",
        "division": null,
        "ranges": [],
        "beats": [],
        "compartments": [],
        "surface": "UNKNOWN",
        "vehicleAccess": "UNKNOWN",
        "status": "OPEN",
        "totalLengthKm": 6039.726,
        "currentCondition": null,
        "lastVisitedAt": null,
        "lastVisitedBy": null,
        "lastVisit": null,
        "lastSubstantialPatrolAt": null,
        "lastFullPatrolAt": null
      },
      "geometry": {
        "type": "LineString",
        "coordinates": [
          [
            89.6725057,
            26.6779984
          ],
          [
            89.6707512,
            26.6780184
          ],
          [
            89.6687399999999,
            26.67779
          ],
          [
            89.66771,
            26.67785
          ],
          [
            89.66563,
            26.67796
          ],
          [
            89.6654788999999,
            26.6778736000001
          ],
          [
            89.6637601090159,
            26.6772043816553
          ],
          [
            89.6631268616228,
            26.6771093274318
          ],
          [
            89.6624528390163,
            26.6772022259245
          ],
          [
            89.661801562207,
            26.6774501515615
          ],
          [
            89.66084,
            26.678
          ],
          [
            89.66009,
            26.67873
          ],
          [
            89.65801,
            26.68094
          ],
          [
            89.65719,
            26.68156
          ],
          [
            89.65627,
            26.68204
          ],
          [
            89.65438,
            26.68294
          ],
          [
            89.65256,
            26.68386
          ],
          [
            89.6506500000001,
            26.6848
          ],
          [
            89.64887,
            26.6857499999999
          ],
          [
            89.64797,
            26.6862
          ],
          [
            89.6461,
            26.68712
          ],
          [
            89.64513,
            26.68755
          ],
          [
            89.64415,
            26.68781
          ],
          [
            89.64309,
            26.68802
          ],
          [
            89.64106,
            26.68849
          ],
          [
            89.63902,
            26.68897
          ],
          [
            89.63801,
            26.68922
          ],
          [
            89.63704,
            26.68959
          ],
          [
            89.63505,
            26.6903
          ],
          [
            89.63312,
            26.69101
          ],
          [
            89.6311400000001,
            26.69169
          ],
          [
            89.62949,
            26.69283
          ],
          [
            89.62754,
            26.69382
          ],
          [
            89.62593,
            26.69497
          ],
          [
            89.62428,
            26.69611
          ],
          [
            89.62262,
            26.69714
          ],
          [
            89.62125,
            26.69847
          ],
          [
            89.61996,
            26.70002
          ]
        ]
      }
    },
    {
      "type": "Feature",
      "id": "ROAD_BTR_019",
      "properties": {
        "assetId": "ROAD_BTR_019",
        "name": "Unnamed Road 019",
        "assetType": "FOREST_ROAD",
        "division": null,
        "ranges": [],
        "beats": [],
        "compartments": [],
        "surface": "UNKNOWN",
        "vehicleAccess": "UNKNOWN",
        "status": "OPEN",
        "totalLengthKm": 344.854,
        "currentCondition": null,
        "lastVisitedAt": null,
        "lastVisitedBy": null,
        "lastVisit": null,
        "lastSubstantialPatrolAt": null,
        "lastFullPatrolAt": null
      },
      "geometry": {
        "type": "LineString",
        "coordinates": [
          [
            89.6110582,
            26.6996219
          ],
          [
            89.6132998346703,
            26.6999902896036
          ],
          [
            89.613678138228,
            26.7002733582798
          ],
          [
            89.6139228558205,
            26.7004927988044
          ],
          [
            89.6142092015279,
            26.7006757776429
          ]
        ]
      }
    },
    {
      "type": "Feature",
      "id": "ROAD_BTR_020",
      "properties": {
        "assetId": "ROAD_BTR_020",
        "name": "Unnamed Road 020",
        "assetType": "FOREST_ROAD",
        "division": null,
        "ranges": [],
        "beats": [],
        "compartments": [],
        "surface": "UNKNOWN",
        "vehicleAccess": "UNKNOWN",
        "status": "OPEN",
        "totalLengthKm": 154.846,
        "currentCondition": null,
        "lastVisitedAt": null,
        "lastVisitedBy": null,
        "lastVisit": null,
        "lastSubstantialPatrolAt": null,
        "lastFullPatrolAt": null
      },
      "geometry": {
        "type": "LineString",
        "coordinates": [
          [
            89.5145979,
            26.7062952
          ],
          [
            89.5149761,
            26.7064174
          ],
          [
            89.5152229,
            26.7064126
          ],
          [
            89.5156145,
            26.7065851
          ],
          [
            89.5160866,
            26.7065563
          ]
        ]
      }
    },
    {
      "type": "Feature",
      "id": "ROAD_BTR_021",
      "properties": {
        "assetId": "ROAD_BTR_021",
        "name": "Unnamed Road 021",
        "assetType": "FOREST_ROAD",
        "division": null,
        "ranges": [],
        "beats": [],
        "compartments": [],
        "surface": "UNKNOWN",
        "vehicleAccess": "UNKNOWN",
        "status": "OPEN",
        "totalLengthKm": 5220.98,
        "currentCondition": null,
        "lastVisitedAt": null,
        "lastVisitedBy": null,
        "lastVisit": null,
        "lastSubstantialPatrolAt": null,
        "lastFullPatrolAt": null
      },
      "geometry": {
        "type": "LineString",
        "coordinates": [
          [
            89.5701438,
            26.7394257
          ],
          [
            89.5698059,
            26.7392197
          ],
          [
            89.5677513000001,
            26.738549
          ],
          [
            89.5676708,
            26.7384675
          ],
          [
            89.5676333,
            26.7382088
          ],
          [
            89.5670271,
            26.7376914
          ],
          [
            89.5666616,
            26.7369683
          ],
          [
            89.5656749,
            26.73613
          ],
          [
            89.565289,
            26.7357127999999
          ],
          [
            89.5644683,
            26.7350564
          ],
          [
            89.5640445,
            26.7347642
          ],
          [
            89.5634007,
            26.7344528
          ],
          [
            89.5627463,
            26.7339545
          ],
          [
            89.5625477999999,
            26.7338826
          ],
          [
            89.5623761,
            26.7338108
          ],
          [
            89.5619953,
            26.7332694
          ],
          [
            89.5617163,
            26.7331736
          ],
          [
            89.5616412000001,
            26.7330634
          ],
          [
            89.5614482999999,
            26.7324833
          ],
          [
            89.5610183,
            26.7316683
          ],
          [
            89.5607833,
            26.7298217
          ],
          [
            89.5608683000001,
            26.7289
          ],
          [
            89.5612333,
            26.7279983
          ],
          [
            89.5613615999999,
            26.7270116
          ],
          [
            89.5614266,
            26.7260882999999
          ],
          [
            89.5612116,
            26.7251015999999
          ],
          [
            89.5606333,
            26.7232349999999
          ],
          [
            89.5604833,
            26.7223116
          ],
          [
            89.5606533,
            26.7213466
          ],
          [
            89.5609117,
            26.7204233
          ],
          [
            89.5611267,
            26.7195216
          ],
          [
            89.5612550000001,
            26.7185782999999
          ],
          [
            89.5613833,
            26.7176550000001
          ],
          [
            89.5617049,
            26.7167333
          ],
          [
            89.5623283,
            26.7147367
          ],
          [
            89.5626283,
            26.7137499
          ],
          [
            89.5623699,
            26.7127632999999
          ],
          [
            89.5617049,
            26.7109183
          ],
          [
            89.5611483,
            26.7092016
          ],
          [
            89.5603116,
            26.7076133
          ],
          [
            89.5602249,
            26.70669
          ],
          [
            89.5601183,
            26.7048233
          ],
          [
            89.5599683,
            26.7039233
          ],
          [
            89.5597966,
            26.7030216
          ],
          [
            89.5596249,
            26.7011766
          ],
          [
            89.55956,
            26.6992233
          ],
          [
            89.5595815999999,
            26.6972917
          ]
        ]
      }
    },
    {
      "type": "Feature",
      "id": "ROAD_BTR_022",
      "properties": {
        "assetId": "ROAD_BTR_022",
        "name": "Unnamed Road 022",
        "assetType": "FOREST_ROAD",
        "division": null,
        "ranges": [],
        "beats": [],
        "compartments": [],
        "surface": "UNKNOWN",
        "vehicleAccess": "UNKNOWN",
        "status": "OPEN",
        "totalLengthKm": 990.193,
        "currentCondition": null,
        "lastVisitedAt": null,
        "lastVisitedBy": null,
        "lastVisit": null,
        "lastSubstantialPatrolAt": null,
        "lastFullPatrolAt": null
      },
      "geometry": {
        "type": "LineString",
        "coordinates": [
          [
            89.514243,
            26.7000414
          ],
          [
            89.5140669,
            26.7001946
          ],
          [
            89.5139623,
            26.700415
          ],
          [
            89.5139569,
            26.7006427
          ],
          [
            89.5141125,
            26.7008679
          ],
          [
            89.5141553999999,
            26.7010333
          ],
          [
            89.5141232,
            26.7013279999999
          ],
          [
            89.5141447,
            26.7015124999999
          ],
          [
            89.5142358999999,
            26.7019534000001
          ],
          [
            89.5143431,
            26.7023895
          ],
          [
            89.5143646,
            26.7028639000001
          ],
          [
            89.5143646,
            26.7031778
          ],
          [
            89.5143941,
            26.7034438
          ],
          [
            89.5143323999999,
            26.7035995
          ],
          [
            89.5143163,
            26.7038128
          ],
          [
            89.5142894999999,
            26.7040524
          ],
          [
            89.514311,
            26.7042082
          ],
          [
            89.5143323999999,
            26.7043376
          ],
          [
            89.5142975,
            26.7046203
          ],
          [
            89.5142707,
            26.7053535
          ],
          [
            89.5143136,
            26.7057033
          ],
          [
            89.5144317,
            26.7059166
          ],
          [
            89.5145979,
            26.7061778
          ],
          [
            89.5145979,
            26.7062952
          ],
          [
            89.5145308999999,
            26.7064845000001
          ],
          [
            89.5145121,
            26.7065995
          ],
          [
            89.514547,
            26.7066785
          ],
          [
            89.5146397605187,
            26.7067167520494
          ],
          [
            89.5147347704797,
            26.706805068207
          ],
          [
            89.5147733621822,
            26.706853557685
          ],
          [
            89.5148117108372,
            26.7069404564512
          ],
          [
            89.5148141552598,
            26.7070035335752
          ],
          [
            89.5148140547786,
            26.7070145403432
          ],
          [
            89.5148226076327,
            26.7070751234402
          ],
          [
            89.5148825714855,
            26.7071825433581
          ],
          [
            89.5149308668149,
            26.7072628440769
          ],
          [
            89.5149823678772,
            26.7073773424394
          ],
          [
            89.5150149328979,
            26.7075348085826
          ],
          [
            89.5150563448508,
            26.7076756280291
          ],
          [
            89.5150986856637,
            26.7077803752211
          ],
          [
            89.5151724026264,
            26.7079217488066
          ],
          [
            89.5152229381749,
            26.7080712004617
          ],
          [
            89.5153082144204,
            26.7082072084802
          ],
          [
            89.5153705604982,
            26.7083132874482
          ],
          [
            89.5154398849112,
            26.7083995817382
          ],
          [
            89.5154853466505,
            26.7084577593189
          ]
        ]
      }
    },
    {
      "type": "Feature",
      "id": "ROAD_BTR_023",
      "properties": {
        "assetId": "ROAD_BTR_023",
        "name": "Buxa Feeder rd.",
        "assetType": "FOREST_ROAD",
        "division": null,
        "ranges": [],
        "beats": [],
        "compartments": [],
        "surface": "UNKNOWN",
        "vehicleAccess": "UNKNOWN",
        "status": "OPEN",
        "totalLengthKm": 15115.773,
        "currentCondition": null,
        "lastVisitedAt": null,
        "lastVisitedBy": null,
        "lastVisit": null,
        "lastSubstantialPatrolAt": null,
        "lastFullPatrolAt": null
      },
      "geometry": {
        "type": "LineString",
        "coordinates": [
          [
            89.612394,
            26.7013472000001
          ],
          [
            89.6117341000001,
            26.7013855000001
          ],
          [
            89.6116966000002,
            26.7008679
          ],
          [
            89.6116966000002,
            26.7006042999999
          ],
          [
            89.6112621000001,
            26.6998854999999
          ],
          [
            89.6110582000001,
            26.6996219
          ],
          [
            89.6108,
            26.6995500000001
          ],
          [
            89.6097699999999,
            26.69931
          ],
          [
            89.6087199999999,
            26.6992000000001
          ],
          [
            89.60765,
            26.69901
          ],
          [
            89.60655,
            26.69877
          ],
          [
            89.60441,
            26.69886
          ],
          [
            89.6032900000001,
            26.69886
          ],
          [
            89.5990800000001,
            26.6987537000001
          ],
          [
            89.596687,
            26.6987736000002
          ],
          [
            89.5958769000001,
            26.6987449000001
          ],
          [
            89.5940423,
            26.6981602
          ],
          [
            89.5921500000001,
            26.6971400000002
          ],
          [
            89.59132,
            26.6966300000001
          ],
          [
            89.59035,
            26.69635
          ],
          [
            89.5893400000001,
            26.6963700000001
          ],
          [
            89.58728,
            26.69641
          ],
          [
            89.5862999999999,
            26.69643
          ],
          [
            89.5842600000001,
            26.6965000000001
          ],
          [
            89.58117,
            26.6966499999999
          ],
          [
            89.5780134000001,
            26.6967463999999
          ],
          [
            89.5769405,
            26.6964493
          ],
          [
            89.5749985999999,
            26.6965068000002
          ],
          [
            89.5738184000002,
            26.6966217999999
          ],
          [
            89.5716619,
            26.6966506000002
          ],
          [
            89.5701814000001,
            26.6965451
          ],
          [
            89.5697494999999,
            26.6965546000001
          ],
          [
            89.5688724,
            26.6965739
          ],
          [
            89.5675421000001,
            26.6969955999999
          ],
          [
            89.5670592999999,
            26.6971202
          ],
          [
            89.5659113000002,
            26.6970915000001
          ],
          [
            89.5655036000002,
            26.6970723000001
          ],
          [
            89.5649671000002,
            26.6969955999999
          ],
          [
            89.564656,
            26.6970339999999
          ],
          [
            89.5644629,
            26.697149
          ],
          [
            89.5640552,
            26.6974461000001
          ],
          [
            89.5637011000001,
            26.6975707000001
          ],
          [
            89.5632505000001,
            26.6975899000001
          ],
          [
            89.5627462999999,
            26.6974749000001
          ],
          [
            89.5623279000001,
            26.6974174
          ],
          [
            89.5603108,
            26.6975324000001
          ],
          [
            89.5598924,
            26.6974653000001
          ],
          [
            89.5595815999999,
            26.6972916999999
          ],
          [
            89.5593935000002,
            26.6966601000001
          ],
          [
            89.5593399,
            26.6963151000001
          ],
          [
            89.5590126000001,
            26.6959317
          ],
          [
            89.5586156999999,
            26.695577
          ],
          [
            89.5578325000001,
            26.6951601
          ],
          [
            89.5572370000001,
            26.6948294000001
          ],
          [
            89.5569849,
            26.6946233000001
          ],
          [
            89.5562549,
            26.6937516000001
          ],
          [
            89.5554721000001,
            26.6929458000001
          ],
          [
            89.5539383,
            26.6917983000001
          ],
          [
            89.5515349999999,
            26.6899749000001
          ],
          [
            89.5507616,
            26.6893749
          ],
          [
            89.5499466000001,
            26.6887733
          ],
          [
            89.5485733000002,
            26.6872283
          ],
          [
            89.5473067,
            26.6857482999999
          ],
          [
            89.545935,
            26.6843316
          ],
          [
            89.5451183000001,
            26.6827016
          ],
          [
            89.5450116,
            26.6817566000001
          ],
          [
            89.5449249,
            26.680855
          ],
          [
            89.5448399,
            26.6799767000001
          ],
          [
            89.5444317,
            26.6790966000001
          ],
          [
            89.5438533000001,
            26.6783233
          ],
          [
            89.5426299999999,
            26.6767783
          ],
          [
            89.5413415999999,
            26.6752766
          ],
          [
            89.5408050000001,
            26.6744615999999
          ],
          [
            89.5400116,
            26.6727233
          ],
          [
            89.5389383,
            26.6711133000002
          ],
          [
            89.5378016999999,
            26.6694399000001
          ],
          [
            89.5374365999999,
            26.6685816
          ],
          [
            89.5363633000001,
            26.6658133000001
          ],
          [
            89.5361716000001,
            26.66487
          ],
          [
            89.5359999999999,
            26.6639049000001
          ],
          [
            89.5356566000001,
            26.6620166
          ],
          [
            89.5354417000001,
            26.6610500000001
          ],
          [
            89.5350550000001,
            26.6601482999999
          ],
          [
            89.5347116000001,
            26.6592483000001
          ],
          [
            89.534475,
            26.6584116
          ],
          [
            89.5340466,
            26.6565450000001
          ],
          [
            89.5338965999999,
            26.6556433000001
          ],
          [
            89.5339183000002,
            26.6547416000001
          ],
          [
            89.5341316,
            26.6519099000001
          ],
          [
            89.5341966000001,
            26.650965
          ],
          [
            89.5342182999999,
            26.65
          ],
          [
            89.533425,
            26.6481333
          ],
          [
            89.5330383000002,
            26.6472750000001
          ],
          [
            89.5330166,
            26.6454716000001
          ],
          [
            89.5332949999999,
            26.643605
          ],
          [
            89.5335533,
            26.6427033000002
          ],
          [
            89.5341316,
            26.6408366000001
          ],
          [
            89.5342182999999,
            26.6398716
          ],
          [
            89.5341533000001,
            26.6389066000001
          ],
          [
            89.5340249000001,
            26.6369533
          ],
          [
            89.5337683,
            26.6341850000001
          ],
          [
            89.5334883000001,
            26.6322750000001
          ],
          [
            89.5332316,
            26.63131
          ],
          [
            89.5329950000001,
            26.6303866
          ],
          [
            89.532695,
            26.6295083000002
          ],
          [
            89.5321799,
            26.6286500000001
          ],
          [
            89.5311933000001,
            26.6270616
          ],
          [
            89.5308066000001,
            26.6262466000001
          ],
          [
            89.52967,
            26.6237566
          ],
          [
            89.5293313000001,
            26.6231618000002
          ],
          [
            89.5292991000001,
            26.6228644000001
          ],
          [
            89.5294601000001,
            26.6225335
          ],
          [
            89.5296290000002,
            26.6222626
          ],
          [
            89.5299321000001,
            26.6220299999999
          ],
          [
            89.5304847000001,
            26.6216056000002
          ],
          [
            89.5305651000002,
            26.6215144000001
          ],
          [
            89.5306429,
            26.6208454
          ],
          [
            89.5307556000001,
            26.6205577
          ],
          [
            89.5309918999999,
            26.620133
          ]
        ]
      }
    },
    {
      "type": "Feature",
      "id": "ROAD_BTR_024",
      "properties": {
        "assetId": "ROAD_BTR_024",
        "name": "Unnamed Road 024",
        "assetType": "FOREST_ROAD",
        "division": null,
        "ranges": [],
        "beats": [],
        "compartments": [],
        "surface": "UNKNOWN",
        "vehicleAccess": "UNKNOWN",
        "status": "OPEN",
        "totalLengthKm": 152.821,
        "currentCondition": null,
        "lastVisitedAt": null,
        "lastVisitedBy": null,
        "lastVisit": null,
        "lastSubstantialPatrolAt": null,
        "lastFullPatrolAt": null
      },
      "geometry": {
        "type": "LineString",
        "coordinates": [
          [
            89.6818499999999,
            26.55668
          ],
          [
            89.6831675,
            26.5573871
          ]
        ]
      }
    },
    {
      "type": "Feature",
      "id": "ROAD_BTR_025",
      "properties": {
        "assetId": "ROAD_BTR_025",
        "name": "Unnamed Road 025",
        "assetType": "FOREST_ROAD",
        "division": null,
        "ranges": [],
        "beats": [],
        "compartments": [],
        "surface": "UNKNOWN",
        "vehicleAccess": "UNKNOWN",
        "status": "OPEN",
        "totalLengthKm": 220.795,
        "currentCondition": null,
        "lastVisitedAt": null,
        "lastVisitedBy": null,
        "lastVisit": null,
        "lastSubstantialPatrolAt": null,
        "lastFullPatrolAt": null
      },
      "geometry": {
        "type": "LineString",
        "coordinates": [
          [
            89.5141447,
            26.7015124999999
          ],
          [
            89.5144612,
            26.7015101
          ],
          [
            89.5148581,
            26.7014909
          ],
          [
            89.5151317,
            26.7015413
          ],
          [
            89.5153436,
            26.7015005
          ],
          [
            89.5155743,
            26.7014694000001
          ],
          [
            89.5156708000001,
            26.7014861
          ],
          [
            89.5157685056855,
            26.7014783086216
          ],
          [
            89.5156417307677,
            26.701353982269
          ],
          [
            89.5157133612154,
            26.7011952245945
          ],
          [
            89.5157108960677,
            26.7010451387343
          ],
          [
            89.5157229008409,
            26.7010157733126
          ]
        ]
      }
    },
    {
      "type": "Feature",
      "id": "ROAD_BTR_026",
      "properties": {
        "assetId": "ROAD_BTR_026",
        "name": "Unnamed Road 026",
        "assetType": "FOREST_ROAD",
        "division": null,
        "ranges": [],
        "beats": [],
        "compartments": [],
        "surface": "UNKNOWN",
        "vehicleAccess": "UNKNOWN",
        "status": "OPEN",
        "totalLengthKm": 796.07,
        "currentCondition": null,
        "lastVisitedAt": null,
        "lastVisitedBy": null,
        "lastVisit": null,
        "lastSubstantialPatrolAt": null,
        "lastFullPatrolAt": null
      },
      "geometry": {
        "type": "LineString",
        "coordinates": [
          [
            89.61996,
            26.70002
          ],
          [
            89.6195072,
            26.7004222
          ],
          [
            89.6190888,
            26.7006091
          ],
          [
            89.6181929000001,
            26.7008056
          ],
          [
            89.617297,
            26.7008967
          ],
          [
            89.6165621,
            26.700959
          ],
          [
            89.6161079763279,
            26.7009137321369
          ],
          [
            89.6152158389342,
            26.7008134314781
          ],
          [
            89.6142090393464,
            26.7006836954896
          ],
          [
            89.61389,
            26.70079
          ],
          [
            89.61308,
            26.70118
          ],
          [
            89.612394,
            26.7013472
          ]
        ]
      }
    },
    {
      "type": "Feature",
      "id": "ROAD_BTR_027",
      "properties": {
        "assetId": "ROAD_BTR_027",
        "name": "Shikhari rd.",
        "assetType": "FOREST_ROAD",
        "division": null,
        "ranges": [],
        "beats": [],
        "compartments": [],
        "surface": "UNKNOWN",
        "vehicleAccess": "UNKNOWN",
        "status": "OPEN",
        "totalLengthKm": 1100.001,
        "currentCondition": null,
        "lastVisitedAt": null,
        "lastVisitedBy": null,
        "lastVisit": null,
        "lastSubstantialPatrolAt": null,
        "lastFullPatrolAt": null
      },
      "geometry": {
        "type": "LineString",
        "coordinates": [
          [
            89.5166740863761,
            26.6296411827661
          ],
          [
            89.5167150318933,
            26.62967583521
          ],
          [
            89.5167682872675,
            26.6296952914183
          ],
          [
            89.5168667147157,
            26.6296611947972
          ],
          [
            89.5171242941638,
            26.6295753073844
          ],
          [
            89.5174177898397,
            26.6295119389698
          ],
          [
            89.518696491114,
            26.629354806997
          ],
          [
            89.5199364081156,
            26.6292132436963
          ],
          [
            89.5212653733412,
            26.6290991658774
          ],
          [
            89.5221438548424,
            26.6289996158365
          ],
          [
            89.5222827098807,
            26.6290137155124
          ],
          [
            89.5223212918992,
            26.6290714878575
          ],
          [
            89.5223523894752,
            26.629182266476
          ],
          [
            89.5223479035628,
            26.6294576432442
          ],
          [
            89.5222730512546,
            26.6307881119449
          ],
          [
            89.5222100645668,
            26.6318403899592
          ],
          [
            89.5222348532888,
            26.6321816885601
          ],
          [
            89.5223151559473,
            26.6325042086508
          ],
          [
            89.5224396125771,
            26.6326897859091
          ],
          [
            89.5225716480605,
            26.6328776399974
          ],
          [
            89.5225896099087,
            26.6329980525129
          ],
          [
            89.5226207643292,
            26.6332879071712
          ],
          [
            89.5226050015305,
            26.6336463297721
          ],
          [
            89.5226140866916,
            26.6337205328373
          ]
        ]
      }
    },
    {
      "type": "Feature",
      "id": "ROAD_BTR_028",
      "properties": {
        "assetId": "ROAD_BTR_028",
        "name": "Unnamed Road 028",
        "assetType": "FOREST_ROAD",
        "division": null,
        "ranges": [],
        "beats": [],
        "compartments": [],
        "surface": "UNKNOWN",
        "vehicleAccess": "UNKNOWN",
        "status": "OPEN",
        "totalLengthKm": 3802.403,
        "currentCondition": null,
        "lastVisitedAt": null,
        "lastVisitedBy": null,
        "lastVisit": null,
        "lastSubstantialPatrolAt": null,
        "lastFullPatrolAt": null
      },
      "geometry": {
        "type": "LineString",
        "coordinates": [
          [
            89.543574805509,
            26.7273034685764
          ],
          [
            89.5433825603493,
            26.7273163234792
          ],
          [
            89.5433085111315,
            26.727256394961
          ],
          [
            89.5432703192557,
            26.7271224064901
          ],
          [
            89.543203314768,
            26.7269961676865
          ],
          [
            89.5432016619014,
            26.7268177328092
          ],
          [
            89.5432144714209,
            26.726640710822
          ],
          [
            89.5432489408238,
            26.7264844940479
          ],
          [
            89.5432674674004,
            26.7262140757493
          ],
          [
            89.5432087839736,
            26.7260676192429
          ],
          [
            89.5430988773648,
            26.7259379409055
          ],
          [
            89.5430261170415,
            26.7258601602497
          ],
          [
            89.5428237240176,
            26.7260115782538
          ],
          [
            89.5427655320955,
            26.7260382169961
          ],
          [
            89.5427277978196,
            26.7259415468286
          ],
          [
            89.5427137829474,
            26.7256039655863
          ],
          [
            89.5427143731807,
            26.7253770536465
          ],
          [
            89.5426207871054,
            26.7251136539776
          ],
          [
            89.5425281262235,
            26.7249120748294
          ],
          [
            89.5425436405236,
            26.7247388171621
          ],
          [
            89.5425084485546,
            26.7246431305626
          ],
          [
            89.5424015783483,
            26.724592204707
          ],
          [
            89.5422227140633,
            26.7245793664724
          ],
          [
            89.5418716855252,
            26.7244839318457
          ],
          [
            89.541729296042,
            26.7244834795877
          ],
          [
            89.5416512704143,
            26.7244330647195
          ],
          [
            89.5415061043422,
            26.7237795740424
          ],
          [
            89.5413212671171,
            26.7235469905062
          ],
          [
            89.5411720626549,
            26.7232959462657
          ],
          [
            89.5410417608368,
            26.7231707202078
          ],
          [
            89.5409632513102,
            26.7229821723718
          ],
          [
            89.5407630258667,
            26.7228780079037
          ],
          [
            89.5406562824471,
            26.7228325874269
          ],
          [
            89.5405266911034,
            26.722927674006
          ],
          [
            89.5404330458688,
            26.7229974241629
          ],
          [
            89.5404595223837,
            26.7231327533229
          ],
          [
            89.5405774678443,
            26.7234262272008
          ],
          [
            89.5407780942431,
            26.7235997285483
          ],
          [
            89.5408359411635,
            26.7238377878502
          ],
          [
            89.5408849205894,
            26.7239922382479
          ],
          [
            89.5409693409195,
            26.7243111334555
          ],
          [
            89.5409826133737,
            26.7245158944732
          ],
          [
            89.5410328805467,
            26.7246367443818
          ],
          [
            89.5410835850104,
            26.7247317612125
          ],
          [
            89.541071828967,
            26.7249857546134
          ],
          [
            89.541071495555,
            26.7251080994235
          ],
          [
            89.5411144241173,
            26.7251992506634
          ],
          [
            89.5411575211622,
            26.7253037990975
          ],
          [
            89.5411718596145,
            26.725414853045
          ],
          [
            89.5412736061388,
            26.7257010107459
          ],
          [
            89.5412326733674,
            26.7258375400681
          ],
          [
            89.5411776023805,
            26.7260549096933
          ],
          [
            89.5411004215348,
            26.7262809662809
          ],
          [
            89.5410296776544,
            26.7264909360089
          ],
          [
            89.5408202475109,
            26.726726354323
          ],
          [
            89.5405381246756,
            26.7267724508387
          ],
          [
            89.5404249187858,
            26.7267722197836
          ],
          [
            89.5402200250087,
            26.7267521037571
          ],
          [
            89.5399879232756,
            26.7267003712156
          ],
          [
            89.5397346982079,
            26.7266045904627
          ],
          [
            89.5395938928014,
            26.7265849633134
          ],
          [
            89.5393037352636,
            26.7266842401101
          ],
          [
            89.5387587692129,
            26.7269971077908
          ],
          [
            89.5373751927318,
            26.7277555380663
          ],
          [
            89.5364013310182,
            26.7282881198761
          ],
          [
            89.5359417543881,
            26.7285268381596
          ],
          [
            89.535267311517,
            26.7289517671758
          ],
          [
            89.53478393306,
            26.7292818713415
          ],
          [
            89.5339539081054,
            26.7299082284125
          ],
          [
            89.5337269323731,
            26.7301227884033
          ],
          [
            89.5336803373183,
            26.7301907860087
          ],
          [
            89.5336887791461,
            26.7302531504991
          ],
          [
            89.5336217767228,
            26.7303468144466
          ],
          [
            89.5335683367261,
            26.7304411746458
          ],
          [
            89.5334515331681,
            26.7305288458049
          ],
          [
            89.5333765365373,
            26.7306552656676
          ],
          [
            89.5331891936562,
            26.7307640454298
          ],
          [
            89.5330775250927,
            26.7308091874958
          ],
          [
            89.5329725161725,
            26.7308278848302
          ],
          [
            89.5328711043189,
            26.7308610399965
          ],
          [
            89.5326338997508,
            26.7310096227855
          ],
          [
            89.5323815022194,
            26.731209262453
          ],
          [
            89.5321119667652,
            26.7314381588523
          ],
          [
            89.5319387789168,
            26.7316482894721
          ],
          [
            89.531698436665,
            26.7319394534398
          ],
          [
            89.5314737130348,
            26.732174621838
          ],
          [
            89.5313406704532,
            26.7323211667823
          ],
          [
            89.5311112007767,
            26.7325183353239
          ],
          [
            89.5309755443232,
            26.7327416486359
          ],
          [
            89.5303932518793,
            26.7332555383814
          ],
          [
            89.5300946598203,
            26.7335001601255
          ],
          [
            89.5299243874796,
            26.7338279510516
          ],
          [
            89.529768735253,
            26.7340873760159
          ],
          [
            89.5296590657484,
            26.7343797717596
          ],
          [
            89.5295521927907,
            26.7346339327985
          ],
          [
            89.529466038784,
            26.7349339653516
          ],
          [
            89.5294156212725,
            26.7350952250237
          ],
          [
            89.5293639158686,
            26.7352775116961
          ],
          [
            89.5293083358441,
            26.735451951916
          ],
          [
            89.5292333371267,
            26.7356685746882
          ],
          [
            89.529162752343,
            26.7358380987324
          ],
          [
            89.5291044680655,
            26.7360586038361
          ],
          [
            89.5290084188639,
            26.7363298163107
          ],
          [
            89.5289176272782,
            26.7365343609179
          ],
          [
            89.5288545157807,
            26.7367316196686
          ],
          [
            89.5287954108247,
            26.7368899289406
          ],
          [
            89.528619561481,
            26.7372924653142
          ],
          [
            89.528541116704,
            26.7374569870658
          ],
          [
            89.5284746968532,
            26.7376139927601
          ],
          [
            89.528404540569,
            26.7377670547123
          ],
          [
            89.5282196467663,
            26.738116725014
          ],
          [
            89.5281613257536,
            26.7382137312916
          ],
          [
            89.5281226526841,
            26.7383104920957
          ],
          [
            89.5280803444439,
            26.7384449042731
          ],
          [
            89.527942299004,
            26.7386959316437
          ],
          [
            89.5278021722019,
            26.7389312170031
          ],
          [
            89.5276512832267,
            26.7390887391602
          ],
          [
            89.5275434392283,
            26.7392283631414
          ],
          [
            89.5274257824393,
            26.739411312201
          ],
          [
            89.5274295880745,
            26.7395281306114
          ],
          [
            89.5274218603936,
            26.7395899787931
          ],
          [
            89.5273216472952,
            26.7396179723277
          ],
          [
            89.5271185299193,
            26.7399698785987
          ],
          [
            89.5269877052971,
            26.7402369337019
          ],
          [
            89.5269069304062,
            26.7404516425667
          ],
          [
            89.5267803941035,
            26.7406219735621
          ],
          [
            89.5266530788085,
            26.7408913799674
          ],
          [
            89.5266300823227,
            26.7410312284812
          ],
          [
            89.526607087661,
            26.7411707893247
          ],
          [
            89.5266031724712,
            26.7413435343463
          ],
          [
            89.5265721359358,
            26.7417817734818
          ],
          [
            89.5265454487276,
            26.7420068032866
          ],
          [
            89.5265163542284,
            26.7422526159307
          ],
          [
            89.5264782543191,
            26.7424197560541
          ],
          [
            89.5264744394691,
            26.7426072789358
          ],
          [
            89.5264808795363,
            26.7428079367494
          ],
          [
            89.5264884889132,
            26.743012467834
          ],
          [
            89.5265075176137,
            26.7432237628106
          ],
          [
            89.5265086414598,
            26.7434699706889
          ],
          [
            89.526541157918,
            26.7437036476332
          ],
          [
            89.5265991240312,
            26.7441157319209
          ],
          [
            89.5266272745309,
            26.7442637861023
          ]
        ]
      }
    },
    {
      "type": "Feature",
      "id": "ROAD_BTR_029",
      "properties": {
        "assetId": "ROAD_BTR_029",
        "name": "Bhutiabasti Tower rd.",
        "assetType": "FOREST_ROAD",
        "division": null,
        "ranges": [],
        "beats": [],
        "compartments": [],
        "surface": "UNKNOWN",
        "vehicleAccess": "UNKNOWN",
        "status": "OPEN",
        "totalLengthKm": 212.669,
        "currentCondition": null,
        "lastVisitedAt": null,
        "lastVisitedBy": null,
        "lastVisit": null,
        "lastSubstantialPatrolAt": null,
        "lastFullPatrolAt": null
      },
      "geometry": {
        "type": "LineString",
        "coordinates": [
          [
            89.6290149432502,
            26.6951929844661
          ],
          [
            89.6287983305519,
            26.6950041202362
          ],
          [
            89.6284030785839,
            26.6946643327902
          ],
          [
            89.6282017251988,
            26.6945407853057
          ],
          [
            89.6279986195033,
            26.6943950681523
          ],
          [
            89.6277503200405,
            26.6941627144313
          ],
          [
            89.6275985218079,
            26.6939823620633
          ],
          [
            89.6274875834854,
            26.6938641578381
          ]
        ]
      }
    },
    {
      "type": "Feature",
      "id": "ROAD_BTR_030",
      "properties": {
        "assetId": "ROAD_BTR_030",
        "name": "Bhutiabasti SSB rd.",
        "assetType": "FOREST_ROAD",
        "division": null,
        "ranges": [],
        "beats": [],
        "compartments": [],
        "surface": "UNKNOWN",
        "vehicleAccess": "UNKNOWN",
        "status": "OPEN",
        "totalLengthKm": 254.33,
        "currentCondition": null,
        "lastVisitedAt": null,
        "lastVisitedBy": null,
        "lastVisit": null,
        "lastSubstantialPatrolAt": null,
        "lastFullPatrolAt": null
      },
      "geometry": {
        "type": "LineString",
        "coordinates": [
          [
            89.6250965656366,
            26.6983268517389
          ],
          [
            89.6248243598753,
            26.6980283268319
          ],
          [
            89.6244725493654,
            26.6977076671815
          ],
          [
            89.6243058501249,
            26.6975275472031
          ],
          [
            89.6240660035021,
            26.6973411500455
          ],
          [
            89.6238540822399,
            26.6971451724829
          ],
          [
            89.6236280460342,
            26.6969541335575
          ],
          [
            89.623293631437,
            26.6967113206155
          ]
        ]
      }
    },
    {
      "type": "Feature",
      "id": "ROAD_BTR_031",
      "properties": {
        "assetId": "ROAD_BTR_031",
        "name": "Chunia rd.",
        "assetType": "FOREST_ROAD",
        "division": null,
        "ranges": [],
        "beats": [],
        "compartments": [],
        "surface": "UNKNOWN",
        "vehicleAccess": "UNKNOWN",
        "status": "OPEN",
        "totalLengthKm": 2506.573,
        "currentCondition": null,
        "lastVisitedAt": null,
        "lastVisitedBy": null,
        "lastVisit": null,
        "lastSubstantialPatrolAt": null,
        "lastFullPatrolAt": null
      },
      "geometry": {
        "type": "LineString",
        "coordinates": [
          [
            89.6628986745446,
            26.6771005493873
          ],
          [
            89.6629892584054,
            26.6766719546864
          ],
          [
            89.6628333312107,
            26.6760661378193
          ],
          [
            89.6628015844339,
            26.6757701579306
          ],
          [
            89.6627372830834,
            26.6752450516556
          ],
          [
            89.6626533762321,
            26.6750716707756
          ],
          [
            89.6626830550563,
            26.6750143869721
          ],
          [
            89.6627829022377,
            26.6749573596515
          ],
          [
            89.6628265085817,
            26.6748652045205
          ],
          [
            89.6627287053009,
            26.6747180673906
          ],
          [
            89.6626855376127,
            26.6745588150457
          ],
          [
            89.6626652041692,
            26.6742704753586
          ],
          [
            89.662396903517,
            26.6738229196175
          ],
          [
            89.662014457274,
            26.6729276876211
          ],
          [
            89.6619939886399,
            26.6727193692222
          ],
          [
            89.6620686265784,
            26.6725773894157
          ],
          [
            89.662414314353,
            26.6718911897587
          ],
          [
            89.6627571968519,
            26.6715138318499
          ],
          [
            89.6629935056069,
            26.6712085681368
          ],
          [
            89.6631360996051,
            26.6709865245808
          ],
          [
            89.6634060205556,
            26.6707592343641
          ],
          [
            89.6636077183022,
            26.670573004423
          ],
          [
            89.6637343333331,
            26.6702208255844
          ],
          [
            89.6637458357907,
            26.6700245753234
          ],
          [
            89.6641055471994,
            26.6695435204593
          ],
          [
            89.6642201497587,
            26.6692687253882
          ],
          [
            89.6642318956379,
            26.66861238505
          ],
          [
            89.6641605865791,
            26.6684364790323
          ],
          [
            89.6640856561289,
            26.6681525591489
          ],
          [
            89.6639996709093,
            26.6678904162872
          ],
          [
            89.6638844873135,
            26.6676597388513
          ],
          [
            89.6638701005271,
            26.6675784577721
          ],
          [
            89.6639605265948,
            26.667408173852
          ],
          [
            89.6641229121584,
            26.6671231937902
          ],
          [
            89.6641949616905,
            26.6669777221124
          ],
          [
            89.6646604462803,
            26.6662190620324
          ],
          [
            89.6650471418005,
            26.6656466184404
          ],
          [
            89.6654487304255,
            26.6649797162298
          ],
          [
            89.6658827091551,
            26.664259885198
          ],
          [
            89.6663851916456,
            26.6633814152767
          ],
          [
            89.6667164455956,
            26.6628527829592
          ],
          [
            89.6667167448844,
            26.6627572147921
          ],
          [
            89.666749979901,
            26.6617897053502
          ],
          [
            89.6667347334075,
            26.6613235166464
          ],
          [
            89.6667637665605,
            26.6611301771164
          ],
          [
            89.6668207213996,
            26.6603417555792
          ],
          [
            89.6667877748493,
            26.6599954697399
          ],
          [
            89.6668256900251,
            26.659451635277
          ],
          [
            89.6668408166469,
            26.6591338253855
          ],
          [
            89.6668931932365,
            26.6583439874915
          ],
          [
            89.6668520577022,
            26.6581492611801
          ],
          [
            89.6668592798613,
            26.6580404301507
          ],
          [
            89.6669028735617,
            26.6577997237461
          ],
          [
            89.6668913216579,
            26.6576845146568
          ],
          [
            89.6669064510964,
            26.6573739883916
          ],
          [
            89.6669072623398,
            26.6571062427603
          ],
          [
            89.6669561864037,
            26.6569600446789
          ],
          [
            89.666954211485,
            26.6563969371643
          ],
          [
            89.6669582024947,
            26.6562172663237
          ],
          [
            89.6669625938699,
            26.6561365420477
          ]
        ]
      }
    },
    {
      "type": "Feature",
      "id": "ROAD_BTR_032",
      "properties": {
        "assetId": "ROAD_BTR_032",
        "name": "Jainti 2B rd.",
        "assetType": "FOREST_ROAD",
        "division": null,
        "ranges": [],
        "beats": [],
        "compartments": [],
        "surface": "UNKNOWN",
        "vehicleAccess": "UNKNOWN",
        "status": "OPEN",
        "totalLengthKm": 4709.687,
        "currentCondition": null,
        "lastVisitedAt": null,
        "lastVisitedBy": null,
        "lastVisit": null,
        "lastSubstantialPatrolAt": null,
        "lastFullPatrolAt": null
      },
      "geometry": {
        "type": "LineString",
        "coordinates": [
          [
            89.6663872726555,
            26.6634042501791
          ],
          [
            89.6654156688619,
            26.6637388645352
          ],
          [
            89.6649138697483,
            26.6640809090511
          ],
          [
            89.6643539942858,
            26.664439378686
          ],
          [
            89.6640317159106,
            26.6646305006045
          ],
          [
            89.6637256491036,
            26.6648127533613
          ],
          [
            89.6632250417324,
            26.664994560658
          ],
          [
            89.6625296331951,
            26.6651666344892
          ],
          [
            89.6620772648226,
            26.6653716459251
          ],
          [
            89.6618574854013,
            26.6654874572185
          ],
          [
            89.6613677484627,
            26.6657903684662
          ],
          [
            89.6609718971349,
            26.6660520407125
          ],
          [
            89.6605469543392,
            26.6663169635928
          ],
          [
            89.6599261165061,
            26.6666946283264
          ],
          [
            89.6595757583086,
            26.6669805656934
          ],
          [
            89.6592997309093,
            26.6671276653204
          ],
          [
            89.6589407150305,
            26.6672681411998
          ],
          [
            89.6587290791086,
            26.667481818879
          ],
          [
            89.6586100447111,
            26.6677471676521
          ],
          [
            89.658371044915,
            26.668050961344
          ],
          [
            89.6581051562117,
            26.6683290268754
          ],
          [
            89.6578307467585,
            26.6685981626042
          ],
          [
            89.6575847594363,
            26.6689972248981
          ],
          [
            89.6574849108541,
            26.669210656924
          ],
          [
            89.6573079894792,
            26.6696947479727
          ],
          [
            89.6569666512809,
            26.6702124078065
          ],
          [
            89.6567095199807,
            26.6705652108113
          ],
          [
            89.6565678609831,
            26.6707289976185
          ],
          [
            89.6563755180679,
            26.6709170104774
          ],
          [
            89.6558447521795,
            26.6712432742052
          ],
          [
            89.6556252983086,
            26.6713900892803
          ],
          [
            89.6551494145649,
            26.6716330781969
          ],
          [
            89.65455428437,
            26.6719513631443
          ],
          [
            89.6540266117662,
            26.6721919032419
          ],
          [
            89.653284855266,
            26.6724781515289
          ],
          [
            89.6527294738076,
            26.672674246312
          ],
          [
            89.6520983323045,
            26.6729273933822
          ],
          [
            89.6515919329509,
            26.6732732109763
          ],
          [
            89.6512125987666,
            26.6736075838904
          ],
          [
            89.6508792798416,
            26.6740380797617
          ],
          [
            89.6505197881326,
            26.6744819491018
          ],
          [
            89.6501559195059,
            26.6748231891808
          ],
          [
            89.6498738900214,
            26.6751238326546
          ],
          [
            89.649516616066,
            26.6755062568591
          ],
          [
            89.6490709945795,
            26.6758099114585
          ],
          [
            89.6488011446096,
            26.6760380604007
          ],
          [
            89.6483747641126,
            26.6764842315367
          ],
          [
            89.6478561449397,
            26.677087860262
          ],
          [
            89.6472682297412,
            26.6776969849398
          ],
          [
            89.6470115016381,
            26.6779487905091
          ],
          [
            89.6465809572504,
            26.6783948697449
          ],
          [
            89.6461724306212,
            26.6787336589677
          ],
          [
            89.6456435437795,
            26.6792184313229
          ],
          [
            89.6449203044475,
            26.679790553144
          ],
          [
            89.6435925436114,
            26.6806618233123
          ],
          [
            89.6431686520298,
            26.6809590906475
          ],
          [
            89.6423135336107,
            26.6810760723202
          ],
          [
            89.6413598325514,
            26.6811735907374
          ],
          [
            89.6402500049836,
            26.6815459583017
          ],
          [
            89.6389184317387,
            26.6817097783635
          ],
          [
            89.6379907966879,
            26.6823057648287
          ],
          [
            89.6375582744466,
            26.6825798867368
          ],
          [
            89.6371987044816,
            26.6829102151344
          ],
          [
            89.637015748371,
            26.6833293523568
          ],
          [
            89.6369870493502,
            26.6837572328813
          ],
          [
            89.637088901154,
            26.6841993847902
          ],
          [
            89.6370105074011,
            26.6844148708857
          ],
          [
            89.636785600406,
            26.6847082140757
          ],
          [
            89.6365885644072,
            26.6849724087225
          ],
          [
            89.6364434771209,
            26.6851491459702
          ],
          [
            89.6363464901526,
            26.6852936019945
          ],
          [
            89.6363355432346,
            26.6855034053305
          ],
          [
            89.6362289701328,
            26.685689585887
          ],
          [
            89.6362265482091,
            26.6858612968206
          ],
          [
            89.636058006034,
            26.6862543240727
          ],
          [
            89.6358116878006,
            26.6869619876663
          ],
          [
            89.6356103219679,
            26.6874171971798
          ],
          [
            89.6350334072551,
            26.6883539238351
          ],
          [
            89.6347892521709,
            26.6888396973483
          ],
          [
            89.6342723387488,
            26.6897828066136
          ],
          [
            89.6339587627048,
            26.690272683469
          ],
          [
            89.633794813642,
            26.6905912536759
          ],
          [
            89.6337135790969,
            26.6907344489814
          ],
          [
            89.6336605760722,
            26.6908112178548
          ]
        ]
      }
    },
    {
      "type": "Feature",
      "id": "ROAD_BTR_033",
      "properties": {
        "assetId": "ROAD_BTR_033",
        "name": "23rd mile",
        "assetType": "FOREST_ROAD",
        "division": null,
        "ranges": [],
        "beats": [],
        "compartments": [],
        "surface": "UNKNOWN",
        "vehicleAccess": "UNKNOWN",
        "status": "OPEN",
        "totalLengthKm": 16611.819,
        "currentCondition": null,
        "lastVisitedAt": null,
        "lastVisitedBy": null,
        "lastVisit": null,
        "lastSubstantialPatrolAt": null,
        "lastFullPatrolAt": null
      },
      "geometry": {
        "type": "MultiLineString",
        "coordinates": [
          [
            [
              89.6686062049565,
              26.6279736200924
            ],
            [
              89.6686102114193,
              26.62797464806
            ]
          ],
          [
            [
              89.6698699134291,
              26.6280108490517
            ],
            [
              89.6698423697404,
              26.6279923739032
            ],
            [
              89.6696067372187,
              26.6279807005022
            ],
            [
              89.6691833541232,
              26.6280126904921
            ],
            [
              89.6691800004562,
              26.6280097056714
            ],
            [
              89.6689713965879,
              26.6280211674161
            ],
            [
              89.6687305807783,
              26.628032322121
            ],
            [
              89.6686062049565,
              26.6279736200924
            ]
          ],
          [
            [
              89.5091469816876,
              26.6397086353346
            ],
            [
              89.5093176651872,
              26.6394395284696
            ],
            [
              89.5094558873558,
              26.6391080842926
            ],
            [
              89.5096407077891,
              26.638903394548
            ],
            [
              89.5098198331522,
              26.6386456838808
            ],
            [
              89.509953949502,
              26.6383951662677
            ],
            [
              89.5100718678748,
              26.6382241836507
            ],
            [
              89.5101687023531,
              26.6380324002045
            ],
            [
              89.5102754643198,
              26.6377853236762
            ],
            [
              89.510324233562,
              26.6375961959109
            ],
            [
              89.510346069864,
              26.6373617619645
            ],
            [
              89.5103376164399,
              26.637230884033
            ],
            [
              89.5103034712396,
              26.6370055860814
            ],
            [
              89.5102789564206,
              26.6368649041552
            ],
            [
              89.5102151240089,
              26.6367670554598
            ],
            [
              89.5101548754845,
              26.6366969654858
            ],
            [
              89.5100828868366,
              26.6366493536689
            ],
            [
              89.5100339765057,
              26.6365849241309
            ],
            [
              89.5099926767714,
              26.6364916659385
            ],
            [
              89.5099844524449,
              26.6364497637592
            ],
            [
              89.5100703390524,
              26.6363246125022
            ],
            [
              89.5101363324092,
              26.6362163159061
            ],
            [
              89.5102453876435,
              26.6360410430686
            ],
            [
              89.5103802240185,
              26.6358614803509
            ],
            [
              89.5104927228501,
              26.6357178863182
            ],
            [
              89.5105248910576,
              26.6356749824504
            ],
            [
              89.5106369803012,
              26.6355029003706
            ],
            [
              89.5106807070856,
              26.6353810294056
            ],
            [
              89.5107727822535,
              26.6352087396878
            ],
            [
              89.5109071017367,
              26.6350808477372
            ],
            [
              89.5110478263187,
              26.6349469292667
            ],
            [
              89.5111726294512,
              26.6347733069669
            ],
            [
              89.5111949865824,
              26.6346403434156
            ],
            [
              89.5112407495903,
              26.6345414952064
            ],
            [
              89.5113089695097,
              26.6344922969781
            ],
            [
              89.5113544502315,
              26.6343479556272
            ],
            [
              89.5113864567061,
              26.6342441917525
            ],
            [
              89.5114924835281,
              26.6341262280893
            ],
            [
              89.5127372205885,
              26.6340825358527
            ],
            [
              89.5143471983632,
              26.634033004638
            ],
            [
              89.5164667333707,
              26.633954488454
            ],
            [
              89.517547074188,
              26.6339049592244
            ],
            [
              89.5188254452324,
              26.6338666379344
            ],
            [
              89.5211217589534,
              26.6337701525864
            ],
            [
              89.522404804704,
              26.6337266431502
            ],
            [
              89.5231220160252,
              26.633692350268
            ],
            [
              89.5233331741194,
              26.6336720406849
            ],
            [
              89.5234627115111,
              26.633694226508
            ],
            [
              89.5235007617919,
              26.6337070983503
            ],
            [
              89.5237424768015,
              26.6336953477403
            ],
            [
              89.5239454856379,
              26.6336860874562
            ],
            [
              89.5241584565398,
              26.6336902412061
            ],
            [
              89.5245067944375,
              26.6336765245642
            ],
            [
              89.5250468667174,
              26.6336635589076
            ],
            [
              89.5253263589881,
              26.6336671792794
            ],
            [
              89.525424446038,
              26.6336517069304
            ],
            [
              89.5258649102499,
              26.6336462153
            ],
            [
              89.525922390077,
              26.633647879235
            ],
            [
              89.5262170784812,
              26.633626723937
            ],
            [
              89.5263376435385,
              26.6336233689458
            ],
            [
              89.5264806140045,
              26.6336292782165
            ],
            [
              89.5267716840771,
              26.6336068824405
            ],
            [
              89.5268671292292,
              26.633592622844
            ],
            [
              89.5270478010841,
              26.6335915302265
            ],
            [
              89.5271641197119,
              26.6336016777416
            ],
            [
              89.5273031120029,
              26.6335834212113
            ],
            [
              89.5275430707694,
              26.6335500699236
            ],
            [
              89.527868335371,
              26.6335459089114
            ],
            [
              89.5281140834588,
              26.6335183219653
            ],
            [
              89.5282923851602,
              26.6335027559205
            ],
            [
              89.5285051974933,
              26.6335056588491
            ],
            [
              89.5287779345236,
              26.6334882651301
            ],
            [
              89.5289221298065,
              26.6334701794581
            ],
            [
              89.5289971053569,
              26.6334632452438
            ],
            [
              89.5291702519482,
              26.6334461621304
            ],
            [
              89.5293252940486,
              26.6334369859236
            ],
            [
              89.5294352330116,
              26.6334293189938
            ],
            [
              89.5295516244095,
              26.6334199106788
            ],
            [
              89.5297187419273,
              26.6334202123577
            ],
            [
              89.5298858297811,
              26.6334193569713
            ],
            [
              89.5300743262173,
              26.6334217404533
            ],
            [
              89.5303936677325,
              26.6334101872101
            ],
            [
              89.5307101213517,
              26.6334053868056
            ],
            [
              89.5308738362524,
              26.6333999295894
            ],
            [
              89.5310583376937,
              26.6333965926503
            ],
            [
              89.5312373158856,
              26.6333782913766
            ],
            [
              89.5313265788805,
              26.6333768767606
            ],
            [
              89.531488847233,
              26.6333802057443
            ],
            [
              89.5315864512413,
              26.6333927767788
            ],
            [
              89.5317178215724,
              26.6334007636684
            ],
            [
              89.5318102594316,
              26.6334038238635
            ],
            [
              89.5319068996097,
              26.6333895489494
            ],
            [
              89.5320302077027,
              26.6333727017609
            ],
            [
              89.5321124323,
              26.6333619778339
            ],
            [
              89.5321809365032,
              26.6333619741963
            ],
            [
              89.5322682856722,
              26.6333604381528
            ],
            [
              89.5323795622066,
              26.6333696214075
            ],
            [
              89.5324351263398,
              26.6333757060995
            ],
            [
              89.5326447894317,
              26.6333631708479
            ],
            [
              89.5328393330478,
              26.6333675675349
            ],
            [
              89.5330647443299,
              26.6333409496648
            ],
            [
              89.5332548297779,
              26.6333143306791
            ],
            [
              89.5333544764512,
              26.6332783802016
            ],
            [
              89.5334575240688,
              26.6332611790184
            ],
            [
              89.5335339821604,
              26.6332659372143
            ],
            [
              89.5335806775028,
              26.6332719349145
            ],
            [
              89.533740450971,
              26.6332524793328
            ],
            [
              89.5338269824557,
              26.6332515146211
            ],
            [
              89.5339176464973,
              26.6332845803492
            ],
            [
              89.5340181611469,
              26.6333145912973
            ],
            [
              89.5350687010359,
              26.6332247005315
            ],
            [
              89.5354380374964,
              26.633182290331
            ],
            [
              89.5354692318883,
              26.6331823074625
            ],
            [
              89.5354848290206,
              26.6331823159185
            ],
            [
              89.5354910681122,
              26.6331823193541
            ],
            [
              89.5360835018685,
              26.6331389861484
            ],
            [
              89.5367745170481,
              26.6330740655802
            ],
            [
              89.5380357283852,
              26.6329813738447
            ],
            [
              89.5386221011647,
              26.6329677569138
            ],
            [
              89.5400588461448,
              26.6328751091815
            ],
            [
              89.5411275397103,
              26.6327987397635
            ],
            [
              89.5412695309083,
              26.6327839680603
            ],
            [
              89.5419087087998,
              26.6327594977897
            ],
            [
              89.5449800186706,
              26.6326208360307
            ],
            [
              89.5453631830833,
              26.6325833841617
            ],
            [
              89.54566950387,
              26.6325599244596
            ],
            [
              89.5459959537063,
              26.6325160789148
            ],
            [
              89.5467495301857,
              26.6324862644544
            ],
            [
              89.5470509726855,
              26.6324920625729
            ],
            [
              89.5476755039554,
              26.6323986993362
            ],
            [
              89.5483086597726,
              26.6323715832052
            ],
            [
              89.5491415716265,
              26.6323255584983
            ],
            [
              89.5500980218166,
              26.6322537604938
            ],
            [
              89.5509275494418,
              26.6322103025213
            ],
            [
              89.5517838278105,
              26.632133362038
            ],
            [
              89.5525498287559,
              26.6321475962773
            ],
            [
              89.5536514132609,
              26.6321215064507
            ],
            [
              89.553900091485,
              26.6320872565113
            ],
            [
              89.554929699413,
              26.6320503661678
            ],
            [
              89.5555580561317,
              26.632017408554
            ],
            [
              89.5566886425972,
              26.631940218899
            ],
            [
              89.5575314121953,
              26.6318554478103
            ],
            [
              89.5575410223079,
              26.6318554488614
            ],
            [
              89.5575570409112,
              26.6318554505028
            ],
            [
              89.5575730620936,
              26.6318554522857
            ],
            [
              89.5576211400834,
              26.6318554573545
            ],
            [
              89.5576532042095,
              26.6318526101441
            ],
            [
              89.5576852780823,
              26.6318526131162
            ],
            [
              89.5579756469755,
              26.6318069420323
            ],
            [
              89.5579886195189,
              26.6318069386984
            ],
            [
              89.5586887335114,
              26.6318068383092
            ],
            [
              89.5600553731385,
              26.6317384816001
            ],
            [
              89.5612645716483,
              26.6316777635109
            ],
            [
              89.5625147603743,
              26.6315747304428
            ],
            [
              89.5629691048378,
              26.6315203760098
            ],
            [
              89.5636111055628,
              26.6314377213837
            ],
            [
              89.5648843982415,
              26.631372012554
            ],
            [
              89.5670006158531,
              26.6312750365237
            ],
            [
              89.5680814507027,
              26.6312071036257
            ],
            [
              89.5689893960706,
              26.6310813149553
            ],
            [
              89.5693046751605,
              26.631021432527
            ],
            [
              89.5699543646754,
              26.631185448095
            ],
            [
              89.5703267078981,
              26.6312477261178
            ],
            [
              89.5708300448022,
              26.6312386745894
            ],
            [
              89.5711167830664,
              26.6311858857945
            ],
            [
              89.5713495308624,
              26.6311801928726
            ],
            [
              89.5715450803544,
              26.6312311257855
            ],
            [
              89.5717895096909,
              26.6312784454952
            ],
            [
              89.5723707845561,
              26.6312211275127
            ],
            [
              89.5726441979543,
              26.6311613502396
            ],
            [
              89.5729608428982,
              26.6309664689532
            ],
            [
              89.5734768362103,
              26.6307516142857
            ],
            [
              89.5738461486941,
              26.6306175659522
            ],
            [
              89.5750813701064,
              26.6305747605327
            ],
            [
              89.5770834058496,
              26.6304460958733
            ],
            [
              89.5782050561648,
              26.6304200160873
            ],
            [
              89.5807256812971,
              26.6304005247057
            ],
            [
              89.5813026032608,
              26.6303370857532
            ],
            [
              89.5821130173437,
              26.6303468044568
            ],
            [
              89.582938101032,
              26.6302605506685
            ],
            [
              89.5840235390614,
              26.6302086148914
            ],
            [
              89.5846591331133,
              26.6302188469386
            ],
            [
              89.5869532339396,
              26.6301876524522
            ],
            [
              89.5873537253169,
              26.6301437054182
            ],
            [
              89.5926085898473,
              26.6300164662634
            ],
            [
              89.5943051965339,
              26.6299580509241
            ],
            [
              89.5955977743776,
              26.6298905821267
            ],
            [
              89.5972428555045,
              26.6298549709188
            ],
            [
              89.5986339464922,
              26.6297892879298
            ],
            [
              89.5995166887038,
              26.629773221651
            ],
            [
              89.6004816382194,
              26.6297482935108
            ],
            [
              89.6015775985611,
              26.6297084469697
            ],
            [
              89.6032628515102,
              26.6296672587702
            ],
            [
              89.6049721266741,
              26.6295952569042
            ],
            [
              89.6063883876061,
              26.6295289619908
            ],
            [
              89.6073669484102,
              26.6294927366018
            ],
            [
              89.6088348579867,
              26.6294429953006
            ],
            [
              89.610570355651,
              26.6293699892876
            ],
            [
              89.6118506024522,
              26.6293104622609
            ],
            [
              89.612898886086,
              26.6292589968112
            ],
            [
              89.6141466558286,
              26.6292884644382
            ],
            [
              89.6144737631087,
              26.6293090788415
            ],
            [
              89.6163431415025,
              26.629309624612
            ],
            [
              89.6177600159835,
              26.6292890811592
            ],
            [
              89.6197770002504,
              26.629192843045
            ],
            [
              89.6220118953279,
              26.629131388107
            ],
            [
              89.6258184443668,
              26.6290250344456
            ],
            [
              89.6317823266093,
              26.6288156031986
            ],
            [
              89.6322810639632,
              26.6287395718364
            ],
            [
              89.6326651732555,
              26.6284132916269
            ],
            [
              89.6330354037422,
              26.6279998155439
            ],
            [
              89.6333140082782,
              26.6277700319054
            ],
            [
              89.6334689912833,
              26.6276118490313
            ],
            [
              89.6337458082958,
              26.6275604721248
            ],
            [
              89.6339187977148,
              26.6275909776135
            ],
            [
              89.634358306728,
              26.6278870286647
            ],
            [
              89.6345533412966,
              26.6281155910779
            ],
            [
              89.6348589771522,
              26.6284148722542
            ],
            [
              89.635136298329,
              26.6286174164473
            ],
            [
              89.6354189711045,
              26.6287182267542
            ],
            [
              89.6357759485778,
              26.6287384126111
            ],
            [
              89.6363362972619,
              26.6287471302923
            ],
            [
              89.637339191061,
              26.6287598444379
            ],
            [
              89.6377502150842,
              26.6288344763482
            ],
            [
              89.6380794400486,
              26.6288188761657
            ],
            [
              89.6384471080373,
              26.628723523932
            ],
            [
              89.6388939934112,
              26.6286371359673
            ],
            [
              89.6399817127855,
              26.6286246292545
            ],
            [
              89.6409393506459,
              26.6286014674461
            ],
            [
              89.6417192127022,
              26.6285605386284
            ],
            [
              89.6423120031407,
              26.6285421777936
            ],
            [
              89.6431202632587,
              26.6285201804046
            ],
            [
              89.6436010938172,
              26.62851084923
            ],
            [
              89.6474520211126,
              26.6284243909694
            ],
            [
              89.648181445789,
              26.6283843717656
            ],
            [
              89.6497161821243,
              26.6283673349479
            ],
            [
              89.6509778775687,
              26.628339156033
            ],
            [
              89.6515026059992,
              26.6282917849026
            ],
            [
              89.6523291900144,
              26.6282604926528
            ],
            [
              89.6526707540967,
              26.6282934709752
            ],
            [
              89.6531473785692,
              26.6282599633523
            ],
            [
              89.653724720385,
              26.6282292516871
            ],
            [
              89.6548381546806,
              26.6281532140733
            ],
            [
              89.6554595986777,
              26.6281424624053
            ],
            [
              89.656671935469,
              26.6281041484816
            ],
            [
              89.6570597113849,
              26.6280708240942
            ],
            [
              89.6580795675557,
              26.6280049239689
            ],
            [
              89.6585068652725,
              26.6280182427098
            ],
            [
              89.6593320013067,
              26.6280097207382
            ],
            [
              89.6602644215023,
              26.6280107185106
            ],
            [
              89.6611322543015,
              26.6279746719557
            ],
            [
              89.6615231802634,
              26.627948166394
            ],
            [
              89.6624647778888,
              26.6279124517356
            ],
            [
              89.6630985181907,
              26.6278632301119
            ],
            [
              89.6640125075305,
              26.6278506952953
            ],
            [
              89.6648755003483,
              26.627805131051
            ],
            [
              89.665337158116,
              26.6277952695474
            ],
            [
              89.6662906356714,
              26.6277822492422
            ],
            [
              89.6668070206627,
              26.627759057023
            ],
            [
              89.6670075832286,
              26.6277357245999
            ],
            [
              89.6670587027245,
              26.6277589954876
            ],
            [
              89.6671263632848,
              26.6277889687054
            ],
            [
              89.6673261177178,
              26.6278257510808
            ],
            [
              89.6677466372194,
              26.6278695954073
            ],
            [
              89.6680096470056,
              26.6279304058373
            ],
            [
              89.6681510825787,
              26.6279508189178
            ],
            [
              89.6683045597513,
              26.6279375688973
            ],
            [
              89.6685318166674,
              26.6279545355686
            ],
            [
              89.6686062049565,
              26.6279736200924
            ]
          ]
        ]
      }
    },
    {
      "type": "Feature",
      "id": "ROAD_BTR_034",
      "properties": {
        "assetId": "ROAD_BTR_034",
        "name": "Jainti river bed",
        "assetType": "FOREST_ROAD",
        "division": null,
        "ranges": [],
        "beats": [],
        "compartments": [],
        "surface": "UNKNOWN",
        "vehicleAccess": "UNKNOWN",
        "status": "OPEN",
        "totalLengthKm": 4414.302,
        "currentCondition": null,
        "lastVisitedAt": null,
        "lastVisitedBy": null,
        "lastVisit": null,
        "lastSubstantialPatrolAt": null,
        "lastFullPatrolAt": null
      },
      "geometry": {
        "type": "LineString",
        "coordinates": [
          [
            89.6679591218931,
            26.6279187241509
          ],
          [
            89.6680268796984,
            26.6279668627213
          ],
          [
            89.6681144222041,
            26.6285273798069
          ],
          [
            89.6681779723481,
            26.6291110869997
          ],
          [
            89.668238453349,
            26.6293571280507
          ],
          [
            89.6681974264589,
            26.6295446338767
          ],
          [
            89.6681178658708,
            26.6297667645141
          ],
          [
            89.6680081482092,
            26.6299380686649
          ],
          [
            89.6677525874767,
            26.6300232371752
          ],
          [
            89.6676091849078,
            26.6301171805359
          ],
          [
            89.6674301444353,
            26.6302796447418
          ],
          [
            89.6671880733066,
            26.6305046028299
          ],
          [
            89.6669736871674,
            26.6306285733536
          ],
          [
            89.6668026113702,
            26.6307713322934
          ],
          [
            89.6667174551304,
            26.6309181625859
          ],
          [
            89.666629288348,
            26.6311185183336
          ],
          [
            89.6665121854861,
            26.6314417382293
          ],
          [
            89.6664112180658,
            26.6316600710999
          ],
          [
            89.6663793740959,
            26.6317738406126
          ],
          [
            89.6662998476039,
            26.6320295361477
          ],
          [
            89.6662522288722,
            26.632242328735
          ],
          [
            89.6661679539458,
            26.6325047399696
          ],
          [
            89.6660725289867,
            26.6327227123303
          ],
          [
            89.6659824180761,
            26.6329217138835
          ],
          [
            89.6659081781019,
            26.6330405052286
          ],
          [
            89.6658657218451,
            26.6331023891557
          ],
          [
            89.6657222010686,
            26.6331841296671
          ],
          [
            89.6655254455664,
            26.6332559700556
          ],
          [
            89.6652974786845,
            26.6334070741409
          ],
          [
            89.6651633086753,
            26.6335056894708
          ],
          [
            89.6649186203058,
            26.633672169196
          ],
          [
            89.6647581242189,
            26.6337584660591
          ],
          [
            89.6645815321416,
            26.6337638056485
          ],
          [
            89.6643991286456,
            26.6337882850787
          ],
          [
            89.6641956726149,
            26.6338268003536
          ],
          [
            89.6638201894615,
            26.6339593807701
          ],
          [
            89.6634689087666,
            26.6340494864363
          ],
          [
            89.6631822555513,
            26.6341442076092
          ],
          [
            89.6628487776995,
            26.6342955706178
          ],
          [
            89.662511022339,
            26.6344505656915
          ],
          [
            89.6621935154197,
            26.6346348629168
          ],
          [
            89.6620079350832,
            26.6347534692209
          ],
          [
            89.6618807844012,
            26.6349286821973
          ],
          [
            89.6617062545195,
            26.6351888005145
          ],
          [
            89.6615533746825,
            26.6354293894709
          ],
          [
            89.661437463471,
            26.6356463350723
          ],
          [
            89.6613017847571,
            26.6359685974171
          ],
          [
            89.6611774648179,
            26.6363721434325
          ],
          [
            89.6610623113299,
            26.6366489837364
          ],
          [
            89.6610100227875,
            26.6369682115632
          ],
          [
            89.6608602136099,
            26.6372129258911
          ],
          [
            89.6605991071353,
            26.6376429722137
          ],
          [
            89.6604259535731,
            26.6378024791421
          ],
          [
            89.6601877554343,
            26.6379128735897
          ],
          [
            89.659857303916,
            26.638091027685
          ],
          [
            89.6594112460169,
            26.6383349248021
          ],
          [
            89.6592282436573,
            26.6384424835025
          ],
          [
            89.659130721525,
            26.6385296956341
          ],
          [
            89.6590263685393,
            26.6385809889799
          ],
          [
            89.6588800043166,
            26.6385762243213
          ],
          [
            89.6588019849444,
            26.6385713829525
          ],
          [
            89.6585215014893,
            26.6386222351101
          ],
          [
            89.658221262865,
            26.6386961736434
          ],
          [
            89.6580924683572,
            26.6386812297996
          ],
          [
            89.6578124425526,
            26.6385746906312
          ],
          [
            89.657522956798,
            26.6386027142476
          ],
          [
            89.6572661026905,
            26.6385427113573
          ],
          [
            89.6569759688146,
            26.6385706208855
          ],
          [
            89.6565987087763,
            26.6386584911837
          ],
          [
            89.6561400731181,
            26.6387737232256
          ],
          [
            89.6557447583903,
            26.6388517990993
          ],
          [
            89.6555439442088,
            26.6389621975391
          ],
          [
            89.6550566325548,
            26.6393869277756
          ],
          [
            89.6549434872202,
            26.6394879619035
          ],
          [
            89.654671021135,
            26.6397406949969
          ],
          [
            89.6544037074329,
            26.6399336595502
          ],
          [
            89.6542650137553,
            26.6400621665039
          ],
          [
            89.6538096339277,
            26.6404418601318
          ],
          [
            89.6534549768714,
            26.6407404990463
          ],
          [
            89.6531566801919,
            26.6409474186306
          ],
          [
            89.6529664224427,
            26.6411036818772
          ],
          [
            89.652807529446,
            26.6412477443745
          ],
          [
            89.6526115922529,
            26.6414999299479
          ],
          [
            89.6524367099015,
            26.6417331895299
          ],
          [
            89.6522725900568,
            26.6419297557178
          ],
          [
            89.6520061958243,
            26.6421312406459
          ],
          [
            89.6518061945363,
            26.642342610009
          ],
          [
            89.651533783194,
            26.6427736903626
          ],
          [
            89.6513295674455,
            26.6430668963391
          ],
          [
            89.6512375711091,
            26.6433147007624
          ],
          [
            89.6511711129542,
            26.6435815004241
          ],
          [
            89.6510037627863,
            26.6438200818505
          ],
          [
            89.6507211974862,
            26.6442234720161
          ],
          [
            89.6505731015961,
            26.6444311136244
          ],
          [
            89.6505014263956,
            26.6445467990298
          ],
          [
            89.6504139331529,
            26.6445926532638
          ],
          [
            89.6503365269812,
            26.6447467039537
          ],
          [
            89.6501467634151,
            26.6450196570327
          ],
          [
            89.6500999790843,
            26.6450874456132
          ],
          [
            89.6498328864823,
            26.6453070945543
          ],
          [
            89.6495965934251,
            26.6455488941581
          ],
          [
            89.649428588838,
            26.6457278751631
          ],
          [
            89.6493421527883,
            26.6458804053305
          ],
          [
            89.6491627789689,
            26.6460064244997
          ],
          [
            89.6489060959004,
            26.6461555435466
          ],
          [
            89.6487255873859,
            26.6463740257835
          ],
          [
            89.6484799998837,
            26.6466321114128
          ],
          [
            89.6480648168207,
            26.6468680904035
          ],
          [
            89.6477761836417,
            26.6468790994527
          ],
          [
            89.6475679480082,
            26.6469722367445
          ],
          [
            89.6474563030591,
            26.6471266854775
          ],
          [
            89.6474859262702,
            26.6472442615196
          ],
          [
            89.6475520145175,
            26.6474855666663
          ],
          [
            89.6475267481696,
            26.6476583524359
          ],
          [
            89.6475268025505,
            26.6477492466674
          ],
          [
            89.6475471524083,
            26.6478493058569
          ],
          [
            89.6476081683337,
            26.6480268394397
          ],
          [
            89.6476742016037,
            26.648219067562
          ],
          [
            89.6476690963905,
            26.6484102952804
          ],
          [
            89.6476487394221,
            26.648605647741
          ],
          [
            89.6476131559178,
            26.6487549451935
          ],
          [
            89.6476029249736,
            26.6489005190186
          ],
          [
            89.6476281860138,
            26.6491691782343
          ],
          [
            89.6476279932699,
            26.6494658972588
          ],
          [
            89.6475871896357,
            26.6497394284782
          ],
          [
            89.6475667005415,
            26.6498582794314
          ],
          [
            89.6475716302044,
            26.6499913937567
          ],
          [
            89.6475818872602,
            26.6501838227567
          ],
          [
            89.6475769676676,
            26.6504401690944
          ],
          [
            89.6475312532187,
            26.6506730856818
          ],
          [
            89.6474750737755,
            26.6508917062458
          ],
          [
            89.6474036899593,
            26.6510238550275
          ],
          [
            89.647362683202,
            26.6512700412549
          ],
          [
            89.647316625989,
            26.6514753262222
          ],
          [
            89.6472196906845,
            26.6517808078817
          ],
          [
            89.6471835150596,
            26.6520688665817
          ],
          [
            89.6471746750353,
            26.652135780195
          ],
          [
            89.6471186373522,
            26.6522133419661
          ],
          [
            89.6469054256385,
            26.6523679455437
          ],
          [
            89.6467137044806,
            26.6524672654162
          ],
          [
            89.646509151783,
            26.6526513460433
          ],
          [
            89.646445186261,
            26.652803844443
          ],
          [
            89.6463070810793,
            26.6530043777972
          ],
          [
            89.6461845567075,
            26.6531725703642
          ],
          [
            89.646106227078,
            26.6532830057392
          ],
          [
            89.6460662901941,
            26.6533993170022
          ],
          [
            89.6459629223967,
            26.653561152942
          ],
          [
            89.6459121602347,
            26.653668955658
          ],
          [
            89.6458798953352,
            26.6538092779769
          ],
          [
            89.6458310658436,
            26.6539827707638
          ],
          [
            89.6458240457841,
            26.6540746280402
          ],
          [
            89.6457709153135,
            26.6542261514126
          ],
          [
            89.6457220266322,
            26.6543465116318
          ],
          [
            89.6457581157866,
            26.6544180161634
          ],
          [
            89.6458048579553,
            26.6545427948804
          ],
          [
            89.6458160808067,
            26.6546888061472
          ],
          [
            89.6458163379377,
            26.6547918779615
          ],
          [
            89.6457912122758,
            26.6550255764703
          ],
          [
            89.6457205403154,
            26.6552464722307
          ],
          [
            89.6456650424221,
            26.6554267203131
          ],
          [
            89.6455848918808,
            26.6556145310184
          ],
          [
            89.6455321480812,
            26.655729207948
          ],
          [
            89.6455067085367,
            26.6558503770813
          ],
          [
            89.6454711816084,
            26.6560388065459
          ],
          [
            89.6453771684918,
            26.6562104944853
          ],
          [
            89.645316892916,
            26.6563004899602
          ],
          [
            89.6451694747108,
            26.656420077145
          ],
          [
            89.6450600209518,
            26.6565473342149
          ],
          [
            89.6450005304116,
            26.656662294888
          ],
          [
            89.6449653561985,
            26.6567522964948
          ],
          [
            89.6448942015803,
            26.6568197227159
          ],
          [
            89.6448078508598,
            26.6568734552095
          ],
          [
            89.6447737158111,
            26.6568827735247
          ]
        ]
      }
    },
    {
      "type": "Feature",
      "id": "ROAD_BTR_035",
      "properties": {
        "assetId": "ROAD_BTR_035",
        "name": "Pipeline rd.",
        "assetType": "FOREST_ROAD",
        "division": null,
        "ranges": [],
        "beats": [],
        "compartments": [],
        "surface": "UNKNOWN",
        "vehicleAccess": "UNKNOWN",
        "status": "OPEN",
        "totalLengthKm": 981.598,
        "currentCondition": null,
        "lastVisitedAt": null,
        "lastVisitedBy": null,
        "lastVisit": null,
        "lastSubstantialPatrolAt": null,
        "lastFullPatrolAt": null
      },
      "geometry": {
        "type": "LineString",
        "coordinates": [
          [
            89.5858697032928,
            26.5612120052311
          ],
          [
            89.584013239397,
            26.5627943768913
          ],
          [
            89.5819267265328,
            26.5645676776736
          ],
          [
            89.5800627832624,
            26.5661149055791
          ],
          [
            89.5787067331482,
            26.5672847226857
          ]
        ]
      }
    },
    {
      "type": "Feature",
      "id": "ROAD_BTR_036",
      "properties": {
        "assetId": "ROAD_BTR_036",
        "name": "Tolani rd.",
        "assetType": "FOREST_ROAD",
        "division": null,
        "ranges": [],
        "beats": [],
        "compartments": [],
        "surface": "UNKNOWN",
        "vehicleAccess": "UNKNOWN",
        "status": "OPEN",
        "totalLengthKm": 4918.634,
        "currentCondition": null,
        "lastVisitedAt": null,
        "lastVisitedBy": null,
        "lastVisit": null,
        "lastSubstantialPatrolAt": null,
        "lastFullPatrolAt": null
      },
      "geometry": {
        "type": "LineString",
        "coordinates": [
          [
            89.5510262299751,
            26.5475467658602
          ],
          [
            89.55132824581,
            26.5475891945038
          ],
          [
            89.5516650721866,
            26.5476500554943
          ],
          [
            89.5520043126843,
            26.5477674183171
          ],
          [
            89.552092236623,
            26.5478117451847
          ],
          [
            89.5521449445107,
            26.548111999099
          ],
          [
            89.5521664189907,
            26.5484864927466
          ],
          [
            89.5522289837487,
            26.5489922227371
          ],
          [
            89.5523170621734,
            26.5497869981784
          ],
          [
            89.5523458263197,
            26.5501830413245
          ],
          [
            89.5523057125653,
            26.5505246425393
          ],
          [
            89.5522574668387,
            26.5508106275882
          ],
          [
            89.5521970831663,
            26.5510465969396
          ],
          [
            89.552071323005,
            26.5513933987937
          ],
          [
            89.5519603951239,
            26.5518353439221
          ],
          [
            89.5518791452336,
            26.5521853896524
          ],
          [
            89.5517735470593,
            26.5525377550086
          ],
          [
            89.5516855204784,
            26.5528915444014
          ],
          [
            89.5515722186541,
            26.5532026645892
          ],
          [
            89.5514949495566,
            26.5534318045066
          ],
          [
            89.5513667239929,
            26.5537188137499
          ],
          [
            89.5513154233453,
            26.5539307217188
          ],
          [
            89.55125133664,
            26.5541862446952
          ],
          [
            89.5512253521752,
            26.5544310951951
          ],
          [
            89.5511331410339,
            26.5546702031443
          ],
          [
            89.5510302688534,
            26.5550410082156
          ],
          [
            89.550904279319,
            26.5553688548746
          ],
          [
            89.5507784855352,
            26.5558305374539
          ],
          [
            89.5506593128867,
            26.5562001529941
          ],
          [
            89.5505483152048,
            26.556561625415
          ],
          [
            89.5503490769294,
            26.557115047887
          ],
          [
            89.5501757515408,
            26.5576052639507
          ],
          [
            89.550134270845,
            26.5577456543842
          ],
          [
            89.5500640414263,
            26.5580234042899
          ],
          [
            89.5500062864212,
            26.55839874415
          ],
          [
            89.5499269339664,
            26.558841386921
          ],
          [
            89.549880275661,
            26.5591766851978
          ],
          [
            89.5497925290918,
            26.5596886033828
          ],
          [
            89.5497454162302,
            26.5600721876333
          ],
          [
            89.5497132168034,
            26.5602803121297
          ],
          [
            89.5497087356186,
            26.5604277477942
          ],
          [
            89.5497423350009,
            26.5614244058963
          ],
          [
            89.5497358462932,
            26.5619099370381
          ],
          [
            89.5497528836138,
            26.5623718251415
          ],
          [
            89.5497580338977,
            26.5625450910568
          ],
          [
            89.5497237818438,
            26.5629643701812
          ],
          [
            89.5497057831562,
            26.5636754885353
          ],
          [
            89.5496813721739,
            26.5642322550877
          ],
          [
            89.5496616972517,
            26.5649009339468
          ],
          [
            89.5496409305266,
            26.5653114711234
          ],
          [
            89.5496291458303,
            26.5660107549924
          ],
          [
            89.5495336520371,
            26.5673731124271
          ],
          [
            89.5494843874469,
            26.5684891872477
          ],
          [
            89.5494868519937,
            26.5691230708962
          ],
          [
            89.5494405731264,
            26.5702405570217
          ],
          [
            89.549364105918,
            26.5719768112341
          ],
          [
            89.5493257366606,
            26.5729860626857
          ],
          [
            89.5493490051335,
            26.5742548606979
          ],
          [
            89.5492649616891,
            26.5749586403184
          ],
          [
            89.549249787147,
            26.5766205130592
          ],
          [
            89.5491877999019,
            26.57877957285
          ],
          [
            89.5491498720237,
            26.5796625057428
          ],
          [
            89.5492109170721,
            26.5809137988979
          ],
          [
            89.5492265767214,
            26.5828809397679
          ],
          [
            89.5505696712648,
            26.5858598179137
          ],
          [
            89.5509033857139,
            26.586676694642
          ],
          [
            89.5511791791295,
            26.5880201698684
          ],
          [
            89.5514041123308,
            26.5891976820694
          ],
          [
            89.5515936429658,
            26.5897022937316
          ],
          [
            89.5517066838188,
            26.5900296104355
          ],
          [
            89.5518811698952,
            26.5903115236612
          ]
        ]
      }
    },
    {
      "type": "Feature",
      "id": "ROAD_BTR_037",
      "properties": {
        "assetId": "ROAD_BTR_037",
        "name": "18th mile rd.",
        "assetType": "FOREST_ROAD",
        "division": null,
        "ranges": [],
        "beats": [],
        "compartments": [],
        "surface": "UNKNOWN",
        "vehicleAccess": "UNKNOWN",
        "status": "OPEN",
        "totalLengthKm": 4348.511,
        "currentCondition": null,
        "lastVisitedAt": null,
        "lastVisitedBy": null,
        "lastVisit": null,
        "lastSubstantialPatrolAt": null,
        "lastFullPatrolAt": null
      },
      "geometry": {
        "type": "LineString",
        "coordinates": [
          [
            89.5497479649365,
            26.563016420682
          ],
          [
            89.5507345943554,
            26.5629390412621
          ],
          [
            89.5515675154025,
            26.5629040547342
          ],
          [
            89.5525705470404,
            26.5628211807018
          ],
          [
            89.5535303531275,
            26.5627453420634
          ],
          [
            89.5543826775403,
            26.5627242075195
          ],
          [
            89.5548974764891,
            26.562731757059
          ],
          [
            89.5553694120424,
            26.562723936096
          ],
          [
            89.5562136339841,
            26.5627014307821
          ],
          [
            89.5566159151995,
            26.5627406351267
          ],
          [
            89.5568404448802,
            26.562673681095
          ],
          [
            89.5571317738565,
            26.5625992254823
          ],
          [
            89.5575166741741,
            26.5626154123679
          ],
          [
            89.5577886881445,
            26.5626534707732
          ],
          [
            89.5586361072126,
            26.5627123989439
          ],
          [
            89.5592037852056,
            26.5627047988347
          ],
          [
            89.5597257930955,
            26.5626178421452
          ],
          [
            89.5600970044689,
            26.5625808200867
          ],
          [
            89.56051582018,
            26.5625201185929
          ],
          [
            89.5614212723358,
            26.5624568833145
          ],
          [
            89.5619353539524,
            26.5624170300864
          ],
          [
            89.5633889314853,
            26.5623618774487
          ],
          [
            89.5640321001863,
            26.562294152196
          ],
          [
            89.5653282053012,
            26.5622712944793
          ],
          [
            89.5657941837902,
            26.5622715464866
          ],
          [
            89.5665039114724,
            26.5622032924395
          ],
          [
            89.567425992967,
            26.5621664854942
          ],
          [
            89.5682180650038,
            26.562121243761
          ],
          [
            89.5689053205339,
            26.5620982884193
          ],
          [
            89.5692599484511,
            26.5620980838126
          ],
          [
            89.569411573436,
            26.562052445146
          ],
          [
            89.5697992941138,
            26.5620522268882
          ],
          [
            89.570314612598,
            26.5620747441726
          ],
          [
            89.5706262598848,
            26.5621124238713
          ],
          [
            89.571154528784,
            26.5621277589356
          ],
          [
            89.5713940696364,
            26.5620976644113
          ],
          [
            89.5717510520867,
            26.5620293754782
          ],
          [
            89.5721999863421,
            26.5619609723458
          ],
          [
            89.5725229952728,
            26.5619299866946
          ],
          [
            89.5731917637292,
            26.5618606793948
          ],
          [
            89.5740667046863,
            26.5618444977797
          ],
          [
            89.5746422311523,
            26.5618275381249
          ],
          [
            89.5755595262746,
            26.5617873863374
          ],
          [
            89.5766128065719,
            26.561748576886
          ],
          [
            89.5772907393678,
            26.5617033173058
          ],
          [
            89.5789049582654,
            26.5616292351481
          ],
          [
            89.5801394516619,
            26.5615614063558
          ],
          [
            89.5816728837375,
            26.5614935448513
          ],
          [
            89.5825475401182,
            26.5614312664849
          ],
          [
            89.5834239782221,
            26.5613745835492
          ],
          [
            89.5842273596806,
            26.5613405786627
          ],
          [
            89.5849520907562,
            26.5613235419498
          ],
          [
            89.5854969802066,
            26.5613234648003
          ],
          [
            89.5859769042897,
            26.5612667941751
          ],
          [
            89.5864344115692,
            26.5612500582901
          ],
          [
            89.5873123062615,
            26.5612168351452
          ],
          [
            89.5880086305115,
            26.5611719240072
          ],
          [
            89.5887932943742,
            26.561132187513
          ],
          [
            89.5897173889506,
            26.5611096327432
          ],
          [
            89.5902148620189,
            26.5610757438325
          ],
          [
            89.5905458159349,
            26.5610471447886
          ],
          [
            89.5906682770364,
            26.5610266944138
          ],
          [
            89.59075633827,
            26.5609083554487
          ],
          [
            89.5908385256033,
            26.5608181858529
          ],
          [
            89.5908716438508,
            26.5606432489718
          ],
          [
            89.590892324362,
            26.5604396968786
          ],
          [
            89.5908630078509,
            26.5601579825025
          ],
          [
            89.5908660489914,
            26.5599942388091
          ],
          [
            89.590888328249,
            26.559841228092
          ],
          [
            89.590890026924,
            26.5597559683446
          ],
          [
            89.5909888542657,
            26.5596247792318
          ],
          [
            89.5911180497813,
            26.5595276286901
          ],
          [
            89.5912798879643,
            26.5594073483273
          ],
          [
            89.5914591476426,
            26.5593166554123
          ],
          [
            89.5915569347984,
            26.5592257236532
          ],
          [
            89.5917253796798,
            26.5591803901447
          ],
          [
            89.5918099095044,
            26.5591462567496
          ]
        ]
      }
    },
    {
      "type": "Feature",
      "id": "ROAD_BTR_038",
      "properties": {
        "assetId": "ROAD_BTR_038",
        "name": "25th mile rd.",
        "assetType": "FOREST_ROAD",
        "division": null,
        "ranges": [],
        "beats": [],
        "compartments": [],
        "surface": "UNKNOWN",
        "vehicleAccess": "UNKNOWN",
        "status": "OPEN",
        "totalLengthKm": 13331.145,
        "currentCondition": null,
        "lastVisitedAt": null,
        "lastVisitedBy": null,
        "lastVisit": null,
        "lastSubstantialPatrolAt": null,
        "lastFullPatrolAt": null
      },
      "geometry": {
        "type": "LineString",
        "coordinates": [
          [
            89.6447737160001,
            26.6568827740001
          ],
          [
            89.6447267090001,
            26.6568956060001
          ],
          [
            89.6445954620002,
            26.656912961
          ],
          [
            89.6444700940001,
            26.6569302250001
          ],
          [
            89.6443703840002,
            26.6569875040001
          ],
          [
            89.6442661450002,
            26.6570181580001
          ],
          [
            89.6438718820002,
            26.6570518760001
          ],
          [
            89.6436425810001,
            26.6570639140002
          ],
          [
            89.6433536600001,
            26.6570679470001
          ],
          [
            89.643172676,
            26.6570677500001
          ],
          [
            89.6428965320001,
            26.657067361
          ],
          [
            89.6426998740002,
            26.6570765050001
          ],
          [
            89.6425569390001,
            26.6571075360001
          ],
          [
            89.642389158,
            26.6571298300001
          ],
          [
            89.6421867320001,
            26.657121333
          ],
          [
            89.641978001,
            26.6571482050001
          ],
          [
            89.6417212150001,
            26.657153215
          ],
          [
            89.6414346820001,
            26.657153385
          ],
          [
            89.6411885250001,
            26.6571574590002
          ],
          [
            89.6409531050002,
            26.6571745580001
          ],
          [
            89.6407461530001,
            26.657174533
          ],
          [
            89.6405351110002,
            26.6571659800001
          ],
          [
            89.6402732520001,
            26.6571839000002
          ],
          [
            89.6399367040001,
            26.6572063460001
          ],
          [
            89.6395903460001,
            26.657219753
          ],
          [
            89.6392655930001,
            26.6572146050001
          ],
          [
            89.638975592,
            26.6572095010001
          ],
          [
            89.6385506610001,
            26.6572431360001
          ],
          [
            89.6382689110001,
            26.657272716
          ],
          [
            89.6380688620001,
            26.657285276
          ],
          [
            89.6377559250001,
            26.6572934550001
          ],
          [
            89.6372573060002,
            26.6573019360002
          ],
          [
            89.6368166760001,
            26.6573195730001
          ],
          [
            89.6363201,
            26.6573345260002
          ],
          [
            89.635922898,
            26.6573461500001
          ],
          [
            89.6356174110001,
            26.6573501140001
          ],
          [
            89.635254516,
            26.657375562
          ],
          [
            89.6349399920001,
            26.65737551
          ],
          [
            89.6344645040002,
            26.657392712
          ],
          [
            89.6341361070001,
            26.6573983020002
          ],
          [
            89.6336422280002,
            26.6574114340002
          ],
          [
            89.6333029420002,
            26.6574106760001
          ],
          [
            89.6328147830002,
            26.6574355430001
          ],
          [
            89.6324363930001,
            26.6574562650001
          ],
          [
            89.6319925680001,
            26.6574854020001
          ],
          [
            89.6314684360001,
            26.6574923660001
          ],
          [
            89.631059049,
            26.6575042580002
          ],
          [
            89.6305207040002,
            26.6575462120001
          ],
          [
            89.6301595960002,
            26.657580553
          ],
          [
            89.6295676050001,
            26.6575855930001
          ],
          [
            89.6291230930001,
            26.6575866720001
          ],
          [
            89.6286046070002,
            26.657605166
          ],
          [
            89.6282596280001,
            26.6576103350002
          ],
          [
            89.6279845300001,
            26.6576196480001
          ],
          [
            89.6276165510001,
            26.6576167320001
          ],
          [
            89.627130127,
            26.6576583580002
          ],
          [
            89.6269058210002,
            26.6576502650001
          ],
          [
            89.6265933040001,
            26.6576771360001
          ],
          [
            89.6264076950001,
            26.6576992
          ],
          [
            89.6262534215002,
            26.6576685890002
          ],
          [
            89.626209363,
            26.657648522
          ],
          [
            89.6261040210001,
            26.657642841
          ],
          [
            89.6259186720001,
            26.657675043
          ],
          [
            89.6257817320001,
            26.657665578
          ],
          [
            89.6255130740001,
            26.6576920890002
          ],
          [
            89.6253803530002,
            26.6577015550001
          ],
          [
            89.6252371080002,
            26.657716694
          ],
          [
            89.6251023410001,
            26.657726155
          ],
          [
            89.6249886320001,
            26.6577244020001
          ],
          [
            89.6248076650001,
            26.657732206
          ],
          [
            89.624400138,
            26.6577459600001
          ],
          [
            89.6242301610001,
            26.6577348600001
          ],
          [
            89.62394955,
            26.6577559530002
          ],
          [
            89.6237017390001,
            26.6577345290002
          ],
          [
            89.623527617,
            26.657768176
          ],
          [
            89.6232457510002,
            26.657747613
          ],
          [
            89.6229911600001,
            26.6577742100001
          ],
          [
            89.6228334210002,
            26.6577764600002
          ],
          [
            89.622600429,
            26.6578125380001
          ],
          [
            89.6222338100002,
            26.6578335280001
          ],
          [
            89.6218082700001,
            26.6578369160002
          ],
          [
            89.6216553360001,
            26.6578611020001
          ],
          [
            89.6214972290001,
            26.6578609650001
          ],
          [
            89.6213607310002,
            26.6577822100001
          ],
          [
            89.6210882160001,
            26.6578644590001
          ],
          [
            89.6199404550001,
            26.657900173
          ],
          [
            89.6197503000001,
            26.657935652
          ],
          [
            89.61917909,
            26.6579350220001
          ],
          [
            89.6185287440001,
            26.6579680740001
          ],
          [
            89.6182601630001,
            26.6580429800002
          ],
          [
            89.6181424390002,
            26.657973443
          ],
          [
            89.6177730430002,
            26.657996677
          ],
          [
            89.6175708970001,
            26.6580665310001
          ],
          [
            89.617423022,
            26.6580163130002
          ],
          [
            89.617233135,
            26.657992128
          ],
          [
            89.6168306310001,
            26.6580089790001
          ],
          [
            89.6164147520001,
            26.6580820310001
          ],
          [
            89.616088403,
            26.65807105
          ],
          [
            89.615888188,
            26.658086616
          ],
          [
            89.6155502130001,
            26.658076259
          ],
          [
            89.6153913030001,
            26.658073901
          ],
          [
            89.6151270930001,
            26.6581090220001
          ],
          [
            89.6148576910002,
            26.6581109160001
          ],
          [
            89.6144156930002,
            26.6581203220002
          ],
          [
            89.6138025300002,
            26.6581724820001
          ],
          [
            89.6132542250002,
            26.6581536800001
          ],
          [
            89.6129134720001,
            26.6581923240001
          ],
          [
            89.6127299390001,
            26.6581928030001
          ],
          [
            89.6125323870002,
            26.6582151570001
          ],
          [
            89.6123682020001,
            26.6582079130001
          ],
          [
            89.6118872270001,
            26.6582260320001
          ],
          [
            89.6116152420002,
            26.6582618670001
          ],
          [
            89.6114665650001,
            26.6582562200001
          ],
          [
            89.6112030030001,
            26.658279236
          ],
          [
            89.6109603530001,
            26.6582755160001
          ],
          [
            89.6105692250001,
            26.6582980720002
          ],
          [
            89.6103823260001,
            26.6583283370001
          ],
          [
            89.6097058040001,
            26.6582905740001
          ],
          [
            89.6092861650001,
            26.6583174040002
          ],
          [
            89.6090010180001,
            26.6583391190001
          ],
          [
            89.6087550650001,
            26.6583405260001
          ],
          [
            89.6085506030002,
            26.658351527
          ],
          [
            89.6083442620001,
            26.6583757710001
          ],
          [
            89.6081693830001,
            26.6583975930001
          ],
          [
            89.6072095570001,
            26.658392047
          ],
          [
            89.6068028130002,
            26.65843175
          ],
          [
            89.6065601260001,
            26.658416436
          ],
          [
            89.6057521110001,
            26.6584732200001
          ],
          [
            89.6055284310001,
            26.6585044810001
          ],
          [
            89.6050497290001,
            26.658543014
          ],
          [
            89.6047115910002,
            26.658515596
          ],
          [
            89.6043244490001,
            26.65852826
          ],
          [
            89.6041384640001,
            26.658562664
          ],
          [
            89.6040344100002,
            26.6586156440001
          ],
          [
            89.6038832200001,
            26.658580479
          ],
          [
            89.6037276980001,
            26.6585911870002
          ],
          [
            89.6035965350001,
            26.6586185080002
          ],
          [
            89.6033131,
            26.658614302
          ],
          [
            89.6028450350001,
            26.6586503490001
          ],
          [
            89.60250201,
            26.6587518250001
          ],
          [
            89.60224434,
            26.658654235
          ],
          [
            89.601768521,
            26.6586742950001
          ],
          [
            89.6016352710002,
            26.6587054560001
          ],
          [
            89.6011885690002,
            26.658725802
          ],
          [
            89.600983876,
            26.658711012
          ],
          [
            89.6008227470001,
            26.658733125
          ],
          [
            89.6004016550001,
            26.6587301950001
          ],
          [
            89.5995376000001,
            26.6587545180001
          ],
          [
            89.5991973150001,
            26.658772315
          ],
          [
            89.598852853,
            26.6587811980002
          ],
          [
            89.598464715,
            26.658808869
          ],
          [
            89.598189044,
            26.6588124530002
          ],
          [
            89.5977460400002,
            26.6588197000002
          ],
          [
            89.597331179,
            26.6588502180002
          ],
          [
            89.5970407360001,
            26.6588693590001
          ],
          [
            89.5967628060002,
            26.658895586
          ],
          [
            89.5966756680001,
            26.6589059610001
          ],
          [
            89.5965806550001,
            26.6589123640002
          ],
          [
            89.5964961320001,
            26.6589057090001
          ],
          [
            89.596297464,
            26.6589154900001
          ],
          [
            89.596112922,
            26.6589154520001
          ],
          [
            89.5959358050001,
            26.6588955190001
          ],
          [
            89.5956364480001,
            26.6588953110001
          ],
          [
            89.595194693,
            26.6588857180001
          ],
          [
            89.594901276,
            26.6588992210001
          ],
          [
            89.5946021860001,
            26.6589091020001
          ],
          [
            89.5944099390001,
            26.6588926100001
          ],
          [
            89.5941141380001,
            26.658899127
          ],
          [
            89.5939664980001,
            26.6588957790001
          ],
          [
            89.5937777460001,
            26.6588991180001
          ],
          [
            89.5934891240002,
            26.6589057690001
          ],
          [
            89.5932783740002,
            26.6588990920001
          ],
          [
            89.5927835800001,
            26.6589058190001
          ],
          [
            89.5924396600001,
            26.6589262180001
          ],
          [
            89.5922645200001,
            26.658939705
          ],
          [
            89.5920199210001,
            26.6589400380001
          ],
          [
            89.5917985860002,
            26.6589665290001
          ],
          [
            89.5916291860001,
            26.658992923
          ],
          [
            89.5914447320002,
            26.6590061540001
          ],
          [
            89.5911897810001,
            26.6590224
          ],
          [
            89.5909594710001,
            26.6590518780002
          ],
          [
            89.590746525,
            26.6590617140001
          ],
          [
            89.5904515760001,
            26.659065088
          ],
          [
            89.5900563860001,
            26.6590816180001
          ],
          [
            89.5898203450001,
            26.6590816650001
          ],
          [
            89.5892729910001,
            26.6591046890002
          ],
          [
            89.5890089930002,
            26.6590686260001
          ],
          [
            89.5885051220001,
            26.6590719020001
          ],
          [
            89.588157085,
            26.6591048110002
          ],
          [
            89.5872221150001,
            26.6591412460001
          ],
          [
            89.5867902330001,
            26.6591744370001
          ],
          [
            89.5865402490002,
            26.6591745610001
          ],
          [
            89.5863271060001,
            26.6591514720001
          ],
          [
            89.5860393020002,
            26.6591782470001
          ],
          [
            89.5857273440001,
            26.659188425
          ],
          [
            89.5854849890001,
            26.6591885280001
          ],
          [
            89.5851305870001,
            26.659227017
          ],
          [
            89.5848037660001,
            26.6592304430001
          ],
          [
            89.5845490520002,
            26.6592071800001
          ],
          [
            89.5843365410001,
            26.6592071950001
          ],
          [
            89.5839708740001,
            26.659247222
          ],
          [
            89.5836618760001,
            26.6592638740001
          ],
          [
            89.5832650910001,
            26.6592443140001
          ],
          [
            89.5830931100002,
            26.6592643790001
          ],
          [
            89.5830706620001,
            26.6592643810001
          ],
          [
            89.5828834210001,
            26.6592811190001
          ],
          [
            89.5827003020001,
            26.6593279350002
          ],
          [
            89.58253984,
            26.659374776
          ],
          [
            89.5822096140001,
            26.659476199
          ],
          [
            89.5820122380001,
            26.6594927300001
          ],
          [
            89.5817137150001,
            26.6595091940002
          ],
          [
            89.5814287530002,
            26.6595427000001
          ],
          [
            89.5812113930002,
            26.659560213
          ],
          [
            89.5807841220001,
            26.6595902890001
          ],
          [
            89.5803034490002,
            26.6596173270001
          ],
          [
            89.5799771590002,
            26.6596274090001
          ],
          [
            89.5796981770002,
            26.659630757
          ],
          [
            89.5792756200001,
            26.6596655580001
          ],
          [
            89.578887105,
            26.6596849650001
          ],
          [
            89.5786932300001,
            26.659683714
          ],
          [
            89.5785630840002,
            26.6596659430001
          ],
          [
            89.5782764200001,
            26.659664859
          ],
          [
            89.5780278330002,
            26.659644504
          ],
          [
            89.5778726290001,
            26.6596818340001
          ],
          [
            89.5775408810001,
            26.6597323490001
          ],
          [
            89.5773263630001,
            26.659748895
          ],
          [
            89.576866217,
            26.6597787460001
          ],
          [
            89.5766053500002,
            26.6597956890002
          ],
          [
            89.5761706750002,
            26.6598129930002
          ],
          [
            89.5755754970002,
            26.659841155
          ],
          [
            89.5751955310001,
            26.6598545850001
          ],
          [
            89.5746583610001,
            26.659850556
          ],
          [
            89.574281683,
            26.6598636900002
          ],
          [
            89.5739423400001,
            26.659874254
          ],
          [
            89.5735956620002,
            26.6598942580001
          ],
          [
            89.5733235760001,
            26.6599335900001
          ],
          [
            89.5731054110002,
            26.6599461060001
          ],
          [
            89.5728326720001,
            26.6599620250001
          ],
          [
            89.5725637500001,
            26.6599641150001
          ],
          [
            89.5722104980002,
            26.6599839670001
          ],
          [
            89.571966672,
            26.6599819230001
          ],
          [
            89.571803947,
            26.6599407190001
          ],
          [
            89.5715224610001,
            26.6599688830001
          ],
          [
            89.5713683110002,
            26.6599730500002
          ],
          [
            89.5706240410001,
            26.6600283580001
          ],
          [
            89.5701898980001,
            26.6600456390001
          ],
          [
            89.5698087740002,
            26.660059334
          ],
          [
            89.5694771880001,
            26.6600843140001
          ],
          [
            89.569197559,
            26.6600966000001
          ],
          [
            89.5690230070001,
            26.660091358
          ],
          [
            89.5689408530001,
            26.66009152
          ],
          [
            89.568656975,
            26.660111509
          ],
          [
            89.5684607210001,
            26.6601273130001
          ],
          [
            89.567896745,
            26.6601625610002
          ],
          [
            89.5670677100001,
            26.6601808550001
          ],
          [
            89.5666866630001,
            26.660170794
          ],
          [
            89.5662806490001,
            26.6602088080002
          ],
          [
            89.5655983180002,
            26.6602237330001
          ],
          [
            89.5650780180001,
            26.660251225
          ],
          [
            89.5643525890001,
            26.6602595020001
          ],
          [
            89.5635394290001,
            26.6602906290001
          ],
          [
            89.5628162080002,
            26.660311687
          ],
          [
            89.5621213650002,
            26.6603903100001
          ],
          [
            89.5609573710001,
            26.6604605190001
          ],
          [
            89.5602439900002,
            26.6604649610001
          ],
          [
            89.5593117290001,
            26.6604942870001
          ],
          [
            89.5581678170001,
            26.660553468
          ],
          [
            89.557318008,
            26.6605706450002
          ],
          [
            89.5565615840001,
            26.6606233100002
          ],
          [
            89.5561190350001,
            26.6606312280001
          ],
          [
            89.5557518090002,
            26.6606667850001
          ],
          [
            89.5551944310001,
            26.6606873620001
          ],
          [
            89.5549420790002,
            26.6607309370001
          ],
          [
            89.5545781720002,
            26.6607512500001
          ],
          [
            89.5536401210001,
            26.6607743650001
          ],
          [
            89.5532222840001,
            26.6608067940001
          ],
          [
            89.5529163080001,
            26.6608232750001
          ],
          [
            89.552554995,
            26.6608507650001
          ],
          [
            89.5520832440001,
            26.6608660550001
          ],
          [
            89.5513917900001,
            26.6608611800002
          ],
          [
            89.5509293490002,
            26.6608732700001
          ],
          [
            89.5507422420001,
            26.660865657
          ],
          [
            89.5504255420001,
            26.660845711
          ],
          [
            89.5500162290001,
            26.6608414800001
          ],
          [
            89.5490815360001,
            26.6609236460001
          ],
          [
            89.5482603600002,
            26.6609523340001
          ],
          [
            89.5476165300001,
            26.6609821370001
          ],
          [
            89.5468338720001,
            26.661034967
          ],
          [
            89.5457625100001,
            26.6610236810002
          ],
          [
            89.544890669,
            26.661100316
          ],
          [
            89.5441826260002,
            26.6610852570001
          ],
          [
            89.5431404750001,
            26.6611859020002
          ],
          [
            89.541755072,
            26.6612403880001
          ],
          [
            89.5410429430001,
            26.6613459280001
          ],
          [
            89.5399062070001,
            26.6614061340001
          ],
          [
            89.539189662,
            26.6614444600001
          ],
          [
            89.538441779,
            26.6614886240002
          ],
          [
            89.5376994530001,
            26.6615266560001
          ],
          [
            89.536450422,
            26.6616185860001
          ],
          [
            89.5357231860001,
            26.6616259670001
          ],
          [
            89.53525654,
            26.6616497010001
          ],
          [
            89.5345007480002,
            26.6617039020001
          ],
          [
            89.5337068110002,
            26.6617574960001
          ],
          [
            89.5329048790001,
            26.6618105610001
          ],
          [
            89.5320459140002,
            26.661825806
          ],
          [
            89.5316197980001,
            26.6618258630001
          ],
          [
            89.5311315300002,
            26.6618640460002
          ],
          [
            89.5304620630001,
            26.6619095270001
          ],
          [
            89.5295549540001,
            26.6619626600001
          ],
          [
            89.5288852420001,
            26.6620007600001
          ],
          [
            89.5282724750001,
            26.6619855720001
          ],
          [
            89.5277004920001,
            26.6619702900001
          ],
          [
            89.5264774880002,
            26.6619095210001
          ],
          [
            89.5259845020001,
            26.6618943250001
          ],
          [
            89.5255465470001,
            26.6618734910001
          ],
          [
            89.5249606220001,
            26.6618777
          ],
          [
            89.5244269350001,
            26.661846155
          ],
          [
            89.5239890940002,
            26.6618458840001
          ],
          [
            89.523354088,
            26.6618697050002
          ],
          [
            89.5225878140001,
            26.6619284990001
          ],
          [
            89.5219753310001,
            26.6619288000002
          ],
          [
            89.5213213290002,
            26.6618721990002
          ],
          [
            89.521014693,
            26.6618492510001
          ],
          [
            89.5209821170001,
            26.6618546130002
          ],
          [
            89.5208521400002,
            26.6618602270001
          ],
          [
            89.520666164,
            26.6619013380001
          ],
          [
            89.5206427300001,
            26.6619091820002
          ],
          [
            89.5206339380001,
            26.661911796
          ],
          [
            89.5205016900001,
            26.6619118070001
          ],
          [
            89.520325158,
            26.6618804520001
          ],
          [
            89.5201223960001,
            26.6618621370001
          ],
          [
            89.5199928000001,
            26.6618280530001
          ],
          [
            89.5197636810001,
            26.6618280650001
          ],
          [
            89.5194140470001,
            26.6618202730002
          ],
          [
            89.518877478,
            26.6618072820001
          ],
          [
            89.5185762340001,
            26.6618065790001
          ],
          [
            89.5180229730001,
            26.6618177180001
          ],
          [
            89.5175824010001,
            26.661812565
          ],
          [
            89.5170713420001,
            26.6618428990001
          ],
          [
            89.5169502520001,
            26.6618247710002
          ],
          [
            89.5166737980001,
            26.6618202550002
          ],
          [
            89.516369415,
            26.661819706
          ],
          [
            89.5158128090002,
            26.6618239210001
          ],
          [
            89.515521125,
            26.6618291670002
          ],
          [
            89.514942234,
            26.6618584150002
          ],
          [
            89.5146743090002,
            26.6618623160002
          ],
          [
            89.5142528920002,
            26.66188393
          ],
          [
            89.514009877,
            26.6618986400002
          ],
          [
            89.5138403760001,
            26.6619055170001
          ],
          [
            89.5135202550001,
            26.6618980620001
          ],
          [
            89.5134608860002,
            26.6619005800002
          ],
          [
            89.5133956060001,
            26.6619057180001
          ],
          [
            89.5132853860001,
            26.6619055210001
          ],
          [
            89.5131871830002,
            26.6619132430001
          ],
          [
            89.5131036880001,
            26.661910348
          ],
          [
            89.5130200340001,
            26.6619293850001
          ],
          [
            89.5129468560001,
            26.6619290750001
          ],
          [
            89.5128302360001,
            26.6619285810001
          ],
          [
            89.512706741,
            26.6619398780001
          ],
          [
            89.5125272880001,
            26.6619370050001
          ],
          [
            89.5123741710001,
            26.661945359
          ],
          [
            89.5122410200001,
            26.661947523
          ],
          [
            89.5121542510002,
            26.6619559540001
          ],
          [
            89.5120337480001,
            26.6619701970001
          ],
          [
            89.5118722610001,
            26.6619725250002
          ],
          [
            89.511710251,
            26.6619896450002
          ],
          [
            89.5114860090001,
            26.6620091660001
          ],
          [
            89.5112158610002,
            26.6620199600001
          ]
        ]
      }
    },
    {
      "type": "Feature",
      "id": "ROAD_BTR_039",
      "properties": {
        "assetId": "ROAD_BTR_039",
        "name": "24th mile",
        "assetType": "FOREST_ROAD",
        "division": null,
        "ranges": [],
        "beats": [],
        "compartments": [],
        "surface": "UNKNOWN",
        "vehicleAccess": "UNKNOWN",
        "status": "OPEN",
        "totalLengthKm": 7199.954,
        "currentCondition": null,
        "lastVisitedAt": null,
        "lastVisitedBy": null,
        "lastVisit": null,
        "lastSubstantialPatrolAt": null,
        "lastFullPatrolAt": null
      },
      "geometry": {
        "type": "LineString",
        "coordinates": [
          [
            89.5836609694513,
            26.6444274113293
          ],
          [
            89.5837830200576,
            26.6444302751795
          ],
          [
            89.583946955988,
            26.6444350015587
          ],
          [
            89.584042144656,
            26.6444397279944
          ],
          [
            89.5841108920156,
            26.6444397277867
          ],
          [
            89.584190215897,
            26.6444468175008
          ],
          [
            89.5842986253541,
            26.6444468171916
          ],
          [
            89.5844086246005,
            26.6444397269065
          ],
          [
            89.5845489888044,
            26.6444301470287
          ],
          [
            89.584670784291,
            26.6444301170042
          ],
          [
            89.5847664135606,
            26.6444206447085
          ],
          [
            89.5848723021978,
            26.644406434411
          ],
          [
            89.5849993753562,
            26.6443969588499
          ],
          [
            89.5851281782735,
            26.6443922203235
          ],
          [
            89.5852790606304,
            26.6443874964238
          ],
          [
            89.5854270604935,
            26.6443924058442
          ],
          [
            89.5855457888574,
            26.6444020033482
          ],
          [
            89.5856301170879,
            26.6444068235436
          ],
          [
            89.5858090572034,
            26.6444093772003
          ],
          [
            89.585885581334,
            26.644407099023
          ],
          [
            89.5859593174448,
            26.6443812173256
          ],
          [
            89.586107138319,
            26.6443387272534
          ],
          [
            89.5861995216015,
            26.6443221969497
          ],
          [
            89.586307650012,
            26.6443269181337
          ],
          [
            89.5865375617924,
            26.644305659483
          ],
          [
            89.5865903486036,
            26.6442962104266
          ],
          [
            89.5867201664359,
            26.6443006571009
          ],
          [
            89.5868773260541,
            26.6443024864417
          ],
          [
            89.5870082880939,
            26.6443020403809
          ],
          [
            89.5872178039368,
            26.6442666148306
          ],
          [
            89.5873113612634,
            26.6442664284433
          ],
          [
            89.5874877107797,
            26.6442519455005
          ],
          [
            89.5876241542135,
            26.6442517963582
          ],
          [
            89.5877762927551,
            26.6442136291216
          ],
          [
            89.5880021114898,
            26.6442160047919
          ],
          [
            89.5882286318312,
            26.6442088517773
          ],
          [
            89.5887202560487,
            26.6441713979702
          ],
          [
            89.5889741966178,
            26.6441457211534
          ],
          [
            89.5891346751325,
            26.6441365198064
          ],
          [
            89.5893856356802,
            26.6441298562532
          ],
          [
            89.5896469739732,
            26.6440936187308
          ],
          [
            89.5897495512819,
            26.6440906256848
          ],
          [
            89.5898712963818,
            26.6440755820327
          ],
          [
            89.5900724308655,
            26.6440671415591
          ],
          [
            89.5902408227557,
            26.6440719126215
          ],
          [
            89.5904974701305,
            26.6440467048799
          ],
          [
            89.5908917845476,
            26.6440182041837
          ],
          [
            89.5911162460868,
            26.6439823775525
          ],
          [
            89.5913319869111,
            26.6439340180011
          ],
          [
            89.5915809888929,
            26.6439206659407
          ],
          [
            89.5917393850856,
            26.6438911858384
          ],
          [
            89.5918566633097,
            26.6438936317839
          ],
          [
            89.5921023576976,
            26.6438642437033
          ],
          [
            89.5924490053085,
            26.6438775937428
          ],
          [
            89.5927252961837,
            26.6438735793492
          ],
          [
            89.5930124307513,
            26.6438534370644
          ],
          [
            89.5931792891463,
            26.6438376451214
          ],
          [
            89.5934552749544,
            26.6438538858737
          ],
          [
            89.5937341975473,
            26.6438496599805
          ],
          [
            89.5938687758347,
            26.6438629835976
          ],
          [
            89.5940948697561,
            26.6439310662104
          ],
          [
            89.5942091816543,
            26.6439483734492
          ],
          [
            89.5944749303114,
            26.6439070373264
          ],
          [
            89.5948575791103,
            26.643870472387
          ],
          [
            89.5953261501713,
            26.6438165800093
          ],
          [
            89.5957527377743,
            26.6437741057458
          ],
          [
            89.5980533338172,
            26.6435501734335
          ],
          [
            89.6001646882363,
            26.643363993289
          ],
          [
            89.6019736303038,
            26.6432397905244
          ],
          [
            89.6039088682747,
            26.64316954325
          ],
          [
            89.6050801878671,
            26.6431230299612
          ],
          [
            89.6053372221689,
            26.6431000858841
          ],
          [
            89.6070374644774,
            26.6429788547093
          ],
          [
            89.609117307587,
            26.6427804069838
          ],
          [
            89.6095249228202,
            26.6427469649556
          ],
          [
            89.6098684684478,
            26.6426941957729
          ],
          [
            89.6103460776752,
            26.642755825953
          ],
          [
            89.6123962956234,
            26.6426109314472
          ],
          [
            89.6149649288899,
            26.6424873212574
          ],
          [
            89.6154309669104,
            26.6424625986295
          ],
          [
            89.6165701018616,
            26.6423619794912
          ],
          [
            89.6185150550401,
            26.6420612686715
          ],
          [
            89.6201899081665,
            26.6417846244064
          ],
          [
            89.6205634048044,
            26.641772172406
          ],
          [
            89.6208797485806,
            26.6416868888537
          ],
          [
            89.6228102852179,
            26.6415751227286
          ],
          [
            89.6235246053056,
            26.6414597925898
          ],
          [
            89.6237590773237,
            26.6414467454737
          ],
          [
            89.6239294354791,
            26.6414422491306
          ],
          [
            89.6251470220498,
            26.6413747443211
          ],
          [
            89.6273399526867,
            26.6411451310534
          ],
          [
            89.6275198859012,
            26.6411451192479
          ],
          [
            89.6283744371957,
            26.6410469370108
          ],
          [
            89.6287485784549,
            26.6410520423723
          ],
          [
            89.629612381832,
            26.640885260649
          ],
          [
            89.6299732298459,
            26.640840475378
          ],
          [
            89.6301127337254,
            26.6408008912874
          ],
          [
            89.6316396231094,
            26.6407625903051
          ],
          [
            89.6326305936949,
            26.6405925207979
          ],
          [
            89.6328403404923,
            26.6406850910726
          ],
          [
            89.6339567322457,
            26.6405608244831
          ],
          [
            89.6343459480768,
            26.6405982979212
          ],
          [
            89.6346077575831,
            26.6405257870627
          ],
          [
            89.6347744390301,
            26.6405216945018
          ],
          [
            89.6353785485168,
            26.6404579104096
          ],
          [
            89.6356277453148,
            26.6404445220153
          ],
          [
            89.6359896471029,
            26.6403764756879
          ],
          [
            89.6369169643634,
            26.6402624175796
          ],
          [
            89.637526480033,
            26.6403260786773
          ],
          [
            89.6396642603367,
            26.6402524679331
          ],
          [
            89.6399840802737,
            26.6401110495751
          ],
          [
            89.6401177479428,
            26.6401287690594
          ],
          [
            89.640840645031,
            26.6400983044412
          ],
          [
            89.6411691850226,
            26.6399906828135
          ],
          [
            89.6418154912264,
            26.6399409907655
          ],
          [
            89.6422157285998,
            26.6398598824315
          ],
          [
            89.6425491455681,
            26.6398440613703
          ],
          [
            89.6428377570936,
            26.6398456335595
          ],
          [
            89.6429663735428,
            26.6398465407493
          ],
          [
            89.6432701177066,
            26.6398467062259
          ],
          [
            89.6435539235508,
            26.6398217454671
          ],
          [
            89.6441805592155,
            26.6397031648804
          ],
          [
            89.6444389064663,
            26.6397374078113
          ],
          [
            89.6445809438449,
            26.6397718455934
          ],
          [
            89.6448478714318,
            26.6398212550047
          ],
          [
            89.6450640235031,
            26.6399461799154
          ],
          [
            89.6453166722768,
            26.6401756376076
          ],
          [
            89.6458097396386,
            26.6404946745791
          ],
          [
            89.6460286412221,
            26.640586456773
          ],
          [
            89.6462662983609,
            26.6406252028469
          ],
          [
            89.6465544393801,
            26.6405314812697
          ],
          [
            89.6467769022347,
            26.640417960829
          ],
          [
            89.6468887927058,
            26.6404028956956
          ],
          [
            89.6472462491118,
            26.6403389818058
          ],
          [
            89.6472791488588,
            26.6403243180173
          ],
          [
            89.647503737331,
            26.6402659554552
          ],
          [
            89.6475310993002,
            26.6402611206435
          ],
          [
            89.6475529844935,
            26.6402611809034
          ],
          [
            89.6479135508809,
            26.640262175534
          ],
          [
            89.6479190062002,
            26.6402621908198
          ],
          [
            89.6483066168562,
            26.6402139292204
          ],
          [
            89.6483230547047,
            26.6402139286068
          ],
          [
            89.6487355011524,
            26.6401888924101
          ],
          [
            89.6494692840146,
            26.639907864197
          ],
          [
            89.6498702112964,
            26.6397959731956
          ],
          [
            89.6500832625447,
            26.639669469601
          ],
          [
            89.650360788094,
            26.6395314838765
          ],
          [
            89.6507673062448,
            26.6394488373157
          ],
          [
            89.6510432374081,
            26.6393628119297
          ],
          [
            89.6512232630008,
            26.6392225287905
          ],
          [
            89.6515913570268,
            26.6391327756636
          ],
          [
            89.6521759568935,
            26.6390654214102
          ],
          [
            89.6524673175958,
            26.6390228074232
          ],
          [
            89.6528487111293,
            26.6390190708877
          ],
          [
            89.6528817698121,
            26.6390192218384
          ],
          [
            89.6528982962979,
            26.6390192966869
          ],
          [
            89.6532175005624,
            26.6390058259304
          ],
          [
            89.6532395726723,
            26.6390058762864
          ],
          [
            89.653498959125,
            26.6389667649333
          ],
          [
            89.6535210083648,
            26.6389668169301
          ],
          [
            89.6537469049754,
            26.6389673472629
          ],
          [
            89.6537799459505,
            26.6389674246124
          ],
          [
            89.6540331217976,
            26.6389680207308
          ],
          [
            89.6540496252583,
            26.6389680591392
          ],
          [
            89.6543193637288,
            26.6389141799671
          ],
          [
            89.6543248595902,
            26.6389141936757
          ],
          [
            89.654544452915,
            26.6389147788334
          ],
          [
            89.6547466857977,
            26.6389353200678
          ],
          [
            89.6549346792172,
            26.6389747620217
          ]
        ]
      }
    },
    {
      "type": "Feature",
      "id": "ROAD_BTR_040",
      "properties": {
        "assetId": "ROAD_BTR_040",
        "name": "Vital rd.",
        "assetType": "FOREST_ROAD",
        "division": null,
        "ranges": [],
        "beats": [],
        "compartments": [],
        "surface": "UNKNOWN",
        "vehicleAccess": "UNKNOWN",
        "status": "OPEN",
        "totalLengthKm": 1717.084,
        "currentCondition": null,
        "lastVisitedAt": null,
        "lastVisitedBy": null,
        "lastVisit": null,
        "lastSubstantialPatrolAt": null,
        "lastFullPatrolAt": null
      },
      "geometry": {
        "type": "LineString",
        "coordinates": [
          [
            89.5846930552644,
            26.6159816569516
          ],
          [
            89.5846212740629,
            26.6160473915225
          ],
          [
            89.5846262603012,
            26.6162608887621
          ],
          [
            89.5846399455005,
            26.616438650542
          ],
          [
            89.5846051877154,
            26.6165598171378
          ],
          [
            89.5845592197031,
            26.6166577038902
          ],
          [
            89.5844854056307,
            26.6167577103695
          ],
          [
            89.584419371623,
            26.6168090427285
          ],
          [
            89.584310516404,
            26.6168908846839
          ],
          [
            89.5841963351726,
            26.6169903511146
          ],
          [
            89.5841223387542,
            26.6170487975243
          ],
          [
            89.5840712104952,
            26.6171226213321
          ],
          [
            89.5840040777847,
            26.6172284268304
          ],
          [
            89.583962230967,
            26.6173081182723
          ],
          [
            89.5838568911544,
            26.6174585122673
          ],
          [
            89.5837888874244,
            26.617611239956
          ],
          [
            89.5836863911494,
            26.6177894852482
          ],
          [
            89.5836440852114,
            26.6179037536349
          ],
          [
            89.5835736872773,
            26.6180150744317
          ],
          [
            89.5835403148775,
            26.6181389612257
          ],
          [
            89.5835374932225,
            26.6182837783718
          ],
          [
            89.5835147530721,
            26.6183777842203
          ],
          [
            89.5834522266219,
            26.6184514630585
          ],
          [
            89.5833755542194,
            26.6185047788322
          ],
          [
            89.583282621127,
            26.6185652476338
          ],
          [
            89.5832542397011,
            26.6186275955086
          ],
          [
            89.5832004214524,
            26.6188126333043
          ],
          [
            89.5831667196108,
            26.6190172879781
          ],
          [
            89.5831387827892,
            26.619178368747
          ],
          [
            89.5831399373841,
            26.6192819553215
          ],
          [
            89.5831540788487,
            26.6194081221598
          ],
          [
            89.5831682052687,
            26.6195391917763
          ],
          [
            89.5831681985484,
            26.6196725189679
          ],
          [
            89.5831754500438,
            26.6197421739704
          ],
          [
            89.5832262636322,
            26.6198910206378
          ],
          [
            89.5832882340586,
            26.6201387931402
          ],
          [
            89.5833136359575,
            26.6202857926474
          ],
          [
            89.5833419196838,
            26.6203848254067
          ],
          [
            89.5833702396535,
            26.6204560374824
          ],
          [
            89.5833844212099,
            26.620554693208
          ],
          [
            89.5834183725394,
            26.6206483471235
          ],
          [
            89.5834663483157,
            26.6207973557955
          ],
          [
            89.5834776166711,
            26.620900909237
          ],
          [
            89.5835115078588,
            26.6210714231929
          ],
          [
            89.5835312716898,
            26.6211800720536
          ],
          [
            89.5835792591328,
            26.621298752421
          ],
          [
            89.5836244014812,
            26.621407275901
          ],
          [
            89.5836328605883,
            26.6214799593372
          ],
          [
            89.5836666972468,
            26.62161886357
          ],
          [
            89.5837004549191,
            26.6217753544971
          ],
          [
            89.5837340417921,
            26.6219139422116
          ],
          [
            89.5837257522032,
            26.6220402775037
          ],
          [
            89.5837437728147,
            26.6221718594507
          ],
          [
            89.5837721177998,
            26.622278048123
          ],
          [
            89.5837808163824,
            26.6225110649225
          ],
          [
            89.5837919901444,
            26.6226902503875
          ],
          [
            89.5838143924518,
            26.6227931852792
          ],
          [
            89.5838083198973,
            26.6229697173115
          ],
          [
            89.5838024781083,
            26.6230552712377
          ],
          [
            89.5838219387076,
            26.6231682952139
          ],
          [
            89.5838778551439,
            26.6233187016719
          ],
          [
            89.5839366503225,
            26.6234515092065
          ],
          [
            89.5839840086369,
            26.6236320054229
          ],
          [
            89.5840173753483,
            26.6237623903198
          ],
          [
            89.584053598488,
            26.6238525499451
          ],
          [
            89.5840981899547,
            26.6239426219374
          ],
          [
            89.584149966061,
            26.6240583843103
          ],
          [
            89.5841975672452,
            26.6242085955985
          ],
          [
            89.5842451679584,
            26.6243738282369
          ],
          [
            89.5843123728379,
            26.6247033403239
          ],
          [
            89.5843517037041,
            26.6249466887787
          ],
          [
            89.5843770484208,
            26.6251126329988
          ],
          [
            89.5843883753226,
            26.6252561880683
          ],
          [
            89.5844193702314,
            26.6253658927334
          ],
          [
            89.5844698304592,
            26.625478852225
          ],
          [
            89.5845146429082,
            26.6255716268856
          ],
          [
            89.584581829869,
            26.6256818331174
          ],
          [
            89.5846265836659,
            26.6257518962628
          ],
          [
            89.5846880383005,
            26.6258593900042
          ],
          [
            89.5847298352534,
            26.6259567759791
          ],
          [
            89.5847856706194,
            26.6260266317614
          ],
          [
            89.5848241994571,
            26.62614942717
          ],
          [
            89.5848206461495,
            26.6262715185082
          ],
          [
            89.5847976413248,
            26.6264906392036
          ],
          [
            89.5847720946457,
            26.6266671519153
          ],
          [
            89.5847635512568,
            26.626739157313
          ],
          [
            89.5847579871647,
            26.6268181668727
          ],
          [
            89.584752285367,
            26.6269627376423
          ],
          [
            89.5847350683495,
            26.6271495862741
          ],
          [
            89.584731784839,
            26.6273385392739
          ],
          [
            89.584731509177,
            26.6274427941137
          ],
          [
            89.5847031568683,
            26.6276087160584
          ],
          [
            89.5846832572512,
            26.6276974742851
          ],
          [
            89.5846438520799,
            26.6278130177917
          ],
          [
            89.5846074392113,
            26.62790126285
          ],
          [
            89.5845823686514,
            26.6279379287508
          ],
          [
            89.5845517307029,
            26.6279924238407
          ],
          [
            89.5844852339331,
            26.6280592153867
          ],
          [
            89.5843968773689,
            26.6281505072387
          ],
          [
            89.584341695941,
            26.6282368252564
          ],
          [
            89.5843030665101,
            26.6283552051932
          ],
          [
            89.5842644354844,
            26.6285105792983
          ],
          [
            89.5842092520959,
            26.6286363576473
          ],
          [
            89.584156827473,
            26.6287621363139
          ],
          [
            89.5841071132181,
            26.6288610084527
          ],
          [
            89.5840600861796,
            26.6289601034058
          ],
          [
            89.5840212802524,
            26.6290402497431
          ],
          [
            89.5839384848031,
            26.6291709614222
          ],
          [
            89.5838419367263,
            26.6293016208214
          ],
          [
            89.5837207309895,
            26.6294320309604
          ],
          [
            89.5836135574743,
            26.6295178070502
          ],
          [
            89.5835201495451,
            26.6296012052895
          ],
          [
            89.5834323239989,
            26.6296722393621
          ],
          [
            89.583334078776,
            26.6297352735033
          ],
          [
            89.5832840809652,
            26.629776048534
          ],
          [
            89.5831911815059,
            26.629847135413
          ],
          [
            89.5831036931831,
            26.6299598030504
          ],
          [
            89.583035027985,
            26.6300848527981
          ],
          [
            89.5830071878629,
            26.6301611285979
          ],
          [
            89.5829765676773,
            26.6302301469739
          ],
          [
            89.5829737108184,
            26.6302572383724
          ]
        ]
      }
    },
    {
      "type": "Feature",
      "id": "ROAD_BTR_041",
      "properties": {
        "assetId": "ROAD_BTR_041",
        "name": "Paidal Path",
        "assetType": "FOREST_ROAD",
        "division": null,
        "ranges": [],
        "beats": [],
        "compartments": [],
        "surface": "UNKNOWN",
        "vehicleAccess": "UNKNOWN",
        "status": "OPEN",
        "totalLengthKm": 3225.004,
        "currentCondition": null,
        "lastVisitedAt": null,
        "lastVisitedBy": null,
        "lastVisit": null,
        "lastSubstantialPatrolAt": null,
        "lastFullPatrolAt": null
      },
      "geometry": {
        "type": "LineString",
        "coordinates": [
          [
            89.582107618743,
            26.6303671411596
          ],
          [
            89.582145097799,
            26.6308298574737
          ],
          [
            89.5821514834214,
            26.6313069957072
          ],
          [
            89.5822237128509,
            26.6317991258389
          ],
          [
            89.5822784139906,
            26.6322578573941
          ],
          [
            89.5823157829868,
            26.6326594832666
          ],
          [
            89.5823344568137,
            26.632992437837
          ],
          [
            89.5823438003782,
            26.6332602442971
          ],
          [
            89.582390154156,
            26.6336364581311
          ],
          [
            89.5824369605048,
            26.6338958343578
          ],
          [
            89.5824837498325,
            26.6342639590966
          ],
          [
            89.5825106203799,
            26.6345050138028
          ],
          [
            89.5825933112547,
            26.6348697595283
          ],
          [
            89.5826675319151,
            26.6353872086984
          ],
          [
            89.5827056142222,
            26.6356468494219
          ],
          [
            89.5827428964019,
            26.6359057245005
          ],
          [
            89.5827790687814,
            26.6362735134143
          ],
          [
            89.582817171867,
            26.636649669939
          ],
          [
            89.5828359322688,
            26.636950403339
          ],
          [
            89.5829122122354,
            26.637394473733
          ],
          [
            89.5830159737874,
            26.6378615801281
          ],
          [
            89.5829971349427,
            26.6381876292128
          ],
          [
            89.5830807639935,
            26.6386053442174
          ],
          [
            89.5830791850983,
            26.6390220508307
          ],
          [
            89.583153593658,
            26.6393391588695
          ],
          [
            89.5831991851101,
            26.6397639220109
          ],
          [
            89.5832612614658,
            26.6402174547779
          ],
          [
            89.583257808124,
            26.6406404579389
          ],
          [
            89.5833108243579,
            26.6410129083639
          ],
          [
            89.5833928740182,
            26.6413440917962
          ],
          [
            89.5834101646821,
            26.6416616965404
          ],
          [
            89.5834653714644,
            26.6420850331946
          ],
          [
            89.5835212306541,
            26.6425502015335
          ],
          [
            89.583536417041,
            26.6430039896366
          ],
          [
            89.5835818248437,
            26.6435104880515
          ],
          [
            89.5835911121866,
            26.643809019943
          ],
          [
            89.5836282336428,
            26.6441075519292
          ],
          [
            89.5836560788313,
            26.6444226705622
          ],
          [
            89.583670336612,
            26.6447256203087
          ],
          [
            89.5836889006384,
            26.645040734739
          ],
          [
            89.5837447237398,
            26.6454972567552
          ],
          [
            89.5837632747055,
            26.6458206802857
          ],
          [
            89.583791713848,
            26.6461962158807
          ],
          [
            89.5838110692447,
            26.6464366987146
          ],
          [
            89.583829658419,
            26.6468024164413
          ],
          [
            89.5838559492856,
            26.6471595289233
          ],
          [
            89.5838547806652,
            26.6474904692791
          ],
          [
            89.5839003375936,
            26.6478208128018
          ],
          [
            89.5839181804343,
            26.6481506423724
          ],
          [
            89.5839822899275,
            26.648603936129
          ],
          [
            89.5839912520302,
            26.6489005475859
          ],
          [
            89.5840189281927,
            26.6492306082804
          ],
          [
            89.5840556436025,
            26.6495188479101
          ],
          [
            89.5840739890015,
            26.6497874769668
          ],
          [
            89.5841016070064,
            26.6501752239648
          ],
          [
            89.584165117612,
            26.650628238515
          ],
          [
            89.5841746586082,
            26.6510076128998
          ],
          [
            89.5841750064817,
            26.651164626901
          ],
          [
            89.5842124608178,
            26.6514374803067
          ],
          [
            89.5842125056884,
            26.6516602902857
          ],
          [
            89.5842127112434,
            26.6518916555935
          ],
          [
            89.5842407261129,
            26.6522256591865
          ],
          [
            89.5842218296066,
            26.6525967273554
          ],
          [
            89.5842580627665,
            26.6530084262724
          ],
          [
            89.5842749663842,
            26.6533524368284
          ],
          [
            89.5842740554515,
            26.6536883986927
          ],
          [
            89.5843016786275,
            26.6540318261355
          ],
          [
            89.5843205622615,
            26.654443562218
          ],
          [
            89.5843117104155,
            26.6548143285838
          ],
          [
            89.5843572778574,
            26.6551923388091
          ],
          [
            89.5843571496131,
            26.6552579854493
          ],
          [
            89.5842271488462,
            26.6556671838799
          ],
          [
            89.5843545156267,
            26.6561314800537
          ],
          [
            89.5843798756957,
            26.656745246805
          ],
          [
            89.5843789655348,
            26.6570719926994
          ],
          [
            89.5843864815942,
            26.6575035157703
          ],
          [
            89.5844662092273,
            26.6582989284475
          ],
          [
            89.5844751449212,
            26.6587314246136
          ],
          [
            89.5844936574795,
            26.6592130954184
          ]
        ]
      }
    },
    {
      "type": "Feature",
      "id": "ROAD_BTR_042",
      "properties": {
        "assetId": "ROAD_BTR_042",
        "name": "Shikhari rd.",
        "assetType": "FOREST_ROAD",
        "division": null,
        "ranges": [],
        "beats": [],
        "compartments": [],
        "surface": "UNKNOWN",
        "vehicleAccess": "UNKNOWN",
        "status": "OPEN",
        "totalLengthKm": 5804.767,
        "currentCondition": null,
        "lastVisitedAt": null,
        "lastVisitedBy": null,
        "lastVisit": null,
        "lastSubstantialPatrolAt": null,
        "lastFullPatrolAt": null
      },
      "geometry": {
        "type": "LineString",
        "coordinates": [
          [
            89.6091324357292,
            26.6987907634169
          ],
          [
            89.6087864147567,
            26.6987610815054
          ],
          [
            89.6085074589296,
            26.6987131597055
          ],
          [
            89.6082468153246,
            26.6986277797748
          ],
          [
            89.6078518857577,
            26.6985378823763
          ],
          [
            89.6072288759441,
            26.6984557120412
          ],
          [
            89.606901914689,
            26.6984204258249
          ],
          [
            89.6066754311504,
            26.6983835894861
          ],
          [
            89.6064619913025,
            26.6982798814941
          ],
          [
            89.6063394488177,
            26.6981574846554
          ],
          [
            89.606291039739,
            26.6981135246192
          ],
          [
            89.6061919627225,
            26.6978888231863
          ],
          [
            89.6061088968922,
            26.6976600302697
          ],
          [
            89.6059637918115,
            26.6973994853788
          ],
          [
            89.605912365469,
            26.697227865021
          ],
          [
            89.605804029568,
            26.6970428202341
          ],
          [
            89.6056240029845,
            26.6967384799303
          ],
          [
            89.6054777412396,
            26.6965288356156
          ],
          [
            89.6053350183141,
            26.696300832031
          ],
          [
            89.6051884781763,
            26.6960684822143
          ],
          [
            89.6050106311443,
            26.6958961360424
          ],
          [
            89.6048377318204,
            26.6957374575162
          ],
          [
            89.6046169643451,
            26.6955035704488
          ],
          [
            89.6044067788421,
            26.69529285155
          ],
          [
            89.6043281900035,
            26.6951682885584
          ],
          [
            89.6042282029003,
            26.694944027152
          ],
          [
            89.6041755298834,
            26.6948271087889
          ],
          [
            89.6041019179382,
            26.6946400000257
          ],
          [
            89.6039711080379,
            26.6945137789248
          ],
          [
            89.6038402979625,
            26.6943875569213
          ],
          [
            89.6036197728361,
            26.6941749880645
          ],
          [
            89.6033888825952,
            26.6939225348742
          ],
          [
            89.6031261328995,
            26.693627581579
          ],
          [
            89.6029380383718,
            26.6934169605545
          ],
          [
            89.6027114618325,
            26.6932386207133
          ],
          [
            89.6025380235287,
            26.6930638850144
          ],
          [
            89.6023482440625,
            26.6928982066893
          ],
          [
            89.6022266398731,
            26.6927730307697
          ],
          [
            89.6020570708274,
            26.6925704765829
          ],
          [
            89.6018824477854,
            26.6923864482374
          ],
          [
            89.6017338203758,
            26.6922021070081
          ],
          [
            89.6015525367272,
            26.6920407372636
          ],
          [
            89.6010042613529,
            26.691539108917
          ],
          [
            89.6007807854508,
            26.691310993374
          ],
          [
            89.6006260496295,
            26.6911680003402
          ],
          [
            89.6004224960064,
            26.6909481055354
          ],
          [
            89.6001414365248,
            26.6906659532295
          ],
          [
            89.5998744849403,
            26.690403130641
          ],
          [
            89.5996766971797,
            26.6901974822625
          ],
          [
            89.5993261522107,
            26.6897947885714
          ],
          [
            89.5991758580545,
            26.6896178726201
          ],
          [
            89.5989930571483,
            26.689421390553
          ],
          [
            89.5987238017485,
            26.6891620022049
          ],
          [
            89.5984975513633,
            26.6889792105024
          ],
          [
            89.5982165746069,
            26.6886902575728
          ],
          [
            89.5978838764127,
            26.6883641659531
          ],
          [
            89.5973292659962,
            26.6878099143777
          ],
          [
            89.5969779022494,
            26.6874534709221
          ],
          [
            89.5965993142439,
            26.6871640040077
          ],
          [
            89.5963015059348,
            26.6868843454494
          ],
          [
            89.5960848190554,
            26.6866718432718
          ],
          [
            89.5959009655348,
            26.6865173125409
          ],
          [
            89.5953898093666,
            26.6859937324127
          ],
          [
            89.5952114323868,
            26.6858198382761
          ],
          [
            89.5949252958043,
            26.6855690022577
          ],
          [
            89.5944899271669,
            26.6851283088207
          ],
          [
            89.5943095558325,
            26.6848996980338
          ],
          [
            89.594069333653,
            26.6847046942237
          ],
          [
            89.5938268601246,
            26.6844399077161
          ],
          [
            89.5935673661756,
            26.6841951151229
          ],
          [
            89.5933371452155,
            26.6839055447168
          ],
          [
            89.5929356036802,
            26.683550599577
          ],
          [
            89.5926712663742,
            26.6832943780529
          ],
          [
            89.5923013560772,
            26.6829329181207
          ],
          [
            89.5919991905335,
            26.6826334349272
          ],
          [
            89.5917409890366,
            26.682378153594
          ],
          [
            89.5914513238336,
            26.6820962945625
          ],
          [
            89.5911274811432,
            26.6817848052946
          ],
          [
            89.5908572850237,
            26.6815368884361
          ],
          [
            89.5901349751188,
            26.6807789450371
          ],
          [
            89.5898412554067,
            26.6804697560056
          ],
          [
            89.5895404537011,
            26.6801743145109
          ],
          [
            89.5889268423956,
            26.6795780975918
          ],
          [
            89.5886201301795,
            26.6792338530747
          ],
          [
            89.5883287291556,
            26.6789775706704
          ],
          [
            89.588098915684,
            26.6787518225374
          ],
          [
            89.5875372212349,
            26.6781818076135
          ],
          [
            89.5871608892369,
            26.6778103725821
          ],
          [
            89.5868974617424,
            26.6775448620492
          ],
          [
            89.5861124197137,
            26.6767282855147
          ],
          [
            89.5856182191163,
            26.6762270447808
          ],
          [
            89.5846324821475,
            26.6752140062066
          ],
          [
            89.5841950008099,
            26.6747657923864
          ],
          [
            89.5838578988622,
            26.6744452388046
          ],
          [
            89.5833319012156,
            26.6739614737268
          ],
          [
            89.5829051626086,
            26.673534665395
          ],
          [
            89.5825810394232,
            26.6732145118657
          ],
          [
            89.5820659711038,
            26.6726600379904
          ],
          [
            89.5819750988523,
            26.6725735556879
          ],
          [
            89.5816680741284,
            26.6722476218925
          ],
          [
            89.581363488729,
            26.6719690941052
          ],
          [
            89.5811701478929,
            26.6717452803714
          ],
          [
            89.5809936701292,
            26.6715212022156
          ],
          [
            89.5807884818599,
            26.6713121537483
          ],
          [
            89.5805431123416,
            26.6710773307249
          ],
          [
            89.580349083982,
            26.6708987234209
          ],
          [
            89.5801437470049,
            26.6706998658507
          ],
          [
            89.5797162772217,
            26.6702975384174
          ],
          [
            89.5794706579817,
            26.670042643363
          ],
          [
            89.5792285877554,
            26.6697815151504
          ],
          [
            89.5789849068805,
            26.6695547607446
          ],
          [
            89.5788149026214,
            26.6693474947513
          ],
          [
            89.5786056339155,
            26.6692587577987
          ],
          [
            89.5783507725677,
            26.6691446293009
          ],
          [
            89.5782875079305,
            26.6690850712371
          ],
          [
            89.5781554476904,
            26.6688950643944
          ],
          [
            89.5780522354585,
            26.6687000637043
          ],
          [
            89.5778743806522,
            26.6684589801912
          ],
          [
            89.5777138203774,
            26.6682847528357
          ],
          [
            89.5775755406583,
            26.6681455733038
          ],
          [
            89.5774544086475,
            26.6680062877415
          ],
          [
            89.5773670619428,
            26.667943640814
          ],
          [
            89.5772578113698,
            26.6678253921887
          ],
          [
            89.5770910637695,
            26.6676043372081
          ],
          [
            89.5766017061613,
            26.6671863825933
          ],
          [
            89.576295241933,
            26.6668645825174
          ],
          [
            89.5760687336283,
            26.666634997767
          ],
          [
            89.5758838915436,
            26.6664026232673
          ],
          [
            89.5757165559172,
            26.6662428304527
          ],
          [
            89.5754860769113,
            26.6660576750117
          ],
          [
            89.5752907159504,
            26.6658730174231
          ],
          [
            89.5748421120852,
            26.6654197968854
          ],
          [
            89.5747596577786,
            26.6653460801422
          ],
          [
            89.5746768369126,
            26.6652512335637
          ],
          [
            89.5746528742931,
            26.6651413128258
          ],
          [
            89.5746410086038,
            26.6651150588814
          ],
          [
            89.5745872641193,
            26.6648739202995
          ],
          [
            89.5745396251499,
            26.6647005273205
          ],
          [
            89.5744755254671,
            26.6642797448859
          ],
          [
            89.5743935074586,
            26.6640499571959
          ],
          [
            89.5743586879074,
            26.6638987121766
          ],
          [
            89.5742229540444,
            26.6637149457557
          ],
          [
            89.5741228298056,
            26.6635680246115
          ],
          [
            89.5740400330549,
            26.6634626977723
          ],
          [
            89.5739632718715,
            26.6633522438129
          ],
          [
            89.5738869990732,
            26.6632107689059
          ],
          [
            89.5738056518176,
            26.6630490543529
          ],
          [
            89.5736638875463,
            26.662901911041
          ],
          [
            89.5736054971176,
            26.6627972425322
          ],
          [
            89.5735421515024,
            26.6626355476507
          ],
          [
            89.5735456971063,
            26.6624445893825
          ],
          [
            89.5735471399053,
            26.662289229352
          ],
          [
            89.5735004635173,
            26.6621588277246
          ],
          [
            89.5733951630937,
            26.6619290211599
          ],
          [
            89.5732705674697,
            26.6615519860788
          ],
          [
            89.573154117078,
            26.6613539321367
          ],
          [
            89.5729902348516,
            26.6611138149835
          ],
          [
            89.5727497222747,
            26.6609096549678
          ],
          [
            89.5726723105693,
            26.6607971442938
          ],
          [
            89.5725209411123,
            26.6606195288255
          ],
          [
            89.5723343158154,
            26.6603945069059
          ],
          [
            89.5721183273728,
            26.660173479969
          ],
          [
            89.5719953012986,
            26.6600516120101
          ],
          [
            89.5719365577911,
            26.6599773627042
          ]
        ]
      }
    },
    {
      "type": "Feature",
      "id": "ROAD_BTR_043",
      "properties": {
        "assetId": "ROAD_BTR_043",
        "name": "Bajekhola rd.",
        "assetType": "FOREST_ROAD",
        "division": null,
        "ranges": [],
        "beats": [],
        "compartments": [],
        "surface": "UNKNOWN",
        "vehicleAccess": "UNKNOWN",
        "status": "OPEN",
        "totalLengthKm": 1219.668,
        "currentCondition": null,
        "lastVisitedAt": null,
        "lastVisitedBy": null,
        "lastVisit": null,
        "lastSubstantialPatrolAt": null,
        "lastFullPatrolAt": null
      },
      "geometry": {
        "type": "LineString",
        "coordinates": [
          [
            89.647743156756,
            26.6862798979183
          ],
          [
            89.6482883732718,
            26.686712507671
          ],
          [
            89.6488035339165,
            26.6869831138604
          ],
          [
            89.6492579612701,
            26.6873360352981
          ],
          [
            89.649711574533,
            26.6876892603282
          ],
          [
            89.6501645413071,
            26.6880416113717
          ],
          [
            89.6505087821739,
            26.6889272878704
          ],
          [
            89.6502915643907,
            26.6900771073793
          ],
          [
            89.6501809863501,
            26.6907136310282
          ],
          [
            89.6498421106682,
            26.6916050059778
          ],
          [
            89.6497970631438,
            26.6925680112581
          ],
          [
            89.6501833875728,
            26.6935663153222
          ],
          [
            89.6500871118639,
            26.6948088426307
          ],
          [
            89.6500001540077,
            26.6952595239117
          ],
          [
            89.6499977360745,
            26.6954797063682
          ],
          [
            89.6497534259921,
            26.695664594792
          ],
          [
            89.6495793393041,
            26.6958637876023
          ]
        ]
      }
    },
    {
      "type": "Feature",
      "id": "ROAD_BTR_044",
      "properties": {
        "assetId": "ROAD_BTR_044",
        "name": "27th mile rd.",
        "assetType": "FOREST_ROAD",
        "division": null,
        "ranges": [],
        "beats": [],
        "compartments": [],
        "surface": "UNKNOWN",
        "vehicleAccess": "UNKNOWN",
        "status": "OPEN",
        "totalLengthKm": 3562.764,
        "currentCondition": null,
        "lastVisitedAt": null,
        "lastVisitedBy": null,
        "lastVisit": null,
        "lastSubstantialPatrolAt": null,
        "lastFullPatrolAt": null
      },
      "geometry": {
        "type": "LineString",
        "coordinates": [
          [
            89.6286457261344,
            26.6840357754595
          ],
          [
            89.6284994239153,
            26.6841295152749
          ],
          [
            89.6281653644003,
            26.6841045646109
          ],
          [
            89.6277557024122,
            26.6840119016365
          ],
          [
            89.62733802675,
            26.6839388484562
          ],
          [
            89.6269352426299,
            26.6838655028653
          ],
          [
            89.6267352488789,
            26.6838070345518
          ],
          [
            89.6263849591893,
            26.6837396049483
          ],
          [
            89.6260705473029,
            26.6836619578328
          ],
          [
            89.6258725628619,
            26.6836129632359
          ],
          [
            89.6253492587336,
            26.6835138402196
          ],
          [
            89.6249417891774,
            26.6834466241891
          ],
          [
            89.6246057416137,
            26.6833924652891
          ],
          [
            89.6244389091558,
            26.68338150234
          ],
          [
            89.6242403755692,
            26.6833519347379
          ],
          [
            89.6240592954418,
            26.6833134896482
          ],
          [
            89.623960235987,
            26.6832578269379
          ],
          [
            89.6238554766137,
            26.6832198987834
          ],
          [
            89.6237139136715,
            26.6831955027613
          ],
          [
            89.6235528524105,
            26.6831589727655
          ],
          [
            89.623390930527,
            26.6831123693586
          ],
          [
            89.6229323818263,
            26.6830585044138
          ],
          [
            89.6222064795869,
            26.6829073215883
          ],
          [
            89.6218125666719,
            26.6828533734606
          ],
          [
            89.6215092022628,
            26.682766092365
          ],
          [
            89.6210493837149,
            26.6827265079105
          ],
          [
            89.6206655441179,
            26.6826698381055
          ],
          [
            89.6203170651701,
            26.6826227732683
          ],
          [
            89.6201146882574,
            26.6825859721656
          ],
          [
            89.6199548554996,
            26.6825854171042
          ],
          [
            89.6197664572273,
            26.6826151275611
          ],
          [
            89.6195941296374,
            26.6826213285847
          ],
          [
            89.6194978864018,
            26.6826032654408
          ],
          [
            89.6193439149131,
            26.6826003796343
          ],
          [
            89.6191933121031,
            26.6825974938121
          ],
          [
            89.6190285736282,
            26.6826157319404
          ],
          [
            89.6189448066962,
            26.6826431603024
          ],
          [
            89.6187092971336,
            26.6826515852309
          ],
          [
            89.618423937461,
            26.6826596750932
          ],
          [
            89.6179423894757,
            26.6827509481611
          ],
          [
            89.6177684435521,
            26.6827850398018
          ],
          [
            89.6173595741045,
            26.6827905136388
          ],
          [
            89.6169321417422,
            26.6828538216477
          ],
          [
            89.6165405644507,
            26.6829191044437
          ],
          [
            89.6162698764027,
            26.6829242404957
          ],
          [
            89.6160337637759,
            26.6829332557082
          ],
          [
            89.6156987991255,
            26.6829911967867
          ],
          [
            89.6155071302505,
            26.6830175550189
          ],
          [
            89.6154059151184,
            26.6830233094314
          ],
          [
            89.6146451922488,
            26.6830744450027
          ],
          [
            89.6141181400728,
            26.6830491367116
          ],
          [
            89.6136004885225,
            26.6830067680836
          ],
          [
            89.6130373145834,
            26.6829090599876
          ],
          [
            89.6123354142136,
            26.6827953519214
          ],
          [
            89.6115899587369,
            26.6826031932816
          ],
          [
            89.6109657233731,
            26.6824373645248
          ],
          [
            89.6102458947346,
            26.6822448067901
          ],
          [
            89.6097849676002,
            26.6820945389116
          ],
          [
            89.6092844564696,
            26.6819456429521
          ],
          [
            89.6087728727096,
            26.6818220031785
          ],
          [
            89.6084449896784,
            26.6817152432532
          ],
          [
            89.6079721148307,
            26.6816330700912
          ],
          [
            89.60772743563,
            26.6815916330301
          ],
          [
            89.6073467698846,
            26.6815744743802
          ],
          [
            89.606956219677,
            26.6815742876476
          ],
          [
            89.6065545192322,
            26.6816235052134
          ],
          [
            89.606144746813,
            26.6816801159261
          ],
          [
            89.6057654576468,
            26.6817288640991
          ],
          [
            89.6049789986352,
            26.6819112066831
          ],
          [
            89.6044636510407,
            26.6820527506097
          ],
          [
            89.6039654792334,
            26.6821451846823
          ],
          [
            89.6032610617142,
            26.6822395262406
          ],
          [
            89.6030558645538,
            26.6822657962894
          ],
          [
            89.6025235125479,
            26.682415599836
          ],
          [
            89.6010625318663,
            26.6827279311783
          ],
          [
            89.6002002193823,
            26.682949256041
          ],
          [
            89.5994051728692,
            26.683094359677
          ],
          [
            89.5987748118844,
            26.683244654411
          ],
          [
            89.5982646740333,
            26.6833608277434
          ],
          [
            89.5977511657228,
            26.6834552598329
          ],
          [
            89.5967132338292,
            26.6836026452923
          ],
          [
            89.5960583476328,
            26.6837979528362
          ],
          [
            89.5954605834586,
            26.6838985356945
          ],
          [
            89.5948982258633,
            26.6840335724797
          ],
          [
            89.5941753259626,
            26.6841681356081
          ],
          [
            89.5937490470856,
            26.6843015017619
          ],
          [
            89.5936748023118,
            26.6843347581557
          ]
        ]
      }
    },
    {
      "type": "Feature",
      "id": "ROAD_BTR_045",
      "properties": {
        "assetId": "ROAD_BTR_045",
        "name": "26th mile rd.",
        "assetType": "FOREST_ROAD",
        "division": null,
        "ranges": [],
        "beats": [],
        "compartments": [],
        "surface": "UNKNOWN",
        "vehicleAccess": "UNKNOWN",
        "status": "OPEN",
        "totalLengthKm": 5717.108,
        "currentCondition": null,
        "lastVisitedAt": null,
        "lastVisitedBy": null,
        "lastVisit": null,
        "lastSubstantialPatrolAt": null,
        "lastFullPatrolAt": null
      },
      "geometry": {
        "type": "LineString",
        "coordinates": [
          [
            89.5758964097419,
            26.6728876640706
          ],
          [
            89.5762345012129,
            26.6728230140027
          ],
          [
            89.5766967389583,
            26.6728220477256
          ],
          [
            89.5772820504552,
            26.6727456976324
          ],
          [
            89.5780447538024,
            26.6726951824743
          ],
          [
            89.5786517446504,
            26.6726572981622
          ],
          [
            89.5792301803419,
            26.672644583891
          ],
          [
            89.5798351607271,
            26.6726573205189
          ],
          [
            89.5806400784576,
            26.6726826571615
          ],
          [
            89.58096424575,
            26.6727078508409
          ],
          [
            89.5817825667625,
            26.672644726144
          ],
          [
            89.5820642442418,
            26.6726195612578
          ],
          [
            89.5825924598612,
            26.6725845294199
          ],
          [
            89.5832805162635,
            26.6725849734068
          ],
          [
            89.5840526165057,
            26.6725675704074
          ],
          [
            89.5846244627834,
            26.6725735960626
          ],
          [
            89.5856374850852,
            26.6724679381745
          ],
          [
            89.5862170526956,
            26.6724527314017
          ],
          [
            89.5864171568816,
            26.6724525274969
          ],
          [
            89.5872256695816,
            26.6724306153818
          ],
          [
            89.5877882854372,
            26.6723997710893
          ],
          [
            89.5890440883684,
            26.6724462719137
          ],
          [
            89.5892559005999,
            26.6724682171204
          ],
          [
            89.5903366610881,
            26.6724417135893
          ],
          [
            89.5911900638548,
            26.6723478539176
          ],
          [
            89.591759660335,
            26.6723199578119
          ],
          [
            89.5923921647468,
            26.6723303802053
          ],
          [
            89.5932246334839,
            26.6721639590492
          ],
          [
            89.5942392161573,
            26.6721878011037
          ],
          [
            89.5950245411966,
            26.6721271316608
          ],
          [
            89.5954086050929,
            26.6721543347375
          ],
          [
            89.5957577766645,
            26.6721033469342
          ],
          [
            89.5960963269553,
            26.6720818464025
          ],
          [
            89.5963952253104,
            26.6720823482717
          ],
          [
            89.5968249157747,
            26.672048480859
          ],
          [
            89.5973156083868,
            26.6719934611873
          ],
          [
            89.5977909174909,
            26.6719811140544
          ],
          [
            89.5982037753145,
            26.6719259243063
          ],
          [
            89.5989793045563,
            26.6717590582131
          ],
          [
            89.599765441,
            26.6717243060001
          ],
          [
            89.6009592100001,
            26.671653447
          ],
          [
            89.6017255760001,
            26.6716534820001
          ],
          [
            89.602515451,
            26.6718187330002
          ],
          [
            89.60306877,
            26.6718661060001
          ],
          [
            89.6038357470002,
            26.6719603970002
          ],
          [
            89.6049191220002,
            26.6719604440001
          ],
          [
            89.6057653180001,
            26.6719836800001
          ],
          [
            89.6067422450001,
            26.6720780390002
          ],
          [
            89.6076400540001,
            26.6721016570002
          ],
          [
            89.6085112390002,
            26.6720073270002
          ],
          [
            89.6091449070001,
            26.6720073450002
          ],
          [
            89.6102277720001,
            26.6720781350002
          ],
          [
            89.6113641350001,
            26.6722433070001
          ],
          [
            89.612606179,
            26.6725027640001
          ],
          [
            89.6139839910002,
            26.6727864910002
          ],
          [
            89.6152886710001,
            26.67297698
          ],
          [
            89.6159173170001,
            26.6730930810001
          ],
          [
            89.6165812870001,
            26.6732122560001
          ],
          [
            89.6173525620001,
            26.6733304590001
          ],
          [
            89.6178120690002,
            26.6733908600002
          ],
          [
            89.6184663710001,
            26.673466934
          ],
          [
            89.6192145980002,
            26.6736625160001
          ],
          [
            89.6198962500001,
            26.6737525970001
          ],
          [
            89.6206654010002,
            26.6738880610002
          ],
          [
            89.6214694930001,
            26.6740090140001
          ],
          [
            89.622153305,
            26.6741455130002
          ],
          [
            89.6229759420002,
            26.6742820070001
          ],
          [
            89.6235605570001,
            26.6743883070002
          ],
          [
            89.6241767470001,
            26.674464265
          ],
          [
            89.6245712300001,
            26.6746010880001
          ],
          [
            89.6247082105002,
            26.6746656430002
          ],
          [
            89.624936189,
            26.6746865380001
          ],
          [
            89.625185059,
            26.674801992
          ],
          [
            89.6257743410001,
            26.674976943
          ],
          [
            89.6263081240002,
            26.675253807
          ],
          [
            89.62688001,
            26.6754939080001
          ],
          [
            89.6276188620001,
            26.675852
          ],
          [
            89.628123885,
            26.6761273040001
          ],
          [
            89.628902698,
            26.6764759170001
          ],
          [
            89.629401533,
            26.676675213
          ],
          [
            89.6299588870002,
            26.6769667290002
          ],
          [
            89.6305836700001,
            26.6772733770001
          ],
          [
            89.6311274170002,
            26.6775121720001
          ],
          [
            89.631248744,
            26.6776133400001
          ],
          [
            89.6313960800001,
            26.6776852210001
          ],
          [
            89.631466721,
            26.6777129430001
          ],
          [
            89.631545124,
            26.6777048710001
          ],
          [
            89.631674687,
            26.6776767540001
          ],
          [
            89.631737974,
            26.6776716780001
          ],
          [
            89.6318102720001,
            26.6776887570001
          ],
          [
            89.6318872320001,
            26.677709765
          ],
          [
            89.6321006580002,
            26.6777655180001
          ]
        ]
      }
    },
    {
      "type": "Feature",
      "id": "ROAD_BTR_046",
      "properties": {
        "assetId": "ROAD_BTR_046",
        "name": "Trolley rd.",
        "assetType": "FOREST_ROAD",
        "division": null,
        "ranges": [],
        "beats": [],
        "compartments": [],
        "surface": "UNKNOWN",
        "vehicleAccess": "UNKNOWN",
        "status": "OPEN",
        "totalLengthKm": 3250.389,
        "currentCondition": null,
        "lastVisitedAt": null,
        "lastVisitedBy": null,
        "lastVisit": null,
        "lastSubstantialPatrolAt": null,
        "lastFullPatrolAt": null
      },
      "geometry": {
        "type": "LineString",
        "coordinates": [
          [
            89.5379233420001,
            26.6192300880001
          ],
          [
            89.5380871020001,
            26.6194788980001
          ],
          [
            89.538333959,
            26.6198555240002
          ],
          [
            89.538474029,
            26.6200892160001
          ],
          [
            89.5386762190001,
            26.6204037070001
          ],
          [
            89.5389350330002,
            26.620726785
          ],
          [
            89.5391403410001,
            26.6210763310002
          ],
          [
            89.5392882850001,
            26.621286979
          ],
          [
            89.5395161190002,
            26.621554504
          ],
          [
            89.5397132300002,
            26.6218323940001
          ],
          [
            89.5399395430002,
            26.6220920180001
          ],
          [
            89.5401945240001,
            26.622476535
          ],
          [
            89.540507926,
            26.6228420800002
          ],
          [
            89.5407046590001,
            26.6230429720001
          ],
          [
            89.540907238,
            26.6235462330001
          ],
          [
            89.5409860810001,
            26.623822273
          ],
          [
            89.541111218,
            26.6241510830002
          ],
          [
            89.5412631250001,
            26.6244726330002
          ],
          [
            89.5414099670002,
            26.6247949720001
          ],
          [
            89.5414939650002,
            26.625035757
          ],
          [
            89.5415866740001,
            26.6255331400001
          ],
          [
            89.5416666490001,
            26.6259508960002
          ],
          [
            89.5417141530001,
            26.626237749
          ],
          [
            89.5417566740002,
            26.627007494
          ],
          [
            89.5417642070001,
            26.6272534140001
          ],
          [
            89.5417501820002,
            26.627681828
          ],
          [
            89.5417514370002,
            26.6279395560001
          ],
          [
            89.5417453040001,
            26.6284924840002
          ],
          [
            89.5417727940001,
            26.628777487
          ],
          [
            89.5418614310002,
            26.629391635
          ],
          [
            89.5419181880002,
            26.6297782160001
          ],
          [
            89.5418848250002,
            26.6301036410001
          ],
          [
            89.5417988420001,
            26.6305104080001
          ],
          [
            89.5415775640001,
            26.6310298560001
          ],
          [
            89.5414368070001,
            26.6314488510001
          ],
          [
            89.541292045,
            26.631973268
          ],
          [
            89.5412256540001,
            26.6322666180001
          ],
          [
            89.5412307890001,
            26.6325516250002
          ],
          [
            89.541193036,
            26.6328006110002
          ],
          [
            89.541255258,
            26.6329594560001
          ],
          [
            89.5413093540001,
            26.6334074800002
          ],
          [
            89.5412864820001,
            26.6339098190001
          ],
          [
            89.5413789200002,
            26.6343356700001
          ],
          [
            89.5414789810002,
            26.6348271860001
          ],
          [
            89.5415478840001,
            26.6352304410001
          ],
          [
            89.5416091750001,
            26.6355327690001
          ],
          [
            89.5416398890002,
            26.6357429730001
          ],
          [
            89.5417168370001,
            26.6360858460001
          ],
          [
            89.5418400670001,
            26.636360933
          ],
          [
            89.5419636790002,
            26.6367125250002
          ],
          [
            89.5421262940002,
            26.6370515420001
          ],
          [
            89.5423277180001,
            26.6376128430001
          ],
          [
            89.5424824860002,
            26.6379926860001
          ],
          [
            89.5426062700001,
            26.6382621260001
          ],
          [
            89.5427088440001,
            26.6385399340002
          ],
          [
            89.5427711610002,
            26.638748315
          ],
          [
            89.5428966220002,
            26.6390566640001
          ],
          [
            89.542966184,
            26.6392386750001
          ],
          [
            89.543078479,
            26.6395557540002
          ],
          [
            89.5431928470001,
            26.6399011990001
          ],
          [
            89.5432144690001,
            26.64012301
          ],
          [
            89.5431901910002,
            26.640470071
          ],
          [
            89.5431617810002,
            26.640705553
          ],
          [
            89.5431200310001,
            26.6409321100002
          ],
          [
            89.5430837970001,
            26.641019319
          ],
          [
            89.5430655790002,
            26.641185938
          ],
          [
            89.5430241030001,
            26.6414126260001
          ],
          [
            89.5429920920001,
            26.6415743
          ],
          [
            89.542973627,
            26.641808204
          ],
          [
            89.542937319,
            26.642030897
          ],
          [
            89.5428645270001,
            26.6422880740001
          ],
          [
            89.5428011360001,
            26.6424837070001
          ],
          [
            89.5427425950001,
            26.6426653630002
          ],
          [
            89.542674999,
            26.6427782720002
          ],
          [
            89.5425553280002,
            26.6429207190001
          ],
          [
            89.5424696840002,
            26.6430419590001
          ],
          [
            89.5424651710001,
            26.643066162
          ],
          [
            89.5424155280002,
            26.6431750720001
          ],
          [
            89.5424155440002,
            26.6433124760001
          ],
          [
            89.542415567,
            26.6434541580001
          ],
          [
            89.542411075,
            26.6437253280002
          ],
          [
            89.5424427110001,
            26.6439257350002
          ],
          [
            89.5424155540001,
            26.644143335
          ],
          [
            89.5424065110002,
            26.6443933250001
          ],
          [
            89.542406521,
            26.6446518700001
          ],
          [
            89.5424064760001,
            26.644817237
          ],
          [
            89.5424244510001,
            26.6449777380001
          ],
          [
            89.5424784010001,
            26.645137982
          ],
          [
            89.5426396810001,
            26.6454529620001
          ],
          [
            89.542737699,
            26.6457325860002
          ],
          [
            89.5427775890001,
            26.6459919370001
          ],
          [
            89.542837326,
            26.6462787910002
          ],
          [
            89.5428882810001,
            26.646541289
          ],
          [
            89.5429579360001,
            26.6467694610001
          ],
          [
            89.5430183020001,
            26.6468928720001
          ],
          [
            89.5430512080002,
            26.6469836840001
          ]
        ]
      }
    },
    {
      "type": "Feature",
      "id": "ROAD_BTR_047",
      "properties": {
        "assetId": "ROAD_BTR_047",
        "name": "1 no. Core-buffer rd.",
        "assetType": "FOREST_ROAD",
        "division": null,
        "ranges": [],
        "beats": [],
        "compartments": [],
        "surface": "UNKNOWN",
        "vehicleAccess": "UNKNOWN",
        "status": "OPEN",
        "totalLengthKm": 1724.746,
        "currentCondition": null,
        "lastVisitedAt": null,
        "lastVisitedBy": null,
        "lastVisit": null,
        "lastSubstantialPatrolAt": null,
        "lastFullPatrolAt": null
      },
      "geometry": {
        "type": "LineString",
        "coordinates": [
          [
            89.5549475102658,
            26.6320550618792
          ],
          [
            89.5549921308955,
            26.6324637827968
          ],
          [
            89.555059160082,
            26.6329927158924
          ],
          [
            89.5550701446422,
            26.6334897839308
          ],
          [
            89.5551816378034,
            26.6339183849626
          ],
          [
            89.5551721537876,
            26.6344658057125
          ],
          [
            89.5552727103882,
            26.6353124533485
          ],
          [
            89.5552619983054,
            26.6355806523493
          ],
          [
            89.5553623943046,
            26.635769316079
          ],
          [
            89.5555071611293,
            26.6358983950065
          ],
          [
            89.5557965445483,
            26.6359471661623
          ],
          [
            89.5560852418783,
            26.6360833465716
          ],
          [
            89.5561517035928,
            26.636231403983
          ],
          [
            89.5560629699273,
            26.6365498777919
          ],
          [
            89.5560405683254,
            26.6369168701874
          ],
          [
            89.5558411258288,
            26.6376098584713
          ],
          [
            89.5555860756721,
            26.6385026277433
          ],
          [
            89.5553751802976,
            26.6391180918446
          ],
          [
            89.5549316427269,
            26.6404906774284
          ],
          [
            89.5547544266831,
            26.6412313140051
          ],
          [
            89.554599893371,
            26.6417997836921
          ],
          [
            89.5543292998191,
            26.6427217389348
          ],
          [
            89.5541304169907,
            26.6431774918939
          ],
          [
            89.5538207307523,
            26.6435721043673
          ],
          [
            89.5534117731237,
            26.643946734978
          ],
          [
            89.5532677868213,
            26.6440961229605
          ],
          [
            89.5531012153182,
            26.644393482908
          ],
          [
            89.5529347196713,
            26.6448390691129
          ],
          [
            89.5528795379845,
            26.6454721779231
          ],
          [
            89.5528691862879,
            26.6460347495314
          ],
          [
            89.552858110712,
            26.6464995074243
          ]
        ]
      }
    },
    {
      "type": "Feature",
      "id": "ROAD_BTR_048",
      "properties": {
        "assetId": "ROAD_BTR_048",
        "name": "Trolley rd.",
        "assetType": "FOREST_ROAD",
        "division": null,
        "ranges": [],
        "beats": [],
        "compartments": [],
        "surface": "UNKNOWN",
        "vehicleAccess": "UNKNOWN",
        "status": "OPEN",
        "totalLengthKm": 1578.778,
        "currentCondition": null,
        "lastVisitedAt": null,
        "lastVisitedBy": null,
        "lastVisit": null,
        "lastSubstantialPatrolAt": null,
        "lastFullPatrolAt": null
      },
      "geometry": {
        "type": "LineString",
        "coordinates": [
          [
            89.5453436586325,
            26.6469373923897
          ],
          [
            89.5454410147725,
            26.6471106960166
          ],
          [
            89.5454969670665,
            26.6478139008635
          ],
          [
            89.5456581336683,
            26.6486329914991
          ],
          [
            89.5457484536645,
            26.6493761743579
          ],
          [
            89.5458309183198,
            26.6498475408098
          ],
          [
            89.5459073672684,
            26.6502353829589
          ],
          [
            89.5459873505525,
            26.650613962974
          ],
          [
            89.5460719184557,
            26.651606120218
          ],
          [
            89.5460769256202,
            26.6518972663368
          ],
          [
            89.5460931209534,
            26.6521695914152
          ],
          [
            89.5461279079834,
            26.6524236183982
          ],
          [
            89.546151016256,
            26.6527153779844
          ],
          [
            89.5462065088906,
            26.6534394180444
          ],
          [
            89.5462735847178,
            26.6538244340364
          ],
          [
            89.5463745291184,
            26.6543645925011
          ],
          [
            89.5464326054341,
            26.6547140078749
          ],
          [
            89.5464197043279,
            26.6552396245122
          ],
          [
            89.5464688981448,
            26.6556534591115
          ],
          [
            89.5465134212144,
            26.6560399891783
          ],
          [
            89.546516702155,
            26.656362960705
          ],
          [
            89.5465693253206,
            26.6567318012286
          ],
          [
            89.5466340426484,
            26.6573954618761
          ],
          [
            89.5466508575137,
            26.6576846617042
          ],
          [
            89.5466508619996,
            26.6581194846002
          ],
          [
            89.5466769559836,
            26.6584217368271
          ],
          [
            89.5468070780657,
            26.6591751464914
          ],
          [
            89.5468294048882,
            26.6596384436164
          ],
          [
            89.546883572215,
            26.6602266796362
          ],
          [
            89.5469274656024,
            26.6606108732045
          ],
          [
            89.5469552741182,
            26.6610289864767
          ]
        ]
      }
    },
    {
      "type": "Feature",
      "id": "ROAD_BTR_049",
      "properties": {
        "assetId": "ROAD_BTR_049",
        "name": "1 no. Core-buffer rd.",
        "assetType": "FOREST_ROAD",
        "division": null,
        "ranges": [],
        "beats": [],
        "compartments": [],
        "surface": "UNKNOWN",
        "vehicleAccess": "UNKNOWN",
        "status": "OPEN",
        "totalLengthKm": 1553.368,
        "currentCondition": null,
        "lastVisitedAt": null,
        "lastVisitedBy": null,
        "lastVisit": null,
        "lastSubstantialPatrolAt": null,
        "lastFullPatrolAt": null
      },
      "geometry": {
        "type": "LineString",
        "coordinates": [
          [
            89.5556080910623,
            26.64672500837
          ],
          [
            89.5555799627426,
            26.6469685526007
          ],
          [
            89.5555574469428,
            26.6471832646348
          ],
          [
            89.5555840235587,
            26.6474467145532
          ],
          [
            89.5555876206594,
            26.6475036549479
          ],
          [
            89.5556142318092,
            26.6478167973854
          ],
          [
            89.5556183964286,
            26.6478244848522
          ],
          [
            89.5556200708867,
            26.6483829620813
          ],
          [
            89.5555708394593,
            26.6488140968684
          ],
          [
            89.5556099700296,
            26.6494620066336
          ],
          [
            89.5556059796517,
            26.6498398093175
          ],
          [
            89.5556048093836,
            26.650039382631
          ],
          [
            89.5556607002505,
            26.6504564555819
          ],
          [
            89.555708551032,
            26.6508551208747
          ],
          [
            89.5557361568086,
            26.6510384222545
          ],
          [
            89.5557390457134,
            26.6513830977828
          ],
          [
            89.5556995674917,
            26.6518826356484
          ],
          [
            89.5556202004531,
            26.6525229676552
          ],
          [
            89.5555615830335,
            26.6529631740318
          ],
          [
            89.5555073978926,
            26.6531568705466
          ],
          [
            89.555561939645,
            26.6535293196722
          ],
          [
            89.555561698658,
            26.6538898421426
          ],
          [
            89.5556112466426,
            26.6540725781121
          ],
          [
            89.5556247558615,
            26.6546839462256
          ],
          [
            89.5556609003013,
            26.6549879334166
          ],
          [
            89.5557017178001,
            26.6552782863475
          ],
          [
            89.5557750010672,
            26.6558995360817
          ],
          [
            89.5558397055969,
            26.6563732311953
          ],
          [
            89.5559499105578,
            26.6574751192722
          ],
          [
            89.5560089960344,
            26.6580922715643
          ],
          [
            89.5561453074677,
            26.6595946220041
          ],
          [
            89.556112580996,
            26.6600873536099
          ],
          [
            89.5560939494756,
            26.6604165526538
          ],
          [
            89.5560760131279,
            26.6606322487232
          ]
        ]
      }
    },
    {
      "type": "Feature",
      "id": "ROAD_BTR_050",
      "properties": {
        "assetId": "ROAD_BTR_050",
        "name": "2 no. Core-buffer rd.",
        "assetType": "FOREST_ROAD",
        "division": null,
        "ranges": [],
        "beats": [],
        "compartments": [],
        "surface": "UNKNOWN",
        "vehicleAccess": "UNKNOWN",
        "status": "OPEN",
        "totalLengthKm": 1624.014,
        "currentCondition": null,
        "lastVisitedAt": null,
        "lastVisitedBy": null,
        "lastVisit": null,
        "lastSubstantialPatrolAt": null,
        "lastFullPatrolAt": null
      },
      "geometry": {
        "type": "LineString",
        "coordinates": [
          [
            89.5632315733352,
            26.645770632387
          ],
          [
            89.5633314007822,
            26.6466511511487
          ],
          [
            89.5634069818361,
            26.6472782444461
          ],
          [
            89.5634888051426,
            26.6480823955672
          ],
          [
            89.5635620458563,
            26.6489093614543
          ],
          [
            89.5637064595317,
            26.6501676286873
          ],
          [
            89.5638454922953,
            26.6515802117824
          ],
          [
            89.5638970992393,
            26.6521382688339
          ],
          [
            89.5639065217417,
            26.6529168547012
          ],
          [
            89.5639844067488,
            26.6535514379218
          ],
          [
            89.5639896679252,
            26.6537670069484
          ],
          [
            89.5640462955611,
            26.6543312267731
          ],
          [
            89.5641284830284,
            26.6554084280459
          ],
          [
            89.5641510576665,
            26.6559019272842
          ],
          [
            89.5642084646817,
            26.656613062274
          ],
          [
            89.5643413017159,
            26.6572204383443
          ],
          [
            89.5644672161962,
            26.6576930387537
          ],
          [
            89.5646008819265,
            26.658382613927
          ],
          [
            89.5646296953865,
            26.6588185848071
          ],
          [
            89.5647431325376,
            26.6595107407613
          ],
          [
            89.5647981516273,
            26.6598776461987
          ],
          [
            89.5648948899818,
            26.6600050320057
          ],
          [
            89.5648879454886,
            26.6602637455623
          ]
        ]
      }
    },
    {
      "type": "Feature",
      "id": "ROAD_BTR_051",
      "properties": {
        "assetId": "ROAD_BTR_051",
        "name": "30th mile rd.",
        "assetType": "FOREST_ROAD",
        "division": null,
        "ranges": [],
        "beats": [],
        "compartments": [],
        "surface": "UNKNOWN",
        "vehicleAccess": "UNKNOWN",
        "status": "OPEN",
        "totalLengthKm": 2680.855,
        "currentCondition": null,
        "lastVisitedAt": null,
        "lastVisitedBy": null,
        "lastVisit": null,
        "lastSubstantialPatrolAt": null,
        "lastFullPatrolAt": null
      },
      "geometry": {
        "type": "LineString",
        "coordinates": [
          [
            89.5102299772321,
            26.7277421274034
          ],
          [
            89.5104016740529,
            26.7276608399403
          ],
          [
            89.5105688071919,
            26.7276144826274
          ],
          [
            89.5107486314122,
            26.7276026787343
          ],
          [
            89.5109410608569,
            26.7275563957793
          ],
          [
            89.5113386041102,
            26.7275330827577
          ],
          [
            89.5115582433167,
            26.7274835014793
          ],
          [
            89.5117251364598,
            26.727448777851
          ],
          [
            89.5120754339594,
            26.7274329605994
          ],
          [
            89.5121735333145,
            26.7274251600459
          ],
          [
            89.5123782671054,
            26.727436413485
          ],
          [
            89.512570032749,
            26.7274438379188
          ],
          [
            89.5127995725104,
            26.7274243775561
          ],
          [
            89.512990815758,
            26.7274051054883
          ],
          [
            89.5129950771531,
            26.7274051056519
          ],
          [
            89.5132877622006,
            26.7274084969373
          ],
          [
            89.5133565820836,
            26.7274159653421
          ],
          [
            89.5134945153057,
            26.7274198538648
          ],
          [
            89.5137056714578,
            26.7274037332827
          ],
          [
            89.5139282698401,
            26.727388477099
          ],
          [
            89.5140741484797,
            26.7273833512842
          ],
          [
            89.5142090441943,
            26.7273824489962
          ],
          [
            89.5144933989094,
            26.7273783657692
          ],
          [
            89.5146047227138,
            26.7273806670318
          ],
          [
            89.5149340107679,
            26.7273794991511
          ],
          [
            89.5153110426907,
            26.7273735923573
          ],
          [
            89.5153992808251,
            26.7273650867981
          ],
          [
            89.5155277132453,
            26.7273807624481
          ],
          [
            89.515841868812,
            26.7273579575259
          ],
          [
            89.516036637588,
            26.7273637983731
          ],
          [
            89.5162350432766,
            26.7273554360786
          ],
          [
            89.5164179737875,
            26.7273353244235
          ],
          [
            89.5166470043505,
            26.7272938284425
          ],
          [
            89.5167685497898,
            26.7272871241919
          ],
          [
            89.5170612793038,
            26.7272917052655
          ],
          [
            89.5171689676712,
            26.7272906719283
          ],
          [
            89.5173968652511,
            26.7272412482552
          ],
          [
            89.5175220433481,
            26.7272527577196
          ],
          [
            89.5177314097934,
            26.7272852706047
          ],
          [
            89.5178876913855,
            26.7272946942558
          ],
          [
            89.5180976297357,
            26.727306613982
          ],
          [
            89.5182135404259,
            26.7273103459435
          ],
          [
            89.518406640665,
            26.7272724484173
          ],
          [
            89.518513039527,
            26.7272489860067
          ],
          [
            89.5187787335319,
            26.7272188014742
          ],
          [
            89.518881130223,
            26.7272126652868
          ],
          [
            89.5189750457643,
            26.7272265410119
          ],
          [
            89.5190694722129,
            26.7272510198117
          ],
          [
            89.5191914386999,
            26.7272623714045
          ],
          [
            89.5193278980984,
            26.7272572840867
          ],
          [
            89.5194412682339,
            26.7272642915311
          ],
          [
            89.5195361448811,
            26.7272540519621
          ],
          [
            89.5196634703623,
            26.7272559508961
          ],
          [
            89.5197645415571,
            26.7272549623069
          ],
          [
            89.5198313645776,
            26.7272473290636
          ],
          [
            89.5199601412946,
            26.7272670356699
          ],
          [
            89.5201409362674,
            26.7272739787964
          ],
          [
            89.5202878210598,
            26.727265493513
          ],
          [
            89.5205262280033,
            26.7272613563751
          ],
          [
            89.5206105676571,
            26.7272432348879
          ],
          [
            89.5206800093622,
            26.7272271364697
          ],
          [
            89.5207611557498,
            26.7271928428502
          ],
          [
            89.5209483497564,
            26.7271693754625
          ],
          [
            89.5210389107255,
            26.7271927991544
          ],
          [
            89.5211755394523,
            26.7272028957635
          ],
          [
            89.5213544244851,
            26.7272028684751
          ],
          [
            89.5214409138296,
            26.7271961034651
          ],
          [
            89.5215837134739,
            26.7271977670066
          ],
          [
            89.5216863050537,
            26.7271960652504
          ],
          [
            89.5219225094326,
            26.7271909745151
          ],
          [
            89.5220369375596,
            26.7271808891891
          ],
          [
            89.5221786022719,
            26.727180510003
          ],
          [
            89.5222333404246,
            26.7271619461809
          ],
          [
            89.5222755463038,
            26.7271322484932
          ],
          [
            89.5223192744047,
            26.7270917860012
          ],
          [
            89.522384626882,
            26.7270710057026
          ],
          [
            89.5224763791461,
            26.7270789554423
          ],
          [
            89.5225226513489,
            26.727096570062
          ],
          [
            89.5225823617205,
            26.7271191775531
          ],
          [
            89.5225881495508,
            26.7271224251134
          ],
          [
            89.5225990337117,
            26.7271240492815
          ],
          [
            89.5226522996985,
            26.7271354524455
          ],
          [
            89.5226561159748,
            26.7271370864759
          ],
          [
            89.5226690990276,
            26.7271403570648
          ],
          [
            89.5227655565699,
            26.7271518311667
          ],
          [
            89.522769424403,
            26.7271534763004
          ],
          [
            89.5227858336257,
            26.7271584142001
          ],
          [
            89.5229240842961,
            26.7271633460132
          ],
          [
            89.5231162357191,
            26.7271626523903
          ],
          [
            89.5232520520267,
            26.7271620694626
          ],
          [
            89.5233966505782,
            26.7271548474858
          ],
          [
            89.5236187344148,
            26.7271510488178
          ],
          [
            89.5237575911892,
            26.7271376478772
          ],
          [
            89.5239914938532,
            26.7271360182511
          ],
          [
            89.524122301804,
            26.7271295027134
          ],
          [
            89.524391325505,
            26.7271277236894
          ],
          [
            89.5245460868755,
            26.7271146805628
          ],
          [
            89.524674902017,
            26.7271179404844
          ],
          [
            89.5248666131586,
            26.7270967257093
          ],
          [
            89.5250018525087,
            26.7270426080898
          ],
          [
            89.525094292454,
            26.7270181527274
          ],
          [
            89.5251905278662,
            26.7270001553254
          ],
          [
            89.5252700577359,
            26.7270034069416
          ],
          [
            89.5253395991171,
            26.7270181205235
          ],
          [
            89.525430706487,
            26.7270524377545
          ],
          [
            89.5255232403515,
            26.7270964799544
          ],
          [
            89.5256524881037,
            26.7271094889011
          ],
          [
            89.5257771471791,
            26.7271060768708
          ],
          [
            89.5258530794135,
            26.727105981784
          ],
          [
            89.5259449329461,
            26.7271123473147
          ],
          [
            89.5260161096689,
            26.7271574997015
          ],
          [
            89.5261118789553,
            26.7272071951311
          ],
          [
            89.5261669882102,
            26.727216666879
          ],
          [
            89.5262223538543,
            26.7272101011284
          ],
          [
            89.5263018426456,
            26.7272036803268
          ],
          [
            89.5264141050135,
            26.727166675334
          ],
          [
            89.5264874473823,
            26.7271343163751
          ],
          [
            89.526569326332,
            26.7271341743396
          ],
          [
            89.5266224102951,
            26.7271613836161
          ],
          [
            89.5266825638926,
            26.7271724766024
          ],
          [
            89.5267466375411,
            26.7271643127196
          ],
          [
            89.5268479513408,
            26.7271304871262
          ],
          [
            89.5269171902914,
            26.7271048086136
          ],
          [
            89.5270768439444,
            26.7270696028538
          ],
          [
            89.5270822216681,
            26.7270696027141
          ],
          [
            89.5272348565698,
            26.7270615951787
          ],
          [
            89.5274926315788,
            26.7270679901461
          ],
          [
            89.5276719145014,
            26.7270679861987
          ],
          [
            89.5280571532386,
            26.7270889530849
          ],
          [
            89.5284469317922,
            26.7270840697428
          ],
          [
            89.5286136633358,
            26.7270871130417
          ],
          [
            89.5289154964721,
            26.7270884087809
          ],
          [
            89.5293248550288,
            26.7270977340244
          ],
          [
            89.5296863103352,
            26.7270991173326
          ],
          [
            89.5302520709989,
            26.7271022521023
          ],
          [
            89.5306790821037,
            26.7271020898249
          ],
          [
            89.5307616606276,
            26.7270957248039
          ],
          [
            89.5311614663656,
            26.7270813324485
          ],
          [
            89.531302893272,
            26.7270812639336
          ],
          [
            89.5317525091624,
            26.7270795362743
          ],
          [
            89.5322045912462,
            26.7270781402121
          ],
          [
            89.5325274086865,
            26.727081343454
          ],
          [
            89.5331956284641,
            26.7270818186927
          ],
          [
            89.5333089790908,
            26.7270643411562
          ],
          [
            89.5333717025876,
            26.7270570585704
          ],
          [
            89.5335081211787,
            26.7270354995474
          ],
          [
            89.5336207758708,
            26.7270250091681
          ],
          [
            89.5337503946578,
            26.727025677692
          ],
          [
            89.5338552488555,
            26.7270275372371
          ],
          [
            89.5339652189894,
            26.7270307066994
          ],
          [
            89.5340930656893,
            26.7270418663944
          ],
          [
            89.5341998083675,
            26.727053081568
          ],
          [
            89.5342031480363,
            26.7270530811338
          ],
          [
            89.5343499209105,
            26.7270434338961
          ],
          [
            89.5344731044685,
            26.7270433159793
          ],
          [
            89.5345926660806,
            26.7270587036468
          ],
          [
            89.5346722397715,
            26.7270969573988
          ],
          [
            89.5347128973367,
            26.7271314726188
          ],
          [
            89.53474578481,
            26.7272249287291
          ],
          [
            89.5347574364816,
            26.7272708101564
          ],
          [
            89.5347551426551,
            26.7273574565391
          ],
          [
            89.534756870501,
            26.727440071145
          ],
          [
            89.5347599379454,
            26.7274994195682
          ],
          [
            89.5347730183178,
            26.7275442765585
          ],
          [
            89.5347728392564,
            26.7276097557704
          ],
          [
            89.5347727350968,
            26.727647799944
          ],
          [
            89.5347588755138,
            26.7277542224739
          ],
          [
            89.5347833486266,
            26.7280362152002
          ],
          [
            89.5347995825371,
            26.7281251149966
          ],
          [
            89.5349123890614,
            26.7281896245544
          ],
          [
            89.5349714916533,
            26.7282412097026
          ],
          [
            89.5350372628391,
            26.7282987896455
          ],
          [
            89.535079190551,
            26.7283638775692
          ],
          [
            89.5351140328633,
            26.7284572742354
          ],
          [
            89.5351606298138,
            26.7285208201793
          ],
          [
            89.5352158365795,
            26.7285770088889
          ],
          [
            89.5352693357681,
            26.7286196707105
          ],
          [
            89.5352727748942,
            26.728621197493
          ],
          [
            89.5353280981591,
            26.7286609291335
          ],
          [
            89.5353332575997,
            26.7286624622055
          ],
          [
            89.5353905363887,
            26.7287069065193
          ],
          [
            89.5354084777055,
            26.7287514249536
          ],
          [
            89.5354751667943,
            26.7288238826545
          ]
        ]
      }
    },
    {
      "type": "Feature",
      "id": "ROAD_BTR_052",
      "properties": {
        "assetId": "ROAD_BTR_052",
        "name": "Shikhari rd.",
        "assetType": "FOREST_ROAD",
        "division": null,
        "ranges": [],
        "beats": [],
        "compartments": [],
        "surface": "UNKNOWN",
        "vehicleAccess": "UNKNOWN",
        "status": "OPEN",
        "totalLengthKm": 13246.025,
        "currentCondition": null,
        "lastVisitedAt": null,
        "lastVisitedBy": null,
        "lastVisit": null,
        "lastSubstantialPatrolAt": null,
        "lastFullPatrolAt": null
      },
      "geometry": {
        "type": "LineString",
        "coordinates": [
          [
            89.5234841086963,
            26.6337170831269
          ],
          [
            89.5235009740131,
            26.6338065262565
          ],
          [
            89.5235118327509,
            26.633970328775
          ],
          [
            89.5235102180128,
            26.6341950929587
          ],
          [
            89.5235009158395,
            26.6343248660025
          ],
          [
            89.5235002837784,
            26.6344292120563
          ],
          [
            89.5235009169495,
            26.6350126389153
          ],
          [
            89.5234968359853,
            26.6353028783927
          ],
          [
            89.5234886742421,
            26.6356011883879
          ],
          [
            89.5234930926066,
            26.6359754091043
          ],
          [
            89.5234974231089,
            26.6362197855449
          ],
          [
            89.5234995936744,
            26.636546487307
          ],
          [
            89.5234813235544,
            26.6369909745456
          ],
          [
            89.5234853831334,
            26.6373023988822
          ],
          [
            89.5234650830527,
            26.6376313317673
          ],
          [
            89.5234589682069,
            26.637947153115
          ],
          [
            89.523394628547,
            26.6385916680504
          ],
          [
            89.5233809837902,
            26.6390151966958
          ],
          [
            89.5233812937711,
            26.6395550759424
          ],
          [
            89.5234147102138,
            26.6400915165043
          ],
          [
            89.5234483989825,
            26.640625411124
          ],
          [
            89.5234675446633,
            26.6411926171103
          ],
          [
            89.5235201961708,
            26.6417017528395
          ],
          [
            89.5235700632101,
            26.6422977123803
          ],
          [
            89.5236237640697,
            26.64280940423
          ],
          [
            89.5236777748097,
            26.6434220720343
          ],
          [
            89.5237424505544,
            26.6440859017849
          ],
          [
            89.5237845720256,
            26.6446446674664
          ],
          [
            89.5237789523419,
            26.6447775652135
          ],
          [
            89.5237424325835,
            26.6449331431725
          ],
          [
            89.5236890829092,
            26.6450936236697
          ],
          [
            89.5236183869056,
            26.6451978383982
          ],
          [
            89.5234980499606,
            26.645346341015
          ],
          [
            89.5233425243724,
            26.6455047701298
          ],
          [
            89.5232764043371,
            26.6455425696381
          ],
          [
            89.5231861851775,
            26.6456520372153
          ],
          [
            89.5231439064229,
            26.6457338930484
          ],
          [
            89.5231143200402,
            26.6458674289259
          ],
          [
            89.5230755161647,
            26.6461284484749
          ],
          [
            89.5230258063704,
            26.6462363547194
          ],
          [
            89.5228635678017,
            26.6464797740168
          ],
          [
            89.5227052795429,
            26.6466867009708
          ],
          [
            89.5225213270458,
            26.6469143493289
          ],
          [
            89.5222447442031,
            26.6472500314058
          ],
          [
            89.5221247045871,
            26.6474207072569
          ],
          [
            89.5220219929668,
            26.6475823714451
          ],
          [
            89.5218932432338,
            26.647771871343
          ],
          [
            89.5217659219519,
            26.6479518235987
          ],
          [
            89.5216281161484,
            26.6482037391187
          ],
          [
            89.5215907071926,
            26.6482928509925
          ],
          [
            89.5215537358915,
            26.648385896436
          ],
          [
            89.5215384392196,
            26.6484363211381
          ],
          [
            89.521488203328,
            26.6487596383414
          ],
          [
            89.5214699642289,
            26.6491174036214
          ],
          [
            89.5214696647947,
            26.6495072723452
          ],
          [
            89.5214704902388,
            26.6498185415945
          ],
          [
            89.5214415484148,
            26.6501603258624
          ],
          [
            89.5214230672896,
            26.6505042525912
          ],
          [
            89.5214257727864,
            26.6509001226664
          ],
          [
            89.5214076550265,
            26.6511988915934
          ],
          [
            89.5213871983057,
            26.6514877604027
          ],
          [
            89.5213850698195,
            26.6515638197867
          ],
          [
            89.5213850677355,
            26.6517915456327
          ],
          [
            89.5213597923751,
            26.6521707368767
          ],
          [
            89.5213539120155,
            26.6523052690621
          ],
          [
            89.5213488148337,
            26.6526548107169
          ],
          [
            89.5213392930806,
            26.6530062066399
          ],
          [
            89.5213321248347,
            26.6533515692658
          ],
          [
            89.5213240012913,
            26.653522852857
          ],
          [
            89.5213197670926,
            26.6537403071901
          ],
          [
            89.5213218804976,
            26.6539852341032
          ],
          [
            89.5213078246484,
            26.6543989359833
          ],
          [
            89.521300632974,
            26.6547153848477
          ],
          [
            89.5212974526814,
            26.6548772683426
          ],
          [
            89.5212879789497,
            26.6551099598829
          ],
          [
            89.5212931124027,
            26.6553436930918
          ],
          [
            89.521283380534,
            26.655517077668
          ],
          [
            89.5212756327056,
            26.6556603028791
          ],
          [
            89.521279218225,
            26.6560198931227
          ],
          [
            89.5212549214632,
            26.6563598867655
          ],
          [
            89.5212643531777,
            26.6565813602604
          ],
          [
            89.5212675311732,
            26.656814367713
          ],
          [
            89.5212646749288,
            26.6570433950268
          ],
          [
            89.5212623932031,
            26.6573109675229
          ],
          [
            89.5212691499171,
            26.6575690306089
          ],
          [
            89.5212625489825,
            26.6579306171
          ],
          [
            89.5212529651237,
            26.6580780174765
          ],
          [
            89.5212482732725,
            26.6581386483986
          ],
          [
            89.5212827877098,
            26.6583775840733
          ],
          [
            89.5212869589034,
            26.6585026680896
          ],
          [
            89.5213161923401,
            26.6587296283327
          ],
          [
            89.5213392682578,
            26.6589497784386
          ],
          [
            89.5213524450815,
            26.6590404292095
          ],
          [
            89.5213650498969,
            26.6590935166594
          ],
          [
            89.5213529529584,
            26.6591862943468
          ],
          [
            89.5213244815529,
            26.6593031986828
          ],
          [
            89.5212965782372,
            26.6595325536884
          ],
          [
            89.5212885616742,
            26.6596097802848
          ],
          [
            89.5212666214683,
            26.6602609444633
          ],
          [
            89.5212672263595,
            26.6605290928543
          ],
          [
            89.5212687713158,
            26.660968803775
          ],
          [
            89.5212958879267,
            26.6614057186741
          ],
          [
            89.5213029679573,
            26.6617065589572
          ],
          [
            89.5213277001776,
            26.6620333048909
          ],
          [
            89.5213196859375,
            26.662509439846
          ],
          [
            89.5213117220592,
            26.6628193128939
          ],
          [
            89.521328750602,
            26.663136608187
          ],
          [
            89.5213287469305,
            26.6634687521208
          ],
          [
            89.5213396278106,
            26.6638973035646
          ],
          [
            89.5213396227977,
            26.664348044146
          ],
          [
            89.5213683596306,
            26.664674265726
          ],
          [
            89.5213683566841,
            26.664977830001
          ],
          [
            89.5213899382886,
            26.6654423043978
          ],
          [
            89.5214031826616,
            26.6658119605879
          ],
          [
            89.5214187453727,
            26.6661402981095
          ],
          [
            89.5214257284275,
            26.6665750064083
          ],
          [
            89.5214278146838,
            26.6669910930804
          ],
          [
            89.521459222764,
            26.6672809210759
          ],
          [
            89.5214896682392,
            26.667749657349
          ],
          [
            89.5215237015393,
            26.6681011805039
          ],
          [
            89.52152250001,
            26.6684508455148
          ],
          [
            89.5215201156165,
            26.668940564679
          ],
          [
            89.5215383680656,
            26.669367657335
          ],
          [
            89.5215392396613,
            26.669734853738
          ],
          [
            89.5215779357511,
            26.6701446240342
          ],
          [
            89.5215864226088,
            26.6705601484743
          ],
          [
            89.5216020627765,
            26.670771639739
          ],
          [
            89.5215914294302,
            26.670991213959
          ],
          [
            89.5216033205798,
            26.6711853530264
          ],
          [
            89.5216290623797,
            26.6715230269851
          ],
          [
            89.5216389206975,
            26.6716836504382
          ],
          [
            89.5216589688319,
            26.6719783233567
          ],
          [
            89.5216618746608,
            26.6724391947693
          ],
          [
            89.5216760282705,
            26.6725489104655
          ],
          [
            89.5216717182014,
            26.6726151774315
          ],
          [
            89.5216548523297,
            26.6727222784953
          ],
          [
            89.5216217549209,
            26.6728459414377
          ],
          [
            89.5215928108868,
            26.6729122516182
          ],
          [
            89.5215785309668,
            26.6729785619512
          ],
          [
            89.5215724437741,
            26.6730098311168
          ],
          [
            89.5215872637409,
            26.6730923567835
          ],
          [
            89.5215916112404,
            26.673147271139
          ],
          [
            89.5215917210413,
            26.6731756935107
          ],
          [
            89.5215877053953,
            26.6732050296918
          ],
          [
            89.5215671391988,
            26.6732252442817
          ],
          [
            89.521538325653,
            26.6732491511727
          ],
          [
            89.5215012382335,
            26.6732730946138
          ],
          [
            89.5214538533361,
            26.6733080749911
          ],
          [
            89.5214374070816,
            26.6733266458414
          ],
          [
            89.5214273916122,
            26.6733799398036
          ],
          [
            89.5214277563825,
            26.673444160972
          ],
          [
            89.521454814549,
            26.67351010206
          ],
          [
            89.521477674994,
            26.6735667919971
          ],
          [
            89.5214942809615,
            26.6736087980009
          ],
          [
            89.5214985459838,
            26.6736635989737
          ],
          [
            89.5214780919289,
            26.6737167826488
          ],
          [
            89.521463779697,
            26.6737552304963
          ],
          [
            89.5214638907425,
            26.6737936815232
          ],
          [
            89.5214804809653,
            26.6738357693348
          ],
          [
            89.5215176608529,
            26.6738978885322
          ],
          [
            89.5215608764718,
            26.6739398112683
          ],
          [
            89.5215917107262,
            26.6739780364537
          ],
          [
            89.5216450276626,
            26.6740306996876
          ],
          [
            89.521665520417,
            26.6740651846007
          ],
          [
            89.5217002280871,
            26.6741797382602
          ],
          [
            89.5217164708259,
            26.6742617941222
          ],
          [
            89.52173878005,
            26.6744262623581
          ],
          [
            89.5217652254556,
            26.6745777025479
          ],
          [
            89.5217733051079,
            26.6747331408563
          ],
          [
            89.5217773542087,
            26.6748941711736
          ],
          [
            89.5217650738856,
            26.675045821071
          ],
          [
            89.5217589939389,
            26.6752002809191
          ],
          [
            89.5217838549348,
            26.6755363081734
          ],
          [
            89.5217921661632,
            26.6757352325815
          ],
          [
            89.5218105541989,
            26.6759674031893
          ],
          [
            89.5218105813768,
            26.6760105454791
          ],
          [
            89.5218328082893,
            26.6760889224842
          ],
          [
            89.5218690879746,
            26.6761320094836
          ],
          [
            89.5218811630399,
            26.6761642880213
          ],
          [
            89.5218972546051,
            26.6761929109167
          ],
          [
            89.5218931977853,
            26.6762432251492
          ],
          [
            89.5218971808536,
            26.6763024262971
          ],
          [
            89.5218971506205,
            26.676347205263
          ],
          [
            89.5218931121541,
            26.6763829849364
          ],
          [
            89.5218810588309,
            26.6764062210135
          ],
          [
            89.5218589836791,
            26.6764419368601
          ],
          [
            89.5218469530264,
            26.6764651314973
          ],
          [
            89.5218309239161,
            26.6764918743087
          ],
          [
            89.5218149067518,
            26.676516814806
          ],
          [
            89.5218149381154,
            26.6765717253329
          ],
          [
            89.5218349922818,
            26.6766803468834
          ],
          [
            89.5218350208268,
            26.6767512664397
          ],
          [
            89.5218370418658,
            26.6768280364347
          ],
          [
            89.5218470029613,
            26.6769025125135
          ],
          [
            89.5218549460469,
            26.6770102376374
          ],
          [
            89.5218509854669,
            26.6771139082007
          ],
          [
            89.5218549336126,
            26.6772513341301
          ],
          [
            89.5218745408567,
            26.6775357815037
          ],
          [
            89.5218999044222,
            26.6779004949973
          ],
          [
            89.5219232848971,
            26.6782759145154
          ],
          [
            89.5219389010788,
            26.6786479210634
          ],
          [
            89.5219368439745,
            26.679022114372
          ],
          [
            89.521936842278,
            26.6793148143877
          ],
          [
            89.5219211867733,
            26.6795247665724
          ],
          [
            89.521901744384,
            26.6798661536258
          ],
          [
            89.5219037978963,
            26.6801256245849
          ],
          [
            89.521894068628,
            26.6803584761059
          ],
          [
            89.5219019033047,
            26.6806759114672
          ],
          [
            89.5219368008348,
            26.6811240754768
          ],
          [
            89.5219360192434,
            26.6815406326704
          ],
          [
            89.5219474585577,
            26.6817461073816
          ],
          [
            89.5219452924894,
            26.6820691492729
          ],
          [
            89.5219659825179,
            26.6824782345752
          ],
          [
            89.5219654396706,
            26.6827806401001
          ],
          [
            89.5219934648434,
            26.6831331562158
          ],
          [
            89.521989388626,
            26.6833903426702
          ],
          [
            89.5219722688271,
            26.6834714709391
          ],
          [
            89.5219946224399,
            26.6837809532402
          ],
          [
            89.5219810544298,
            26.6841248764572
          ],
          [
            89.5219958867876,
            26.6844743150728
          ],
          [
            89.5220052679153,
            26.6848152127983
          ],
          [
            89.5220428487423,
            26.6851875782582
          ],
          [
            89.5220297389751,
            26.68558369027
          ],
          [
            89.5220339243777,
            26.6858518092942
          ],
          [
            89.5220332363844,
            26.6861280325513
          ],
          [
            89.522024005968,
            26.6861763731316
          ],
          [
            89.5220166766983,
            26.6862345538759
          ],
          [
            89.5220016832488,
            26.6862775732192
          ],
          [
            89.5219675902693,
            26.6863089394952
          ],
          [
            89.5219314536109,
            26.6863456450566
          ],
          [
            89.5219008996376,
            26.6863824283248
          ],
          [
            89.5218721371256,
            26.6864119532777
          ],
          [
            89.5218451959922,
            26.6864432528868
          ],
          [
            89.5218026719439,
            26.6864852242895
          ],
          [
            89.5217677057875,
            26.6865221062797
          ],
          [
            89.5217384355262,
            26.6865573335416
          ],
          [
            89.521703152117,
            26.6866015429514
          ],
          [
            89.5216852902855,
            26.6866632660663
          ],
          [
            89.5216771854377,
            26.6867250664972
          ],
          [
            89.5217240583978,
            26.6868064441087
          ],
          [
            89.5217982411891,
            26.68702389269
          ],
          [
            89.5218255667996,
            26.6871198502777
          ],
          [
            89.5218528984839,
            26.6872019383796
          ],
          [
            89.521858761794,
            26.6872668649243
          ],
          [
            89.521864634706,
            26.6873283826234
          ],
          [
            89.521858778363,
            26.6874629660271
          ],
          [
            89.5218293033735,
            26.6876005004457
          ],
          [
            89.5217535988999,
            26.6878382341655
          ],
          [
            89.521733848357,
            26.6879165022034
          ],
          [
            89.521721950168,
            26.6880308586281
          ],
          [
            89.5217020083216,
            26.6882183613612
          ],
          [
            89.521725920566,
            26.6884315368021
          ],
          [
            89.5217438552493,
            26.6885312456217
          ],
          [
            89.5217378759077,
            26.6886327349981
          ],
          [
            89.5217259179276,
            26.6887895063014
          ],
          [
            89.5217418509497,
            26.6889424061911
          ],
          [
            89.5217477973256,
            26.6891123526915
          ],
          [
            89.5217517622669,
            26.689183374573
          ],
          [
            89.5217616929728,
            26.6892312838237
          ],
          [
            89.5217795657342,
            26.6892862657904
          ],
          [
            89.5217994134032,
            26.6893429844248
          ],
          [
            89.5218291644562,
            26.6894247185462
          ],
          [
            89.5218628606943,
            26.6895097961916
          ],
          [
            89.5218885918422,
            26.6895859372739
          ],
          [
            89.5219142441222,
            26.6896932513392
          ],
          [
            89.5219399049362,
            26.6897781792942
          ],
          [
            89.5219397518727,
            26.6898523539121
          ],
          [
            89.5219395768956,
            26.6899440650028
          ],
          [
            89.5219374413804,
            26.690037426071
          ],
          [
            89.5219392175432,
            26.6901623489578
          ],
          [
            89.5219292030453,
            26.6902362935558
          ],
          [
            89.5219290342526,
            26.6903435681679
          ],
          [
            89.5219051811561,
            26.6904435242142
          ],
          [
            89.5218853255043,
            26.690539422213
          ],
          [
            89.5218339652048,
            26.6906865337939
          ],
          [
            89.5217945682858,
            26.6908174896967
          ],
          [
            89.5217611716282,
            26.6909274850739
          ],
          [
            89.5217298134904,
            26.691035654168
          ],
          [
            89.5216741228651,
            26.6911358322322
          ],
          [
            89.5216223130409,
            26.6912465340336
          ],
          [
            89.5215962199222,
            26.6913371634929
          ],
          [
            89.5215956596576,
            26.6914304974444
          ],
          [
            89.5215952187459,
            26.6915039158747
          ],
          [
            89.5216074713965,
            26.6915885702742
          ],
          [
            89.5215902238635,
            26.6917427541761
          ],
          [
            89.521580916055,
            26.6920336855476
          ],
          [
            89.5215798060963,
            26.6921453526654
          ],
          [
            89.5216093712986,
            26.692367540711
          ],
          [
            89.5216427464822,
            26.692515220932
          ],
          [
            89.5216664933701,
            26.6926622968651
          ],
          [
            89.521689434125,
            26.6928693442368
          ],
          [
            89.5217101525903,
            26.6929881451028
          ],
          [
            89.5217316038829,
            26.693046225227
          ],
          [
            89.5217834812178,
            26.6932135293247
          ],
          [
            89.5218298377808,
            26.693307703314
          ],
          [
            89.5219169990367,
            26.6934800315985
          ],
          [
            89.5220360794954,
            26.693671889615
          ],
          [
            89.5220736677955,
            26.6937386665576
          ],
          [
            89.5221271813172,
            26.6937973239318
          ],
          [
            89.5221580708797,
            26.6938777935945
          ],
          [
            89.52216683153,
            26.6939441307356
          ],
          [
            89.5221501782178,
            26.6940072614262
          ],
          [
            89.5221338070092,
            26.6940427320722
          ],
          [
            89.522106363773,
            26.6941810672301
          ],
          [
            89.5220606215214,
            26.6942918484389
          ],
          [
            89.5220266785997,
            26.6944719771909
          ],
          [
            89.5220122682538,
            26.6947551415945
          ],
          [
            89.5220320997344,
            26.6954594198155
          ],
          [
            89.5220359514515,
            26.6959868605052
          ],
          [
            89.5220332060858,
            26.6965164347468
          ],
          [
            89.5220268857233,
            26.6970662583954
          ],
          [
            89.5220683805774,
            26.697661564406
          ],
          [
            89.522088433088,
            26.6986179176658
          ],
          [
            89.5221242846908,
            26.6996066887151
          ],
          [
            89.5221765875739,
            26.7003331415487
          ],
          [
            89.5222117772733,
            26.7004754864363
          ],
          [
            89.5222318922987,
            26.700553310453
          ],
          [
            89.5222566633704,
            26.7006139301653
          ],
          [
            89.5222987580513,
            26.7006845046411
          ],
          [
            89.5223295798862,
            26.7007212646679
          ],
          [
            89.522381168192,
            26.7007797889293
          ],
          [
            89.5224261226187,
            26.7008293804543
          ],
          [
            89.5224539282516,
            26.7008605190252
          ],
          [
            89.5224788230034,
            26.7009043010101
          ],
          [
            89.5225040369622,
            26.7009546072863
          ],
          [
            89.5225120974487,
            26.7009956947007
          ],
          [
            89.522504038821,
            26.7010656675088
          ],
          [
            89.5224887784007,
            26.7011265483627
          ],
          [
            89.5224699764738,
            26.7011878506456
          ],
          [
            89.522460184654,
            26.7012246278599
          ],
          [
            89.5224599959894,
            26.7012657763984
          ],
          [
            89.5224597674587,
            26.7013157007829
          ],
          [
            89.5224757930781,
            26.701391966165
          ],
          [
            89.5224754883473,
            26.701456414556
          ],
          [
            89.5224751285762,
            26.7015324815215
          ],
          [
            89.5224717081497,
            26.7015967629323
          ],
          [
            89.522432813967,
            26.7016493806125
          ],
          [
            89.5223614088164,
            26.7017548483176
          ],
          [
            89.522289885302,
            26.7018401723946
          ],
          [
            89.5222345681022,
            26.7018964358739
          ],
          [
            89.522211986108,
            26.7019644127992
          ],
          [
            89.5222025421405,
            26.7020410614524
          ],
          [
            89.5221896869916,
            26.7021031840531
          ],
          [
            89.5221668234046,
            26.702153635259
          ],
          [
            89.5221142582004,
            26.7022490014324
          ],
          [
            89.5220778764098,
            26.7023532062062
          ],
          [
            89.5220745896372,
            26.7024216261252
          ],
          [
            89.5220746240084,
            26.7024900829451
          ],
          [
            89.5221145062957,
            26.7025460734029
          ],
          [
            89.5221609963884,
            26.7026261868413
          ],
          [
            89.5221742868608,
            26.7026618104871
          ],
          [
            89.5221776064915,
            26.7026677429353
          ],
          [
            89.5222008789722,
            26.7027449512764
          ],
          [
            89.5222142137981,
            26.7032142171206
          ],
          [
            89.5221641165113,
            26.70391520147
          ],
          [
            89.5221475296938,
            26.7042109817272
          ],
          [
            89.5221375095553,
            26.7047748756343
          ],
          [
            89.5221403635531,
            26.7053026031657
          ],
          [
            89.5221395544299,
            26.7059561959782
          ],
          [
            89.5221459217187,
            26.7062117861872
          ],
          [
            89.5221456334722,
            26.7066605198819
          ],
          [
            89.5221452788289,
            26.7071369646758
          ],
          [
            89.5221566339447,
            26.707898228232
          ],
          [
            89.5221786814995,
            26.7084452315004
          ],
          [
            89.5221842472476,
            26.7092042419366
          ],
          [
            89.5221672722045,
            26.7100456584804
          ],
          [
            89.5221421958757,
            26.7115058713048
          ],
          [
            89.5221333736635,
            26.7120985863305
          ],
          [
            89.5221397118006,
            26.7127980042558
          ],
          [
            89.5221157931509,
            26.7129310289077
          ],
          [
            89.5220683712316,
            26.713042918252
          ],
          [
            89.5220130928166,
            26.7131824487591
          ],
          [
            89.5219894204854,
            26.7132521042027
          ],
          [
            89.5219971855301,
            26.7133638096536
          ],
          [
            89.5220520177912,
            26.7134753137136
          ],
          [
            89.5221224435394,
            26.7136075540778
          ],
          [
            89.5221536621379,
            26.7137049477553
          ],
          [
            89.5221534067106,
            26.7138927433638
          ],
          [
            89.5221370719864,
            26.7142700654348
          ],
          [
            89.5221051513018,
            26.7146371690299
          ],
          [
            89.522143558711,
            26.7150892200576
          ],
          [
            89.5221429277256,
            26.7155873868645
          ],
          [
            89.5221500472198,
            26.7161949876711
          ],
          [
            89.5221437507568,
            26.716577273138
          ],
          [
            89.5221566236879,
            26.7169951706097
          ],
          [
            89.5222005796033,
            26.717356490215
          ],
          [
            89.5222273152135,
            26.7174790011186
          ],
          [
            89.5222907289565,
            26.7176067411059
          ],
          [
            89.5223696682543,
            26.7176826362741
          ],
          [
            89.5224121335151,
            26.7177493354831
          ],
          [
            89.5224342488772,
            26.7178595144248
          ],
          [
            89.5223985076234,
            26.7179511806612
          ],
          [
            89.5223517863939,
            26.7180093927403
          ],
          [
            89.5222734301157,
            26.7180777119107
          ],
          [
            89.5222160708787,
            26.7181611407818
          ],
          [
            89.5221848918833,
            26.7182398555736
          ],
          [
            89.5221589329769,
            26.7182902959426
          ],
          [
            89.522159458921,
            26.7183773729493
          ],
          [
            89.5222059781828,
            26.7184739398444
          ],
          [
            89.5222172497523,
            26.7186174548861
          ],
          [
            89.5222179410767,
            26.7187106010147
          ],
          [
            89.522198285562,
            26.7188279820821
          ],
          [
            89.5221582821181,
            26.7189897969512
          ],
          [
            89.5221438503972,
            26.7191483141896
          ],
          [
            89.5221550076164,
            26.7192546483772
          ],
          [
            89.5221696500547,
            26.71971593911
          ],
          [
            89.5221714643793,
            26.7199487487592
          ],
          [
            89.5221848754784,
            26.7203607574323
          ],
          [
            89.5221859616184,
            26.7207382529246
          ],
          [
            89.522203859845,
            26.7210622193645
          ],
          [
            89.5221904769527,
            26.7214140396281
          ],
          [
            89.5222134026591,
            26.7217688942303
          ],
          [
            89.522238858568,
            26.7219406057654
          ],
          [
            89.5222254032792,
            26.7221662214994
          ],
          [
            89.5222628039852,
            26.7230871305368
          ],
          [
            89.5222755427727,
            26.7237291668993
          ],
          [
            89.5222956415232,
            26.7243323390026
          ],
          [
            89.5223238271029,
            26.7246811627213
          ],
          [
            89.5223030525162,
            26.7251001062787
          ],
          [
            89.5223356209684,
            26.7260438127703
          ],
          [
            89.5223353739951,
            26.7267036142703
          ],
          [
            89.5223481609574,
            26.7268048716861
          ],
          [
            89.522359142088,
            26.7268855844173
          ],
          [
            89.5223895710747,
            26.7269396225194
          ],
          [
            89.5224646645909,
            26.7269938072294
          ],
          [
            89.5225246554088,
            26.7270341999842
          ],
          [
            89.5225703295076,
            26.7271061900757
          ],
          [
            89.5225961184105,
            26.7271693717701
          ],
          [
            89.5226119500368,
            26.7272282001452
          ],
          [
            89.5226033114286,
            26.7273144582054
          ],
          [
            89.5225746456079,
            26.72740104841
          ],
          [
            89.5225458159818,
            26.7274789826105
          ],
          [
            89.5225167998265,
            26.727543678549
          ],
          [
            89.5225040517212,
            26.727701282192
          ],
          [
            89.5225038991348,
            26.7284368894342
          ],
          [
            89.5225331287524,
            26.729314561884
          ],
          [
            89.5225499344327,
            26.7297007055638
          ],
          [
            89.5225454817955,
            26.7301853759289
          ],
          [
            89.5225477353903,
            26.7308371345759
          ],
          [
            89.5225234687425,
            26.7315682710727
          ],
          [
            89.5225331115927,
            26.732097012555
          ],
          [
            89.5225247972297,
            26.7321863675232
          ],
          [
            89.5225284282991,
            26.7323813035551
          ],
          [
            89.5225457566593,
            26.7328889557788
          ],
          [
            89.5225716466763,
            26.733433728514
          ],
          [
            89.522602331059,
            26.7340945730818
          ],
          [
            89.5226368106205,
            26.7347423362827
          ],
          [
            89.5226406017907,
            26.7353131440133
          ],
          [
            89.522645960071,
            26.7357027724201
          ],
          [
            89.522694688009,
            26.7362084643266
          ],
          [
            89.5227383735282,
            26.7370211884176
          ],
          [
            89.5227875465878,
            26.7375068083246
          ],
          [
            89.5228404212946,
            26.7381854627869
          ],
          [
            89.5228698665613,
            26.7387448223209
          ],
          [
            89.5228854726875,
            26.738882351016
          ],
          [
            89.5229027748074,
            26.7391839470099
          ],
          [
            89.5229361479168,
            26.7395264005656
          ],
          [
            89.5229859092454,
            26.73992854336
          ],
          [
            89.5230264949965,
            26.740235558305
          ],
          [
            89.5230713981712,
            26.7405347206143
          ],
          [
            89.5230956580938,
            26.7408054292997
          ],
          [
            89.5231500644712,
            26.7412015805813
          ],
          [
            89.5232079198808,
            26.7413699113566
          ],
          [
            89.5232391580258,
            26.7420531132726
          ],
          [
            89.5232696844496,
            26.7422764208306
          ],
          [
            89.5233245998058,
            26.7427259903248
          ],
          [
            89.5233614290455,
            26.7432061397691
          ],
          [
            89.5234165045597,
            26.7439134305493
          ],
          [
            89.5234843133504,
            26.7446215162335
          ],
          [
            89.5235410157374,
            26.7455946596274
          ],
          [
            89.5236024031121,
            26.7459044758855
          ],
          [
            89.5236829673185,
            26.7462946935697
          ],
          [
            89.5237112728531,
            26.7468508366691
          ],
          [
            89.5237567569754,
            26.7471404057063
          ],
          [
            89.5237728647687,
            26.747651446426
          ],
          [
            89.5238232134477,
            26.7480886023104
          ],
          [
            89.5238631876252,
            26.7482883419278
          ],
          [
            89.5239137832585,
            26.7487138744554
          ],
          [
            89.5239534269873,
            26.7489743935096
          ],
          [
            89.5239904035058,
            26.74940857699
          ],
          [
            89.5240062213161,
            26.7495603814832
          ],
          [
            89.524040864067,
            26.7496764693635
          ],
          [
            89.5241518043445,
            26.7499429983955
          ],
          [
            89.5242152214932,
            26.7501470767507
          ],
          [
            89.5242806866435,
            26.7503372090781
          ],
          [
            89.5243622724999,
            26.7504138696388
          ],
          [
            89.524400870113,
            26.7504944838737
          ],
          [
            89.5243880088245,
            26.7505561241798
          ],
          [
            89.5243708549741,
            26.7506332054682
          ],
          [
            89.5243751452777,
            26.7507101460427
          ],
          [
            89.5244094475588,
            26.7508560678633
          ],
          [
            89.5244394415493,
            26.7509634716661
          ],
          [
            89.524440953422,
            26.7510041901315
          ]
        ]
      }
    },
    {
      "type": "Feature",
      "id": "ROAD_BTR_053",
      "properties": {
        "assetId": "ROAD_BTR_053",
        "name": "Unnamed Road 053",
        "assetType": "FOREST_ROAD",
        "division": null,
        "ranges": [],
        "beats": [],
        "compartments": [],
        "surface": "UNKNOWN",
        "vehicleAccess": "UNKNOWN",
        "status": "OPEN",
        "totalLengthKm": 360.813,
        "currentCondition": null,
        "lastVisitedAt": null,
        "lastVisitedBy": null,
        "lastVisit": null,
        "lastSubstantialPatrolAt": null,
        "lastFullPatrolAt": null
      },
      "geometry": {
        "type": "LineString",
        "coordinates": [
          [
            89.664629521982,
            26.6775539995874
          ],
          [
            89.664422608291,
            26.6772484360711
          ],
          [
            89.66435192114,
            26.6770827838809
          ],
          [
            89.6643479367445,
            26.6770189482689
          ],
          [
            89.6643694588733,
            26.6769602269002
          ],
          [
            89.6643823964904,
            26.6769020677082
          ],
          [
            89.664372953368,
            26.6768236563849
          ],
          [
            89.6643198245806,
            26.6767055927392
          ],
          [
            89.6642452046512,
            26.6765471659508
          ],
          [
            89.6641802010703,
            26.6763888402475
          ],
          [
            89.6640807791635,
            26.6762026130145
          ],
          [
            89.663963929573,
            26.6760629439653
          ],
          [
            89.6638990834736,
            26.675916889364
          ],
          [
            89.663795220606,
            26.6757486843311
          ],
          [
            89.663738399642,
            26.6756580122593
          ],
          [
            89.6636437440767,
            26.6755344792221
          ],
          [
            89.6634583065051,
            26.6753815643274
          ],
          [
            89.663308936532,
            26.6752664213746
          ],
          [
            89.6631690993304,
            26.6752066368024
          ],
          [
            89.6630079805078,
            26.6751545588416
          ],
          [
            89.6628758887623,
            26.6750923839423
          ],
          [
            89.6628354042317,
            26.6750277070053
          ],
          [
            89.6628049143175,
            26.6749374280303
          ]
        ]
      }
    },
    {
      "type": "Feature",
      "id": "ROAD_BTR_054",
      "properties": {
        "assetId": "ROAD_BTR_054",
        "name": "Unnamed Road 054",
        "assetType": "FOREST_ROAD",
        "division": null,
        "ranges": [],
        "beats": [],
        "compartments": [],
        "surface": "UNKNOWN",
        "vehicleAccess": "UNKNOWN",
        "status": "OPEN",
        "totalLengthKm": 539.878,
        "currentCondition": null,
        "lastVisitedAt": null,
        "lastVisitedBy": null,
        "lastVisit": null,
        "lastSubstantialPatrolAt": null,
        "lastFullPatrolAt": null
      },
      "geometry": {
        "type": "LineString",
        "coordinates": [
          [
            89.6091296945802,
            26.6987788803477
          ],
          [
            89.6092984746773,
            26.6987636811686
          ],
          [
            89.6097186951611,
            26.6988359859994
          ],
          [
            89.6099795321772,
            26.6988942812855
          ],
          [
            89.6103549463977,
            26.69895654557
          ],
          [
            89.6106331940677,
            26.6990128652082
          ],
          [
            89.6107785471416,
            26.6989826461461
          ],
          [
            89.6109262763968,
            26.6988485459108
          ],
          [
            89.6111463027237,
            26.6987958539695
          ],
          [
            89.6115738715594,
            26.6987671524527
          ],
          [
            89.6118169939148,
            26.6987973833007
          ],
          [
            89.6119478753613,
            26.6988725554653
          ],
          [
            89.6121277314748,
            26.6989036551653
          ],
          [
            89.6123122210447,
            26.69891542692
          ],
          [
            89.6126155736435,
            26.6988882230823
          ],
          [
            89.6128381360264,
            26.6988951251276
          ],
          [
            89.6132456526126,
            26.69894909097
          ],
          [
            89.6135853163348,
            26.6989993261909
          ],
          [
            89.6137993744862,
            26.699039641329
          ],
          [
            89.6141208021338,
            26.6990598625383
          ],
          [
            89.6143209385417,
            26.6990193614939
          ],
          [
            89.6144050430294,
            26.699005913167
          ]
        ]
      }
    },
    {
      "type": "Feature",
      "id": "ROAD_BTR_055",
      "properties": {
        "assetId": "ROAD_BTR_055",
        "name": "Unnamed Road 055",
        "assetType": "FOREST_ROAD",
        "division": null,
        "ranges": [],
        "beats": [],
        "compartments": [],
        "surface": "UNKNOWN",
        "vehicleAccess": "UNKNOWN",
        "status": "OPEN",
        "totalLengthKm": 1359.049,
        "currentCondition": null,
        "lastVisitedAt": null,
        "lastVisitedBy": null,
        "lastVisit": null,
        "lastSubstantialPatrolAt": null,
        "lastFullPatrolAt": null
      },
      "geometry": {
        "type": "LineString",
        "coordinates": [
          [
            89.5596318872611,
            26.7013136915682
          ],
          [
            89.5594483348533,
            26.7012716434476
          ],
          [
            89.5590826334524,
            26.7012603234313
          ],
          [
            89.558886876352,
            26.701260234646
          ],
          [
            89.5588014985122,
            26.7013143025968
          ],
          [
            89.5587654447649,
            26.7014699380869
          ],
          [
            89.5587328316285,
            26.7019304999881
          ],
          [
            89.5587209493962,
            26.7022582824123
          ],
          [
            89.5586454893518,
            26.7027382247243
          ],
          [
            89.5586310713814,
            26.7030703871628
          ],
          [
            89.5585700704735,
            26.7035878335352
          ],
          [
            89.5585260337865,
            26.7040819283362
          ],
          [
            89.5584855959361,
            26.7047665334627
          ],
          [
            89.5584259899163,
            26.7055838827055
          ],
          [
            89.5583838050697,
            26.7060585921777
          ],
          [
            89.5583369814837,
            26.7066422944961
          ],
          [
            89.5583067406761,
            26.7070527576901
          ],
          [
            89.5582236575254,
            26.7078455815072
          ],
          [
            89.558217340833,
            26.7081939584154
          ],
          [
            89.5581410519621,
            26.7088043132092
          ],
          [
            89.5581099538091,
            26.7092204695614
          ],
          [
            89.5580304978812,
            26.7095077424493
          ],
          [
            89.5579169646933,
            26.7098433152171
          ],
          [
            89.5577830299655,
            26.71016203818
          ],
          [
            89.5575987133747,
            26.7104056861289
          ],
          [
            89.5574216137063,
            26.7106486699375
          ],
          [
            89.5572456405958,
            26.7108389430167
          ],
          [
            89.5569951168117,
            26.7110588502995
          ],
          [
            89.5567830361068,
            26.7112328533542
          ],
          [
            89.5565467847787,
            26.7113835391521
          ],
          [
            89.5562709202389,
            26.7115508843762
          ],
          [
            89.5560392144103,
            26.7116736507664
          ],
          [
            89.5558564075577,
            26.7117975525491
          ],
          [
            89.555793249039,
            26.7118539362796
          ],
          [
            89.5557808846693,
            26.7119043544698
          ]
        ]
      }
    },
    {
      "type": "Feature",
      "id": "ROAD_BTR_056",
      "properties": {
        "assetId": "ROAD_BTR_056",
        "name": "26th mile rd.",
        "assetType": "FOREST_ROAD",
        "division": null,
        "ranges": [],
        "beats": [],
        "compartments": [],
        "surface": "UNKNOWN",
        "vehicleAccess": "UNKNOWN",
        "status": "OPEN",
        "totalLengthKm": 5772.357,
        "currentCondition": null,
        "lastVisitedAt": null,
        "lastVisitedBy": null,
        "lastVisit": null,
        "lastSubstantialPatrolAt": null,
        "lastFullPatrolAt": null
      },
      "geometry": {
        "type": "LineString",
        "coordinates": [
          [
            89.5733736202171,
            26.6729690253122
          ],
          [
            89.5732408745,
            26.6729795055286
          ],
          [
            89.5731205922919,
            26.6730007799076
          ],
          [
            89.573012622474,
            26.6730221793308
          ],
          [
            89.5729285125247,
            26.6730328545749
          ],
          [
            89.5727957706969,
            26.6730326109392
          ],
          [
            89.572651564727,
            26.6730645476529
          ],
          [
            89.572495640949,
            26.6731073192032
          ],
          [
            89.5723390066317,
            26.67309640655
          ],
          [
            89.5722305793755,
            26.6730855453276
          ],
          [
            89.5720859194399,
            26.6730850766115
          ],
          [
            89.57194138608,
            26.6730845814393
          ],
          [
            89.5717734940343,
            26.6731271723448
          ],
          [
            89.5716173064981,
            26.6731268147266
          ],
          [
            89.5714013724559,
            26.6731372518324
          ],
          [
            89.571173612155,
            26.6731586635441
          ],
          [
            89.5709937645966,
            26.6731802872301
          ],
          [
            89.5708258348076,
            26.6731911003169
          ],
          [
            89.5705381078278,
            26.6732227342351
          ],
          [
            89.5703110167148,
            26.673232244311
          ],
          [
            89.5700841173653,
            26.6732526807292
          ],
          [
            89.5699288036263,
            26.6732736195236
          ],
          [
            89.5698095709738,
            26.6732838322813
          ],
          [
            89.5696309466185,
            26.673293785093
          ],
          [
            89.5695001941176,
            26.6732932297121
          ],
          [
            89.5692980457422,
            26.6732820217883
          ],
          [
            89.5691905587039,
            26.673282055238
          ],
          [
            89.5690462657385,
            26.6733250212416
          ],
          [
            89.5689145649622,
            26.6733357990408
          ],
          [
            89.5687356040654,
            26.6733356933954
          ],
          [
            89.5686408323312,
            26.6733141376673
          ],
          [
            89.5685085796076,
            26.6733145916955
          ],
          [
            89.5683030285893,
            26.6733369193378
          ],
          [
            89.5681096981415,
            26.6733484156328
          ],
          [
            89.5679179779183,
            26.6733697679551
          ],
          [
            89.5676965383917,
            26.673379897559
          ],
          [
            89.5675602902384,
            26.6733870238847
          ],
          [
            89.5673597484391,
            26.6733870591672
          ],
          [
            89.5671383279747,
            26.673428455155
          ],
          [
            89.5669685145983,
            26.6734422535634
          ],
          [
            89.5668502353297,
            26.6734560488901
          ],
          [
            89.5666804499876,
            26.6734790409192
          ],
          [
            89.5665881398707,
            26.6734790262275
          ],
          [
            89.5661922767453,
            26.6734927377097
          ],
          [
            89.5656632377717,
            26.6735478046101
          ],
          [
            89.5652265320324,
            26.6735799340579
          ],
          [
            89.5647208367674,
            26.6736028617078
          ],
          [
            89.5642799927239,
            26.6736357876988
          ],
          [
            89.5638541268951,
            26.6736693358993
          ],
          [
            89.5633292757673,
            26.6737081150466
          ],
          [
            89.5629903029376,
            26.6737220175496
          ],
          [
            89.5627402870478,
            26.6737265496565
          ],
          [
            89.562422602648,
            26.6737217889666
          ],
          [
            89.5620528594618,
            26.6737589643564
          ],
          [
            89.5616397327403,
            26.6737683708034
          ],
          [
            89.5612905268437,
            26.6738007891434
          ],
          [
            89.5610459550267,
            26.6738097672527
          ],
          [
            89.5606829482289,
            26.6738461679125
          ],
          [
            89.5602898067532,
            26.6738454994619
          ],
          [
            89.5598823288617,
            26.6738911223292
          ],
          [
            89.5591974679519,
            26.6739445427632
          ],
          [
            89.5588415928801,
            26.6740043734828
          ],
          [
            89.5585785013605,
            26.6740366239605
          ],
          [
            89.55810627705,
            26.6740282037529
          ],
          [
            89.5577340082196,
            26.674023873327
          ],
          [
            89.5574872034339,
            26.6740183891234
          ],
          [
            89.557256509624,
            26.6740267662606
          ],
          [
            89.5570110583348,
            26.6740259013021
          ],
          [
            89.5567072675903,
            26.6740437655724
          ],
          [
            89.5562340892104,
            26.6740989245415
          ],
          [
            89.5558569364376,
            26.6741503980295
          ],
          [
            89.5554180820334,
            26.6742168082978
          ],
          [
            89.5547930506174,
            26.674170838502
          ],
          [
            89.5542890917847,
            26.6742692875796
          ],
          [
            89.5537009771187,
            26.6743161972855
          ],
          [
            89.552742106165,
            26.6743137809173
          ],
          [
            89.552097000029,
            26.6744010282124
          ],
          [
            89.5517795996572,
            26.6743700930085
          ],
          [
            89.5513764374906,
            26.674440807179
          ],
          [
            89.5510862654156,
            26.6744127947207
          ],
          [
            89.5493112651032,
            26.6744727521628
          ],
          [
            89.5473993591667,
            26.6746368887421
          ],
          [
            89.5455577640948,
            26.6746365924966
          ],
          [
            89.5440841181929,
            26.6747022034047
          ],
          [
            89.5426120797951,
            26.6748664175363
          ],
          [
            89.541727483046,
            26.6748663170927
          ],
          [
            89.5410994645721,
            26.6749321418729
          ],
          [
            89.5407466089812,
            26.674992099459
          ],
          [
            89.5402249237305,
            26.6750156842033
          ],
          [
            89.5397871216053,
            26.6750878673488
          ],
          [
            89.5392279154874,
            26.6750973031408
          ],
          [
            89.5386204404957,
            26.6751399558958
          ],
          [
            89.5382632173942,
            26.6751576645789
          ],
          [
            89.5377689456343,
            26.6751653959305
          ],
          [
            89.5373789405767,
            26.6751885829335
          ],
          [
            89.5369214280175,
            26.6752423773793
          ],
          [
            89.5364726720267,
            26.6752498781966
          ],
          [
            89.5360322844519,
            26.67528840557
          ],
          [
            89.5355627289972,
            26.6753196617055
          ],
          [
            89.5352717911117,
            26.6753667972095
          ],
          [
            89.5350738587913,
            26.6753592864232
          ],
          [
            89.5347077757378,
            26.6753666672441
          ],
          [
            89.5342469482666,
            26.6754049495098
          ],
          [
            89.5338227195638,
            26.6754359415055
          ],
          [
            89.5335023909232,
            26.675436014879
          ],
          [
            89.5330955322209,
            26.6754596856413
          ],
          [
            89.532618749727,
            26.6755058727899
          ],
          [
            89.5322466135654,
            26.6755363026332
          ],
          [
            89.5317893512189,
            26.6755739723579
          ],
          [
            89.5307517867092,
            26.6756702192117
          ],
          [
            89.5304540219854,
            26.6756581817564
          ],
          [
            89.5301112595193,
            26.6756626198712
          ],
          [
            89.5298231401578,
            26.6756670580987
          ],
          [
            89.529361153957,
            26.6756892498562
          ],
          [
            89.5288987022578,
            26.6757380012674
          ],
          [
            89.5285662780489,
            26.675751653112
          ],
          [
            89.5283372618782,
            26.6757875262791
          ],
          [
            89.5280027970477,
            26.6758056086527
          ],
          [
            89.5277273814627,
            26.6758237857926
          ],
          [
            89.5273949798544,
            26.6758423277686
          ],
          [
            89.5271361529459,
            26.6758430145029
          ],
          [
            89.5268753551661,
            26.675861828341
          ],
          [
            89.5265720563518,
            26.6758668442758
          ],
          [
            89.5263443380626,
            26.6758762783344
          ],
          [
            89.5260040316268,
            26.6759040909733
          ],
          [
            89.5256121758303,
            26.6759317596434
          ],
          [
            89.5251472162327,
            26.6759595131593
          ],
          [
            89.5250352790777,
            26.6759596338232
          ],
          [
            89.5248570260483,
            26.6759734844386
          ],
          [
            89.5246936210009,
            26.6759920679368
          ],
          [
            89.5245915989388,
            26.6760012517075
          ],
          [
            89.5245151843136,
            26.6760103434987
          ],
          [
            89.5244234660045,
            26.6760103396876
          ],
          [
            89.5242705895287,
            26.6760057858234
          ],
          [
            89.5241483052266,
            26.6760148833862
          ],
          [
            89.5240205014805,
            26.6760286873361
          ],
          [
            89.5237816872514,
            26.6760335415744
          ],
          [
            89.5233989047255,
            26.6760613718637
          ],
          [
            89.5230976097286,
            26.6760750740989
          ],
          [
            89.5228832930818,
            26.6761114526055
          ],
          [
            89.5226740478393,
            26.676125083568
          ],
          [
            89.5224291358013,
            26.6761432566
          ],
          [
            89.5222811427947,
            26.6761477942611
          ],
          [
            89.5221082571432,
            26.6761595438392
          ],
          [
            89.5219823095484,
            26.6761674682506
          ],
          [
            89.5218877514258,
            26.6761754027799
          ],
          [
            89.5217959923672,
            26.6761806954156
          ],
          [
            89.5217070833224,
            26.676183340427
          ],
          [
            89.5215806600783,
            26.6761939435679
          ],
          [
            89.5214488670171,
            26.676188628565
          ],
          [
            89.521272544197,
            26.6762103220546
          ],
          [
            89.5211339738682,
            26.6762109194801
          ],
          [
            89.5210319685178,
            26.6762248370491
          ],
          [
            89.5208856934883,
            26.6762405112854
          ],
          [
            89.5207589482117,
            26.676235754165
          ],
          [
            89.520634437926,
            26.6762539757032
          ],
          [
            89.5204872044226,
            26.6762595084573
          ],
          [
            89.520350490502,
            26.6762778587201
          ],
          [
            89.5201121184115,
            26.6762734102249
          ],
          [
            89.5199699728115,
            26.6762946287046
          ],
          [
            89.5198788156473,
            26.6762951824308
          ],
          [
            89.5197129763256,
            26.6763013661665
          ],
          [
            89.5195719912819,
            26.6763152058268
          ],
          [
            89.5194162465075,
            26.6763164051323
          ],
          [
            89.5189890204326,
            26.6763286458002
          ],
          [
            89.5187845426837,
            26.6763321196614
          ],
          [
            89.5185728629085,
            26.6763389050989
          ],
          [
            89.5184205818503,
            26.6763686678714
          ],
          [
            89.5182574018892,
            26.6763745601684
          ],
          [
            89.5177981504359,
            26.6764058987285
          ],
          [
            89.5176042081006,
            26.6764107417742
          ],
          [
            89.5174504390978,
            26.6764203429475
          ],
          [
            89.5172702647385,
            26.67642196984
          ],
          [
            89.516982588157,
            26.6764106657688
          ],
          [
            89.5167442946286,
            26.6764253619355
          ],
          [
            89.5165205500134,
            26.6764390570976
          ],
          [
            89.5162559867084,
            26.6764118786393
          ],
          [
            89.5159627001667,
            26.6762720955999
          ],
          [
            89.5156388374428,
            26.6760947852423
          ]
        ]
      }
    },
    {
      "type": "Feature",
      "id": "ROAD_BTR_057",
      "properties": {
        "assetId": "ROAD_BTR_057",
        "name": "K.P. rd.",
        "assetType": "FOREST_ROAD",
        "division": null,
        "ranges": [],
        "beats": [],
        "compartments": [],
        "surface": "UNKNOWN",
        "vehicleAccess": "UNKNOWN",
        "status": "OPEN",
        "totalLengthKm": 929.971,
        "currentCondition": null,
        "lastVisitedAt": null,
        "lastVisitedBy": null,
        "lastVisit": null,
        "lastSubstantialPatrolAt": null,
        "lastFullPatrolAt": null
      },
      "geometry": {
        "type": "LineString",
        "coordinates": [
          [
            89.5237781373771,
            26.6445672267158
          ],
          [
            89.5239872691272,
            26.6445211961142
          ],
          [
            89.5244220598589,
            26.6444734043991
          ],
          [
            89.524957391002,
            26.6444566078551
          ],
          [
            89.5254226609194,
            26.6444257371661
          ],
          [
            89.5259221423274,
            26.6443795002227
          ],
          [
            89.5264375498172,
            26.6443343570838
          ],
          [
            89.5268496102318,
            26.644289204775
          ],
          [
            89.5272097848048,
            26.6442752481238
          ],
          [
            89.5275871458681,
            26.6442300904802
          ],
          [
            89.5278274331728,
            26.644216192013
          ],
          [
            89.5281891907706,
            26.6442788931813
          ],
          [
            89.5283457287544,
            26.6443568686685
          ],
          [
            89.528606076829,
            26.6444050925921
          ],
          [
            89.5288658229446,
            26.6444067799493
          ],
          [
            89.5289891679035,
            26.6444697405727
          ],
          [
            89.5293772546173,
            26.6451153601014
          ],
          [
            89.5296603684834,
            26.6456273892401
          ],
          [
            89.5298872459629,
            26.6459988703702
          ],
          [
            89.5300703234549,
            26.6465089127376
          ],
          [
            89.5303880790893,
            26.6470981406129
          ],
          [
            89.5307320778918,
            26.6477488928965
          ]
        ]
      }
    },
    {
      "type": "Feature",
      "id": "ROAD_BTR_058",
      "properties": {
        "assetId": "ROAD_BTR_058",
        "name": "Debnath rd.",
        "assetType": "FOREST_ROAD",
        "division": null,
        "ranges": [],
        "beats": [],
        "compartments": [],
        "surface": "UNKNOWN",
        "vehicleAccess": "UNKNOWN",
        "status": "OPEN",
        "totalLengthKm": 3391.684,
        "currentCondition": null,
        "lastVisitedAt": null,
        "lastVisitedBy": null,
        "lastVisit": null,
        "lastSubstantialPatrolAt": null,
        "lastFullPatrolAt": null
      },
      "geometry": {
        "type": "LineString",
        "coordinates": [
          [
            89.5367717422934,
            26.6473967184354
          ],
          [
            89.5368933746932,
            26.6474517190176
          ],
          [
            89.5369690775962,
            26.6476613427321
          ],
          [
            89.5370253725063,
            26.6481340830629
          ],
          [
            89.537038452903,
            26.6489622874457
          ],
          [
            89.5370212650278,
            26.6495065411804
          ],
          [
            89.5370113717348,
            26.6497154730818
          ],
          [
            89.5370269272548,
            26.6499015748601
          ],
          [
            89.5370301265775,
            26.6501159135433
          ],
          [
            89.5370476371955,
            26.6504097446556
          ],
          [
            89.5370508079661,
            26.6506169722443
          ],
          [
            89.5370393790847,
            26.6507459995436
          ],
          [
            89.5370412342603,
            26.6508764730098
          ],
          [
            89.5371097795505,
            26.651007981182
          ],
          [
            89.5372181606423,
            26.6511005546871
          ],
          [
            89.5373791110415,
            26.6511270904396
          ],
          [
            89.5375796468053,
            26.6511269311517
          ],
          [
            89.5376589710887,
            26.6511391578476
          ],
          [
            89.5377071101347,
            26.6511453351372
          ],
          [
            89.5377193256868,
            26.6511808526618
          ],
          [
            89.5377406994725,
            26.6512600770614
          ],
          [
            89.5377468054392,
            26.6512764636513
          ],
          [
            89.5377345177976,
            26.651358362156
          ],
          [
            89.5377344864734,
            26.651380173391
          ],
          [
            89.5377465822888,
            26.6514673710942
          ],
          [
            89.5377556133459,
            26.6515545322445
          ],
          [
            89.5377767835399,
            26.6516800524994
          ],
          [
            89.5377919165441,
            26.6517536544909
          ],
          [
            89.5377979178168,
            26.6518108631775
          ],
          [
            89.5378160819836,
            26.6518843691712
          ],
          [
            89.5378250692485,
            26.6519686986495
          ],
          [
            89.5378370316287,
            26.6520855545701
          ],
          [
            89.537843005044,
            26.6522214862242
          ],
          [
            89.5378430056015,
            26.6523276189674
          ],
          [
            89.5378369164665,
            26.6524419160163
          ],
          [
            89.5378430060786,
            26.6525800214526
          ],
          [
            89.5378490965296,
            26.6527541874319
          ],
          [
            89.5378521423239,
            26.6529147470135
          ],
          [
            89.5378643227782,
            26.6530535362334
          ],
          [
            89.5378795468206,
            26.6531472021948
          ],
          [
            89.5378977935558,
            26.6532642269196
          ],
          [
            89.5379129822515,
            26.6533894030635
          ],
          [
            89.5379129827135,
            26.6535091267828
          ],
          [
            89.5379219198176,
            26.6536613943376
          ],
          [
            89.5379308411814,
            26.6537564365657
          ],
          [
            89.5379427291321,
            26.653881225499
          ],
          [
            89.5379515377585,
            26.6540134106211
          ],
          [
            89.5379664644956,
            26.6541301766071
          ],
          [
            89.5379662027181,
            26.6542305479806
          ],
          [
            89.537975238949,
            26.6543200430498
          ],
          [
            89.5379846270211,
            26.6544341225186
          ],
          [
            89.5380000991965,
            26.6545537507129
          ],
          [
            89.538009272243,
            26.6545836652503
          ],
          [
            89.5380066090063,
            26.6547143992773
          ],
          [
            89.5380068458736,
            26.6547989178684
          ],
          [
            89.5380040104919,
            26.6548698706747
          ],
          [
            89.5380162095919,
            26.6549817839481
          ],
          [
            89.5380253132036,
            26.6551259171413
          ],
          [
            89.5380253140007,
            26.6552537324382
          ],
          [
            89.5380344163636,
            26.655348898156
          ],
          [
            89.5380465515337,
            26.6554630830137
          ],
          [
            89.5380526188976,
            26.6555582376607
          ],
          [
            89.5380522798029,
            26.6556910887361
          ],
          [
            89.5380549095749,
            26.6558236958053
          ],
          [
            89.5380633789875,
            26.6560241939826
          ],
          [
            89.5380631204691,
            26.6561081756258
          ],
          [
            89.5380720595362,
            26.6561514785775
          ],
          [
            89.5380930417658,
            26.6562082616704
          ],
          [
            89.538123070193,
            26.6562649806855
          ],
          [
            89.53825281204,
            26.6562809005528
          ],
          [
            89.5383719870317,
            26.6562644318907
          ],
          [
            89.5385020089311,
            26.6562560517968
          ],
          [
            89.538622989875,
            26.6562506051053
          ],
          [
            89.5387655761586,
            26.6562320077743
          ],
          [
            89.5389205358639,
            26.6562188091566
          ],
          [
            89.5390666337951,
            26.6562028657158
          ],
          [
            89.539206614624,
            26.6561813642023
          ],
          [
            89.5393454049869,
            26.6561785491791
          ],
          [
            89.539475809259,
            26.6561676856821
          ],
          [
            89.5396365033934,
            26.6561486777878
          ],
          [
            89.5397183976622,
            26.656151391342
          ],
          [
            89.5397670084466,
            26.656174539172
          ],
          [
            89.5397975603157,
            26.6562992978318
          ],
          [
            89.5398090984312,
            26.6564535649754
          ],
          [
            89.5398115096648,
            26.6566129942355
          ],
          [
            89.5398114991642,
            26.6566156942717
          ],
          [
            89.5398404169141,
            26.6569535763304
          ],
          [
            89.5398578629281,
            26.6574007077817
          ],
          [
            89.5398881039481,
            26.6580481191493
          ],
          [
            89.5399311296853,
            26.6585955450926
          ],
          [
            89.5399755928806,
            26.6589349761344
          ],
          [
            89.5400009196945,
            26.6592517351018
          ],
          [
            89.5400186623545,
            26.6599668220851
          ],
          [
            89.5400312745046,
            26.6603570067019
          ],
          [
            89.5400654615362,
            26.6608456628334
          ],
          [
            89.540056871189,
            26.661098702426
          ],
          [
            89.5401103491417,
            26.6613451931937
          ],
          [
            89.5401477612806,
            26.661460595723
          ],
          [
            89.540196509778,
            26.6616342313523
          ],
          [
            89.5402459838954,
            26.6618013925318
          ],
          [
            89.5402903455478,
            26.6619681806173
          ],
          [
            89.5402971149803,
            26.662091956369
          ],
          [
            89.5402875732786,
            26.6622128497875
          ],
          [
            89.5403221439398,
            26.6625489987391
          ],
          [
            89.5403483764666,
            26.6628809920977
          ],
          [
            89.5403786078495,
            26.6631293494776
          ],
          [
            89.5404453953383,
            26.6635657315656
          ],
          [
            89.5404845464749,
            26.663746051032
          ],
          [
            89.5405108011149,
            26.6641387787417
          ],
          [
            89.5405681438855,
            26.6642904909969
          ],
          [
            89.5405945133738,
            26.664466147219
          ],
          [
            89.5406078761691,
            26.6647992134512
          ],
          [
            89.5406475682716,
            26.6651179700465
          ],
          [
            89.540703048078,
            26.6654697715114
          ],
          [
            89.5408012247216,
            26.6657324291197
          ],
          [
            89.5408408247024,
            26.6658581260856
          ],
          [
            89.5409134034789,
            26.6659894559918
          ],
          [
            89.5409712100718,
            26.666122612358
          ],
          [
            89.5410124966933,
            26.6662318882704
          ],
          [
            89.5410174401419,
            26.6663310344658
          ],
          [
            89.5410215030308,
            26.666412523006
          ],
          [
            89.5411429703108,
            26.6666496881837
          ],
          [
            89.541185773712,
            26.6667749786313
          ],
          [
            89.5411914421436,
            26.666893466454
          ],
          [
            89.5412155960464,
            26.6670082111703
          ],
          [
            89.5412691501794,
            26.6671018122348
          ],
          [
            89.5413434467504,
            26.6672073276471
          ],
          [
            89.5414464027033,
            26.6672962612256
          ],
          [
            89.5415049162691,
            26.66735602807
          ],
          [
            89.5415611625922,
            26.6674534498566
          ],
          [
            89.5416238284366,
            26.6675900379104
          ],
          [
            89.5416645907749,
            26.6677598993297
          ],
          [
            89.5416750042967,
            26.6678036504675
          ],
          [
            89.54176376874,
            26.6679889250978
          ],
          [
            89.5418628359102,
            26.6682036998773
          ],
          [
            89.5419466816901,
            26.6683671614984
          ],
          [
            89.5419813619413,
            26.6684612535727
          ],
          [
            89.5420163853494,
            26.6685562771303
          ],
          [
            89.5420830588839,
            26.6687520430077
          ],
          [
            89.5421713933142,
            26.6689508708072
          ],
          [
            89.5422259650759,
            26.6691363111939
          ],
          [
            89.5422540887642,
            26.6692448726539
          ],
          [
            89.5423184726698,
            26.6693581196445
          ],
          [
            89.5423675075043,
            26.6694976137146
          ],
          [
            89.5424580730106,
            26.6696874525535
          ],
          [
            89.5425425370457,
            26.6699332055902
          ],
          [
            89.5426191046213,
            26.6700881887666
          ],
          [
            89.5427302550688,
            26.670200970089
          ],
          [
            89.5428529100035,
            26.6703194898367
          ],
          [
            89.5429328042628,
            26.6704241391895
          ],
          [
            89.5430176929831,
            26.6705827886681
          ],
          [
            89.5430628215419,
            26.6707049392965
          ],
          [
            89.5431249015551,
            26.6708434101913
          ],
          [
            89.5432787550279,
            26.6711531818456
          ],
          [
            89.5433762483369,
            26.6713251090033
          ],
          [
            89.5434472386038,
            26.6714699914307
          ],
          [
            89.5434911734054,
            26.6715339362267
          ],
          [
            89.5435313569873,
            26.671586945932
          ],
          [
            89.543579848276,
            26.6716592206443
          ],
          [
            89.5436450443348,
            26.6717665135949
          ],
          [
            89.5437919825353,
            26.6719846097806
          ],
          [
            89.5438623912558,
            26.6721005160169
          ],
          [
            89.5439295860531,
            26.6722584080648
          ],
          [
            89.5439856678266,
            26.6723664137295
          ],
          [
            89.5440585300311,
            26.6724795756441
          ],
          [
            89.5441562970793,
            26.6725671696485
          ],
          [
            89.544204255961,
            26.6726818548535
          ],
          [
            89.5443019192278,
            26.6728529105174
          ],
          [
            89.5443839444115,
            26.6730169587918
          ],
          [
            89.5444464230331,
            26.6731355999109
          ],
          [
            89.5444932520333,
            26.6732925478868
          ],
          [
            89.5445283655903,
            26.6733831942711
          ],
          [
            89.5446102977869,
            26.6735052003822
          ],
          [
            89.5447194772952,
            26.6736619592729
          ],
          [
            89.5448480140899,
            26.6738707589886
          ],
          [
            89.5449321233354,
            26.6739726984818
          ],
          [
            89.5450140540861,
            26.6740665703728
          ],
          [
            89.5450646675565,
            26.6741703361402
          ],
          [
            89.5450879045161,
            26.6742561344356
          ],
          [
            89.5451186829645,
            26.6743652216755
          ],
          [
            89.5451608127863,
            26.6744566179796
          ],
          [
            89.545210439569,
            26.6745272903069
          ],
          [
            89.5452905985932,
            26.674574170387
          ],
          [
            89.5453666963444,
            26.6746175567923
          ],
          [
            89.5453931065594,
            26.6746475366133
          ]
        ]
      }
    },
    {
      "type": "Feature",
      "id": "ROAD_BTR_059",
      "properties": {
        "assetId": "ROAD_BTR_059",
        "name": "27th mile rd.",
        "assetType": "FOREST_ROAD",
        "division": null,
        "ranges": [],
        "beats": [],
        "compartments": [],
        "surface": "UNKNOWN",
        "vehicleAccess": "UNKNOWN",
        "status": "OPEN",
        "totalLengthKm": 5026.441,
        "currentCondition": null,
        "lastVisitedAt": null,
        "lastVisitedBy": null,
        "lastVisit": null,
        "lastSubstantialPatrolAt": null,
        "lastFullPatrolAt": null
      },
      "geometry": {
        "type": "LineString",
        "coordinates": [
          [
            89.5218420629214,
            26.6875982712756
          ],
          [
            89.5219046403998,
            26.687666314238
          ],
          [
            89.5219196559142,
            26.6877455259903
          ],
          [
            89.5219018909624,
            26.68788627606
          ],
          [
            89.521913904904,
            26.6879783604617
          ],
          [
            89.5219364465967,
            26.6880563562894
          ],
          [
            89.5219920730689,
            26.6881253239523
          ],
          [
            89.5220907900685,
            26.6882223732307
          ],
          [
            89.5222153018391,
            26.6883229141206
          ],
          [
            89.5222412693463,
            26.6883737581188
          ],
          [
            89.522276531864,
            26.6884436214409
          ],
          [
            89.5222993816416,
            26.6884920556972
          ],
          [
            89.522327814074,
            26.6885527529596
          ],
          [
            89.5223812460289,
            26.6886193209863
          ],
          [
            89.5224190556845,
            26.6886542509141
          ],
          [
            89.5224965987627,
            26.6887066062289
          ],
          [
            89.5225693436564,
            26.6887473991667
          ],
          [
            89.5226798424936,
            26.6888029947805
          ],
          [
            89.5227381192444,
            26.6888868604229
          ],
          [
            89.5227819795592,
            26.6889338525526
          ],
          [
            89.5227882922241,
            26.6889400017918
          ],
          [
            89.5228581902265,
            26.6889916029693
          ],
          [
            89.5229668544662,
            26.6890378702787
          ],
          [
            89.5230820978348,
            26.6890738664947
          ],
          [
            89.5233282746779,
            26.6890106821478
          ],
          [
            89.5234970113504,
            26.6889174622272
          ],
          [
            89.5236639446722,
            26.6889462974011
          ],
          [
            89.5240391206233,
            26.6888128844074
          ],
          [
            89.5243621501733,
            26.6887913089404
          ],
          [
            89.5248563079484,
            26.6887717991449
          ],
          [
            89.5251296945324,
            26.6886734448719
          ],
          [
            89.5254227136343,
            26.6886228588071
          ],
          [
            89.5255225057843,
            26.6886750391913
          ],
          [
            89.5257948268291,
            26.6886908333598
          ],
          [
            89.5261655356058,
            26.6887218192402
          ],
          [
            89.5265897875578,
            26.6887040702074
          ],
          [
            89.5271523662366,
            26.6886463731522
          ],
          [
            89.5273769272571,
            26.6887079691549
          ],
          [
            89.5275522341727,
            26.6887309464665
          ],
          [
            89.5277734498808,
            26.6886996820093
          ],
          [
            89.5282124448923,
            26.6884913037839
          ],
          [
            89.5283407235097,
            26.6885144379505
          ],
          [
            89.5285629927442,
            26.6885092074454
          ],
          [
            89.528916663805,
            26.688420605994
          ],
          [
            89.5293162017971,
            26.6883791095614
          ],
          [
            89.5294434340251,
            26.688408515206
          ],
          [
            89.5300911778449,
            26.6884861018145
          ],
          [
            89.5309379275928,
            26.6883778398486
          ],
          [
            89.5313942030416,
            26.688295310653
          ],
          [
            89.5315924324077,
            26.688263023016
          ],
          [
            89.5318786589468,
            26.6882077410787
          ],
          [
            89.532263035832,
            26.688211281015
          ],
          [
            89.532476896165,
            26.6882061389216
          ],
          [
            89.532718126662,
            26.6881861513569
          ],
          [
            89.5328716000014,
            26.6881949507276
          ],
          [
            89.5329729531259,
            26.6881861735483
          ],
          [
            89.5332219624215,
            26.6881159107722
          ],
          [
            89.533330143345,
            26.6880895382129
          ],
          [
            89.533411909976,
            26.6880895374767
          ],
          [
            89.5335061936984,
            26.688136411237
          ],
          [
            89.5340412882439,
            26.6881301945413
          ],
          [
            89.5342447382441,
            26.6881563381793
          ],
          [
            89.5344158682977,
            26.6881443892073
          ],
          [
            89.5346181018584,
            26.6881027386825
          ],
          [
            89.5351373365785,
            26.6881018695715
          ],
          [
            89.5354911231204,
            26.6880584231616
          ],
          [
            89.5356570268066,
            26.6880970893668
          ],
          [
            89.5362883110936,
            26.6880456241668
          ],
          [
            89.5366328378381,
            26.6879764071587
          ],
          [
            89.5372677434747,
            26.6879960753621
          ],
          [
            89.5378197280573,
            26.687924772746
          ],
          [
            89.5382690081524,
            26.6879589700453
          ],
          [
            89.538785018521,
            26.6879413596598
          ],
          [
            89.5393274616151,
            26.6878026981222
          ],
          [
            89.5394463288852,
            26.687823253384
          ],
          [
            89.5395551940718,
            26.6878726009042
          ],
          [
            89.5399650746398,
            26.6878935276681
          ],
          [
            89.5404837838366,
            26.687781111639
          ],
          [
            89.541044129385,
            26.6877494579809
          ],
          [
            89.5421205316072,
            26.6877154070409
          ],
          [
            89.5423706045348,
            26.6877535881346
          ],
          [
            89.5426829575153,
            26.6877257724655
          ],
          [
            89.5431509545257,
            26.6877036645859
          ],
          [
            89.5437388747015,
            26.6876064717537
          ],
          [
            89.5442315887149,
            26.6876544126787
          ],
          [
            89.5445015127193,
            26.6876137872604
          ],
          [
            89.5461871224097,
            26.6875021722124
          ],
          [
            89.5475521375793,
            26.6873866136353
          ],
          [
            89.5478282845642,
            26.6873860758199
          ],
          [
            89.5480716290522,
            26.68742809983
          ],
          [
            89.5483966158407,
            26.6873416758793
          ],
          [
            89.5486022398863,
            26.6873157317397
          ],
          [
            89.5486482747198,
            26.687317885559
          ],
          [
            89.548725926005,
            26.6873308371868
          ],
          [
            89.5488181374528,
            26.6873437906563
          ],
          [
            89.5489434181953,
            26.687351368606
          ],
          [
            89.549114368025,
            26.6873470002463
          ],
          [
            89.549356006342,
            26.6873210420149
          ],
          [
            89.5493672803348,
            26.6873141204352
          ],
          [
            89.549672477189,
            26.6872955688133
          ],
          [
            89.5498847165178,
            26.6872879958261
          ],
          [
            89.5498992644084,
            26.6872845377388
          ],
          [
            89.5502351477946,
            26.6872866220707
          ],
          [
            89.5508979339892,
            26.6872590483866
          ],
          [
            89.5513561346501,
            26.6872172947337
          ],
          [
            89.5517194316519,
            26.6872001720178
          ],
          [
            89.5520480497073,
            26.6871613943795
          ],
          [
            89.5524666974616,
            26.6871627101751
          ],
          [
            89.5527518895068,
            26.6871338075977
          ],
          [
            89.5530458210024,
            26.6871103237966
          ],
          [
            89.5533908709002,
            26.687087115459
          ],
          [
            89.553861721086,
            26.6870705365188
          ],
          [
            89.5542958151538,
            26.6870373795147
          ],
          [
            89.5547002299582,
            26.6870009063848
          ],
          [
            89.5551447702491,
            26.6870211638742
          ],
          [
            89.5555128850583,
            26.6869887325177
          ],
          [
            89.555531248583,
            26.6869854637106
          ],
          [
            89.5555459114521,
            26.686978888964
          ],
          [
            89.5558529362995,
            26.6869524517881
          ],
          [
            89.5563784194855,
            26.6869090378233
          ],
          [
            89.5568245435749,
            26.6869087666966
          ],
          [
            89.5571738443803,
            26.6868888824151
          ],
          [
            89.5575056200354,
            26.6868723310157
          ],
          [
            89.5582627967075,
            26.6868164743616
          ],
          [
            89.5592224726988,
            26.6867600687968
          ],
          [
            89.5597283265299,
            26.6867301061988
          ],
          [
            89.5601522619304,
            26.6867432979282
          ],
          [
            89.5604863724082,
            26.6866832012124
          ],
          [
            89.5607794965833,
            26.6866832305683
          ],
          [
            89.5613109960555,
            26.6866596835026
          ],
          [
            89.5617051090025,
            26.6866234337727
          ],
          [
            89.5621501137379,
            26.6866139445424
          ],
          [
            89.5623640817402,
            26.6866143533814
          ],
          [
            89.562636373572,
            26.6866081659412
          ],
          [
            89.5631060734984,
            26.6865555930194
          ],
          [
            89.5635080275528,
            26.6865524073659
          ],
          [
            89.5639212251472,
            26.6865029379522
          ],
          [
            89.5643741649611,
            26.6865083885395
          ],
          [
            89.5648989560583,
            26.686451171745
          ],
          [
            89.565083315523,
            26.6864644204129
          ],
          [
            89.5656484195825,
            26.686458733888
          ],
          [
            89.5658327639886,
            26.6864164712715
          ],
          [
            89.5666948137676,
            26.6863365383612
          ],
          [
            89.5669123178173,
            26.6863368459181
          ],
          [
            89.5672246235586,
            26.6863077907667
          ],
          [
            89.5676034572845,
            26.68628510601
          ],
          [
            89.5679532327383,
            26.6862688954586
          ],
          [
            89.5681543311249,
            26.6862927574482
          ],
          [
            89.5685142714581,
            26.6862911137933
          ],
          [
            89.5686921261734,
            26.6862688280191
          ],
          [
            89.568827019085,
            26.6863018085922
          ],
          [
            89.5692257162706,
            26.6862374604658
          ],
          [
            89.5696908394574,
            26.6861819048986
          ],
          [
            89.5700170862702,
            26.6861284715112
          ],
          [
            89.5701823745175,
            26.6861307228345
          ],
          [
            89.5704420774083,
            26.6861184648581
          ],
          [
            89.5706194446719,
            26.6860834524246
          ],
          [
            89.5709345925342,
            26.6860538420522
          ]
        ]
      }
    },
    {
      "type": "Feature",
      "id": "ROAD_BTR_060",
      "properties": {
        "assetId": "ROAD_BTR_060",
        "name": "26.5 mile rd.",
        "assetType": "FOREST_ROAD",
        "division": null,
        "ranges": [],
        "beats": [],
        "compartments": [],
        "surface": "UNKNOWN",
        "vehicleAccess": "UNKNOWN",
        "status": "OPEN",
        "totalLengthKm": 609.601,
        "currentCondition": null,
        "lastVisitedAt": null,
        "lastVisitedBy": null,
        "lastVisit": null,
        "lastSubstantialPatrolAt": null,
        "lastFullPatrolAt": null
      },
      "geometry": {
        "type": "LineString",
        "coordinates": [
          [
            89.5704988425326,
            26.6861148019902
          ],
          [
            89.5705756096392,
            26.686045777759
          ],
          [
            89.5706395013085,
            26.6858604552631
          ],
          [
            89.5707298997767,
            26.6856281245088
          ],
          [
            89.5708932617196,
            26.6854307904584
          ],
          [
            89.5709207564252,
            26.6851247513475
          ],
          [
            89.571212017532,
            26.6847244900072
          ],
          [
            89.5713221433698,
            26.6846480864073
          ],
          [
            89.5716874907689,
            26.6841600398544
          ],
          [
            89.5717742722371,
            26.6838293035677
          ],
          [
            89.5719414429731,
            26.6834021343115
          ],
          [
            89.5721010069332,
            26.6831814758994
          ],
          [
            89.5722023010216,
            26.6830705427057
          ],
          [
            89.5723862187077,
            26.6826688357634
          ],
          [
            89.5724852692812,
            26.682565825852
          ],
          [
            89.5725975426072,
            26.6823181740237
          ],
          [
            89.5725886759986,
            26.6822242422638
          ],
          [
            89.5726655257812,
            26.6821165213943
          ],
          [
            89.5727392644701,
            26.6818502365299
          ],
          [
            89.5728274889078,
            26.6816740133339
          ],
          [
            89.572949305155,
            26.6815113604828
          ],
          [
            89.5730429476236,
            26.6814440454155
          ],
          [
            89.5731910424588,
            26.6814057157015
          ],
          [
            89.5732311683338,
            26.6813929390761
          ]
        ]
      }
    },
    {
      "type": "Feature",
      "id": "ROAD_BTR_061",
      "properties": {
        "assetId": "ROAD_BTR_061",
        "name": "28th mile rd.",
        "assetType": "FOREST_ROAD",
        "division": null,
        "ranges": [],
        "beats": [],
        "compartments": [],
        "surface": "UNKNOWN",
        "vehicleAccess": "UNKNOWN",
        "status": "OPEN",
        "totalLengthKm": 872.244,
        "currentCondition": null,
        "lastVisitedAt": null,
        "lastVisitedBy": null,
        "lastVisit": null,
        "lastSubstantialPatrolAt": null,
        "lastFullPatrolAt": null
      },
      "geometry": {
        "type": "LineString",
        "coordinates": [
          [
            89.5166877640748,
            26.7008311176824
          ],
          [
            89.5168264734762,
            26.7006215466254
          ],
          [
            89.5170643302595,
            26.7004220802092
          ],
          [
            89.517344283128,
            26.700262798759
          ],
          [
            89.5176337062274,
            26.7001043611646
          ],
          [
            89.5179087992836,
            26.7000741383194
          ],
          [
            89.5182054119177,
            26.7000341680554
          ],
          [
            89.518238299621,
            26.7000340623445
          ],
          [
            89.518566942437,
            26.7000330081974
          ],
          [
            89.5188405085589,
            26.6999933933578
          ],
          [
            89.5189279519457,
            26.6999835071478
          ],
          [
            89.5189607362009,
            26.6999834562128
          ],
          [
            89.5190372245374,
            26.6999833377818
          ],
          [
            89.5193210582771,
            26.6999822670793
          ],
          [
            89.5196816153781,
            26.6999826665572
          ],
          [
            89.5197253424585,
            26.6999827359504
          ],
          [
            89.5199659065967,
            26.6999831148948
          ],
          [
            89.5200096578731,
            26.6999831837496
          ],
          [
            89.5202825153998,
            26.6999828365177
          ],
          [
            89.5203370581247,
            26.6999827513315
          ],
          [
            89.5203806881965,
            26.6999826832191
          ],
          [
            89.5207188555971,
            26.6999727512032
          ],
          [
            89.5207621155227,
            26.699953309713
          ],
          [
            89.5212761404035,
            26.6999443456417
          ],
          [
            89.5216923181059,
            26.6999449836118
          ],
          [
            89.5217799781044,
            26.6999451175413
          ],
          [
            89.5221092860105,
            26.6999745004812
          ],
          [
            89.5221310814926,
            26.699974466087
          ],
          [
            89.5222182541959,
            26.6999743299059
          ],
          [
            89.5226437809711,
            26.699993095584
          ],
          [
            89.523161061323,
            26.6999236014532
          ],
          [
            89.5235322193621,
            26.6999236634241
          ],
          [
            89.5239718904398,
            26.6999246326935
          ],
          [
            89.5243955049462,
            26.699898386364
          ],
          [
            89.5247122296293,
            26.6998819591384
          ],
          [
            89.5251184143949,
            26.6998560024061
          ]
        ]
      }
    },
    {
      "type": "Feature",
      "id": "ROAD_BTR_062",
      "properties": {
        "assetId": "ROAD_BTR_062",
        "name": "Unnamed Road 062",
        "assetType": "FOREST_ROAD",
        "division": null,
        "ranges": [],
        "beats": [],
        "compartments": [],
        "surface": "UNKNOWN",
        "vehicleAccess": "UNKNOWN",
        "status": "OPEN",
        "totalLengthKm": 347.719,
        "currentCondition": null,
        "lastVisitedAt": null,
        "lastVisitedBy": null,
        "lastVisit": null,
        "lastSubstantialPatrolAt": null,
        "lastFullPatrolAt": null
      },
      "geometry": {
        "type": "LineString",
        "coordinates": [
          [
            89.5327370666803,
            26.6177907841507
          ],
          [
            89.5329622480508,
            26.6178148870279
          ],
          [
            89.533306645328,
            26.6178544069552
          ],
          [
            89.53354577043,
            26.6178986872852
          ],
          [
            89.5338075174562,
            26.6179564522492
          ],
          [
            89.5340589335025,
            26.6180194469103
          ],
          [
            89.5342184466723,
            26.6180512417345
          ],
          [
            89.5343834766883,
            26.6180718766622
          ],
          [
            89.5345739521498,
            26.618076548666
          ],
          [
            89.5346918982832,
            26.6181036094429
          ],
          [
            89.5347673405657,
            26.6181329665222
          ],
          [
            89.5348534885899,
            26.618228105885
          ],
          [
            89.5348537681897,
            26.6184757729383
          ],
          [
            89.5348322820437,
            26.6187787847969
          ],
          [
            89.5348063580749,
            26.618939200481
          ],
          [
            89.5347372991349,
            26.619098366803
          ],
          [
            89.5346677749327,
            26.6192375016233
          ],
          [
            89.5346178858143,
            26.6193428662938
          ]
        ]
      }
    },
    {
      "type": "Feature",
      "id": "ROAD_BTR_063",
      "properties": {
        "assetId": "ROAD_BTR_063",
        "name": "Boruva rd.",
        "assetType": "FOREST_ROAD",
        "division": null,
        "ranges": [],
        "beats": [],
        "compartments": [],
        "surface": "UNKNOWN",
        "vehicleAccess": "UNKNOWN",
        "status": "OPEN",
        "totalLengthKm": 2230.521,
        "currentCondition": null,
        "lastVisitedAt": null,
        "lastVisitedBy": null,
        "lastVisit": null,
        "lastSubstantialPatrolAt": null,
        "lastFullPatrolAt": null
      },
      "geometry": {
        "type": "LineString",
        "coordinates": [
          [
            89.5265060447891,
            26.5608202236384
          ],
          [
            89.5264332326755,
            26.5610533031434
          ],
          [
            89.5263541808201,
            26.5612521711865
          ],
          [
            89.5263541807915,
            26.5613582343669
          ],
          [
            89.5263821785724,
            26.5614657705949
          ],
          [
            89.5264416730301,
            26.5615989353873
          ],
          [
            89.5264502133464,
            26.5617189663699
          ],
          [
            89.5264403783289,
            26.5618064676867
          ],
          [
            89.5263311445994,
            26.5619122482403
          ],
          [
            89.5262187924836,
            26.5619859837689
          ],
          [
            89.5260569972162,
            26.5620612176082
          ],
          [
            89.5258832433801,
            26.5621220704407
          ],
          [
            89.5257329475612,
            26.5622014634747
          ],
          [
            89.5256563220707,
            26.5623140643166
          ],
          [
            89.525616407007,
            26.5624030528731
          ],
          [
            89.5255696819642,
            26.5625589608222
          ],
          [
            89.5255428436646,
            26.5626838787279
          ],
          [
            89.5255176899072,
            26.5627687832018
          ],
          [
            89.5254670850419,
            26.5629411767148
          ],
          [
            89.5254081828666,
            26.5630604870646
          ],
          [
            89.5253895770225,
            26.5631142499607
          ],
          [
            89.525389456219,
            26.5631441166139
          ],
          [
            89.5254177386765,
            26.5631828884254
          ],
          [
            89.525461056384,
            26.5632269722714
          ],
          [
            89.5255009845649,
            26.5632850697064
          ],
          [
            89.5255209070809,
            26.5633282688606
          ],
          [
            89.5255472993047,
            26.5634072270042
          ],
          [
            89.5255670484728,
            26.5634788151619
          ],
          [
            89.5256234605288,
            26.5635505018571
          ],
          [
            89.5257386168412,
            26.56366036787
          ],
          [
            89.525905652961,
            26.5638202252518
          ],
          [
            89.5260058825989,
            26.5639337907838
          ],
          [
            89.5260543156594,
            26.5640070046176
          ],
          [
            89.5260709798263,
            26.5641175023992
          ],
          [
            89.525987551628,
            26.5642054079076
          ],
          [
            89.5257546069051,
            26.5642914539122
          ],
          [
            89.5254831670912,
            26.5644066103183
          ],
          [
            89.525238837677,
            26.5645193988614
          ],
          [
            89.5251358891418,
            26.5645653772719
          ],
          [
            89.5250891887118,
            26.56461614643
          ],
          [
            89.525082522883,
            26.5646206291918
          ],
          [
            89.5250355005647,
            26.5647283744043
          ],
          [
            89.5250049814974,
            26.5648435920739
          ],
          [
            89.5249881126892,
            26.5650002300244
          ],
          [
            89.5249886119681,
            26.5651102864984
          ],
          [
            89.5249587801404,
            26.5651965723795
          ],
          [
            89.5248937797078,
            26.5652427898319
          ],
          [
            89.5247954770331,
            26.5652830408573
          ],
          [
            89.52455636517,
            26.5653750228068
          ],
          [
            89.524371364366,
            26.5654170237059
          ],
          [
            89.5242511268209,
            26.5654396031696
          ],
          [
            89.5241742100752,
            26.5654725822394
          ],
          [
            89.5240890348933,
            26.5655248733401
          ],
          [
            89.5239330319418,
            26.5656538898809
          ],
          [
            89.5236714218468,
            26.5658983794761
          ],
          [
            89.5235717958455,
            26.5659967835678
          ],
          [
            89.523518835636,
            26.5660592748013
          ],
          [
            89.5234534680474,
            26.5662209492513
          ],
          [
            89.5234033843149,
            26.5663625703187
          ],
          [
            89.5233825808005,
            26.5664974855787
          ],
          [
            89.5233735498464,
            26.5666857411813
          ],
          [
            89.5233646512024,
            26.5669577424242
          ],
          [
            89.5233298073894,
            26.5674080658908
          ],
          [
            89.5233328114191,
            26.5674703782534
          ],
          [
            89.5233423944726,
            26.5675386940681
          ],
          [
            89.5233214914915,
            26.5677282539476
          ],
          [
            89.5232950545041,
            26.5680693749219
          ],
          [
            89.5232767512369,
            26.5682353936836
          ],
          [
            89.5232803781732,
            26.5682954323499
          ],
          [
            89.5232855387051,
            26.5683393083367
          ],
          [
            89.5233102359923,
            26.5685882916721
          ],
          [
            89.5233036982388,
            26.568788734587
          ],
          [
            89.5232920100674,
            26.5689719489985
          ],
          [
            89.5232866666849,
            26.5691159122924
          ],
          [
            89.5232829107336,
            26.569274882033
          ],
          [
            89.523272261197,
            26.5695363700494
          ],
          [
            89.5232711628678,
            26.5697920248319
          ],
          [
            89.5232515656414,
            26.5700758251488
          ],
          [
            89.5232401366918,
            26.5703108219018
          ],
          [
            89.5232205573313,
            26.5705119292233
          ],
          [
            89.5231960950632,
            26.5708527692931
          ],
          [
            89.5231586232569,
            26.5711285917993
          ],
          [
            89.5231423414948,
            26.5712800248534
          ],
          [
            89.5231374552395,
            26.571438445651
          ],
          [
            89.5231332371158,
            26.5716436145167
          ],
          [
            89.5231309170206,
            26.5718567367818
          ],
          [
            89.5231203024471,
            26.5720330278122
          ],
          [
            89.5230939013674,
            26.5722238894185
          ],
          [
            89.5230717392727,
            26.5724877773845
          ],
          [
            89.523073382261,
            26.5727145883815
          ],
          [
            89.52305039004,
            26.572879658923
          ],
          [
            89.5230367346154,
            26.5730237682402
          ],
          [
            89.523001256603,
            26.5733302317722
          ],
          [
            89.5230028286222,
            26.5735576217538
          ],
          [
            89.5229786786631,
            26.5739951984861
          ],
          [
            89.5229699636801,
            26.5741952124114
          ],
          [
            89.5229335826645,
            26.5747025320249
          ],
          [
            89.5229185870941,
            26.5748996084508
          ],
          [
            89.522914038107,
            26.575274123683
          ],
          [
            89.5228983825242,
            26.5754383160448
          ],
          [
            89.5228643622036,
            26.5760277108771
          ],
          [
            89.5228403643537,
            26.5762236501277
          ],
          [
            89.5227907237729,
            26.5765468921384
          ],
          [
            89.5227265123231,
            26.5767081591524
          ],
          [
            89.5226815661463,
            26.5767584902937
          ],
          [
            89.5226105686017,
            26.5768551617766
          ],
          [
            89.52256989931,
            26.5769319084525
          ],
          [
            89.5225334583994,
            26.5770729168266
          ],
          [
            89.5225348566215,
            26.5771418787401
          ],
          [
            89.5225170442997,
            26.5772080026932
          ],
          [
            89.522465629476,
            26.5772625969476
          ],
          [
            89.5223902705901,
            26.5773487088177
          ],
          [
            89.5223854713164,
            26.5773530065554
          ],
          [
            89.5221557863221,
            26.5775971787909
          ],
          [
            89.5219416789398,
            26.5778102229071
          ],
          [
            89.5218621205717,
            26.577927686489
          ],
          [
            89.5217670634827,
            26.5780661359229
          ],
          [
            89.5217480923258,
            26.5781775609323
          ],
          [
            89.5217385072957,
            26.5783305576941
          ],
          [
            89.5217086738831,
            26.5784584075052
          ],
          [
            89.5216586423583,
            26.5785587993143
          ],
          [
            89.5216392255739,
            26.5786018891965
          ]
        ]
      }
    },
    {
      "type": "Feature",
      "id": "ROAD_BTR_064",
      "properties": {
        "assetId": "ROAD_BTR_064",
        "name": "4 mile to Jainti river",
        "assetType": "FOREST_ROAD",
        "division": null,
        "ranges": [],
        "beats": [],
        "compartments": [],
        "surface": "UNKNOWN",
        "vehicleAccess": "UNKNOWN",
        "status": "OPEN",
        "totalLengthKm": 3135.707,
        "currentCondition": null,
        "lastVisitedAt": null,
        "lastVisitedBy": null,
        "lastVisit": null,
        "lastSubstantialPatrolAt": null,
        "lastFullPatrolAt": null
      },
      "geometry": {
        "type": "LineString",
        "coordinates": [
          [
            89.66656680464,
            26.6462048665665
          ],
          [
            89.6664023598232,
            26.6464209052403
          ],
          [
            89.6660602842606,
            26.6465580420053
          ],
          [
            89.6658957333026,
            26.646669429106
          ],
          [
            89.6656012879545,
            26.6467618933511
          ],
          [
            89.6654025621298,
            26.6468088792829
          ],
          [
            89.6651479051477,
            26.6469321648473
          ],
          [
            89.6648490522458,
            26.6470717780847
          ],
          [
            89.6643599104836,
            26.6472516548741
          ],
          [
            89.6641412130152,
            26.6474022822296
          ],
          [
            89.663822848059,
            26.6474839554086
          ],
          [
            89.6637002529692,
            26.6475285998318
          ],
          [
            89.6634306278268,
            26.647699228298
          ],
          [
            89.6631872259803,
            26.6478690452957
          ],
          [
            89.6630283884263,
            26.6480032536172
          ],
          [
            89.6627006869439,
            26.6481340385666
          ],
          [
            89.6624535965642,
            26.6482648389738
          ],
          [
            89.6622689830913,
            26.6484373254032
          ],
          [
            89.6621202741618,
            26.6486482993273
          ],
          [
            89.6619987793663,
            26.6488892010772
          ],
          [
            89.6618205561177,
            26.6491281822609
          ],
          [
            89.6616827128367,
            26.6493369385197
          ],
          [
            89.6615565928117,
            26.6495233190959
          ],
          [
            89.6613675657984,
            26.6496632884825
          ],
          [
            89.6612385799996,
            26.6497940114243
          ],
          [
            89.6611411869741,
            26.6499195633311
          ],
          [
            89.6610043356528,
            26.6500195546807
          ],
          [
            89.6608828708618,
            26.6500848910738
          ],
          [
            89.6607312063409,
            26.6502899517749
          ],
          [
            89.6606163949384,
            26.650443597971
          ],
          [
            89.6604787314169,
            26.650622563668
          ],
          [
            89.6604087235018,
            26.6507386277668
          ],
          [
            89.660349212503,
            26.6509010018888
          ],
          [
            89.6601732935017,
            26.6511138027171
          ],
          [
            89.6598629822342,
            26.6514663630747
          ],
          [
            89.6596580307409,
            26.6517675414935
          ],
          [
            89.6594658190382,
            26.6520736468191
          ],
          [
            89.6592004321223,
            26.6523594642547
          ],
          [
            89.6590401760428,
            26.6526430542942
          ],
          [
            89.6589589732508,
            26.6528723069401
          ],
          [
            89.6589154330471,
            26.6530198173359
          ],
          [
            89.65879515192,
            26.6532287495913
          ],
          [
            89.6586168324265,
            26.6533788479278
          ],
          [
            89.6585316552607,
            26.6534843383067
          ],
          [
            89.6584775143593,
            26.6535896815471
          ],
          [
            89.658474874822,
            26.6536858220508
          ],
          [
            89.6585081503728,
            26.653848199546
          ],
          [
            89.6584733397882,
            26.6540426955691
          ],
          [
            89.6584522742879,
            26.654196135794
          ],
          [
            89.6583876654849,
            26.6543171963891
          ],
          [
            89.6583735173023,
            26.6546721297736
          ],
          [
            89.6583219131136,
            26.6548282921657
          ],
          [
            89.6582347969082,
            26.6549973736235
          ],
          [
            89.6581115340024,
            26.6552319131219
          ],
          [
            89.6580795375005,
            26.6554913535452
          ],
          [
            89.658043299492,
            26.6556871350572
          ],
          [
            89.6579548007306,
            26.6558111716174
          ],
          [
            89.6578713917988,
            26.6559239107554
          ],
          [
            89.6577934897014,
            26.6561500138618
          ],
          [
            89.6576947824442,
            26.6563437989509
          ],
          [
            89.6575509075996,
            26.656519559876
          ],
          [
            89.6573363381698,
            26.6567174994485
          ],
          [
            89.6571674981561,
            26.6568870477231
          ],
          [
            89.6570363245264,
            26.6570080969221
          ],
          [
            89.6567936053774,
            26.6572092259767
          ],
          [
            89.65661575397,
            26.6573433363148
          ],
          [
            89.6565021183773,
            26.6574855858801
          ],
          [
            89.6564589620035,
            26.6576372998485
          ],
          [
            89.656318253713,
            26.6579322046576
          ],
          [
            89.6562336347076,
            26.6581554142148
          ],
          [
            89.6560401821641,
            26.6583014051049
          ],
          [
            89.6558099659687,
            26.6584145472856
          ],
          [
            89.6556243917162,
            26.6585145953714
          ],
          [
            89.655371394756,
            26.6585924053396
          ],
          [
            89.6551667043375,
            26.6587006535071
          ],
          [
            89.6549323593585,
            26.6588244865754
          ],
          [
            89.6546786316931,
            26.65894790464
          ],
          [
            89.6544089307599,
            26.6591109032065
          ],
          [
            89.6541364888989,
            26.6592807088162
          ],
          [
            89.6538629002406,
            26.6594187902322
          ],
          [
            89.6535342370398,
            26.6595757010773
          ],
          [
            89.6533210590348,
            26.6596630784216
          ],
          [
            89.6530137162842,
            26.6597924432296
          ],
          [
            89.652563101433,
            26.660015429638
          ],
          [
            89.6522450126493,
            26.6601414544229
          ],
          [
            89.6519052418033,
            26.6602907981201
          ],
          [
            89.6516332599402,
            26.6604043210395
          ],
          [
            89.6514139761285,
            26.6605423124371
          ],
          [
            89.6511898039506,
            26.6607367625645
          ],
          [
            89.6510160132982,
            26.6608349836434
          ],
          [
            89.6508328016268,
            26.6609021403368
          ],
          [
            89.6506388350934,
            26.6609426282125
          ],
          [
            89.6504201745799,
            26.6609628879304
          ],
          [
            89.6499336627562,
            26.6610509517675
          ],
          [
            89.6496439104088,
            26.6611890917931
          ],
          [
            89.6494220402951,
            26.6612586842503
          ],
          [
            89.6491294584502,
            26.6613741708482
          ],
          [
            89.6488130405882,
            26.6615885166804
          ],
          [
            89.6484384188436,
            26.6617787144751
          ],
          [
            89.6480181886127,
            26.6620846504229
          ],
          [
            89.6477547318635,
            26.6623123864341
          ],
          [
            89.647482450607,
            26.662533067974
          ],
          [
            89.6473386556756,
            26.6626826283855
          ],
          [
            89.6470196362877,
            26.6628876074802
          ],
          [
            89.646653018135,
            26.6630158586051
          ],
          [
            89.6463647251739,
            26.6630926568176
          ],
          [
            89.646212038507,
            26.6631896857539
          ],
          [
            89.6460960131558,
            26.6633528799086
          ],
          [
            89.6460515783776,
            26.6634124234583
          ],
          [
            89.6457183237728,
            26.6636624106641
          ],
          [
            89.6454553950169,
            26.6638186528228
          ],
          [
            89.6452067026413,
            26.6640326220852
          ],
          [
            89.6450358883872,
            26.6641419000885
          ],
          [
            89.6448967279564,
            26.6643001985372
          ],
          [
            89.6448244944691,
            26.664390572016
          ],
          [
            89.6447595714791,
            26.6644810894177
          ]
        ]
      }
    },
    {
      "type": "Feature",
      "id": "ROAD_BTR_065",
      "properties": {
        "assetId": "ROAD_BTR_065",
        "name": "20th mile rd.",
        "assetType": "FOREST_ROAD",
        "division": null,
        "ranges": [],
        "beats": [],
        "compartments": [],
        "surface": "UNKNOWN",
        "vehicleAccess": "UNKNOWN",
        "status": "OPEN",
        "totalLengthKm": 325.514,
        "currentCondition": null,
        "lastVisitedAt": null,
        "lastVisitedBy": null,
        "lastVisit": null,
        "lastSubstantialPatrolAt": null,
        "lastFullPatrolAt": null
      },
      "geometry": {
        "type": "MultiLineString",
        "coordinates": [
          [
            [
              89.5527894963561,
              26.5902905031155
            ],
            [
              89.5530116754202,
              26.5902410042453
            ],
            [
              89.5533229716148,
              26.5902428857514
            ],
            [
              89.5535438850603,
              26.5902442203383
            ],
            [
              89.5540520549544,
              26.5902126198468
            ],
            [
              89.5542871498563,
              26.5902025269862
            ],
            [
              89.5545361596066,
              26.5900863195182
            ],
            [
              89.55504745992,
              26.5901726847334
            ]
          ],
          [
            [
              89.5527494888939,
              26.5902994161847
            ],
            [
              89.5527894963561,
              26.5902905031155
            ]
          ],
          [
            [
              89.5518811698951,
              26.5903115236613
            ],
            [
              89.5524910940135,
              26.5902286566082
            ],
            [
              89.5527889869288,
              26.5902876594617
            ],
            [
              89.5527894963561,
              26.5902905031155
            ]
          ]
        ]
      }
    },
    {
      "type": "Feature",
      "id": "ROAD_BTR_066",
      "properties": {
        "assetId": "ROAD_BTR_066",
        "name": "18th mile rd.",
        "assetType": "FOREST_ROAD",
        "division": null,
        "ranges": [],
        "beats": [],
        "compartments": [],
        "surface": "UNKNOWN",
        "vehicleAccess": "UNKNOWN",
        "status": "OPEN",
        "totalLengthKm": 2366.689,
        "currentCondition": null,
        "lastVisitedAt": null,
        "lastVisitedBy": null,
        "lastVisit": null,
        "lastSubstantialPatrolAt": null,
        "lastFullPatrolAt": null
      },
      "geometry": {
        "type": "MultiLineString",
        "coordinates": [
          [
            [
              89.5924510971783,
              26.5585467548082
            ],
            [
              89.592737867624,
              26.5585539842653
            ],
            [
              89.5931481783466,
              26.5585560793391
            ],
            [
              89.593553128105,
              26.5585301603953
            ],
            [
              89.5939797362793,
              26.5585364631901
            ],
            [
              89.5947911356688,
              26.5585090647059
            ],
            [
              89.5956074397941,
              26.5584798857121
            ],
            [
              89.5963503789476,
              26.5584674777351
            ],
            [
              89.5966062719334,
              26.5584581897736
            ],
            [
              89.5967544445276,
              26.5584610592531
            ],
            [
              89.5969110206385,
              26.5584762654309
            ],
            [
              89.5970574603165,
              26.5584886331415
            ],
            [
              89.5972010356225,
              26.5585073074059
            ],
            [
              89.5973970659433,
              26.5585228842627
            ],
            [
              89.5976301017097,
              26.5585255346177
            ],
            [
              89.597740784341,
              26.5585163494364
            ],
            [
              89.5979157188207,
              26.5584980550019
            ],
            [
              89.5980606579194,
              26.5584797651831
            ],
            [
              89.5981819853741,
              26.5584713251113
            ],
            [
              89.5983078983813,
              26.5584460111806
            ],
            [
              89.5983986313538,
              26.5584159872225
            ],
            [
              89.5985263674252,
              26.5583531316504
            ],
            [
              89.5986760203758,
              26.5582861355481
            ],
            [
              89.5988349712708,
              26.5581883744524
            ],
            [
              89.5990046385311,
              26.5580883182579
            ],
            [
              89.5990687200587,
              26.5580547578631
            ],
            [
              89.5991734392812,
              26.5580310056594
            ],
            [
              89.5992719489001,
              26.5580240200853
            ],
            [
              89.5993876926183,
              26.5580240183932
            ],
            [
              89.5995145195866,
              26.558044970074
            ],
            [
              89.5996555342582,
              26.5580911077005
            ],
            [
              89.5998877513749,
              26.5582015787879
            ],
            [
              89.6000953501502,
              26.5582983247749
            ],
            [
              89.6002656453673,
              26.5583812626046
            ],
            [
              89.6006769624857,
              26.558575274413
            ],
            [
              89.6008779791183,
              26.5586893519875
            ],
            [
              89.6010080177715,
              26.5587698118861
            ],
            [
              89.6011725896941,
              26.5588868255485
            ],
            [
              89.6013887888644,
              26.5590372380315
            ],
            [
              89.6015448289712,
              26.5591399013185
            ],
            [
              89.6017222046502,
              26.5592295761549
            ],
            [
              89.602031182288,
              26.5593403869258
            ],
            [
              89.6022220326224,
              26.5593795993318
            ],
            [
              89.6024064978437,
              26.5593977925377
            ],
            [
              89.6026441759943,
              26.5593823875294
            ],
            [
              89.6030440348634,
              26.5593543805164
            ],
            [
              89.6032599570617,
              26.5593333784207
            ],
            [
              89.6033522715653,
              26.5593109815673
            ],
            [
              89.6034539741019,
              26.559282985253
            ],
            [
              89.6036026172508,
              26.5592605879151
            ],
            [
              89.6037418738371,
              26.5592717757988
            ],
            [
              89.6040308162592,
              26.559312350543
            ],
            [
              89.6041966740809,
              26.5593711234236
            ],
            [
              89.6043406263539,
              26.5594187007861
            ],
            [
              89.6044675909677,
              26.5594844969199
            ],
            [
              89.6048105166887,
              26.5596597015114
            ],
            [
              89.6049110098208,
              26.5597416426875
            ],
            [
              89.6049733764626,
              26.5597799495981
            ]
          ],
          [
            [
              89.6155031409999,
              26.5591478459995
            ],
            [
              89.6151177542263,
              26.5591547174388
            ],
            [
              89.614064,
              26.559217
            ],
            [
              89.612964,
              26.559293
            ],
            [
              89.6118729999999,
              26.55935
            ],
            [
              89.610859,
              26.559412
            ],
            [
              89.609781,
              26.559453
            ],
            [
              89.608705,
              26.559527
            ],
            [
              89.607604,
              26.559574
            ],
            [
              89.606523,
              26.559667
            ],
            [
              89.6049604640297,
              26.5597714417869
            ],
            [
              89.6049606993088,
              26.5597721628995
            ]
          ]
        ]
      }
    },
    {
      "type": "Feature",
      "id": "ROAD_BTR_067",
      "properties": {
        "assetId": "ROAD_BTR_067",
        "name": "21st mile rd.",
        "assetType": "FOREST_ROAD",
        "division": null,
        "ranges": [],
        "beats": [],
        "compartments": [],
        "surface": "UNKNOWN",
        "vehicleAccess": "UNKNOWN",
        "status": "OPEN",
        "totalLengthKm": 376.361,
        "currentCondition": null,
        "lastVisitedAt": null,
        "lastVisitedBy": null,
        "lastVisit": null,
        "lastSubstantialPatrolAt": null,
        "lastFullPatrolAt": null
      },
      "geometry": {
        "type": "LineString",
        "coordinates": [
          [
            89.5299040074536,
            26.6055106684457
          ],
          [
            89.5309693025914,
            26.6054609938389
          ],
          [
            89.5317761292698,
            26.6054117441693
          ],
          [
            89.5325669986652,
            26.6053840910326
          ],
          [
            89.5336080605912,
            26.6053571760386
          ],
          [
            89.5336799511576,
            26.6053322357736
          ]
        ]
      }
    },
    {
      "type": "Feature",
      "id": "ROAD_BTR_068",
      "properties": {
        "assetId": "ROAD_BTR_068",
        "name": "Pipeline rd.",
        "assetType": "FOREST_ROAD",
        "division": null,
        "ranges": [],
        "beats": [],
        "compartments": [],
        "surface": "UNKNOWN",
        "vehicleAccess": "UNKNOWN",
        "status": "OPEN",
        "totalLengthKm": 1087.228,
        "currentCondition": null,
        "lastVisitedAt": null,
        "lastVisitedBy": null,
        "lastVisit": null,
        "lastSubstantialPatrolAt": null,
        "lastFullPatrolAt": null
      },
      "geometry": {
        "type": "LineString",
        "coordinates": [
          [
            89.5926072595387,
            26.5555672701135
          ],
          [
            89.5938287243794,
            26.5545998655968
          ],
          [
            89.5954031222641,
            26.5533605781072
          ],
          [
            89.5965527812451,
            26.5523917179409
          ],
          [
            89.5975164143107,
            26.5516618176257
          ],
          [
            89.598582915079,
            26.5507668367636
          ],
          [
            89.5997677810339,
            26.5496308803861
          ],
          [
            89.6005809096449,
            26.5488900821321
          ]
        ]
      }
    },
    {
      "type": "Feature",
      "id": "ROAD_BTR_069",
      "properties": {
        "assetId": "ROAD_BTR_069",
        "name": "30th mile rd.",
        "assetType": "FOREST_ROAD",
        "division": null,
        "ranges": [],
        "beats": [],
        "compartments": [],
        "surface": "UNKNOWN",
        "vehicleAccess": "UNKNOWN",
        "status": "OPEN",
        "totalLengthKm": 2034.222,
        "currentCondition": null,
        "lastVisitedAt": null,
        "lastVisitedBy": null,
        "lastVisit": null,
        "lastSubstantialPatrolAt": null,
        "lastFullPatrolAt": null
      },
      "geometry": {
        "type": "LineString",
        "coordinates": [
          [
            89.56117378789,
            26.7252010609716
          ],
          [
            89.5604043810784,
            26.7259422943573
          ],
          [
            89.5600322691974,
            26.7267089224431
          ],
          [
            89.5597784526776,
            26.7271605523946
          ],
          [
            89.5596423236606,
            26.7272473470371
          ],
          [
            89.5593904566172,
            26.7270743381445
          ],
          [
            89.5590418064397,
            26.7268837985708
          ],
          [
            89.5588091961005,
            26.7266925375293
          ],
          [
            89.5586730180195,
            26.7262916461451
          ],
          [
            89.5586144240748,
            26.7260643588106
          ],
          [
            89.5583999226873,
            26.7258191647271
          ],
          [
            89.5582051936805,
            26.72578435376
          ],
          [
            89.5576993223144,
            26.7257849716964
          ],
          [
            89.5574472498546,
            26.7258983056508
          ],
          [
            89.5573106743588,
            26.7258860719949
          ],
          [
            89.5571328305721,
            26.7258378055628
          ],
          [
            89.5562046674776,
            26.7258607561397
          ],
          [
            89.5555952145989,
            26.7258663634378
          ],
          [
            89.5537539416711,
            26.7260090022733
          ],
          [
            89.5522617014728,
            26.7261164538833
          ],
          [
            89.5504274042592,
            26.726216581106
          ],
          [
            89.5486963092767,
            26.7262935716247
          ],
          [
            89.5470570208782,
            26.7263596448267
          ],
          [
            89.5462261613574,
            26.7264142853559
          ],
          [
            89.5458909305776,
            26.7263533101381
          ],
          [
            89.5453599017907,
            26.726174508138
          ],
          [
            89.5449032954852,
            26.726116316222
          ],
          [
            89.5447806054244,
            26.7262625164846
          ],
          [
            89.5446333334763,
            26.7264081190811
          ],
          [
            89.5444088862574,
            26.7265942793739
          ],
          [
            89.5441067115907,
            26.7266687096204
          ],
          [
            89.5439161190181,
            26.7267898067786
          ],
          [
            89.5437661474059,
            26.7269571884694
          ],
          [
            89.5437012843163,
            26.7270982545532
          ],
          [
            89.5435770840656,
            26.7273033162156
          ],
          [
            89.543574805509,
            26.7273034685764
          ]
        ]
      }
    },
    {
      "type": "Feature",
      "id": "ROAD_BTR_070",
      "properties": {
        "assetId": "ROAD_BTR_070",
        "name": "Unnamed Road 070",
        "assetType": "FOREST_ROAD",
        "division": null,
        "ranges": [],
        "beats": [],
        "compartments": [],
        "surface": "UNKNOWN",
        "vehicleAccess": "UNKNOWN",
        "status": "OPEN",
        "totalLengthKm": 1172.117,
        "currentCondition": null,
        "lastVisitedAt": null,
        "lastVisitedBy": null,
        "lastVisit": null,
        "lastSubstantialPatrolAt": null,
        "lastFullPatrolAt": null
      },
      "geometry": {
        "type": "LineString",
        "coordinates": [
          [
            89.524440953422,
            26.7510041901315
          ],
          [
            89.5245013947453,
            26.7510192203111
          ],
          [
            89.5246349312293,
            26.7510339307944
          ],
          [
            89.5250163454761,
            26.7510392134398
          ],
          [
            89.5254538279774,
            26.7509908242846
          ],
          [
            89.5261185341533,
            26.7509284352205
          ],
          [
            89.5267436290561,
            26.7508807438596
          ],
          [
            89.527517151624,
            26.7508328643994
          ],
          [
            89.5280543964633,
            26.7507965690021
          ],
          [
            89.5282129209335,
            26.7508126495702
          ],
          [
            89.5283966733295,
            26.7508561609429
          ],
          [
            89.5289663811245,
            26.7510081228562
          ],
          [
            89.5291276857857,
            26.7511041589016
          ],
          [
            89.5292724960889,
            26.7511883601484
          ],
          [
            89.5294579443853,
            26.7512215470404
          ],
          [
            89.5296421165691,
            26.7512611868828
          ],
          [
            89.5297667072088,
            26.7513095458192
          ],
          [
            89.5298356913066,
            26.7513317210573
          ],
          [
            89.529889646093,
            26.7513539352116
          ],
          [
            89.5299113347513,
            26.7513569065356
          ],
          [
            89.5299222198339,
            26.7513567581255
          ],
          [
            89.5300280604697,
            26.7513558094704
          ],
          [
            89.5300430190512,
            26.7513525431856
          ],
          [
            89.5300540813991,
            26.7513525098096
          ],
          [
            89.5301793196497,
            26.7513521326833
          ],
          [
            89.5303594901423,
            26.7513450146398
          ],
          [
            89.5303738997404,
            26.7513448881395
          ],
          [
            89.5305518536411,
            26.7514315253661
          ],
          [
            89.5307448150907,
            26.7515239722635
          ],
          [
            89.5309488959748,
            26.7516390013082
          ],
          [
            89.5310411756396,
            26.7516662943768
          ],
          [
            89.5311619232759,
            26.751714563754
          ],
          [
            89.5312603685242,
            26.7517321723967
          ],
          [
            89.5313476902812,
            26.7517828837202
          ],
          [
            89.5314061362808,
            26.7518093886736
          ],
          [
            89.5314727749806,
            26.7518207767022
          ],
          [
            89.5315665800009,
            26.7518289149215
          ],
          [
            89.5315801101397,
            26.7518288013374
          ],
          [
            89.5315902538315,
            26.7518287163874
          ],
          [
            89.5316783270246,
            26.7518516284515
          ],
          [
            89.5318485193513,
            26.7519079874654
          ],
          [
            89.5319649417514,
            26.7519725867978
          ],
          [
            89.5321102851283,
            26.7520305724675
          ],
          [
            89.5322678614972,
            26.7520459288863
          ],
          [
            89.5323766338312,
            26.7520198229103
          ],
          [
            89.5324654222385,
            26.7519712931272
          ],
          [
            89.5325663916304,
            26.751959179452
          ],
          [
            89.5326057208773,
            26.7519616878782
          ],
          [
            89.5327314785759,
            26.7519684903513
          ],
          [
            89.5327934692964,
            26.7519928764896
          ],
          [
            89.5328942363709,
            26.7520191741683
          ],
          [
            89.5329617214473,
            26.7520402459402
          ],
          [
            89.5330677570769,
            26.7520576602834
          ],
          [
            89.5331672334527,
            26.7520640393616
          ],
          [
            89.5331961749817,
            26.7520634875312
          ],
          [
            89.5332969525029,
            26.7520450996439
          ],
          [
            89.5334356836113,
            26.7520201691168
          ],
          [
            89.5335328375779,
            26.7520147526319
          ],
          [
            89.5335471288559,
            26.7520627238619
          ],
          [
            89.5335299521983,
            26.7521296413842
          ],
          [
            89.5335037637865,
            26.7522459342683
          ],
          [
            89.533461840778,
            26.7523195012552
          ],
          [
            89.5334241763301,
            26.7524105999569
          ],
          [
            89.5333611923695,
            26.7525008220223
          ],
          [
            89.5333007895927,
            26.7525833862505
          ],
          [
            89.5332592658791,
            26.752629132501
          ],
          [
            89.5332231214483,
            26.7526665756439
          ],
          [
            89.533222426961,
            26.752710910802
          ],
          [
            89.5332917250152,
            26.7526757563903
          ],
          [
            89.5333775942447,
            26.7526261872306
          ],
          [
            89.533465081635,
            26.7526005181228
          ],
          [
            89.5335158750637,
            26.7525609105031
          ],
          [
            89.5335677971108,
            26.7525082249489
          ],
          [
            89.5336203428718,
            26.7524434107697
          ],
          [
            89.5336652003154,
            26.7523702531341
          ],
          [
            89.5337442521754,
            26.752303510195
          ],
          [
            89.5338277776311,
            26.7522514112944
          ],
          [
            89.533902640301,
            26.7521882383295
          ],
          [
            89.5339618123721,
            26.7521412086209
          ],
          [
            89.53400374547,
            26.752142546783
          ],
          [
            89.534051884182,
            26.7521660421439
          ],
          [
            89.5341063363221,
            26.7521782182318
          ],
          [
            89.5341620580518,
            26.7521960929607
          ],
          [
            89.5342153339044,
            26.752199885722
          ],
          [
            89.5342693471291,
            26.7522323804719
          ],
          [
            89.5342983046323,
            26.7522691918674
          ],
          [
            89.5343169533289,
            26.7523189535077
          ],
          [
            89.5343407855892,
            26.7523543097281
          ]
        ]
      }
    },
    {
      "type": "Feature",
      "id": "ROAD_BTR_071",
      "properties": {
        "assetId": "ROAD_BTR_071",
        "name": "Unnamed Road 071",
        "assetType": "FOREST_ROAD",
        "division": null,
        "ranges": [],
        "beats": [],
        "compartments": [],
        "surface": "UNKNOWN",
        "vehicleAccess": "UNKNOWN",
        "status": "OPEN",
        "totalLengthKm": 1290.313,
        "currentCondition": null,
        "lastVisitedAt": null,
        "lastVisitedBy": null,
        "lastVisit": null,
        "lastSubstantialPatrolAt": null,
        "lastFullPatrolAt": null
      },
      "geometry": {
        "type": "LineString",
        "coordinates": [
          [
            89.514243,
            26.7000414
          ],
          [
            89.5145148,
            26.7003168
          ],
          [
            89.5148689,
            26.7005133
          ],
          [
            89.515239,
            26.7007097999999
          ],
          [
            89.5154321,
            26.7009446
          ],
          [
            89.5157278137189,
            26.7010112376881
          ],
          [
            89.5158251996288,
            26.7010282098398
          ],
          [
            89.515883713514,
            26.7010859647285
          ],
          [
            89.5160088108887,
            26.7012041816443
          ],
          [
            89.5160642188756,
            26.7012305825592
          ],
          [
            89.5161377902865,
            26.7012202222496
          ],
          [
            89.5162326537602,
            26.7011576203871
          ],
          [
            89.5162928771692,
            26.7010651305166
          ],
          [
            89.516346835743,
            26.7009654966578
          ],
          [
            89.5164281051515,
            26.7008738369817
          ],
          [
            89.5165123471095,
            26.7008557667418
          ],
          [
            89.516631599632,
            26.7008212045478
          ],
          [
            89.5167017058624,
            26.7008457623499
          ],
          [
            89.5168036938057,
            26.7009833801377
          ],
          [
            89.5168838393843,
            26.7010747703655
          ],
          [
            89.5170052873864,
            26.7012105266354
          ],
          [
            89.5171505094122,
            26.7012864933401
          ],
          [
            89.5173321986098,
            26.7013961374369
          ],
          [
            89.5174406164456,
            26.7015359825095
          ],
          [
            89.5175514752169,
            26.7016870016818
          ],
          [
            89.5176673718114,
            26.7017756228845
          ],
          [
            89.5178397725524,
            26.7019009827081
          ],
          [
            89.5179277649749,
            26.7019796815844
          ],
          [
            89.5179934918349,
            26.7020722039548
          ],
          [
            89.518017127662,
            26.7022486752459
          ],
          [
            89.5180446289535,
            26.7023893448849
          ],
          [
            89.5181030837553,
            26.7025259901043
          ],
          [
            89.518209248808,
            26.7026607641805
          ],
          [
            89.5183365542504,
            26.7027439424262
          ],
          [
            89.518446730966,
            26.7028272754946
          ],
          [
            89.5185282573586,
            26.702936886769
          ],
          [
            89.5186095084162,
            26.7030354737402
          ],
          [
            89.5186732667901,
            26.7031649232864
          ],
          [
            89.5187543340549,
            26.7032320793461
          ],
          [
            89.5188352315106,
            26.7033438406917
          ],
          [
            89.5189570064056,
            26.7034474051929
          ],
          [
            89.5190729310809,
            26.703556097633
          ],
          [
            89.5191830198507,
            26.703680256746
          ],
          [
            89.5192525248921,
            26.7038663460541
          ],
          [
            89.5193855876389,
            26.7040831725658
          ],
          [
            89.5194953611814,
            26.7043049076361
          ],
          [
            89.5195876217628,
            26.7044746231169
          ],
          [
            89.5197372542383,
            26.70473119583
          ],
          [
            89.5198061867615,
            26.7049005045459
          ],
          [
            89.5198922571714,
            26.7050437019751
          ],
          [
            89.5200209997665,
            26.7052648205578
          ],
          [
            89.5200152956658,
            26.7052853193333
          ],
          [
            89.5201424422571,
            26.7055460425972
          ],
          [
            89.5202633054738,
            26.7057194937793
          ],
          [
            89.5204125828513,
            26.7059286646282
          ],
          [
            89.520584529667,
            26.7061985690271
          ],
          [
            89.5208019239417,
            26.7064067272726
          ],
          [
            89.5209674666954,
            26.7065685578927
          ],
          [
            89.5210823567041,
            26.7066890067463
          ],
          [
            89.5211628744041,
            26.7067553405694
          ],
          [
            89.5211920308918,
            26.7068675050947
          ],
          [
            89.5212841605728,
            26.7070355688259
          ],
          [
            89.5213875945106,
            26.7071932129416
          ],
          [
            89.521467762209,
            26.707340668566
          ],
          [
            89.5215363342137,
            26.7074474213
          ],
          [
            89.5216048615068,
            26.7075439697554
          ],
          [
            89.5216391442746,
            26.7076100089987
          ],
          [
            89.5217417556999,
            26.7076760324279
          ],
          [
            89.5218728175084,
            26.707747115661
          ],
          [
            89.5219639508494,
            26.7077775740278
          ],
          [
            89.5220778675844,
            26.7078334055355
          ],
          [
            89.5221580965556,
            26.7078592667192
          ]
        ]
      }
    },
    {
      "type": "Feature",
      "id": "ROAD_BTR_072",
      "properties": {
        "assetId": "ROAD_BTR_072",
        "name": "29th mile rd.",
        "assetType": "FOREST_ROAD",
        "division": null,
        "ranges": [],
        "beats": [],
        "compartments": [],
        "surface": "UNKNOWN",
        "vehicleAccess": "UNKNOWN",
        "status": "OPEN",
        "totalLengthKm": 2109.642,
        "currentCondition": null,
        "lastVisitedAt": null,
        "lastVisitedBy": null,
        "lastVisit": null,
        "lastSubstantialPatrolAt": null,
        "lastFullPatrolAt": null
      },
      "geometry": {
        "type": "LineString",
        "coordinates": [
          [
            89.540742934,
            26.712244094
          ],
          [
            89.5558693280001,
            26.7119265440001
          ],
          [
            89.5561650750001,
            26.7119320950001
          ],
          [
            89.5565361690001,
            26.711926556
          ],
          [
            89.5574551120001,
            26.711902438
          ],
          [
            89.5578326870001,
            26.711896741
          ],
          [
            89.5583352610001,
            26.711871941
          ],
          [
            89.559031679,
            26.7118554630001
          ],
          [
            89.559683793,
            26.7118296570001
          ],
          [
            89.5601597250001,
            26.7118092330001
          ],
          [
            89.5607839670001,
            26.7117714510001
          ],
          [
            89.5613144000001,
            26.711753591
          ],
          [
            89.5617190130001,
            26.7117365710001
          ],
          [
            89.561969935,
            26.7117021560001
          ]
        ]
      }
    },
    {
      "type": "Feature",
      "id": "ROAD_BTR_073",
      "properties": {
        "assetId": "ROAD_BTR_073",
        "name": "Unnamed Road 073",
        "assetType": "FOREST_ROAD",
        "division": null,
        "ranges": [],
        "beats": [],
        "compartments": [],
        "surface": "UNKNOWN",
        "vehicleAccess": "UNKNOWN",
        "status": "OPEN",
        "totalLengthKm": 1388.058,
        "currentCondition": null,
        "lastVisitedAt": null,
        "lastVisitedBy": null,
        "lastVisit": null,
        "lastSubstantialPatrolAt": null,
        "lastFullPatrolAt": null
      },
      "geometry": {
        "type": "LineString",
        "coordinates": [
          [
            89.5336706795214,
            26.6991936380875
          ],
          [
            89.5334887557943,
            26.6992178800134
          ],
          [
            89.5330046203363,
            26.6992275477622
          ],
          [
            89.5326937116999,
            26.6990548537887
          ],
          [
            89.5324220394779,
            26.6989173057253
          ],
          [
            89.5322220534088,
            26.6987196787076
          ],
          [
            89.5319262242511,
            26.6984768220438
          ],
          [
            89.531692832513,
            26.6982024332039
          ],
          [
            89.5314633082386,
            26.697999603295
          ],
          [
            89.531343432161,
            26.6978992482305
          ],
          [
            89.5310111650893,
            26.6979848540144
          ],
          [
            89.5307374981311,
            26.6980938098799
          ],
          [
            89.5304646983666,
            26.6979931188661
          ],
          [
            89.5302165379137,
            26.6978849887029
          ],
          [
            89.5299439788429,
            26.6977771305102
          ],
          [
            89.5296307247075,
            26.6975608245752
          ],
          [
            89.5295389721962,
            26.6974741562326
          ],
          [
            89.5294278341923,
            26.6972494220658
          ],
          [
            89.5293260817442,
            26.6970891725657
          ],
          [
            89.5291562801713,
            26.6969503722081
          ],
          [
            89.5289401100951,
            26.6968069801875
          ],
          [
            89.5286150585338,
            26.6966294575598
          ],
          [
            89.528503391699,
            26.6965687867511
          ],
          [
            89.5284111115115,
            26.6965427379785
          ],
          [
            89.5283479743355,
            26.6965123883511
          ],
          [
            89.5282556460134,
            26.6964300689173
          ],
          [
            89.5281534487621,
            26.6963520922229
          ],
          [
            89.5280462387789,
            26.696278343783
          ],
          [
            89.5279388599644,
            26.696200138582
          ],
          [
            89.5277776732973,
            26.6961305224082
          ],
          [
            89.5276554709756,
            26.6960956670353
          ],
          [
            89.5275381852568,
            26.6960477161286
          ],
          [
            89.5274452632889,
            26.6959823066424
          ],
          [
            89.5273669982785,
            26.6959168766724
          ],
          [
            89.5272346735597,
            26.6958775075405
          ],
          [
            89.527112065973,
            26.6958293901917
          ],
          [
            89.5269353529576,
            26.6957506026455
          ],
          [
            89.5268604736686,
            26.6957242549678
          ],
          [
            89.5266940513905,
            26.6957281703732
          ],
          [
            89.5265665370651,
            26.6957321992851
          ],
          [
            89.5264732780916,
            26.6957320118428
          ],
          [
            89.5263799563546,
            26.695744984952
          ],
          [
            89.5263062282542,
            26.6957799126404
          ],
          [
            89.5261930846264,
            26.6958016557574
          ],
          [
            89.5260995323209,
            26.6958453764911
          ],
          [
            89.5259075485393,
            26.6959198162092
          ],
          [
            89.5257451299446,
            26.6959504761063
          ],
          [
            89.5256466922524,
            26.6959855693712
          ],
          [
            89.5255481389979,
            26.6959899272322
          ],
          [
            89.5254422278863,
            26.6959529791285
          ],
          [
            89.5252519318743,
            26.6958731659486
          ],
          [
            89.5250354486694,
            26.695737043466
          ],
          [
            89.5248186898147,
            26.6955875612037
          ],
          [
            89.524729963812,
            26.6955435576358
          ],
          [
            89.5245721839568,
            26.6954819221672
          ],
          [
            89.5243946037689,
            26.6954202527415
          ],
          [
            89.5242712926231,
            26.6953850033785
          ],
          [
            89.5241431305609,
            26.6953717865484
          ],
          [
            89.5240202790098,
            26.6953366193644
          ],
          [
            89.5239120787525,
            26.6952662228021
          ],
          [
            89.5237938654615,
            26.6951517830895
          ],
          [
            89.5237200986031,
            26.6950990023039
          ],
          [
            89.5235874561552,
            26.6950198963033
          ],
          [
            89.5234991883403,
            26.6949848212021
          ],
          [
            89.5234611588851,
            26.6949556202813
          ],
          [
            89.5233785038809,
            26.6948991735303
          ],
          [
            89.5233055535348,
            26.694843221204
          ],
          [
            89.5232602699864,
            26.6947961079203
          ],
          [
            89.5232213450591,
            26.6947356795414
          ],
          [
            89.5231764929545,
            26.6947000565512
          ],
          [
            89.523132007571,
            26.6946457745561
          ],
          [
            89.5230906197016,
            26.6946052322086
          ],
          [
            89.5230289257855,
            26.6945434482882
          ],
          [
            89.5229879856888,
            26.6945060416046
          ],
          [
            89.5229505221145,
            26.6944503453545
          ],
          [
            89.5229272271029,
            26.6944344438051
          ],
          [
            89.5228753051005,
            26.6943843779306
          ],
          [
            89.5228391905053,
            26.6943610112056
          ],
          [
            89.5227756537462,
            26.6943318716618
          ],
          [
            89.5227726609579,
            26.6943304173828
          ],
          [
            89.5227219078968,
            26.6943086450018
          ],
          [
            89.5227071532321,
            26.6943014700587
          ],
          [
            89.522688562522,
            26.6942859585891
          ],
          [
            89.5226561841081,
            26.6942566880981
          ],
          [
            89.5226091073138,
            26.6942141932304
          ],
          [
            89.5225896673891,
            26.6941876185549
          ],
          [
            89.5225581094472,
            26.6941490747638
          ],
          [
            89.5225048968897,
            26.6941107379157
          ],
          [
            89.5224650303404,
            26.6940827635238
          ],
          [
            89.5222121636007,
            26.6940244535298
          ],
          [
            89.5221041411995,
            26.694043461914
          ],
          [
            89.5220911183404,
            26.6940598094944
          ]
        ]
      }
    },
    {
      "type": "Feature",
      "id": "ROAD_BTR_074",
      "properties": {
        "assetId": "ROAD_BTR_074",
        "name": "22nd mile rd.",
        "assetType": "FOREST_ROAD",
        "division": null,
        "ranges": [],
        "beats": [],
        "compartments": [],
        "surface": "UNKNOWN",
        "vehicleAccess": "UNKNOWN",
        "status": "OPEN",
        "totalLengthKm": 478.588,
        "currentCondition": null,
        "lastVisitedAt": null,
        "lastVisitedBy": null,
        "lastVisit": null,
        "lastSubstantialPatrolAt": null,
        "lastFullPatrolAt": null
      },
      "geometry": {
        "type": "LineString",
        "coordinates": [
          [
            89.5894758986258,
            26.6156336777182
          ],
          [
            89.5893623753543,
            26.6156239865091
          ],
          [
            89.5891186670313,
            26.6156425391816
          ],
          [
            89.5889278349529,
            26.6156479289413
          ],
          [
            89.5885709999444,
            26.6156846390286
          ],
          [
            89.5881480569967,
            26.6157235028643
          ],
          [
            89.5878532393915,
            26.6157238510423
          ],
          [
            89.5875450182892,
            26.6157600149129
          ],
          [
            89.5872150229797,
            26.6157781448388
          ],
          [
            89.586985092582,
            26.6158036969984
          ],
          [
            89.5868643312641,
            26.615806275851
          ],
          [
            89.5867337077367,
            26.6158063119852
          ],
          [
            89.5864505728828,
            26.6158114816519
          ],
          [
            89.5863290378451,
            26.6158115115037
          ],
          [
            89.5860589790588,
            26.6158444974284
          ],
          [
            89.5856797026412,
            26.6158825713857
          ],
          [
            89.5851090520892,
            26.6159032284188
          ],
          [
            89.5849277315146,
            26.6159186643924
          ],
          [
            89.5847112514895,
            26.6159649935212
          ],
          [
            89.5846930552644,
            26.6159816569516
          ]
        ]
      }
    },
    {
      "type": "Feature",
      "id": "ROAD_BTR_075",
      "properties": {
        "assetId": "ROAD_BTR_075",
        "name": "22nd mile rd.",
        "assetType": "FOREST_ROAD",
        "division": null,
        "ranges": [],
        "beats": [],
        "compartments": [],
        "surface": "UNKNOWN",
        "vehicleAccess": "UNKNOWN",
        "status": "OPEN",
        "totalLengthKm": 2904.157,
        "currentCondition": null,
        "lastVisitedAt": null,
        "lastVisitedBy": null,
        "lastVisit": null,
        "lastSubstantialPatrolAt": null,
        "lastFullPatrolAt": null
      },
      "geometry": {
        "type": "LineString",
        "coordinates": [
          [
            89.5605913569652,
            26.6177773465376
          ],
          [
            89.5595244331189,
            26.6175899844147
          ],
          [
            89.5590123505171,
            26.6176155988133
          ],
          [
            89.5586796007687,
            26.6176487646506
          ],
          [
            89.5573438006294,
            26.6178131439657
          ],
          [
            89.5558339725559,
            26.6179446898117
          ],
          [
            89.5551809606105,
            26.6179975780818
          ],
          [
            89.5548287481126,
            26.6180250818412
          ],
          [
            89.5536868547458,
            26.6180776582474
          ],
          [
            89.552520554892,
            26.6180830732267
          ],
          [
            89.5509406751312,
            26.6181975145874
          ],
          [
            89.5494749672735,
            26.6183273724054
          ],
          [
            89.5481679745743,
            26.6184466212764
          ],
          [
            89.5463519521141,
            26.6185863564088
          ],
          [
            89.5453506678253,
            26.6186809535824
          ],
          [
            89.543770708623,
            26.6187887881092
          ],
          [
            89.5427571842452,
            26.6188466213553
          ],
          [
            89.541228157043,
            26.6189140941394
          ],
          [
            89.5399953221304,
            26.6190107184834
          ],
          [
            89.5394989013561,
            26.6190563691894
          ],
          [
            89.5385300765636,
            26.6191411262129
          ],
          [
            89.5378434493908,
            26.6192117222905
          ],
          [
            89.537380570412,
            26.6192116941101
          ],
          [
            89.5367954529224,
            26.6192472140015
          ],
          [
            89.5361119494416,
            26.6192881806411
          ],
          [
            89.5353413768485,
            26.6193106273713
          ],
          [
            89.5350209287922,
            26.6193519251344
          ],
          [
            89.5348646138157,
            26.6193378339938
          ],
          [
            89.533902403172,
            26.6193492893103
          ],
          [
            89.5335741904921,
            26.6193550141958
          ],
          [
            89.5328862915736,
            26.619399162609
          ],
          [
            89.5324819016792,
            26.6194189346964
          ],
          [
            89.5318809112932,
            26.6194138558682
          ],
          [
            89.5316637300205,
            26.6194078395664
          ],
          [
            89.5315232761204,
            26.6193931171974
          ],
          [
            89.5315018879565,
            26.6193742950311
          ]
        ]
      }
    },
    {
      "type": "Feature",
      "id": "ROAD_BTR_076",
      "properties": {
        "assetId": "ROAD_BTR_076",
        "name": "Debnath rd.",
        "assetType": "FOREST_ROAD",
        "division": null,
        "ranges": [],
        "beats": [],
        "compartments": [],
        "surface": "UNKNOWN",
        "vehicleAccess": "UNKNOWN",
        "status": "OPEN",
        "totalLengthKm": 1890.959,
        "currentCondition": null,
        "lastVisitedAt": null,
        "lastVisitedBy": null,
        "lastVisit": null,
        "lastSubstantialPatrolAt": null,
        "lastFullPatrolAt": null
      },
      "geometry": {
        "type": "LineString",
        "coordinates": [
          [
            89.5566666517823,
            26.6031326339029
          ],
          [
            89.5566631896442,
            26.6035402360546
          ],
          [
            89.5567792951045,
            26.6045018026541
          ],
          [
            89.5566348230404,
            26.6051653125765
          ],
          [
            89.5564823877195,
            26.6058623897631
          ],
          [
            89.5563972768912,
            26.606342022755
          ],
          [
            89.5565783721312,
            26.6071400785684
          ],
          [
            89.5566145697422,
            26.6072502217589
          ],
          [
            89.557096205427,
            26.6077937009743
          ],
          [
            89.5574003888404,
            26.6081433553981
          ],
          [
            89.558102729206,
            26.6087871257041
          ],
          [
            89.5581244684209,
            26.6090459256523
          ],
          [
            89.5580664713347,
            26.6094519326293
          ],
          [
            89.5579228393921,
            26.6098486276577
          ],
          [
            89.5577490775962,
            26.6100613249709
          ],
          [
            89.5573881544879,
            26.6102849486473
          ],
          [
            89.5570858795854,
            26.6105158199694
          ],
          [
            89.5570351075373,
            26.6106585019068
          ],
          [
            89.5568681360737,
            26.611535271287
          ],
          [
            89.5569189701996,
            26.6118962075783
          ],
          [
            89.5570857274914,
            26.6124866962561
          ],
          [
            89.5576663168673,
            26.6133314138675
          ],
          [
            89.5577886933369,
            26.6135049008613
          ],
          [
            89.5582638663789,
            26.6136864094435
          ],
          [
            89.5589367773356,
            26.61406653037
          ],
          [
            89.5593327781384,
            26.6143163510577
          ],
          [
            89.559663058421,
            26.6145723632212
          ],
          [
            89.5600864012749,
            26.6150854447288
          ],
          [
            89.5603384000248,
            26.6153501970964
          ],
          [
            89.5603384070879,
            26.6155112045023
          ],
          [
            89.5603381903961,
            26.6156780145597
          ],
          [
            89.5602727113627,
            26.6160428808727
          ],
          [
            89.5601708955853,
            26.6166230516232
          ],
          [
            89.5601713743554,
            26.6166737824054
          ],
          [
            89.5601711797998,
            26.6166881522852
          ],
          [
            89.5601705916848,
            26.6167315950764
          ],
          [
            89.560204618771,
            26.616853677308
          ],
          [
            89.5603302131398,
            26.6171212312582
          ],
          [
            89.5604782781383,
            26.6175096218731
          ],
          [
            89.5605913569652,
            26.6177773465376
          ]
        ]
      }
    },
    {
      "type": "Feature",
      "id": "ROAD_BTR_077",
      "properties": {
        "assetId": "ROAD_BTR_077",
        "name": "Fodder rd.",
        "assetType": "FOREST_ROAD",
        "division": null,
        "ranges": [],
        "beats": [],
        "compartments": [],
        "surface": "UNKNOWN",
        "vehicleAccess": "UNKNOWN",
        "status": "OPEN",
        "totalLengthKm": 472.768,
        "currentCondition": null,
        "lastVisitedAt": null,
        "lastVisitedBy": null,
        "lastVisit": null,
        "lastSubstantialPatrolAt": null,
        "lastFullPatrolAt": null
      },
      "geometry": {
        "type": "LineString",
        "coordinates": [
          [
            89.555975952608,
            26.5990835536416
          ],
          [
            89.5564763816457,
            26.5997411284261
          ],
          [
            89.5568415538022,
            26.6006581007563
          ],
          [
            89.5568022474587,
            26.6016935909879
          ],
          [
            89.5566714689037,
            26.6025655077448
          ],
          [
            89.5566666517823,
            26.6031326339029
          ]
        ]
      }
    },
    {
      "type": "Feature",
      "id": "ROAD_BTR_078",
      "properties": {
        "assetId": "ROAD_BTR_078",
        "name": "Pipeline rd.",
        "assetType": "FOREST_ROAD",
        "division": null,
        "ranges": [],
        "beats": [],
        "compartments": [],
        "surface": "UNKNOWN",
        "vehicleAccess": "UNKNOWN",
        "status": "OPEN",
        "totalLengthKm": 283.382,
        "currentCondition": null,
        "lastVisitedAt": null,
        "lastVisitedBy": null,
        "lastVisit": null,
        "lastSubstantialPatrolAt": null,
        "lastFullPatrolAt": null
      },
      "geometry": {
        "type": "LineString",
        "coordinates": [
          [
            89.5336799511576,
            26.6053322357736
          ],
          [
            89.5337496917464,
            26.6053080413784
          ],
          [
            89.5338912096184,
            26.6052026826851
          ],
          [
            89.534181764955,
            26.6049711521216
          ],
          [
            89.5344641612279,
            26.6047398328325
          ],
          [
            89.5347790614869,
            26.6044933729335
          ],
          [
            89.5351100093218,
            26.6042044499175
          ],
          [
            89.5354235176707,
            26.6038885508989
          ],
          [
            89.535669014936,
            26.6036478159428
          ],
          [
            89.5357547705558,
            26.6035994211704
          ]
        ]
      }
    },
    {
      "type": "Feature",
      "id": "ROAD_BTR_079",
      "properties": {
        "assetId": "ROAD_BTR_079",
        "name": "Tolani rd.",
        "assetType": "FOREST_ROAD",
        "division": null,
        "ranges": [],
        "beats": [],
        "compartments": [],
        "surface": "UNKNOWN",
        "vehicleAccess": "UNKNOWN",
        "status": "OPEN",
        "totalLengthKm": 1055.654,
        "currentCondition": null,
        "lastVisitedAt": null,
        "lastVisitedBy": null,
        "lastVisit": null,
        "lastSubstantialPatrolAt": null,
        "lastFullPatrolAt": null
      },
      "geometry": {
        "type": "LineString",
        "coordinates": [
          [
            89.552789496356,
            26.5902905031155
          ],
          [
            89.5528909248864,
            26.5908566833983
          ],
          [
            89.5527791714821,
            26.591345047489
          ],
          [
            89.5527548613885,
            26.5919459114127
          ],
          [
            89.5527536787953,
            26.5921674860377
          ],
          [
            89.55297134618,
            26.5928401782855
          ],
          [
            89.5533294052028,
            26.5937092873519
          ],
          [
            89.5534358558737,
            26.5940305189989
          ],
          [
            89.5545217145549,
            26.5954839495441
          ],
          [
            89.5547571395874,
            26.5957837650789
          ],
          [
            89.5552216358347,
            26.596481446628
          ],
          [
            89.5553518840274,
            26.5967403526645
          ],
          [
            89.5554938625369,
            26.5972756377358
          ],
          [
            89.5556629703276,
            26.598016605001
          ],
          [
            89.5558219042595,
            26.5988811307165
          ],
          [
            89.555975952608,
            26.5990835536416
          ]
        ]
      }
    },
    {
      "type": "Feature",
      "id": "ROAD_BTR_080",
      "properties": {
        "assetId": "ROAD_BTR_080",
        "name": "20th mile rd.",
        "assetType": "FOREST_ROAD",
        "division": null,
        "ranges": [],
        "beats": [],
        "compartments": [],
        "surface": "UNKNOWN",
        "vehicleAccess": "UNKNOWN",
        "status": "OPEN",
        "totalLengthKm": 1762.73,
        "currentCondition": null,
        "lastVisitedAt": null,
        "lastVisitedBy": null,
        "lastVisit": null,
        "lastSubstantialPatrolAt": null,
        "lastFullPatrolAt": null
      },
      "geometry": {
        "type": "LineString",
        "coordinates": [
          [
            89.5956476114944,
            26.5892985220939
          ],
          [
            89.5950089941582,
            26.5893775740691
          ],
          [
            89.594760599704,
            26.5892746242862
          ],
          [
            89.5938402667434,
            26.5894618350404
          ],
          [
            89.5931756452935,
            26.5893359567016
          ],
          [
            89.5928393047369,
            26.5894398653444
          ],
          [
            89.5924807060589,
            26.5893620423031
          ],
          [
            89.5911466265204,
            26.5894364401571
          ],
          [
            89.5904018987779,
            26.5894053549244
          ],
          [
            89.5898441400707,
            26.5894330185162
          ],
          [
            89.5891491437272,
            26.5894583136675
          ],
          [
            89.5881229417997,
            26.5894574015973
          ],
          [
            89.5873396361046,
            26.589535272802
          ],
          [
            89.5863772087471,
            26.5895177678063
          ],
          [
            89.5857163073356,
            26.5895175639635
          ],
          [
            89.5852831928356,
            26.5895691023009
          ],
          [
            89.5846817171654,
            26.5895680227584
          ],
          [
            89.5843514532642,
            26.5894295456365
          ],
          [
            89.5840775666555,
            26.5893194607008
          ],
          [
            89.5837946084204,
            26.5893964269917
          ],
          [
            89.583615928622,
            26.5895600362704
          ],
          [
            89.5827668668285,
            26.5896220154729
          ],
          [
            89.5822343673422,
            26.5896411159712
          ],
          [
            89.5814784662748,
            26.5896284795599
          ],
          [
            89.5798488791158,
            26.5896408891421
          ],
          [
            89.5795115213253,
            26.5896922014491
          ],
          [
            89.5793085326973,
            26.5896211163723
          ],
          [
            89.5782128692178,
            26.5897185349707
          ]
        ]
      }
    },
    {
      "type": "Feature",
      "id": "ROAD_BTR_081",
      "properties": {
        "assetId": "ROAD_BTR_081",
        "name": "Unnamed Road 081",
        "assetType": "FOREST_ROAD",
        "division": null,
        "ranges": [],
        "beats": [],
        "compartments": [],
        "surface": "UNKNOWN",
        "vehicleAccess": "UNKNOWN",
        "status": "OPEN",
        "totalLengthKm": 3448.294,
        "currentCondition": null,
        "lastVisitedAt": null,
        "lastVisitedBy": null,
        "lastVisit": null,
        "lastSubstantialPatrolAt": null,
        "lastFullPatrolAt": null
      },
      "geometry": {
        "type": "LineString",
        "coordinates": [
          [
            89.6699826197325,
            26.5865665531573
          ],
          [
            89.6700664153373,
            26.586988342337
          ],
          [
            89.67016029186,
            26.5874030144487
          ],
          [
            89.6702741776124,
            26.5879341449385
          ],
          [
            89.670398362129,
            26.5885232865137
          ],
          [
            89.6704896313611,
            26.5888736248821
          ],
          [
            89.6706371024494,
            26.5895046588625
          ],
          [
            89.6708314832484,
            26.590157000432
          ],
          [
            89.6709671452885,
            26.5906633462915
          ],
          [
            89.6710776153345,
            26.5909464317234
          ],
          [
            89.6711829878505,
            26.5911079889964
          ],
          [
            89.6714134905706,
            26.5914600862248
          ],
          [
            89.6714985744038,
            26.5916124402927
          ],
          [
            89.6715985505905,
            26.591840804615
          ],
          [
            89.6717556484556,
            26.5923237376778
          ],
          [
            89.6718310157202,
            26.5926349711245
          ],
          [
            89.6718234711123,
            26.5927155515271
          ],
          [
            89.6717706347749,
            26.5927692510508
          ],
          [
            89.6717005964236,
            26.5928565295074
          ],
          [
            89.6716105443105,
            26.5929594754152
          ],
          [
            89.6715730310006,
            26.5930333217537
          ],
          [
            89.6715330204695,
            26.5931250690826
          ],
          [
            89.6715155795727,
            26.5932817283914
          ],
          [
            89.6715507289453,
            26.5934339615799
          ],
          [
            89.6717668537752,
            26.5939730075844
          ],
          [
            89.6717893874239,
            26.5940960706585
          ],
          [
            89.6718120189567,
            26.5943220873958
          ],
          [
            89.6718371611862,
            26.594539197072
          ],
          [
            89.671834701977,
            26.5947159928534
          ],
          [
            89.6718297225983,
            26.5948502567292
          ],
          [
            89.6717796076625,
            26.5949396312504
          ],
          [
            89.6716422091969,
            26.59503866462
          ],
          [
            89.6715958045512,
            26.5950594607325
          ],
          [
            89.6714735839288,
            26.5951330423571
          ],
          [
            89.671398947138,
            26.5952223225745
          ],
          [
            89.6713668973178,
            26.5953408362709
          ],
          [
            89.6713876982907,
            26.5955581717516
          ],
          [
            89.6714514442476,
            26.5958656906055
          ],
          [
            89.6714933141404,
            26.5961477378883
          ],
          [
            89.6715163163287,
            26.5964425794473
          ],
          [
            89.6715712089039,
            26.59679347346
          ],
          [
            89.6716543171438,
            26.5970994047317
          ],
          [
            89.6717651077864,
            26.597430077136
          ],
          [
            89.6718664701781,
            26.5979121457317
          ],
          [
            89.6719296198927,
            26.5982272524561
          ],
          [
            89.6719877461205,
            26.5985177386065
          ],
          [
            89.6720433545207,
            26.5987385401227
          ],
          [
            89.6720859300836,
            26.5987990379721
          ],
          [
            89.672176163488,
            26.5988345958409
          ],
          [
            89.6723340435215,
            26.598845213546
          ],
          [
            89.6724916970737,
            26.5988602951773
          ],
          [
            89.6726042209509,
            26.5988957900492
          ],
          [
            89.6726668801655,
            26.5989809971717
          ],
          [
            89.6727370892734,
            26.599265293015
          ],
          [
            89.6728396152727,
            26.5997465800155
          ],
          [
            89.6729339835487,
            26.6001124457138
          ],
          [
            89.6730115654696,
            26.6002465233654
          ],
          [
            89.6731201314579,
            26.6003427599695
          ],
          [
            89.6732206128472,
            26.6004412411122
          ],
          [
            89.6732807030201,
            26.6005508657378
          ],
          [
            89.6733308024192,
            26.6007253819829
          ],
          [
            89.6734090569291,
            26.6012265072472
          ],
          [
            89.6734929841579,
            26.6017957123039
          ],
          [
            89.6735256102654,
            26.6019788725118
          ],
          [
            89.6735230412,
            26.6020324124884
          ],
          [
            89.6735143261504,
            26.6022262867537
          ],
          [
            89.6735183201248,
            26.6024201473187
          ],
          [
            89.6735207769174,
            26.6025307951271
          ],
          [
            89.6733755704692,
            26.6026424526337
          ],
          [
            89.6730385196405,
            26.6028436983911
          ],
          [
            89.6727652604162,
            26.6030504232827
          ],
          [
            89.672500568881,
            26.6032656780681
          ],
          [
            89.6723334289557,
            26.6034538316709
          ],
          [
            89.6722132188035,
            26.6037023752696
          ],
          [
            89.67213187546,
            26.6039378916966
          ],
          [
            89.672034046734,
            26.6040688955097
          ],
          [
            89.6718418489875,
            26.6042040372506
          ],
          [
            89.6716184971957,
            26.6043611638971
          ],
          [
            89.6714107166987,
            26.6045583487169
          ],
          [
            89.671324164484,
            26.6047170361251
          ],
          [
            89.6713065320352,
            26.6048485296128
          ],
          [
            89.6713301207745,
            26.6050260652205
          ],
          [
            89.6713980109215,
            26.6051959624727
          ],
          [
            89.6714155033148,
            26.605275263488
          ],
          [
            89.6713954322812,
            26.6054435055804
          ],
          [
            89.6713249963662,
            26.6056265701019
          ],
          [
            89.6713116372439,
            26.6057195514047
          ],
          [
            89.6712849285846,
            26.6058693706201
          ],
          [
            89.6712515401813,
            26.6060280356268
          ],
          [
            89.6712147097597,
            26.6060998353781
          ],
          [
            89.6710336613496,
            26.6061924930266
          ],
          [
            89.6708529103475,
            26.6062578095268
          ],
          [
            89.6706690089831,
            26.6062870814419
          ],
          [
            89.6704819681777,
            26.6062863563084
          ],
          [
            89.6702781271593,
            26.6062409701673
          ],
          [
            89.6702245473912,
            26.6062409699132
          ],
          [
            89.6701275351935,
            26.6062857946113
          ],
          [
            89.6700339843095,
            26.606372439216
          ],
          [
            89.6699518422706,
            26.6065072726519
          ],
          [
            89.6698984187834,
            26.6066748381577
          ],
          [
            89.6698683275286,
            26.6067496337063
          ],
          [
            89.6698048104666,
            26.6068483410216
          ],
          [
            89.6697312794775,
            26.6069769391235
          ],
          [
            89.6696677881142,
            26.6070696226677
          ],
          [
            89.6696410556691,
            26.6071802725371
          ],
          [
            89.6696410557429,
            26.6071832637511
          ],
          [
            89.6696113593256,
            26.6073623489319
          ],
          [
            89.6695950589015,
            26.6075382876722
          ],
          [
            89.6695748942345,
            26.6078188151238
          ],
          [
            89.6695475934669,
            26.6079949675625
          ],
          [
            89.6695003732178,
            26.6082192091094
          ],
          [
            89.6694431232516,
            26.60844361448
          ],
          [
            89.6693892250494,
            26.6086442089986
          ],
          [
            89.6692884181624,
            26.6088389279201
          ],
          [
            89.6692850466299,
            26.6088509142204
          ],
          [
            89.6692749879735,
            26.6088569074352
          ],
          [
            89.6691808727614,
            26.6089558763228
          ],
          [
            89.6690274136162,
            26.6090364443837
          ],
          [
            89.6689217231503,
            26.6090938167077
          ],
          [
            89.668818081785,
            26.60924052867
          ],
          [
            89.6687145497006,
            26.6094410323508
          ],
          [
            89.668667991546,
            26.6096713181417
          ],
          [
            89.6686148670935,
            26.6098595384967
          ],
          [
            89.6685759651508,
            26.6099693982495
          ],
          [
            89.6684767746589,
            26.6100165634667
          ],
          [
            89.6682777629432,
            26.6100338329595
          ],
          [
            89.6680194979938,
            26.6100330631005
          ],
          [
            89.6676194106638,
            26.6099904636157
          ],
          [
            89.6672736947888,
            26.6100023230903
          ],
          [
            89.6671318189858,
            26.6100221006509
          ],
          [
            89.666902379846,
            26.6100696515009
          ],
          [
            89.6667428325854,
            26.6100488409268
          ],
          [
            89.6666397860078,
            26.610022079432
          ],
          [
            89.6663936848163,
            26.6099982693093
          ],
          [
            89.6660643642445,
            26.6099893265387
          ],
          [
            89.6656413923886,
            26.6099892649549
          ],
          [
            89.6653946268244,
            26.6099773165613
          ],
          [
            89.6653415752283,
            26.6100636409369
          ],
          [
            89.6654163370617,
            26.6104233082054
          ],
          [
            89.6654504933513,
            26.6106249851225
          ],
          [
            89.6655118709469,
            26.6109948814793
          ],
          [
            89.665563002428,
            26.6113333365368
          ],
          [
            89.6656064368201,
            26.6114165172851
          ]
        ]
      }
    },
    {
      "type": "Feature",
      "id": "ROAD_BTR_082",
      "properties": {
        "assetId": "ROAD_BTR_082",
        "name": "Boundary rd.",
        "assetType": "FOREST_ROAD",
        "division": null,
        "ranges": [],
        "beats": [],
        "compartments": [],
        "surface": "UNKNOWN",
        "vehicleAccess": "UNKNOWN",
        "status": "OPEN",
        "totalLengthKm": 2207.129,
        "currentCondition": null,
        "lastVisitedAt": null,
        "lastVisitedBy": null,
        "lastVisit": null,
        "lastSubstantialPatrolAt": null,
        "lastFullPatrolAt": null
      },
      "geometry": {
        "type": "LineString",
        "coordinates": [
          [
            89.6686062049565,
            26.6279736200924
          ],
          [
            89.668602886411,
            26.6279720538285
          ],
          [
            89.668394621541,
            26.6277961255206
          ],
          [
            89.6682587081425,
            26.6276893189066
          ],
          [
            89.668107931907,
            26.6274102352803
          ],
          [
            89.668078713319,
            26.6272063557932
          ],
          [
            89.6680775568368,
            26.6269616692531
          ],
          [
            89.6682013720989,
            26.6266098820951
          ],
          [
            89.6683390763373,
            26.626332035498
          ],
          [
            89.6683433703987,
            26.62613606197
          ],
          [
            89.6683197644893,
            26.6260125936415
          ],
          [
            89.6683343290964,
            26.6257677012741
          ],
          [
            89.6683900540888,
            26.6255992750307
          ],
          [
            89.6684954595553,
            26.625424978207
          ],
          [
            89.6686100530472,
            26.625290386351
          ],
          [
            89.6688425594163,
            26.6251404879691
          ],
          [
            89.6689833342266,
            26.6249846461488
          ],
          [
            89.6689894987398,
            26.6248547027447
          ],
          [
            89.6689077682053,
            26.6246805117319
          ],
          [
            89.6688843173877,
            26.6246470665831
          ],
          [
            89.6690007473795,
            26.6245016413098
          ],
          [
            89.6690101753549,
            26.6243387148418
          ],
          [
            89.6688261777507,
            26.6236041494858
          ],
          [
            89.668751830873,
            26.6231378168018
          ],
          [
            89.6686116429113,
            26.6225571638948
          ],
          [
            89.6685244548497,
            26.6221285108424
          ],
          [
            89.6684865626958,
            26.6218880089452
          ],
          [
            89.6684414071499,
            26.6216860504942
          ],
          [
            89.668346000879,
            26.6214256122905
          ],
          [
            89.6683258202897,
            26.6212140473972
          ],
          [
            89.6682704117039,
            26.6210066982219
          ],
          [
            89.6682150191566,
            26.6208715035956
          ],
          [
            89.6681896019687,
            26.6206596696847
          ],
          [
            89.668006220125,
            26.619925463958
          ],
          [
            89.6679205897335,
            26.6196064572643
          ],
          [
            89.6678403274423,
            26.6193966041644
          ],
          [
            89.6678355000579,
            26.6192448898758
          ],
          [
            89.6678204534704,
            26.6190968192408
          ],
          [
            89.6677802261996,
            26.6189228004294
          ],
          [
            89.6677500102892,
            26.6187475488405
          ],
          [
            89.6676796194097,
            26.6185048766831
          ],
          [
            89.6676593020963,
            26.6182617915304
          ],
          [
            89.6676740315287,
            26.6179459745481
          ],
          [
            89.6676836696488,
            26.6175444774272
          ],
          [
            89.667688163194,
            26.6170115175965
          ],
          [
            89.6676927109072,
            26.6165176569516
          ],
          [
            89.6677075258456,
            26.6161728156159
          ],
          [
            89.6677173483601,
            26.6158645435999
          ],
          [
            89.6677474066735,
            26.6155690553048
          ],
          [
            89.6677622906471,
            26.6153590795739
          ],
          [
            89.6677517364856,
            26.615114191218
          ],
          [
            89.6677516961572,
            26.6148457414811
          ],
          [
            89.6677618752532,
            26.6142838883923
          ],
          [
            89.6677415262003,
            26.6139154427095
          ],
          [
            89.6677313517938,
            26.6137016528002
          ],
          [
            89.6676741872383,
            26.6133066679716
          ],
          [
            89.6676334864175,
            26.6131383653794
          ],
          [
            89.6674910280271,
            26.6129927925184
          ],
          [
            89.6672772372095,
            26.6127923886879
          ],
          [
            89.6665006193416,
            26.6121367717942
          ],
          [
            89.6663330238245,
            26.6119786967479
          ],
          [
            89.665740671822,
            26.6114963688665
          ],
          [
            89.6655227465054,
            26.6113465368386
          ],
          [
            89.6652740771007,
            26.6112644443664
          ],
          [
            89.6649738205057,
            26.6112408609088
          ],
          [
            89.664646816242,
            26.6112441756404
          ],
          [
            89.6642842095947,
            26.6112928254875
          ],
          [
            89.6639560700973,
            26.611314961503
          ],
          [
            89.6635577950718,
            26.6113475573809
          ]
        ]
      }
    },
    {
      "type": "Feature",
      "id": "ROAD_BTR_083",
      "properties": {
        "assetId": "ROAD_BTR_083",
        "name": "Unnamed Road 083",
        "assetType": "FOREST_ROAD",
        "division": null,
        "ranges": [],
        "beats": [],
        "compartments": [],
        "surface": "UNKNOWN",
        "vehicleAccess": "UNKNOWN",
        "status": "OPEN",
        "totalLengthKm": 478.475,
        "currentCondition": null,
        "lastVisitedAt": null,
        "lastVisitedBy": null,
        "lastVisit": null,
        "lastSubstantialPatrolAt": null,
        "lastFullPatrolAt": null
      },
      "geometry": {
        "type": "LineString",
        "coordinates": [
          [
            89.668887791,
            26.624636523
          ],
          [
            89.6687365270001,
            26.62465666
          ],
          [
            89.6686048290001,
            26.6247308390001
          ],
          [
            89.6684732730001,
            26.624842271
          ],
          [
            89.6681115660001,
            26.625110561
          ],
          [
            89.66789622,
            26.625205022
          ],
          [
            89.667516386,
            26.625312283
          ],
          [
            89.667112473,
            26.6254249780001
          ],
          [
            89.6669447570001,
            26.625511041
          ],
          [
            89.6668184860001,
            26.6256470750001
          ],
          [
            89.6667667090001,
            26.6257498780001
          ],
          [
            89.6667306160001,
            26.62596138
          ],
          [
            89.6667469400001,
            26.6262458300001
          ],
          [
            89.666741388,
            26.62657111
          ],
          [
            89.6667862940001,
            26.6267626810001
          ],
          [
            89.6668411890001,
            26.6270605300001
          ],
          [
            89.666859065,
            26.6272170670001
          ],
          [
            89.6668550300001,
            26.6273256810001
          ],
          [
            89.666810157,
            26.627564455
          ],
          [
            89.666758153,
            26.6277104110001
          ],
          [
            89.6667620640001,
            26.62776108
          ]
        ]
      }
    },
    {
      "type": "Feature",
      "id": "ROAD_BTR_084",
      "properties": {
        "assetId": "ROAD_BTR_084",
        "name": "Boundary rd.",
        "assetType": "FOREST_ROAD",
        "division": null,
        "ranges": [],
        "beats": [],
        "compartments": [],
        "surface": "UNKNOWN",
        "vehicleAccess": "UNKNOWN",
        "status": "OPEN",
        "totalLengthKm": 2186.184,
        "currentCondition": null,
        "lastVisitedAt": null,
        "lastVisitedBy": null,
        "lastVisit": null,
        "lastSubstantialPatrolAt": null,
        "lastFullPatrolAt": null
      },
      "geometry": {
        "type": "LineString",
        "coordinates": [
          [
            89.6665582608243,
            26.646216090112
          ],
          [
            89.6665563758871,
            26.6462131283572
          ],
          [
            89.6666513395558,
            26.6460693149769
          ],
          [
            89.6668522961772,
            26.6458986510803
          ],
          [
            89.6669575449509,
            26.6457780662041
          ],
          [
            89.6671349347344,
            26.6456432068236
          ],
          [
            89.6672748007947,
            26.6455983527705
          ],
          [
            89.6675646996857,
            26.6452356289091
          ],
          [
            89.6678501678067,
            26.6448827128844
          ],
          [
            89.6680622065075,
            26.6446266805438
          ],
          [
            89.6681578759281,
            26.6444717270763
          ],
          [
            89.6683530407748,
            26.6438593971948
          ],
          [
            89.668574502383,
            26.6435214715869
          ],
          [
            89.6687222327311,
            26.643323543519
          ],
          [
            89.6686605651164,
            26.6432158429455
          ],
          [
            89.668667073803,
            26.6431199259633
          ],
          [
            89.6684882049542,
            26.6428612222412
          ],
          [
            89.6684166925387,
            26.6426867664031
          ],
          [
            89.6684329936272,
            26.6425878041746
          ],
          [
            89.668559933129,
            26.6423899734773
          ],
          [
            89.6688789082916,
            26.6420477810496
          ],
          [
            89.6691331856971,
            26.6418323322281
          ],
          [
            89.6692950984275,
            26.6415849956069
          ],
          [
            89.6694462757481,
            26.6413514579402
          ],
          [
            89.6695187821301,
            26.6412139764079
          ],
          [
            89.6695545471563,
            26.6410366479118
          ],
          [
            89.6697018931335,
            26.6405804169593
          ],
          [
            89.6698116851268,
            26.6402333767906
          ],
          [
            89.6699972279298,
            26.6397386696417
          ],
          [
            89.6700861276004,
            26.6394409766442
          ],
          [
            89.6701738685999,
            26.6390467809084
          ],
          [
            89.6702608200921,
            26.6387191216763
          ],
          [
            89.6703451845212,
            26.6383781719021
          ],
          [
            89.6703897703672,
            26.6381783896486
          ],
          [
            89.6705106549272,
            26.637747019409
          ],
          [
            89.6705920827708,
            26.637648660994
          ],
          [
            89.6705528829508,
            26.6375101551459
          ],
          [
            89.6706970666794,
            26.6371215474884
          ],
          [
            89.6708764823252,
            26.636586401154
          ],
          [
            89.6709849386482,
            26.6362337296178
          ],
          [
            89.6710548152168,
            26.6360064243913
          ],
          [
            89.6712572450399,
            26.6353476072056
          ],
          [
            89.6713428396187,
            26.635131592144
          ],
          [
            89.6713491372873,
            26.6345991364542
          ],
          [
            89.671250981258,
            26.6342114773981
          ],
          [
            89.6711953771075,
            26.6339479296269
          ],
          [
            89.6711044448072,
            26.6334989127715
          ],
          [
            89.671049846177,
            26.6332080594296
          ],
          [
            89.6709396554643,
            26.6327791025633
          ],
          [
            89.6708977478212,
            26.6325415541869
          ],
          [
            89.6708263611188,
            26.6322094023451
          ],
          [
            89.6707075620853,
            26.6317626329086
          ],
          [
            89.6706545588279,
            26.631484873879
          ],
          [
            89.6705818720961,
            26.6311875330137
          ],
          [
            89.6705066600718,
            26.6307358907056
          ],
          [
            89.6705073943363,
            26.6305366055621
          ],
          [
            89.6705208641091,
            26.6304688817591
          ],
          [
            89.6703473738167,
            26.6299487868556
          ],
          [
            89.6702361895347,
            26.6294900286477
          ],
          [
            89.6701444363778,
            26.6290661952206
          ],
          [
            89.6700619826961,
            26.628812031002
          ],
          [
            89.6700321629218,
            26.6286488912378
          ],
          [
            89.669938883757,
            26.6281440695957
          ],
          [
            89.6698955461565,
            26.6280280424078
          ],
          [
            89.669869913429,
            26.6280108490517
          ]
        ]
      }
    },
    {
      "type": "Feature",
      "id": "ROAD_BTR_085",
      "properties": {
        "assetId": "ROAD_BTR_085",
        "name": "4 mile rd.",
        "assetType": "FOREST_ROAD",
        "division": null,
        "ranges": [],
        "beats": [],
        "compartments": [],
        "surface": "UNKNOWN",
        "vehicleAccess": "UNKNOWN",
        "status": "OPEN",
        "totalLengthKm": 1151.931,
        "currentCondition": null,
        "lastVisitedAt": null,
        "lastVisitedBy": null,
        "lastVisit": null,
        "lastSubstantialPatrolAt": null,
        "lastFullPatrolAt": null
      },
      "geometry": {
        "type": "LineString",
        "coordinates": [
          [
            89.6669625938699,
            26.6561365420477
          ],
          [
            89.666997095107,
            26.655502324453
          ],
          [
            89.66702169874,
            26.6542505090265
          ],
          [
            89.6671134185918,
            26.6525320280746
          ],
          [
            89.6671365321967,
            26.6512990976627
          ],
          [
            89.6671700934967,
            26.6502228760795
          ],
          [
            89.6672096864307,
            26.6495609776277
          ],
          [
            89.6672203483077,
            26.6491795745735
          ],
          [
            89.6672434286252,
            26.6487050025213
          ],
          [
            89.6672538701482,
            26.6485580630188
          ],
          [
            89.6672375682295,
            26.6484365909809
          ],
          [
            89.6671880091204,
            26.6483459830136
          ],
          [
            89.6671908129548,
            26.6481721873829
          ],
          [
            89.6672421689019,
            26.6480712151487
          ],
          [
            89.6672783278925,
            26.6479123034716
          ],
          [
            89.6673294454953,
            26.6478189252996
          ],
          [
            89.6673434565732,
            26.6475935848053
          ],
          [
            89.6673244809527,
            26.6474847966558
          ],
          [
            89.6673120641528,
            26.6473018895597
          ],
          [
            89.6673184846375,
            26.6471580530695
          ],
          [
            89.6672500216461,
            26.6469799488567
          ],
          [
            89.6670650431084,
            26.6467576637011
          ],
          [
            89.6670929533692,
            26.6466140995197
          ],
          [
            89.6671237713451,
            26.6464968451035
          ],
          [
            89.6670892663712,
            26.6464422456101
          ],
          [
            89.6667676024074,
            26.6463459402157
          ],
          [
            89.6666072517666,
            26.6462930683559
          ],
          [
            89.6665582608243,
            26.646216090112
          ]
        ]
      }
    },
    {
      "type": "Feature",
      "id": "ROAD_BTR_086",
      "properties": {
        "assetId": "ROAD_BTR_086",
        "name": "25th mile rd.",
        "assetType": "FOREST_ROAD",
        "division": null,
        "ranges": [],
        "beats": [],
        "compartments": [],
        "surface": "UNKNOWN",
        "vehicleAccess": "UNKNOWN",
        "status": "OPEN",
        "totalLengthKm": 1744.863,
        "currentCondition": null,
        "lastVisitedAt": null,
        "lastVisitedBy": null,
        "lastVisit": null,
        "lastSubstantialPatrolAt": null,
        "lastFullPatrolAt": null
      },
      "geometry": {
        "type": "MultiLineString",
        "coordinates": [
          [
            [
              89.6575330643615,
              26.6565290158114
            ],
            [
              89.6579819694902,
              26.6565003118067
            ],
            [
              89.658212613944,
              26.6565374088835
            ],
            [
              89.6585861649878,
              26.6564587962738
            ],
            [
              89.6589049896762,
              26.6564544887313
            ],
            [
              89.6593031693746,
              26.6564500587144
            ],
            [
              89.6596826140056,
              26.6564749190444
            ],
            [
              89.6600476262253,
              26.6564378218908
            ],
            [
              89.6606186377801,
              26.6564381907382
            ],
            [
              89.6612488358663,
              26.6564218064917
            ],
            [
              89.6620013574886,
              26.6563974190597
            ],
            [
              89.6624993135853,
              26.6563520842646
            ],
            [
              89.6628269928919,
              26.656323089132
            ],
            [
              89.66315919018,
              26.6563065577616
            ],
            [
              89.6634101812995,
              26.6563019056709
            ],
            [
              89.6635596941729,
              26.6562353546387
            ],
            [
              89.6637030255594,
              26.6562394864341
            ],
            [
              89.6639433303156,
              26.6562725707878
            ],
            [
              89.664410233807,
              26.6562890954544
            ],
            [
              89.6649978792934,
              26.6562394174987
            ],
            [
              89.6654177844771,
              26.6561937003392
            ],
            [
              89.6656724951891,
              26.6562100144547
            ],
            [
              89.665950767657,
              26.6562014048196
            ],
            [
              89.6661365327698,
              26.6561556029496
            ],
            [
              89.666238731337,
              26.6561679025038
            ],
            [
              89.6663693885103,
              26.6561509548884
            ],
            [
              89.6665568203001,
              26.6561502370706
            ],
            [
              89.6669705314032,
              26.6561362735106
            ]
          ],
          [
            [
              89.6669705350001,
              26.6561362750001
            ],
            [
              89.6670904320001,
              26.6561945870001
            ],
            [
              89.66735364,
              26.656284365
            ],
            [
              89.667568272,
              26.656374559
            ],
            [
              89.6676790810001,
              26.656436333
            ],
            [
              89.6677752210001,
              26.656487714
            ],
            [
              89.6678701880001,
              26.656530881
            ],
            [
              89.667971106,
              26.6565649120001
            ],
            [
              89.6680916380001,
              26.656615958
            ],
            [
              89.6681917180001,
              26.656665076
            ],
            [
              89.6682945640001,
              26.656714277
            ],
            [
              89.668414844,
              26.6567630600001
            ],
            [
              89.6685431710001,
              26.656816453
            ],
            [
              89.668667391,
              26.6568706840001
            ],
            [
              89.668788426,
              26.6569272610001
            ],
            [
              89.6689115560001,
              26.656987611
            ],
            [
              89.669031417,
              26.657044021
            ],
            [
              89.6691568940001,
              26.657097498
            ],
            [
              89.6692854720001,
              26.6571487950001
            ],
            [
              89.6694108660001,
              26.6572038640001
            ],
            [
              89.6695272900001,
              26.6572537370001
            ],
            [
              89.669643631,
              26.6573040280001
            ],
            [
              89.6697611450001,
              26.657356834
            ],
            [
              89.6698903110001,
              26.657416094
            ],
            [
              89.6700155360001,
              26.657475354
            ],
            [
              89.6701380800001,
              26.6575256460001
            ],
            [
              89.670272944,
              26.657586834
            ],
            [
              89.6704139280001,
              26.6576471830001
            ],
            [
              89.670548458,
              26.657700576
            ],
            [
              89.6706724260001,
              26.6577583270001
            ],
            [
              89.670789353,
              26.6578159950001
            ],
            [
              89.67089287,
              26.65786746
            ],
            [
              89.6710071150001,
              26.6579139790001
            ],
            [
              89.671126809,
              26.6579592410001
            ],
            [
              89.671238959,
              26.6580097
            ],
            [
              89.6713485940001,
              26.65805228
            ],
            [
              89.671462504,
              26.6581006440001
            ],
            [
              89.671573229,
              26.6581551260001
            ],
            [
              89.671673141,
              26.6582088540001
            ],
            [
              89.6717754840001,
              26.6582600680001
            ],
            [
              89.671878582,
              26.6583127060001
            ],
            [
              89.672005819,
              26.6583715470001
            ],
            [
              89.6721526700001,
              26.6584349980001
            ],
            [
              89.67226658,
              26.6584958510001
            ],
            [
              89.672385938,
              26.6585462260001
            ],
            [
              89.6725104930001,
              26.658594254
            ],
            [
              89.6726296000001,
              26.6586480660001
            ],
            [
              89.6727432590001,
              26.658706823
            ],
            [
              89.672869071,
              26.6587571150001
            ],
            [
              89.6729927040001,
              26.658805059
            ],
            [
              89.673111141,
              26.6588545120001
            ],
            [
              89.6732279010001,
              26.6589032110001
            ],
            [
              89.6733395480001,
              26.658957861
            ],
            [
              89.6734418070001,
              26.659023995
            ],
            [
              89.6735336720001,
              26.6591066400001
            ],
            [
              89.673585137,
              26.659213929
            ],
            [
              89.673631238,
              26.659323145
            ],
            [
              89.673706843,
              26.659407802
            ],
            [
              89.673796194,
              26.65945298
            ],
            [
              89.673919072,
              26.6594337020001
            ],
            [
              89.6739778542266,
              26.6593879422909
            ]
          ]
        ]
      }
    },
    {
      "type": "Feature",
      "id": "ROAD_BTR_087",
      "properties": {
        "assetId": "ROAD_BTR_087",
        "name": "Unnamed Road 087",
        "assetType": "FOREST_ROAD",
        "division": null,
        "ranges": [],
        "beats": [],
        "compartments": [],
        "surface": "UNKNOWN",
        "vehicleAccess": "UNKNOWN",
        "status": "OPEN",
        "totalLengthKm": 12680.943,
        "currentCondition": null,
        "lastVisitedAt": null,
        "lastVisitedBy": null,
        "lastVisit": null,
        "lastSubstantialPatrolAt": null,
        "lastFullPatrolAt": null
      },
      "geometry": {
        "type": "LineString",
        "coordinates": [
          [
            89.5669721578241,
            26.7377273986429
          ],
          [
            89.5670283798409,
            26.7387675059548
          ],
          [
            89.5664942706807,
            26.7402855004101
          ],
          [
            89.56579149547,
            26.7418878278907
          ],
          [
            89.5652854973182,
            26.7431528232701
          ],
          [
            89.5656228294194,
            26.7443053746158
          ],
          [
            89.5661569385796,
            26.7454017039446
          ],
          [
            89.5671970458915,
            26.7459920351217
          ],
          [
            89.5676468220264,
            26.7462169231891
          ],
          [
            89.5678998211023,
            26.7468915873915
          ],
          [
            89.5677311550517,
            26.747706806636
          ],
          [
            89.5680403761445,
            26.7481565827709
          ],
          [
            89.5687993733721,
            26.7487750249564
          ],
          [
            89.5695021485829,
            26.7496745772262
          ],
          [
            89.570486033878,
            26.7498432432768
          ],
          [
            89.5715260422704,
            26.7498738274322
          ],
          [
            89.571697,
            26.75034
          ],
          [
            89.572263,
            26.750682
          ],
          [
            89.572735,
            26.750989
          ],
          [
            89.573251,
            26.751743
          ],
          [
            89.5732454452555,
            26.7525580510949
          ],
          [
            89.573019,
            26.753044
          ],
          [
            89.573863,
            26.753369
          ],
          [
            89.574796,
            26.753621
          ],
          [
            89.575691,
            26.753961
          ],
          [
            89.576426,
            26.75421
          ],
          [
            89.5768818670886,
            26.7546381115506
          ],
          [
            89.576957,
            26.755129
          ],
          [
            89.577669,
            26.755755
          ],
          [
            89.578052,
            26.755996
          ],
          [
            89.578561,
            26.755875
          ],
          [
            89.579716,
            26.756185
          ],
          [
            89.580698,
            26.75602
          ],
          [
            89.580921,
            26.756449
          ],
          [
            89.5812076940472,
            26.7575963032923
          ],
          [
            89.581189,
            26.758251
          ],
          [
            89.581622,
            26.759153
          ],
          [
            89.58195,
            26.760146
          ],
          [
            89.582231,
            26.761201
          ],
          [
            89.582686,
            26.762338
          ],
          [
            89.583354,
            26.762822
          ],
          [
            89.583903,
            26.763379
          ],
          [
            89.584095,
            26.763654
          ],
          [
            89.584708,
            26.764129
          ],
          [
            89.585242,
            26.764287
          ],
          [
            89.585705,
            26.763976
          ],
          [
            89.586081,
            26.763513
          ],
          [
            89.586463,
            26.763747
          ],
          [
            89.586947,
            26.763894
          ],
          [
            89.58699,
            26.764207
          ],
          [
            89.587167,
            26.764578
          ],
          [
            89.587687,
            26.764779
          ],
          [
            89.588493,
            26.764611
          ],
          [
            89.588637,
            26.765191
          ],
          [
            89.58894,
            26.766315
          ],
          [
            89.588683,
            26.767508
          ],
          [
            89.588176,
            26.768179
          ],
          [
            89.587995,
            26.768606
          ],
          [
            89.587584,
            26.768876
          ],
          [
            89.587293,
            26.769184
          ],
          [
            89.587644,
            26.769813
          ],
          [
            89.587858,
            26.77023
          ],
          [
            89.587646,
            26.770751
          ],
          [
            89.587266,
            26.77121
          ],
          [
            89.586467,
            26.771554
          ],
          [
            89.585986,
            26.771881
          ],
          [
            89.586415,
            26.772317
          ],
          [
            89.587065,
            26.772334
          ],
          [
            89.58657,
            26.772506
          ],
          [
            89.585888,
            26.772816
          ],
          [
            89.585353,
            26.773258
          ],
          [
            89.585006,
            26.773749
          ],
          [
            89.584381,
            26.774626
          ],
          [
            89.58368,
            26.775605
          ],
          [
            89.583177,
            26.776809
          ],
          [
            89.583079,
            26.777441
          ],
          [
            89.5837263188492,
            26.7788256929694
          ],
          [
            89.583483,
            26.779885
          ],
          [
            89.583575,
            26.78086
          ],
          [
            89.583363,
            26.781794
          ],
          [
            89.583883,
            26.782438
          ],
          [
            89.584148,
            26.783564
          ],
          [
            89.584949,
            26.784264
          ],
          [
            89.585825,
            26.784755
          ],
          [
            89.587055,
            26.784758
          ],
          [
            89.587595,
            26.785405
          ],
          [
            89.587964,
            26.786355
          ],
          [
            89.588096,
            26.787294
          ],
          [
            89.588199,
            26.788661
          ],
          [
            89.589124,
            26.789949
          ],
          [
            89.589681,
            26.790632
          ],
          [
            89.590788,
            26.791407
          ],
          [
            89.59103,
            26.791862
          ],
          [
            89.590633,
            26.792267
          ],
          [
            89.590241,
            26.792394
          ],
          [
            89.589005,
            26.792102
          ],
          [
            89.588233,
            26.791941
          ],
          [
            89.587476,
            26.791957
          ],
          [
            89.587271,
            26.791932
          ],
          [
            89.586711,
            26.792585
          ],
          [
            89.586375,
            26.792923
          ],
          [
            89.585608,
            26.793034
          ],
          [
            89.585322,
            26.7933
          ],
          [
            89.584815,
            26.793811
          ],
          [
            89.58417,
            26.794326
          ],
          [
            89.583204,
            26.794423
          ],
          [
            89.582412,
            26.7946
          ],
          [
            89.581419,
            26.795046
          ],
          [
            89.580852,
            26.795357
          ],
          [
            89.579799,
            26.795635
          ],
          [
            89.578633,
            26.795941
          ],
          [
            89.577153,
            26.795894
          ],
          [
            89.576213,
            26.795757
          ],
          [
            89.575669,
            26.796566
          ],
          [
            89.574916,
            26.796964
          ],
          [
            89.5741000921521,
            26.7971299858994
          ],
          [
            89.573263,
            26.797339
          ],
          [
            89.572724,
            26.797563
          ],
          [
            89.57226,
            26.797708
          ],
          [
            89.571967,
            26.797848
          ],
          [
            89.571567,
            26.797986
          ],
          [
            89.570888,
            26.79824
          ],
          [
            89.570407,
            26.798816
          ],
          [
            89.5695611930906,
            26.799085
          ],
          [
            89.568227,
            26.799394
          ],
          [
            89.56724,
            26.799397
          ],
          [
            89.566652,
            26.799296
          ],
          [
            89.566014,
            26.799323
          ],
          [
            89.565991,
            26.801146
          ],
          [
            89.565768,
            26.80199
          ],
          [
            89.5652292753014,
            26.8028887161866
          ],
          [
            89.565023,
            26.803715
          ],
          [
            89.564544,
            26.804184
          ],
          [
            89.563827,
            26.804823
          ],
          [
            89.56365,
            26.805385
          ],
          [
            89.563079,
            26.806222
          ],
          [
            89.56242,
            26.807006
          ],
          [
            89.562188,
            26.807425
          ],
          [
            89.562059,
            26.807942
          ],
          [
            89.561875,
            26.808638
          ],
          [
            89.561792,
            26.808885
          ],
          [
            89.561629,
            26.80941
          ],
          [
            89.561347,
            26.809736
          ],
          [
            89.56079,
            26.810106
          ],
          [
            89.560828,
            26.810717
          ],
          [
            89.560714,
            26.811095
          ],
          [
            89.560626,
            26.811605
          ]
        ]
      }
    },
    {
      "type": "Feature",
      "id": "ROAD_BTR_088",
      "properties": {
        "assetId": "ROAD_BTR_088",
        "name": "Unnamed Road 088",
        "assetType": "FOREST_ROAD",
        "division": null,
        "ranges": [],
        "beats": [],
        "compartments": [],
        "surface": "UNKNOWN",
        "vehicleAccess": "UNKNOWN",
        "status": "OPEN",
        "totalLengthKm": 9077.567,
        "currentCondition": null,
        "lastVisitedAt": null,
        "lastVisitedBy": null,
        "lastVisit": null,
        "lastSubstantialPatrolAt": null,
        "lastFullPatrolAt": null
      },
      "geometry": {
        "type": "LineString",
        "coordinates": [
          [
            89.608664488949,
            26.7237321830738
          ],
          [
            89.608803,
            26.724237
          ],
          [
            89.609047,
            26.724542
          ],
          [
            89.609133,
            26.724845
          ],
          [
            89.609498,
            26.72514
          ],
          [
            89.609578,
            26.725545
          ],
          [
            89.610067,
            26.725985
          ],
          [
            89.610475,
            26.726412
          ],
          [
            89.610618,
            26.726528
          ],
          [
            89.610952,
            26.726697
          ],
          [
            89.61103,
            26.72684
          ],
          [
            89.611478,
            26.726803
          ],
          [
            89.611962,
            26.726882
          ],
          [
            89.61274,
            26.727007
          ],
          [
            89.613355,
            26.727285
          ],
          [
            89.613898,
            26.727427
          ],
          [
            89.6145,
            26.727783
          ],
          [
            89.615017,
            26.727888
          ],
          [
            89.616383,
            26.728268
          ],
          [
            89.61807,
            26.730103
          ],
          [
            89.619132,
            26.732155
          ],
          [
            89.62091,
            26.734158
          ],
          [
            89.621714,
            26.735947
          ],
          [
            89.62172,
            26.738258
          ],
          [
            89.62245,
            26.739748
          ],
          [
            89.621891,
            26.741451
          ],
          [
            89.619708,
            26.744049
          ],
          [
            89.618043,
            26.745229
          ],
          [
            89.615403,
            26.746268
          ],
          [
            89.613581,
            26.746828
          ],
          [
            89.612628,
            26.745561
          ],
          [
            89.611124,
            26.746032
          ],
          [
            89.608496,
            26.747836
          ],
          [
            89.604786,
            26.748863
          ],
          [
            89.60292,
            26.750144
          ],
          [
            89.600515,
            26.75312
          ],
          [
            89.599688,
            26.754461
          ],
          [
            89.597459,
            26.75633
          ],
          [
            89.595642,
            26.75801
          ],
          [
            89.594063,
            26.759201
          ],
          [
            89.595425,
            26.759919
          ],
          [
            89.595773,
            26.761134
          ],
          [
            89.594749,
            26.76281
          ],
          [
            89.593224,
            26.762904
          ],
          [
            89.591845,
            26.762932
          ],
          [
            89.591329,
            26.760764
          ],
          [
            89.590348,
            26.758172
          ],
          [
            89.589441,
            26.755293
          ],
          [
            89.58837,
            26.754456
          ],
          [
            89.587907,
            26.755613
          ],
          [
            89.586576,
            26.755577
          ],
          [
            89.585046,
            26.754228
          ],
          [
            89.584096,
            26.75433
          ],
          [
            89.583164,
            26.754928
          ],
          [
            89.581649,
            26.755919
          ],
          [
            89.581226,
            26.756264
          ]
        ]
      }
    },
    {
      "type": "Feature",
      "id": "ROAD_BTR_089",
      "properties": {
        "assetId": "ROAD_BTR_089",
        "name": "Unnamed Road 089",
        "assetType": "FOREST_ROAD",
        "division": null,
        "ranges": [],
        "beats": [],
        "compartments": [],
        "surface": "UNKNOWN",
        "vehicleAccess": "UNKNOWN",
        "status": "OPEN",
        "totalLengthKm": 1472.059,
        "currentCondition": null,
        "lastVisitedAt": null,
        "lastVisitedBy": null,
        "lastVisit": null,
        "lastSubstantialPatrolAt": null,
        "lastFullPatrolAt": null
      },
      "geometry": {
        "type": "LineString",
        "coordinates": [
          [
            89.588348,
            26.754461
          ],
          [
            89.588691,
            26.754245
          ],
          [
            89.588746,
            26.753868
          ],
          [
            89.589215,
            26.753371
          ],
          [
            89.589595,
            26.753142
          ],
          [
            89.589532,
            26.752958
          ],
          [
            89.590252,
            26.75296
          ],
          [
            89.590894,
            26.752859
          ],
          [
            89.591669,
            26.752553
          ],
          [
            89.592109,
            26.752051
          ],
          [
            89.592363,
            26.751738
          ],
          [
            89.593114,
            26.751208
          ],
          [
            89.593506,
            26.75105
          ],
          [
            89.594322,
            26.751121
          ],
          [
            89.595116,
            26.751077
          ],
          [
            89.595116,
            26.751077
          ],
          [
            89.595603,
            26.751081
          ],
          [
            89.59608,
            26.750933
          ],
          [
            89.596673,
            26.750878
          ],
          [
            89.597386,
            26.751105
          ],
          [
            89.598205,
            26.75143
          ],
          [
            89.599084,
            26.751621
          ],
          [
            89.599568,
            26.751959
          ],
          [
            89.600222,
            26.7524
          ],
          [
            89.600755,
            26.752699
          ]
        ]
      }
    },
    {
      "type": "Feature",
      "id": "ROAD_BTR_090",
      "properties": {
        "assetId": "ROAD_BTR_090",
        "name": "Unnamed Road 090",
        "assetType": "FOREST_ROAD",
        "division": null,
        "ranges": [],
        "beats": [],
        "compartments": [],
        "surface": "UNKNOWN",
        "vehicleAccess": "UNKNOWN",
        "status": "OPEN",
        "totalLengthKm": 6642.587,
        "currentCondition": null,
        "lastVisitedAt": null,
        "lastVisitedBy": null,
        "lastVisit": null,
        "lastSubstantialPatrolAt": null,
        "lastFullPatrolAt": null
      },
      "geometry": {
        "type": "LineString",
        "coordinates": [
          [
            89.543616,
            26.72726
          ],
          [
            89.542449,
            26.727338
          ],
          [
            89.540713,
            26.727609
          ],
          [
            89.540001,
            26.727722
          ],
          [
            89.539162,
            26.729184
          ],
          [
            89.538072,
            26.730843
          ],
          [
            89.536581,
            26.733007
          ],
          [
            89.53494,
            26.73521
          ],
          [
            89.534155,
            26.736496
          ],
          [
            89.533058,
            26.738136
          ],
          [
            89.531825,
            26.740009
          ],
          [
            89.531405,
            26.740696
          ],
          [
            89.5321302119092,
            26.7409689028874
          ],
          [
            89.5340049726864,
            26.7411999866531
          ],
          [
            89.535410523108,
            26.7406377664845
          ],
          [
            89.537044747053,
            26.7404829126856
          ],
          [
            89.538848,
            26.740605
          ],
          [
            89.539901,
            26.740372
          ],
          [
            89.540878,
            26.740663
          ],
          [
            89.540774,
            26.739505
          ],
          [
            89.541503,
            26.740586
          ],
          [
            89.542036,
            26.741374
          ],
          [
            89.542867,
            26.742004
          ],
          [
            89.543522,
            26.74306
          ],
          [
            89.544012,
            26.743622
          ],
          [
            89.544233,
            26.743012
          ],
          [
            89.544272,
            26.741563
          ],
          [
            89.54424,
            26.739783
          ],
          [
            89.544033,
            26.737912
          ],
          [
            89.544903,
            26.735588
          ],
          [
            89.545831,
            26.734124
          ],
          [
            89.546646,
            26.732329
          ],
          [
            89.547545,
            26.731792
          ],
          [
            89.548579,
            26.731374
          ],
          [
            89.550027,
            26.731558
          ],
          [
            89.550957,
            26.731533
          ],
          [
            89.552652,
            26.731695
          ],
          [
            89.554406,
            26.731224
          ],
          [
            89.556061,
            26.731572
          ],
          [
            89.557236,
            26.732229
          ],
          [
            89.558419,
            26.733469
          ],
          [
            89.559859,
            26.733105
          ],
          [
            89.561199,
            26.732873
          ],
          [
            89.561616,
            26.732826
          ]
        ]
      }
    },
    {
      "type": "Feature",
      "id": "ROAD_BTR_091",
      "properties": {
        "assetId": "ROAD_BTR_091",
        "name": "Unnamed Road 091",
        "assetType": "FOREST_ROAD",
        "division": null,
        "ranges": [],
        "beats": [],
        "compartments": [],
        "surface": "UNKNOWN",
        "vehicleAccess": "UNKNOWN",
        "status": "OPEN",
        "totalLengthKm": 1576.055,
        "currentCondition": null,
        "lastVisitedAt": null,
        "lastVisitedBy": null,
        "lastVisit": null,
        "lastSubstantialPatrolAt": null,
        "lastFullPatrolAt": null
      },
      "geometry": {
        "type": "LineString",
        "coordinates": [
          [
            89.562872,
            26.631953
          ],
          [
            89.562975,
            26.632887
          ],
          [
            89.562987,
            26.633807
          ],
          [
            89.563048,
            26.634687
          ],
          [
            89.563058,
            26.636062
          ],
          [
            89.563105,
            26.637007
          ],
          [
            89.563192,
            26.63819
          ],
          [
            89.563208,
            26.639832
          ],
          [
            89.563227,
            26.640963
          ],
          [
            89.563132,
            26.642467
          ],
          [
            89.562962,
            26.643597
          ],
          [
            89.562887,
            26.644597
          ],
          [
            89.562722,
            26.645425
          ],
          [
            89.562665,
            26.646087
          ]
        ]
      }
    },
    {
      "type": "Feature",
      "id": "ROAD_BTR_092",
      "properties": {
        "assetId": "ROAD_BTR_092",
        "name": "Unnamed Road 092",
        "assetType": "FOREST_ROAD",
        "division": null,
        "ranges": [],
        "beats": [],
        "compartments": [],
        "surface": "UNKNOWN",
        "vehicleAccess": "UNKNOWN",
        "status": "OPEN",
        "totalLengthKm": 5234.612,
        "currentCondition": null,
        "lastVisitedAt": null,
        "lastVisitedBy": null,
        "lastVisit": null,
        "lastSubstantialPatrolAt": null,
        "lastFullPatrolAt": null
      },
      "geometry": {
        "type": "LineString",
        "coordinates": [
          [
            89.589573,
            26.615762
          ],
          [
            89.59092,
            26.61558
          ],
          [
            89.592718,
            26.615398
          ],
          [
            89.59442,
            26.615265
          ],
          [
            89.596597,
            26.615195
          ],
          [
            89.599089,
            26.615099
          ],
          [
            89.600334,
            26.614963
          ],
          [
            89.601891,
            26.614784
          ],
          [
            89.603321,
            26.614691
          ],
          [
            89.60485,
            26.61455
          ],
          [
            89.607277,
            26.614367
          ],
          [
            89.609282,
            26.614235
          ],
          [
            89.61134,
            26.613896
          ],
          [
            89.612869,
            26.614093
          ],
          [
            89.614459,
            26.614456
          ],
          [
            89.61507,
            26.614106
          ],
          [
            89.615688,
            26.61371
          ],
          [
            89.618015,
            26.613616
          ],
          [
            89.619965,
            26.613516
          ],
          [
            89.625374,
            26.613246
          ],
          [
            89.628825,
            26.613219
          ],
          [
            89.632495,
            26.613033
          ],
          [
            89.636007,
            26.612854
          ],
          [
            89.63876,
            26.612699
          ],
          [
            89.640675,
            26.612613
          ],
          [
            89.641744,
            26.612504
          ]
        ]
      }
    },
    {
      "type": "Feature",
      "id": "ROAD_BTR_093",
      "properties": {
        "assetId": "ROAD_BTR_093",
        "name": "Unnamed Road 093",
        "assetType": "FOREST_ROAD",
        "division": null,
        "ranges": [],
        "beats": [],
        "compartments": [],
        "surface": "UNKNOWN",
        "vehicleAccess": "UNKNOWN",
        "status": "OPEN",
        "totalLengthKm": 2978.168,
        "currentCondition": null,
        "lastVisitedAt": null,
        "lastVisitedBy": null,
        "lastVisit": null,
        "lastSubstantialPatrolAt": null,
        "lastFullPatrolAt": null
      },
      "geometry": {
        "type": "LineString",
        "coordinates": [
          [
            89.596079,
            26.589306
          ],
          [
            89.598091,
            26.589254
          ],
          [
            89.600528,
            26.589279
          ],
          [
            89.601937,
            26.589218
          ],
          [
            89.602746,
            26.589002
          ],
          [
            89.604094,
            26.589028
          ],
          [
            89.605538,
            26.589155
          ],
          [
            89.606779,
            26.589142
          ],
          [
            89.608859,
            26.5891
          ],
          [
            89.610557,
            26.589149
          ],
          [
            89.612923,
            26.589115
          ],
          [
            89.614667,
            26.589051
          ],
          [
            89.617433,
            26.588952
          ],
          [
            89.619476,
            26.588915
          ],
          [
            89.622127,
            26.588845
          ],
          [
            89.623784,
            26.588853
          ],
          [
            89.625258,
            26.588819
          ],
          [
            89.625975,
            26.58877
          ]
        ]
      }
    },
    {
      "type": "Feature",
      "id": "ROAD_BTR_094",
      "properties": {
        "assetId": "ROAD_BTR_094",
        "name": "Unnamed Road 094",
        "assetType": "FOREST_ROAD",
        "division": null,
        "ranges": [],
        "beats": [],
        "compartments": [],
        "surface": "UNKNOWN",
        "vehicleAccess": "UNKNOWN",
        "status": "OPEN",
        "totalLengthKm": 2289.889,
        "currentCondition": null,
        "lastVisitedAt": null,
        "lastVisitedBy": null,
        "lastVisit": null,
        "lastSubstantialPatrolAt": null,
        "lastFullPatrolAt": null
      },
      "geometry": {
        "type": "LineString",
        "coordinates": [
          [
            89.555235,
            26.590145
          ],
          [
            89.556382,
            26.590075
          ],
          [
            89.557783,
            26.590093
          ],
          [
            89.559638,
            26.590252
          ],
          [
            89.561414,
            26.590167
          ],
          [
            89.562343,
            26.59006
          ],
          [
            89.563653,
            26.589942
          ],
          [
            89.56549,
            26.589913
          ],
          [
            89.56747,
            26.589755
          ],
          [
            89.570587,
            26.58985
          ],
          [
            89.573655,
            26.589815
          ],
          [
            89.575912,
            26.589727
          ],
          [
            89.578223,
            26.589678
          ]
        ]
      }
    },
    {
      "type": "Feature",
      "id": "ROAD_BTR_095",
      "properties": {
        "assetId": "ROAD_BTR_095",
        "name": "Unnamed Road 095",
        "assetType": "FOREST_ROAD",
        "division": null,
        "ranges": [],
        "beats": [],
        "compartments": [],
        "surface": "UNKNOWN",
        "vehicleAccess": "UNKNOWN",
        "status": "OPEN",
        "totalLengthKm": 709.635,
        "currentCondition": null,
        "lastVisitedAt": null,
        "lastVisitedBy": null,
        "lastVisit": null,
        "lastSubstantialPatrolAt": null,
        "lastFullPatrolAt": null
      },
      "geometry": {
        "type": "LineString",
        "coordinates": [
          [
            89.5787067331482,
            26.5672847226857
          ],
          [
            89.576837,
            26.568878
          ],
          [
            89.575273,
            26.570098
          ],
          [
            89.57404,
            26.571298
          ],
          [
            89.573585,
            26.57172
          ]
        ]
      }
    },
    {
      "type": "Feature",
      "id": "ROAD_BTR_096",
      "properties": {
        "assetId": "ROAD_BTR_096",
        "name": "Unnamed Road 096",
        "assetType": "FOREST_ROAD",
        "division": null,
        "ranges": [],
        "beats": [],
        "compartments": [],
        "surface": "UNKNOWN",
        "vehicleAccess": "UNKNOWN",
        "status": "OPEN",
        "totalLengthKm": 3234.269,
        "currentCondition": null,
        "lastVisitedAt": null,
        "lastVisitedBy": null,
        "lastVisit": null,
        "lastSubstantialPatrolAt": null,
        "lastFullPatrolAt": null
      },
      "geometry": {
        "type": "LineString",
        "coordinates": [
          [
            89.559395,
            26.562717
          ],
          [
            89.559432,
            26.563757
          ],
          [
            89.559178,
            26.565415
          ],
          [
            89.559143,
            26.567252
          ],
          [
            89.558863,
            26.568622
          ],
          [
            89.558453627566,
            26.5698109237537
          ],
          [
            89.558168,
            26.570898
          ],
          [
            89.558855,
            26.571487
          ],
          [
            89.558817,
            26.572527
          ],
          [
            89.558415,
            26.57363
          ],
          [
            89.558113,
            26.574702
          ],
          [
            89.55807,
            26.575717
          ],
          [
            89.558353,
            26.576613
          ],
          [
            89.558365,
            26.577235
          ],
          [
            89.558803,
            26.578413
          ],
          [
            89.558988,
            26.579622
          ],
          [
            89.558912,
            26.580338
          ],
          [
            89.559667,
            26.582088
          ],
          [
            89.559885,
            26.582588
          ],
          [
            89.56036,
            26.582887
          ],
          [
            89.560213,
            26.583797
          ],
          [
            89.560028,
            26.584472
          ],
          [
            89.559923,
            26.58538
          ],
          [
            89.560425,
            26.586098
          ],
          [
            89.56121,
            26.587282
          ],
          [
            89.56202,
            26.588497
          ],
          [
            89.562788,
            26.589718
          ],
          [
            89.563093,
            26.589978
          ]
        ]
      }
    },
    {
      "type": "Feature",
      "id": "ROAD_BTR_097",
      "properties": {
        "assetId": "ROAD_BTR_097",
        "name": "Unnamed Road 097",
        "assetType": "FOREST_ROAD",
        "division": null,
        "ranges": [],
        "beats": [],
        "compartments": [],
        "surface": "UNKNOWN",
        "vehicleAccess": "UNKNOWN",
        "status": "OPEN",
        "totalLengthKm": 2503.749,
        "currentCondition": null,
        "lastVisitedAt": null,
        "lastVisitedBy": null,
        "lastVisit": null,
        "lastSubstantialPatrolAt": null,
        "lastFullPatrolAt": null
      },
      "geometry": {
        "type": "LineString",
        "coordinates": [
          [
            89.534419,
            26.752348
          ],
          [
            89.534622,
            26.752651
          ],
          [
            89.534697,
            26.75308
          ],
          [
            89.535352,
            26.753399
          ],
          [
            89.535838,
            26.753741
          ],
          [
            89.53628,
            26.754206
          ],
          [
            89.536857,
            26.754895
          ],
          [
            89.537274,
            26.755133
          ],
          [
            89.537321,
            26.755602
          ],
          [
            89.536859,
            26.755672
          ],
          [
            89.5371320359281,
            26.756026497006
          ],
          [
            89.537468,
            26.756259
          ],
          [
            89.538007,
            26.756933
          ],
          [
            89.538795,
            26.757717
          ],
          [
            89.539138,
            26.757961
          ],
          [
            89.540398,
            26.758469
          ],
          [
            89.540916,
            26.759306
          ],
          [
            89.5408795058503,
            26.759978079059
          ],
          [
            89.541247,
            26.760835
          ],
          [
            89.542024,
            26.761431
          ],
          [
            89.542178,
            26.761533
          ],
          [
            89.54239,
            26.761498
          ],
          [
            89.543462,
            26.762579
          ],
          [
            89.54326,
            26.76338
          ],
          [
            89.543444,
            26.763758
          ],
          [
            89.543828,
            26.76455
          ],
          [
            89.54523,
            26.765635
          ],
          [
            89.545998,
            26.766929
          ],
          [
            89.546002,
            26.767898
          ],
          [
            89.546587,
            26.769321
          ],
          [
            89.547057,
            26.769291
          ]
        ]
      }
    }
  ]
}