{"type":"FeatureCollection", "features": [
{"type":"Feature","geometry":{"type":"Polygon","coordinates":[[[88.86909393640303,26.77758052798314],[88.87227250144409,26.78056337419896],[88.87541232945942,26.78397481110392],[88.87675148236364,26.78526422084009],[88.87987615983788,26.79158691301794],[88.88155052896771,26.79285670411603],[88.88257266405081,26.79434404772479],[88.88323939522931,26.79599351907043],[88.88396017709702,26.79694910195888],[88.88473797519556,26.79758448635299],[88.88599176346172,26.79826991379877],[88.88671017487077,26.79890565836602],[88.88725138026221,26.79970242839513],[88.8873794073154,26.80087521205238],[88.88739144743515,26.80242214856039],[88.8875178963526,26.80338143412872],[88.88823876267132,26.80433699223019],[88.88866035366533,26.80502789324616],[88.88878445131627,26.80569386620618],[88.88903348500958,26.80713270088447],[88.88945800337565,26.80819672451225],[88.89005626763075,26.80867328563037],[88.89095308337171,26.80930760252771],[88.89191308088525,26.81042183573002],[88.89233596986969,26.81127263489869],[88.8924674076783,26.81287212114595],[88.89223627451533,26.81372704139279],[88.89141343373504,26.8149591136335],[88.89058565242962,26.81555125578025],[88.89041600168072,26.81667259936371],[88.89072416111809,26.81805746794046],[88.89103420793371,26.81968262441824],[88.89128539128419,26.82138796856678],[88.89130616309261,26.82155142280936],[88.89147541361632,26.82288019032847],[88.89112784043584,26.82405596034591],[88.89084435054095,26.82581825766727],[88.89106582883764,26.82642776858514],[88.89126971870154,26.82698916048031],[88.89139573806195,26.8278951348529],[88.89116582124151,26.8289099629655],[88.89028344075041,26.83014240324229],[88.88951747006926,26.83105426986147],[88.88875239586645,26.83207245698153],[88.88947554575984,26.83329479965078],[88.88966919376152,26.83524080542506],[88.88957143997239,26.8379617215101],[88.88982523117485,26.83998716551996],[88.8905484454704,26.84120949984014],[88.89115399156954,26.84259277129332],[88.89104883393387,26.84435365984953],[88.89010899294405,26.84585327259464],[88.88994347263188,26.84750792776103],[88.89044162940874,26.84898861665958],[88.89055238712838,26.84931790867583],[88.89079724640632,26.85019633818283],[88.89095474760364,26.85059105119486],[88.88966479077389,26.85091900657281],[88.88782657025865,26.85103124606964],[88.88518282658622,26.85136962643183],[88.88195900076093,26.85211376851091],[88.87917725883742,26.85236377236602],[88.87666978447174,26.85258917651997],[88.8750326737368,26.85285907581922],[88.87142038828902,26.85345477149471],[88.86712807133418,26.85417610709385],[88.86654260446275,26.85364437781302],[88.8661435586941,26.85263795409485],[88.86534764564014,26.85088795342591],[88.86499192962782,26.84913553821501],[88.86399598013102,26.84681645966164],[88.8626990430669,26.84349033858284],[88.85922359193714,26.8366459775609],[88.85832541114965,26.83428254052797],[88.85757765703312,26.83240076257067],[88.85678053667182,26.83071388923849],[88.85837835578951,26.83060718315377],[88.86299839269681,26.83050518859142],[88.87058562880783,26.82997754938184],[88.87363287192584,26.82921868794569],[88.8738215604489,26.82915152478569],[88.87359757993592,26.82633952140593],[88.87336045631343,26.82465126030327],[88.87303389322538,26.82300416430466],[88.87225802056008,26.82123883960115],[88.87076260395219,26.81919645773546],[88.86935906508737,26.81743497456174],[88.86894912217295,26.8165927686752],[88.86831641436298,26.81595302558394],[88.86730825635189,26.81310294077839],[88.86489351299949,26.80806911142577],[88.86402554405815,26.80594243265972],[88.86292723803292,26.80301247635885],[88.86224026585592,26.80110580436047],[88.86123665600111,26.79881888243979],[88.86075263255087,26.79775428294001],[88.86306521895375,26.79706104447397],[88.86605669844343,26.79708734732698],[88.86755230849143,26.79707819427612],[88.86847809837754,26.79615954040609],[88.86864087081888,26.79599805855237],[88.87056603101495,26.79348111406227],[88.87182134533481,26.7917825326793],[88.87229297186938,26.79114418145377],[88.87316573710851,26.78955089007488],[88.87308332140054,26.78952178328463],[88.87165541814892,26.78937037463622],[88.870579298642,26.78907294699593],[88.87052354750982,26.78905749505399],[88.87039693079251,26.78804460194136],[88.87020033813876,26.78564532075514],[88.87001099896334,26.78420635904264],[88.86910231064813,26.78197136531946],[88.8691080278757,26.78190702383244],[88.86932136981513,26.7795162236156],[88.86925141024257,26.77812983355049],[88.86909393640303,26.77758052798314]]]},"properties":{"id":null,"description":null,"altitudeMode":null,"tessellate":-1,"extrude":0,"visibility":-1,"drawOrder":null,"icon":null,"AREA":"752541","PERIMETER":"6781.79","division":"Gorumara","beat":"KHUNIA","range":"Gorumara North","layer":"Gorumara_North","path":"C:\\Users\\user\\Downloads\\Gorumara_North.geojson","fill-opacity":null,"stroke-opacity":null,"stroke":null,"SID":null,"DID":null,"RID":null,"BID":null,"State":null,"Beat_Ar":null}},
{"type":"Feature","geometry":{"type":"Polygon","coordinates":[[[88.80890986534834,26.73045413373043],[88.8096900904146,26.73032586309651],[88.81194134512346,26.72964848723715],[88.81320624159157,26.72907150166729],[88.81496831380468,26.72899821211823],[88.81609402657448,26.72867499941757],[88.81799335834745,26.72809460315422],[88.81982449364519,26.72783075377503],[88.82172568858327,26.7275032960087],[88.82440457778617,26.72748775635294],[88.82651952699942,26.72747545227246],[88.82728026577924,26.7276227615325],[88.8277903606514,26.7277213243585],[88.83032736941185,26.72757986026292],[88.83229943299236,26.72731502573225],[88.8337057065637,26.72680049119733],[88.83454749286241,26.72622580296601],[88.83615273397224,26.72400085513698],[88.83776185432177,26.72231401688462],[88.83863832915974,26.72202199567856],[88.83864012985325,26.72226765001303],[88.83899959575407,26.72252811312074],[88.83893971137286,26.72322907762384],[88.8385252742837,26.72434054494927],[88.8386260173283,26.72477769003165],[88.8411361525531,26.73017676396262],[88.84387390902813,26.73612922104341],[88.84420868461035,26.73685688874403],[88.84513296817136,26.73874844303739],[88.84638884658891,26.74151348983095],[88.84734607717326,26.74346321454473],[88.84747404466995,26.74488481857213],[88.84690865424976,26.74585928747557],[88.84613422535055,26.74665195231409],[88.84536029626916,26.74750299399901],[88.84520809205021,26.74853647914137],[88.84576944073797,26.75006888363818],[88.84439662506921,26.75055005930445],[88.84541638834762,26.75185719846308],[88.84633286168932,26.75332120067177],[88.8468987482698,26.75447478182904],[88.84652785613467,26.75613402699048],[88.84114421932162,26.75565217660107],[88.83832320693725,26.75560542333923],[88.83394988440773,26.75544139506653],[88.83303609733524,26.75548992014962],[88.82859255623693,26.75572608370943],[88.82422335137323,26.75613118744678],[88.82320892362372,26.75617938822446],[88.8222752588647,26.75490825343891],[88.82219113292804,26.75300970660704],[88.822039812577,26.75158651911819],[88.82111450703,26.75038922340368],[88.82061182008067,26.74912601513329],[88.81988445388878,26.74602880976714],[88.81845341431386,26.74476052042078],[88.81493801468216,26.74453791911135],[88.8112073418163,26.74502497057811],[88.81042236787529,26.74412069425778],[88.81041653476471,26.74329798859361],[88.81041025200261,26.74241182420911],[88.80998041693604,26.7414648999453],[88.80997458567961,26.74064191184704],[88.81066798048624,26.73899218968476],[88.80973752052903,26.7370352827808],[88.80973124473618,26.73614911747118],[88.80972496923329,26.73526295205037],[88.80964376522635,26.73374429372154],[88.80914352443753,26.73279776692607],[88.80899844367895,26.73222885291258],[88.80890986534834,26.73045413373043]]]},"properties":{"id":null,"description":null,"altitudeMode":null,"tessellate":-1,"extrude":0,"visibility":-1,"drawOrder":null,"icon":null,"AREA":"2984480","PERIMETER":"8103.01","division":"Gorumara","beat":"RAMSAI","range":"Gorumara South","layer":"Gorumara_South","path":"C:\\Users\\user\\Downloads\\Gorumara_South.geojson","fill-opacity":null,"stroke-opacity":null,"stroke":null,"SID":null,"DID":null,"RID":null,"BID":null,"State":null,"Beat_Ar":null}},
{"type":"Feature","geometry":{"type":"Polygon","coordinates":[[[88.80890986534834,26.73045413373043],[88.80899844367895,26.73222885291258],[88.80914352443753,26.73279776692607],[88.80964376522635,26.73374429372154],[88.80972496923329,26.73526295205037],[88.80973124473618,26.73614911747118],[88.80973752052903,26.7370352827808],[88.81066798048624,26.73899218968476],[88.80997458567961,26.74064191184704],[88.80998041693604,26.7414648999453],[88.81041025200261,26.74241182420911],[88.81041653476471,26.74329798859361],[88.81042236787529,26.74412069425778],[88.8112073418163,26.74502497057811],[88.81493801468216,26.74453791911135],[88.81845341431386,26.74476052042078],[88.81988445388878,26.74602880976714],[88.82061182008067,26.74912601513329],[88.82111450703,26.75038922340368],[88.822039812577,26.75158651911819],[88.82219113292804,26.75300970660704],[88.8222752588647,26.75490825343891],[88.82320892362372,26.75617938822446],[88.82422335137323,26.75613118744678],[88.82859255623693,26.75572608370943],[88.83303609733524,26.75548992014962],[88.83397992139429,26.75955573720299],[88.83578498239146,26.76530508975534],[88.83618402623102,26.76703648387452],[88.8344589722313,26.76721192987472],[88.82486887829602,26.76739470291441],[88.81788984862288,26.76781478262694],[88.8140832377383,26.76805838702478],[88.81346913946213,26.76807375880101],[88.81280814666472,26.76809024298952],[88.80752554350495,26.76822253932317],[88.7983597752781,26.76859092195437],[88.79371591080515,26.76902456455107],[88.79405945122333,26.76817451772257],[88.79465433970117,26.76745308592432],[88.79493577710451,26.76683607593317],[88.79518718828162,26.766014183865],[88.79518343903668,26.76547577243293],[88.79377523038869,26.76427846735733],[88.78995593011871,26.76142797163343],[88.78728433255891,26.75928881754459],[88.78592002961905,26.75820400704952],[88.78834300439806,26.75807604248798],[88.7956745344176,26.75771862631713],[88.8037812019787,26.75729297831231],[88.80730422695234,26.75709724495019],[88.80723448651568,26.75698848895077],[88.80287787590854,26.74916434874946],[88.79963411725824,26.7452762840581],[88.79925128719782,26.74481729009073],[88.79775588395637,26.7427210507258],[88.796438294247,26.74082941050093],[88.79391643492585,26.7381217606954],[88.79114683651765,26.73525721441433],[88.78904887651494,26.73264187649542],[88.78436268457067,26.72784140104307],[88.7830850877846,26.72658232894443],[88.78270003444209,26.72634160714926],[88.78520190147233,26.72685550254971],[88.78830775778937,26.72740802468871],[88.78978904333289,26.72752642815504],[88.79148583856333,26.72821307526399],[88.79303853837227,26.7284576870801],[88.79459388216821,26.72908190753599],[88.79565229335402,26.72920261693049],[88.79785137694009,26.72920013952668],[88.79967998585087,26.73050927795066],[88.80095389878345,26.73119847483553],[88.8035654663676,26.73162680846459],[88.8056090777705,26.73148857816591],[88.80715790996997,26.73116331442983],[88.80849292433473,26.73052279211395],[88.80890986534834,26.73045413373043]]]},"properties":{"id":null,"description":null,"altitudeMode":null,"tessellate":-1,"extrude":0,"visibility":-1,"drawOrder":null,"icon":null,"AREA":"2286130","PERIMETER":"7116.11","division":"Gorumara","beat":"BICHABHANGA","range":"Gorumara South","layer":"Gorumara_South","path":"C:\\Users\\user\\Downloads\\Gorumara_South.geojson","fill-opacity":null,"stroke-opacity":null,"stroke":null,"SID":null,"DID":null,"RID":null,"BID":null,"State":null,"Beat_Ar":null}},
{"type":"Feature","geometry":{"type":"Polygon","coordinates":[[[88.86909393640303,26.77758052798314],[88.86925141024257,26.77812983355049],[88.86932136981513,26.7795162236156],[88.8691080278757,26.78190702383244],[88.86910231064813,26.78197136531946],[88.87001099896334,26.78420635904264],[88.87020033813876,26.78564532075514],[88.87039693079251,26.78804460194136],[88.87052354750982,26.78905749505399],[88.870579298642,26.78907294699593],[88.87165541814892,26.78937037463622],[88.87308332140054,26.78952178328463],[88.87316573710851,26.78955089007488],[88.87229297186938,26.79114418145377],[88.87182134533481,26.7917825326793],[88.87056603101495,26.79348111406227],[88.86864087081888,26.79599805855237],[88.86847809837754,26.79615954040609],[88.86755230849143,26.79707819427612],[88.86605669844343,26.79708734732698],[88.86306521895375,26.79706104447397],[88.86075263255087,26.79775428294001],[88.86062780725557,26.79779142535377],[88.86003531186743,26.79855570102346],[88.85874888856941,26.79986063404891],[88.85815300367386,26.80017759848237],[88.85730717831628,26.8004063832011],[88.85562426423698,26.80051104585312],[88.85572930918327,26.80119888438806],[88.85624081743264,26.80420070510981],[88.8567508731966,26.80700538141461],[88.85823298584354,26.81552911490887],[88.85833810174594,26.81649335308617],[88.85839227531757,26.81719503417749],[88.8585049392342,26.81744988356331],[88.8579834708072,26.81740114881245],[88.84990707043322,26.81760640324821],[88.84447113779369,26.81750468164508],[88.83553121633653,26.81778195611218],[88.83543593690088,26.81617147274681],[88.83512525851917,26.8146076691005],[88.83507056194576,26.81348234637563],[88.83473639185318,26.81348431705135],[88.83202634266802,26.81364213887368],[88.829788361653,26.81377232280922],[88.82525489371413,26.81372351516106],[88.82599730624244,26.81281353473692],[88.82631648714128,26.81250057505579],[88.82876936741653,26.81009617722276],[88.82925310918253,26.80886559701603],[88.82858797981633,26.80773989485994],[88.82600075412827,26.8057414802756],[88.82587740807003,26.80563840655217],[88.82203574293905,26.80242483629125],[88.82016765696896,26.8014532977919],[88.81573687193968,26.8018472425014],[88.81059291157948,26.80202428986638],[88.80943510353815,26.80085223569156],[88.80805317001567,26.79894474193183],[88.80623100493199,26.79669592374069],[88.80457937722015,26.7953300499482],[88.80282831435105,26.79455702053807],[88.80321399343762,26.79367569021518],[88.80374868893979,26.79323407246217],[88.80443031360238,26.79283533584797],[88.80462395727231,26.79257108517993],[88.80603955118704,26.79225588678929],[88.80823853118723,26.79211164054045],[88.80847512548328,26.79211029038854],[88.80970516428721,26.79210326466781],[88.8109746598485,26.79187656917951],[88.81272992736062,26.79120849187646],[88.81677290854223,26.78914546964269],[88.81906428630249,26.78825478989644],[88.820283586387,26.78785286851117],[88.82267708548913,26.78757583923248],[88.83220377196183,26.78670846579312],[88.8365532197248,26.78650741665821],[88.83953567636463,26.78631829003125],[88.84036465837497,26.78626570931068],[88.84119596338932,26.78630449310849],[88.8414912154375,26.7865658893397],[88.84227858920508,26.78726322462538],[88.84360084202503,26.78815113724131],[88.8437033439094,26.78821991028516],[88.8463565321132,26.79000269438656],[88.84674432291463,26.79034221718866],[88.8457128113643,26.7917507136635],[88.84411812836547,26.79361073162676],[88.84300993848089,26.79433880592577],[88.84111364803869,26.79446120540674],[88.83930495647176,26.79528620246523],[88.83799800756572,26.7970333216515],[88.83788463480406,26.79713270865349],[88.83794404884534,26.79786060112339],[88.83780239678664,26.79893490783585],[88.83805921833978,26.79996229357628],[88.83860928661427,26.80018270024413],[88.83920786210126,26.80022399995099],[88.83976287558234,26.80111536081006],[88.84046868159777,26.80218464166849],[88.84047264025877,26.80272163406519],[88.8400804194159,26.80361861170911],[88.83948808532129,26.80442736610285],[88.83804819756384,26.80524113658867],[88.83706219195405,26.80676776146929],[88.83687266987823,26.80811085714762],[88.8370330625918,26.80958613817322],[88.83714429299981,26.81115139995472],[88.8371534936351,26.81240391158893],[88.83762807212945,26.81296378618145],[88.84053144075315,26.81060023997192],[88.84450261107783,26.80654279099031],[88.84863858644339,26.80250257880984],[88.85084406534015,26.79956565881432],[88.8515983901705,26.79855365745101],[88.85215195182002,26.79796649306074],[88.85268533970661,26.79759323874766],[88.8548935973536,26.79506351468684],[88.85538190008567,26.79417212235392],[88.85562045969796,26.79298665307128],[88.85561462885012,26.79220936983979],[88.85523034118049,26.79173362265171],[88.85583604663859,26.79039475902281],[88.85621632941368,26.78924848261588],[88.85671347647866,26.78775006914325],[88.86072631330843,26.78441537282199],[88.8648382060574,26.78103539770835],[88.86858857459326,26.77753934527983],[88.8688200493565,26.77732357140396],[88.86903165582744,26.77752196235193],[88.86909393640303,26.77758052798314]]]},"properties":{"id":null,"description":null,"altitudeMode":null,"tessellate":-1,"extrude":0,"visibility":-1,"drawOrder":null,"icon":null,"AREA":"2910660","PERIMETER":"7520.48","division":"Gorumara","beat":"DHUPJHORA","range":"Gorumara South","layer":"Gorumara_South","path":"C:\\Users\\user\\Downloads\\Gorumara_South.geojson","fill-opacity":null,"stroke-opacity":null,"stroke":null,"SID":null,"DID":null,"RID":null,"BID":null,"State":null,"Beat_Ar":null}},
{"type":"Feature","geometry":{"type":"Polygon","coordinates":[[[88.82525489371413,26.81372351516106],[88.829788361653,26.81377232280922],[88.83202634266802,26.81364213887368],[88.83473639185318,26.81348431705135],[88.83507056194576,26.81348234637563],[88.83512525851917,26.8146076691005],[88.83543593690088,26.81617147274681],[88.83553121633653,26.81778195611218],[88.84447113779369,26.81750468164508],[88.84990707043322,26.81760640324821],[88.8579834708072,26.81740114881245],[88.8585049392342,26.81744988356331],[88.85839227531757,26.81719503417749],[88.85833810174594,26.81649335308617],[88.85823298584354,26.81552911490887],[88.8567508731966,26.80700538141461],[88.85624081743264,26.80420070510981],[88.85572930918327,26.80119888438806],[88.85562426423698,26.80051104585312],[88.85730717831628,26.8004063832011],[88.85815300367386,26.80017759848237],[88.85874888856941,26.79986063404891],[88.86003531186743,26.79855570102346],[88.86062780725557,26.79779142535377],[88.86075263255087,26.79775428294001],[88.86123665600111,26.79881888243979],[88.86224026585592,26.80110580436047],[88.86292723803292,26.80301247635885],[88.86402554405815,26.80594243265972],[88.86489351299949,26.80806911142577],[88.86730825635189,26.81310294077839],[88.86831641436298,26.81595302558394],[88.86894912217295,26.8165927686752],[88.86935906508737,26.81743497456174],[88.87076260395219,26.81919645773546],[88.87225802056008,26.82123883960115],[88.87303389322538,26.82300416430466],[88.87336045631343,26.82465126030327],[88.87359757993592,26.82633952140593],[88.8738215604489,26.82915152478569],[88.87363287192584,26.82921868794569],[88.87058562880783,26.82997754938184],[88.86299839269681,26.83050518859142],[88.85837835578951,26.83060718315377],[88.85678053667182,26.83071388923849],[88.85757765703312,26.83240076257067],[88.85832541114965,26.83428254052797],[88.85922359193714,26.8366459775609],[88.8626990430669,26.84349033858284],[88.86399598013102,26.84681645966164],[88.86499192962782,26.84913553821501],[88.86534764564014,26.85088795342591],[88.8661435586941,26.85263795409485],[88.86654260446275,26.85364437781302],[88.86712807133418,26.85417610709385],[88.86541916369644,26.85364392350877],[88.86397106735433,26.85196333832888],[88.8625302548136,26.8512481270761],[88.85929603141422,26.85062390788606],[88.85552477024359,26.85016419233172],[88.85431407939441,26.8500358470253],[88.85193362225525,26.84978367343171],[88.84995711164682,26.84939308763765],[88.84910582978948,26.84895200689945],[88.8458145670003,26.84724561568395],[88.84239877216181,26.84630056115259],[88.83880245389983,26.84519572816689],[88.83736247794829,26.84456063337677],[88.83690631723728,26.84411826626356],[88.83546517580736,26.84272135552669],[88.83105465604683,26.84065540548058],[88.8302604894788,26.84036251067758],[88.82781432381458,26.83946019770908],[88.82427532128992,26.83815440059347],[88.82392739867025,26.83693968277868],[88.8240837883583,26.83585825551058],[88.82397144568496,26.83546602027191],[88.82330912533212,26.83473317242082],[88.82363193544434,26.83394551460964],[88.823001466552,26.83283256399041],[88.82291101385482,26.83267288805933],[88.8228388354084,26.83026661105168],[88.82293448825595,26.82835068133671],[88.82237763133732,26.82705255827042],[88.82252842892731,26.82518538348199],[88.82251672625021,26.82356481472109],[88.8227779889207,26.8218442250389],[88.82198536790827,26.81821466400808],[88.82317601214848,26.81631690672053],[88.82474929924393,26.8143432968722],[88.82525489371413,26.81372351516106]]]},"properties":{"id":null,"description":null,"altitudeMode":null,"tessellate":-1,"extrude":0,"visibility":-1,"drawOrder":null,"icon":null,"AREA":"1500770","PERIMETER":"5372.59","division":"Gorumara","beat":"MURTI","range":"Gorumara North","layer":"Gorumara_North","path":"C:\\Users\\user\\Downloads\\Gorumara_North.geojson","fill-opacity":null,"stroke-opacity":null,"stroke":null,"SID":null,"DID":null,"RID":null,"BID":null,"State":null,"Beat_Ar":null}},
{"type":"Feature","geometry":{"type":"Polygon","coordinates":[[[88.8355482,26.8883013],[88.8347092,26.8901163],[88.8345192,26.8907803],[88.8340262,26.8906523],[88.8307562,26.8894133],[88.83013911964318,26.88923564754526],[88.82938414499925,26.889028031528834],[88.8301279,26.8892357],[88.8307109,26.8901957],[88.8318459,26.8919997],[88.8328439,26.8934817],[88.83285770979506,26.89348765061752],[88.8318621,26.8920092],[88.8307271,26.8902052],[88.8301441,26.8892452],[88.8307671,26.8894182],[88.8340371,26.8906572],[88.8345301,26.8907852],[88.8367275819846,26.89208668021338],[88.83803850091621,26.89247578582887],[88.836728686165,26.89208207833607],[88.834522,26.8907755],[88.834712,26.8901115],[88.835551,26.8882965],[88.83645414300922,26.88526245737988],[88.83726184915982,26.88535806651722],[88.83916755519695,26.88549034604825],[88.84197719995693,26.88575972359289],[88.84643981211063,26.88612625330264],[88.84781134990085,26.88627429624324],[88.85063349397907,26.88654476509948],[88.85079288795298,26.88657341539665],[88.8509409,26.8883045],[88.8511319,26.8898725],[88.8510179,26.8925885],[88.85090818116639,26.896542597204427],[88.8509715048519,26.89654616657205],[88.8510206,26.8925981],[88.8511346,26.8898821],[88.8509436,26.8883141],[88.85079984959238,26.88657405718584],[88.85165100882296,26.88666236078377],[88.85461095001853,26.8869620086585],[88.8601689540974,26.88759437997467],[88.8621766557862,26.88788898912554],[88.86524465461174,26.88895195791104],[88.86421542353672,26.89028208539867],[88.86221980445131,26.89306396278657],[88.86012875369775,26.89758511355115],[88.85973940703866,26.89810194813568],[88.85849093651646,26.897991501822876],[88.85849287674365,26.8979919097995],[88.85973804755581,26.89810342396221],[88.85947815888596,26.89859987265521],[88.85891496345309,26.89891979390099],[88.85867106431188,26.90082371339758],[88.8579346900471,26.90408545868461],[88.85759639857959,26.90715298615113],[88.85748684313961,26.90799209483023],[88.85718921369146,26.91151118878737],[88.8572210310125,26.91510559911466],[88.85579607384807,26.91526104330789],[88.8536321058578,26.91529923074162],[88.85312888892223,26.91524645972456],[88.849818,26.9110292],[88.848553,26.9098302],[88.847467,26.9086302],[88.846421,26.9068662],[88.844382,26.9042642],[88.84203,26.9017032],[88.8412151,26.9007832],[88.8400431,26.9000662],[88.8394551,26.8993652],[88.8383221,26.8978842],[88.8372821,26.8968042],[88.8364211,26.8956422],[88.8348861,26.8943642],[88.83487617235298,26.894359922193555],[88.8364049,26.8956327],[88.8372659,26.8967947],[88.8383059,26.8978747],[88.8394389,26.8993557],[88.8400269,26.9000567],[88.8411989,26.9007737],[88.8420138,26.9016937],[88.8443658,26.9042547],[88.8464048,26.9068567],[88.8474508,26.9086207],[88.8485368,26.9098207],[88.8498018,26.9110197],[88.85309922130375,26.91529813728047],[88.8483389716281,26.9153797764724],[88.84554194411773,26.91550024467097],[88.84355008463814,26.91547202409568],[88.84020340429242,26.91562702756498],[88.8379788646148,26.91566887527621],[88.83683712408408,26.91568457478662],[88.83533263575832,26.91570390471473],[88.83429975601518,26.9156453174952],[88.83333549247165,26.91560660369822],[88.83294040482028,26.91470521869944],[88.83262111648197,26.91382450116205],[88.831731514798,26.91280419077127],[88.83142333335766,26.91237812648689],[88.83144950227094,26.91177131675364],[88.83109280567376,26.91118078144562],[88.83062622056826,26.90883714933245],[88.82960808530348,26.90692585178852],[88.82837076798877,26.9052987069938],[88.82822136216397,26.90335042857451],[88.82755089427658,26.90185300723438],[88.82666161783061,26.9012849340969],[88.82534651842705,26.90045627256738],[88.82446712329745,26.89886414384221],[88.82412107309828,26.89684381724324],[88.82422322822377,26.89593367425602],[88.82465998629253,26.89442800397206],[88.82547307376619,26.89371022601947],[88.82545985352729,26.89233901901584],[88.8253413651637,26.89052391733489],[88.82557963510206,26.8895377635409],[88.82571239864748,26.88834481318271],[88.8264669352093,26.88846218794744],[88.82725234735248,26.88739436675478],[88.82874654292112,26.88597666179531],[88.82994569857625,26.88637419075418],[88.83118653663841,26.88650645915387],[88.8343177924367,26.88583398444064],[88.8363004790173,26.88570583648571],[88.8355482,26.8883013]],[[88.84047210376578,26.89312340603244],[88.83808872164285,26.89249069229355],[88.83847351367261,26.89260490586997],[88.84055702086131,26.89315489084361],[88.84047210376578,26.89312340603244]],[[88.8436902044574,26.89436744275066],[88.84282044501946,26.894020518051796],[88.84392142302296,26.89449416009834],[88.84459550488533,26.89480064452702],[88.8436902044574,26.89436744275066]],[[88.85077258080419,26.89653495381572],[88.8489715228156,26.896096473219863],[88.85043807514532,26.89651609872762],[88.85077258080419,26.89653495381572]],[[88.85837104798667,26.897966292549484],[88.8578000771851,26.89783161183685],[88.85684325582741,26.89764503971325],[88.85837104798667,26.897966292549484]],[[88.85317866562723,26.89680038307813],[88.85271271679763,26.89664145386546],[88.85229854060755,26.896620967626742],[88.85268997784223,26.89664303177827],[88.85341317558287,26.896903216019],[88.85463896869459,26.89724189990481],[88.85594148061342,26.897469201125066],[88.85568928107143,26.89742002433387],[88.85432035544908,26.89715341660871],[88.85317866562723,26.89680038307813]]]},"properties":{"id":null,"description":"description: <br>AREA: 1252920.00000000000<br>PERIMETER: 4816.65000000000<br>GORU_CHAPR: 48<br>GORU_CHA_1: 99<br>DIVISION: WL-II<br>BLOCK: PANGJHORA<br>COMP_NO: 2A<br>STATUS: WLS<br>AOI: x<br>Longitude: 88.846<br>Latitude: 26.889","altitudeMode":null,"tessellate":-1,"extrude":0,"visibility":-1,"drawOrder":null,"icon":null,"AREA":"1252920.00000000000","PERIMETER":"4816.65000000000","division":"Gorumara","beat":"CHAPRAMARI","range":"Gorumara North","layer":"Gorumara_North_Chapramari","path":"C:\\Users\\user\\Downloads\\Gorumara_North_Chapramari.geojson","fill-opacity":null,"stroke-opacity":null,"stroke":null,"SID":null,"DID":null,"RID":null,"BID":null,"State":null,"Beat_Ar":null}},
{"type":"Feature","geometry":{"type":"Polygon","coordinates":[[[88.84652785613467,26.75613402699048],[88.84820950144652,26.75743719029576],[88.84933067224638,26.75830595380317],[88.84964782115374,26.75880440571969],[88.85031370798761,26.75934758551265],[88.85060167958883,26.75930270479854],[88.85094002582056,26.75924990587858],[88.85131878475894,26.75865364025718],[88.85148874144149,26.75808965303785],[88.85151538328374,26.75699514905858],[88.85164820862188,26.75611887599368],[88.85199254413162,26.7555854298667],[88.85243932765906,26.75476988365566],[88.85292222433687,26.7541416804129],[88.85358027295054,26.75363736831861],[88.8542724917589,26.75303920762021],[88.85461890939504,26.75278694405503],[88.85437088257154,26.7522254719324],[88.85387764381697,26.7514781965163],[88.85342208854958,26.75110581569856],[88.85154148153184,26.75114814664542],[88.8515575593623,26.75330543232876],[88.85051261161769,26.75331170396927],[88.8501854730108,26.75146907405444],[88.85048417106152,26.75011345380726],[88.8507360646047,26.74900293107205],[88.8510522600603,26.74780458711553],[88.85101148200583,26.74669553769214],[88.85067954175042,26.74577833510505],[88.84991139736425,26.74303945969115],[88.84950631017392,26.74102806309826],[88.84975833318519,26.73994659109258],[88.8505326928966,26.73915390740305],[88.85506559671083,26.73667509369914],[88.85558040611271,26.73595699782401],[88.8557131222753,26.73555568906001],[88.86233633180721,26.73705443520297],[88.86778603005872,26.73841649053808],[88.87194967319697,26.74094884381321],[88.87481832958296,26.7434890640444],[88.87612055359972,26.74441121642749],[88.87847911378444,26.74492490068102],[88.87853835291241,26.74524352854769],[88.87851211814603,26.74606106231185],[88.87838840636157,26.74687891771925],[88.87793951548842,26.74769906846163],[88.87722920466861,26.7483454021454],[88.87684130514656,26.74863971934773],[88.87619132021838,26.74867278758366],[88.87561054362854,26.74926021135088],[88.87548740178507,26.75016577729807],[88.87558526292959,26.7514453826319],[88.87511764920576,26.75246166259878],[88.87423239620821,26.75326728938656],[88.87411967221881,26.75406815042815],[88.87365134651591,26.75500461085034],[88.87270831012368,26.75602409365412],[88.87152340849386,26.75651142519764],[88.86950695576228,26.75705715590017],[88.86632362671554,26.76046402364765],[88.86260816063388,26.7642742851094],[88.860903994534,26.76684506491922],[88.85920136010523,26.76962932471476],[88.85920457139166,26.77005604175731],[88.8599261882758,26.771171954277],[88.86088554847287,26.77228613673023],[88.86255982156177,26.77360975393326],[88.86411122620225,26.77440046825145],[88.86638132870092,26.77590683676412],[88.86781351616987,26.77664493139477],[88.8688200493565,26.77732357140396],[88.86858857459326,26.77753934527983],[88.8648382060574,26.78103539770835],[88.86072631330843,26.78441537282199],[88.85671347647866,26.78775006914325],[88.85621632941368,26.78924848261588],[88.85583604663859,26.79039475902281],[88.85523034118049,26.79173362265171],[88.85561462885012,26.79220936983979],[88.85562045969796,26.79298665307128],[88.85538190008567,26.79417212235392],[88.8548935973536,26.79506351468684],[88.85268533970661,26.79759323874766],[88.85215195182002,26.79796649306074],[88.8515983901705,26.79855365745101],[88.85084406534015,26.79956565881432],[88.84863858644339,26.80250257880984],[88.84450261107783,26.80654279099031],[88.84053144075315,26.81060023997192],[88.83762807212945,26.81296378618145],[88.8371534936351,26.81240391158893],[88.83714429299981,26.81115139995472],[88.8370330625918,26.80958613817322],[88.83687266987823,26.80811085714762],[88.83706219195405,26.80676776146929],[88.83804819756384,26.80524113658867],[88.83948808532129,26.80442736610285],[88.8400804194159,26.80361861170911],[88.84047264025877,26.80272163406519],[88.84046868159777,26.80218464166849],[88.83976287558234,26.80111536081006],[88.83920786210126,26.80022399995099],[88.83860928661427,26.80018270024413],[88.83805921833978,26.79996229357628],[88.83780239678664,26.79893490783585],[88.83794404884534,26.79786060112339],[88.83788463480406,26.79713270865349],[88.83799800756572,26.7970333216515],[88.83930495647176,26.79528620246523],[88.84111364803869,26.79446120540674],[88.84300993848089,26.79433880592577],[88.84411812836547,26.79361073162676],[88.8457128113643,26.7917507136635],[88.84674432291463,26.79034221718866],[88.8463565321132,26.79000269438656],[88.8437033439094,26.78821991028516],[88.84360084202503,26.78815113724131],[88.84227858920508,26.78726322462538],[88.8414912154375,26.7865658893397],[88.84119596338932,26.78630449310849],[88.84036465837497,26.78626570931068],[88.83953567636463,26.78631829003125],[88.8365532197248,26.78650741665821],[88.83220377196183,26.78670846579312],[88.82267708548913,26.78757583923248],[88.820283586387,26.78785286851117],[88.81906428630249,26.78825478989644],[88.81677290854223,26.78914546964269],[88.81272992736062,26.79120849187646],[88.8109746598485,26.79187656917951],[88.80970516428721,26.79210326466781],[88.80847512548328,26.79211029038854],[88.80823853118723,26.79211164054045],[88.80603955118704,26.79225588678929],[88.80462395727231,26.79257108517993],[88.80443031360238,26.79283533584797],[88.80374868893979,26.79323407246217],[88.80321399343762,26.79367569021518],[88.80282831435105,26.79455702053807],[88.80271259607258,26.79450577953246],[88.80107035719689,26.79446600040509],[88.7977594175759,26.79464714660818],[88.7982343734679,26.79099927840837],[88.79842914156598,26.78859258978193],[88.79848943461982,26.78713659768708],[88.7986221339547,26.78593319473185],[88.79868427353873,26.7847301892819],[88.79810624779849,26.78277123401221],[88.79760233612245,26.78131813593618],[88.79709269167297,26.77904233124541],[88.79587300363531,26.77607413417115],[88.79395023781751,26.77342632410802],[88.79302636197218,26.77241865785039],[88.79309023796914,26.77146892237029],[88.7933631187815,26.77013809645256],[88.79363995376097,26.76937698755384],[88.79371591080515,26.76902456455107],[88.7983597752781,26.76859092195437],[88.80752554350495,26.76822253932317],[88.81280814666472,26.76809024298952],[88.81346913946213,26.76807375880101],[88.8140832377383,26.76805838702478],[88.81788984862288,26.76781478262694],[88.82486887829602,26.76739470291441],[88.8344589722313,26.76721192987472],[88.83618402623102,26.76703648387452],[88.83578498239146,26.76530508975534],[88.83397992139429,26.75955573720299],[88.83303609733524,26.75548992014962],[88.83394988440773,26.75544139506653],[88.83832320693725,26.75560542333923],[88.84114421932162,26.75565217660107],[88.84652785613467,26.75613402699048]]]},"properties":{"id":null,"description":null,"altitudeMode":null,"tessellate":-1,"extrude":0,"visibility":-1,"drawOrder":null,"icon":null,"AREA":"1789420","PERIMETER":"6497.07","division":"Gorumara","beat":"GORUMARA","range":"Gorumara South","layer":"Gorumara_South","path":"C:\\Users\\user\\Downloads\\Gorumara_South.geojson","fill-opacity":null,"stroke-opacity":null,"stroke":null,"SID":null,"DID":null,"RID":null,"BID":null,"State":null,"Beat_Ar":null}},
{"type":"Feature","geometry":{"type":"Polygon","coordinates":[[[89.41010503151706,26.595122400517372],[89.40705280875967,26.595170566938712],[89.40545613302511,26.59524393189229],[89.40276569979123,26.595400910013282],[89.39890031921081,26.595590228116787],[89.39533386709486,26.595556586394757],[89.38499401622246,26.595674170914744],[89.3829066942743,26.595652652622352],[89.37857138131767,26.595642045824246],[89.37327600911338,26.595569442489523],[89.37103192543424,26.595467505295638],[89.3687892810769,26.59472343109072],[89.36883114948911,26.58908142149467],[89.36889914642394,26.583828045540596],[89.36898810027277,26.577400556235446],[89.36905544443776,26.57248881686866],[89.3690192124408,26.570152049848154],[89.37164180458542,26.569569427271038],[89.37313478471322,26.569568946524395],[89.37522181952724,26.569535871250764],[89.37623113473369,26.56857504181022],[89.378045826093,26.568353636668444],[89.38105256454143,26.568313707455175],[89.38161125640781,26.56682408634347],[89.38147963913038,26.56333006453763],[89.38124292348516,26.556751932421722],[89.3810882407048,26.55249456374839],[89.38093394186753,26.54824318087802],[89.38086505603245,26.546538796180734],[89.3848358104491,26.54608765800636],[89.39310660169262,26.549139819774307],[89.40400080282183,26.553129818111014],[89.40558995629776,26.553549955534976],[89.40643525067918,26.551882071880943],[89.40841762231696,26.551306409941315],[89.41018630749198,26.551344162278216],[89.40932541503938,26.54958600028276],[89.41006608987071,26.547803570051702],[89.41164868017556,26.54613959167901],[89.41402025580707,26.545973919072534],[89.4157966755772,26.54639939075362],[89.41481333053999,26.54740995473323],[89.41464932166008,26.54882476588955],[89.41546763060104,26.550091014459458],[89.41628184136235,26.551119376724312],[89.41796949248449,26.551695632844023],[89.41759710753361,26.553712344769036],[89.41952391228146,26.55527084183546],[89.41879912303382,26.556777555353143],[89.4167785657518,26.557127663791917],[89.41490656338365,26.557068560453516],[89.41315953575584,26.557831432300098],[89.41321933693399,26.559249323196614],[89.41401081125669,26.560290474623375],[89.41461718728137,26.56214211572098],[89.41300046858645,26.5625644738157],[89.4114387384162,26.562407700014205],[89.41142873885964,26.564524263750393],[89.41214720325215,26.566243417828954],[89.41103722490372,26.567700400464293],[89.41093453465568,26.569998914555352],[89.41057284482444,26.57130001002716],[89.4091801267251,26.5728074452693],[89.4093254864181,26.57469515630852],[89.40855605016534,26.57632853580853],[89.40806020327362,26.577780916705677],[89.40950106115783,26.57893804798918],[89.41102139170061,26.579633456915445],[89.41218258008055,26.580992868163815],[89.41317421739637,26.58339540180074],[89.41330849955261,26.5852235954016],[89.41354373683266,26.586585419025603],[89.41458674964656,26.587909377695322],[89.4149287847969,26.589775247847395],[89.41356952237979,26.59116988128653],[89.41238283556058,26.592848704686382],[89.41214547198689,26.594797980882305],[89.41010503151706,26.595122400517372]]]},"properties":{"id":"7","description":null,"altitudeMode":null,"tessellate":null,"extrude":null,"visibility":null,"drawOrder":null,"icon":null,"AREA":null,"PERIMETER":null,"division":"Jaldapara","beat":"Bania Beat","range":"Chilapata","layer":"Jaldapara_Beats_New","path":"C:\\Users\\user\\Downloads\\Jaldapara_Beats_New.geojson","fill-opacity":null,"stroke-opacity":null,"stroke":null,"SID":null,"DID":null,"RID":null,"BID":null,"State":null,"Beat_Ar":null}},
{"type":"Feature","geometry":{"type":"Polygon","coordinates":[[[89.41010503151706,26.595122400517372],[89.41050258178647,26.59701901301145],[89.41019930663144,26.59891393674653],[89.40998922589996,26.60043235384863],[89.4095905274212,26.602798761931005],[89.40903554022988,26.604213048881846],[89.40792782649208,26.605477167750717],[89.40679982846207,26.606475611460827],[89.40575859209197,26.607230123677976],[89.40352337662654,26.608337894514282],[89.40184904654325,26.609108848688116],[89.40081025119049,26.610372014542964],[89.40077954106717,26.612114530600543],[89.40135158827134,26.61393845501862],[89.402355367626,26.614837735183887],[89.40303062712819,26.61602868123633],[89.40304677710385,26.61813770202989],[89.40178868796121,26.619912996000565],[89.40316760937479,26.62215619133787],[89.40446419029752,26.6239087620919],[89.403941676702,26.62594564260549],[89.403207607375,26.628524544240932],[89.4023107767321,26.630157061252728],[89.40219293933119,26.631710388498046],[89.40199404896647,26.633170728379067],[89.40193708968687,26.63471129855583],[89.40141405659395,26.63660413025645],[89.39985660068118,26.638137157807932],[89.39833867052351,26.63991930865314],[89.39666915688996,26.64153611650554],[89.39481943043617,26.64374257993502],[89.39364925993381,26.644985874901998],[89.39231982279051,26.646334156216593],[89.39128120104314,26.647368007767362],[89.3914545344728,26.644187391423106],[89.39054,26.642746],[89.39086838596289,26.639987541411607],[89.39148373340487,26.63676646923933],[89.39119413675795,26.634225082944944],[89.38905504724522,26.633932522865138],[89.38630586919237,26.63363142034622],[89.38040839578062,26.633274079997797],[89.38156613457123,26.631124571436075],[89.38456398141754,26.625783182213596],[89.38604510788933,26.623055400201594],[89.38500708752153,26.619402123491735],[89.38361940474529,26.61457676194158],[89.38314730016577,26.6128411621854],[89.38139571676115,26.612692010524867],[89.37875341137465,26.61215636790714],[89.37772750000005,26.610167],[89.377699,26.608869],[89.37578763257441,26.608014866250944],[89.37737,26.60672050000005],[89.37562416599059,26.60585627826401],[89.37540971936285,26.60457186442801],[89.37524984291565,26.602622247467604],[89.37373137364204,26.601525587292045],[89.37274567189525,26.600484516306803],[89.37238513354416,26.59870634363805],[89.3718974909138,26.59682979031909],[89.37103192543424,26.595467505295638],[89.37327600911338,26.595569442489523],[89.37857138131767,26.595642045824246],[89.3829066942743,26.595652652622352],[89.38499401622246,26.595674170914744],[89.39533386709486,26.595556586394757],[89.39890031921081,26.595590228116787],[89.40276569979123,26.595400910013282],[89.40545613302511,26.59524393189229],[89.40705280875967,26.595170566938712],[89.41010503151706,26.595122400517372]]]},"properties":{"id":"22","description":null,"altitudeMode":null,"tessellate":null,"extrude":null,"visibility":null,"drawOrder":null,"icon":null,"AREA":null,"PERIMETER":null,"division":"Jaldapara","beat":"Mendabari Beat","range":"Chilapata","layer":"Jaldapara_Beats_New","path":"C:\\Users\\user\\Downloads\\Jaldapara_Beats_New.geojson","fill-opacity":null,"stroke-opacity":null,"stroke":null,"SID":null,"DID":null,"RID":null,"BID":null,"State":null,"Beat_Ar":null}},
{"type":"Feature","geometry":{"type":"Polygon","coordinates":[[[89.38086505603245,26.546538796180734],[89.38093394186753,26.54824318087802],[89.3810882407048,26.55249456374839],[89.38124292348516,26.556751932421722],[89.38147963913038,26.56333006453763],[89.38161125640781,26.56682408634347],[89.38105256454143,26.568313707455175],[89.378045826093,26.568353636668444],[89.37623113473369,26.56857504181022],[89.37522181952724,26.569535871250764],[89.37313478471322,26.569568946524395],[89.37164180458542,26.569569427271038],[89.3690192124408,26.570152049848154],[89.36905544443776,26.57248881686866],[89.36898810027277,26.577400556235446],[89.36889914642394,26.583828045540596],[89.36883114948911,26.58908142149467],[89.3687892810769,26.59472343109072],[89.36691510934283,26.595350922930276],[89.36482941882947,26.59526732197372],[89.3621193217738,26.595196647275536],[89.35994992751375,26.59518118434238],[89.3572814256724,26.595039886437714],[89.35496972184376,26.59490964023829],[89.35249807624606,26.594830266267692],[89.3504542431163,26.594265303590074],[89.35081905246126,26.592726522669345],[89.35266431885738,26.591239648847235],[89.35290066354565,26.58912391569323],[89.35313092587477,26.586957027359396],[89.35336617796919,26.585547558615634],[89.35297158098575,26.583955977594435],[89.3531975383606,26.58216420709322],[89.35310915461868,26.58063994728507],[89.35326416970761,26.57869895794657],[89.35411873232394,26.576300731471118],[89.35429465202239,26.57439431810528],[89.35385002212166,26.572714867802897],[89.35375134713615,26.57122266381337],[89.35310492699651,26.57010143789415],[89.35341466194815,26.568739938535828],[89.35405899897891,26.56661896609415],[89.35384769999997,26.564089533333394],[89.35267455634424,26.5625787614768],[89.35325462667433,26.56065037362038],[89.35431480626342,26.55952361152262],[89.35365173429524,26.55793140950821],[89.35270297749696,26.55657329446272],[89.35199573156883,26.554903360260777],[89.35159758020167,26.553342672548467],[89.3512200957807,26.55185746515957],[89.34776122883815,26.553101504654723],[89.34751029664241,26.551671759693278],[89.34797985622679,26.550271796088058],[89.34768434305836,26.548497514146423],[89.3459104187463,26.546914433448958],[89.34484736397985,26.545871868290487],[89.34370430334882,26.5447482474709],[89.34247719757263,26.542142307879583],[89.34234188401538,26.5401197876625],[89.34478447530958,26.540896866306422],[89.3463877284831,26.541283471486558],[89.34782066436203,26.541603959844366],[89.3494111634399,26.542039571978197],[89.35213227158306,26.542649092726204],[89.35654124050137,26.54421792667349],[89.35660178748773,26.545889453754416],[89.35793743955597,26.54596731507039],[89.36245853587747,26.546692997372016],[89.36389708858783,26.546056658743115],[89.36516911560604,26.54610968770638],[89.36690631115931,26.546313136176895],[89.3683145489092,26.546386873616783],[89.36987211288184,26.546522493639728],[89.37133058402605,26.54656988153982],[89.37783674027358,26.54630471090326],[89.38086505603245,26.546538796180734]]]},"properties":{"id":"37","description":null,"altitudeMode":null,"tessellate":null,"extrude":null,"visibility":null,"drawOrder":null,"icon":null,"AREA":null,"PERIMETER":null,"division":"Jaldapara","beat":"Chilapata Beat","range":"Chilapata","layer":"Jaldapara_Beats_New","path":"C:\\Users\\user\\Downloads\\Jaldapara_Beats_New.geojson","fill-opacity":null,"stroke-opacity":null,"stroke":null,"SID":null,"DID":null,"RID":null,"BID":null,"State":null,"Beat_Ar":null}},
{"type":"Feature","geometry":{"type":"Polygon","coordinates":[[[89.34776122883815,26.553101504654723],[89.34645957343353,26.553980112975577],[89.34465019504374,26.55444106237183],[89.34315880060372,26.554637235117166],[89.34129722113313,26.554747161993834],[89.33955864500314,26.554567109091735],[89.3378515551994,26.553979755125916],[89.3371849689184,26.552526351097054],[89.33622078086952,26.551599655003237],[89.33472623226793,26.550862572150706],[89.33309350612956,26.549677781664187],[89.33213066953527,26.548742355363323],[89.33182550205599,26.547148857210782],[89.33300169930004,26.545742705669532],[89.3319978722343,26.543932957852416],[89.33030771961066,26.543057268006624],[89.32853271095958,26.54147581594514],[89.32668856940482,26.540003868354482],[89.32543146789226,26.538582778682144],[89.32417263476367,26.537088221129228],[89.3227431122649,26.53579725210377],[89.32172893546884,26.534746031975313],[89.32097676077413,26.533557534160927],[89.3206589728038,26.53185034864131],[89.32050211456327,26.529959612454494],[89.32110903097053,26.528406223545435],[89.32183183225015,26.526875622792982],[89.32245571729565,26.52565168930509],[89.32376277386574,26.525171035116994],[89.32451187193607,26.524005581097214],[89.32441383264792,26.522493031313303],[89.32446287120442,26.520895866874287],[89.32535487670073,26.518670603234533],[89.32801172489391,26.518477891328367],[89.32971601454527,26.519833385190854],[89.33044495937821,26.520985484530517],[89.33171626618551,26.523000391267974],[89.33274592790441,26.5243946757101],[89.33258891327982,26.52593478008311],[89.33202579571685,26.52747326840909],[89.33189690285087,26.529421224297238],[89.33197469988244,26.531215027001124],[89.33265357115009,26.532933509906258],[89.33358733255535,26.534248018888277],[89.33462620450639,26.535783058692612],[89.33576640616339,26.536934712935604],[89.33764419476027,26.537816543370855],[89.33876406596262,26.538993665823433],[89.34081994803769,26.539347415321128],[89.34234188401538,26.5401197876625],[89.34247719757263,26.542142307879583],[89.34370430334882,26.5447482474709],[89.34484736397985,26.545871868290487],[89.3459104187463,26.546914433448958],[89.34768434305836,26.548497514146423],[89.34797985622679,26.550271796088058],[89.34751029664241,26.551671759693278],[89.34776122883815,26.553101504654723]]]},"properties":{"id":"52","description":null,"altitudeMode":null,"tessellate":null,"extrude":null,"visibility":null,"drawOrder":null,"icon":null,"AREA":null,"PERIMETER":null,"division":"Jaldapara","beat":"Dhoidhoi Ghat","range":"Jaldapara East","layer":"Jaldapara_Beats_New","path":"C:\\Users\\user\\Downloads\\Jaldapara_Beats_New.geojson","fill-opacity":null,"stroke-opacity":null,"stroke":null,"SID":null,"DID":null,"RID":null,"BID":null,"State":null,"Beat_Ar":null}},
{"type":"Feature","geometry":{"type":"Polygon","coordinates":[[[89.33885566122218,26.638191364201973],[89.33699334690955,26.63824142915229],[89.335669,26.638101500000026],[89.32985565460088,26.638166335882556],[89.32644919132764,26.63822103542665],[89.323488,26.63827],[89.32309284420218,26.63616259418448],[89.322752,26.634361],[89.32345575000004,26.63215],[89.323082,26.630459],[89.3215725,26.628621],[89.32099750000003,26.6272185],[89.32030716055718,26.62613109518394],[89.32251392187388,26.624849419443024],[89.32369037791962,26.623457377013874],[89.32422227952593,26.622271202271712],[89.32319097581505,26.61847709325799],[89.32350482129479,26.61693037625196],[89.32598162739208,26.616774461685548],[89.32756629568387,26.61613491453804],[89.32884435452742,26.616096177637775],[89.3306581098506,26.616219437614134],[89.33273362533363,26.614764693572994],[89.33407899639654,26.613087167668585],[89.33475850882998,26.611220057687827],[89.33635612217009,26.608396253743198],[89.337917,26.608882],[89.34208540000002,26.608441],[89.34246450000003,26.610098],[89.342696,26.611835],[89.34257524962825,26.613669685315504],[89.342113,26.615025],[89.3426248576702,26.616775602459956],[89.342516,26.61934],[89.34277063192465,26.62074707312793],[89.34319598691792,26.62221987955399],[89.3432866666667,26.623899166666646],[89.34329542857141,26.625696571428563],[89.34217,26.627665],[89.341733,26.629064],[89.34142143808941,26.631216478547685],[89.34145711782752,26.633108779935803],[89.33994392726328,26.63487494891185],[89.33948682790181,26.636215035497283],[89.33885566122218,26.638191364201973]]]},"properties":{"id":"67","description":null,"altitudeMode":null,"tessellate":null,"extrude":null,"visibility":null,"drawOrder":null,"icon":null,"AREA":null,"PERIMETER":null,"division":"Jaldapara","beat":"Malangi","range":"Jaldapara East","layer":"Jaldapara_Beats_New","path":"C:\\Users\\user\\Downloads\\Jaldapara_Beats_New.geojson","fill-opacity":null,"stroke-opacity":null,"stroke":null,"SID":null,"DID":null,"RID":null,"BID":null,"State":null,"Beat_Ar":null}},
{"type":"Feature","geometry":{"type":"Polygon","coordinates":[[[89.32636695342094,26.67053911120511],[89.32441896531128,26.671632244139147],[89.32313200592822,26.67244806632744],[89.32171918813506,26.67250432398455],[89.32031106462074,26.672765881663267],[89.31835804314011,26.672576649955808],[89.31660548696091,26.67264235760322],[89.31307470311783,26.672855600932525],[89.31140221949086,26.672977976521032],[89.31001168411406,26.672507332413257],[89.31044511514149,26.669949757429993],[89.31113356101007,26.668122618242755],[89.31069210608536,26.666440556783925],[89.31027604564744,26.66482920646888],[89.30981313921603,26.66318544022123],[89.30878654646176,26.661372928330344],[89.30896485576072,26.659920506989724],[89.30840894114657,26.657950193026807],[89.30738702335368,26.65612486259458],[89.30561259125136,26.650084033553505],[89.30435574715226,26.646698741017786],[89.30348404503839,26.64408996560778],[89.30309872914738,26.642410127629372],[89.30251050523752,26.639584135820098],[89.30167140888352,26.635455726753314],[89.30119608456434,26.63421490291879],[89.30272791906908,26.633657096804335],[89.30571993224568,26.63316585100243],[89.30766971272666,26.632768758462603],[89.30939819366921,26.632331525158996],[89.30884045657449,26.629716241061],[89.31080065477798,26.629114301200378],[89.31200359753831,26.629663856148415],[89.31381612559262,26.628985653002772],[89.31575086516536,26.628194042569035],[89.3185216950444,26.626983825399268],[89.32030716055718,26.62613109518394],[89.32099750000003,26.6272185],[89.3215725,26.628621],[89.323082,26.630459],[89.32345575000004,26.63215],[89.322752,26.634361],[89.32309284420218,26.63616259418448],[89.323488,26.63827],[89.32644919132764,26.63822103542665],[89.32985565460088,26.638166335882556],[89.335669,26.638101500000026],[89.33699334690955,26.63824142915229],[89.33885566122218,26.638191364201973],[89.33827302388967,26.640480166712692],[89.33805560328051,26.641896926775647],[89.33745850559276,26.64407880338783],[89.3370550821487,26.645691842722023],[89.33670062214041,26.647972979469607],[89.33656502836571,26.650311425744537],[89.33539300686151,26.65141685067515],[89.33407718766658,26.653185877711564],[89.33349662602764,26.65474862355274],[89.33395463166559,26.65771013176829],[89.33352224935723,26.660752433319505],[89.332653,26.662955],[89.33071436787107,26.66488095608183],[89.32911011945882,26.666352123100616],[89.32763164638658,26.66943650318076],[89.32636695342094,26.67053911120511]]]},"properties":{"id":"82","description":null,"altitudeMode":null,"tessellate":null,"extrude":null,"visibility":null,"drawOrder":null,"icon":null,"AREA":null,"PERIMETER":null,"division":"Jaldapara","beat":"JP Beat","range":"Jaldapara East","layer":"Jaldapara_Beats_New","path":"C:\\Users\\user\\Downloads\\Jaldapara_Beats_New.geojson","fill-opacity":null,"stroke-opacity":null,"stroke":null,"SID":null,"DID":null,"RID":null,"BID":null,"State":null,"Beat_Ar":null}},
{"type":"Feature","geometry":{"type":"Polygon","coordinates":[[[89.34208540000002,26.608441],[89.337917,26.608882],[89.33635612217009,26.608396253743198],[89.33475850882998,26.611220057687827],[89.33407899639654,26.613087167668585],[89.33273362533363,26.614764693572994],[89.3306581098506,26.616219437614134],[89.32884435452742,26.616096177637775],[89.32756629568387,26.61613491453804],[89.32598162739208,26.616774461685548],[89.32350482129479,26.61693037625196],[89.3225687340731,26.61545938339706],[89.32203391784135,26.61364324230843],[89.32127228873925,26.612446539845084],[89.32180606219474,26.611209616848612],[89.32368030935861,26.610292810511897],[89.32482853339694,26.608650566117646],[89.32513864375008,26.606904527639045],[89.32568071949295,26.60530685637327],[89.32686370007791,26.604066793744867],[89.32652539672874,26.602324798290937],[89.32517232737237,26.60175408200302],[89.3242896413369,26.60045783302242],[89.32441746450353,26.598820335608313],[89.32589434739809,26.597199368697126],[89.32768731771138,26.596955572934615],[89.32899992389565,26.596832290338927],[89.33071780738436,26.59586042619199],[89.33256426824724,26.595093328964918],[89.33522039123234,26.594014879772214],[89.33581729047359,26.592271945338812],[89.33788715925378,26.591349884094033],[89.33925410093948,26.590626483374884],[89.33963401940524,26.58845491556167],[89.3398454053864,26.587144870536232],[89.3405050030533,26.58501831532724],[89.34048464215552,26.58319345322892],[89.34025278404405,26.581837370453425],[89.33994086043249,26.58000240673201],[89.33961079501545,26.578298585357178],[89.33920838910251,26.57588762794462],[89.33896032144142,26.57459080662709],[89.33863558181316,26.57264363076645],[89.3382917977365,26.570963158720843],[89.33764160110103,26.56900202934737],[89.33671500294531,26.567647711996216],[89.33699271642509,26.566304759989638],[89.33721467321715,26.56436460171178],[89.33678909820928,26.562295571877296],[89.3374543077426,26.560610268415356],[89.33839214157418,26.55895107354728],[89.33809213435343,26.557152103853625],[89.33793050310113,26.555625928609842],[89.3378515551994,26.553979755125916],[89.33955864500314,26.554567109091735],[89.34129722113313,26.554747161993834],[89.34315880060372,26.554637235117166],[89.34465019504374,26.55444106237183],[89.34645957343353,26.553980112975577],[89.34776122883815,26.553101504654723],[89.3512200957807,26.55185746515957],[89.35159758020167,26.553342672548467],[89.35199573156883,26.554903360260777],[89.35270297749696,26.55657329446272],[89.35365173429524,26.55793140950821],[89.35431480626342,26.55952361152262],[89.35325462667433,26.56065037362038],[89.35267455634424,26.5625787614768],[89.35384769999997,26.564089533333394],[89.35405899897891,26.56661896609415],[89.35341466194815,26.568739938535828],[89.35310492699651,26.57010143789415],[89.35375134713615,26.57122266381337],[89.35385002212166,26.572714867802897],[89.35429465202239,26.57439431810528],[89.35411873232394,26.576300731471118],[89.35326416970761,26.57869895794657],[89.35310915461868,26.58063994728507],[89.3531975383606,26.58216420709322],[89.35297158098575,26.583955977594435],[89.35336617796919,26.585547558615634],[89.35313092587477,26.586957027359396],[89.35290066354565,26.58912391569323],[89.35266431885738,26.591239648847235],[89.35081905246126,26.592726522669345],[89.3504542431163,26.594265303590074],[89.35001037837579,26.595511251658703],[89.34992573257173,26.597105226808797],[89.350172,26.598489],[89.35085065133401,26.599780032941027],[89.349533,26.6023],[89.348507336366,26.603096617148562],[89.34715,26.603695],[89.346056,26.604371],[89.344736,26.605095],[89.343717,26.605872],[89.34264971705898,26.607218376588985],[89.34208540000002,26.608441]]]},"properties":{"id":"97","description":null,"altitudeMode":null,"tessellate":null,"extrude":null,"visibility":null,"drawOrder":null,"icon":null,"AREA":null,"PERIMETER":null,"division":"Jaldapara","beat":"Sisamara","range":"Jaldapara East","layer":"Jaldapara_Beats_New","path":"C:\\Users\\user\\Downloads\\Jaldapara_Beats_New.geojson","fill-opacity":null,"stroke-opacity":null,"stroke":null,"SID":null,"DID":null,"RID":null,"BID":null,"State":null,"Beat_Ar":null}},
{"type":"Feature","geometry":{"type":"Polygon","coordinates":[[[89.3092727080419,26.70319040044448],[89.307631,26.704003],[89.30705187308695,26.70520268490221],[89.30666,26.706973],[89.307153,26.708406],[89.307721,26.7095535],[89.30826379732196,26.71137918654897],[89.30850924999996,26.712689],[89.30372194438652,26.713042903705457],[89.300709037796,26.713042505054833],[89.298622,26.712675],[89.295923,26.713071],[89.294135,26.713776500000012],[89.29231549999999,26.71373],[89.289026,26.714503500000035],[89.28656662847442,26.71412945511759],[89.28589312487405,26.710378021589502],[89.28620134336789,26.707955333738457],[89.28622429870606,26.706089385639135],[89.28570674579291,26.704818994233197],[89.285655,26.704104],[89.285767,26.703588],[89.28613650898976,26.70268347376891],[89.285627,26.700854],[89.28505422579639,26.698406477776608],[89.28405255817447,26.69741480561764],[89.28414882678685,26.696118049715693],[89.28310743135597,26.694471733288154],[89.28169214172115,26.692244789084622],[89.28052502645414,26.690714116409257],[89.27961921515467,26.689796595560892],[89.27897773151663,26.68869507375246],[89.27808344663448,26.687076525010227],[89.27614931293915,26.68574222149828],[89.27452682321214,26.68453548557163],[89.27370966310332,26.683163452341756],[89.2736056118437,26.681449386455373],[89.27548371695185,26.68134963406698],[89.27707057807764,26.681163992988115],[89.27915162646813,26.680120898739094],[89.28038285327851,26.679512759302774],[89.28295102583739,26.678839109518552],[89.28684091194297,26.677937693419988],[89.28909667023788,26.677409024058278],[89.29251200332445,26.676598250815513],[89.29422996902836,26.676511954205033],[89.29932198611706,26.67559888541086],[89.30262807544496,26.67490299054584],[89.30412921797826,26.674731505188813],[89.30433120000004,26.676060399999983],[89.304144,26.678159],[89.30466950000005,26.680224],[89.305544,26.68200350000002],[89.304797,26.68419975000002],[89.305116,26.686289],[89.30590533333331,26.68809],[89.30607475000006,26.689809333333418],[89.30707558955245,26.691613565339704],[89.30813766666671,26.693274],[89.30853350000001,26.69461174999998],[89.308532,26.69633925],[89.30841156842851,26.698247456646033],[89.308623,26.69986250000002],[89.3091250138969,26.70158121835912],[89.3092727080419,26.70319040044448]]]},"properties":{"id":"112","description":null,"altitudeMode":null,"tessellate":null,"extrude":null,"visibility":null,"drawOrder":null,"icon":null,"AREA":null,"PERIMETER":null,"division":"Jaldapara","beat":"NWC Beat","range":"jaldapara North","layer":"Jaldapara_Beats_New","path":"C:\\Users\\user\\Downloads\\Jaldapara_Beats_New.geojson","fill-opacity":null,"stroke-opacity":null,"stroke":null,"SID":null,"DID":null,"RID":null,"BID":null,"State":null,"Beat_Ar":null}},
{"type":"Feature","geometry":{"type":"Polygon","coordinates":[[[89.3293285033624,26.699512697601683],[89.32796183363222,26.700008470453255],[89.32580696717903,26.700926640452664],[89.3247253144782,26.702161734661527],[89.3212021152874,26.702685001110986],[89.31976792801748,26.702847032731817],[89.31818602312366,26.703039238445562],[89.3151175735406,26.70230960140571],[89.31321184022528,26.70213011359363],[89.31144163884886,26.70284476730859],[89.3092727080419,26.70319040044448],[89.3091250138969,26.70158121835912],[89.308623,26.69986250000002],[89.30841156842851,26.698247456646033],[89.308532,26.69633925],[89.30853350000001,26.69461174999998],[89.30813766666671,26.693274],[89.30707558955245,26.691613565339704],[89.30607475000006,26.689809333333418],[89.30590533333331,26.68809],[89.305116,26.686289],[89.304797,26.68419975000002],[89.305544,26.68200350000002],[89.30466950000005,26.680224],[89.304144,26.678159],[89.30433120000004,26.676060399999983],[89.30412921797826,26.674731505188813],[89.3072934492755,26.673570412407603],[89.30854221513387,26.673306786853328],[89.31001168411406,26.672507332413257],[89.31140221949086,26.672977976521032],[89.31307470311783,26.672855600932525],[89.31660548696091,26.67264235760322],[89.31835804314011,26.672576649955808],[89.32031106462074,26.672765881663267],[89.32171918813506,26.67250432398455],[89.32313200592822,26.67244806632744],[89.32441896531128,26.671632244139147],[89.32636695342094,26.67053911120511],[89.32723748799532,26.67260039701142],[89.32736134646014,26.674158779205463],[89.32702049936354,26.675504739661886],[89.32621915475173,26.677275317407904],[89.32614439565023,26.681269549592816],[89.32607689272592,26.685003614397733],[89.32601100578371,26.687606444567884],[89.32626452703623,26.691114267512177],[89.32688914927692,26.692636779412553],[89.32765917803607,26.69433460244938],[89.32830189174055,26.695953922611164],[89.3289989181464,26.69759459982152],[89.3293285033624,26.699512697601683]]]},"properties":{"id":"127","description":null,"altitudeMode":null,"tessellate":null,"extrude":null,"visibility":null,"drawOrder":null,"icon":null,"AREA":null,"PERIMETER":null,"division":"Jaldapara","beat":"Siltorsa Beat","range":"jaldapara North","layer":"Jaldapara_Beats_New","path":"C:\\Users\\user\\Downloads\\Jaldapara_Beats_New.geojson","fill-opacity":null,"stroke-opacity":null,"stroke":null,"SID":null,"DID":null,"RID":null,"BID":null,"State":null,"Beat_Ar":null}},
{"type":"Feature","geometry":{"type":"Polygon","coordinates":[[[89.30738702335368,26.65612486259458],[89.30840894114657,26.657950193026807],[89.30896485576072,26.659920506989724],[89.30878654646176,26.661372928330344],[89.30981313921603,26.66318544022123],[89.31027604564744,26.66482920646888],[89.31069210608536,26.666440556783925],[89.31113356101007,26.668122618242755],[89.31044511514149,26.669949757429993],[89.31001168411406,26.672507332413257],[89.30854221513387,26.673306786853328],[89.3072934492755,26.673570412407603],[89.30412921797826,26.674731505188813],[89.30262807544496,26.67490299054584],[89.29932198611706,26.67559888541086],[89.29422996902836,26.676511954205033],[89.29251200332445,26.676598250815513],[89.28909667023788,26.677409024058278],[89.28684091194297,26.677937693419988],[89.28295102583739,26.678839109518552],[89.28038285327851,26.679512759302774],[89.27915162646813,26.680120898739094],[89.27707057807764,26.681163992988115],[89.27548371695185,26.68134963406698],[89.2736056118437,26.681449386455373],[89.2736364575608,26.678222818419332],[89.27483672778312,26.676576777735487],[89.2752456221414,26.674362102242537],[89.27714733865731,26.673769403806073],[89.27874524050868,26.672853820312252],[89.27931821408802,26.671263188329057],[89.28045624593722,26.669896022835353],[89.27997093416974,26.66773722732562],[89.27972789496799,26.66563591285324],[89.27910144260912,26.664238823726187],[89.27786575866675,26.662327022888014],[89.2764478385402,26.659610013360872],[89.2803271672453,26.65918508531763],[89.28578449999998,26.658734],[89.29074995992784,26.658639208630223],[89.2952355,26.658548],[89.30033,26.658294],[89.30738702335368,26.65612486259458]]]},"properties":{"id":"142","description":null,"altitudeMode":null,"tessellate":null,"extrude":null,"visibility":null,"drawOrder":null,"icon":null,"AREA":null,"PERIMETER":null,"division":"Jaldapara","beat":"50 Feet Beat","range":"jaldapara North","layer":"Jaldapara_Beats_New","path":"C:\\Users\\user\\Downloads\\Jaldapara_Beats_New.geojson","fill-opacity":null,"stroke-opacity":null,"stroke":null,"SID":null,"DID":null,"RID":null,"BID":null,"State":null,"Beat_Ar":null}},
{"type":"Feature","geometry":{"type":"Polygon","coordinates":[[[89.3293285033624,26.699512697601683],[89.33073498806586,26.702652121288033],[89.33174080066964,26.705545378323496],[89.33257037649874,26.709494069151056],[89.33273770711655,26.710815967798045],[89.33322325580455,26.717650753473958],[89.33230247826403,26.719558774446554],[89.33117170937679,26.72112617409254],[89.32998371749753,26.722534282078662],[89.32963727217204,26.723995744547484],[89.32802973105572,26.726825715632067],[89.32691284054782,26.729598505342437],[89.32745377503258,26.732142177830813],[89.328841033255,26.733315851746646],[89.32896410336672,26.736857504963655],[89.32871268663786,26.738210979701364],[89.32794699834251,26.739502385425233],[89.32408963146406,26.741381462621742],[89.32060569911683,26.742973613744685],[89.31920865760092,26.7435952307057],[89.31793736952355,26.74403483528626],[89.3148219973395,26.745342034207457],[89.31156061796386,26.745479344294846],[89.30844415375832,26.7455915185069],[89.30517246343113,26.74562424753936],[89.30325849678462,26.745145726869783],[89.30194795721647,26.7445739093258],[89.29379365,26.74378754999997],[89.29044160000002,26.742859],[89.28408713870873,26.742379538055154],[89.27700877194508,26.741694549738597],[89.27566698789134,26.74026019638446],[89.27418090854145,26.739173965468048],[89.26983101066205,26.736878833683424],[89.27109565768559,26.73574227629007],[89.27182979755236,26.734014712136204],[89.27267622613896,26.73261733413285],[89.27707404761084,26.733409936379974],[89.27901287966041,26.73312019223068],[89.28243645027426,26.73390700671571],[89.29272531479577,26.735955353522016],[89.29487068142173,26.73617954754243],[89.29514312098722,26.734545168251504],[89.29487933604052,26.732367213776246],[89.29470170018747,26.72965037864418],[89.29471779976168,26.727122513567807],[89.29430626618993,26.725811798059677],[89.2921749576497,26.722972298955742],[89.2913588861388,26.7215900402256],[89.29022185752025,26.72000110086276],[89.28939680230472,26.718620618598347],[89.28759339883257,26.715969761371554],[89.28656662847442,26.71412945511759],[89.289026,26.714503500000035],[89.29231549999999,26.71373],[89.294135,26.713776500000012],[89.295923,26.713071],[89.298622,26.712675],[89.300709037796,26.713042505054833],[89.30372194438652,26.713042903705457],[89.30850924999996,26.712689],[89.30826379732196,26.71137918654897],[89.307721,26.7095535],[89.307153,26.708406],[89.30666,26.706973],[89.30705187308695,26.70520268490221],[89.307631,26.704003],[89.3092727080419,26.70319040044448],[89.31144163884886,26.70284476730859],[89.31321184022528,26.70213011359363],[89.3151175735406,26.70230960140571],[89.31818602312366,26.703039238445562],[89.31976792801748,26.702847032731817],[89.3212021152874,26.702685001110986],[89.3247253144782,26.702161734661527],[89.32580696717903,26.700926640452664],[89.32796183363222,26.700008470453255],[89.3293285033624,26.699512697601683]]]},"properties":{"id":"157","description":null,"altitudeMode":null,"tessellate":null,"extrude":null,"visibility":null,"drawOrder":null,"icon":null,"AREA":null,"PERIMETER":null,"division":"Jaldapara","beat":"Hasimara Beat","range":"jaldapara North","layer":"Jaldapara_Beats_New","path":"C:\\Users\\user\\Downloads\\Jaldapara_Beats_New.geojson","fill-opacity":null,"stroke-opacity":null,"stroke":null,"SID":null,"DID":null,"RID":null,"BID":null,"State":null,"Beat_Ar":null}},
{"type":"Feature","geometry":{"type":"Polygon","coordinates":[[[89.32000760647217,26.563287877993417],[89.31755570568204,26.563044407128082],[89.31365647313888,26.562810412525277],[89.31031787432431,26.5624584403425],[89.30909585104396,26.562052143811503],[89.30712783659594,26.562928157901037],[89.30573646824634,26.562634893963992],[89.30420955812995,26.562558410611718],[89.30258740270664,26.562274004475654],[89.30161997554664,26.560583802481556],[89.30135838828893,26.55916310105261],[89.30222382005473,26.557836387919213],[89.30329431110324,26.556279100109396],[89.30262152406526,26.554270222151903],[89.30090869306484,26.55330881331625],[89.2992764017962,26.55267234989988],[89.29839706046295,26.55136725453015],[89.29870948180313,26.549805753508508],[89.2998589173289,26.548542521133804],[89.30209648559452,26.548761100270283],[89.30347279353066,26.548719802524616],[89.30384640448884,26.54687733164253],[89.30489225854286,26.541180146724212],[89.30547430400243,26.537695654533426],[89.30628123032534,26.535264399110662],[89.30790583346793,26.534355016630055],[89.30978725531061,26.534183866490483],[89.31108162872279,26.534589173358373],[89.31314125793877,26.53671031859827],[89.31462236980633,26.538842133063405],[89.31689553867653,26.542181079110254],[89.3204316867524,26.547239502308166],[89.32372206753188,26.552122140853022],[89.32411162593021,26.553647190810807],[89.32336009079752,26.555392221809353],[89.32185341950597,26.559018883136513],[89.32000760647217,26.563287877993417]]]},"properties":{"id":"172","description":null,"altitudeMode":null,"tessellate":null,"extrude":null,"visibility":null,"drawOrder":null,"icon":null,"AREA":null,"PERIMETER":null,"division":"Jaldapara","beat":"Salkumar Beat","range":"Jaldapar South","layer":"Jaldapara_Beats_New","path":"C:\\Users\\user\\Downloads\\Jaldapara_Beats_New.geojson","fill-opacity":null,"stroke-opacity":null,"stroke":null,"SID":null,"DID":null,"RID":null,"BID":null,"State":null,"Beat_Ar":null}},
{"type":"Feature","geometry":{"type":"Polygon","coordinates":[[[89.26989747060048,26.567665870138672],[89.26775759999995,26.56728],[89.266309,26.567447],[89.26520870744444,26.568203476093625],[89.263552,26.569352],[89.26239131026301,26.57035322376044],[89.26074950000007,26.571807500000048],[89.25936366666666,26.572561],[89.257499,26.572919],[89.256201,26.574523499999973],[89.25459775,26.575638749999968],[89.25341311434208,26.578581658662063],[89.25215062735788,26.57733187491082],[89.25053749941688,26.575124670814436],[89.25070844583657,26.573007563794963],[89.25004975662601,26.57077796457194],[89.24990333330925,26.569209153959143],[89.249511889182,26.567878493490575],[89.24940795965631,26.566412186163017],[89.24934023879344,26.56456638875521],[89.25118834380699,26.56313856241858],[89.25118929495362,26.561175850352907],[89.25083972213982,26.559330074383595],[89.24971093551937,26.557503776196338],[89.24932117529058,26.555306932719517],[89.2492944669489,26.553335732543896],[89.24935032945996,26.550775855232793],[89.24903903828846,26.54841342620377],[89.24864292230053,26.546710124932453],[89.24813190010202,26.545529747632017],[89.24841536220994,26.54398601190601],[89.25035136613609,26.543131839910743],[89.25195836757511,26.542396256987193],[89.25343466213567,26.54148767152317],[89.25375292046878,26.54023586655069],[89.25402985738182,26.53858796247403],[89.25460742491101,26.536732392972244],[89.25609398141476,26.535535099077816],[89.25765,26.538194],[89.257788,26.539467],[89.25867878713117,26.54159622916418],[89.25974950000003,26.544372499999984],[89.26094325257584,26.546767910820172],[89.261721,26.548299],[89.2624235279407,26.55030876212629],[89.26459749484559,26.552766354267636],[89.265224,26.554151],[89.265086,26.555595],[89.2657814386819,26.556996773507883],[89.2666404907274,26.55859253492138],[89.26766633333337,26.560008],[89.26887982423918,26.561512783334155],[89.269556,26.563181],[89.2706458,26.564747400000048],[89.27062275000004,26.56617225],[89.26989747060048,26.567665870138672]]]},"properties":{"id":"187","description":null,"altitudeMode":null,"tessellate":null,"extrude":null,"visibility":null,"drawOrder":null,"icon":null,"AREA":null,"PERIMETER":null,"division":"Jaldapara","beat":"Kunjanagar","range":"Jaldapara West","layer":"Jaldapara_Beats_New","path":"C:\\Users\\user\\Downloads\\Jaldapara_Beats_New.geojson","fill-opacity":null,"stroke-opacity":null,"stroke":null,"SID":null,"DID":null,"RID":null,"BID":null,"State":null,"Beat_Ar":null}},
{"type":"Feature","geometry":{"type":"Polygon","coordinates":[[[89.28112823082486,26.578556218074027],[89.28193545833965,26.579865548771846],[89.28221807566307,26.581337180629376],[89.28526283459364,26.586957171720897],[89.282614851865,26.587789181556857],[89.28407125150508,26.592051736996584],[89.2850359135897,26.595442267030027],[89.28594089927086,26.596703863578057],[89.28636856214095,26.598027756711755],[89.28489130336555,26.59827589018339],[89.28405192506544,26.599738633287277],[89.2857661283763,26.601008322147283],[89.28719144621756,26.60170315799916],[89.28692129315826,26.603005347279744],[89.28708018991277,26.60577350839021],[89.28659002971926,26.607616643044533],[89.28613012214484,26.609884582658065],[89.28745938903252,26.61137086042204],[89.28946026832045,26.61539730891213],[89.2905106644404,26.617368150927938],[89.2921204712138,26.619285607644542],[89.293984023576,26.622595054975566],[89.28774538640825,26.623473369402266],[89.284187,26.62463],[89.28233725987978,26.625887146084974],[89.28010494215276,26.62742295546358],[89.27828333333332,26.628346],[89.27694566666665,26.628597666666646],[89.27491337195954,26.628895865095796],[89.27437935390817,26.627575502191984],[89.27542114529972,26.626487982186557],[89.2759592954296,26.62461081561646],[89.27524323922239,26.622824217890344],[89.27630775074789,26.621520995191077],[89.27649596174659,26.61965738681839],[89.27557970785622,26.61760246192663],[89.27471141262612,26.61541016248669],[89.27422191458793,26.614076545051184],[89.27408998607882,26.612323438627243],[89.27315221375521,26.610591411741595],[89.27245764285317,26.609095181515478],[89.27216480698651,26.606444350127482],[89.27197230253314,26.604643911027186],[89.27219752084311,26.60230180468294],[89.2717986041015,26.601008175073197],[89.27145938716697,26.599547529614835],[89.27259089501065,26.598370905649197],[89.27186647484538,26.597304498987288],[89.27224293274578,26.595920029447033],[89.2721133244997,26.594499132759523],[89.27199027032147,26.592987781339332],[89.27076582303116,26.592101829962537],[89.272322,26.590729],[89.273676,26.590042],[89.27461355988358,26.588464336570798],[89.27558589357226,26.586533614766854],[89.276216,26.583748],[89.27580915045964,26.582020793204368],[89.275096,26.580569166666727],[89.27673,26.579929],[89.27822762506936,26.579458793286374],[89.28112823082486,26.578556218074027]]]},"properties":{"id":"202","description":null,"altitudeMode":null,"tessellate":null,"extrude":null,"visibility":null,"drawOrder":null,"icon":null,"AREA":null,"PERIMETER":null,"division":"Jaldapara","beat":"TEC","range":"Jaldapara West","layer":"Jaldapara_Beats_New","path":"C:\\Users\\user\\Downloads\\Jaldapara_Beats_New.geojson","fill-opacity":null,"stroke-opacity":null,"stroke":null,"SID":null,"DID":null,"RID":null,"BID":null,"State":null,"Beat_Ar":null}},
{"type":"Feature","geometry":{"type":"Polygon","coordinates":[[[89.293984023576,26.622595054975566],[89.29598491544135,26.622418767825],[89.29702728438869,26.62463666199199],[89.30044799869731,26.624179230833526],[89.30083492247779,26.6258466486108],[89.30272791906908,26.633657096804335],[89.30119608456434,26.63421490291879],[89.30167140888352,26.635455726753314],[89.30251050523752,26.639584135820098],[89.30309872914738,26.642410127629372],[89.30348404503839,26.64408996560778],[89.30435574715226,26.646698741017786],[89.30561259125136,26.650084033553505],[89.30738702335368,26.65612486259458],[89.30033,26.658294],[89.2952355,26.658548],[89.29074995992784,26.658639208630223],[89.28578449999998,26.658734],[89.2803271672453,26.65918508531763],[89.2764478385402,26.659610013360872],[89.2755197210448,26.658461830647788],[89.27471663698128,26.65592430119758],[89.2747364510823,26.653690583396898],[89.2744056046247,26.651485901112164],[89.27468609476,26.648768145264416],[89.27469865068173,26.647391466773477],[89.27580544914606,26.645413824476353],[89.27714208664746,26.643791797027465],[89.27802596995765,26.64217437238942],[89.27743290551956,26.640174754923766],[89.27715268189836,26.63783965978687],[89.2766035503686,26.635979142486914],[89.27495046936541,26.63390596781702],[89.27465245622697,26.63133651427935],[89.27491337195954,26.628895865095796],[89.27694566666665,26.628597666666646],[89.27828333333332,26.628346],[89.28010494215276,26.62742295546358],[89.28233725987978,26.625887146084974],[89.284187,26.62463],[89.28774538640825,26.623473369402266],[89.293984023576,26.622595054975566]]]},"properties":{"id":"217","description":null,"altitudeMode":null,"tessellate":null,"extrude":null,"visibility":null,"drawOrder":null,"icon":null,"AREA":null,"PERIMETER":null,"division":"Jaldapara","beat":"Hollong Beat","range":"Jaldapara West","layer":"Jaldapara_Beats_New","path":"C:\\Users\\user\\Downloads\\Jaldapara_Beats_New.geojson","fill-opacity":null,"stroke-opacity":null,"stroke":null,"SID":null,"DID":null,"RID":null,"BID":null,"State":null,"Beat_Ar":null}},
{"type":"Feature","geometry":{"type":"Polygon","coordinates":[[[89.27076582303116,26.592101829962537],[89.26866411522693,26.593025642554117],[89.26705545333745,26.593265222554933],[89.2657369435099,26.59151224564428],[89.26483699435452,26.59038822766399],[89.26354275322382,26.590327685037344],[89.26236124293688,26.588725205405154],[89.26012513774884,26.58844925547558],[89.25883303254068,26.587457707460775],[89.25767363498166,26.586208135127258],[89.25800084033283,26.584220636854898],[89.25744090180075,26.582144214829466],[89.2557002389023,26.579436792735216],[89.25341311434208,26.578581658662063],[89.25459775,26.575638749999968],[89.256201,26.574523499999973],[89.257499,26.572919],[89.25936366666666,26.572561],[89.26074950000007,26.571807500000048],[89.26239131026301,26.57035322376044],[89.263552,26.569352],[89.26520870744444,26.568203476093625],[89.266309,26.567447],[89.26775759999995,26.56728],[89.26989747060048,26.567665870138672],[89.26951967857144,26.569263142857206],[89.269774,26.570911],[89.270439,26.572062],[89.2699956666667,26.57361666666666],[89.26950549999998,26.575181],[89.26861661111117,26.576522944444473],[89.27020759999998,26.57771020000003],[89.27185549999999,26.5789755],[89.273084,26.579879],[89.275096,26.580569166666727],[89.27580915045964,26.582020793204368],[89.276216,26.583748],[89.27558589357226,26.586533614766854],[89.27461355988358,26.588464336570798],[89.273676,26.590042],[89.272322,26.590729],[89.27076582303116,26.592101829962537]]]},"properties":{"id":"232","description":null,"altitudeMode":null,"tessellate":null,"extrude":null,"visibility":null,"drawOrder":null,"icon":null,"AREA":null,"PERIMETER":null,"division":"Jaldapara","beat":"Moiradanga Beat","range":"Jaldapara West","layer":"Jaldapara_Beats_New","path":"C:\\Users\\user\\Downloads\\Jaldapara_Beats_New.geojson","fill-opacity":null,"stroke-opacity":null,"stroke":null,"SID":null,"DID":null,"RID":null,"BID":null,"State":null,"Beat_Ar":null}},
{"type":"Feature","geometry":{"type":"Polygon","coordinates":[[[89.25609398141476,26.535535099077816],[89.25797229873831,26.534691956785565],[89.26019990021733,26.53397267272081],[89.2617147921216,26.535114378166995],[89.26300784532079,26.535827486248735],[89.26457522073584,26.536027489380213],[89.26681221203275,26.53581255394987],[89.26856060962612,26.53474929838219],[89.26938784911725,26.53343153157585],[89.26984894172269,26.53224489559011],[89.2696586281258,26.53020603228126],[89.27006820630383,26.528611061561673],[89.27212137801781,26.52843646052591],[89.2744588082701,26.52852798058482],[89.27620086801252,26.528579272507972],[89.27787411419742,26.529275568920767],[89.27795936583668,26.53091878995583],[89.27921947159473,26.53213834728118],[89.27857721099357,26.53403456164724],[89.2781164078859,26.535541348460693],[89.27651206543936,26.535836606542944],[89.2746973693252,26.536837039716847],[89.27306296418196,26.53863412163461],[89.27354135318735,26.540247283409705],[89.275123419781,26.54040286878451],[89.2742068630853,26.541608243773133],[89.27625088522981,26.545626694807016],[89.27878423502642,26.54533454687939],[89.28017446166184,26.5461756009083],[89.28061314957148,26.547452684050114],[89.28152941398595,26.55023819783117],[89.2824369084919,26.55234364148659],[89.28253127244517,26.55391601957397],[89.28292581518028,26.555441566944264],[89.28411713565251,26.55842402582155],[89.28683853624982,26.558151928416766],[89.29002741295882,26.557679827426554],[89.29126865790396,26.55810838311891],[89.29277844332474,26.559114420162715],[89.29333954601944,26.560907353317724],[89.29256847746359,26.562545829780586],[89.29112046497154,26.5626318867679],[89.28969636787832,26.56228008824301],[89.28989193205366,26.560464499035323],[89.28857484774858,26.560379931501814],[89.2869335800575,26.56110529377668],[89.28586995353348,26.562129469378696],[89.28605813110771,26.563802567548304],[89.28405591814348,26.564047209314527],[89.28413939066446,26.565915455665305],[89.28541558503207,26.566204686062093],[89.28575139322488,26.567912805140274],[89.2830132771892,26.570876151430404],[89.28139279595528,26.572009552544078],[89.28169185724498,26.574873784735058],[89.28352700390556,26.575830997385445],[89.28503248730946,26.57560290618716],[89.2860420532579,26.576818173511178],[89.2850100362155,26.57758066174915],[89.28341238786793,26.578118377626307],[89.28112823082486,26.578556218074027],[89.27822762506936,26.579458793286374],[89.27673,26.579929],[89.275096,26.580569166666727],[89.273084,26.579879],[89.27185549999999,26.5789755],[89.27020759999998,26.57771020000003],[89.26861661111117,26.576522944444473],[89.26950549999998,26.575181],[89.2699956666667,26.57361666666666],[89.270439,26.572062],[89.269774,26.570911],[89.26951967857144,26.569263142857206],[89.26989747060048,26.567665870138672],[89.27062275000004,26.56617225],[89.2706458,26.564747400000048],[89.269556,26.563181],[89.26887982423918,26.561512783334155],[89.26766633333337,26.560008],[89.2666404907274,26.55859253492138],[89.2657814386819,26.556996773507883],[89.265086,26.555595],[89.265224,26.554151],[89.26459749484559,26.552766354267636],[89.2624235279407,26.55030876212629],[89.261721,26.548299],[89.26094325257584,26.546767910820172],[89.25974950000003,26.544372499999984],[89.25867878713117,26.54159622916418],[89.257788,26.539467],[89.25765,26.538194],[89.25609398141476,26.535535099077816]]]},"properties":{"id":"247","description":null,"altitudeMode":null,"tessellate":null,"extrude":null,"visibility":null,"drawOrder":null,"icon":null,"AREA":null,"PERIMETER":null,"division":"Jaldapara","beat":"Bangdaki","range":"Jaldapara West","layer":"Jaldapara_Beats_New","path":"C:\\Users\\user\\Downloads\\Jaldapara_Beats_New.geojson","fill-opacity":null,"stroke-opacity":null,"stroke":null,"SID":null,"DID":null,"RID":null,"BID":null,"State":null,"Beat_Ar":null}},
{"type":"Feature","geometry":{"type":"Polygon","coordinates":[[[89.34206585019957,26.68157428065853],[89.34047017148792,26.682075416512944],[89.33832466918535,26.68028987417034],[89.33702658339041,26.6813962862745],[89.33514111618697,26.683439196446816],[89.33384002153585,26.685445895145048],[89.33287192999593,26.68695410751311],[89.33219842015195,26.68839082072027],[89.33261807699856,26.68998135679245],[89.33276612765971,26.69187833589594],[89.33153321977095,26.69322781063598],[89.33057464503278,26.694662889762093],[89.33014992813523,26.696394649364123],[89.3289989181464,26.69759459982152],[89.32830189174055,26.695953922611164],[89.32765917803607,26.69433460244938],[89.32688914927692,26.692636779412553],[89.32626452703623,26.691114267512177],[89.32601100578371,26.687606444567884],[89.32607689272592,26.685003614397733],[89.32614439565023,26.681269549592816],[89.32621915475173,26.677275317407904],[89.32702049936354,26.675504739661886],[89.32736134646014,26.674158779205463],[89.32723748799532,26.67260039701142],[89.32636695342094,26.67053911120511],[89.32763164638658,26.66943650318076],[89.32911011945882,26.666352123100616],[89.33071436787107,26.66488095608183],[89.332653,26.662955],[89.33352224935723,26.660752433319505],[89.33395463166559,26.65771013176829],[89.33349662602764,26.65474862355274],[89.33407718766658,26.653185877711564],[89.33539300686151,26.65141685067515],[89.33656502836571,26.650311425744537],[89.33670062214041,26.647972979469607],[89.3370550821487,26.645691842722023],[89.33745850559276,26.64407880338783],[89.33805560328051,26.641896926775647],[89.33827302388967,26.640480166712692],[89.33885566122218,26.638191364201973],[89.33948682790181,26.636215035497283],[89.33994392726328,26.63487494891185],[89.34145711782752,26.633108779935803],[89.34142143808941,26.631216478547685],[89.341733,26.629064],[89.34217,26.627665],[89.34329542857141,26.625696571428563],[89.34441307332638,26.627310658099194],[89.34568,26.627978],[89.347003,26.628274],[89.34842410523343,26.628963896311035],[89.34878180542397,26.63137390902443],[89.34890147964472,26.63361688971592],[89.34845218519143,26.63507324612419],[89.34752662241736,26.636126645350704],[89.34634049573543,26.638139194968595],[89.3459534018193,26.6393930021878],[89.34552149380542,26.6407348265349],[89.3444120511404,26.6442816580775],[89.3440281138546,26.64553752319784],[89.34399304416905,26.647265989182227],[89.34395872100012,26.648819342772782],[89.3438335570245,26.65151435561021],[89.34376241234635,26.653195758522934],[89.34360391533376,26.65457463086173],[89.34349410182037,26.65821714901612],[89.34338934847837,26.660612798854537],[89.34331355689771,26.66199520883196],[89.34315831193842,26.66453257421643],[89.34296119792309,26.669025900354796],[89.3428326239971,26.67154279845975],[89.34264458170469,26.67488102247199],[89.34246648245583,26.677885084692747],[89.34233603709235,26.680060058033376],[89.34206585019957,26.68157428065853]]]},"properties":{"id":"262","description":null,"altitudeMode":null,"tessellate":null,"extrude":null,"visibility":null,"drawOrder":null,"icon":null,"AREA":null,"PERIMETER":null,"division":"Jaldapara","beat":"NEC Beat","range":"Kodalbasti","layer":"Jaldapara_Beats_New","path":"C:\\Users\\user\\Downloads\\Jaldapara_Beats_New.geojson","fill-opacity":null,"stroke-opacity":null,"stroke":null,"SID":null,"DID":null,"RID":null,"BID":null,"State":null,"Beat_Ar":null}},
{"type":"Feature","geometry":{"type":"Polygon","coordinates":[[[89.3696229261505,26.613625971019587],[89.36648167818609,26.61322072166738],[89.36518400847787,26.613269514256547],[89.36063597921844,26.613422112936373],[89.35815663875715,26.613611386629714],[89.35539630294932,26.613827020148488],[89.35282141811321,26.614017999583865],[89.35132862923422,26.614388927399173],[89.35066344624109,26.616047305248085],[89.35016924073993,26.617451149857978],[89.34984283500683,26.619712205012195],[89.34966596474102,26.621459944287455],[89.34958332652856,26.622933026865773],[89.34936821874712,26.624727916870754],[89.34880346276601,26.62675588191749],[89.34842410523343,26.628963896311035],[89.347003,26.628274],[89.34568,26.627978],[89.34441307332638,26.627310658099194],[89.34329542857141,26.625696571428563],[89.3432866666667,26.623899166666646],[89.34319598691792,26.62221987955399],[89.34277063192465,26.62074707312793],[89.342516,26.61934],[89.3426248576702,26.616775602459956],[89.342113,26.615025],[89.34257524962825,26.613669685315504],[89.342696,26.611835],[89.34246450000003,26.610098],[89.34208540000002,26.608441],[89.34264971705898,26.607218376588985],[89.343717,26.605872],[89.344736,26.605095],[89.346056,26.604371],[89.34715,26.603695],[89.348507336366,26.603096617148562],[89.349533,26.6023],[89.35085065133401,26.599780032941027],[89.350172,26.598489],[89.34992573257173,26.597105226808797],[89.35001037837579,26.595511251658703],[89.3504542431163,26.594265303590074],[89.35249807624606,26.594830266267692],[89.35496972184376,26.59490964023829],[89.3572814256724,26.595039886437714],[89.35994992751375,26.59518118434238],[89.3621193217738,26.595196647275536],[89.36482941882947,26.59526732197372],[89.36691510934283,26.595350922930276],[89.3687892810769,26.59472343109072],[89.37103192543424,26.595467505295638],[89.3718974909138,26.59682979031909],[89.37238513354416,26.59870634363805],[89.37274567189525,26.600484516306803],[89.37373137364204,26.601525587292045],[89.37524984291565,26.602622247467604],[89.37540971936285,26.60457186442801],[89.37562416599059,26.60585627826401],[89.37737,26.60672050000005],[89.37578763257441,26.608014866250944],[89.377699,26.608869],[89.37772750000005,26.610167],[89.37875341137465,26.61215636790714],[89.37504093714875,26.612845557457014],[89.37213143397693,26.612974820504213],[89.3696229261505,26.613625971019587]]]},"properties":{"id":"277","description":null,"altitudeMode":null,"tessellate":null,"extrude":null,"visibility":null,"drawOrder":null,"icon":null,"AREA":null,"PERIMETER":null,"division":"Jaldapara","beat":"CC Line Beat","range":"Kodalbasti","layer":"Jaldapara_Beats_New","path":"C:\\Users\\user\\Downloads\\Jaldapara_Beats_New.geojson","fill-opacity":null,"stroke-opacity":null,"stroke":null,"SID":null,"DID":null,"RID":null,"BID":null,"State":null,"Beat_Ar":null}},
{"type":"Feature","geometry":{"type":"Polygon","coordinates":[[[89.3696229261505,26.613625971019587],[89.36892225245757,26.61596661914451],[89.36842774842242,26.618238291855338],[89.36783571396319,26.62131913332412],[89.36605482373083,26.630669697358293],[89.36549360775982,26.6338127437093],[89.36485365169185,26.637306706640278],[89.36453763707817,26.639210728084254],[89.3642745853806,26.640835586439586],[89.36374335781555,26.643723420653036],[89.36339158666334,26.64553799219779],[89.3616053505516,26.647240057177683],[89.35977953146448,26.649126961107854],[89.35859464093879,26.650320876369886],[89.35562124651184,26.652793646455645],[89.35630065637,26.654623620381106],[89.35747550205403,26.65684748428249],[89.3585242311448,26.65884909384956],[89.35922242650881,26.660094665833515],[89.35944877596691,26.66175041164544],[89.35967402167407,26.664036580010634],[89.35961937915911,26.666477560386152],[89.36042313723281,26.66842622780176],[89.35855654840238,26.669271945560162],[89.35563734720125,26.67053517473405],[89.35312901912498,26.671613031381984],[89.35174766513121,26.67227727390013],[89.35028127926621,26.67360636904838],[89.34915355942132,26.674760412992253],[89.3468007496846,26.67717976080092],[89.34421920010969,26.67963792430265],[89.34206585019957,26.68157428065853],[89.34233603709235,26.680060058033376],[89.34246648245583,26.677885084692747],[89.34264458170469,26.67488102247199],[89.3428326239971,26.67154279845975],[89.34296119792309,26.669025900354796],[89.34315831193842,26.66453257421643],[89.34331355689771,26.66199520883196],[89.34338934847837,26.660612798854537],[89.34349410182037,26.65821714901612],[89.34360391533376,26.65457463086173],[89.34376241234635,26.653195758522934],[89.3438335570245,26.65151435561021],[89.34395872100012,26.648819342772782],[89.34399304416905,26.647265989182227],[89.3440281138546,26.64553752319784],[89.3444120511404,26.6442816580775],[89.34552149380542,26.6407348265349],[89.3459534018193,26.6393930021878],[89.34634049573543,26.638139194968595],[89.34752662241736,26.636126645350704],[89.34845218519143,26.63507324612419],[89.34890147964472,26.63361688971592],[89.34878180542397,26.63137390902443],[89.34842410523343,26.628963896311035],[89.34880346276601,26.62675588191749],[89.34936821874712,26.624727916870754],[89.34958332652856,26.622933026865773],[89.34966596474102,26.621459944287455],[89.34984283500683,26.619712205012195],[89.35016924073993,26.617451149857978],[89.35066344624109,26.616047305248085],[89.35132862923422,26.614388927399173],[89.35282141811321,26.614017999583865],[89.35539630294932,26.613827020148488],[89.35815663875715,26.613611386629714],[89.36063597921844,26.613422112936373],[89.36518400847787,26.613269514256547],[89.36648167818609,26.61322072166738],[89.3696229261505,26.613625971019587]]]},"properties":{"id":"292","description":null,"altitudeMode":null,"tessellate":null,"extrude":null,"visibility":null,"drawOrder":null,"icon":null,"AREA":null,"PERIMETER":null,"division":"Jaldapara","beat":"Kodalbasti Beat","range":"Kodalbasti","layer":"Jaldapara_Beats_New","path":"C:\\Users\\user\\Downloads\\Jaldapara_Beats_New.geojson","fill-opacity":null,"stroke-opacity":null,"stroke":null,"SID":null,"DID":null,"RID":null,"BID":null,"State":null,"Beat_Ar":null}},
{"type":"Feature","geometry":{"type":"Polygon","coordinates":[[[89.37875341137465,26.61215636790714],[89.38139571676115,26.612692010524867],[89.38314730016577,26.6128411621854],[89.38361940474529,26.61457676194158],[89.38500708752153,26.619402123491735],[89.38604510788933,26.623055400201594],[89.38456398141754,26.625783182213596],[89.38156613457123,26.631124571436075],[89.38040839578062,26.633274079997797],[89.38630586919237,26.63363142034622],[89.38905504724522,26.633932522865138],[89.39119413675795,26.634225082944944],[89.39148373340487,26.63676646923933],[89.39086838596289,26.639987541411607],[89.39054,26.642746],[89.3914545344728,26.644187391423106],[89.39128120104314,26.647368007767362],[89.38827487814407,26.650299304845497],[89.38381629175652,26.65385400048405],[89.38205219245806,26.6555570521997],[89.37924069367752,26.658023895596365],[89.37745583155746,26.658613291014703],[89.37492135645238,26.659517290767624],[89.37121312674233,26.660788570230924],[89.36946853847061,26.662144113428702],[89.36981863084189,26.66393967867994],[89.36828200249093,26.665514313557807],[89.36759635470509,26.66732515959324],[89.36735790857647,26.66902109273667],[89.36720304858622,26.670811388696418],[89.365704493491,26.67023274404751],[89.3641520955036,26.669891024012397],[89.36180304217947,26.669125612630744],[89.36042313723281,26.66842622780176],[89.35961937915911,26.666477560386152],[89.35967402167407,26.664036580010634],[89.35944877596691,26.66175041164544],[89.35922242650881,26.660094665833515],[89.3585242311448,26.65884909384956],[89.35747550205403,26.65684748428249],[89.35630065637,26.654623620381106],[89.35562124651184,26.652793646455645],[89.35859464093879,26.650320876369886],[89.35977953146448,26.649126961107854],[89.3616053505516,26.647240057177683],[89.36339158666334,26.64553799219779],[89.36374335781555,26.643723420653036],[89.3642745853806,26.640835586439586],[89.36453763707817,26.639210728084254],[89.36485365169185,26.637306706640278],[89.36549360775982,26.6338127437093],[89.36605482373083,26.630669697358293],[89.36783571396319,26.62131913332412],[89.36842774842242,26.618238291855338],[89.36892225245757,26.61596661914451],[89.3696229261505,26.613625971019587],[89.37213143397693,26.612974820504213],[89.37504093714875,26.612845557457014],[89.37875341137465,26.61215636790714]]]},"properties":{"id":"307","description":null,"altitudeMode":null,"tessellate":null,"extrude":null,"visibility":null,"drawOrder":null,"icon":null,"AREA":null,"PERIMETER":null,"division":"Jaldapara","beat":"Manthuram Beat","range":"Kodalbasti","layer":"Jaldapara_Beats_New","path":"C:\\Users\\user\\Downloads\\Jaldapara_Beats_New.geojson","fill-opacity":null,"stroke-opacity":null,"stroke":null,"SID":null,"DID":null,"RID":null,"BID":null,"State":null,"Beat_Ar":null}},
{"type":"Feature","geometry":{"type":"Polygon","coordinates":[[[89.2725191036681,26.792123488269752],[89.2735291,26.793083899999985],[89.27455912789684,26.794654416109058],[89.27595688642478,26.79677846429484],[89.277532,26.799162],[89.27771924932014,26.800914285056436],[89.27797490949077,26.803294316656416],[89.27824969999996,26.805992899999957],[89.27830591042436,26.812299485094197],[89.27815472791048,26.816295610491185],[89.27792094589869,26.81950034726181],[89.27738097221629,26.822827428486377],[89.27579807179481,26.827034527104214],[89.27504823230386,26.829188580362555],[89.27337316167375,26.827669570232874],[89.27165143237062,26.825785964089015],[89.26977982302462,26.823792664071615],[89.26871437300974,26.822461589045236],[89.26703358088595,26.820332225808656],[89.26549812868244,26.818320392592636],[89.26458894881993,26.817346944313584],[89.26348772039157,26.816332628074495],[89.26246208426443,26.81546088959949],[89.26009648085359,26.815452461012683],[89.25823273852193,26.8154533005493],[89.25490241859143,26.81568981645696],[89.25370474437793,26.81612864994837],[89.25090173905018,26.81726715518539],[89.24946428846397,26.817585725626174],[89.24717694511875,26.818002266076395],[89.24380427295658,26.818934411047117],[89.24234087804786,26.81924044250267],[89.24065626281148,26.81963614198403],[89.23937629603066,26.82004685547045],[89.23656663329095,26.82038882168713],[89.23459309348239,26.820328989261714],[89.2322789970076,26.819514663198245],[89.23074550348805,26.818331095533303],[89.23002982109061,26.81707507818584],[89.22881821232406,26.816175342932784],[89.22755784789602,26.815090471347418],[89.22705489150154,26.81391464263551],[89.22826807827205,26.81275095455166],[89.22952358766041,26.811970061505168],[89.23046268521765,26.810938104797437],[89.23172801815119,26.809981703474143],[89.23308583306395,26.809686819123694],[89.23441273255575,26.809730561142324],[89.23585153392074,26.80986505596738],[89.23792383464544,26.810122428477083],[89.2397051724904,26.81007292088972],[89.24158010673507,26.809782367563166],[89.24333022756288,26.809047932249623],[89.24384208843657,26.807859392368975],[89.24380933802894,26.806284934094375],[89.24416434105423,26.80469978201278],[89.24533467456273,26.8035488562738],[89.24572042759011,26.802220629830035],[89.24697598879162,26.802502081192607],[89.24794671957982,26.801675319989197],[89.24909532023041,26.800376832516097],[89.2496199220666,26.798677662604835],[89.2504434294472,26.797508089874704],[89.25127818938037,26.796311948964206],[89.25150462459212,26.794911325460273],[89.25181344798119,26.793052136224908],[89.25371572217296,26.791974877810258],[89.25386833434972,26.789428731571967],[89.25396481516373,26.78793554173601],[89.25357064499167,26.786211580984702],[89.25341167641861,26.78329529862821],[89.25333281677695,26.781542097482884],[89.25200700521685,26.781532773994325],[89.24914552864685,26.78146480195424],[89.25036839327312,26.779787060304276],[89.25143737471578,26.778720109240687],[89.25294593406397,26.778194901469725],[89.25433226786151,26.77709867024908],[89.2576075,26.776763500000015],[89.26111962230613,26.777026388573415],[89.26198479999996,26.777989500000025],[89.26318057531944,26.779044925921884],[89.265075,26.780717],[89.26730272154637,26.78383465272222],[89.269147,26.786398],[89.26937309198848,26.790138944433643],[89.2701837946565,26.792031860602698],[89.2725191036681,26.792123488269752]]]},"properties":{"id":"322","description":null,"altitudeMode":null,"tessellate":null,"extrude":null,"visibility":null,"drawOrder":null,"icon":null,"AREA":null,"PERIMETER":null,"division":"Jaldapara","beat":"Lankapara Beat","range":"Lankapara","layer":"Jaldapara_Beats_New","path":"C:\\Users\\user\\Downloads\\Jaldapara_Beats_New.geojson","fill-opacity":null,"stroke-opacity":null,"stroke":null,"SID":null,"DID":null,"RID":null,"BID":null,"State":null,"Beat_Ar":null}},
{"type":"Feature","geometry":{"type":"Polygon","coordinates":[[[89.3171829852786,26.780429874129112],[89.31771918555478,26.782904563302516],[89.31813884536852,26.784434450568188],[89.31896425347475,26.787435213986647],[89.31970154068176,26.790306464614304],[89.31980177145114,26.796980326258872],[89.32003997615244,26.79833287704935],[89.32078516477426,26.79989006262246],[89.32172957765479,26.801818198868947],[89.32234394827921,26.803159131543],[89.32143445911167,26.804159698346012],[89.32143366666664,26.806019866666634],[89.3240833,26.807678299999964],[89.326088,26.808152],[89.3297742984667,26.81103197719307],[89.331998,26.812797],[89.33372001908067,26.819261251812325],[89.33421629371584,26.821369767439666],[89.33497110321545,26.825881339615602],[89.33644344593671,26.8321128705228],[89.33689832228139,26.834007352246562],[89.33788268415829,26.838490354472892],[89.33857885000006,26.84273125],[89.33941264337867,26.843941040064216],[89.34158197959945,26.846385072131522],[89.34329987202315,26.848002539515285],[89.34520364268985,26.849804280121774],[89.33918709872327,26.848382471038327],[89.3359271678129,26.847533711306053],[89.33090845846017,26.846313461798836],[89.32795526742864,26.844989693545422],[89.32772463195303,26.841588734759096],[89.32652223236823,26.83860776629227],[89.32405175136599,26.833663703226655],[89.32371666666667,26.83226666666667],[89.32331666666667,26.83135],[89.32311666666666,26.83101666666667],[89.32303383562348,26.830462131136542],[89.32110627013888,26.825891491366864],[89.31974727418667,26.82285262322565],[89.31951085185099,26.82149487981346],[89.3175820417614,26.821158150456263],[89.31613403648154,26.821149845444562],[89.31376427794893,26.822080346799996],[89.31156149449525,26.823578201161872],[89.3094974405711,26.82507557100377],[89.30694261887487,26.82675621013954],[89.30538540831392,26.826529848649276],[89.30247646269434,26.827287935316406],[89.30080382330166,26.827557396434003],[89.30052844762544,26.829021105723687],[89.29869229625557,26.83042264532353],[89.29747387031667,26.830802986417705],[89.29520977614719,26.831691245850646],[89.2915904461187,26.83331066081322],[89.28989193163888,26.83410072630305],[89.28838314471477,26.83448104453116],[89.28653399593348,26.834534075398945],[89.28452859072208,26.833788949734487],[89.28114582109792,26.831578283718553],[89.27830504333264,26.83003651997006],[89.27636181083604,26.82964312473634],[89.27504823230386,26.829188580362555],[89.27579807179481,26.827034527104214],[89.27738097221629,26.822827428486377],[89.27792094589869,26.81950034726181],[89.27815472791048,26.816295610491185],[89.27830591042436,26.812299485094197],[89.27824969999996,26.805992899999957],[89.27797490949077,26.803294316656416],[89.27771924932014,26.800914285056436],[89.277532,26.799162],[89.27595688642478,26.79677846429484],[89.27455912789684,26.794654416109058],[89.2735291,26.793083899999985],[89.2725191036681,26.792123488269752],[89.2743258498087,26.79206906990527],[89.27910503713903,26.792157999536307],[89.2845218735565,26.79234744341538],[89.28935797479721,26.792555012558143],[89.29156406093622,26.792664497307854],[89.29618922105459,26.792932848574928],[89.29830793035094,26.79300355039435],[89.2988231450328,26.795924871160885],[89.29978509881406,26.797258404013206],[89.30373976702687,26.796169963491316],[89.30793926184099,26.797736947775423],[89.31043194166895,26.799178329856314],[89.31165016184097,26.79985279007208],[89.31300545399255,26.80151354097217],[89.31594233527605,26.8046448133397],[89.31542731828478,26.802085319620865],[89.31310150803239,26.797294109678564],[89.31019457872596,26.79072849065624],[89.3073769350768,26.78537490197525],[89.30439444665045,26.782854376839087],[89.3061850700028,26.782665896813455],[89.30882628354284,26.78181600984261],[89.31455609999998,26.780479900000024],[89.3171829852786,26.780429874129112]]]},"properties":{"id":"337","description":null,"altitudeMode":null,"tessellate":null,"extrude":null,"visibility":null,"drawOrder":null,"icon":null,"AREA":null,"PERIMETER":null,"division":"Jaldapara","beat":"Hollapara Beat","range":"Lankapara","layer":"Jaldapara_Beats_New","path":"C:\\Users\\user\\Downloads\\Jaldapara_Beats_New.geojson","fill-opacity":null,"stroke-opacity":null,"stroke":null,"SID":null,"DID":null,"RID":null,"BID":null,"State":null,"Beat_Ar":null}},
{"type":"Feature","geometry":{"type":"Polygon","coordinates":[[[89.29830793035094,26.79300355039435],[89.29618922105459,26.792932848574928],[89.29156406093622,26.792664497307854],[89.28935797479721,26.792555012558143],[89.2845218735565,26.79234744341538],[89.27910503713903,26.792157999536307],[89.2743258498087,26.79206906990527],[89.2725191036681,26.792123488269752],[89.2701837946565,26.792031860602698],[89.26937309198848,26.790138944433643],[89.269147,26.786398],[89.26730272154637,26.78383465272222],[89.265075,26.780717],[89.26318057531944,26.779044925921884],[89.26198479999996,26.777989500000025],[89.26111962230613,26.777026388573415],[89.2576075,26.776763500000015],[89.25433226786151,26.77709867024908],[89.25485526260209,26.77470726601551],[89.25673023924138,26.770773161846144],[89.2574719001965,26.767796280596016],[89.2577775412726,26.766532706582062],[89.25848789621566,26.763543894075774],[89.25934713576201,26.760315565509522],[89.26040110580489,26.75667671939798],[89.26081194055378,26.755044035312363],[89.26224875130345,26.752085803103746],[89.26604326829936,26.74950022139057],[89.26773250862671,26.74836741457706],[89.26850264546553,26.746438740467486],[89.27074944663465,26.747151990394517],[89.27286471541781,26.74781443220952],[89.27452993492996,26.748323687607993],[89.27681425315492,26.748952806086727],[89.27990380759512,26.74985484364906],[89.28068565778372,26.75123392649405],[89.28197244541829,26.7537425333673],[89.28346166338333,26.756713739090536],[89.28453784572896,26.758856595999607],[89.28573290232949,26.76002630281821],[89.28611699029955,26.76366512293508],[89.287493995129,26.76915642788255],[89.28926828023974,26.772497414415135],[89.29007581873306,26.774146487493137],[89.29144896385307,26.77688742379462],[89.2922117609478,26.778577841984045],[89.29298074968227,26.780449863215765],[89.29513877454676,26.78282531081732],[89.2966564970626,26.784540659645188],[89.2978151272242,26.78932022130755],[89.29825639140353,26.791054898029635],[89.29830793035094,26.79300355039435]]]},"properties":{"id":"352","description":null,"altitudeMode":null,"tessellate":null,"extrude":null,"visibility":null,"drawOrder":null,"icon":null,"AREA":null,"PERIMETER":null,"division":"Jaldapara","beat":"Bhagatjote Beat","range":"Lankapara","layer":"Jaldapara_Beats_New","path":"C:\\Users\\user\\Downloads\\Jaldapara_Beats_New.geojson","fill-opacity":null,"stroke-opacity":null,"stroke":null,"SID":null,"DID":null,"RID":null,"BID":null,"State":null,"Beat_Ar":null}},
{"type":"Feature","geometry":{"type":"Polygon","coordinates":[[[89.23347751211165,26.645590780796972],[89.23447159717986,26.64771136941501],[89.23490313848949,26.649042733817467],[89.23381191415059,26.650449944098302],[89.23466973246111,26.65286611217032],[89.23265643337393,26.653315931294756],[89.23373953338236,26.6546402022846],[89.23394059773251,26.65593111888275],[89.2336703150616,26.65733480411098],[89.23300215000002,26.6586792],[89.2342161021906,26.659730188439294],[89.23562876340705,26.659851103710157],[89.23781894035832,26.659477785165013],[89.23944268220623,26.660560377520596],[89.24040341557962,26.662211592741418],[89.24138667892912,26.664725829633433],[89.24258517704259,26.666083396275113],[89.24381782856237,26.667419796903406],[89.24470890125684,26.668589111224687],[89.2461082110448,26.66969323629455],[89.24824388387894,26.669544970765806],[89.24835968356984,26.671083297180413],[89.24869531698512,26.672545786822514],[89.25072892869872,26.67399334238966],[89.25228760458006,26.675170386706963],[89.25410546029482,26.676592516966117],[89.25596455352591,26.678657499427587],[89.2572,26.681748],[89.259454,26.685632],[89.26304958113559,26.688691557150605],[89.26356203644737,26.691390158572663],[89.26252012660372,26.695242554344116],[89.26025333215505,26.695737440286297],[89.25740201160613,26.696930981889803],[89.255438,26.69756],[89.25425267065091,26.696818969488493],[89.25284137037701,26.695513746403503],[89.25253138663852,26.692636808493024],[89.25201157856043,26.6914410242923],[89.25043355648644,26.690664099606646],[89.2487192199951,26.689638209118442],[89.24654788117914,26.68881900066164],[89.24424315221991,26.68800470840588],[89.24129961338998,26.687322485521385],[89.23893890561877,26.68556098537999],[89.2396288413982,26.684439012995302],[89.23899956142866,26.682744593418033],[89.23860705549832,26.67989887822885],[89.24056889830351,26.678194839162465],[89.24001392232198,26.675346206310728],[89.23866757922124,26.672334593888884],[89.23820629112045,26.670773505209404],[89.23649036019314,26.670707218711247],[89.23429284635452,26.670017668374506],[89.23230344231249,26.669159237054078],[89.23129553778918,26.667791041378123],[89.23123316482007,26.66602654534013],[89.22972768539842,26.663171821800972],[89.22823589593037,26.661563621252775],[89.22742901012953,26.660306445456065],[89.22679941640438,26.659010345388882],[89.22564770095461,26.657481610073656],[89.22351711729861,26.657023283114782],[89.22348875435685,26.655372898523392],[89.22438105943236,26.654133350699365],[89.22398813472999,26.652662787329533],[89.22206809849243,26.65197634617779],[89.22068401372954,26.651182154076285],[89.2191857433226,26.65064250260886],[89.21784745433106,26.64944181096284],[89.21717522711246,26.647721185952282],[89.21727321441003,26.64589769176499],[89.21565831476873,26.645118882406564],[89.2168105183935,26.64409063963466],[89.21596126214781,26.642323596012478],[89.21446209429058,26.64200665322464],[89.21331645997375,26.640681549548432],[89.21264029319119,26.63920590885746],[89.21167558705311,26.637616155035364],[89.21421704367816,26.63674934445889],[89.21606676029599,26.636281985285752],[89.21831826286046,26.635800806291236],[89.21956962889153,26.636247253989513],[89.22087597646166,26.63683095521793],[89.22221926818652,26.637553044062383],[89.2235332854816,26.63838313986994],[89.22464970628575,26.639300793260016],[89.2256869751187,26.6403853602485],[89.22650450601573,26.6414637943761],[89.22739563199079,26.64272670044187],[89.22865396869726,26.644354077246472],[89.23091337120138,26.645472134785912],[89.23347751211165,26.645590780796972]]]},"properties":{"id":"367","description":null,"altitudeMode":null,"tessellate":null,"extrude":null,"visibility":null,"drawOrder":null,"icon":null,"AREA":null,"PERIMETER":null,"division":"Jaldapara","beat":"North Khairbari Beat","range":"Madarihat","layer":"Jaldapara_Beats_New","path":"C:\\Users\\user\\Downloads\\Jaldapara_Beats_New.geojson","fill-opacity":null,"stroke-opacity":null,"stroke":null,"SID":null,"DID":null,"RID":null,"BID":null,"State":null,"Beat_Ar":null}},
{"type":"Feature","geometry":{"type":"Polygon","coordinates":[[[89.2317531382244,26.721629887561164],[89.23145299889262,26.723536150224973],[89.23032242870768,26.724244889115038],[89.22803646616363,26.726203681032594],[89.22673359631553,26.72817415862773],[89.22598306302943,26.731146381472907],[89.22307078657637,26.732674308820307],[89.22127160976261,26.736261400016208],[89.22094184049695,26.7390853535514],[89.21107168065124,26.74036614756056],[89.20516776606958,26.740987335349235],[89.1946945334009,26.74275801605645],[89.19217189750819,26.742782730712992],[89.19198433192877,26.741317633662646],[89.19270867340659,26.73932940586638],[89.19294611258051,26.73736839124751],[89.19229921823104,26.73570323092384],[89.19150997058514,26.734551712512015],[89.1902733,26.733499400000042],[89.19005011301343,26.73143094984062],[89.19061217543971,26.730062478055576],[89.1912645323142,26.72884044337182],[89.19195019136266,26.72730702144052],[89.19275896478663,26.72491234322613],[89.19355255100159,26.72261004994451],[89.19324379245913,26.720981491041844],[89.19286153076784,26.718904042107276],[89.19251188626853,26.717405217713612],[89.19233483057657,26.71563381914152],[89.19355513958125,26.714251835913664],[89.19524219053024,26.711982124444404],[89.19520015872251,26.70898475054803],[89.19869129493863,26.70864957580567],[89.1999382121308,26.70769984521541],[89.20172411485134,26.705589732752248],[89.20374617843797,26.703077912721344],[89.20462574442877,26.701903094578753],[89.2054540215759,26.7003744652384],[89.20657967324226,26.697731158158337],[89.20780352103276,26.69845587335144],[89.20895123886393,26.699138776771917],[89.21059370807932,26.69990052128463],[89.21204317420253,26.7011815942018],[89.21370567786039,26.702297100772824],[89.21575797064241,26.70360653962475],[89.21703010219238,26.704782240638718],[89.21788499635318,26.705760041738007],[89.21980799581098,26.707776616640448],[89.22104600353629,26.708524769202217],[89.22290876619775,26.709647771404914],[89.2252211703341,26.711487095461887],[89.22622959003073,26.71279577601701],[89.22676617981836,26.715354320344257],[89.22799153378465,26.71828016030621],[89.22827315985636,26.719635164165638],[89.2301293993543,26.720487549106046],[89.23186814899047,26.71993151076774],[89.2317531382244,26.721629887561164]]]},"properties":{"id":"382","description":null,"altitudeMode":null,"tessellate":null,"extrude":null,"visibility":null,"drawOrder":null,"icon":null,"AREA":null,"PERIMETER":null,"division":"Jaldapara","beat":"Dhumchi Beat","range":"Madarihat","layer":"Jaldapara_Beats_New","path":"C:\\Users\\user\\Downloads\\Jaldapara_Beats_New.geojson","fill-opacity":null,"stroke-opacity":null,"stroke":null,"SID":null,"DID":null,"RID":null,"BID":null,"State":null,"Beat_Ar":null}},
{"type":"Feature","geometry":{"type":"Polygon","coordinates":[[[89.21167558705311,26.637616155035364],[89.21052404410668,26.636863633593137],[89.20833014199106,26.635035957683854],[89.2074389597436,26.63309894379519],[89.20823066532158,26.630877540977142],[89.20694847349962,26.62961643379748],[89.20567186861604,26.628584735342102],[89.20448849332628,26.627026432276494],[89.20482181168622,26.624736953057575],[89.2037157917917,26.622737565860614],[89.20316199834149,26.621135399673783],[89.20423562246275,26.620345132502525],[89.20605660843337,26.620086729330332],[89.20536462635268,26.61893423361325],[89.20468805826437,26.616043301408336],[89.20479854800368,26.61388501256762],[89.20154639568877,26.613977260524894],[89.19847175635452,26.613348948134956],[89.19643821587123,26.613759290716114],[89.19500547042344,26.611174905807903],[89.19394719873635,26.607588771757122],[89.19483091559489,26.605946338826662],[89.196724609826,26.604261197485084],[89.19414939420872,26.60345207813392],[89.19154645375656,26.60298723848679],[89.1903092214715,26.60044842831332],[89.19007978202805,26.598084212776023],[89.19239149888705,26.59706739172058],[89.1937871047064,26.59633205858886],[89.19512265417166,26.59528347724142],[89.19587672730367,26.594133608040675],[89.19651936914751,26.59298867883661],[89.19563925267714,26.59157859053715],[89.19444581380878,26.590717628699327],[89.19313140762506,26.589531695991646],[89.1925045279624,26.587892921912097],[89.19339394174591,26.5867889062715],[89.19468722579083,26.586837966921532],[89.19649481718153,26.586617253258808],[89.1984139395025,26.586443996887247],[89.19935086427476,26.5874727022453],[89.19936476745656,26.588933751145298],[89.19895707512262,26.590872973803663],[89.1991822693752,26.592331023915687],[89.20044497816873,26.593687349684007],[89.20129204236503,26.595687728774113],[89.20287843920434,26.59670123952677],[89.20474752239141,26.59729590667527],[89.20697723029426,26.596865425302678],[89.20817356141438,26.598591820567023],[89.20945709827696,26.600105564298364],[89.21009454129089,26.60145800153905],[89.21058620408101,26.603180490611493],[89.21121471580642,26.60485982748683],[89.21259383344287,26.606309488873585],[89.21270849794192,26.608321308886566],[89.21208726389887,26.60951418673986],[89.21146475418657,26.610629341815788],[89.2123984773203,26.6115371363214],[89.21417780965751,26.612433021889796],[89.21521635291042,26.61420331029775],[89.21580413478044,26.61613930549968],[89.2164805940263,26.61796198475867],[89.21744562555921,26.619870834327035],[89.21851131332258,26.622651413147917],[89.22008338117224,26.62280292992189],[89.22160823087715,26.62350965317905],[89.22172946204537,26.625295708376566],[89.22072841991272,26.62660045603155],[89.22093153052673,26.62801908765741],[89.22277028048659,26.62804249362018],[89.22530485769771,26.628064438555914],[89.22709615346187,26.629845954745594],[89.22725320580092,26.63219186737277],[89.2272253262316,26.634523135656433],[89.228552,26.635496],[89.22873822183684,26.63744308520321],[89.22958659815689,26.63930421050055],[89.23036966168823,26.640527587449274],[89.23279451999713,26.640872512647277],[89.23319805023436,26.642654168006434],[89.23347751211165,26.645590780796972],[89.23091337120138,26.645472134785912],[89.22865396869726,26.644354077246472],[89.22739563199079,26.64272670044187],[89.22650450601573,26.6414637943761],[89.2256869751187,26.6403853602485],[89.22464970628575,26.639300793260016],[89.2235332854816,26.63838313986994],[89.22221926818652,26.637553044062383],[89.22087597646166,26.63683095521793],[89.21956962889153,26.636247253989513],[89.21831826286046,26.635800806291236],[89.21606676029599,26.636281985285752],[89.21421704367816,26.63674934445889],[89.21167558705311,26.637616155035364]]]},"properties":{"id":"397","description":null,"altitudeMode":null,"tessellate":null,"extrude":null,"visibility":null,"drawOrder":null,"icon":null,"AREA":null,"PERIMETER":null,"division":"Jaldapara","beat":"South Khairbari Beat","range":"Madarihat","layer":"Jaldapara_Beats_New","path":"C:\\Users\\user\\Downloads\\Jaldapara_Beats_New.geojson","fill-opacity":null,"stroke-opacity":null,"stroke":null,"SID":null,"DID":null,"RID":null,"BID":null,"State":null,"Beat_Ar":null}},
{"type":"Feature","geometry":{"type":"Polygon","coordinates":[[[89.3171829852786,26.780429874129112],[89.31455609999998,26.780479900000024],[89.30882628354284,26.78181600984261],[89.3061850700028,26.782665896813455],[89.30439444665045,26.782854376839087],[89.3026199309542,26.782125923656068],[89.30146653434157,26.78154099317486],[89.3000237055502,26.78081222756567],[89.29894878844625,26.77999982355174],[89.29784713057047,26.778618144909753],[89.29710968497433,26.775569944908543],[89.29686871776806,26.772865753539403],[89.29661601668072,26.770873610550343],[89.29584905086621,26.768851152108734],[89.29423116212217,26.765549735259945],[89.2924747727301,26.761719761493367],[89.28973086755389,26.758563313868493],[89.28799406675638,26.75919951947642],[89.28573290232949,26.76002630281821],[89.28453784572896,26.758856595999607],[89.28346166338333,26.756713739090536],[89.28197244541829,26.7537425333673],[89.28068565778372,26.75123392649405],[89.27990380759512,26.74985484364906],[89.27681425315492,26.748952806086727],[89.27452993492996,26.748323687607993],[89.27286471541781,26.74781443220952],[89.27074944663465,26.747151990394517],[89.26850264546553,26.746438740467486],[89.26962543449955,26.745037940510656],[89.27167691195271,26.744265753876732],[89.27393851742308,26.743916539110117],[89.27519167376542,26.742892665777422],[89.27700877194508,26.741694549738597],[89.28408713870873,26.742379538055154],[89.29044160000002,26.742859],[89.29379365,26.74378754999997],[89.30194795721647,26.7445739093258],[89.30325849678462,26.745145726869783],[89.30517246343113,26.74562424753936],[89.30844415375832,26.7455915185069],[89.3087875850523,26.747163675572764],[89.3087233896053,26.75014887854851],[89.30995271167531,26.75210004514498],[89.31068428769561,26.753311008132822],[89.31072576550204,26.754732614939584],[89.31072843658406,26.756455542970052],[89.31076652083182,26.75884738065725],[89.31116157181485,26.76062236410565],[89.31180370634334,26.762447042087782],[89.3130952178203,26.7660336551275],[89.31399102055833,26.769167570141665],[89.31541334844597,26.774457394710442],[89.3165744583828,26.778666637851416],[89.3171829852786,26.780429874129112]]]},"properties":{"id":"412","description":null,"altitudeMode":null,"tessellate":null,"extrude":null,"visibility":null,"drawOrder":null,"icon":null,"AREA":null,"PERIMETER":null,"division":"Jaldapara","beat":"Titi Beat","range":"Nilpara","layer":"Jaldapara_Beats_New","path":"C:\\Users\\user\\Downloads\\Jaldapara_Beats_New.geojson","fill-opacity":null,"stroke-opacity":null,"stroke":null,"SID":null,"DID":null,"RID":null,"BID":null,"State":null,"Beat_Ar":null}},
{"type":"Feature","geometry":{"type":"Polygon","coordinates":[[[89.33717559989327,26.777139752155048],[89.33514221067547,26.777128396981624],[89.33368986327847,26.777266443511387],[89.326947762515,26.778437534407644],[89.32582076861804,26.779139412694423],[89.32100844912111,26.779446602426653],[89.31923850531155,26.779735015205645],[89.3171829852786,26.780429874129112],[89.3165744583828,26.778666637851416],[89.31541334844597,26.774457394710442],[89.31399102055833,26.769167570141665],[89.3130952178203,26.7660336551275],[89.31180370634334,26.762447042087782],[89.31116157181485,26.76062236410565],[89.31076652083182,26.75884738065725],[89.31072843658406,26.756455542970052],[89.31072576550204,26.754732614939584],[89.31068428769561,26.753311008132822],[89.30995271167531,26.75210004514498],[89.3087233896053,26.75014887854851],[89.3087875850523,26.747163675572764],[89.30844415375832,26.7455915185069],[89.31156061796386,26.745479344294846],[89.3148219973395,26.745342034207457],[89.31793736952355,26.74403483528626],[89.31920865760092,26.7435952307057],[89.32060569911683,26.742973613744685],[89.32408963146406,26.741381462621742],[89.32794699834251,26.739502385425233],[89.32869040460963,26.741524248631514],[89.32907278442109,26.743998990210198],[89.32907265697122,26.74645919115805],[89.32924656040225,26.74832922983556],[89.33040479771924,26.750513932312796],[89.33130979894725,26.751963004146166],[89.33211697031014,26.753546122832265],[89.3327085285672,26.75607435815656],[89.33276028235431,26.75735359391939],[89.33309887266708,26.75886761977723],[89.33363204653249,26.761054642906583],[89.33575173912922,26.762862620491916],[89.33601469587352,26.76441902042041],[89.33521768248295,26.766513263712348],[89.33561810319225,26.767974728917913],[89.33646221069863,26.769491806333605],[89.33633779052491,26.77114205779833],[89.33610621321434,26.773038926890262],[89.33642560439388,26.7746611901769],[89.33717559989327,26.777139752155048]]]},"properties":{"id":"427","description":null,"altitudeMode":null,"tessellate":null,"extrude":null,"visibility":null,"drawOrder":null,"icon":null,"AREA":null,"PERIMETER":null,"division":"Jaldapara","beat":"Nilpara","range":"Nilpara","layer":"Jaldapara_Beats_New","path":"C:\\Users\\user\\Downloads\\Jaldapara_Beats_New.geojson","fill-opacity":null,"stroke-opacity":null,"stroke":null,"SID":null,"DID":null,"RID":null,"BID":null,"State":null,"Beat_Ar":null}},
{"type":"Feature","geometry":{"type":"Polygon","coordinates":[[[89.33717559989327,26.777139752155048],[89.33987803883728,26.786045501317528],[89.34170774265188,26.79160322781459],[89.34377768374178,26.79429588858743],[89.34420278682998,26.798260165747482],[89.34439021201567,26.801168203165997],[89.34433968918681,26.80307391937439],[89.34475444804198,26.807266586937388],[89.34574203075803,26.810200574642355],[89.34899342142576,26.813556474920556],[89.35017165662822,26.81690961642759],[89.35132787019383,26.820127960050392],[89.35278842575903,26.822855809216232],[89.354502016565,26.824150121207772],[89.35600055521655,26.82546956668163],[89.35703667857567,26.82635909846],[89.35826006115038,26.834291716087392],[89.36123397507137,26.837200786150188],[89.36572658684321,26.842434308671496],[89.36698050421076,26.843813192865255],[89.36899759229665,26.84610600925214],[89.37111849999998,26.849803799999965],[89.37027035197323,26.85135080628224],[89.37148329999997,26.85319230000002],[89.37193390000003,26.855030100000025],[89.3725777,26.85711670000001],[89.37272785,26.85854284999997],[89.3728566,26.860103],[89.37151765861991,26.85916916717072],[89.36899095964746,26.858750505927713],[89.36525016663975,26.857413424692915],[89.3608968982832,26.855741205713805],[89.35917001284757,26.855096626564638],[89.34918731851978,26.85127060621521],[89.34670475880998,26.850335854323763],[89.34520364268985,26.849804280121774],[89.34329987202315,26.848002539515285],[89.34158197959945,26.846385072131522],[89.33941264337867,26.843941040064216],[89.33857885000006,26.84273125],[89.33788268415829,26.838490354472892],[89.33689832228139,26.834007352246562],[89.33644344593671,26.8321128705228],[89.33497110321545,26.825881339615602],[89.33421629371584,26.821369767439666],[89.33372001908067,26.819261251812325],[89.331998,26.812797],[89.3297742984667,26.81103197719307],[89.326088,26.808152],[89.3240833,26.807678299999964],[89.32143366666664,26.806019866666634],[89.32143445911167,26.804159698346012],[89.32234394827921,26.803159131543],[89.32172957765479,26.801818198868947],[89.32078516477426,26.79989006262246],[89.32003997615244,26.79833287704935],[89.31980177145114,26.796980326258872],[89.31970154068176,26.790306464614304],[89.31896425347475,26.787435213986647],[89.31813884536852,26.784434450568188],[89.31771918555478,26.782904563302516],[89.3171829852786,26.780429874129112],[89.31923850531155,26.779735015205645],[89.32100844912111,26.779446602426653],[89.32582076861804,26.779139412694423],[89.326947762515,26.778437534407644],[89.33368986327847,26.777266443511387],[89.33514221067547,26.777128396981624],[89.33717559989327,26.777139752155048]]]},"properties":{"id":"442","description":null,"altitudeMode":null,"tessellate":null,"extrude":null,"visibility":null,"drawOrder":null,"icon":null,"AREA":null,"PERIMETER":null,"division":"Jaldapara","beat":"Dalsingpara","range":"Nilpara","layer":"Jaldapara_Beats_New","path":"C:\\Users\\user\\Downloads\\Jaldapara_Beats_New.geojson","fill-opacity":null,"stroke-opacity":null,"stroke":null,"SID":null,"DID":null,"RID":null,"BID":null,"State":null,"Beat_Ar":null}},
{"type":"Feature","geometry":{"type":"Polygon","coordinates":[[[89.850559876577,26.5672591413813],[89.8511411652437,26.5678990160612],[89.8520458825586,26.5688287879739],[89.8528850154886,26.5700487232818],[89.8539184505892,26.5704565449871],[89.8554691071576,26.5707487686745],[89.8571502803718,26.5709823108383],[89.8582483547239,26.5717967225866],[89.8588922847999,26.5727264694149],[89.8592785883769,26.5747584691059],[89.8597275112723,26.5770236941149],[89.8597902127958,26.5791143434134],[89.8597881300336,26.5807400031464],[89.8597867535908,26.5818470865588],[89.8591389006852,26.5820749390049],[89.8555829644409,26.5835809209243],[89.853382985505,26.5846239013474],[89.8515699016616,26.585202461231],[89.8486601166208,26.585837838436],[89.8455591823406,26.5866473665568],[89.8375186982169,26.5768278631799],[89.8361222858181,26.5757250025279],[89.8375081439503,26.5754908249421],[89.8394314436716,26.5748642118601],[89.8415348830734,26.5729006064711],[89.8432874700695,26.5705442016449],[89.8459145910505,26.5672450381547],[89.8477347843665,26.5657614205064],[89.848354017095,26.5652566780784],[89.848803792389,26.5648893305298],[89.8498554733937,26.5629251748018],[89.8498567599701,26.5619813554258],[89.8470976922793,26.5609490355111],[89.8465659083646,26.5607509337155],[89.847013876667,26.5598811182288],[89.8479862047067,26.5589531723357],[89.849086494502,26.5581414275158],[89.8498633792587,26.5569808335965],[89.8507054897329,26.5559366934499],[89.8514164080657,26.5553569923703],[89.851934253235,26.554602713848],[89.8520005215396,26.5539061952434],[89.8516779793241,26.5530348288451],[89.8508384652054,26.552220659743],[89.8499987971627,26.5515229469671],[89.8494206470892,26.5504772454722],[89.8493564488675,26.5496642704215],[89.8494225677245,26.5490258429727],[89.8499402292342,26.5483877519697],[89.8507170304145,26.5474017047802],[89.8516209494058,26.5468795577904],[89.8525273711645,26.5464743965518],[89.8536265120191,26.5463013320707],[89.8545320857607,26.5464184053718],[89.8558244410327,26.5463618045435],[89.8561489829347,26.545723108114],[89.8561503106411,26.5447358625222],[89.856085909874,26.5439809831543],[89.8556348937173,26.5435162296769],[89.8549225680904,26.5433413758652],[89.8533072012119,26.5430491270443],[89.850788311777,26.5428720961484],[89.8487191256901,26.5423474155096],[89.847944626608,26.5417080572263],[89.8477549226799,26.5410670281201],[89.8476874001335,26.5408369581477],[89.8476888029335,26.539849708208],[89.8480139201045,26.5387468728588],[89.8484668191498,26.5378183372043],[89.8496966904446,26.5375291225977],[89.851181835434,26.5375306900431],[89.8526044012247,26.5375902992139],[89.8544123857267,26.5382889293137],[89.8557692263936,26.5386970498288],[89.8568679520568,26.5388725019606],[89.8573850263689,26.5386988231312],[89.8579681637528,26.5378864310507],[89.8580343959197,26.5371318216227],[89.8575807223657,26.5367246327305],[89.8566782388439,26.5362014771929],[89.8550634688289,26.5355023319562],[89.8537720877513,26.5349788648672],[89.8526088606691,26.5342227724458],[89.8518348942588,26.5333510703706],[89.8517712067423,26.5321895542134],[89.8520308520356,26.5312607014312],[89.852032064006,26.5303318252369],[89.8519053056761,26.5294607280682],[89.851259173663,26.528647139663],[89.8503551456602,26.5274266090969],[89.8499047465084,26.5265552013891],[89.8499057932217,26.5258003114691],[89.8503581047953,26.5252781202584],[89.8509405441731,26.5249304780675],[89.8519116866369,26.5247574055982],[89.8537862260817,26.524294534818],[89.8554929923471,26.5236578665146],[89.8563709583651,26.5236588350593],[89.8584383220905,26.5234285672209],[89.8600591902752,26.5232621894912],[89.8603147109542,26.5235879293081],[89.8622240478187,26.5253095955203],[89.8623494928948,26.5272587257676],[89.8637491630495,26.5294379236098],[89.8648942969792,26.5305858378092],[89.8643830283813,26.5321902546925],[89.8659093930706,26.5334524470004],[89.8675647969803,26.5358614497063],[89.8671813428561,26.5375809399972],[89.8638641104961,26.5398706837453],[89.8632182035088,26.540853110353],[89.8625847082711,26.541818170954],[89.8634765120344,26.5429654564075],[89.8648779660885,26.5437693719864],[89.8660219489499,26.5459484984405],[89.8674245496204,26.5459498464126],[89.8690818384897,26.5469835620197],[89.868568038655,26.5487025096778],[89.8678651036779,26.5511091570788],[89.8679905137485,26.5532302814526],[89.8688802685976,26.5562115706296],[89.8686213586623,26.5586763998272],[89.8695208982844,26.5597564240276],[89.867507879405,26.5602230290335],[89.8659267626228,26.5603571255256],[89.8632888899839,26.5607610854835],[89.8613286220766,26.5610974837135],[89.8596721964884,26.5611636925189],[89.8587688486309,26.5611628051278],[89.8577115879467,26.5617713146743],[89.8562049017673,26.5625827865808],[89.8540176974284,26.5636639467386],[89.8510795042063,26.5652189926162],[89.8506386906913,26.5655932014242],[89.8500907077964,26.5660583818432],[89.8495035595189,26.5665568034266],[89.8488719162984,26.567092988992],[89.8490091069248,26.5671414117421],[89.8494610731193,26.5669099500775],[89.8501735429914,26.5670851053628],[89.850559876577,26.5672591413813]]]},"properties":{"id":null,"description":null,"altitudeMode":null,"tessellate":null,"extrude":null,"visibility":null,"drawOrder":null,"icon":null,"AREA":null,"PERIMETER":null,"division":"BuxaTR_EAST","beat":"Balapara","range":"Bholka","layer":"master","path":"C:/Users/user/OneDrive/Desktop/Buxaroad/master.geojson","fill-opacity":0,"stroke-opacity":1,"stroke":"#ff0000","SID":"028","DID":"003","RID":"001","BID":"001","State":"West_Bengal","Beat_Ar":9.23929}},
{"type":"Feature","geometry":{"type":"Polygon","coordinates":[[[89.8227862687242,26.5231552279348],[89.8227387144617,26.5230633441816],[89.8226612028418,26.5229114981617],[89.8226620501261,26.5223407422798],[89.8228547154162,26.5210794795126],[89.8234321682131,26.5193034561882],[89.8239444724096,26.5173551238439],[89.8246521771187,26.5139743225792],[89.8251641244674,26.5123127734482],[89.8255484670536,26.5103068573201],[89.8260634376844,26.5082439964999],[89.8263192182626,26.5067540734258],[89.8267057834171,26.5049201390392],[89.8270890346482,26.50365924762],[89.8280804160767,26.5016274945056],[89.8287201299035,26.4983504728578],[89.8292455410772,26.4975645957137],[89.8351897108748,26.4975719406327],[89.8385106139119,26.4974186071513],[89.8419816403562,26.4975269154429],[89.8418701508445,26.4982319153826],[89.841992842191,26.5001811204041],[89.842253223494,26.5004154707317],[89.8437762731927,26.5017879488362],[89.8461946066769,26.5032810666275],[89.8481053082983,26.5036271160624],[89.8495046443845,26.5055777951137],[89.8501388688111,26.507641882447],[89.8514103078208,26.5097067116088],[89.8533207114362,26.5103969951183],[89.8542111137952,26.5123466246506],[89.8552305293999,26.5134940093774],[89.8553529418054,26.5156727297324],[89.8554779750805,26.5179650553053],[89.8566221092337,26.5196863348759],[89.8587868464836,26.5216373616543],[89.8600591902752,26.5232621894911],[89.8584383220904,26.5234285672209],[89.8563709583651,26.5236588350594],[89.855492992347,26.5236578665145],[89.85417345661,26.5236564372373],[89.8515243518255,26.523653672485],[89.8483585742348,26.5235921428957],[89.8444802656309,26.5235296194238],[89.8407324145274,26.5235253678423],[89.8389788363959,26.5235232024295],[89.8371775906207,26.5235210662849],[89.8331066426478,26.5232258220641],[89.8290349595773,26.5233370970598],[89.8250941543796,26.5231583871892],[89.8227862687242,26.5231552279348]]]},"properties":{"id":null,"description":null,"altitudeMode":null,"tessellate":null,"extrude":null,"visibility":null,"drawOrder":null,"icon":null,"AREA":null,"PERIMETER":null,"division":"BuxaTR_EAST","beat":"Barobisha","range":"Bholka","layer":"master","path":"C:/Users/user/OneDrive/Desktop/Buxaroad/master.geojson","fill-opacity":0,"stroke-opacity":1,"stroke":"#ff0000","SID":"028","DID":"003","RID":"001","BID":"002","State":"West_Bengal","Beat_Ar":7.14403}},
{"type":"Feature","geometry":{"type":"Polygon","coordinates":[[[89.6228380313335,26.727248253564],[89.6210482194334,26.7250987620688],[89.619883902472,26.7237988090423],[89.6183710782877,26.7230535724813],[89.6174814032427,26.7223099477095],[89.6165196020167,26.7213192619617],[89.615766859688,26.7202052068923],[89.6156328311655,26.7189696010547],[89.6156373283296,26.7176111551918],[89.6158506997363,26.7161290671528],[89.6159230439105,26.7147704111573],[89.615790446278,26.7131024816882],[89.615177933179,26.7113712143606],[89.6143601067821,26.7087130905467],[89.6138848058939,26.7073527749899],[89.6132045904948,26.7056270607853],[89.6132269101008,26.7049610028637],[89.6137445265708,26.7026692117515],[89.614195420917,26.7015809123122],[89.6145366441864,26.7009783382542],[89.614731404665,26.7005579125009],[89.6153666549363,26.7007255150598],[89.6181701419746,26.7000683433496],[89.6199355020906,26.6995845709646],[89.6214852207196,26.6989783177867],[89.6222806624723,26.6985380383663],[89.6228820934715,26.6982040339744],[89.6244181145547,26.6971667284464],[89.6252974768497,26.6964011710895],[89.6264312313764,26.695415268305],[89.6277707053789,26.6945082111776],[89.628476425102,26.6938252808624],[89.6293576235328,26.6932362106799],[89.6303440826311,26.6927062728921],[89.6316839953408,26.6916361797997],[89.6326051730392,26.691110926286],[89.6340800722621,26.6902702150723],[89.6362253037046,26.6895723431594],[89.6397453769223,26.6885965702723],[89.6412818116154,26.6881651019728],[89.6438063220747,26.6874226839529],[89.6461923966674,26.6867847588006],[89.6491922363311,26.6858737332763],[89.6523096902131,26.6850532070685],[89.653336624887,26.6844132282839],[89.6536670333244,26.6881619241322],[89.653982427839,26.69106620824],[89.654300464756,26.6930990861327],[89.6548774324649,26.694261797463],[89.6553312453385,26.6945534432441],[89.6571432612302,26.6943252893723],[89.6582436069381,26.6943905373577],[89.6583708902756,26.695489684266],[89.6582349399803,26.6972895712852],[89.6582249688501,26.7007153901134],[89.6580911713577,26.7026314337095],[89.6575657187333,26.7044302347763],[89.6566566572683,26.7059963587725],[89.656327279714,26.7077375923569],[89.6562532070678,26.7106988626801],[89.6561786738289,26.7138341294222],[89.6561730064252,26.7157503640756],[89.657010621494,26.7171463252299],[89.6574614747724,26.7184825100246],[89.657392019967,26.7198763854818],[89.6566592621481,26.721238538686],[89.6550331757155,26.7204851540712],[89.6530540395423,26.7201346131275],[89.6521874755684,26.719982008586],[89.6506065176638,26.7201197201642],[89.6491016244,26.7208261633224],[89.6478345428627,26.7218171805869],[89.6463278261537,26.7231623408034],[89.6449021171195,26.7242234200233],[89.6432390307676,26.7248583210929],[89.6416587071619,26.7247833020029],[89.6403142447421,26.7247799818649],[89.6392850350848,26.7252033301387],[89.6379383512602,26.7259103662929],[89.6362766300459,26.7261187909069],[89.6349334359745,26.7256895883615],[89.6340662319632,26.7249776786285],[89.6335170793127,26.7237691628906],[89.632651192343,26.722631410572],[89.63186226249,26.721777584443],[89.6303640409816,26.7211346746137],[89.6288617735422,26.7209886769641],[89.6273592662663,26.7209137297968],[89.6263294667875,26.721550182895],[89.6251372049973,26.7234639748022],[89.6244989107791,26.7250242650176],[89.6237053562068,26.7263711670381],[89.6228380313335,26.727248253564]]]},"properties":{"id":null,"description":null,"altitudeMode":null,"tessellate":null,"extrude":null,"visibility":null,"drawOrder":null,"icon":null,"AREA":null,"PERIMETER":null,"division":"BuxaTR_EAST","beat":"Bhutiabasti","range":"Jainti","layer":"master","path":"C:/Users/user/OneDrive/Desktop/Buxaroad/master.geojson","fill-opacity":0,"stroke-opacity":1,"stroke":"#ff0000","SID":"028","DID":"003","RID":"004","BID":"001","State":"West_Bengal","Beat_Ar":13.9404}},
{"type":"Feature","geometry":{"type":"Polygon","coordinates":[[[89.6004045819907,26.789434623329],[89.5980417982514,26.7862679851445],[89.5962609903959,26.7849545208044],[89.5947247139796,26.7827849451813],[89.59335429147,26.7806825721445],[89.5923103683838,26.7793816183375],[89.5901787704829,26.7763757882935],[89.5896305108149,26.774969975147],[89.5884120003783,26.7725911706576],[89.5880949019891,26.7719720734652],[89.5878882806913,26.7699439889969],[89.5892652966818,26.7680078233224],[89.5901237778157,26.7662438535404],[89.5900901302375,26.7657919028482],[89.5884494341949,26.765526637292],[89.5861328041319,26.7651848943874],[89.583115764367,26.7645988417985],[89.5806216071581,26.7639620462094],[89.5772262333081,26.763055789653],[89.5752618508678,26.7626259033105],[89.5731511932291,26.7623549725274],[89.5721639991561,26.7621637478815],[89.5703558518153,26.7616666320869],[89.5684426927941,26.7610161192472],[89.5661128926413,26.7595100830439],[89.5647059378132,26.7586345168557],[89.5646081532258,26.7585732753066],[89.564043826889,26.7582222153463],[89.563700258166,26.7580085875434],[89.5621564681505,26.7554230295013],[89.5626695022984,26.7540394987981],[89.5655617524762,26.7529579227607],[89.5682066229875,26.7521139385936],[89.5711781806884,26.7499766826928],[89.5750346813988,26.7477192617506],[89.5769621335267,26.7464516363625],[89.578101890947,26.7461422697747],[89.5814480442555,26.745234673124],[89.5850715962553,26.744802450722],[89.588164402181,26.7444697156492],[89.590450764606,26.744011460463],[89.5934437386917,26.7441371385524],[89.5955871552026,26.7450520622324],[89.5957680268205,26.7450441017169],[89.5958335540091,26.7450114970521],[89.5985140084339,26.7432373672649],[89.5997944023866,26.7421859899862],[89.6007415489164,26.7415698303315],[89.6019130199627,26.7408081527819],[89.6040086164119,26.7402322730465],[89.6049644684847,26.7399696160206],[89.6065162136239,26.7397092174083],[89.6091664081021,26.7393627217553],[89.6106519800575,26.7393012762898],[89.6119830488104,26.7388563626576],[89.6130263579389,26.7387925944049],[89.613785347929,26.7387749228753],[89.6147202204901,26.7388082577567],[89.6158935986303,26.7389327708502],[89.6166662360488,26.7386143169158],[89.6171871340605,26.7383906657495],[89.6178668333823,26.7380992107432],[89.618971462211,26.737685583615],[89.6231015375941,26.7359026042248],[89.6234338050542,26.7365222951291],[89.6251673398623,26.7390826995843],[89.6270581065562,26.7412171473081],[89.628738756503,26.7430553479353],[89.6307851687205,26.7436936429604],[89.6334311154069,26.7446944095096],[89.6359993347044,26.74569461315],[89.6380106934122,26.746325309846],[89.6399098103034,26.7466984040224],[89.6409765212299,26.7471978692486],[89.6415079739904,26.7476426216299],[89.6421402879134,26.747999629009],[89.643484317064,26.7482155530007],[89.6441124092152,26.7491399774491],[89.6447417869197,26.7504904804574],[89.6448188942254,26.7515555313251],[89.6447338001079,26.7531173702775],[89.6448868288624,26.7548924513519],[89.645117410151,26.7567388214218],[89.6456665102478,26.7588696875131],[89.6467665318131,26.7608601931282],[89.6474722625112,26.7627788578763],[89.6487342607594,26.7644149645767],[89.6503884371194,26.7661226241187],[89.6515709690469,26.7674742496785],[89.652516960487,26.7688963055458],[89.6529071787512,26.7704593588944],[89.65290339821,26.7717368407201],[89.6526640267861,26.7727302853727],[89.6523420032858,26.7745044110927],[89.6516273254599,26.7755676990877],[89.6501209661051,26.7765578771943],[89.6486155709837,26.7771929968639],[89.6471108519143,26.7776151867302],[89.6459260028189,26.7778255272571],[89.6444978243495,26.7786740226612],[89.6436255610254,26.779452597477],[89.6424352219599,26.780657008027],[89.6406916446022,26.7818593672241],[89.6399062737539,26.7821710556807],[89.6385544206989,26.7827058758176],[89.6375251735341,26.7829876647255],[89.6354680794491,26.7831245443141],[89.6334899692936,26.7829065767832],[89.6313571615687,26.7823330760491],[89.6295390284807,26.7816188674103],[89.6270908908068,26.7806186057702],[89.6248792478506,26.7795479046805],[89.6236134070948,26.7791188572685],[89.6225851297895,26.7791159915291],[89.6218726959489,26.7793979808566],[89.6217410817606,26.7796352395854],[89.6213946603242,26.7802491710105],[89.6209180445505,26.7814545321593],[89.6201185886498,26.7837952454727],[89.6182935203114,26.7852103337504],[89.6167087983937,26.7862002202949],[89.6149672196214,26.7866927452011],[89.6127506008438,26.7871128354741],[89.6100585936119,26.787602599862],[89.6075244742599,26.7882343384267],[89.6045968133099,26.7885109501817],[89.6019855667359,26.7888586477064],[89.6004045819907,26.789434623329]]]},"properties":{"id":null,"description":null,"altitudeMode":null,"tessellate":null,"extrude":null,"visibility":null,"drawOrder":null,"icon":null,"AREA":null,"PERIMETER":null,"division":"BuxaTR_EAST","beat":"Buxaduar","range":"Buxaduar","layer":"master","path":"C:/Users/user/OneDrive/Desktop/Buxaroad/master.geojson","fill-opacity":0,"stroke-opacity":1,"stroke":"#ff0000","SID":"028","DID":"003","RID":"002","BID":"001","State":"West_Bengal","Beat_Ar":29.801}},
{"type":"Feature","geometry":{"type":"Polygon","coordinates":[[[89.583099640244,26.7136477380072],[89.5808515455088,26.7148208723856],[89.5798738722534,26.7148574394631],[89.5788200635293,26.7151241168874],[89.5785603509407,26.7153562793111],[89.5774166303081,26.7161527045622],[89.5767233792033,26.7167802646088],[89.5761144035737,26.7170278713701],[89.5759452378047,26.7179378041712],[89.575781351438,26.7187752031617],[89.5750826239487,26.7194857257221],[89.5748340538092,26.7200942324609],[89.5739625480808,26.7206574906179],[89.5729075379654,26.7212179872033],[89.5708746426573,26.7212112158335],[89.5697248673587,26.7215637754145],[89.5676029140362,26.7218548943468],[89.5669852088853,26.7217215725382],[89.5642935114363,26.7218150544677],[89.5628356464849,26.7218658322423],[89.5586856088335,26.722160002681],[89.5550536180119,26.7223651749532],[89.553205169615,26.7227323209894],[89.5502040545769,26.7229101467841],[89.5497838867029,26.7230142922622],[89.549675714161,26.7230411382046],[89.5469614994833,26.7230987245511],[89.5459008730142,26.7231280700296],[89.5453203476364,26.7224793051955],[89.5444432827535,26.7212037701884],[89.5438548779563,26.7181239113455],[89.5432086980087,26.7156707307417],[89.5413875906961,26.7123329880891],[89.5411149396606,26.7120071344369],[89.5358008198253,26.7056570730057],[89.5318559719002,26.7025331089668],[89.5311706238586,26.7018058854277],[89.5311054693786,26.7017369334564],[89.5303699828329,26.7009589219205],[89.5288890164633,26.699393123748],[89.5275375439288,26.6980780281618],[89.5258856088871,26.6947334380942],[89.5257836175589,26.6913983774292],[89.5281763210175,26.6911678666077],[89.5321275393391,26.6907163069027],[89.535168221346,26.6904939031344],[89.5367233297285,26.6904987692413],[89.5389880940419,26.690215600951],[89.5416422981191,26.689875991263],[89.5443622750451,26.6894778045839],[89.5471469430876,26.6891967393123],[89.5492177241992,26.6890288929571],[89.5503106723286,26.6889746448592],[89.5513539774936,26.688803052905],[89.5539454496275,26.6884624919197],[89.5567934919713,26.6880071107671],[89.5597720017165,26.6876094592314],[89.5631396300092,26.6872717537983],[89.5663674945536,26.6866822724881],[89.5668954937823,26.6865856328719],[89.5706504337935,26.6861326424389],[89.5736886435278,26.6858581230105],[89.5726450610749,26.6881745265983],[89.5717952440849,26.6903790753243],[89.5714666893454,26.6915975939174],[89.571397213962,26.6933975539791],[89.5713253693471,26.6951394469736],[89.5717729097041,26.6964178881873],[89.5723639830361,26.6969307853294],[89.5734509570261,26.6978750008169],[89.5755113030044,26.7005523048948],[89.577833520154,26.703114140378],[89.5803488629833,26.7051540477232],[89.5813789595516,26.7065508824327],[89.5821199186828,26.7080135415925],[89.5832236512904,26.7078300390635],[89.5846491865611,26.7076017576132],[89.5852172519252,26.7075232116493],[89.5856709535786,26.7085513947508],[89.585908445316,26.7095828418482],[89.5856101891632,26.7114829308166],[89.5841894151943,26.7124768081023],[89.583099640244,26.7136477380072]]]},"properties":{"id":null,"description":null,"altitudeMode":null,"tessellate":null,"extrude":null,"visibility":null,"drawOrder":null,"icon":null,"AREA":null,"PERIMETER":null,"division":"BuxaTR_EAST","beat":"Buxaroad","range":"Buxaduar","layer":"master","path":"C:/Users/user/OneDrive/Desktop/Buxaroad/master.geojson","fill-opacity":0,"stroke-opacity":1,"stroke":"#ff0000","SID":"028","DID":"003","RID":"002","BID":"002","State":"West_Bengal","Beat_Ar":14.9547}},
{"type":"Feature","geometry":{"type":"Polygon","coordinates":[[[89.8455591823406,26.5866473665568],[89.8486601166208,26.585837838436],[89.8515699016616,26.585202461231],[89.853382985505,26.5846239013474],[89.8555829644409,26.5835809209242],[89.8591389006852,26.5820749390049],[89.8597867535908,26.5818470865589],[89.8597881300336,26.5807400031464],[89.8597902127957,26.5791143434134],[89.8597275112723,26.5770236941149],[89.8592785883769,26.5747584691059],[89.8588922848,26.5727264694149],[89.8582483547239,26.5717967225866],[89.8571502803718,26.5709823108383],[89.8554691071576,26.5707487686744],[89.8539184505892,26.5704565449871],[89.8528850154886,26.5700487232818],[89.8520458825586,26.5688287879739],[89.8511411652437,26.5678990160612],[89.850559876577,26.5672591413813],[89.8501735429915,26.5670851053628],[89.8494610731193,26.5669099500775],[89.8490091069248,26.5671414117421],[89.8488719162984,26.5670929889921],[89.8495035595189,26.5665568034266],[89.8500907077964,26.5660583818432],[89.8504178509435,26.5657806720435],[89.8510795042063,26.5652189926162],[89.8540176974285,26.5636639467386],[89.8562049017673,26.5625827865808],[89.8577115879467,26.5617713146743],[89.8587688486309,26.5611628051278],[89.8596721964884,26.5611636925189],[89.8613286220766,26.5610974837135],[89.8632888899839,26.5607610854835],[89.8659267626228,26.5603571255256],[89.8675078794051,26.5602230290335],[89.8695208982844,26.5597564240276],[89.8703403239549,26.5607413385401],[89.8694444745959,26.5629190191321],[89.869251918137,26.5644090075525],[89.8693122919094,26.5664726096176],[89.8685981404462,26.5697761110568],[89.868542742081,26.5700255472549],[89.8687551079985,26.5707471712785],[89.869321085633,26.5717692541873],[89.8692576100503,26.572399754983],[89.869510754267,26.5727441130472],[89.8691285087702,26.5733742905466],[89.8689225975307,26.5734649742291],[89.8708320260081,26.5761037634412],[89.8719775409718,26.5773655086101],[89.8721680877986,26.5775062478074],[89.8733793131806,26.578399129224],[89.8750362708715,26.5801196623431],[89.8769481704427,26.5806945033196],[89.8789889540608,26.5804673527065],[89.8809002188807,26.5816151333656],[89.8825578336051,26.5829923927343],[89.884851530028,26.5834526616644],[89.8852347991425,26.5841406900882],[89.8853582530631,26.5860897942083],[89.8854843787606,26.5879240961759],[89.8863763357357,26.5895302702028],[89.8871401186269,26.5912500844195],[89.886755247991,26.5921668329253],[89.8853498714442,26.594228983087],[89.8845574854194,26.5959668976843],[89.8842002120022,26.5967507437515],[89.8850922137044,26.598356075512],[89.8862373479462,26.6004204890671],[89.8858541728696,26.6019104780321],[89.8840648583997,26.6038578698103],[89.8848290386082,26.6052342343305],[89.8857200375151,26.607986381842],[89.8863559106642,26.6098212445081],[89.8869913342107,26.6119995598945],[89.8877545400651,26.6145221620571],[89.8857106980631,26.6172720881351],[89.8834144317435,26.6162383497381],[89.8809928304277,26.6150903377991],[89.8783149831037,26.6142854555288],[89.8757642351038,26.6141685677846],[89.8735942729918,26.6149689728787],[89.8728280988716,26.6153123729915],[89.8707870520277,26.6151960102312],[89.8681085602512,26.6149639272524],[89.8677276174041,26.614390591123],[89.8631674946873,26.6088378866557],[89.8609214952467,26.6060999392973],[89.8574192911366,26.6021554127394],[89.8572736723898,26.6022230172432],[89.8562913064782,26.6028282939105],[89.8549804800094,26.6031598157307],[89.8535228636194,26.6025542368496],[89.8531584403963,26.6008682181572],[89.8527001125914,26.6000324725895],[89.8525736971214,26.5988105953267],[89.8535362483859,26.5979896038939],[89.8507915441122,26.5930382023883],[89.8455591823406,26.5866473665568]]]},"properties":{"id":null,"description":null,"altitudeMode":null,"tessellate":null,"extrude":null,"visibility":null,"drawOrder":null,"icon":null,"AREA":null,"PERIMETER":null,"division":"BuxaTR_EAST","beat":"Changmari","range":"Bholka","layer":"master","path":"C:/Users/user/OneDrive/Desktop/Buxaroad/master.geojson","fill-opacity":0,"stroke-opacity":1,"stroke":"#ff0000","SID":"028","DID":"003","RID":"001","BID":"003","State":"West_Bengal","Beat_Ar":13.8221}},
{"type":"Feature","geometry":{"type":"Polygon","coordinates":[[[89.7559797554276,26.5679661071898],[89.7546879817814,26.5676473195536],[89.7542994264053,26.5674721995955],[89.7508118739454,26.5659565825785],[89.7489378087529,26.5656747972373],[89.7469058167832,26.5653737765391],[89.7447652691225,26.5653298266748],[89.7423462871517,26.5652334198006],[89.7389915456955,26.5650164389326],[89.737251431355,26.5643366578496],[89.7353840730198,26.5634350665171],[89.7325684438646,26.5623597287865],[89.7292457630161,26.5613158762973],[89.7285413633326,26.5610466693734],[89.7269711094116,26.5607442611947],[89.7239985960948,26.5602741249069],[89.7210257985216,26.5599195478069],[89.7186984715686,26.5593346173276],[89.7174722973348,26.5589833906486],[89.7169562146163,26.5586337385498],[89.7161159348341,26.5585158485044],[89.7149239880686,26.5584602836385],[89.7150486850545,26.5577977790443],[89.7164525826889,26.5573420636498],[89.7172231334734,26.5552801093958],[89.7195197001585,26.5540234347002],[89.718758698258,26.5523022932888],[89.7171040421348,26.5517258426798],[89.7149386231274,26.5506896677929],[89.7146894865693,26.5489693820834],[89.7159676145649,26.5475961598405],[89.7186435502831,26.5481746799505],[89.7201736097891,26.5473753460961],[89.7204346259846,26.545311919516],[89.7191639513854,26.5437043768129],[89.7172534698935,26.5431276282763],[89.7158527181765,26.5424364230871],[89.7158527622998,26.5423867909438],[89.7158578668298,26.5403729829201],[89.7170108942556,26.5378532483707],[89.7176512130232,26.5365931722352],[89.7184548302788,26.5362932991665],[89.7195340140143,26.534158800645],[89.7205599475405,26.5322096468103],[89.721120309283,26.5318258437666],[89.7252832105641,26.5315306919045],[89.7282178909686,26.5317655397775],[89.7302595081648,26.5319990555603],[89.7310384365583,26.5315006060453],[89.7311539991557,26.5314270099777],[89.7312083481033,26.5307551968035],[89.7335422962739,26.5314602760266],[89.735707999047,26.5323309247597],[89.7361661523629,26.5327429759203],[89.7378709501003,26.5342844380047],[89.7405178537184,26.5353724768083],[89.7409515834715,26.5354844844149],[89.7422027349901,26.5358089855878],[89.7433581974074,26.5374357745059],[89.744693707704,26.5382025164255],[89.747265916879,26.5390911225779],[89.7490508811681,26.5397098976423],[89.7506495894576,26.540629854476],[89.7523534218636,26.541705851337],[89.7540404940436,26.5423283041273],[89.7562592960878,26.5431601848244],[89.7599570540643,26.5446181085318],[89.7607679759039,26.545567704861],[89.7607033305777,26.5464779338503],[89.7606440370803,26.5483733820008],[89.7602335026715,26.5502740199952],[89.759800574465,26.5508960932561],[89.7597676000419,26.5522162305223],[89.7597541134576,26.5527084758742],[89.7592425261554,26.5537054436145],[89.7588903675016,26.5541026132461],[89.7588334062727,26.5560702215771],[89.7586737497775,26.5568301930308],[89.7582632497531,26.557484978396],[89.7579938816216,26.5579121424961],[89.7574831811969,26.5596673740824],[89.7569134883204,26.5620282082857],[89.7566658021781,26.5628693507734],[89.7554081734452,26.5665400709374],[89.7557744351001,26.5677410727308],[89.7559797554276,26.5679661071898]]]},"properties":{"id":null,"description":null,"altitudeMode":null,"tessellate":null,"extrude":null,"visibility":null,"drawOrder":null,"icon":null,"AREA":null,"PERIMETER":null,"division":"BuxaTR_EAST","beat":"Chipra","range":"SouthRydak","layer":"master","path":"C:/Users/user/OneDrive/Desktop/Buxaroad/master.geojson","fill-opacity":0,"stroke-opacity":1,"stroke":"#ff0000","SID":"028","DID":"003","RID":"007","BID":"001","State":"West_Bengal","Beat_Ar":12.165}},
{"type":"Feature","geometry":{"type":"Polygon","coordinates":[[[89.6004045819907,26.789434623329],[89.6002433638933,26.7894928474456],[89.5984186417681,26.7907658406542],[89.5965174305027,26.7915411007987],[89.5944587158731,26.7921035108527],[89.5921642216987,26.7924519710578],[89.5901069072521,26.792588484027],[89.5882849055708,26.7930091180891],[89.5863841342959,26.7936429587205],[89.5838474895471,26.7949136044186],[89.5811551358314,26.7961126276652],[89.5781441567943,26.7970980179745],[89.5755314244326,26.7978005739955],[89.5725207464613,26.7986437159006],[89.5707522890677,26.798810015118],[89.5695927232741,26.7989187736418],[89.5694311088966,26.7997708006967],[89.5692641109567,26.8021129800847],[89.568387421422,26.803885214851],[89.5667970167004,26.8062234372679],[89.5649663609195,26.8089156767482],[89.5635362134619,26.8106861149622],[89.5619520856961,26.8113203671613],[89.5602879904354,26.8117414460828],[89.5585474894234,26.8118071806938],[89.5561741361863,26.8115868640675],[89.5539604004447,26.811083032657],[89.5519057251047,26.8104381105388],[89.5500099426849,26.8096509782711],[89.5487452587649,26.8095760114971],[89.5474768996003,26.8097853319811],[89.5453381805221,26.8107015525601],[89.5435154388062,26.8111929793471],[89.5411383042396,26.8119662284754],[89.5389193023247,26.812811037529],[89.5373354488665,26.8133031690463],[89.5353559615368,26.8133678353519],[89.5334583102011,26.8130782359088],[89.5315617091318,26.812504057808],[89.5294282495168,26.8120711629982],[89.5276884770304,26.8119233162929],[89.5256307355525,26.812058910973],[89.5242846390386,26.8121966720578],[89.5225434908056,26.8124035381428],[89.5207212382911,26.812752539972],[89.518585960502,26.8127456090651],[89.5171623075918,26.812173202687],[89.5158186888127,26.8117428994921],[89.5141653559883,26.8101751919798],[89.51336980323,26.8091589070114],[89.5140499564612,26.808272612617],[89.515553209842,26.8066251022388],[89.5168616235423,26.8052334724255],[89.518787218797,26.803579422718],[89.5213895471601,26.8006183066675],[89.5219681809094,26.7981081579808],[89.5231673852282,26.795721326766],[89.5243597460616,26.7925102600453],[89.5253900851378,26.7908059916385],[89.526164383417,26.7902392671427],[89.526787228328,26.7897824638099],[89.5268551796404,26.7897749619817],[89.529622424788,26.7894520518795],[89.5324449319589,26.7891375134847],[89.5343961110274,26.7891375051432],[89.5364270786248,26.7905892053654],[89.5376723874849,26.7910728415297],[89.5396133866456,26.790480381295],[89.5419980155472,26.7902457145919],[89.5436218796307,26.7890779874909],[89.5440934926152,26.7887395105989],[89.5450337122805,26.7868226164329],[89.5465604833892,26.7828282708295],[89.5467737508829,26.7816141699634],[89.5470540991413,26.7800169383466],[89.548777074408,26.7772417815696],[89.5489463671822,26.7770024809998],[89.5498082194338,26.7758520553149],[89.5517033267071,26.7733789794333],[89.5516888194593,26.7725446906371],[89.5516661523649,26.7712612598095],[89.5514504830433,26.7691556490918],[89.5513486944514,26.7675425769194],[89.5513248969605,26.7671911793717],[89.5510329578499,26.7653105955563],[89.5515153241694,26.7621234594549],[89.5520392996665,26.7618436059639],[89.552629140894,26.7607703155389],[89.554034499335,26.7600817469912],[89.5557182144448,26.7595508473313],[89.5575842816914,26.7593151528736],[89.5590715231781,26.7589073558876],[89.5604703329649,26.7585941437719],[89.5624746491766,26.7584048018564],[89.564043826889,26.7582222153463],[89.5646081532258,26.7585732753066],[89.5647059378132,26.7586345168557],[89.5661128926413,26.7595100830439],[89.5684426927941,26.7610161192472],[89.5703558518153,26.7616666320869],[89.5721639991561,26.7621637478815],[89.5731511932291,26.7623549725274],[89.5752618508678,26.7626259033105],[89.5772262333081,26.763055789653],[89.5806216071581,26.7639620462094],[89.583115764367,26.7645988417985],[89.5861328041319,26.7651848943874],[89.5884494341949,26.765526637292],[89.5900901302375,26.7657919028482],[89.5901237778157,26.7662438535404],[89.5892652966818,26.7680078233224],[89.5878882806913,26.7699439889969],[89.5880949019891,26.7719720734652],[89.5884120003783,26.7725911706576],[89.5896305108149,26.774969975147],[89.5901787704829,26.7763757882935],[89.5923103683838,26.7793816183375],[89.59335429147,26.7806825721445],[89.5947247139796,26.7827849451813],[89.5962609903959,26.7849545208044],[89.5980417982514,26.7862679851445],[89.6004045819907,26.789434623329]]]},"properties":{"id":null,"description":null,"altitudeMode":null,"tessellate":null,"extrude":null,"visibility":null,"drawOrder":null,"icon":null,"AREA":null,"PERIMETER":null,"division":"BuxaTR_EAST","beat":"Chunabhati","range":"Buxaduar","layer":"master","path":"C:/Users/user/OneDrive/Desktop/Buxaroad/master.geojson","fill-opacity":0,"stroke-opacity":1,"stroke":"#ff0000","SID":"028","DID":"003","RID":"002","BID":"003","State":"West_Bengal","Beat_Ar":25.6758}},
{"type":"Feature","geometry":{"type":"MultiPolygon","coordinates":[[[[89.691958157677,26.6590110063585],[89.6921519299445,26.6598535551519],[89.6919867070302,26.6605497985354],[89.6916637246667,26.6611303302521],[89.6910475629802,26.6614188238134],[89.6904649547099,26.6614175874377],[89.6900763527572,26.6611269664982],[89.68972352201,26.6606325994689],[89.6895618376594,26.660080402622],[89.6895965780209,26.6592963223573],[89.6897286288237,26.6587448580753],[89.6901168036908,26.6582521008247],[89.6903758965485,26.6581077350912],[89.6908306263978,26.6580507129117],[89.6914426669075,26.6583132897293],[89.691958157677,26.6590110063585]]],[[[89.6771958555167,26.6632179506558],[89.6773584966846,26.6634213218938],[89.6773878254049,26.6637407596142],[89.6773563262341,26.6642052987507],[89.6771588509421,26.6647854445029],[89.6766718127263,26.6655971474261],[89.6758603397157,26.6665539616489],[89.675243429272,26.6670747632472],[89.6746302671803,26.6672190521717],[89.674435442175,26.6668118919406],[89.6744041991976,26.6663182019199],[89.6745369694834,26.6655637030298],[89.6748300079944,26.6649257510995],[89.6755434738068,26.6639982996992],[89.6766786806038,26.6631293116287],[89.677002631498,26.6631880867385],[89.6771958555167,26.6632179506558]]],[[[89.6809202149047,26.6879810780426],[89.6812296228676,26.6878146986504],[89.6816810949556,26.6862679573565],[89.6820027020796,26.6853513233739],[89.6825788172502,26.6840918647022],[89.683604880443,26.682775176203],[89.6841171539045,26.6819166215363],[89.6849488435631,26.680944292711],[89.6861640955227,26.6802587014777],[89.6869955954693,26.6792860817691],[89.6877638892818,26.6785426259364],[89.6889777091868,26.6783158353408],[89.689813036966,26.6778493361573],[89.6899991219867,26.6777447549428],[89.690958023408,26.6780333699631],[89.6903798997107,26.6790639031126],[89.6892930615182,26.6796921647689],[89.688463710025,26.6798624951454],[89.6878223025309,26.6810649432677],[89.6874357710219,26.6818661792369],[89.6863472947948,26.6830677357319],[89.6860259871075,26.683927411737],[89.6864092327868,26.684329210372],[89.6873015861675,26.6841589872794],[89.6882616176856,26.683989081033],[89.6891532776449,26.684048680744],[89.6900474462624,26.6841079629366],[89.690558346478,26.6837648898759],[89.6912635794321,26.6830782839504],[89.691644527737,26.6833661694197],[89.6920243071595,26.6841692722968],[89.691383172227,26.6853147691529],[89.6915741805571,26.6862323580608],[89.6919545036135,26.6868061923092],[89.6904848197283,26.6877774257779],[89.689331878382,26.6886346118217],[89.6884433491197,26.6892892705111],[89.6874463153686,26.689168036891],[89.6855050307053,26.6888733159333],[89.683112237871,26.688403450726],[89.6809202149047,26.6879810780426]]],[[[89.6808547685498,26.6880154112813],[89.6817048870966,26.6885904730416],[89.682367160694,26.6889167821131],[89.6826679363858,26.6891881589735],[89.6826673549161,26.6894047383844],[89.6824861617128,26.6895126366539],[89.6821234913727,26.6898372861573],[89.6820624622,26.6901078797861],[89.6821823407667,26.6903791473251],[89.6826034205472,26.690704931998],[89.6828440536846,26.6909225967854],[89.6827828805234,26.6912473354679],[89.682480499432,26.691571552461],[89.6820567887538,26.6921665138272],[89.6816927976028,26.6929784662123],[89.6816304668969,26.6937372091102],[89.6816748757219,26.6940446213549],[89.6806373928359,26.6939728881905],[89.6793431141094,26.6941438854271],[89.6759139264824,26.6940781480306],[89.6713184456029,26.6941839984633],[89.6654914769581,26.6944612442257],[89.6612202587213,26.6945674713125],[89.6582436069381,26.6943905373577],[89.6571432612302,26.6943252893722],[89.6553312453385,26.6945534432441],[89.654877432465,26.6942617974629],[89.654300464756,26.6930990861327],[89.653982427839,26.69106620824],[89.6536670333244,26.6881619241322],[89.653336624887,26.6844132282839],[89.6523096902131,26.6850532070685],[89.6491922363311,26.6858737332763],[89.6461923966673,26.6867847588006],[89.6438063220747,26.6874226839529],[89.6412818116154,26.6881651019727],[89.6397453769223,26.6885965702723],[89.6362253037046,26.6895723431594],[89.6340800722621,26.6902702150723],[89.6326051730392,26.691110926286],[89.6315228429712,26.6902029374127],[89.6304346931566,26.6895242724593],[89.6305636943821,26.6884509073064],[89.6310238047764,26.6867682799179],[89.6327153456637,26.6841013986695],[89.6349216141418,26.6815515181666],[89.637130532902,26.6788862374631],[89.6381705783786,26.6772628824976],[89.6396009645581,26.6752920975462],[89.6410967760779,26.673321388506],[89.6418111619299,26.6721622817726],[89.6422681581871,26.6705949962731],[89.6425962939984,26.6692607231513],[89.6425571809695,26.6680889034701],[89.6425364247128,26.667517812423],[89.642864550647,26.666183538683],[89.6429338139188,26.6649058418735],[89.6434560936558,26.6633394887019],[89.6444939509371,26.662354846912],[89.6460485061289,26.6616039048422],[89.6484480931761,26.6604483330371],[89.6510378021311,26.6595254157465],[89.6539529604701,26.6581392834543],[89.6553796452255,26.6572710117435],[89.6566126634256,26.6556481021111],[89.6576003014577,26.653722361918],[89.6576534230742,26.6536182478988],[89.6590194347751,26.6511246453629],[89.660061099937,26.6496175905598],[89.6609699688345,26.6479933612146],[89.6619468888228,26.6463116481807],[89.6624682288195,26.6449195197015],[89.6625351222327,26.6435259441459],[89.6623454907352,26.6422481717976],[89.6622215123742,26.6408540106309],[89.6615780339037,26.6393429779253],[89.6608719336648,26.6378309819468],[89.6606105448255,26.6370689753342],[89.6625543399745,26.6369641672438],[89.6648202624279,26.6366795889203],[89.6668902775783,26.6363938908206],[89.6691556606411,26.6362245879314],[89.6703214720089,26.6359948682558],[89.6707432866756,26.6360432034785],[89.6706543600987,26.6363708039248],[89.6691602836759,26.6415957578724],[89.6684621802298,26.6442194982808],[89.6676305989023,26.6451917294718],[89.6668620629347,26.6461070982396],[89.6671159594746,26.646910632051],[89.6673046592153,26.6476562753418],[89.6683234735861,26.6478876696864],[89.6694734234813,26.6480047151431],[89.669920334666,26.6480056623589],[89.670491092253,26.6486951998736],[89.670936953407,26.649097439207],[89.6711245801864,26.6501871262546],[89.6716322975636,26.6509335180989],[89.6722724097485,26.6510494931428],[89.6726534579422,26.6512799074273],[89.6727208221947,26.6514641040605],[89.6732242448565,26.6528286788844],[89.6743067532215,26.6527741778274],[89.6746272113912,26.6531759096136],[89.6748164393773,26.6537495156054],[89.6743671124596,26.6545511777823],[89.6735350428431,26.6556954673043],[89.6730186226751,26.6571278990814],[89.6729521667725,26.6584458924922],[89.6732683089359,26.6594215421607],[89.6739667202874,26.6602251756432],[89.6741429094844,26.6609799777453],[89.6742198700644,26.6613152104397],[89.673642195366,26.6622311838825],[89.6738344149451,26.6626327366019],[89.6737661347601,26.6636642416696],[89.6735104479539,26.6644089099935],[89.6731885597989,26.6653827762626],[89.6732055047129,26.665618326047],[89.6733096808501,26.6669881673996],[89.672734226357,26.6679616389735],[89.6715172318024,26.6692771168566],[89.6699827537341,26.6700763197166],[89.669150067076,26.6713928944096],[89.6681909290871,26.6721356771846],[89.6673607511815,26.6725924028185],[89.6669089170429,26.6742538834002],[89.6662659822722,26.6759147876217],[89.6651158603948,26.6766572565791],[89.6650483405252,26.677422826183],[89.6649832599667,26.6782050049237],[89.6652368895059,26.6782626569151],[89.6654290052566,26.6787217489444],[89.6656161661134,26.679983463085],[89.6652968830445,26.6800971911507],[89.6642087718626,26.6810687537934],[89.6635018348017,26.6823285515482],[89.6637560090994,26.6830167454999],[89.6652884137661,26.6830204739739],[89.6665644456412,26.6830807782377],[89.6665631234675,26.683539603002],[89.6669437876359,26.6839414869446],[89.6677081233521,26.6845740439322],[89.6677062239316,26.6852621387294],[89.6674499289213,26.6861212950628],[89.6678295531587,26.6869247518107],[89.6688482532369,26.6873284302984],[89.6689131040025,26.6875005310807],[89.6697401772058,26.6881901465656],[89.6707632371855,26.6880204603547],[89.6720383355548,26.6883672327256],[89.6722925681804,26.6881958829537],[89.6731247809228,26.6879686471497],[89.6735066809375,26.6879694986494],[89.67465474013,26.687972301124],[89.6758677559042,26.6880893810845],[89.6768896764672,26.6874036118599],[89.6779119065351,26.6875209564546],[89.6779721320541,26.6875267297464],[89.679124920832,26.6876380086813],[89.6805906982015,26.6881575649532],[89.6808547685498,26.6880154112813]]]]},"properties":{"id":null,"description":null,"altitudeMode":null,"tessellate":null,"extrude":null,"visibility":null,"drawOrder":null,"icon":null,"AREA":null,"PERIMETER":null,"division":"BuxaTR_EAST","beat":"Chuniajhora","range":"Hatipota","layer":"master","path":"C:/Users/user/OneDrive/Desktop/Buxaroad/master.geojson","fill-opacity":0,"stroke-opacity":1,"stroke":"#ff0000","SID":"028","DID":"003","RID":"003","BID":"002","State":"West_Bengal","Beat_Ar":14.3574}},
{"type":"Feature","geometry":{"type":"Polygon","coordinates":[[[89.8227862687242,26.5231552279348],[89.8250941543796,26.5231583871892],[89.8290349595773,26.5233370970598],[89.8331066426478,26.5232258220641],[89.8371775906207,26.5235210662849],[89.8389788363959,26.5235232024295],[89.8407324145274,26.5235253678423],[89.8444802656309,26.5235296194238],[89.8483585742348,26.5235921428957],[89.8515243518255,26.523653672485],[89.85417345661,26.5236564372373],[89.855492992347,26.5236578665145],[89.8537862260817,26.5242945348178],[89.8519116866368,26.5247574055981],[89.8509405441731,26.5249304780675],[89.8503581047952,26.5252781202584],[89.8499057932217,26.5258003114692],[89.8499047465083,26.5265552013889],[89.8503551456602,26.5274266090969],[89.851259173663,26.5286471396629],[89.851905305676,26.5294607280683],[89.852032064006,26.5303318252369],[89.8520308520356,26.5312607014312],[89.8517712067423,26.5321895542134],[89.8518348942588,26.5333510703706],[89.8526088606691,26.5342227724457],[89.8537720877512,26.5349788648672],[89.8550634688289,26.5355023319561],[89.8566782388439,26.5362014771929],[89.8575807223657,26.5367246327305],[89.8580343959197,26.5371318216227],[89.8579681637528,26.5378864310507],[89.8573850263688,26.5386988231312],[89.8568679520568,26.5388725019606],[89.8557692263936,26.5386970498288],[89.8544123857267,26.5382889293137],[89.8526044012247,26.5375902992139],[89.8511818354338,26.5375306900431],[89.8496966904447,26.5375291225977],[89.8484668191497,26.5378183372042],[89.8480139201045,26.5387468728587],[89.8476888029335,26.539849708208],[89.8476874001334,26.5408369581476],[89.8477549226799,26.5410670281201],[89.8479446266079,26.5417080572263],[89.8487191256901,26.5423474155096],[89.8507883117769,26.5428720961484],[89.8533072012118,26.5430491270443],[89.8549225680904,26.5433413758652],[89.8556348937173,26.5435162296769],[89.856085909874,26.5439809831543],[89.8561503106411,26.5447358625222],[89.8561489829346,26.545723108114],[89.8558244410326,26.5463618045437],[89.8545320857606,26.5464184053717],[89.853626512019,26.5463013320707],[89.8525273711645,26.5464743965518],[89.8516209494058,26.5468795577903],[89.8507170304145,26.5474017047802],[89.8499402292342,26.5483877519697],[89.8494225677245,26.5490258429727],[89.8493564488675,26.5496642704215],[89.8494206470892,26.5504772454722],[89.8499987971626,26.5515229469671],[89.8508384652054,26.552220659743],[89.8516779793241,26.553034828845],[89.8520005215396,26.5539061952433],[89.851934253235,26.554602713848],[89.8514164080657,26.5553569923702],[89.8507054897328,26.5559366934499],[89.8498633792586,26.5569808335965],[89.849086494502,26.5581414275158],[89.8479862047067,26.5589531723356],[89.8470138766669,26.5598811182287],[89.8465659083645,26.5607509337155],[89.8462725557457,26.5606413818879],[89.8391882318795,26.5572398755225],[89.8287093805682,26.5522080605658],[89.8217208330376,26.5492113202858],[89.8215456756841,26.5488963254815],[89.8218168223777,26.5441794278688],[89.8216859553658,26.5412126143544],[89.8216473136851,26.5403268201198],[89.8245382191641,26.5367920258216],[89.8248045569957,26.5334118064412],[89.8266419295527,26.532785360321],[89.8279561797448,26.5314499217465],[89.8275219258995,26.5299558832241],[89.8262998367955,26.528539060298],[89.8260388921881,26.5270450490227],[89.8261091770946,26.5269186631766],[89.825618436942,26.5263494161235],[89.8249803766127,26.525280115565],[89.8247322263052,26.5251462484373],[89.8241886901711,26.5246780600052],[89.8239659397237,26.524365649445],[89.8237429247118,26.5241651913005],[89.8236075400428,26.5240820460908],[89.8231063864614,26.523774607964],[89.8227862687242,26.5231552279348]]]},"properties":{"id":null,"description":null,"altitudeMode":null,"tessellate":null,"extrude":null,"visibility":null,"drawOrder":null,"icon":null,"AREA":null,"PERIMETER":null,"division":"BuxaTR_EAST","beat":"Ghoramara","range":"Bholka","layer":"master","path":"C:/Users/user/OneDrive/Desktop/Buxaroad/master.geojson","fill-opacity":0,"stroke-opacity":1,"stroke":"#ff0000","SID":"028","DID":"003","RID":"001","BID":"004","State":"West_Bengal","Beat_Ar":9.59457}},
{"type":"Feature","geometry":{"type":"MultiPolygon","coordinates":[[[[89.732432844664,26.6707924546328],[89.7329588574549,26.6757823577959],[89.7336940272584,26.6782825346436],[89.7359109890136,26.677729226814],[89.7361430038619,26.6773327277809],[89.7383884154269,26.6763286945503],[89.740885346341,26.6752129744355],[89.7404997792407,26.6768882189084],[89.7402558304175,26.6769842687038],[89.7405597844328,26.6769622102405],[89.743156574289,26.6773000146358],[89.7435225102178,26.6788002187178],[89.7435176740085,26.6809656824849],[89.7433302933765,26.6816315089234],[89.7381363773347,26.6822891228022],[89.736410426824,26.6823412815133],[89.7273990797963,26.6835885865614],[89.726901826181,26.6824675206379],[89.726779260921,26.6822431374017],[89.7270077935255,26.6822685541683],[89.7264544144866,26.6804347299772],[89.7244178522981,26.6790977634003],[89.7234925521825,26.6784299716968],[89.7251636956868,26.6780997481452],[89.7272035171817,26.6781036890887],[89.7277644180374,26.6777638260306],[89.7274488931766,26.6752520183761],[89.727454248133,26.6729339784854],[89.7276446516409,26.6710174975173],[89.7300061590598,26.6709041245656],[89.7315611384727,26.6707909702567],[89.732432844664,26.6707924546328]]],[[[89.7069850041988,26.7267471482654],[89.7071468289627,26.7343742054026],[89.7053565845891,26.7357169026807],[89.7032184841131,26.7374168161613],[89.7012371890643,26.738690417774],[89.6997329694383,26.7391844815539],[89.6978356927217,26.7391093881347],[89.696175395884,26.7386800685845],[89.6943606857326,26.7377534495073],[89.6921486568516,26.7368969759791],[89.6900943480202,26.7363245257661],[89.688433654346,26.7361077406826],[89.6874053551082,26.7362477384996],[89.685585816192,26.7371667081198],[89.6837639944307,26.737943557692],[89.6819414686435,26.7390046427159],[89.6799636936759,26.7398521038248],[89.6776672982145,26.7404861778646],[89.6750577906715,26.7406930323424],[89.6728438534857,26.7405466217451],[89.6711056387849,26.7401872974158],[89.669763016728,26.7394744600681],[89.6692122630442,26.7386924952303],[89.6688216817222,26.7372718960761],[89.6687468330195,26.7353549302446],[89.6681997277033,26.7332946333477],[89.6674933614864,26.7315892661109],[89.6663126415752,26.7296698006702],[89.663947421132,26.727179382774],[89.6626075844222,26.7255437464646],[89.6603997480183,26.7234084224506],[89.6602141776091,26.7232851088983],[89.6582704851174,26.7219836179364],[89.6566592621481,26.721238538686],[89.6573920199671,26.7198763854818],[89.6574614747724,26.7184825100246],[89.657010621494,26.7171463252299],[89.6561730064252,26.7157503640756],[89.6561786738289,26.7138341294222],[89.6562532070678,26.7106988626801],[89.656327279714,26.7077375923569],[89.6566566572683,26.7059963587725],[89.6575657187333,26.7044302347763],[89.6580911713577,26.7026314337095],[89.6582249688501,26.7007153901134],[89.6582349399803,26.6972895712852],[89.6583708902756,26.695489684266],[89.6582436069381,26.6943905373577],[89.6612202587213,26.6945674713125],[89.6654914769581,26.6944612442257],[89.6713184456029,26.6941839984633],[89.6759139264824,26.6940781480306],[89.6793431141094,26.6941438854271],[89.6806373928359,26.6939728881905],[89.6816748757219,26.6940446213549],[89.6816304668969,26.6937372091102],[89.6816927976028,26.6929784662123],[89.6820567887538,26.6921665138272],[89.682480499432,26.691571552461],[89.6827828805234,26.6912473354679],[89.6828440536846,26.6909225967854],[89.6826034205472,26.690704931998],[89.6821823407667,26.6903791473251],[89.6820624622,26.6901078797861],[89.6821234913727,26.6898372861573],[89.6824861617128,26.6895126366539],[89.6826673549161,26.6894047383844],[89.6826679363858,26.6891881589735],[89.682367160694,26.6889167821131],[89.6817048870966,26.6885904730416],[89.6808547685498,26.6880154112813],[89.6809202149047,26.6879810780426],[89.683112237871,26.688403450726],[89.6855050307053,26.6888733159333],[89.6874463153686,26.689168036891],[89.6884433491197,26.6892892705111],[89.6886894579198,26.690238636747],[89.6887527584073,26.6909840413469],[89.6893243923153,26.6914439337017],[89.6895176007337,26.6915011326393],[89.6897709621824,26.691654620678],[89.6900895893067,26.6918465276034],[89.6906628001063,26.6925929019448],[89.6918086168692,26.6935126370768],[89.6925135608205,26.6929410811255],[89.6933428112198,26.6928852151782],[89.69346905795,26.6935737476612],[89.6937872834422,26.6939179275682],[89.6928915702069,26.6943747399551],[89.6916764574798,26.695002580855],[89.6917396910204,26.6958055105518],[89.6918004052639,26.6966079061801],[89.692437252957,26.6970678520295],[89.693202162502,26.6975854842366],[89.6929437798439,26.6983877415391],[89.692750279877,26.699361522188],[89.6937082620297,26.6990771100773],[89.6946033280349,26.6988498425373],[89.6949225356607,26.6987930117638],[89.6957518270806,26.6987371298396],[89.6959430202511,26.6986468606973],[89.6959733117781,26.6986033532555],[89.6969320428933,26.6980318411419],[89.6979534629439,26.6984355526701],[89.6985273532668,26.6990104313347],[89.6996132795308,26.6997590816682],[89.7006999695002,26.6993021917476],[89.7014059711708,26.6983276110158],[89.7026804490674,26.6990189858716],[89.7033197901453,26.6995369414235],[89.7043411662643,26.6999984147855],[89.7058733788665,26.7001734334588],[89.7067037977572,26.7006343669527],[89.707467485129,26.7017263530996],[89.7082935207428,26.7029329181642],[89.7087363939623,26.7046553495045],[89.7106543667578,26.7043146930425],[89.713212143662,26.7043196163233],[89.7155765901677,26.704324295502],[89.7176848875747,26.7042138847861],[89.7201774055672,26.7041611011666],[89.7219664030936,26.7041644780862],[89.7231168313759,26.7042819067446],[89.7230557633042,26.7025024373469],[89.7230636927761,26.6991742774158],[89.7232651716625,26.6957884934865],[89.7232038107939,26.6941243603254],[89.7230991840084,26.6926838079802],[89.7230393486689,26.692495882565],[89.7266506923445,26.6941940975061],[89.7303913463556,26.694312616481],[89.7348790513901,26.6951051617017],[89.7358744836919,26.6960032441834],[89.7367716085856,26.6970139094537],[89.7366680487731,26.6983839592807],[89.7362960526413,26.6995441119217],[89.7362723455384,26.7011055007058],[89.736111526913,26.7011052142487],[89.7348653515393,26.7022210779212],[89.7345703307237,26.7026809484108],[89.7331416398888,26.7044495830569],[89.7321725190339,26.7063476628551],[89.7304715092691,26.7073965765704],[89.7291072234482,26.7084577190786],[89.7272139316584,26.7100788446275],[89.7254007068026,26.7117739814134],[89.7223003292793,26.7127309824838],[89.7193047942666,26.7139054710352],[89.7169619861374,26.7163147283154],[89.7146882971618,26.7182287820973],[89.7123232043056,26.718409656875],[89.7099226919323,26.7196661554194],[89.7085324286636,26.719926284699],[89.7073579133597,26.7203188753391],[89.7067523869266,26.7203177106169],[89.7067546018408,26.720402845592],[89.7067929696005,26.7221290216591],[89.7068141074914,26.7237321743122],[89.7068568811386,26.7257106793526],[89.7069850041988,26.7267471482654]]]]},"properties":{"id":null,"description":null,"altitudeMode":null,"tessellate":null,"extrude":null,"visibility":null,"drawOrder":null,"icon":null,"AREA":null,"PERIMETER":null,"division":"BuxaTR_EAST","beat":"Hatipota","range":"Hatipota","layer":"master","path":"C:/Users/user/OneDrive/Desktop/Buxaroad/master.geojson","fill-opacity":0,"stroke-opacity":1,"stroke":"#ff0000","SID":"028","DID":"003","RID":"003","BID":"001","State":"West_Bengal","Beat_Ar":27.0031}},
{"type":"Feature","geometry":{"type":"Polygon","coordinates":[[[89.614731404665,26.7005579125009],[89.6138983452644,26.7002501488988],[89.6128614862554,26.7000228135556],[89.6126455124109,26.6999753566168],[89.6120229511165,26.6998383354115],[89.6104686489934,26.6995441095683],[89.6076237688188,26.6990135276568],[89.6070286987765,26.6989210106255],[89.6067373899941,26.6988763725984],[89.6065340470107,26.6988445551202],[89.6064788079277,26.6988361571049],[89.6041961274135,26.6984818699958],[89.6002487961914,26.6978321972466],[89.5979161269809,26.6974152036186],[89.5969494935798,26.6972419489537],[89.5932632803212,26.6966511779472],[89.5907396166743,26.6962954318708],[89.5892522682683,26.6962912461421],[89.5867270468686,26.6963420943201],[89.5841391637325,26.6963927519315],[89.5812269859603,26.6964424681563],[89.578701617878,26.6965512683346],[89.5766934205125,26.6967777901476],[89.5752060663657,26.6967734575892],[89.5723639830361,26.6969307853294],[89.5717729097041,26.6964178881873],[89.5713253693471,26.6951394469736],[89.571397213962,26.6933975539791],[89.5714666893454,26.6915975939174],[89.5717952440849,26.6903790753243],[89.5726450610749,26.6881745265983],[89.5736886435278,26.6858581230105],[89.5706504337935,26.6861326424389],[89.5668954937823,26.6865856328719],[89.5663674945536,26.6866822724881],[89.5658619982057,26.6848446686868],[89.5652906871402,26.6817649901259],[89.5647839835916,26.6789178129219],[89.5647264938274,26.6768270924431],[89.564867767914,26.6747011837418],[89.566422171826,26.6747959813692],[89.5693988246471,26.6748050942004],[89.5717933878831,26.6746378571442],[89.5744475785478,26.6741814630022],[89.5749551577027,26.674134372968],[89.5741900361355,26.6725001867542],[89.5732923225765,26.6707555099333],[89.5716812054736,26.6690085799345],[89.5703943364203,26.6672044595151],[89.5694958482014,26.6649950171865],[89.5693110775009,26.6626713584463],[89.5693160455639,26.6613275450132],[89.5701138624414,26.6615567313498],[89.5707512268728,26.6617391845388],[89.5757051612425,26.661476979598],[89.5772856595358,26.6612789348725],[89.5783127609611,26.6613306823218],[89.5790964799711,26.6613103998748],[89.5818697763684,26.6611813697552],[89.5856555851248,26.6609577826095],[89.5886801876742,26.6608162233306],[89.592130100089,26.6603838759912],[89.5948479921776,26.660336996745],[89.5959354279401,26.6603247698714],[89.5970285800346,26.6601709044568],[89.5985799085934,26.6633062355551],[89.6001877888049,26.667537900453],[89.601798353889,26.6710213566663],[89.6022424851516,26.6719052141122],[89.604867732845,26.6717709138846],[89.6082341064102,26.6716645431967],[89.6123765606649,26.6715597078751],[89.6141878991159,26.6714483031742],[89.6167750851614,26.671455217797],[89.6181995867672,26.6714009048578],[89.6202067448861,26.6713481021214],[89.6252546720884,26.6708383101042],[89.6291193680565,26.670370697368],[89.6308858715297,26.6701561017069],[89.6337364330873,26.6694668056186],[89.6398215719172,26.6682045851483],[89.6425571809695,26.6680889034701],[89.6425962939983,26.6692607231513],[89.642268158187,26.6705949962731],[89.6418111619299,26.6721622817726],[89.6410967760779,26.673321388506],[89.6396009645581,26.6752920975462],[89.6381705783786,26.6772628824976],[89.637130532902,26.6788862374631],[89.6349216141418,26.6815515181665],[89.6327153456637,26.6841013986695],[89.6310238047764,26.686768279918],[89.6305636943821,26.6884509073064],[89.6304346931565,26.6895242724593],[89.6315228429712,26.6902029374127],[89.6326051730392,26.691110926286],[89.6316839953408,26.6916361797997],[89.6303440826311,26.6927062728921],[89.6293576235328,26.6932362106799],[89.628476425102,26.6938252808624],[89.6277707053789,26.6945082111776],[89.6264312313764,26.695415268305],[89.6252974768497,26.6964011710895],[89.6244181145547,26.6971667284464],[89.6228820934715,26.6982040339744],[89.6222806624723,26.6985380383663],[89.6214852207196,26.6989783177867],[89.6199355020906,26.6995845709646],[89.6181701419746,26.7000683433496],[89.6153666549363,26.7007255150598],[89.614731404665,26.7005579125009]]]},"properties":{"id":null,"description":null,"altitudeMode":null,"tessellate":null,"extrude":null,"visibility":null,"drawOrder":null,"icon":null,"AREA":null,"PERIMETER":null,"division":"BuxaTR_EAST","beat":"Jainti-North","range":"Jainti","layer":"master","path":"C:/Users/user/OneDrive/Desktop/Buxaroad/master.geojson","fill-opacity":0,"stroke-opacity":1,"stroke":"#ff0000","SID":"028","DID":"003","RID":"004","BID":"002","State":"West_Bengal","Beat_Ar":21.6114}},
{"type":"Feature","geometry":{"type":"Polygon","coordinates":[[[89.6425571809695,26.6680889034701],[89.6398215719172,26.6682045851483],[89.6337364330873,26.6694668056186],[89.6308858715297,26.6701561017069],[89.6291193680565,26.670370697368],[89.6252546720884,26.6708383101042],[89.6202067448861,26.6713481021214],[89.6181995867672,26.6714009048578],[89.6167750851614,26.671455217797],[89.6141878991159,26.6714483031742],[89.6123765606649,26.6715597078751],[89.6082341064102,26.6716645431967],[89.604867732845,26.6717709138846],[89.6022424851516,26.6719052141122],[89.601798353889,26.6710213566663],[89.6001877888049,26.667537900453],[89.5985799085934,26.6633062355551],[89.5970285800346,26.6601709044568],[89.5961495198168,26.6587343979103],[89.5953934946589,26.656617436016],[89.5944627399315,26.6541817931053],[89.5934106234454,26.6512678151739],[89.5914008236598,26.6443722264884],[89.591028233626,26.6425332192768],[89.5907430077788,26.6408130834552],[89.5903859616936,26.6381357796386],[89.5900945594204,26.6360592554516],[89.5895404242909,26.6337104340732],[89.5888259609778,26.6305723776493],[89.594347736883,26.6305226138678],[89.5979314448425,26.6303872962264],[89.60232870857,26.6302150745555],[89.6036423510203,26.630103236245],[89.6054257425049,26.6299138828949],[89.6071433095294,26.6298882506942],[89.6094360934758,26.6298075750437],[89.6125721272902,26.6298597013128],[89.6176544518536,26.6298230481747],[89.619332352047,26.6296448751898],[89.6207414802603,26.629494566554],[89.6260382009227,26.6291497588989],[89.6279798215676,26.6289326505976],[89.6319513444902,26.6284172522399],[89.6354772532143,26.6282196164685],[89.6368405366047,26.6282794868256],[89.6383994863883,26.6283472389449],[89.6417529862932,26.6279252720585],[89.6447470641031,26.6275908621277],[89.6463319486555,26.6273883523816],[89.64783573649,26.6274839948449],[89.6519209196216,26.627481093699],[89.654439359657,26.6274794148106],[89.6588375655809,26.6269394068512],[89.6634267348224,26.6263239901349],[89.6660661232747,26.6261689742534],[89.666696489825,26.6261319686147],[89.6689164183245,26.6268861922438],[89.6690850061958,26.6276537860618],[89.6695940323925,26.6278841181368],[89.6701008963317,26.628860078389],[89.6698458300634,26.6293751872801],[89.6700329808269,26.630694432517],[89.6705363681558,26.632873719037],[89.6709767839072,26.6351676708856],[89.6707432866756,26.6360432034785],[89.6703214720089,26.6359948682558],[89.6691556606411,26.6362245879315],[89.6668902775783,26.6363938908205],[89.6648202624279,26.6366795889203],[89.6625543399745,26.6369641672438],[89.6606105448255,26.6370689753342],[89.6608719336648,26.6378309819469],[89.6615780339037,26.6393429779253],[89.6622215123743,26.6408540106309],[89.6623454907352,26.6422481717976],[89.6625351222327,26.643525944146],[89.6624682288195,26.6449195197014],[89.6619468888228,26.6463116481807],[89.6609699688345,26.6479933612146],[89.660061099937,26.6496175905598],[89.6590194347752,26.6511246453629],[89.6576534230741,26.6536182478988],[89.6576003014577,26.653722361918],[89.6566126634256,26.6556481021111],[89.6553796452255,26.6572710117435],[89.6539529604702,26.6581392834543],[89.6510378021311,26.6595254157465],[89.6484480931761,26.6604483330371],[89.6460485061289,26.6616039048422],[89.6444939509371,26.662354846912],[89.6434560936558,26.6633394887019],[89.6429338139188,26.6649058418735],[89.642864550647,26.666183538683],[89.6425364247128,26.667517812423],[89.6425571809695,26.6680889034701]]]},"properties":{"id":null,"description":null,"altitudeMode":null,"tessellate":null,"extrude":null,"visibility":null,"drawOrder":null,"icon":null,"AREA":null,"PERIMETER":null,"division":"BuxaTR_EAST","beat":"Jainti-South","range":"Jainti","layer":"master","path":"C:/Users/user/OneDrive/Desktop/Buxaroad/master.geojson","fill-opacity":0,"stroke-opacity":1,"stroke":"#ff0000","SID":"028","DID":"003","RID":"004","BID":"004","State":"West_Bengal","Beat_Ar":28.3742}},
{"type":"Feature","geometry":{"type":"Polygon","coordinates":[[[89.7276446516409,26.6710174975173],[89.7276755309663,26.6707125699788],[89.7275730260554,26.6683944322519],[89.7275745591342,26.6677055064964],[89.725938775566,26.6680172754543],[89.7253111992634,26.6699198969855],[89.7244374608858,26.6708145654165],[89.7219217195246,26.6714251790337],[89.7216930229295,26.6714812510989],[89.7206933467887,26.6714792791891],[89.7195749670009,26.6706931068989],[89.7184565373263,26.6688988007207],[89.7183328185198,26.6681143844231],[89.7189596536211,26.6675560593673],[89.7189611703808,26.6668834875516],[89.7193633338302,26.6657399270164],[89.7183445165442,26.663298645461],[89.7177217070611,26.6632974439414],[89.7165994185326,26.6630707660722],[89.7129849793644,26.6631759176595],[89.7094009628329,26.6631004169213],[89.7071254128021,26.6630516718318],[89.7025109906725,26.6632667179994],[89.6996445564014,26.663484658533],[89.6968998970458,26.6632549691597],[89.6922416265049,26.6629479515535],[89.6920831910747,26.6630096239406],[89.6919600377939,26.6630579036774],[89.691950587954,26.6627796867005],[89.6927928765286,26.6596282105255],[89.6936502366746,26.6583687406557],[89.6949209734181,26.6555857838053],[89.6954422809581,26.653113223916],[89.6954096939963,26.6512194481985],[89.6953660784693,26.64867580339],[89.6961059566238,26.64714305998],[89.6963551209962,26.6469663734194],[89.6963251660999,26.6449964265774],[89.7005702632479,26.6426530167873],[89.7117887208809,26.6423405471114],[89.7116614016835,26.6440202317245],[89.7117844665797,26.6440204399625],[89.7128992380879,26.6471591279594],[89.7130230896365,26.6478310359111],[89.7136005645589,26.647881875278],[89.7140044256374,26.6481003391409],[89.7147684436809,26.6488471386824],[89.7159160279207,26.6489068723692],[89.717000422962,26.6491388133266],[89.7178286987973,26.6493118067597],[89.719167123444,26.6504038392186],[89.720249452984,26.6514374872038],[89.7201809541755,26.6528133175536],[89.7205646157971,26.6530435680901],[89.721712006914,26.6531605003304],[89.722138542199,26.653318600119],[89.7232519440985,26.6540557531045],[89.7232188021808,26.6542631384332],[89.7229001376523,26.6562042996519],[89.7229236863248,26.6579049959794],[89.7229006689305,26.6580550137008],[89.7229205517126,26.6581452920963],[89.723166525104,26.659270277811],[89.7285452416462,26.6597801341387],[89.7324381936451,26.6597873725481],[89.7370745115688,26.6597961234632],[89.7386266988607,26.6597988301696],[89.7410679400714,26.659803305679],[89.7435365332413,26.6599853396433],[89.7430319559952,26.6632324612599],[89.7429116171091,26.6631239627703],[89.7405904920145,26.6633007786309],[89.7376127749451,26.6628234819343],[89.7374395002104,26.6627954303704],[89.7358895248236,26.6628998419753],[89.7359465375604,26.6632327407345],[89.7361720809455,26.6645643659609],[89.7377875988097,26.6665833893325],[89.7381594582739,26.6675920296657],[89.7377834087394,26.6683754957693],[89.7364110758124,26.668820923559],[89.7346646117582,26.6691533224732],[89.7331675607447,26.6691504676303],[89.7325345161318,26.6691494571904],[89.7324130668727,26.6706164512954],[89.732432844664,26.6707924546328],[89.7315611384727,26.6707909702567],[89.7300061590598,26.6709041245656],[89.7276446516409,26.6710174975173]]]},"properties":{"id":null,"description":null,"altitudeMode":null,"tessellate":null,"extrude":null,"visibility":null,"drawOrder":null,"icon":null,"AREA":null,"PERIMETER":null,"division":"BuxaTR_EAST","beat":"Kartik","range":"NorthRydak","layer":"master","path":"C:/Users/user/OneDrive/Desktop/Buxaroad/master.geojson","fill-opacity":0,"stroke-opacity":1,"stroke":"#ff0000","SID":"028","DID":"003","RID":"006","BID":"001","State":"West_Bengal","Beat_Ar":7.34194}},
{"type":"Feature","geometry":{"type":"Polygon","coordinates":[[[89.8061856514954,26.7116459360061],[89.8069387852134,26.7074767981055],[89.8088896992336,26.7052727493431],[89.8086948917712,26.7029567659863],[89.8089718008031,26.7010636609283],[89.8078047387344,26.6972376445941],[89.8090062484306,26.6954009878786],[89.8103055872219,26.6935861959048],[89.8113322973517,26.6925260801962],[89.8124470364846,26.6913737519526],[89.8125910492223,26.6893636236109],[89.812512633517,26.6880621428119],[89.8126776742404,26.6869924430411],[89.8128552459758,26.6844052278267],[89.8128299937954,26.6829110358864],[89.8124380923442,26.6797809454308],[89.8186409110556,26.6793764362603],[89.8257881470241,26.6790409999419],[89.8320432257104,26.6789338557631],[89.8379145074277,26.6784820339195],[89.8423811305618,26.6782571671866],[89.842526842436,26.6782572487636],[89.8428173919916,26.6807667736439],[89.842825456621,26.6841036333372],[89.8430223782536,26.6871447776533],[89.8430377122125,26.690600253881],[89.8430417606354,26.6913482963032],[89.8429115767755,26.6947580070595],[89.8434066047787,26.6966013658166],[89.8433944623576,26.7001040033798],[89.8433942489897,26.7002173622868],[89.8442349812394,26.7047956587011],[89.841948057802,26.7051020113374],[89.8372160964344,26.7056704117381],[89.8337267001593,26.7069825288192],[89.8336362941207,26.7070056926986],[89.82545292741,26.7084887833949],[89.8185480238474,26.7102020313875],[89.811003046777,26.7113402714355],[89.8062734991134,26.7116789365878],[89.8061856514954,26.7116459360061]]]},"properties":{"id":null,"description":null,"altitudeMode":null,"tessellate":null,"extrude":null,"visibility":null,"drawOrder":null,"icon":null,"AREA":null,"PERIMETER":null,"division":"BuxaTR_EAST","beat":"Kumargram","range":"Kumargram","layer":"master","path":"C:/Users/user/OneDrive/Desktop/Buxaroad/master.geojson","fill-opacity":0,"stroke-opacity":1,"stroke":"#ff0000","SID":"028","DID":"003","RID":"005","BID":"001","State":"West_Bengal","Beat_Ar":10.2916}},
{"type":"Feature","geometry":{"type":"Polygon","coordinates":[[[89.7069850041988,26.7267471482654],[89.7068568811386,26.7257106793526],[89.7068141074914,26.7237321743122],[89.7067929696005,26.7221290216591],[89.7067546018408,26.720402845592],[89.7067523869266,26.7203177106169],[89.7073579133597,26.7203188753391],[89.7085324286636,26.719926284699],[89.7099226919323,26.7196661554194],[89.7123232043056,26.718409656875],[89.7146882971618,26.7182287820973],[89.7169619861374,26.7163147283154],[89.7193047942667,26.7139054710352],[89.7223003292793,26.7127309824838],[89.7254007068025,26.7117739814134],[89.7272139316584,26.7100788446275],[89.7291072234482,26.7084577190786],[89.7304715092691,26.7073965765704],[89.7321725190339,26.7063476628551],[89.7331416398888,26.704449583057],[89.7345703307237,26.7026809484108],[89.7348653515393,26.7022210779212],[89.736111526913,26.7011052142487],[89.7362723455384,26.7011055007057],[89.7362960526414,26.6995441119217],[89.7407258762026,26.6993863017121],[89.7408665450343,26.6993938801987],[89.7438635412828,26.699557825592],[89.7447682001137,26.6994917074472],[89.7460799289384,26.6993957557982],[89.7480373657943,26.6993067779009],[89.7534699175169,26.6989768810877],[89.7531721759095,26.6972062890093],[89.7532500515932,26.6960584771017],[89.7527994192657,26.6953255192222],[89.7512949717198,26.6939398024181],[89.7500761761622,26.6917006270398],[89.749706282986,26.6908025432829],[89.7492117475562,26.6894652460542],[89.7491904328518,26.6877228133349],[89.7491566577173,26.6870340472494],[89.7491300698708,26.6865482250002],[89.7491219552706,26.6845084115985],[89.7491655312563,26.682922245789],[89.7489635408884,26.6811005443269],[89.7484149684564,26.6780730950418],[89.7486024332448,26.6750007585343],[89.7498129386936,26.6705010628741],[89.7498330887115,26.6704224211034],[89.7505586822839,26.6682824711995],[89.7509762963795,26.6668042017756],[89.751588046705,26.6650040401773],[89.7516509866752,26.662540642466],[89.7509360582761,26.6598522268122],[89.7511988767447,26.6567535746491],[89.7533764454887,26.6543464104896],[89.7558779366091,26.6531582010746],[89.7564135693484,26.6528317975869],[89.7574682027284,26.6516992435566],[89.757469223553,26.6512542504544],[89.7588801163802,26.6490756043559],[89.7605555257236,26.6465338464546],[89.7632496290155,26.646748846005],[89.7680391181111,26.646524037075],[89.7719200508148,26.6460662069202],[89.7763205971908,26.6457244371831],[89.7774305899833,26.6456877047543],[89.7796858804086,26.6456134894758],[89.7829202448732,26.6457344906459],[89.7847312495124,26.6455053226934],[89.787190454664,26.6451605371332],[89.7901675508223,26.6444682582526],[89.7931446025122,26.6437753549441],[89.7956048494869,26.6428498019141],[89.7968990669733,26.6422711482719],[89.7980777386296,26.6417920778429],[89.7976419349184,26.644038826319],[89.7965499260161,26.6452011794056],[89.7955963555643,26.6462140129723],[89.7936788019753,26.6483898110527],[89.7916310649154,26.6517109678061],[89.7912094708662,26.652968874256],[89.7904791856428,26.654002264026],[89.7911132543767,26.6561816376993],[89.792128737184,26.6584754721509],[89.7923802335602,26.6611131014895],[89.7914812490252,26.6637483374481],[89.7918633450113,26.6650101971325],[89.7937746250071,26.6665031379904],[89.7936931089859,26.6671121307825],[89.7935148648938,26.6684515625366],[89.794023720647,26.6705157544523],[89.7951791103716,26.6719367323313],[89.7934956639568,26.6736581154934],[89.7920472973712,26.6745226570732],[89.7908391647763,26.675820385144],[89.7860122670543,26.6779794946628],[89.7835978909837,26.6794922746201],[89.7826300166412,26.6812237141248],[89.7835903025621,26.6836076838251],[89.7838274377381,26.6857743063986],[89.7835833476379,26.687289951714],[89.7823755481251,26.688371326517],[89.7816487935698,26.6901031141638],[89.7789940994549,26.6909654809428],[89.7787489016064,26.6931311130952],[89.7787472706463,26.6939649682614],[89.7787439619115,26.6957305282837],[89.7772918448659,26.6983275050655],[89.7760808976862,26.700925113473],[89.7768787672092,26.7028594137406],[89.7763490804932,26.7026193132336],[89.7741363666883,26.7021902017094],[89.7723951404783,26.7021874476334],[89.7712108237206,26.7026824725671],[89.7700230458573,26.703603613789],[89.7691510775325,26.7048797745757],[89.7678807911826,26.7068655846811],[89.7666123398055,26.7092063836657],[89.7656587649632,26.7111216794344],[89.7647071879834,26.7132495630654],[89.7633598015787,26.7147383072538],[89.7616176553258,26.7163684291252],[89.7596355608691,26.7185657678693],[89.7591586041791,26.7194875851782],[89.7591569628834,26.7203394899814],[89.7594715057554,26.7213338205709],[89.7601007708768,26.723322758439],[89.760807482955,26.7255244760725],[89.7607264878497,26.7270152209653],[89.7604852775467,26.7282214576352],[89.7591368511284,26.7301359810622],[89.7576323828485,26.7321212339093],[89.7554924317809,26.7339634858501],[89.7545443380101,26.7342462222046],[89.753436206236,26.7341023124076],[89.7517759316908,26.7336736477612],[89.7497222385574,26.7326762597515],[89.7490317577425,26.732343299231],[89.7474224863647,26.7315699266827],[89.747352221913,26.7315361088425],[89.7455368741991,26.7307522842312],[89.7435608593632,26.7298968138895],[89.7414279916214,26.7295384154043],[89.739055815487,26.7294632193127],[89.7362897610513,26.729032147124],[89.734629979105,26.7284611478587],[89.7330515810727,26.7273933952207],[89.7310757234354,26.7265380252498],[89.7290215893626,26.7258950744494],[89.7276784085365,26.7253243565024],[89.7267321762786,26.7248263354482],[89.7256250883728,26.7243271650856],[89.7243610547748,26.7243247892845],[89.7237150015684,26.7244290914144],[89.7234912347534,26.7244648064917],[89.7228567433223,26.7249606491407],[89.7228537204652,26.7262383854032],[89.7222975428698,26.727657074773],[89.7213444550284,26.7289333864224],[89.7201581204766,26.7300667354975],[89.7188118770407,26.730774235679],[89.7173074520696,26.7314100417404],[89.7159623137443,26.731691696155],[89.7135110446692,26.7320417109899],[89.7118489956423,26.7323934281667],[89.7103451336949,26.732745754214],[89.7088405965818,26.7334522542181],[89.7073382077423,26.7342300568736],[89.7071468289627,26.7343742054025],[89.7069850041988,26.7267471482654]]]},"properties":{"id":null,"description":null,"altitudeMode":null,"tessellate":null,"extrude":null,"visibility":null,"drawOrder":null,"icon":null,"AREA":null,"PERIMETER":null,"division":"BuxaTR_EAST","beat":"Mainabari","range":"NorthRydak","layer":"master","path":"C:/Users/user/OneDrive/Desktop/Buxaroad/master.geojson","fill-opacity":0,"stroke-opacity":1,"stroke":"#ff0000","SID":"028","DID":"003","RID":"006","BID":"002","State":"West_Bengal","Beat_Ar":35.512}},
{"type":"Feature","geometry":{"type":"Polygon","coordinates":[[[89.7919938508125,26.6096101339545],[89.789754929179,26.6093199821871],[89.7873452790655,26.6090996193625],[89.7846946083061,26.6088791403954],[89.7841071401842,26.6089220470946],[89.7818021074404,26.609091395706],[89.7793916618839,26.609304043582],[89.7767418271883,26.6086502691983],[89.7742029943147,26.6077751062943],[89.7742207701788,26.6076561665197],[89.7742944097637,26.607202370968],[89.7745549046023,26.6050213083247],[89.7718732551107,26.6052662571671],[89.7710001431052,26.6050298334703],[89.7678736983194,26.6054928700257],[89.7648332873774,26.6056440163584],[89.764368807945,26.6056432973698],[89.764602431248,26.6055907665377],[89.7646858571534,26.6052913841094],[89.7647725142005,26.6046919229375],[89.7648562911065,26.60424195278],[89.7649400718009,26.6037922645164],[89.7650239580837,26.6032678472291],[89.765110612494,26.602668385854],[89.7649437933922,26.6019933964388],[89.7647832138758,26.60193842801],[89.7648494976007,26.6002078705641],[89.764486503592,26.5997645746428],[89.7651543912833,26.5972499436335],[89.7658054315521,26.5956105383419],[89.7662519729901,26.5944885874311],[89.7667083675316,26.5910705387282],[89.7661253279384,26.5877638172856],[89.765383382712,26.5860585210231],[89.7639363811327,26.5842181511394],[89.76354457216,26.581894038421],[89.7628055147007,26.5801057831112],[89.7616827618178,26.5768953942759],[89.7611222343456,26.5749498196737],[89.7601038900183,26.5722710863144],[89.760056919819,26.5695930180431],[89.7598084973301,26.5695554843669],[89.7580979550497,26.569088786212],[89.7570388018058,26.5691297888403],[89.7559797554276,26.5679661071898],[89.7557744351001,26.5677410727308],[89.7554081734452,26.5665400709374],[89.7566658021781,26.5628693507734],[89.7569134883204,26.5620282082857],[89.7574831811969,26.5596673740824],[89.7579938816216,26.5579121424961],[89.7582632497531,26.557484978396],[89.7586737497775,26.5568301930308],[89.7588334062727,26.5560702215771],[89.7588903675016,26.5541026132461],[89.7592425261554,26.5537054436145],[89.7597541134576,26.5527084758742],[89.7597676000419,26.5522162305223],[89.759800574465,26.5508960932561],[89.7602335026715,26.5502740199952],[89.7606440370803,26.5483733820008],[89.7607033305777,26.5464779338503],[89.7607679759039,26.545567704861],[89.7599570540643,26.5446181085318],[89.758477405922,26.540742340092],[89.7587349936326,26.5399777744374],[89.7588646830362,26.5380070080092],[89.7592817549257,26.5365552256132],[89.7596037587449,26.5350298885534],[89.76004127759,26.5345371953775],[89.7602414446271,26.5348082552682],[89.7604931893582,26.5367599252753],[89.7612550144281,26.5383683023689],[89.7624005459473,26.5400336815106],[89.7644417665281,26.5405540560405],[89.7654217193055,26.5410514696757],[89.7662438194969,26.541471312601],[89.7668852933962,26.5430884794459],[89.7671426949024,26.5460019388134],[89.7681498909359,26.5478804761072],[89.7688206226829,26.5499986502178],[89.7679404196207,26.5521710605049],[89.7696807453665,26.5563409684087],[89.7709035466123,26.5572078291546],[89.7715146704506,26.5590534755691],[89.772467457909,26.5619277993644],[89.7748909869283,26.5710386287324],[89.7753317905535,26.5727044910258],[89.7831159851305,26.5731883126481],[89.7912223988024,26.5731242551633],[89.7908340119124,26.5742232657353],[89.7906428457808,26.5757374196972],[89.7902277133525,26.5776378984523],[89.7897166620237,26.5798370822526],[89.7894008558556,26.5809749365872],[89.7894334898681,26.5823046713829],[89.7889170484929,26.5846835476107],[89.7887282427534,26.5862910074948],[89.789115178148,26.5888322231711],[89.7890816424499,26.5892779064844],[89.7888682578836,26.5919766920789],[89.7894278821584,26.594804206304],[89.7908815721506,26.597329443473],[89.7904726219064,26.5986235663936],[89.7909624874199,26.6011282249559],[89.7895675058653,26.6034191886913],[89.7901519879843,26.6050479279542],[89.7902989001348,26.6070321243179],[89.7906577316493,26.6085280654907],[89.7919938508125,26.6096101339545]]]},"properties":{"id":null,"description":null,"altitudeMode":null,"tessellate":null,"extrude":null,"visibility":null,"drawOrder":null,"icon":null,"AREA":null,"PERIMETER":null,"division":"BuxaTR_EAST","beat":"Marakata","range":"SouthRydak","layer":"master","path":"C:/Users/user/OneDrive/Desktop/Buxaroad/master.geojson","fill-opacity":0,"stroke-opacity":1,"stroke":"#ff0000","SID":"028","DID":"003","RID":"007","BID":"003","State":"West_Bengal","Beat_Ar":13.5805}},
{"type":"Feature","geometry":{"type":"Polygon","coordinates":[[[89.7312083481033,26.5307551968035],[89.7312858733185,26.5298205627356],[89.7314164899309,26.528672939417],[89.7307807583037,26.5270645427467],[89.7293788626266,26.5268322880502],[89.7286092231102,26.527634608112],[89.7277169617374,26.5272881452953],[89.7260612262859,26.5262521425207],[89.7246599893082,26.5257902866973],[89.7233867851149,26.5242956016577],[89.7230069530643,26.5226882977791],[89.7225024920051,26.5207359239209],[89.7232726958178,26.518671688568],[89.7242960303594,26.5177555012964],[89.7244259057314,26.5169522090267],[89.7238974600169,26.5166134396514],[89.7235952407922,26.5160841204434],[89.7215985594709,26.5160572236133],[89.7200483086189,26.5150773944945],[89.7185079037276,26.51513433733],[89.7144033680614,26.5144556724645],[89.7131878596085,26.5140289669519],[89.7076513407403,26.5132266009388],[89.7064349663192,26.5121458895419],[89.7074559712909,26.5101889866044],[89.706837352852,26.5060425418199],[89.70811022962,26.5036404418995],[89.7159293012879,26.5032340447424],[89.7219848561846,26.5029173502322],[89.725129814937,26.5030578168235],[89.7278042632598,26.5027355206101],[89.729673213137,26.5025817188574],[89.7329796302534,26.5023557116911],[89.7368367496454,26.5025126379768],[89.7404858264748,26.5026581828833],[89.7444566513282,26.5025160073113],[89.746997537552,26.5024259439369],[89.7484339795806,26.503888525729],[89.7472920741911,26.5052882616108],[89.7466493527029,26.5077551488644],[89.7468997264745,26.5101648388496],[89.7491316674311,26.5103994303098],[89.7497642310268,26.5124087794708],[89.7481640844882,26.5145292923178],[89.7477663628988,26.5162901605375],[89.7471354040644,26.5190594856468],[89.7496832774858,26.5194675616227],[89.7498117679585,26.5203291716006],[89.7533806523696,26.5206789505608],[89.753888568471,26.5224016093988],[89.7547798671675,26.5232070069193],[89.7552855898145,26.5248143501692],[89.7557951270711,26.5258480664],[89.7571942180533,26.5273425845301],[89.7591032227731,26.5297562950745],[89.7597392343746,26.5314790359538],[89.759478398656,26.5337740258349],[89.76004127759,26.5345371953775],[89.7596037587449,26.5350298885534],[89.7592817549257,26.5365552256132],[89.7588646830362,26.5380070080092],[89.7587349936326,26.5399777744374],[89.758477405922,26.540742340092],[89.7599570540643,26.5446181085318],[89.7562592960878,26.5431601848244],[89.7540404940436,26.5423283041273],[89.7523534218636,26.541705851337],[89.7506495894576,26.540629854476],[89.7490508811681,26.5397098976423],[89.747265916879,26.5390911225779],[89.744693707704,26.5382025164255],[89.7433581974074,26.5374357745059],[89.7422027349901,26.5358089855878],[89.7409515834715,26.5354844844149],[89.7405178537184,26.5353724768083],[89.7378709501003,26.5342844380047],[89.7361661523629,26.5327429759203],[89.735707999047,26.5323309247597],[89.7335422962739,26.5314602760266],[89.7312083481033,26.5307551968035]]]},"properties":{"id":null,"description":null,"altitudeMode":null,"tessellate":null,"extrude":null,"visibility":null,"drawOrder":null,"icon":null,"AREA":null,"PERIMETER":null,"division":"BuxaTR_EAST","beat":"Narathali","range":"SouthRydak","layer":"master","path":"C:/Users/user/OneDrive/Desktop/Buxaroad/master.geojson","fill-opacity":0,"stroke-opacity":1,"stroke":"#ff0000","SID":"028","DID":"003","RID":"007","BID":"004","State":"West_Bengal","Beat_Ar":11.9522}},
{"type":"Feature","geometry":{"type":"Polygon","coordinates":[[[89.7768787672092,26.7028594137406],[89.7760808976862,26.700925113473],[89.7772918448659,26.6983275050655],[89.7787439619115,26.6957305282837],[89.7787472706463,26.6939649682614],[89.7787489016064,26.6931311130952],[89.7789940994549,26.6909654809428],[89.7816487935698,26.6901031141638],[89.7823755481251,26.688371326517],[89.7835833476379,26.687289951714],[89.7838274377381,26.6857743063986],[89.7835903025621,26.6836076838251],[89.7826300166412,26.6812237141248],[89.7835978909837,26.6794922746201],[89.7860122670543,26.6779794946628],[89.7908391647763,26.675820385144],[89.7920472973712,26.6745226570732],[89.7934956639568,26.6736581154934],[89.7951791103716,26.6719367323313],[89.7954246783722,26.6722376060243],[89.7979731886146,26.6743047179515],[89.8002671331967,26.6754546104724],[89.7989876499504,26.6774018763713],[89.800515947538,26.6798115092104],[89.8039620758669,26.6800452018638],[89.8117471517188,26.6798264291239],[89.8124380923442,26.6797809454308],[89.8128299937954,26.6829110358864],[89.8128552459758,26.6844052278267],[89.8126776742404,26.6869924430411],[89.812512633517,26.6880621428119],[89.8125910492223,26.6893636236109],[89.8124470364846,26.6913737519526],[89.8113322973517,26.6925260801962],[89.8103055872219,26.6935861959048],[89.8090062484306,26.6954009878786],[89.8078047387344,26.6972376445941],[89.8089718008031,26.7010636609283],[89.8086948917712,26.7029567659863],[89.8088896992336,26.7052727493431],[89.8069387852134,26.7074767981055],[89.8061856514954,26.7116459360061],[89.8010352654137,26.7097201001302],[89.7950322852423,26.7069569411218],[89.789664766584,26.7058015537464],[89.7844254236924,26.7047610880926],[89.7800816414343,26.7045249695651],[89.777016959882,26.7027981824934],[89.7768787672092,26.7028594137406]]]},"properties":{"id":null,"description":null,"altitudeMode":null,"tessellate":null,"extrude":null,"visibility":null,"drawOrder":null,"icon":null,"AREA":null,"PERIMETER":null,"division":"BuxaTR_EAST","beat":"Newlands","range":"Kumargram","layer":"master","path":"C:/Users/user/OneDrive/Desktop/Buxaroad/master.geojson","fill-opacity":0,"stroke-opacity":1,"stroke":"#ff0000","SID":"028","DID":"003","RID":"005","BID":"002","State":"West_Bengal","Beat_Ar":9.58849}},
{"type":"Feature","geometry":{"type":"Polygon","coordinates":[[[89.6231015375941,26.7359026042248],[89.618971462211,26.737685583615],[89.6178668333823,26.7380992107432],[89.6171871340605,26.7383906657495],[89.6166662360488,26.7386143169158],[89.6158935986303,26.7389327708502],[89.6147202204901,26.7388082577567],[89.613785347929,26.7387749228753],[89.6130263579389,26.7387925944049],[89.6119830488104,26.7388563626576],[89.6106519800575,26.7393012762898],[89.6091664081021,26.7393627217553],[89.6065162136239,26.7397092174083],[89.6049644684847,26.7399696160206],[89.6040086164119,26.7402322730465],[89.6019130199627,26.7408081527819],[89.6007415489164,26.7415698303315],[89.5997944023866,26.7421859899862],[89.5985140084339,26.7432373672649],[89.5958335540091,26.7450114970521],[89.5957680268205,26.7450441017169],[89.5955310983495,26.7445487584979],[89.5949462468036,26.7428664446677],[89.5944905007362,26.7416527694192],[89.593909719587,26.7402594550042],[89.5928605133249,26.7369882028381],[89.5932846198666,26.7357477019937],[89.5933675010984,26.7343257646491],[89.5924457363541,26.7319977760234],[89.5908451853604,26.7290333131127],[89.5889174072386,26.7262631326192],[89.5865053298693,26.7254269603701],[89.5847272317158,26.7251104352775],[89.5845714769529,26.7222859487477],[89.5839737389517,26.71938180227],[89.5840432027858,26.7168257988137],[89.5836972648101,26.7158911606724],[89.583099640244,26.7136477380072],[89.5841894151943,26.7124768081023],[89.5856101891632,26.7114829308166],[89.585908445316,26.7095828418482],[89.5856709535786,26.7085513947508],[89.5852172519252,26.7075232116493],[89.5846491865611,26.7076017576132],[89.5832236512904,26.7078300390635],[89.5821199186828,26.7080135415925],[89.5813789595516,26.7065508824327],[89.5803488629833,26.7051540477232],[89.577833520154,26.703114140378],[89.5755113030044,26.7005523048948],[89.5734509570261,26.6978750008169],[89.5723639830361,26.6969307853294],[89.5752060663657,26.6967734575892],[89.5766934205125,26.6967777901476],[89.578701617878,26.6965512683346],[89.5812269859603,26.6964424681563],[89.5841391637325,26.6963927519315],[89.5867270468686,26.6963420943201],[89.5892522682683,26.6962912461421],[89.5907396166743,26.6962954318708],[89.5932632803212,26.6966511779472],[89.5969494935798,26.6972419489537],[89.5979161269809,26.6974152036186],[89.6002487961914,26.6978321972466],[89.6041961274135,26.6984818699958],[89.6064788079277,26.6988361571049],[89.6065340470107,26.6988445551202],[89.6067373899941,26.6988763725984],[89.6070286987765,26.6989210106255],[89.6076237688188,26.6990135276568],[89.6104686489934,26.6995441095683],[89.6120229511165,26.6998383354115],[89.6126455124109,26.6999753566168],[89.6128614862554,26.7000228135556],[89.6138983452644,26.7002501488988],[89.614731404665,26.7005579125009],[89.6145366441864,26.7009783382542],[89.614195420917,26.7015809123122],[89.6137445265708,26.7026692117515],[89.6132269101008,26.7049610028637],[89.6132045904948,26.7056270607853],[89.6138848058939,26.7073527749899],[89.6143601067821,26.7087130905467],[89.615177933179,26.7113712143606],[89.615790446278,26.7131024816882],[89.6159230439105,26.7147704111573],[89.6158506997363,26.7161290671528],[89.6156373283296,26.7176111551918],[89.6156328311655,26.7189696010547],[89.615766859688,26.7202052068923],[89.6165196020167,26.7213192619617],[89.6174814032427,26.7223099477095],[89.6183710782877,26.7230535724813],[89.619883902472,26.7237988090423],[89.6210482194334,26.7250987620688],[89.6228380313335,26.727248253564],[89.6226336339127,26.7275218783379],[89.6224517609534,26.7278220347728],[89.6218745694151,26.7283249634089],[89.6212440859737,26.7289912133913],[89.6208458240655,26.7301263063671],[89.6211570266909,26.7318308139798],[89.6220198175972,26.7338919369122],[89.6231015375941,26.7359026042248]]]},"properties":{"id":null,"description":null,"altitudeMode":null,"tessellate":null,"extrude":null,"visibility":null,"drawOrder":null,"icon":null,"AREA":null,"PERIMETER":null,"division":"BuxaTR_EAST","beat":"Phaskhawa","range":"Jainti","layer":"master","path":"C:/Users/user/OneDrive/Desktop/Buxaroad/master.geojson","fill-opacity":0,"stroke-opacity":1,"stroke":"#ff0000","SID":"028","DID":"003","RID":"004","BID":"003","State":"West_Bengal","Beat_Ar":14.5855}},
{"type":"Feature","geometry":{"type":"Polygon","coordinates":[[[89.8442349812394,26.7047956587011],[89.8433942489897,26.7002173622868],[89.8433944623576,26.7001040033798],[89.8434066047787,26.6966013658166],[89.8429115767755,26.6947580070595],[89.8430417606354,26.6913482963032],[89.8430377122125,26.690600253881],[89.8430223782536,26.6871447776533],[89.842825456621,26.6841036333372],[89.8428173919916,26.6807667736439],[89.842526842436,26.6782572487636],[89.8459556536054,26.6782608960737],[89.8487646835922,26.6778052963],[89.8502978335597,26.6771192718269],[89.8510479493933,26.6759970741621],[89.851830577786,26.674827921839],[89.8536245532301,26.6704735594888],[89.8559252585332,26.6665781014438],[89.8574614313924,26.6632548866065],[89.8593793290911,26.6599320150725],[89.8602745228175,26.6590159751673],[89.8630799673093,26.6590183765279],[89.8657607106017,26.6583334851233],[89.8689528110585,26.6583363282693],[89.8710823560938,26.6586720278219],[89.8717604230582,26.6586450418372],[89.8720317817064,26.6586019863886],[89.8739283413345,26.6583028787541],[89.8753304938951,26.6599088418949],[89.8755334654133,26.6604540449131],[89.8749868053359,26.6618720066751],[89.8750369554572,26.6643301984063],[89.876516292545,26.6668174359134],[89.8771167446882,26.6689669115441],[89.8773878425271,26.6716057432875],[89.8768806546806,26.6737946815451],[89.8754687201394,26.6763942970605],[89.8754665556567,26.6783887571278],[89.8750956200897,26.6799273389527],[89.8750805642693,26.6799954946606],[89.8737983758688,26.6832083754989],[89.8727748377095,26.6843554436649],[89.8711119625605,26.6864200376722],[89.8696224302256,26.6885542337789],[89.8691920775026,26.6891732085652],[89.8677841852262,26.6902049037947],[89.866887326463,26.6923854080254],[89.866499465103,26.6954838164184],[89.8659873354405,26.6973200317305],[89.862152001516,26.6984642426995],[89.8614232418824,26.6986813472046],[89.8590831809703,26.6993797717916],[89.8544780241878,26.701327079633],[89.8520485098909,26.7032757310552],[89.8470621061254,26.7044185056437],[89.8456472921259,26.7046072464018],[89.8442349812394,26.7047956587011]]]},"properties":{"id":null,"description":null,"altitudeMode":null,"tessellate":null,"extrude":null,"visibility":null,"drawOrder":null,"icon":null,"AREA":null,"PERIMETER":null,"division":"BuxaTR_EAST","beat":"Sankosh","range":"Kumargram","layer":"master","path":"C:/Users/user/OneDrive/Desktop/Buxaroad/master.geojson","fill-opacity":0,"stroke-opacity":1,"stroke":"#ff0000","SID":"028","DID":"003","RID":"005","BID":"003","State":"West_Bengal","Beat_Ar":10.9525}},
{"type":"Feature","geometry":{"type":"Polygon","coordinates":[[[89.5520392996665,26.7618436059639],[89.5501063580108,26.7617756794625],[89.548173887632,26.762898906371],[89.5460385690748,26.7625195502875],[89.5422884562812,26.7604547451155],[89.5413121659073,26.7600420929439],[89.5409654884399,26.7599908774662],[89.538827461497,26.7596726346738],[89.5353738517967,26.7589569112537],[89.5327642363018,26.7571586510409],[89.5291283439027,26.7561511777093],[89.5283219616459,26.7560298833671],[89.5254913945343,26.7560460397793],[89.5229817101845,26.7538666521379],[89.5222632466117,26.7531386267638],[89.5221733397508,26.7529827981491],[89.5220412598729,26.7527160304463],[89.5241786666556,26.75190848785],[89.5270091189478,26.7500378899223],[89.5272241221106,26.7496918048325],[89.5290492682135,26.7477479737252],[89.5292416238295,26.7474359711654],[89.5306861674789,26.7451152414441],[89.5320590786391,26.7424949369699],[89.5321855466177,26.7397817980215],[89.5320701012121,26.7372799605116],[89.5336975116835,26.7338280715925],[89.534726772977,26.7322066651931],[89.5365539174334,26.7303352000771],[89.5403084169505,26.727175148222],[89.5441537141356,26.7245532075991],[89.5459008730142,26.7231280700296],[89.5469614994833,26.7230987245511],[89.549675714161,26.7230411382046],[89.5497838867029,26.7230142922622],[89.5502040545769,26.7229101467841],[89.553205169615,26.7227323209894],[89.5550536180119,26.7223651749532],[89.5586856088335,26.722160002681],[89.5628356464849,26.7218658322423],[89.5642935114363,26.7218150544677],[89.5669852088853,26.7217215725382],[89.5676029140362,26.7218548943468],[89.5697248673587,26.7215637754145],[89.5708746426573,26.7212112158335],[89.5729075379654,26.7212179872033],[89.5739625480808,26.7206574906179],[89.5748340538092,26.7200942324609],[89.5750826239487,26.7194857257221],[89.575781351438,26.7187752031617],[89.5759452378047,26.7179378041712],[89.5761144035737,26.7170278713701],[89.5767233792033,26.7167802646088],[89.5774166303081,26.7161527045622],[89.5785603509407,26.7153562793111],[89.5788200635293,26.7151241168874],[89.5798738722534,26.7148574394631],[89.5808515455088,26.7148208723856],[89.583099640244,26.7136477380072],[89.5836972648101,26.7158911606724],[89.5840432027858,26.7168257988137],[89.5839737389517,26.71938180227],[89.5845714769529,26.7222859487477],[89.5847272317158,26.7251104352775],[89.5865053298693,26.7254269603701],[89.5889174072386,26.7262631326192],[89.5908451853604,26.7290333131127],[89.5924457363541,26.7319977760234],[89.5933675010984,26.7343257646491],[89.5932846198666,26.7357477019937],[89.5928605133249,26.7369882028381],[89.593909719587,26.7402594550042],[89.5944905007362,26.7416527694192],[89.5949462468036,26.7428664446677],[89.5955310983495,26.7445487584979],[89.5957680268205,26.7450441017169],[89.5955871552026,26.7450520622324],[89.5934437386917,26.7441371385524],[89.590450764606,26.744011460463],[89.588164402181,26.7444697156492],[89.5850715962553,26.744802450722],[89.5814480442555,26.745234673124],[89.578101890947,26.7461422697747],[89.5769621335267,26.7464516363625],[89.5750346813988,26.7477192617506],[89.5711781806884,26.7499766826928],[89.5682066229875,26.7521139385936],[89.5655617524762,26.7529579227607],[89.5626695022984,26.7540394987981],[89.5621564681505,26.7554230295013],[89.563700258166,26.7580085875434],[89.564043826889,26.7582222153463],[89.5624746491766,26.7584048018564],[89.5604703329649,26.7585941437719],[89.5590715231781,26.7589073558876],[89.5575842816914,26.7593151528736],[89.5557182144448,26.7595508473313],[89.554034499335,26.7600817469912],[89.552629140894,26.7607703155389],[89.5520392996665,26.7618436059639]]]},"properties":{"id":null,"description":null,"altitudeMode":null,"tessellate":null,"extrude":null,"visibility":null,"drawOrder":null,"icon":null,"AREA":null,"PERIMETER":null,"division":"BuxaTR_EAST","beat":"Santrabari","range":"Buxaduar","layer":"master","path":"C:/Users/user/OneDrive/Desktop/Buxaroad/master.geojson","fill-opacity":0,"stroke-opacity":1,"stroke":"#ff0000","SID":"028","DID":"003","RID":"002","BID":"004","State":"West_Bengal","Beat_Ar":20.5607}},
{"type":"Feature","geometry":{"type":"Polygon","coordinates":[[[89.7559797554276,26.5679661071898],[89.7570388018058,26.5691297888403],[89.7580979550497,26.569088786212],[89.7598084973301,26.5695554843669],[89.760056919819,26.5695930180431],[89.7601038900183,26.5722710863144],[89.7611222343456,26.5749498196737],[89.7616827618178,26.5768953942759],[89.7628055147007,26.5801057831112],[89.76354457216,26.581894038421],[89.7639363811327,26.5842181511394],[89.765383382712,26.5860585210231],[89.7661253279384,26.5877638172856],[89.7667083675316,26.5910705387282],[89.7662519729901,26.5944885874311],[89.7658054315521,26.5956105383419],[89.7651543912833,26.5972499436335],[89.764486503592,26.5997645746428],[89.7648494976007,26.6002078705641],[89.7647832138758,26.60193842801],[89.7649437933922,26.6019933964388],[89.765110612494,26.602668385854],[89.7650239580837,26.6032678472291],[89.7649400718009,26.6037922645164],[89.7648562911065,26.60424195278],[89.7647725142005,26.6046919229375],[89.7646858571534,26.6052913841094],[89.764602431248,26.6055907665377],[89.764368807945,26.6056432973698],[89.7636337086432,26.6054727925909],[89.7620197634156,26.6053348953909],[89.758557991665,26.6052579239144],[89.756812828532,26.6054551872244],[89.7548950906828,26.6053880778718],[89.7528065105278,26.6053540688069],[89.749507882983,26.6053557968336],[89.7479469465827,26.6050910361756],[89.7472127708817,26.6044433024762],[89.7454791075423,26.6028795218569],[89.7444399555842,26.6017070624571],[89.7444227615996,26.6015152361647],[89.74385099492,26.6012783280324],[89.7411691720212,26.5993995713766],[89.7393605446784,26.5966260285501],[89.7378978027662,26.5952615844364],[89.7369761731308,26.5943594696215],[89.7351954390623,26.5926198797566],[89.7338412407278,26.5909661484948],[89.7316987257667,26.5883984733726],[89.7310064522695,26.5871029590003],[89.7290893202975,26.5848136437356],[89.7285990393191,26.5840934670801],[89.7285214662984,26.5839844319267],[89.726004439605,26.5858868907328],[89.7257185682509,26.5868147412185],[89.7260993157611,26.5881913324916],[89.7262225930315,26.5901406786424],[89.7248138886499,26.5924309389324],[89.7258272533835,26.5948404146958],[89.7257979180279,26.5955505522908],[89.7250260925483,26.5971044070988],[89.7243974997435,26.5974986490197],[89.7241816754566,26.5985378808451],[89.7238229469723,26.5994962209418],[89.7236775947644,26.6003910619129],[89.7234625185937,26.601094145576],[89.7234602826579,26.602052955693],[89.7235295754789,26.6034595522619],[89.7237407501408,26.6044188758411],[89.7239513573055,26.6055699622223],[89.7240894343737,26.6065930562888],[89.7244435801856,26.6075528994433],[89.7238719692405,26.6082552334541],[89.7230169203408,26.6088924775377],[89.722022239308,26.6090824731007],[89.720953483138,26.6098475006267],[89.7193164661365,26.6099084877323],[89.7185329545521,26.609970698461],[89.7176089944056,26.6100326286348],[89.7174676004701,26.6093296314938],[89.7174694535093,26.60856229996],[89.7173315723344,26.6074751823619],[89.7173338647603,26.6065798194114],[89.7172636393203,26.6055570247276],[89.7170522347059,26.604725718508],[89.7168399718578,26.604277372036],[89.7164160325454,26.6031257468087],[89.7160643468215,26.6022304275131],[89.7156394094083,26.6014623253354],[89.7149292993224,26.6003739314426],[89.7149311727328,26.5996065982158],[89.7150078885897,26.5980724611571],[89.7148673781257,26.596985088152],[89.7155919201822,26.595365867004],[89.7155968468347,26.593416933469],[89.7161138490942,26.5904370456054],[89.7147309881619,26.589302058255],[89.714924618711,26.588190067722],[89.7149926385222,26.5861154467024],[89.7156976915305,26.5861890020263],[89.7167132189643,26.5855797589244],[89.7163443648542,26.5845394156712],[89.7141733172528,26.5845348666571],[89.7129152494822,26.5837770745757],[89.7126445370136,26.5836133933229],[89.7125203167273,26.5821211531503],[89.7130363620128,26.5805154526229],[89.712144562768,26.5798248662864],[89.7112542715394,26.5785606740758],[89.7122775467252,26.5778741032341],[89.7136831681006,26.5768439588466],[89.7149632634397,26.57581362302],[89.7159874769839,26.5746676431777],[89.7162442550817,26.5734057120549],[89.7167688122053,26.5723334345135],[89.7162926127937,26.5700679795315],[89.7161660834103,26.5694942326495],[89.7156606934129,26.5678881528058],[89.7143884852248,26.5668538973062],[89.7140139593428,26.5641013242485],[89.7149097466751,26.5621540551009],[89.7145322539061,26.5605484003747],[89.7149239880686,26.5584602836385],[89.7161159348341,26.5585158485044],[89.7169562146163,26.5586337385498],[89.7174722973348,26.5589833906486],[89.7186984715686,26.5593346173276],[89.7210257985216,26.5599195478069],[89.7239985960948,26.5602741249069],[89.7269711094116,26.5607442611947],[89.7285413633326,26.5610466693734],[89.7292457630161,26.5613158762973],[89.7325684438646,26.5623597287865],[89.7353840730198,26.5634350665171],[89.737251431355,26.5643366578496],[89.7389915456955,26.5650164389326],[89.7423462871517,26.5652334198006],[89.7447652691225,26.5653298266748],[89.7469058167832,26.5653737765391],[89.7489378087529,26.5656747972373],[89.7508118739454,26.5659565825785],[89.7542994264053,26.5674721995955],[89.7546879817814,26.5676473195536],[89.7559797554276,26.5679661071898]]]},"properties":{"id":null,"description":null,"altitudeMode":null,"tessellate":null,"extrude":null,"visibility":null,"drawOrder":null,"icon":null,"AREA":null,"PERIMETER":null,"division":"BuxaTR_EAST","beat":"SouthRydak","range":"SouthRydak","layer":"master","path":"C:/Users/user/OneDrive/Desktop/Buxaroad/master.geojson","fill-opacity":0,"stroke-opacity":1,"stroke":"#ff0000","SID":"028","DID":"003","RID":"007","BID":"005","State":"West_Bengal","Beat_Ar":18.951}},
{"type":"Feature","geometry":{"type":"Polygon","coordinates":[[[89.7980777386296,26.6417920778429],[89.7968990669733,26.6422711482719],[89.7956048494869,26.6428498019141],[89.7931446025122,26.6437753549441],[89.7901675508223,26.6444682582526],[89.787190454664,26.6451605371332],[89.7847312495124,26.6455053226934],[89.7829202448732,26.6457344906459],[89.7796858804086,26.6456134894758],[89.7774305899833,26.6456877047543],[89.7763205971908,26.6457244371831],[89.7719200508148,26.6460662069202],[89.7680391181111,26.646524037075],[89.7632496290155,26.646748846005],[89.7605555257236,26.6465338464546],[89.7618275970284,26.6446033546872],[89.7647784919048,26.6384100230198],[89.7673439307482,26.633937060692],[89.7689065817529,26.6310599219459],[89.7691401009185,26.6298075165187],[89.7702376167,26.6284033507575],[89.7709324969207,26.6275143170343],[89.771449070542,26.6253345807484],[89.7714554469975,26.6221203807758],[89.7714600023038,26.6198243617182],[89.7701853405742,26.6182151397676],[89.769806297723,26.615689281176],[89.7699377652027,26.6139677846805],[89.7709620203308,26.612706934123],[89.7731343918022,26.6123657072468],[89.7736487901399,26.6112186379081],[89.7742029943147,26.6077751062943],[89.7767418271883,26.6086502691983],[89.7793916618839,26.609304043582],[89.7818021074404,26.609091395706],[89.7841071401842,26.6089220470946],[89.7846946083061,26.6088791403954],[89.7873452790655,26.6090996193625],[89.789754929179,26.6093199821871],[89.7919938508125,26.6096101339545],[89.7920839654453,26.6096831606158],[89.7932074210421,26.6090040610025],[89.7944085915012,26.6083885471007],[89.7952924280625,26.6082724856399],[89.7960909050055,26.6096506245573],[89.7969142715365,26.6124564302149],[89.7971789871453,26.6147194190153],[89.7960115609477,26.6174934302413],[89.7960597444396,26.6200394526873],[89.7971941422063,26.6216964484548],[89.7991383910095,26.6255046125098],[89.799500059312,26.6268092981517],[89.7998377570638,26.6289859080849],[89.8000468426387,26.6300875198151],[89.800342915927,26.631660920456],[89.8003383380971,26.6342975556378],[89.799440620091,26.6378506868655],[89.798285610844,26.6407150759524],[89.7980777386296,26.6417920778429]]]},"properties":{"id":null,"description":null,"altitudeMode":null,"tessellate":null,"extrude":null,"visibility":null,"drawOrder":null,"icon":null,"AREA":null,"PERIMETER":null,"division":"BuxaTR_EAST","beat":"Teamari","range":"NorthRydak","layer":"master","path":"C:/Users/user/OneDrive/Desktop/Buxaroad/master.geojson","fill-opacity":0,"stroke-opacity":1,"stroke":"#ff0000","SID":"028","DID":"003","RID":"006","BID":"003","State":"West_Bengal","Beat_Ar":11.4148}},
{"type":"Feature","geometry":{"type":"Polygon","coordinates":[[[89.4860768036164,26.8014654728563],[89.4860140791604,26.7997078156969],[89.4857439060701,26.7982645208969],[89.4855337502335,26.7968549993651],[89.4849736605137,26.7933197124799],[89.483919586039,26.7905874065877],[89.4828857920394,26.786693285854],[89.483435539894,26.7834734717319],[89.4841809583854,26.7809684670148],[89.4854241593669,26.7789791008202],[89.4860974561048,26.7768411730616],[89.4866015295187,26.775416810022],[89.4868943218416,26.7745888580436],[89.4868805760688,26.7731386333896],[89.4870647450847,26.7707071946256],[89.4879568395436,26.7679301829158],[89.48830059356,26.7658089649256],[89.4881518758068,26.7641912357894],[89.4875016668568,26.7611447643893],[89.4880671416507,26.7611557392119],[89.4902248239545,26.7609799008065],[89.4936039884795,26.762003777544],[89.4963498606108,26.7624310552141],[89.4984767493912,26.7623620155551],[89.5013056056463,26.7621924352771],[89.5029017419598,26.7628162122835],[89.5054912147432,26.7633775157689],[89.5065510905318,26.763607350969],[89.5080521548666,26.7635499053947],[89.5108280780076,26.7633922611203],[89.511009830814,26.7632349345112],[89.5132839243611,26.7616488781351],[89.5143131769153,26.7601770721962],[89.5151715503057,26.7581095166919],[89.5169166477347,26.7561587938569],[89.5194454964598,26.7543350020641],[89.5211072205848,26.7530689916555],[89.5220412598729,26.7527160304463],[89.5221733397508,26.7529827981491],[89.5222632466117,26.7531386267638],[89.5229817101845,26.7538666521379],[89.5254913945343,26.7560460397793],[89.5283219616459,26.7560298833671],[89.5291283439027,26.7561511777093],[89.5327642363018,26.7571586510409],[89.5353738517967,26.7589569112537],[89.538827461497,26.7596726346738],[89.5409654884399,26.7599908774662],[89.5413121659073,26.7600420929439],[89.5422884562812,26.7604547451155],[89.5460385690748,26.7625195502875],[89.548173887632,26.762898906371],[89.5501063580108,26.7617756794625],[89.5520392996665,26.7618436059639],[89.5515153241694,26.7621234594549],[89.5510329578499,26.7653105955563],[89.5513248969605,26.7671911793717],[89.5513486944514,26.7675425769194],[89.5514504830433,26.7691556490918],[89.5516661523649,26.7712612598095],[89.5516888194593,26.7725446906371],[89.5517033267071,26.7733789794333],[89.5498082194338,26.7758520553149],[89.5489463671822,26.7770024809998],[89.548777074408,26.7772417815696],[89.5470540991413,26.7800169383466],[89.5467737508829,26.7816141699634],[89.5465604833892,26.7828282708295],[89.5450337122805,26.7868226164329],[89.5440934926152,26.7887395105989],[89.5436218796307,26.7890779874909],[89.5419980155472,26.7902457145919],[89.5396133866456,26.790480381295],[89.5376723874849,26.7910728415297],[89.5364270786248,26.7905892053654],[89.5343961110274,26.7891375051432],[89.5324449319589,26.7891375134847],[89.529622424788,26.7894520518795],[89.5268551796404,26.7897749619817],[89.526787228328,26.7897824638099],[89.526164383417,26.7902392671427],[89.5253900851378,26.7908059916385],[89.5243597460616,26.7925102600453],[89.5231673852282,26.795721326766],[89.5219681809094,26.7981081579808],[89.5213895471601,26.8006183066675],[89.518787218797,26.803579422718],[89.5168616235423,26.8052334724255],[89.515553209842,26.8066251022388],[89.5140499564612,26.808272612617],[89.51336980323,26.8091589070114],[89.511881388314,26.8072566379196],[89.5104650741888,26.8055481643963],[89.5083323131029,26.8044048471909],[89.5063592915275,26.8035463120025],[89.5043031102549,26.803326530862],[89.501614587812,26.8028204342615],[89.4992594507163,26.8025394573284],[89.4984444577691,26.801977882314],[89.4957632437094,26.8009352185386],[89.4926909391775,26.801383655351],[89.4879985759685,26.8013527571181],[89.4878274327722,26.801366684938],[89.4860768036164,26.8014654728563]]]},"properties":{"id":null,"description":null,"altitudeMode":null,"tessellate":null,"extrude":null,"visibility":null,"drawOrder":null,"icon":null,"AREA":null,"PERIMETER":null,"division":"BuxaTR_WEST","beat":"Adma","range":"Pana","layer":"master","path":"C:/Users/user/OneDrive/Desktop/Buxaroad/master.geojson","fill-opacity":0,"stroke-opacity":1,"stroke":"#ff0000","SID":"028","DID":"014","RID":"002","BID":"002","State":"West_Bengal","Beat_Ar":25.4654}},
{"type":"Feature","geometry":{"type":"Polygon","coordinates":[[[89.4162122158936,26.8015155277082],[89.4141626641363,26.8015072848216],[89.4114342245975,26.801496205257],[89.410202042945,26.8014913024459],[89.405859770909,26.8013588684869],[89.4012622431208,26.8009958887933],[89.3966641141274,26.8007478266957],[89.391939502904,26.8001548287754],[89.3878519532382,26.7999079359202],[89.384660725098,26.7994358404702],[89.3823498513656,26.7989372976011],[89.3830813914012,26.7951920292542],[89.3832144668477,26.791904120513],[89.3834570279092,26.7893359706134],[89.3832562814639,26.7840425286057],[89.3838723938285,26.7755148286262],[89.384128289081,26.7708914919702],[89.3842637663496,26.7666782546641],[89.3842797658125,26.7636627798277],[89.3842834016008,26.7629791365765],[89.3844110162511,26.7607183722711],[89.3846589497485,26.757123055607],[89.384342148045,26.7519311262059],[89.3844219492562,26.7501578698232],[89.3844729630405,26.7490544027931],[89.3844818643622,26.7488041667311],[89.3846057286333,26.7453552977189],[89.3846859895101,26.7430250516723],[89.3868763708631,26.7428030919123],[89.3900052594709,26.7424150837481],[89.3933291503121,26.7421996559589],[89.3972243532704,26.74181466081],[89.3996537493748,26.7415382546073],[89.4007373721335,26.7414852329498],[89.4024579535439,26.7421808499598],[89.4057693901594,26.7439139826036],[89.4085711096434,26.7455305597034],[89.4088067749719,26.745646096521],[89.4101733278558,26.7463135541379],[89.4110950530299,26.7469360811731],[89.4127095271779,26.7477922473998],[89.414065480766,26.7485511444884],[89.4146692777718,26.7489342906151],[89.4125379242534,26.7504009055509],[89.4115466632741,26.7535295980977],[89.4117375198349,26.7555565080045],[89.4105848032865,26.7573368003315],[89.4102598929574,26.7589246796295],[89.4094598021131,26.760547750342],[89.4082472023603,26.7617101633943],[89.4076236491887,26.7627079326351],[89.4066296832558,26.7639048190621],[89.4055853655078,26.7645753956441],[89.4045726532209,26.7655036946009],[89.4047196189813,26.7667439464377],[89.4055089108347,26.7682234517353],[89.4061129300528,26.7700567478233],[89.4062936277005,26.7701325053808],[89.4077711503084,26.7707540321688],[89.4087784164459,26.7733986037695],[89.4096503452311,26.7749697592721],[89.4097922851464,26.7752396420086],[89.4104165465411,26.7785713352859],[89.4115435646375,26.7833977542543],[89.4122907315361,26.7873040773022],[89.4130344092722,26.7918993861423],[89.413871020347,26.7965307007057],[89.4141547704353,26.7981031865554],[89.4144066760332,26.7990225661609],[89.4163177413359,26.8005229137577],[89.4162122158936,26.8015155277082]]]},"properties":{"id":null,"description":null,"altitudeMode":null,"tessellate":null,"extrude":null,"visibility":null,"drawOrder":null,"icon":null,"AREA":null,"PERIMETER":null,"division":"BuxaTR_WEST","beat":"Barnabari","range":"Hamiltonganj","layer":"master","path":"C:/Users/user/OneDrive/Desktop/Buxaroad/master.geojson","fill-opacity":0,"stroke-opacity":1,"stroke":"#ff0000","SID":"028","DID":"014","RID":"001","BID":"004","State":"West_Bengal","Beat_Ar":16.5005}},
{"type":"Feature","geometry":{"type":"Polygon","coordinates":[[[89.4077711503084,26.7707540321688],[89.4062936277005,26.7701325053808],[89.4061129300528,26.7700567478233],[89.4055089108347,26.7682234517353],[89.4047196189813,26.7667439464377],[89.4045726532209,26.7655036946009],[89.4055853655078,26.7645753956441],[89.4066296832558,26.7639048190621],[89.4076236491887,26.7627079326351],[89.4082472023603,26.7617101633943],[89.4094598021131,26.760547750342],[89.4102598929574,26.7589246796295],[89.4105848032865,26.7573368003315],[89.4117375198349,26.7555565080045],[89.4115466632741,26.7535295980977],[89.4125379242534,26.7504009055509],[89.4146692777718,26.7489342906151],[89.4168365862804,26.7498091339638],[89.418757436975,26.7502303969098],[89.420400121302,26.7504671681189],[89.4228714469877,26.7508836945397],[89.4248134614598,26.7510968171916],[89.4272958499794,26.7502988031845],[89.4289637642692,26.7500149050869],[89.4291497982208,26.7499913115372],[89.4293118524593,26.7502730986336],[89.4290091344441,26.750488511853],[89.4290988433749,26.7506514558917],[89.4292187171738,26.7508143772449],[89.4292177937661,26.7510038996882],[89.4292162108106,26.7513287952943],[89.4293653055201,26.7516544251959],[89.4292429244649,26.7520059220272],[89.4292426606696,26.7520600712881],[89.4292725618192,26.7521141979087],[89.4295121852481,26.7524673966003],[89.4298130627602,26.7526310269312],[89.4301440808537,26.7527675607204],[89.4302941272095,26.7529307401069],[89.4306552094864,26.7531216793845],[89.4308359483451,26.7531765367397],[89.4311972951659,26.7533133253461],[89.4314980202862,26.7534769534868],[89.4317987756389,26.7536679359424],[89.4319793846926,26.7537498663805],[89.432280662681,26.7538322673787],[89.4324007808724,26.7539139634578],[89.4326713663641,26.754104403317],[89.4330018979533,26.754376583437],[89.4331514268404,26.7546480578675],[89.4332708919721,26.7548651260709],[89.4335719121915,26.7550016733235],[89.4340514580539,26.7556536227424],[89.4341112441455,26.7557350826313],[89.4341101985158,26.7559516792315],[89.4339883510254,26.7561948812541],[89.4339873052019,26.7564114778495],[89.4339866515705,26.7565468507184],[89.4339857364974,26.7567363727309],[89.4339550474123,26.756844694714],[89.4339546552237,26.7569259184316],[89.434044503876,26.7570615021671],[89.4343439669007,26.7575232242553],[89.4345550115639,26.7575509781403],[89.4346150602056,26.7575782886131],[89.4346748743222,26.7576868211573],[89.4347349496283,26.7577412045448],[89.4351279207106,26.757580420243],[89.4351574349148,26.7577157690909],[89.4352462459176,26.7580682304053],[89.4352752423598,26.7583121594109],[89.4352748511567,26.7583933830787],[89.4352744599559,26.7584746067457],[89.4352435108963,26.7586370780625],[89.4351823915016,26.7587992913699],[89.4350832715592,26.7590132164122],[89.4351815300158,26.7589679437822],[89.4352901319843,26.7588706758035],[89.4353838782673,26.7587041832957],[89.4356155510371,26.7586355598942],[89.4356780185178,26.7587051472671],[89.4357700546702,26.7589143129168],[89.4358921008718,26.7591234559595],[89.4360144313023,26.759305240756],[89.4361686808487,26.7596260157396],[89.4362130893832,26.7598209997934],[89.4362451384559,26.7599329155332],[89.4363977497802,26.7600861912846],[89.4365977558335,26.7603097708264],[89.4366744503502,26.760560547388],[89.4367812208804,26.760853884396],[89.4367646341607,26.7611459359117],[89.4368422099034,26.7612297519072],[89.4370424817487,26.7614118721503],[89.4372424915146,26.7616354505986],[89.4373493560044,26.7618862022124],[89.4373782871776,26.7621244909142],[89.4373593892857,26.762395132938],[89.4372053800928,26.7625424979814],[89.4373897071491,26.7629052676044],[89.4373709397017,26.7631364265279],[89.4374142136369,26.7635401107902],[89.4374331013863,26.7637793474923],[89.4374318819313,26.7640438875893],[89.4374232369497,26.7642803018767],[89.4374138936063,26.7646357325099],[89.4372402183592,26.7652173146178],[89.4372235319328,26.7655262877633],[89.4370852565517,26.7660618240246],[89.4370731992104,26.7664762227529],[89.4370612752999,26.766863828927],[89.4370230267585,26.7674939511354],[89.4370267133987,26.7677488528712],[89.4370789177616,26.7683994890706],[89.4369222391206,26.7690708599864],[89.4369081461886,26.7694111100036],[89.4368937199748,26.7697747704134],[89.4369529649265,26.770535037736],[89.4371076662764,26.7713011034297],[89.4374227225525,26.7721600134022],[89.4376878611618,26.7729728978305],[89.4380866381829,26.7736913588766],[89.4388850303443,26.7739122327591],[89.4395788863908,26.7754850031556],[89.4410014330603,26.7776778226518],[89.4419266609115,26.7792253785338],[89.4424943571097,26.7803851427775],[89.4428449690426,26.7817377590406],[89.4431998033417,26.7827036932903],[89.4438400983918,26.7834143118002],[89.4445546094786,26.7838672567408],[89.4451247857063,26.7845125945905],[89.4456251244692,26.7850289188058],[89.4466466177501,26.7859547483065],[89.4470521840156,26.7863211607403],[89.4484798332021,26.7874842201295],[89.4491232666964,26.788066183485],[89.4499079610526,26.7885838067769],[89.4499790418875,26.7889697144163],[89.4502628793393,26.7895497191705],[89.4511189627819,26.7903895049017],[89.4517621397359,26.7910351921382],[89.4530483887537,26.7918118893473],[89.4543362085629,26.7922673485292],[89.4551202432854,26.7929135444704],[89.4556908047199,26.7934945336177],[89.4559753921435,26.7939456390786],[89.4569048805678,26.7946571625939],[89.4576914613469,26.7953033169259],[89.4584024772207,26.7965278020747],[89.45861345242,26.7971079753367],[89.4590920094479,26.7980367704386],[89.4579097652294,26.7975844987036],[89.4566341183316,26.7966616588464],[89.4552278804206,26.7967708975595],[89.4526664696116,26.7971054797824],[89.448696627421,26.798008889922],[89.4457505715723,26.7988016091282],[89.4424221917071,26.7991331344681],[89.4411669682427,26.7992060064116],[89.438711956751,26.7993483327188],[89.4362781100602,26.7997980758648],[89.4347474089523,26.7991032352158],[89.4327123398292,26.7966847595522],[89.4304190424635,26.794609252819],[89.4274821233963,26.7935647564802],[89.4241617001427,26.7922882991382],[89.4210960347192,26.7913577686022],[89.4190607823513,26.7890532987509],[89.4165099307877,26.7877804909711],[89.4154935268094,26.7863986532754],[89.4147374291668,26.7837547312008],[89.4153907989283,26.7813468482866],[89.4145119478499,26.778128560932],[89.4138789319973,26.7765186705683],[89.4128677684923,26.774104020853],[89.4098115392312,26.7714505898694],[89.4077711503084,26.7707540321688]]]},"properties":{"id":null,"description":null,"altitudeMode":null,"tessellate":null,"extrude":null,"visibility":null,"drawOrder":null,"icon":null,"AREA":null,"PERIMETER":null,"division":"BuxaTR_WEST","beat":"Bhutri","range":"Hamiltonganj","layer":"master","path":"C:/Users/user/OneDrive/Desktop/Buxaroad/master.geojson","fill-opacity":0,"stroke-opacity":1,"stroke":"#ff0000","SID":"028","DID":"014","RID":"001","BID":"002","State":"West_Bengal","Beat_Ar":13.981}},
{"type":"Feature","geometry":{"type":"Polygon","coordinates":[[[89.5903864770462,26.5909307936518],[89.5900124872037,26.5909564100249],[89.5883303983359,26.5910096204101],[89.5863897568909,26.5911201241406],[89.5840630908766,26.5910552652923],[89.5839326673925,26.5910519245526],[89.5814127466395,26.590989457652],[89.580928226327,26.5910095117188],[89.5787616600979,26.5910976076385],[89.5764967292808,26.591323535566],[89.574038484606,26.5915484665331],[89.5720975098798,26.5917163096639],[89.5709353562422,26.5917128021626],[89.5706767895781,26.5917122755328],[89.5675723566254,26.5915288359148],[89.5653734185721,26.591579860674],[89.5634324383647,26.5917481502316],[89.5610391238903,26.5920313656814],[89.5581945431676,26.5921968150807],[89.555866787061,26.592421977657],[89.5533433568312,26.5925877629855],[89.551660914848,26.5927567335812],[89.5505599469766,26.593160178626],[89.5493918037487,26.5940274082486],[89.5480319047733,26.5951265558136],[89.5461510645517,26.5959335567725],[89.545997825417,26.5959606047574],[89.5462990117302,26.5947215590824],[89.5494281350444,26.5918250773354],[89.5495012726248,26.5904551207198],[89.5497089498786,26.5874291430361],[89.5494182233875,26.5854046579077],[89.549282282364,26.5829912842223],[89.5492628577114,26.5815278614161],[89.5492590081615,26.5812540711399],[89.5492234967812,26.5794352079065],[89.5491164952608,26.5779335390775],[89.5494744532795,26.5730807462083],[89.5497013361221,26.5702812902766],[89.549479785275,26.5679382191936],[89.5491741541277,26.5652331142767],[89.549185908101,26.5648133536898],[89.5490008038933,26.5633804968071],[89.5490305365287,26.5622112364842],[89.5491938506985,26.5608865430926],[89.5491843550148,26.5594833582409],[89.5491458174328,26.5578337294178],[89.5492248595932,26.5562265316191],[89.549266061856,26.5546978627644],[89.5494782498468,26.5530666534845],[89.5495286599507,26.5517443162888],[89.5497514941875,26.5499725485527],[89.55005945818,26.5476169348285],[89.5506681406725,26.5453375709391],[89.5521194895347,26.5431440547205],[89.5526693093365,26.5430500695708],[89.5556096904937,26.5424849579939],[89.557653418871,26.5421473157919],[89.558676226198,26.5423552404776],[89.5587990477667,26.5423804043393],[89.5608364877646,26.5436494023976],[89.5612866245051,26.5440570468062],[89.5619817616997,26.5446864814467],[89.5627441873016,26.5460664500971],[89.563249594361,26.5471009543829],[89.5634172979248,26.5471969696865],[89.5636507055807,26.5471884829222],[89.5670461570642,26.5509788579081],[89.5684116355846,26.5528575107005],[89.5688534336962,26.5534654476404],[89.5698774493573,26.5547525260183],[89.5704614872329,26.5548986478157],[89.5723994612682,26.5547054991008],[89.5739282651889,26.5545380019449],[89.5755237397381,26.554657963856],[89.5767982922101,26.554718858745],[89.5785195533687,26.5547240251809],[89.5808134628054,26.5546162100757],[89.5829188448357,26.5546224132504],[89.5854042345674,26.5542856591734],[89.5868733984948,26.5539463813826],[89.5871974395118,26.5538559083983],[89.5871571364682,26.5545836577135],[89.5873081148545,26.5551815232858],[89.5873069059447,26.5555030263187],[89.5875598714135,26.556330718433],[89.587583552322,26.5567168055701],[89.5876758978902,26.5568618553735],[89.5884738128168,26.5575915283565],[89.5891047605755,26.5579513748588],[89.5898254686545,26.558529617647],[89.5907343723139,26.560466158563],[89.5911163723528,26.5617292298301],[89.5914207649563,26.5635834100514],[89.5916653636339,26.565389188621],[89.5893505407461,26.56564434486],[89.5877143076468,26.5656406217074],[89.58454670402,26.5657983357538],[89.5831863551629,26.5658495807568],[89.5811808769106,26.5659598754356],[89.5797281887534,26.5658665975648],[89.5808923614412,26.5673017767548],[89.5815770303592,26.5687591986469],[89.5833269117808,26.5713161556403],[89.584485548308,26.5736278434921],[89.5855957409238,26.5754606466276],[89.5869540886821,26.5773916289383],[89.5882283775809,26.5789693338974],[89.5891659740285,26.5806441339212],[89.5892084249198,26.5807189553976],[89.5891773262261,26.5809657773652],[89.5891076850479,26.5815223920901],[89.5889073476308,26.5841760631758],[89.5893161098848,26.5863474612194],[89.5894285491526,26.5878856806304],[89.5896051392274,26.5890596752311],[89.5903864770462,26.5909307936518]]]},"properties":{"id":null,"description":null,"altitudeMode":null,"tessellate":null,"extrude":null,"visibility":null,"drawOrder":null,"icon":null,"AREA":null,"PERIMETER":null,"division":"BuxaTR_WEST","beat":"Checko","range":"EastDamanpur","layer":"master","path":"C:/Users/user/OneDrive/Desktop/Buxaroad/master.geojson","fill-opacity":0,"stroke-opacity":1,"stroke":"#ff0000","SID":"028","DID":"014","RID":"006","BID":"002","State":"West_Bengal","Beat_Ar":17.0174}},
{"type":"Feature","geometry":{"type":"Polygon","coordinates":[[[89.5561953693349,26.6469515072929],[89.5562369559518,26.6466041819801],[89.5564448740538,26.6434687972571],[89.5572320084095,26.640567611234],[89.5584680879147,26.6384807258357],[89.5589307815982,26.6363337970757],[89.5592621932272,26.6337213036888],[89.5593022618052,26.6324442141502],[89.5594629835757,26.6324447050614],[89.5621150358492,26.6323365901572],[89.5637974345379,26.6323417594018],[89.5658668649099,26.6322318121341],[89.5686493476876,26.6321822048398],[89.5713009378268,26.6321901111376],[89.5745428935033,26.6321011804885],[89.5751180457915,26.6320852132022],[89.5786924777205,26.6317161334437],[89.5828665845923,26.6314835401645],[89.5852029623894,26.6311813928764],[89.5888259609778,26.6305723776493],[89.5895404242909,26.6337104340732],[89.5900945594204,26.6360592554516],[89.5903859616936,26.6381357796386],[89.5907430077788,26.6408130834552],[89.591028233626,26.6425332192768],[89.5914008236598,26.6443722264884],[89.5934106234454,26.6512678151739],[89.5944627399315,26.6541817931053],[89.5953934946589,26.656617436016],[89.5961495198168,26.6587343979103],[89.5970285800346,26.6601709044568],[89.5959354279401,26.6603247698714],[89.5948479921776,26.660336996745],[89.592130100089,26.6603838759912],[89.5886801876742,26.6608162233306],[89.5856555851248,26.6609577826095],[89.5818697763684,26.6611813697552],[89.5790964799711,26.6613103998748],[89.5783127609611,26.6613306823218],[89.5772856595358,26.6612789348725],[89.5757051612425,26.661476979598],[89.5707512268728,26.6617391845388],[89.5701138624414,26.6615567313498],[89.5693160455639,26.6613275450132],[89.5666064878804,26.6605515150716],[89.5629124746101,26.6603593169885],[89.5558135469938,26.660671403545],[89.5548411392704,26.6607615892908],[89.5552850896732,26.658969925884],[89.555418750026,26.6575189435136],[89.5552307340822,26.6561242222278],[89.5554340164895,26.6535698274529],[89.5557025995782,26.6510158440552],[89.5559699285769,26.6487514951966],[89.5561953693349,26.6469515072929]]]},"properties":{"id":null,"description":null,"altitudeMode":null,"tessellate":null,"extrude":null,"visibility":null,"drawOrder":null,"icon":null,"AREA":null,"PERIMETER":null,"division":"BuxaTR_WEST","beat":"CentralRajabhatkhawa","range":"WestRajabhatkhawa","layer":"master","path":"C:/Users/user/OneDrive/Desktop/Buxaroad/master.geojson","fill-opacity":0,"stroke-opacity":1,"stroke":"#ff0000","SID":"028","DID":"014","RID":"003","BID":"003","State":"West_Bengal","Beat_Ar":11.0188}},
{"type":"Feature","geometry":{"type":"Polygon","coordinates":[[[89.5258856088871,26.6947334380942],[89.5246454428837,26.692667534767],[89.523070962094,26.6900203248775],[89.5215034444692,26.6863566595243],[89.5198558744317,26.6838447093851],[89.5190356979245,26.6811323914508],[89.5182186337629,26.6782846687254],[89.5177738258846,26.6765217944686],[89.5171749519818,26.6755713440129],[89.5157456677974,26.6743469124183],[89.5142433649444,26.6731903632753],[89.5128895634866,26.6725759286094],[89.5113054803644,26.6723674911962],[89.5107174110281,26.6724315684939],[89.5094961158247,26.6725644266246],[89.5077583074994,26.6730330006341],[89.5066999323384,26.6738423382644],[89.5063912546166,26.6755348603204],[89.5064590398205,26.6772961415879],[89.5063007266731,26.6790570041693],[89.5059918252384,26.6808172096989],[89.5060622588118,26.6819687557106],[89.5063584546077,26.6831895337321],[89.5065775689753,26.6848160963943],[89.5063480240716,26.6856279044695],[89.5060442498127,26.6861689249828],[89.5052855740417,26.6873177132597],[89.5045256839028,26.6881963449419],[89.5036175344129,26.689073725303],[89.5030131778767,26.6894106500889],[89.5023055774593,26.687435617822],[89.5018391772359,26.6860815510958],[89.4987174679429,26.6858556995208],[89.4981422980182,26.6806538841645],[89.5006316918244,26.6777657148237],[89.5012256379863,26.6734452256634],[89.5009500245552,26.6697896133981],[89.5008510165004,26.6648264175418],[89.5008303046502,26.6637857328416],[89.5007042357877,26.6598699277428],[89.5021739822043,26.6556986522868],[89.5029154946819,26.6520466465747],[89.5029438820684,26.6518892654386],[89.5038084227838,26.6470901382534],[89.5049841190576,26.6440922996291],[89.5047067515711,26.6408289794251],[89.5037414490886,26.6364037236521],[89.5045609063691,26.6362368321598],[89.5062601419548,26.6358358403931],[89.5092023586402,26.6354061094324],[89.5113181598144,26.6350680298473],[89.5116901263851,26.6350079492205],[89.5144049451533,26.6349155626165],[89.5167432394943,26.6347879479782],[89.518965988285,26.6346939626407],[89.5208898856422,26.6345989143806],[89.522208373873,26.634535713687],[89.5229619674215,26.6344703834471],[89.5229617682573,26.6345380681495],[89.5231486536455,26.6348772961509],[89.5238610372427,26.6362687058697],[89.5244077354024,26.6370614902089],[89.5248793602524,26.6389704296826],[89.525519534362,26.6432690019074],[89.5253409592111,26.6457951938172],[89.5248125934014,26.6478454444867],[89.5246565694786,26.6485295850729],[89.5244699022541,26.6493528035981],[89.5238277815906,26.6509843597637],[89.5234655071322,26.6523427435627],[89.52331833792,26.6533158479027],[89.5230246638329,26.65567829551],[89.5230606689794,26.660921599527],[89.5230789021733,26.6619851443653],[89.5230812597515,26.662044341087],[89.5231362103377,26.6651472669476],[89.5232602937743,26.6673337643644],[89.5232094224157,26.6699045445463],[89.5236362674455,26.6741932691194],[89.5240283093567,26.6759964532991],[89.5243043366199,26.6772695776692],[89.524873817691,26.6798965727369],[89.5249917177749,26.6817794059083],[89.5254811587039,26.6849357408612],[89.5253388586733,26.6871338369599],[89.5253744986806,26.6888754203053],[89.5257523332358,26.6904427056303],[89.5257836175589,26.6913983774292],[89.5258856088871,26.6947334380942]]]},"properties":{"id":null,"description":null,"altitudeMode":null,"tessellate":null,"extrude":null,"visibility":null,"drawOrder":null,"icon":null,"AREA":null,"PERIMETER":null,"division":"BuxaTR_WEST","beat":"Dima","range":"WestRajabhatkhawa","layer":"master","path":"C:/Users/user/OneDrive/Desktop/Buxaroad/master.geojson","fill-opacity":0,"stroke-opacity":1,"stroke":"#ff0000","SID":"028","DID":"014","RID":"003","BID":"005","State":"West_Bengal","Beat_Ar":10.6655}},
{"type":"Feature","geometry":{"type":"Polygon","coordinates":[[[89.5470447075271,26.609920548318],[89.541414807332,26.6102110186488],[89.5330476230569,26.6107259843436],[89.5326484605804,26.6107522882038],[89.5282235481015,26.6110486925595],[89.5277114966782,26.6110231789346],[89.5273156355871,26.6096357101191],[89.5268203394787,26.6079681430043],[89.526256551519,26.6059042369946],[89.5253676768256,26.6010902559985],[89.5245995823646,26.5968463245557],[89.5245251267266,26.5966626875094],[89.5243470436377,26.5935903848138],[89.5240200453099,26.5919570933058],[89.5240332326964,26.5887781101835],[89.5250019199816,26.5858173083273],[89.5272065344185,26.583805736212],[89.5273098126627,26.5836915397653],[89.5271540986081,26.5837321303083],[89.5277160055594,26.5832100105735],[89.5284293691755,26.5824575486266],[89.5284326690515,26.5816444720576],[89.5283105503961,26.5796113486507],[89.5284504767707,26.5773469777348],[89.5288500874875,26.5747930076787],[89.5289845338937,26.5732258290863],[89.5291820878002,26.5721811047123],[89.5295098286987,26.5711947665063],[89.5301613470148,26.5702097383669],[89.5303580594317,26.5693973998112],[89.5306908756979,26.5671915824041],[89.5310200699259,26.5658569398299],[89.5310381184356,26.5657281478157],[89.5312856447527,26.5641154732726],[89.5314887517421,26.5617356380151],[89.5316910266172,26.5595292488025],[89.531571902808,26.5573804659876],[89.5310828799775,26.5554855271862],[89.531048264985,26.5553477133791],[89.5310603794458,26.55239349694],[89.5327326871429,26.5490697350427],[89.5341495862002,26.546204724108],[89.536195298997,26.5454074009686],[89.5397695367753,26.5450749143127],[89.5439846313198,26.5445142894566],[89.5487224369351,26.5437239363133],[89.5521194895347,26.5431440547205],[89.5506681406725,26.5453375709391],[89.55005945818,26.5476169348285],[89.5497514941875,26.5499725485527],[89.5495286599507,26.5517443162888],[89.5494782498468,26.5530666534845],[89.549266061856,26.5546978627644],[89.5492248595932,26.5562265316191],[89.5491458174328,26.5578337294178],[89.5491843550148,26.5594833582409],[89.5491938506985,26.5608865430926],[89.5490305365287,26.5622112364842],[89.5490008038933,26.5633804968071],[89.549185908101,26.5648133536898],[89.5491741541277,26.5652331142767],[89.549479785275,26.5679382191936],[89.5497013361221,26.5702812902766],[89.5494744532795,26.5730807462083],[89.5491164952608,26.5779335390775],[89.5492234967812,26.5794352079065],[89.5492590081615,26.5812540711399],[89.5492628577114,26.5815278614161],[89.549282282364,26.5829912842223],[89.5494182233875,26.5854046579077],[89.5497089498786,26.5874291430361],[89.5495012726248,26.5904551207198],[89.5494281350444,26.5918250773354],[89.5462990117302,26.5947215590824],[89.545997825417,26.5959606047574],[89.5459622346732,26.5961022790613],[89.5454603098865,26.5973254585384],[89.5453077494614,26.5990696587889],[89.5457673718444,26.6002620750448],[89.545884770387,26.6016857949291],[89.5459917560444,26.6031981787956],[89.5464972592806,26.6048590745435],[89.5466281183884,26.6073150839478],[89.5469213394667,26.609348001972],[89.5470447075271,26.609920548318]]]},"properties":{"id":null,"description":null,"altitudeMode":null,"tessellate":null,"extrude":null,"visibility":null,"drawOrder":null,"icon":null,"AREA":null,"PERIMETER":null,"division":"BuxaTR_WEST","beat":"EastDamanpur","range":"EastDamanpur","layer":"master","path":"C:/Users/user/OneDrive/Desktop/Buxaroad/master.geojson","fill-opacity":0,"stroke-opacity":1,"stroke":"#ff0000","SID":"028","DID":"014","RID":"006","BID":"001","State":"West_Bengal","Beat_Ar":14.1004}},
{"type":"Feature","geometry":{"type":"Polygon","coordinates":[[[89.6489507724634,26.5881493563241],[89.6455932015333,26.5886978377854],[89.6421490189376,26.588820007799],[89.6374769826515,26.5890614299067],[89.6330479301638,26.5886834491466],[89.6291106930639,26.5883673754896],[89.6286639083006,26.5883809547746],[89.627222803486,26.5884972864976],[89.626891359839,26.5885239221841],[89.6246870888248,26.5886698282181],[89.623687412281,26.5888490418964],[89.6231047967202,26.5889541144834],[89.6215081584782,26.5890118156096],[89.6204538792351,26.5890466794051],[89.6181617810154,26.5891291891332],[89.6164844524242,26.589339753115],[89.61020430061,26.5893292452705],[89.609583981885,26.5894205898461],[89.6068666127897,26.5898221690469],[89.6043011189385,26.5899109307782],[89.6014769056802,26.5900107395583],[89.599450427111,26.5902306776213],[89.5953804557062,26.5905654705791],[89.5951845872957,26.590571898836],[89.5937638043525,26.5906191384424],[89.5916292811189,26.590844689542],[89.5905245643095,26.5909210704138],[89.5903864770462,26.5909307936518],[89.5896051392274,26.5890596752311],[89.5894285491526,26.5878856806304],[89.5893161098848,26.5863474612194],[89.5889073476308,26.5841760631758],[89.5891076850479,26.5815223920901],[89.5891773262261,26.5809657773652],[89.5892084249198,26.5807189553976],[89.5891659740285,26.5806441339212],[89.5882283775809,26.5789693338974],[89.5869540886821,26.5773916289383],[89.5855957409238,26.5754606466276],[89.584485548308,26.5736278434921],[89.5833269117808,26.5713161556403],[89.5815770303592,26.5687591986469],[89.5808923614412,26.5673017767548],[89.5797281887534,26.5658665975648],[89.5811808769106,26.5659598754356],[89.5831863551629,26.5658495807568],[89.58454670402,26.5657983357538],[89.5877143076468,26.5656406217074],[89.5893505407461,26.56564434486],[89.5916653636339,26.565389188621],[89.5914207649563,26.5635834100514],[89.5911163723528,26.5617292298301],[89.5907343723139,26.560466158563],[89.5898254686545,26.558529617647],[89.5891047605755,26.5579513748588],[89.5884738128168,26.5575915283565],[89.5876758978902,26.5568618553735],[89.587583552322,26.5567168055701],[89.5875598714135,26.556330718433],[89.5873069059447,26.5555030263187],[89.5873081148545,26.5551815232858],[89.5871571364682,26.5545836577135],[89.5871974395118,26.5538559083983],[89.5889156300208,26.553378467782],[89.5905103979364,26.5529821949204],[89.5921662380004,26.553044330333],[89.5937612908486,26.5525904888172],[89.5949085668013,26.5531667480918],[89.5963710158384,26.5539738103473],[89.5977062334865,26.5546077229164],[89.5987878658891,26.5552991816023],[89.5998692022019,26.5560473183775],[89.6015888844691,26.5565680144097],[89.6028620073771,26.557029987178],[89.6034987174629,26.557203861073],[89.6037317665703,26.5573033208189],[89.604536040562,26.557649299301],[89.6059193915207,26.5581855784964],[89.608400769213,26.5590523543885],[89.6085931375211,26.5592817067666],[89.6098005003052,26.5599158188119],[89.6112670896351,26.5603216614246],[89.6128585992358,26.5608992241017],[89.6144514070558,26.5611324244854],[89.6161725007677,26.5612521932137],[89.616350691913,26.5612527068049],[89.6178938612067,26.5612568797143],[89.6189140586677,26.5608580801536],[89.6204901496437,26.5608057314169],[89.6219781085722,26.5601209862381],[89.6218480302605,26.5607513410256],[89.6222929472328,26.5612688239167],[89.6227353471526,26.5617854879429],[89.6234376518425,26.5619018394756],[89.6243940013464,26.5618474939339],[89.6244887537343,26.5620260491881],[89.6252169533441,26.5633970181143],[89.6256620531687,26.5639144873505],[89.6259166655,26.564316254375],[89.6264864232131,26.5650629757454],[89.6266189486239,26.5651835684374],[89.6274396246526,26.5659257240607],[89.6283321653319,26.566214716589],[89.6290338036606,26.5665030697168],[89.6289650071368,26.5675923948213],[89.629473009128,26.5680521654619],[89.6301091472621,26.5684549108341],[89.6308100105916,26.5690300617071],[89.6304245014525,26.5694876620987],[89.6306771100697,26.5705200037103],[89.6306760347972,26.5708643431551],[89.6304159465628,26.572124499513],[89.6296521253208,26.572409617804],[89.6292004374297,26.573898698953],[89.6301538889366,26.5747611400394],[89.6312363140155,26.5753369888125],[89.6316156555266,26.5759685559794],[89.6325050384679,26.577232442372],[89.632693288117,26.5772435353461],[89.633460967609,26.5773494949239],[89.6344789599938,26.577638695885],[89.6348607065349,26.5783271904236],[89.6355587454999,26.5790174042004],[89.6360060761123,26.5788464403609],[89.6365790162369,26.5794210565667],[89.6377249290761,26.5797679817211],[89.6385529900991,26.5798272511204],[89.6393191143862,26.5796576791782],[89.6404037301852,26.579545342104],[89.6411023294525,26.5800632169274],[89.6407815699361,26.5806932470834],[89.6410352288416,26.5814390376939],[89.6415414957771,26.5824720925274],[89.6421147284291,26.5829321881136],[89.6428799374707,26.5830485578744],[89.6440260239436,26.5833378997331],[89.6451071719203,26.584372470081],[89.6452945696264,26.5854622151133],[89.646950175485,26.586555827625],[89.6484747970773,26.5878779501284],[89.6489507724634,26.5881493563241]]]},"properties":{"id":null,"description":null,"altitudeMode":null,"tessellate":null,"extrude":null,"visibility":null,"drawOrder":null,"icon":null,"AREA":null,"PERIMETER":null,"division":"BuxaTR_WEST","beat":"Gadadhar","range":"EastRajabhatkhawa","layer":"master","path":"C:/Users/user/OneDrive/Desktop/Buxaroad/master.geojson","fill-opacity":0,"stroke-opacity":1,"stroke":"#ff0000","SID":"028","DID":"014","RID":"004","BID":"001","State":"West_Bengal","Beat_Ar":15.5838}},
{"type":"Feature","geometry":{"type":"Polygon","coordinates":[[[89.5411149396606,26.7120071344369],[89.5408435104603,26.7120278528363],[89.5393855547679,26.712168065211],[89.537703623241,26.7123659669698],[89.5348857083887,26.7126472253707],[89.533266829586,26.7128164732703],[89.5320375436244,26.7129575200997],[89.5312608494303,26.7130130116101],[89.5299312012406,26.7130956214555],[89.5286370602764,26.7131205883238],[89.5276014366354,26.7132042339718],[89.5265332271449,26.7132588944264],[89.5256256816125,26.7133718845546],[89.525617918695,26.7152597267852],[89.525605314414,26.7183368460743],[89.5257939841928,26.7201376872375],[89.5259131728712,26.7223450844773],[89.5261642005864,26.7242622850188],[89.5263537133178,26.7258307405419],[89.5263610862761,26.7258887545455],[89.525056504633,26.7259425706321],[89.5222083965649,26.7261658201705],[89.5202652542596,26.7262755232071],[89.5186468239038,26.7262700433687],[89.5170280530581,26.7263807359305],[89.5151507512931,26.7263746047315],[89.5129488816933,26.72648330942],[89.5113299415414,26.7265936570578],[89.5088028316258,26.7269336307587],[89.5067311330797,26.7271590142813],[89.5049838251291,26.7273273393824],[89.5032341764558,26.7274375741547],[89.5019392545739,26.727606699768],[89.5002539195719,26.7279497194419],[89.4990868427054,26.7281780969267],[89.4978572643082,26.728348186096],[89.4972737931804,26.7284618015688],[89.4966901712375,26.7285759802899],[89.4966347432015,26.728613509286],[89.493897587242,26.7286816086777],[89.4914691598765,26.7288752827015],[89.488681403875,26.7290267255871],[89.4859393437149,26.7290569341375],[89.4837386564222,26.7288876775629],[89.4826616668839,26.72864176397],[89.4826038623294,26.728641805131],[89.4835131389,26.7213984329013],[89.4841265807343,26.7196652559095],[89.4822538886447,26.7175249442548],[89.4848378737753,26.7117127145096],[89.4939425333752,26.7109421520403],[89.4952525473076,26.7101638035251],[89.4972911438608,26.7093878983739],[89.498252223825,26.7085314272594],[89.4987516322698,26.7080873382698],[89.5000694767978,26.7054822864426],[89.5010984378608,26.7028754895038],[89.5015408992267,26.7004906384167],[89.5017106022591,26.699566103743],[89.502621209479,26.6981638871183],[89.5029070471433,26.6977243050214],[89.5037193707295,26.695168011261],[89.5046014618965,26.6927728463741],[89.503949023295,26.6920225730706],[89.5030131778767,26.6894106500889],[89.5036175344129,26.689073725303],[89.5045256839028,26.6881963449419],[89.5052855740417,26.6873177132597],[89.5060442498127,26.6861689249828],[89.5063480240716,26.6856279044695],[89.5065775689753,26.6848160963943],[89.5063584546077,26.6831895337321],[89.5060622588118,26.6819687557106],[89.5059918252384,26.6808172096989],[89.5063007266731,26.6790570041693],[89.5064590398205,26.6772961415879],[89.5063912546166,26.6755348603204],[89.5066999323384,26.6738423382644],[89.5077583074994,26.6730330006341],[89.5094961158247,26.6725644266246],[89.5107174110281,26.6724315684939],[89.5113054803644,26.6723674911962],[89.5128895634866,26.6725759286094],[89.5142433649444,26.6731903632753],[89.5157456677974,26.6743469124183],[89.5171749519818,26.6755713440129],[89.5177738258846,26.6765217944686],[89.5182186337629,26.6782846687254],[89.5190356979245,26.6811323914508],[89.5198558744317,26.6838447093851],[89.5215034444692,26.6863566595243],[89.523070962094,26.6900203248775],[89.5246454428837,26.692667534767],[89.5258856088871,26.6947334380942],[89.5275375439288,26.6980780281618],[89.5288890164633,26.699393123748],[89.5303699828329,26.7009589219205],[89.5311054693786,26.7017369334564],[89.5311706238586,26.7018058854277],[89.5318559719002,26.7025331089668],[89.5358008198253,26.7056570730057],[89.5411149396606,26.7120071344369]]]},"properties":{"id":null,"description":null,"altitudeMode":null,"tessellate":null,"extrude":null,"visibility":null,"drawOrder":null,"icon":null,"AREA":null,"PERIMETER":null,"division":"BuxaTR_WEST","beat":"Gangutia","range":"Pana","layer":"master","path":"C:/Users/user/OneDrive/Desktop/Buxaroad/master.geojson","fill-opacity":0,"stroke-opacity":1,"stroke":"#ff0000","SID":"028","DID":"014","RID":"002","BID":"004","State":"West_Bengal","Beat_Ar":16.6897}},
{"type":"Feature","geometry":{"type":"Polygon","coordinates":[[[89.5277114966782,26.6110231789346],[89.5267903858838,26.6109761154519],[89.5229457007889,26.6112342518701],[89.5171429233812,26.6114181729879],[89.5129217348018,26.6116747022025],[89.5093784985426,26.6118655281467],[89.5089664366376,26.6119138999458],[89.5043246721037,26.6124577834821],[89.4991226550258,26.6130494509774],[89.4958802870886,26.6133089627551],[89.4957750478676,26.6132770754273],[89.4959564344342,26.6113989286324],[89.4957923827068,26.6081921861019],[89.4957345401735,26.6070653039347],[89.4947800188482,26.6048956647023],[89.4940648209417,26.6031600587248],[89.4941127854083,26.6030839745574],[89.4955211592303,26.6007823052938],[89.4945630765196,26.5994790461969],[89.4944227659723,26.5988493741285],[89.4940829713444,26.5973227378693],[89.4957803931146,26.5966669645195],[89.498199690918,26.5945091701901],[89.5011035400424,26.59170322812],[89.5020740459863,26.5901901221407],[89.502013316041,26.5897333372983],[89.5016072909401,26.5867223332246],[89.5025842677133,26.5836927660628],[89.5057231707084,26.5821871579899],[89.5074192315718,26.5800267242454],[89.5088770235291,26.5772156564781],[89.508647255561,26.5746151058947],[89.5079365122112,26.5717962998408],[89.508056894003,26.5700800949476],[89.5081932936202,26.5681144191962],[89.5065162269772,26.5659423528344],[89.5077320164472,26.5633467807039],[89.5082205040502,26.5618319780701],[89.5079908036086,26.5592317010903],[89.506309088018,26.558142611679],[89.5055138060496,26.5569392130026],[89.5083179076644,26.5566788206358],[89.5110003800825,26.55668814325],[89.5145741411524,26.5565858396311],[89.5180206275626,26.5569416673672],[89.5205726081112,26.5569505099754],[89.524149391756,26.5567328725319],[89.5272145630458,26.5563990913679],[89.5302800227692,26.5560646777301],[89.5310828799775,26.5554855271862],[89.531571902808,26.5573804659876],[89.5316910266172,26.5595292488025],[89.5314887517421,26.5617356380151],[89.5312856447527,26.5641154732726],[89.5310381184356,26.5657281478157],[89.5310200699259,26.5658569398299],[89.5306908756979,26.5671915824041],[89.5303580594317,26.5693973998112],[89.5301613470148,26.5702097383669],[89.5295098286987,26.5711947665063],[89.5291820878002,26.5721811047123],[89.5289845338937,26.5732258290863],[89.5288500874875,26.5747930076787],[89.5284504767707,26.5773469777348],[89.5283105503961,26.5796113486507],[89.5284326690515,26.5816444720576],[89.5284293691755,26.5824575486266],[89.5277160055594,26.5832100105735],[89.5271540986081,26.5837321303083],[89.5273098126627,26.5836915397653],[89.5272065344185,26.583805736212],[89.5250019199816,26.5858173083273],[89.5240332326964,26.5887781101835],[89.5240200453099,26.5919570933058],[89.5243470436377,26.5935903848138],[89.5245251267266,26.5966626875094],[89.5245995823646,26.5968463245557],[89.5253676768256,26.6010902559985],[89.526256551519,26.6059042369946],[89.5268203394787,26.6079681430043],[89.5273156355871,26.6096357101191],[89.5277114966782,26.6110231789346]]]},"properties":{"id":null,"description":null,"altitudeMode":null,"tessellate":null,"extrude":null,"visibility":null,"drawOrder":null,"icon":null,"AREA":null,"PERIMETER":null,"division":"BuxaTR_WEST","beat":"Garam-East","range":"WestDamanpur","layer":"master","path":"C:/Users/user/OneDrive/Desktop/Buxaroad/master.geojson","fill-opacity":0,"stroke-opacity":1,"stroke":"#ff0000","SID":"028","DID":"014","RID":"005","BID":"003","State":"West_Bengal","Beat_Ar":14.7802}},
{"type":"Feature","geometry":{"type":"Polygon","coordinates":[[[89.4957750478676,26.6132770754273],[89.4956546838368,26.6132405530483],[89.4950518628102,26.6133061221384],[89.4933907867315,26.6136386053983],[89.4876593704096,26.6147024379575],[89.4821521397108,26.6155631912493],[89.4808126912086,26.6158470507511],[89.4802433574086,26.6140588078322],[89.4799297835765,26.6117932661245],[89.4791693481451,26.6084218012839],[89.4784690193971,26.6056317834233],[89.4784128187545,26.6036568514498],[89.4784875606705,26.6015663401432],[89.4787485227771,26.601044998123],[89.4787867984672,26.6009103604486],[89.4788810914261,26.6005811131519],[89.479151759232,26.5991328554603],[89.4800001468434,26.5962873399542],[89.48112071195,26.5929303074498],[89.4816254060898,26.5917806567238],[89.4822255835406,26.5904300923635],[89.483403578376,26.586949857983],[89.4851040388635,26.5827751931171],[89.4859560953131,26.5802806041291],[89.4868744606111,26.5775546281855],[89.4877210740134,26.5756991336646],[89.4878557209059,26.5747704573988],[89.4886402775585,26.5727407575434],[89.4894256902962,26.570537041086],[89.4896551710204,26.5697255343654],[89.4899509558189,26.5686806696755],[89.4905421808768,26.5666501654482],[89.4909996503021,26.565374043212],[89.4910014370971,26.564967639819],[89.4910058871711,26.5639805380378],[89.4906274057648,26.5621787579984],[89.4902476546411,26.5601448903232],[89.4900642332909,26.5579372164092],[89.4903314811036,26.5559634062899],[89.4906611248699,26.5546294003333],[89.4908733140601,26.5540117668001],[89.4913511720485,26.5540931057632],[89.4955616887773,26.5546823110876],[89.4973481971505,26.5546888998372],[89.4996442573539,26.5552707653836],[89.5015552994262,26.5560814238132],[89.5047432286444,26.557011101595],[89.5055138060496,26.5569392130026],[89.506309088018,26.558142611679],[89.5079908036086,26.5592317010903],[89.5082205040502,26.5618319780701],[89.5077320164472,26.5633467807039],[89.5065162269772,26.5659423528344],[89.5081932936202,26.5681144191962],[89.508056894003,26.5700800949476],[89.5079365122112,26.5717962998408],[89.508647255561,26.5746151058947],[89.5088770235291,26.5772156564781],[89.5074192315718,26.5800267242454],[89.5057231707084,26.5821871579899],[89.5025842677133,26.5836927660628],[89.5016072909401,26.5867223332246],[89.502013316041,26.5897333372983],[89.5020740459863,26.5901901221407],[89.5011035400424,26.59170322812],[89.498199690918,26.5945091701901],[89.4957803931146,26.5966669645195],[89.4940829713444,26.5973227378693],[89.4944227659723,26.5988493741284],[89.4945630765196,26.5994790461969],[89.4955211592303,26.6007823052938],[89.4941127854083,26.6030839745574],[89.4940648209417,26.6031600587248],[89.4947800188482,26.6048956647023],[89.4957345401735,26.6070653039347],[89.4957923827068,26.6081921861019],[89.4959564344342,26.6113989286324],[89.4957750478676,26.6132770754273]]]},"properties":{"id":null,"description":null,"altitudeMode":null,"tessellate":null,"extrude":null,"visibility":null,"drawOrder":null,"icon":null,"AREA":null,"PERIMETER":null,"division":"BuxaTR_WEST","beat":"Garam-West","range":"WestDamanpur","layer":"master","path":"C:/Users/user/OneDrive/Desktop/Buxaroad/master.geojson","fill-opacity":0,"stroke-opacity":1,"stroke":"#ff0000","SID":"028","DID":"014","RID":"005","BID":"002","State":"West_Bengal","Beat_Ar":11.1967}},
{"type":"Feature","geometry":{"type":"Polygon","coordinates":[[[89.4291497982208,26.7499913115372],[89.4289637642692,26.7500149050869],[89.4272958499794,26.7502988031845],[89.4248134614598,26.7510968171916],[89.4228714469877,26.7508836945397],[89.420400121302,26.7504671681189],[89.418757436975,26.7502303969098],[89.4168365862804,26.7498091339638],[89.4146692777718,26.7489342906151],[89.414065480766,26.7485511444884],[89.4127095271779,26.7477922473998],[89.4110950530299,26.7469360811731],[89.4101733278558,26.7463135541379],[89.4088067749719,26.745646096521],[89.4085711096434,26.7455305597034],[89.4057693901594,26.7439139826036],[89.4024579535439,26.7421808499598],[89.4007373721335,26.7414852329498],[89.3996537493748,26.7415382546073],[89.3972243532704,26.74181466081],[89.3933291503121,26.7421996559589],[89.3900052594709,26.7424150837481],[89.3868763708631,26.7428030919123],[89.3846859895101,26.7430250516723],[89.384742760123,26.7413479044963],[89.3847558593972,26.7388815359783],[89.3861389680782,26.7368321168326],[89.390042284896,26.7348958683599],[89.3918817580702,26.733053991595],[89.3946382556071,26.7312154710222],[89.3975093519102,26.7295836142866],[89.3976266739424,26.7287615057148],[89.3976848474261,26.728689017234],[89.397659973062,26.7286331414472],[89.3974637388441,26.7281934401443],[89.3971688612809,26.7274072672124],[89.3972603407989,26.7257444395467],[89.3970319214902,26.7242531318951],[89.3966463246869,26.7225470665941],[89.3958636607207,26.7208398373765],[89.394137062991,26.7184895916562],[89.3927504318796,26.7164752466567],[89.3921743727734,26.7156413437558],[89.3909980623845,26.7137904559899],[89.3903795942675,26.711444781609],[89.389917114218,26.7090998288369],[89.3901642302976,26.7070414928768],[89.3904093101912,26.7058357168164],[89.3910430199998,26.7052705364122],[89.3919964793057,26.7045645873798],[89.3930252476457,26.7043559354825],[89.3946863073166,26.7042916510451],[89.3959530613182,26.7037289591677],[89.3957984892958,26.7030186691766],[89.3950159320128,26.7018086231132],[89.3940717903002,26.7007394787892],[89.3935262413863,26.699388056312],[89.3932163507216,26.6981084851368],[89.3922718745281,26.6971109628678],[89.3914089860929,26.695899990812],[89.3913836618595,26.6954580346586],[89.3913378337409,26.6946217360308],[89.3918163176285,26.6939134017127],[89.3922912694128,26.6934183064917],[89.3935582523192,26.693282329796],[89.3946655861741,26.6929318870851],[89.3949857537964,26.6922231264464],[89.3949902724996,26.6913711048343],[89.3948394624308,26.6899503708168],[89.3953206340073,26.6887450827163],[89.3959614921486,26.6872573302407],[89.3962010046094,26.6866190198569],[89.3961272454548,26.6858379914261],[89.3952648553385,26.6840590495275],[89.3945635198454,26.682209986412],[89.3943330632382,26.6811445305999],[89.3949738861727,26.6796559362554],[89.3966418799377,26.6777460412056],[89.3979912867233,26.676686453187],[89.3995768245789,26.6756284705736],[89.4012417141765,26.6747831747798],[89.403140416061,26.6743650605009],[89.4047218029356,26.6740876900049],[89.4065389287127,26.6743790505258],[89.4083564516589,26.6745998791031],[89.4098560726724,26.6746061277264],[89.4109634112663,26.6746816926668],[89.4124645600592,26.6749005398038],[89.413884412177,26.6752611903179],[89.4151439037082,26.6760478630657],[89.4157716406224,26.6771155184418],[89.4157665122655,26.6781091164739],[89.4153663647278,26.6792437187233],[89.4146482995966,26.680660689559],[89.4133732515846,26.6824303742758],[89.4119408820387,26.6844836326261],[89.411380267836,26.6860431306562],[89.4113689069372,26.6882517207326],[89.4113682090308,26.6883859678646],[89.4116750110788,26.690304295381],[89.4125600927622,26.6921409966429],[89.4133534594983,26.6932126479981],[89.4142744083575,26.6944158511268],[89.4140955475412,26.6945298785604],[89.4137227588874,26.6946951933353],[89.4129476047606,26.6949708396188],[89.4121110899239,26.6954405567685],[89.4118776446226,26.6958904434554],[89.4119028413617,26.6963792096677],[89.4118993812646,26.697065109099],[89.4120234375359,26.6978656468377],[89.4118070239693,26.6983979946309],[89.4117610021775,26.6990453996165],[89.4117583228906,26.6995784379782],[89.4118401377714,26.7003026878588],[89.4123472414029,26.7008763326224],[89.4124698921973,26.7014481678854],[89.4128067688714,26.7019073166317],[89.4134382658904,26.7032428533148],[89.4131794500169,26.7037372716723],[89.4130068543472,26.7045748898692],[89.4134271303059,26.7054144910528],[89.4137203559258,26.7060633053764],[89.4135023697324,26.7069386029841],[89.4134982973819,26.7077390059644],[89.4134554211245,26.7082718805331],[89.4131103704008,26.7089183198569],[89.4131066031976,26.7096420112311],[89.4126820747673,26.7101358254867],[89.412168639072,26.7107811215542],[89.4119547203118,26.7113517987206],[89.4121160231523,26.7127241741141],[89.4116873891538,26.7135223221127],[89.4114725190483,26.714245296814],[89.4112157047674,26.7148533444595],[89.4109141335359,26.7153476209285],[89.4105725081853,26.7158036594658],[89.4104865789906,26.7164125421583],[89.4101011247574,26.7170971672182],[89.4100981298727,26.7176685618728],[89.41000889537,26.7184297658871],[89.4099633419807,26.7189635119536],[89.4098742675295,26.7196869240543],[89.4095725064113,26.7207142102901],[89.409612233865,26.7212857435572],[89.4098189288067,26.7221627302131],[89.4101533323886,26.7231165632055],[89.4099378056714,26.7239918306596],[89.409468449495,26.7243713021571],[89.4090443216394,26.7247503221562],[89.4090410066568,26.725397863879],[89.408909513923,26.7260449888127],[89.4090348518055,26.7265787259778],[89.4088601602495,26.7273402150941],[89.4089418281919,26.728064465425],[89.4089385134516,26.7287120068812],[89.409040543395,26.7289098127916],[89.409316918019,26.7294372520379],[89.4091855779671,26.7300460213059],[89.4093508219333,26.7311521345867],[89.4090895589276,26.7321031539176],[89.4089181569369,26.7327117575291],[89.4088700719622,26.7337407473277],[89.4089097990454,26.7343500698877],[89.4093700723129,26.7352665516821],[89.4104632811428,26.7372517700676],[89.4110594896533,26.7376242932684],[89.4123564125288,26.7381305502712],[89.4140872638683,26.7387785449484],[89.415941166395,26.7394540526388],[89.4167444906224,26.7396524500477],[89.4172710661732,26.7399052226007],[89.4174557870858,26.7401563403684],[89.4176394819893,26.7406029043968],[89.4177907774533,26.7410210271259],[89.4180673507114,26.7414954256706],[89.4182510469063,26.7419417066665],[89.418498873452,26.7421380437313],[89.4187418517416,26.7423234303552],[89.4193649164202,26.7428676765423],[89.4198429583936,26.7437630725871],[89.4195064506799,26.7447095043056],[89.4193556287027,26.74470904271],[89.4192348353724,26.7447356352682],[89.4189628358771,26.7448697811373],[89.4185700228846,26.7450037273245],[89.4184793921399,26.7450302989619],[89.4180560110676,26.7452454882906],[89.4175426672922,26.7453515917242],[89.4173312673615,26.7454321088669],[89.4171184930151,26.7457560181077],[89.4173581735444,26.7460548097481],[89.4177198888673,26.7461106920913],[89.4182928897475,26.7461399211481],[89.4184441206718,26.7460594415472],[89.4185049888958,26.7459513839859],[89.4186565967223,26.7457623247961],[89.4187474933909,26.7456813215622],[89.4189889478051,26.7456552118343],[89.4196516415836,26.7458476686293],[89.4197118374575,26.7458749842666],[89.4197723017728,26.7458481504107],[89.4199542312097,26.7456593497651],[89.4203471558616,26.7454712518485],[89.4203468877136,26.745525401308],[89.4204969100611,26.7456885921545],[89.4207984261598,26.7457168693596],[89.420919220152,26.7456902754467],[89.4209796840883,26.7456634410905],[89.4211314445447,26.745474377849],[89.4211919083195,26.7454475434081],[89.4213124342469,26.7454750986177],[89.4213723626553,26.7455565629855],[89.4214317326248,26.7457192530612],[89.4215206239263,26.7460446508858],[89.4216406155259,26.7461805046517],[89.4217304440034,26.746316379284],[89.4219100981071,26.7465878463658],[89.4220296897855,26.746804923884],[89.4221798264709,26.7469139649205],[89.4224204812872,26.7470502975233],[89.4225402079982,26.7472402998349],[89.4226894313416,26.7475656543472],[89.4227776605578,26.748026424604],[89.4229276661841,26.7481625394368],[89.4230178945837,26.7482169070245],[89.4232888540395,26.7483264239885],[89.4234394177041,26.7483813125765],[89.423529913104,26.7483815304359],[89.4238015395736,26.748355672935],[89.4241031967123,26.7483568681052],[89.4246462885439,26.7483048700097],[89.4248274157345,26.7482785114323],[89.4248877471232,26.7482787500829],[89.4252802980229,26.7481989356628],[89.4254915923303,26.7481728364719],[89.4256422618182,26.7481732929426],[89.425702858708,26.7481193818993],[89.4259140200448,26.7481203567615],[89.4262152786169,26.7482027714739],[89.4263661052325,26.748203225591],[89.4265469667128,26.748231014174],[89.427089659493,26.7482602307767],[89.4273611524867,26.7482614411622],[89.4276624124792,26.748343852743],[89.4279934437173,26.7485077472768],[89.4282637193652,26.7487252727252],[89.4283536900082,26.7488340680728],[89.4285340245836,26.7489701526512],[89.4288944310279,26.749296470348],[89.4289541029911,26.7494320804599],[89.4289827938221,26.7497030878897],[89.4291497982208,26.7499913115372]]]},"properties":{"id":null,"description":null,"altitudeMode":null,"tessellate":null,"extrude":null,"visibility":null,"drawOrder":null,"icon":null,"AREA":null,"PERIMETER":null,"division":"BuxaTR_WEST","beat":"Godamdabri","range":"Hamiltonganj","layer":"master","path":"C:/Users/user/OneDrive/Desktop/Buxaroad/master.geojson","fill-opacity":0,"stroke-opacity":1,"stroke":"#ff0000","SID":"028","DID":"014","RID":"001","BID":"003","State":"West_Bengal","Beat_Ar":14.5194}},
{"type":"Feature","geometry":{"type":"Polygon","coordinates":[[[89.4552773979068,26.645874405718],[89.4550010202283,26.6459144656932],[89.4544873469481,26.6441032689751],[89.4540455085058,26.6419526326437],[89.453858971335,26.6405001882556],[89.4539320395692,26.6388741825597],[89.4544594722124,26.6367277144569],[89.4553098706366,26.6348145450659],[89.45583556657,26.6330163795721],[89.4561000757223,26.6317976140133],[89.4562000686351,26.6313543873525],[89.4564283378584,26.6303472228407],[89.4569538436344,26.629129444209],[89.4578624264867,26.6281457522702],[89.4587757544974,26.626697525892],[89.4596903764197,26.6249582403482],[89.4600199006444,26.6232173521751],[89.4600285648114,26.621359059627],[89.4605537329195,26.6196770737651],[89.4612736199056,26.6182280020299],[89.4620188319444,26.6172527352147],[89.4644354042154,26.6169875597508],[89.4685066300011,26.6166643519286],[89.4732551672298,26.6164789598985],[89.4765729963958,26.6162197387324],[89.479288199132,26.615958822176],[89.4801645086338,26.6159621009619],[89.4802674555564,26.6159624381251],[89.4808126912086,26.615847050751],[89.4821521397108,26.6155631912493],[89.4876593704096,26.6147024379575],[89.4933907867315,26.6136386053983],[89.4950518628102,26.6133061221384],[89.4956546838368,26.6132405530483],[89.4957750478676,26.6132770754273],[89.4957041025047,26.6139978031902],[89.4954467391313,26.6176796615236],[89.4966471446264,26.6187671509678],[89.4992879886164,26.6211592511261],[89.4992766292265,26.6237589667689],[89.5004715513674,26.626146274751],[89.5001176388436,26.6272484538418],[89.4994940562199,26.6291755474246],[89.5006890451057,26.6315628492692],[89.5033275086455,26.6346049218739],[89.5037119738616,26.6362745923052],[89.5037414490886,26.6364037236521],[89.5035610578206,26.6363399255602],[89.5007841243744,26.6356713298402],[89.4967815104691,26.6356571860257],[89.494773483109,26.6360432685464],[89.4926974994265,26.6364427283059],[89.4896565576192,26.6364320880287],[89.4871323888022,26.6365487982104],[89.4856505436013,26.6366173330761],[89.4817960713136,26.6366034742174],[89.4788273172444,26.6367258056558],[89.4771215838719,26.6368865466811],[89.4764533160255,26.6369504659121],[89.474488324505,26.6372481107773],[89.4737826680763,26.6372486706831],[89.4723346401185,26.6376049350798],[89.4693272361902,26.6384733991789],[89.4672845618235,26.6392776846042],[89.4656185834137,26.6411268657098],[89.464308491642,26.6425792282934],[89.4643053877281,26.6426802216641],[89.463150905037,26.6446927425195],[89.462414394751,26.6448373931883],[89.4610021924249,26.6450344022409],[89.4580694104788,26.6454732046244],[89.4552773979068,26.645874405718]]]},"properties":{"id":null,"description":null,"altitudeMode":null,"tessellate":null,"extrude":null,"visibility":null,"drawOrder":null,"icon":null,"AREA":null,"PERIMETER":null,"division":"BuxaTR_WEST","beat":"Nimati-East","range":"Nimati","layer":"master","path":"C:/Users/user/OneDrive/Desktop/Buxaroad/master.geojson","fill-opacity":0,"stroke-opacity":1,"stroke":"#ff0000","SID":"028","DID":"014","RID":"007","BID":"002","State":"West_Bengal","Beat_Ar":10.2598}},
{"type":"Feature","geometry":{"type":"Polygon","coordinates":[[[89.4552773979068,26.645874405718],[89.4528237526277,26.6480301743674],[89.4517067405829,26.6489567469341],[89.4491388800881,26.6513135728859],[89.4494418012185,26.6525756012965],[89.4502106272657,26.6551383173044],[89.4508952905392,26.6579565479122],[89.4521550365397,26.6618642342169],[89.452905937549,26.6650819510872],[89.4499676609827,26.6649560637579],[89.4472851777245,26.664945670156],[89.4425582563907,26.6649272677964],[89.4407673723887,26.6649203711391],[89.4382111822525,26.6652776823647],[89.4380829921784,26.6652959031103],[89.4375654324453,26.6653366837564],[89.4375409407194,26.665224125543],[89.4373221758381,26.6642181348692],[89.4372508823743,26.6639165359535],[89.436494481925,26.6583484533012],[89.4368282783417,26.6548130984026],[89.4358419017645,26.6505750668896],[89.4353521003298,26.6490557215048],[89.4354660653503,26.6483548847646],[89.4357457119013,26.6466464173144],[89.4355026917552,26.6444643723044],[89.4352653580716,26.6426976796888],[89.4345643604899,26.641744216833],[89.4336234973103,26.6400345466071],[89.4324939940254,26.6378972603011],[89.4310732558308,26.6372948195793],[89.4302291107005,26.6353292040423],[89.429193096284,26.6336190481179],[89.4292564995444,26.6334929117802],[89.4294822969664,26.6330233344789],[89.4300585216189,26.6317461940553],[89.4308237376964,26.6303845155321],[89.4315870781949,26.6293640937525],[89.4324508868215,26.6278319201419],[89.4335005034952,26.6263009679671],[89.4335996627657,26.6255334422302],[89.4338913614451,26.6244255506153],[89.4345685368624,26.6215283089398],[89.4346680331126,26.6206756094906],[89.4350598922865,26.618117977],[89.4357305628057,26.6170121738634],[89.4368800160951,26.6145427617217],[89.4375891847427,26.6138071326542],[89.4399444476218,26.615809570977],[89.4423474566046,26.6177835626442],[89.4436216485808,26.6190757920686],[89.44384698982,26.6192122536505],[89.4456581412671,26.6190161565812],[89.4501069293626,26.6185590534467],[89.4566683473045,26.6178387523326],[89.4620188319444,26.6172527352147],[89.4612736199056,26.6182280020299],[89.4605537329195,26.6196770737651],[89.4600285648114,26.621359059627],[89.4600199006444,26.6232173521751],[89.4596903764197,26.6249582403482],[89.4587757544974,26.626697525892],[89.4578624264867,26.6281457522702],[89.4569538436344,26.629129444209],[89.4564283378584,26.6303472228407],[89.4562000686351,26.6313543873525],[89.4561000757223,26.6317976140133],[89.45583556657,26.6330163795721],[89.4553098706366,26.6348145450659],[89.4544594722124,26.6367277144569],[89.4539320395692,26.6388741825597],[89.453858971335,26.6405001882556],[89.4540455085058,26.6419526326437],[89.4544873469481,26.6441032689751],[89.4550010202283,26.6459144656932],[89.4552773979068,26.645874405718]]]},"properties":{"id":null,"description":null,"altitudeMode":null,"tessellate":null,"extrude":null,"visibility":null,"drawOrder":null,"icon":null,"AREA":null,"PERIMETER":null,"division":"BuxaTR_WEST","beat":"Nimati-West","range":"Nimati","layer":"master","path":"C:/Users/user/OneDrive/Desktop/Buxaroad/master.geojson","fill-opacity":0,"stroke-opacity":1,"stroke":"#ff0000","SID":"028","DID":"014","RID":"007","BID":"001","State":"West_Bengal","Beat_Ar":10.21}},
{"type":"Feature","geometry":{"type":"Polygon","coordinates":[[[89.5693160455639,26.6613275450132],[89.5693110775009,26.6626713584463],[89.5694958482014,26.6649950171865],[89.5703943364203,26.6672044595151],[89.5716812054736,26.6690085799345],[89.5732923225765,26.6707555099333],[89.5741900361355,26.6725001867542],[89.5749551577027,26.674134372968],[89.5744475785478,26.6741814630022],[89.5717933878831,26.6746378571442],[89.5693988246471,26.6748050942004],[89.566422171826,26.6747959813692],[89.564867767914,26.6747011837418],[89.5647264938274,26.6768270924431],[89.5647839835916,26.6789178129219],[89.5652906871402,26.6817649901259],[89.5658619982057,26.6848446686868],[89.5663674945536,26.6866822724881],[89.5631396300092,26.6872717537983],[89.5597720017165,26.6876094592314],[89.5567934919713,26.6880071107671],[89.5539454496275,26.6884624919197],[89.5513539774936,26.688803052905],[89.5503106723286,26.6889746448592],[89.5492177241992,26.6890288929571],[89.5471469430876,26.6891967393123],[89.5443622750451,26.6894778045839],[89.5416422981191,26.689875991263],[89.5389880940419,26.690215600951],[89.5367233297285,26.6904987692413],[89.535168221346,26.6904939031344],[89.5321275393391,26.6907163069027],[89.5281763210175,26.6911678666077],[89.5257836175589,26.6913983774292],[89.5257523332358,26.6904427056303],[89.5253744986806,26.6888754203053],[89.5253388586733,26.6871338369599],[89.5254811587039,26.6849357408612],[89.5249917177749,26.6817794059083],[89.524873817691,26.6798965727369],[89.5243043366199,26.6772695776692],[89.5240283093567,26.6759964532991],[89.5236362674455,26.6741932691194],[89.5232094224157,26.6699045445463],[89.5232602937743,26.6673337643644],[89.5231362103377,26.6651472669476],[89.5230812597515,26.662044341087],[89.5230789021733,26.6619851443653],[89.5230606689794,26.660921599527],[89.5230246638329,26.65567829551],[89.52331833792,26.6533158479027],[89.5234655071322,26.6523427435627],[89.5238277815906,26.6509843597637],[89.5244699022541,26.6493528035981],[89.5246565694786,26.6485295850729],[89.5247244533262,26.6485350599904],[89.5267310975619,26.6484835941325],[89.5292534405772,26.6482598763431],[89.5323603257064,26.6482119820315],[89.5333724400848,26.6481866679326],[89.5334628263239,26.6481845633039],[89.534429754673,26.6481608579588],[89.5368239771063,26.6479361356684],[89.5403182764573,26.6477149489586],[89.5438117721995,26.6476679668532],[89.5471779672466,26.6473887839464],[89.5506719177871,26.6472254414756],[89.5539071634208,26.6470611800118],[89.5561953693349,26.6469515072929],[89.5559699285769,26.6487514951966],[89.5557025995782,26.6510158440552],[89.5554340164895,26.6535698274529],[89.5552307340822,26.6561242222278],[89.555418750026,26.6575189435136],[89.5552850896732,26.658969925884],[89.5548411392704,26.6607615892908],[89.5558135469938,26.660671403545],[89.5629124746101,26.6603593169885],[89.5666064878804,26.6605515150716],[89.5693160455639,26.6613275450132]]]},"properties":{"id":null,"description":null,"altitudeMode":null,"tessellate":null,"extrude":null,"visibility":null,"drawOrder":null,"icon":null,"AREA":null,"PERIMETER":null,"division":"BuxaTR_WEST","beat":"NorthRajabhatkhawa","range":"WestRajabhatkhawa","layer":"master","path":"C:/Users/user/OneDrive/Desktop/Buxaroad/master.geojson","fill-opacity":0,"stroke-opacity":1,"stroke":"#ff0000","SID":"028","DID":"014","RID":"003","BID":"002","State":"West_Bengal","Beat_Ar":17.853}},
{"type":"Feature","geometry":{"type":"Polygon","coordinates":[[[89.4590920094479,26.7980367704386],[89.45861345242,26.7971079753367],[89.4584024772207,26.7965278020747],[89.4576914613469,26.7953033169259],[89.4569048805678,26.7946571625939],[89.4559753921435,26.7939456390786],[89.4556908047199,26.7934945336177],[89.4551202432854,26.7929135444704],[89.4543362085629,26.7922673485292],[89.4530483887537,26.7918118893473],[89.4517621397359,26.7910351921382],[89.4511189627819,26.7903895049017],[89.4502628793393,26.7895497191705],[89.4499790418875,26.7889697144163],[89.4499079610526,26.7885838067769],[89.4491232666964,26.788066183485],[89.4484798332021,26.7874842201295],[89.4470521840156,26.7863211607403],[89.4466466177501,26.7859547483065],[89.4456251244692,26.7850289188058],[89.4451247857063,26.7845125945905],[89.4445546094786,26.7838672567408],[89.4438400983918,26.7834143118002],[89.4431998033417,26.7827036932903],[89.4428449690426,26.7817377590406],[89.4424943571097,26.7803851427775],[89.4419266609115,26.7792253785338],[89.4410014330603,26.7776778226518],[89.4395788863908,26.7754850031556],[89.4388850303443,26.7739122327591],[89.4404272161115,26.7731672527079],[89.4432629111268,26.7721837364408],[89.4452504828095,26.7718684580575],[89.4469549009212,26.7713814837938],[89.4484697747779,26.7710780458357],[89.4496023680755,26.770802480972],[89.4499521690202,26.7707419295304],[89.4539925656254,26.7695927171988],[89.4555633179462,26.7691524190152],[89.4627275558095,26.7671459041397],[89.4740021639183,26.7633872913658],[89.4797651307957,26.7614655921367],[89.4797782219021,26.7613484213311],[89.4824057074113,26.7612320854762],[89.4848322209213,26.7610670485601],[89.4865564712908,26.7611253687245],[89.4875016668568,26.7611447643893],[89.4881518758068,26.7641912357894],[89.48830059356,26.7658089649256],[89.4879568395436,26.7679301829158],[89.4870647450847,26.7707071946256],[89.4868805760688,26.7731386333896],[89.4868943218416,26.7745888580436],[89.4866015295187,26.775416810022],[89.4860974561048,26.7768411730616],[89.4854241593669,26.7789791008202],[89.4841809583854,26.7809684670148],[89.483435539894,26.7834734717319],[89.4828857920394,26.786693285854],[89.483919586039,26.7905874065877],[89.4849736605137,26.7933197124799],[89.4855337502335,26.7968549993651],[89.4857439060701,26.7982645208969],[89.4860140791604,26.7997078156969],[89.4860768036164,26.8014654728563],[89.4859082764564,26.8014751407546],[89.4834780215956,26.8016960985168],[89.4811740513341,26.8018023244664],[89.4787429234607,26.8016791608892],[89.4759201352808,26.8013761762231],[89.4754199235259,26.8013224586675],[89.473115960598,26.8014291174934],[89.4696597242543,26.8016461455047],[89.4669730650108,26.8018661028276],[89.4646742559564,26.8008239485154],[89.4643831271536,26.8007113412096],[89.4619933857098,26.7997811954912],[89.4603345963632,26.7985118154006],[89.4590920094479,26.7980367704386]]]},"properties":{"id":null,"description":null,"altitudeMode":null,"tessellate":null,"extrude":null,"visibility":null,"drawOrder":null,"icon":null,"AREA":null,"PERIMETER":null,"division":"BuxaTR_WEST","beat":"Pana","range":"Pana","layer":"master","path":"C:/Users/user/OneDrive/Desktop/Buxaroad/master.geojson","fill-opacity":0,"stroke-opacity":1,"stroke":"#ff0000","SID":"028","DID":"014","RID":"002","BID":"001","State":"West_Bengal","Beat_Ar":14.0011}},
{"type":"Feature","geometry":{"type":"Polygon","coordinates":[[[89.6615538401816,26.6016573773367],[89.6625564594206,26.6021758127583],[89.6630914815633,26.6037651103729],[89.6633136275539,26.6059059938276],[89.6632280903282,26.6093581119313],[89.6670649163667,26.6108170537643],[89.667150989649,26.6114705649781],[89.6675021637626,26.6141361335681],[89.667400381509,26.6146370311799],[89.6672052771453,26.6160699040438],[89.6672640394321,26.6174459355199],[89.6672595407436,26.618993318739],[89.6677021175907,26.6204846938352],[89.668142314215,26.622836474138],[89.6686455181414,26.6250733019543],[89.6688322633095,26.6265064825539],[89.6689164183245,26.6268861922438],[89.666696489825,26.6261319686147],[89.6660661232747,26.6261689742534],[89.6634267348224,26.6263239901349],[89.6588375655809,26.6269394068512],[89.654439359657,26.6274794148106],[89.6519209196216,26.627481093699],[89.64783573649,26.6274839948449],[89.6463319486555,26.6273883523816],[89.6447470641031,26.6275908621277],[89.6417529862932,26.6279252720585],[89.6383994863883,26.6283472389449],[89.6368405366047,26.6282794868256],[89.6354772532143,26.6282196164685],[89.6319513444902,26.6284172522399],[89.6279798215676,26.6289326505976],[89.6260382009227,26.6291497588989],[89.6207414802603,26.629494566554],[89.619332352047,26.6296448751898],[89.6176544518536,26.6298230481747],[89.6125721272902,26.6298597013128],[89.6094360934758,26.6298075750437],[89.6071433095294,26.6298882506942],[89.6054257425049,26.6299138828949],[89.6036423510203,26.630103236245],[89.60232870857,26.6302150745555],[89.5979314448425,26.6303872962264],[89.594347736883,26.6305226138678],[89.5888259609778,26.6305723776493],[89.5888062209323,26.6304843307889],[89.5882717698036,26.6275695774033],[89.5879142797281,26.6257470240195],[89.5873716948449,26.6230345531612],[89.5871370737565,26.6205512925109],[89.58725956528,26.6179041428319],[89.5897870102914,26.6174362308144],[89.590953355681,26.6170328763552],[89.5919010903023,26.6166858257262],[89.5920544174829,26.6166299622731],[89.5934778263071,26.6166921177533],[89.5965806083801,26.6168171752596],[89.5988450304553,26.6168816661235],[89.6007203874609,26.6168867724617],[89.6024026915209,26.6168334008639],[89.6049244768426,26.6165499997755],[89.6075134747725,26.6163828257182],[89.6102935804237,26.6161581658036],[89.6127526877895,26.6158166807828],[89.6154052157557,26.6154267058298],[89.6158598368524,26.6153603406841],[89.6187705962111,26.6150781937029],[89.6217468927615,26.6147374288618],[89.6237538510426,26.6144522412595],[89.6261471993739,26.6142260541702],[89.6302863442186,26.6137144398553],[89.6353970014726,26.6132053448398],[89.6361905368617,26.6131265537631],[89.6365572221056,26.6130904641264],[89.6394101394558,26.6128088470082],[89.6405527844105,26.6127164149494],[89.6421447979526,26.6125871964393],[89.6413573372082,26.6115325850682],[89.6391663434352,26.6089141100141],[89.6367187585311,26.6057136795982],[89.6350031417227,26.6036480204655],[89.6375645647567,26.6033965916073],[89.6406680146455,26.6031721366857],[89.6428675598068,26.6030615615386],[89.6461015494784,26.6028377357334],[89.6499802744668,26.6027890898153],[89.6532138723924,26.6026810102211],[89.6556087015897,26.6026866895462],[89.6571607409156,26.6025163199564],[89.6592956432127,26.602114657139],[89.6615538401816,26.6016573773367]]]},"properties":{"id":null,"description":null,"altitudeMode":null,"tessellate":null,"extrude":null,"visibility":null,"drawOrder":null,"icon":null,"AREA":null,"PERIMETER":null,"division":"BuxaTR_WEST","beat":"Panbari-North","range":"EastRajabhatkhawa","layer":"master","path":"C:/Users/user/OneDrive/Desktop/Buxaroad/master.geojson","fill-opacity":0,"stroke-opacity":1,"stroke":"#ff0000","SID":"028","DID":"014","RID":"004","BID":"003","State":"West_Bengal","Beat_Ar":14.8932}},
{"type":"Feature","geometry":{"type":"Polygon","coordinates":[[[89.6615538401816,26.6016573773367],[89.6592956432127,26.602114657139],[89.6571607409156,26.6025163199564],[89.6556087015897,26.6026866895462],[89.6532138723924,26.6026810102211],[89.6499802744668,26.6027890898153],[89.6461015494784,26.6028377357334],[89.6428675598068,26.6030615615386],[89.6406680146455,26.6031721366857],[89.6375645647567,26.6033965916073],[89.6350031417227,26.6036480204655],[89.6367187585311,26.6057136795982],[89.6391663434352,26.6089141100141],[89.6413573372082,26.6115325850682],[89.6421447979526,26.6125871964393],[89.6405527844105,26.6127164149494],[89.6394101394558,26.6128088470082],[89.6365572221056,26.6130904641264],[89.6361905368617,26.6131265537631],[89.6353970014726,26.6132053448398],[89.6302863442186,26.6137144398553],[89.6261471993739,26.6142260541702],[89.6237538510426,26.6144522412595],[89.6217468927615,26.6147374288618],[89.6187705962111,26.6150781937029],[89.6158598368524,26.6153603406841],[89.6154052157557,26.6154267058298],[89.6127526877895,26.6158166807828],[89.6102935804237,26.6161581658036],[89.6075134747725,26.6163828257182],[89.6049244768426,26.6165499997755],[89.6024026915209,26.6168334008639],[89.6007203874609,26.6168867724617],[89.5988450304553,26.6168816661235],[89.5965806083801,26.6168171752596],[89.5934778263071,26.6166921177533],[89.5920544174829,26.6166299622731],[89.5919010903023,26.6166858257262],[89.590953355681,26.6170328763552],[89.5897870102914,26.6174362308144],[89.58725956528,26.6179041428319],[89.5872731418662,26.6176264971056],[89.5870374503554,26.6154500688545],[89.5869357163926,26.614414550433],[89.5869614559722,26.6107622809436],[89.5871849340339,26.6086543246043],[89.5873107528578,26.6078923476062],[89.5872640540301,26.6075905583599],[89.5877156905466,26.6048827620083],[89.5885289948296,26.6028107944047],[89.5887846375991,26.6022129025881],[89.5892090808663,26.6014656332985],[89.5899456157051,26.5998017343337],[89.5912276911023,26.5957730221558],[89.5910274596556,26.5921026909],[89.5905633853923,26.5913337760008],[89.5903864770462,26.5909307936518],[89.5905245643095,26.5909210704138],[89.5916292811189,26.590844689542],[89.5937638043525,26.5906191384424],[89.5951845872957,26.590571898836],[89.5953804557062,26.5905654705791],[89.599450427111,26.5902306776213],[89.6014769056802,26.5900107395583],[89.6043011189385,26.5899109307782],[89.6068666127897,26.5898221690469],[89.609583981885,26.5894205898461],[89.61020430061,26.5893292452705],[89.6164844524242,26.589339753115],[89.6181617810154,26.5891291891332],[89.6204538792351,26.5890466794051],[89.6215081584782,26.5890118156096],[89.6231047967202,26.5889541144834],[89.623687412281,26.5888490418964],[89.6246870888248,26.5886698282181],[89.626891359839,26.5885239221841],[89.627222803486,26.5884972864976],[89.6286639083006,26.5883809547746],[89.6291106930639,26.5883673754896],[89.6330479301638,26.5886834491466],[89.6374769826515,26.5890614299067],[89.6421490189376,26.588820007799],[89.6455932015333,26.5886978377854],[89.6489507724634,26.5881493563241],[89.6496849181441,26.588568636362],[89.6505148581378,26.5880550661529],[89.6510270743864,26.5879986403451],[89.6515381997133,26.5874845364657],[89.6524961390595,26.5869705962727],[89.6529447197435,26.5863410298934],[89.6543471922785,26.5865740072648],[89.6557478869851,26.587379736291],[89.6545332788872,26.5881217224018],[89.6548500407091,26.5887533850284],[89.6554215034205,26.5890411414842],[89.6559938293217,26.5898455119529],[89.65637563769,26.5905914694039],[89.6570103960331,26.5915679744037],[89.6571343736557,26.5920267551638],[89.6577679874025,26.5933467467473],[89.6588507307333,26.5939223697102],[89.6598719399138,26.5940393231923],[89.6604460776153,26.5934677702257],[89.6610233172536,26.5926663482057],[89.6616620596903,26.5922666202647],[89.6622361880927,26.5924976347371],[89.6631878193944,26.5941049054869],[89.6630579930519,26.5947065216334],[89.663023075229,26.595480457646],[89.6620962680887,26.5965098839559],[89.6618683098848,26.598028584406],[89.6615156835683,26.5984576817849],[89.6611629410171,26.5997463174064],[89.6603008292817,26.6000883056556],[89.659874966245,26.6006510771057],[89.6614836502144,26.6016212558572],[89.6615538401816,26.6016573773367]]]},"properties":{"id":null,"description":null,"altitudeMode":null,"tessellate":null,"extrude":null,"visibility":null,"drawOrder":null,"icon":null,"AREA":null,"PERIMETER":null,"division":"BuxaTR_WEST","beat":"Panbari-South","range":"EastRajabhatkhawa","layer":"master","path":"C:/Users/user/OneDrive/Desktop/Buxaroad/master.geojson","fill-opacity":0,"stroke-opacity":1,"stroke":"#ff0000","SID":"028","DID":"014","RID":"004","BID":"002","State":"West_Bengal","Beat_Ar":17.0622}},
{"type":"Feature","geometry":{"type":"Polygon","coordinates":[[[89.4423474566046,26.6177835626442],[89.4399444476219,26.615809570977],[89.4375891847427,26.6138071326543],[89.43859852664,26.6127582403851],[89.4396516368178,26.6104595582277],[89.4400361342879,26.6098637048947],[89.4408971900246,26.608331793915],[89.4421353231596,26.6072275378995],[89.4430895753076,26.6061227715924],[89.4435727831909,26.6043332529457],[89.4440643644853,26.6028860173543],[89.4441508881539,26.6026296296124],[89.444348708991,26.6011805845627],[89.4447165995242,26.6003790152714],[89.445211312985,26.5993073920243],[89.4458781010331,26.5984570924437],[89.4465475429306,26.5976064809128],[89.4473108718762,26.5965002479902],[89.4485549873227,26.5946287906765],[89.4487146718725,26.5943152509928],[89.448623841142,26.5938934321471],[89.4484581668045,26.5928493984479],[89.4483849980479,26.5923972233567],[89.4478098620808,26.5908942874919],[89.4477013214338,26.588942981752],[89.4474128002775,26.5852709406474],[89.4469194721319,26.5819391216797],[89.4462971335809,26.5782634204416],[89.445930701665,26.5751618395772],[89.4449181804023,26.5733209615729],[89.4433932305058,26.5715932911531],[89.443369167264,26.5713509989815],[89.4432707253643,26.5704447426416],[89.4427758114475,26.5674575409787],[89.4422796187877,26.5642410667863],[89.441915606011,26.5606808768018],[89.4414243943831,26.5564304600503],[89.4413088207977,26.5539044510394],[89.4413122616039,26.5532154414602],[89.4409397977982,26.5513776241394],[89.4443911213857,26.5501279643703],[89.4468213227517,26.5493342023635],[89.4491220395068,26.5488838085217],[89.4500190688794,26.5480833221242],[89.4505373151602,26.5462485789181],[89.4505433497239,26.5449859159246],[89.452969153554,26.5451097891752],[89.4565404261348,26.5454683843403],[89.4565928579664,26.5455095864173],[89.4575578039014,26.546275539024],[89.4592161113139,26.5468561392607],[89.4589552188248,26.5478881834885],[89.4586933199235,26.5491503649013],[89.4589684855554,26.5502161418954],[89.4590607381409,26.5507458119593],[89.4592617319511,26.5518988223404],[89.4592523972769,26.5538721537379],[89.4595053687215,26.5550351604947],[89.4602153543386,26.5555601751494],[89.461637346442,26.5557392030172],[89.4627983419876,26.5558022256288],[89.4635093290022,26.5562702402622],[89.4635683121371,26.5569662425351],[89.4626612945915,26.557776226415],[89.4611712906177,26.5581191980436],[89.4604592808913,26.5586391834128],[89.4597392470193,26.5600881736206],[89.4595392127437,26.5615391722098],[89.459660162307,26.56363017811],[89.4602961174349,26.5654331934787],[89.4613880797795,26.5668892171599],[89.4618380549181,26.5678782275663],[89.4618310201145,26.5693302299044],[89.4616461514538,26.570296055502],[89.4613755125013,26.5717518484135],[89.4605217567045,26.5742101962747],[89.459964241146,26.576109211473],[89.4583672077169,26.5801095056739],[89.4575647028251,26.5824383992436],[89.4571688182597,26.5844697644525],[89.456380076789,26.5867303743883],[89.4547329037794,26.5893015590319],[89.4539006315256,26.591597164772],[89.4548495609871,26.591543952401],[89.4590684088853,26.5917016129463],[89.4621088322551,26.5919073021914],[89.4619674003799,26.5942320947639],[89.4617607631733,26.5960180956122],[89.46126227629,26.598145185494],[89.460802960039,26.6018769492868],[89.461915993229,26.6017663460712],[89.4685112742358,26.6016770572629],[89.4691972267434,26.6016034278293],[89.4689151061299,26.6022282510735],[89.4686535480118,26.6028660552611],[89.4687127927635,26.6036209638057],[89.4691628000474,26.6045520400003],[89.4694826084128,26.6054241098372],[89.4694138238107,26.6061792138381],[89.4690215042252,26.6068744922202],[89.4681765000917,26.6077425303855],[89.4669427622764,26.6090734187223],[89.4653860632455,26.6101710177067],[89.4643429387986,26.611503020463],[89.4635571671383,26.6136488010505],[89.4631624340863,26.6153895228313],[89.462380168098,26.6167800223311],[89.4620188319444,26.6172527352147],[89.4566683473045,26.6178387523325],[89.4501069293626,26.6185590534467],[89.4456581412671,26.6190161565812],[89.44384698982,26.6192122536505],[89.4436216485808,26.6190757920686],[89.4423474566046,26.6177835626442]]]},"properties":{"id":null,"description":null,"altitudeMode":null,"tessellate":null,"extrude":null,"visibility":null,"drawOrder":null,"icon":null,"AREA":null,"PERIMETER":null,"division":"BuxaTR_WEST","beat":"Poro-West","range":"Nimati","layer":"master","path":"C:/Users/user/OneDrive/Desktop/Buxaroad/master.geojson","fill-opacity":0,"stroke-opacity":1,"stroke":"#ff0000","SID":"028","DID":"014","RID":"007","BID":"003","State":"West_Bengal","Beat_Ar":27.0001}},
{"type":"Feature","geometry":{"type":"Polygon","coordinates":[[[89.4875016668568,26.7611447643893],[89.4865564712908,26.7611253687245],[89.4848322209213,26.7610670485601],[89.4824057074113,26.7612320854762],[89.4797782219021,26.7613484213311],[89.4799167818375,26.76016084063],[89.4802929796449,26.7575392938794],[89.4805160303088,26.7559864721673],[89.4817212523822,26.7467247888785],[89.4823312717119,26.7401360098735],[89.4824835371252,26.7387006767052],[89.4823744998907,26.7304778375799],[89.4826038623294,26.728641805131],[89.4826616668839,26.72864176397],[89.4837386564222,26.7288876775629],[89.4859393437149,26.7290569341375],[89.488681403875,26.7290267255871],[89.4914691598765,26.7288752827015],[89.493897587242,26.7286816086777],[89.4966347432015,26.728613509286],[89.4966901712375,26.7285759802899],[89.4972737931804,26.7284618015688],[89.4978572643082,26.728348186096],[89.4990868427054,26.7281780969267],[89.5002539195719,26.7279497194419],[89.5019392545739,26.727606699768],[89.5032341764558,26.7274375741547],[89.5049838251291,26.7273273393824],[89.5067311330797,26.7271590142813],[89.5088028316258,26.7269336307587],[89.5113299415414,26.7265936570578],[89.5129488816933,26.72648330942],[89.5151507512931,26.7263746047315],[89.5170280530581,26.7263807359305],[89.5186468239038,26.7262700433687],[89.5202652542596,26.7262755232071],[89.5222083965649,26.7261658201705],[89.525056504633,26.7259425706321],[89.5263610862761,26.7258887545455],[89.5263537133178,26.7258307405419],[89.5261642005864,26.7242622850188],[89.5259131728712,26.7223450844773],[89.5257939841928,26.7201376872375],[89.525605314414,26.7183368460743],[89.525617918695,26.7152597267852],[89.5256256816125,26.7133718845546],[89.5265332271449,26.7132588944264],[89.5276014366354,26.7132042339718],[89.5286370602764,26.7131205883238],[89.5299312012406,26.7130956214555],[89.5312608494303,26.7130130116101],[89.5320375436244,26.7129575200997],[89.533266829586,26.7128164732703],[89.5348857083887,26.7126472253707],[89.537703623241,26.7123659669698],[89.5393855547679,26.712168065211],[89.5408435104603,26.7120278528363],[89.5411149396606,26.7120071344369],[89.5413875906961,26.7123329880891],[89.5432086980087,26.7156707307417],[89.5438548779563,26.7181239113455],[89.5444432827535,26.7212037701884],[89.5453203476364,26.7224793051955],[89.5459008730142,26.7231280700296],[89.5441537141356,26.7245532075991],[89.5403084169505,26.727175148222],[89.5365539174334,26.7303352000771],[89.534726772977,26.7322066651931],[89.5336975116835,26.7338280715925],[89.5320701012121,26.7372799605116],[89.5321855466177,26.7397817980215],[89.5320590786391,26.7424949369699],[89.5306861674789,26.7451152414441],[89.5292416238295,26.7474359711654],[89.5290492682135,26.7477479737252],[89.5272241221106,26.7496918048325],[89.5270091189478,26.7500378899223],[89.5241786666556,26.75190848785],[89.5220412598729,26.7527160304463],[89.5211072205848,26.7530689916555],[89.5194454964598,26.7543350020641],[89.5169166477347,26.7561587938569],[89.5151715503057,26.7581095166919],[89.5143131769153,26.7601770721962],[89.5132839243611,26.7616488781351],[89.511009830814,26.7632349345112],[89.5108280780076,26.7633922611203],[89.5080521548666,26.7635499053947],[89.5065510905318,26.763607350969],[89.5054912147432,26.7633775157689],[89.5029017419598,26.7628162122835],[89.5013056056463,26.7621924352771],[89.4984767493912,26.7623620155551],[89.4963498606108,26.7624310552141],[89.4936039884795,26.762003777544],[89.4902248239545,26.7609799008065],[89.4880671416507,26.7611557392119],[89.4875016668568,26.7611447643893]]]},"properties":{"id":null,"description":null,"altitudeMode":null,"tessellate":null,"extrude":null,"visibility":null,"drawOrder":null,"icon":null,"AREA":null,"PERIMETER":null,"division":"BuxaTR_WEST","beat":"Raimatong","range":"Pana","layer":"master","path":"C:/Users/user/OneDrive/Desktop/Buxaroad/master.geojson","fill-opacity":0,"stroke-opacity":1,"stroke":"#ff0000","SID":"028","DID":"014","RID":"002","BID":"003","State":"West_Bengal","Beat_Ar":19.7066}},
{"type":"Feature","geometry":{"type":"Polygon","coordinates":[[[89.3823498513656,26.7989372976011],[89.384660725098,26.7994358404702],[89.3878519532382,26.7999079359202],[89.391939502904,26.8001548287754],[89.3966641141274,26.8007478266957],[89.4012622431208,26.8009958887933],[89.405859770909,26.8013588684869],[89.410202042945,26.8014913024459],[89.4114342245975,26.801496205257],[89.4141626641363,26.8015072848216],[89.4162122158936,26.8015155277082],[89.4161831936642,26.8017851405945],[89.4169409230044,26.8036250101778],[89.4184637112203,26.80638642811],[89.4197343694869,26.8077693464904],[89.4208776322876,26.8094961779622],[89.4228717900422,26.8105178637694],[89.4238126442436,26.811000215042],[89.4237810832654,26.8112791606589],[89.4236811367942,26.8121476357795],[89.4235575451247,26.8122199479645],[89.4221399506402,26.8130599536375],[89.4226462482803,26.8144398163461],[89.4243000682208,26.8161679596634],[89.4269736332719,26.8187044641126],[89.4285951560403,26.8198787270366],[89.4295249860686,26.8205512236311],[89.4320733177829,26.8225133072772],[89.4345015891193,26.8233262405061],[89.4370534566392,26.8245986784206],[89.4394818122778,26.8254118047701],[89.4398644879858,26.8258726569879],[89.4394713967173,26.8275929763745],[89.4398517194476,26.8285126824002],[89.4420222507472,26.8290954497675],[89.442222985481,26.8291796951539],[89.4455993834872,26.8306011927223],[89.4491785844665,26.8311891632893],[89.4504824398067,26.8304527075117],[89.4506782800768,26.830522326428],[89.4508892872533,26.8305977114502],[89.451193159633,26.830705983078],[89.4540634035575,26.8317294832233],[89.4508107309747,26.8355263424832],[89.4476383865546,26.8382774649363],[89.4438060383535,26.8411441257793],[89.4406104905715,26.8418186190179],[89.4347526730979,26.8395246114325],[89.4339392318138,26.8392065890332],[89.4311349917797,26.8375071626066],[89.4254244508335,26.8329833776176],[89.4201725086948,26.8293783226896],[89.4192321925634,26.8287992170939],[89.4190686682954,26.8287850675642],[89.4187843025512,26.8288133054829],[89.4186433174376,26.8288415127716],[89.417689340296,26.8284895530358],[89.4149826971987,26.8274907369198],[89.4101845382919,26.8253133672875],[89.4074457962788,26.8232470237932],[89.4033309213977,26.8212777774704],[89.4005882255288,26.8200331192326],[89.3947760538231,26.8165967603553],[89.3937480740707,26.815989577717],[89.3927099562052,26.8153751548321],[89.3893964147758,26.8137173884514],[89.3852874146296,26.811233426025],[89.3835778225958,26.8096849960999],[89.3829028159249,26.8075234745716],[89.3822317206644,26.8041295047788],[89.3824766740607,26.8015613359121],[89.3822567970729,26.7994024046946],[89.3823498513656,26.7989372976011]]]},"properties":{"id":null,"description":null,"altitudeMode":null,"tessellate":null,"extrude":null,"visibility":null,"drawOrder":null,"icon":null,"AREA":null,"PERIMETER":null,"division":"BuxaTR_WEST","beat":"Rangamati","range":"Hamiltonganj","layer":"master","path":"C:/Users/user/OneDrive/Desktop/Buxaroad/master.geojson","fill-opacity":0,"stroke-opacity":1,"stroke":"#ff0000","SID":"028","DID":"014","RID":"001","BID":"001","State":"West_Bengal","Beat_Ar":12.1514}},
{"type":"Feature","geometry":{"type":"Polygon","coordinates":[[[89.5888259609778,26.6305723776493],[89.5852029623894,26.6311813928764],[89.5828665845923,26.6314835401645],[89.5786924777205,26.6317161334437],[89.5751180457915,26.6320852132022],[89.5745428935033,26.6321011804885],[89.5713009378268,26.6321901111376],[89.5686493476876,26.6321822048398],[89.5658668649099,26.6322318121341],[89.5637974345379,26.6323417594018],[89.5621150358492,26.6323365901572],[89.5594629835757,26.6324447050614],[89.5593022618052,26.6324442141502],[89.5593371458867,26.6312244289601],[89.5584442632004,26.6276795204231],[89.5571034536143,26.6231457172814],[89.556422372692,26.6213435346862],[89.5557612415362,26.6195989409574],[89.5541581433826,26.6160516181901],[89.5522326552186,26.6121547200593],[89.55067053053,26.6097414237931],[89.5483498841409,26.6099624493982],[89.5475969888528,26.6098922543669],[89.5470447075271,26.609920548318],[89.5469213394667,26.609348001972],[89.5466281183884,26.6073150839478],[89.5464972592806,26.6048590745435],[89.5459917560444,26.6031981787956],[89.545884770387,26.6016857949291],[89.5457673718444,26.6002620750448],[89.5453077494614,26.5990696587889],[89.5454603098865,26.5973254585384],[89.5459622346732,26.5961022790613],[89.545997825417,26.5959606047574],[89.5461510645517,26.5959335567725],[89.5480319047733,26.5951265558136],[89.5493918037487,26.5940274082486],[89.5505599469766,26.593160178626],[89.551660914848,26.5927567335812],[89.5533433568312,26.5925877629855],[89.555866787061,26.592421977657],[89.5581945431676,26.5921968150807],[89.5610391238903,26.5920313656814],[89.5634324383647,26.5917481502316],[89.5653734185721,26.591579860674],[89.5675723566254,26.5915288359148],[89.5706767895781,26.5917122755328],[89.5709353562422,26.5917128021626],[89.5720975098798,26.5917163096639],[89.574038484606,26.5915484665331],[89.5764967292808,26.591323535566],[89.5787616600979,26.5910976076385],[89.580928226327,26.5910095117188],[89.5814127466395,26.590989457652],[89.5839326673925,26.5910519245526],[89.5840630908766,26.5910552652923],[89.5863897568909,26.5911201241406],[89.5883303983359,26.5910096204101],[89.5900124872037,26.5909564100249],[89.5903864770462,26.5909307936518],[89.5905633853923,26.5913337760008],[89.5910274596556,26.5921026909],[89.5912276911023,26.5957730221558],[89.5899456157051,26.5998017343337],[89.5892090808663,26.6014656332985],[89.5887846375991,26.6022129025881],[89.5885289948296,26.6028107944047],[89.5877156905466,26.6048827620083],[89.5872640540301,26.6075905583599],[89.5873107528578,26.6078923476062],[89.5871849340339,26.6086543246043],[89.5869614559722,26.6107622809436],[89.5869357163926,26.614414550433],[89.5870374503554,26.6154500688545],[89.5872731418662,26.6176264971056],[89.58725956528,26.6179041428319],[89.5871370737565,26.6205512925109],[89.5873716948449,26.6230345531612],[89.5879142797281,26.6257470240195],[89.5882717698036,26.6275695774033],[89.5888062209323,26.6304843307889],[89.5888259609778,26.6305723776493]]]},"properties":{"id":null,"description":null,"altitudeMode":null,"tessellate":null,"extrude":null,"visibility":null,"drawOrder":null,"icon":null,"AREA":null,"PERIMETER":null,"division":"BuxaTR_WEST","beat":"SouthRajabhatkhawa","range":"EastDamanpur","layer":"master","path":"C:/Users/user/OneDrive/Desktop/Buxaroad/master.geojson","fill-opacity":0,"stroke-opacity":1,"stroke":"#ff0000","SID":"028","DID":"014","RID":"006","BID":"003","State":"West_Bengal","Beat_Ar":15.6373}},
{"type":"Feature","geometry":{"type":"Polygon","coordinates":[[[89.5561953693349,26.6469515072929],[89.5539071634208,26.6470611800118],[89.5506719177871,26.6472254414756],[89.5471779672466,26.6473887839464],[89.5438117721995,26.6476679668532],[89.5403182764573,26.6477149489586],[89.5368239771063,26.6479361356684],[89.534429754673,26.6481608579588],[89.5334628263239,26.6481845633039],[89.5333724400848,26.6481866679326],[89.5323603257064,26.6482119820315],[89.5292534405772,26.6482598763431],[89.5267310975619,26.6484835941325],[89.5247244533262,26.6485350599904],[89.5246565694786,26.6485295850729],[89.5248125934014,26.6478454444867],[89.5253409592111,26.6457951938172],[89.525519534362,26.6432690019074],[89.5248793602524,26.6389704296826],[89.5244077354024,26.6370614902089],[89.5238610372427,26.6362687058697],[89.5231486536455,26.6348772961509],[89.5229617682573,26.6345380681495],[89.5229619674215,26.6344703834471],[89.522208373873,26.634535713687],[89.5208898856422,26.6345989143806],[89.518965988285,26.6346939626407],[89.5167432394943,26.6347879479782],[89.5144049451533,26.6349155626165],[89.5116901263851,26.6350079492205],[89.5113181598144,26.6350680298473],[89.5092023586402,26.6354061094324],[89.5062601419548,26.6358358403931],[89.5045609063691,26.6362368321598],[89.5037414490886,26.6364037236521],[89.5037119738616,26.6362745923052],[89.5033275086455,26.6346049218739],[89.5006890451057,26.6315628492692],[89.4994940562199,26.6291755474246],[89.5001176388436,26.6272484538418],[89.5004715513674,26.626146274751],[89.4992766292265,26.6237589667689],[89.4992879886164,26.6211592511261],[89.4966471446264,26.6187671509678],[89.4954467391313,26.6176796615236],[89.4957041025047,26.6139978031902],[89.4957750478676,26.6132770754273],[89.4958802870886,26.6133089627551],[89.4991226550258,26.6130494509774],[89.5043246721037,26.6124577834821],[89.5089664366376,26.6119138999458],[89.5093784985426,26.6118655281467],[89.5129217348018,26.6116747022025],[89.5171429233812,26.6114181729879],[89.5229457007889,26.6112342518701],[89.5267903858838,26.6109761154519],[89.5277114966782,26.6110231789346],[89.5282235481015,26.6110486925595],[89.5326484605804,26.6107522882038],[89.5330476230569,26.6107259843436],[89.541414807332,26.6102110186488],[89.5470447075271,26.609920548318],[89.5475969888528,26.6098922543669],[89.5483498841409,26.6099624493982],[89.55067053053,26.6097414237931],[89.5522326552186,26.6121547200593],[89.5541581433826,26.6160516181901],[89.5557612415362,26.6195989409574],[89.556422372692,26.6213435346862],[89.5571034536143,26.6231457172814],[89.5584442632004,26.6276795204231],[89.5593371458867,26.6312244289601],[89.5593022618052,26.6324442141502],[89.5592621932272,26.6337213036888],[89.5589307815982,26.6363337970757],[89.5584680879147,26.6384807258357],[89.5572320084095,26.640567611234],[89.5564448740538,26.6434687972571],[89.5562369559518,26.6466041819801],[89.5561953693349,26.6469515072929]]]},"properties":{"id":null,"description":null,"altitudeMode":null,"tessellate":null,"extrude":null,"visibility":null,"drawOrder":null,"icon":null,"AREA":null,"PERIMETER":null,"division":"BuxaTR_WEST","beat":"WestRajabhatkhawa","range":"WestRajabhatkhawa","layer":"master","path":"C:/Users/user/OneDrive/Desktop/Buxaroad/master.geojson","fill-opacity":0,"stroke-opacity":1,"stroke":"#ff0000","SID":"028","DID":"014","RID":"003","BID":"004","State":"West_Bengal","Beat_Ar":19.0431}},
{"type":"Feature","geometry":{"type":"Polygon","coordinates":[[[89.4614293514315,26.5505368542168],[89.4621816692542,26.5506171958896],[89.4629984129121,26.5506944620088],[89.4639536989329,26.5507734176755],[89.4648721719072,26.5508541233544],[89.465336254668,26.5508983933445],[89.4664926294631,26.5511005519429],[89.4676388278426,26.5512865864482],[89.4686920170156,26.5514604497689],[89.4706375465516,26.5517411274632],[89.471118490837,26.5518089263783],[89.4711324129495,26.5518108557625],[89.4711396834108,26.5518118705336],[89.4711551705241,26.5518140494548],[89.471169054778,26.5518159482187],[89.4711821064211,26.5518177894528],[89.4712024966137,26.5518205773551],[89.4712229984784,26.5518234247729],[89.4712441551054,26.5518263706302],[89.4712613850727,26.5518287581649],[89.4712823959869,26.5518316785484],[89.471315328784,26.5518362346872],[89.4713234025677,26.5518373833571],[89.4713246489992,26.5518374657145],[89.4713251422983,26.5518375009357],[89.4713261989106,26.5518375741155],[89.4713276581082,26.5518376726612],[89.4713295584474,26.5518378008117],[89.4713307597009,26.5518378812726],[89.4716914304436,26.5518646820993],[89.4722888494943,26.5519004913508],[89.4726782104515,26.5519296307622],[89.4729886079705,26.5519500884829],[89.4739523802778,26.5520161277034],[89.4743134769954,26.5520403872854],[89.4743780575589,26.5520448257077],[89.474586877327,26.552059495903],[89.4748338873251,26.5520761680181],[89.4748964431797,26.552080508378],[89.4749208928547,26.5520842692046],[89.4750018057376,26.5520966495165],[89.4750407321707,26.5521025722732],[89.4750782809906,26.5521083662682],[89.475123758909,26.5521153379324],[89.4751466038157,26.5521187862752],[89.4752233743454,26.5521306185522],[89.4752873333589,26.5521404038825],[89.4753048720597,26.5521431328999],[89.4753641077333,26.5521523007565],[89.4754347544213,26.5521629987416],[89.475512982163,26.5521750855234],[89.4755850936721,26.5521861674197],[89.475663752862,26.5521982335203],[89.4764375250627,26.5523142520109],[89.4774712641405,26.5523146727958],[89.4814453203496,26.553029534055],[89.4834580775975,26.5530412202874],[89.4871611715369,26.5533870635066],[89.4908733140875,26.5540117665434],[89.4906275126045,26.5546885907503],[89.4903333159183,26.5559560693017],[89.4900802523615,26.5579188308695],[89.4902488147828,26.5601436336182],[89.4909934831036,26.5639926814843],[89.4910103651026,26.5653697710725],[89.4905567300541,26.5665950629501],[89.4898055263456,26.5691875800638],[89.4893448209202,26.5707618237034],[89.4888791069084,26.5720955875896],[89.4878401248984,26.574818052341],[89.487741807906,26.5756528045242],[89.4868757208455,26.5775535355103],[89.4864405100112,26.5789356252864],[89.4856869989218,26.5811795771375],[89.4850253296,26.5831037123273],[89.4841795206745,26.5850366429767],[89.4832621803689,26.5873215997001],[89.482432404687,26.589838920305],[89.4822362571777,26.5904251694055],[89.4818529809661,26.5912818213065],[89.4816284296874,26.5917781220903],[89.4811234388029,26.5929186480779],[89.4807584507383,26.5940068299838],[89.4805712510737,26.5945884963643],[89.4803359036081,26.5952928169876],[89.4800966840036,26.5960097721175],[89.4796632926863,26.5974249269383],[89.4791498509135,26.599126111584],[89.4788851016507,26.6005830054518],[89.4787595997104,26.6010372143194],[89.4784863361009,26.6015690323025],[89.4784147856286,26.6036392128202],[89.4784725835193,26.605632659779],[89.4792917389456,26.6089468250145],[89.4799359642801,26.6118003728635],[89.4802498370148,26.61406377952],[89.4808126509786,26.61584707667],[89.4745277859179,26.6163758155893],[89.4732593638242,26.6164757762489],[89.4709790860136,26.6165638254787],[89.4685102785865,26.6166649825526],[89.4648107574711,26.616957570695],[89.4620221572092,26.6172511526579],[89.462062059124,26.6171986727257],[89.4621092195459,26.6171371577628],[89.4621621167833,26.6170677177788],[89.4622174207581,26.6169950505552],[89.4622918961462,26.6168976070186],[89.4623480327457,26.6168243812995],[89.4623833856955,26.6167779540158],[89.4624502028626,26.6166583094119],[89.4624998583641,26.6165706079013],[89.4625512916582,26.6164788012899],[89.4626033985112,26.6163861844194],[89.462652894664,26.616298231043],[89.4626992580033,26.6162158738686],[89.4627474601564,26.6161304461971],[89.4627931497422,26.6160488992172],[89.4628341706823,26.6159762638632],[89.4628887591053,26.615879248837],[89.4629433550729,26.6157823631086],[89.4629973830679,26.6156856341043],[89.463043670734,26.6156044475675],[89.4630897534352,26.6155222332626],[89.4631361162063,26.6154398758986],[89.4631652414219,26.6153881685022],[89.4631737896005,26.6153496325109],[89.4631929428344,26.6152658483496],[89.463212261746,26.6151799812554],[89.4632290942308,26.6151057749853],[89.4632489123232,26.6150185871896],[89.4632575852588,26.6149797210092],[89.4632672866306,26.6149374987389],[89.4632774109404,26.6148926625252],[89.4632876562359,26.6148474314752],[89.4632967150121,26.6148077687615],[89.4633051197648,26.6147704716213],[89.4633165896935,26.614720318853],[89.4633271636109,26.6146733213252],[89.4633375413063,26.614627889417],[89.4643345466372,26.6114927232206],[89.4653488115385,26.610215952324],[89.466962122247,26.6090766122733],[89.4690633738899,26.6068183555078],[89.4694303985272,26.6061534335302],[89.4694988701503,26.6054363500756],[89.4691931798338,26.6046375113615],[89.4687090583635,26.6036313767479],[89.4686641135943,26.6028699003635],[89.4691981204218,26.6016025073143],[89.4685675092571,26.6016829068968],[89.4657539264592,26.6017257780019],[89.4631332061604,26.6017511061974],[89.4618965037693,26.6017602437664],[89.4607960231546,26.6018873841372],[89.4610892544913,26.5996572550643],[89.461258232186,26.5981385614751],[89.4617173019705,26.5962159294882],[89.4617845461021,26.5959471168428],[89.4619747196129,26.59416179789],[89.4620753951468,26.5927376529828],[89.4621087980486,26.5919071999439],[89.4590931234798,26.5917103258717],[89.4561595269181,26.5915927475958],[89.454845370121,26.5915391206692],[89.4538975826418,26.5915925453231],[89.4547510388261,26.589310838123],[89.4563902875544,26.5867343889536],[89.457180199332,26.5844722814866],[89.4575597817066,26.5824538196715],[89.4584580394303,26.579837917894],[89.4591908755675,26.5780184216224],[89.4600306767136,26.5759780102149],[89.4609359609714,26.5730131210276],[89.4614014845887,26.5716711641739],[89.4617108695144,26.5700295296282],[89.4618341068204,26.5693015155014],[89.4618427161157,26.5678817254424],[89.4613578176473,26.56685897914],[89.4602860750056,26.5654325750346],[89.4596647638792,26.56366097854],[89.4595306878692,26.5615424387529],[89.4597418159562,26.5601129883342],[89.4604669078407,26.558634137647],[89.4611744546494,26.5581106801565],[89.4626612905811,26.5577762319981],[89.4635683122331,26.5569662425262],[89.4635093289845,26.5562702403006],[89.462798341987,26.5558022256282],[89.4616373381309,26.5557391734414],[89.4602150942304,26.5555600586343],[89.4595053683957,26.5550351601145],[89.4592524173067,26.5538721814154],[89.4592617313581,26.5518987937486],[89.4589766909057,26.5502636317152],[89.4614293514315,26.5505368542168]]]},"properties":{"id":null,"description":null,"altitudeMode":null,"tessellate":null,"extrude":null,"visibility":null,"drawOrder":null,"icon":null,"AREA":null,"PERIMETER":null,"division":"BuxaTR_WEST","beat":"Poro-East","range":"WestDamanpur","layer":"master","path":"C:/Users/user/OneDrive/Desktop/Buxaroad/master.geojson","fill-opacity":0,"stroke-opacity":1,"stroke":"#ff0000","SID":"028","DID":"014","RID":"005","BID":"001","State":"West_Bengal","Beat_Ar":10.7643}}
]}